city,state,metro,county,zhvi,zhvi_yoy_pct,zori,zori_yoy_pct,annual_rent,rent_to_price_pct,price_to_rent,gross_yield_pct,est_cap_rate_pct,tier,pop_2024,pop_growth_pct,county_pop_2024,county_pop_growth_pct,net_mig_rate_per1k,vacancy_rate_pct,rental_vacancy_pct,renter_pct,zhvi_date,zori_date
Cahokia Heights,IL,"St. Louis, MO-IL",Saint Clair County,49810.69355043419,-6.04,1288.3333333333333,NA,15460,2.586,3.2,31.04,20.17,Strong Buy,NA,NA,NA,NA,NA,NA,NA,NA,2026-08-31,2026-08-31
Sag Harbor,NY,"New York-Newark-Jersey City, NY-NJ-PA",Suffolk County,2338468.0744259744,5.39,54583.27777777778,14.51,654999.3333333334,2.334,3.6,28.01,18.21,Strong Buy,2816,2.33,1535909,0.9,2.22,11.64,3.67,18.09,2026-08-31,2026-08-31
Braddock,PA,"Pittsburgh, PA",Allegheny County,53672.48047707148,-8.01,1000,NA,12000,1.863,4.5,22.36,14.53,Strong Buy,NA,NA,NA,NA,NA,NA,NA,NA,2026-08-31,2026-08-31
Southampton,NY,"New York-Newark-Jersey City, NY-NJ-PA",Suffolk County,2261045.286918443,7.05,41212.69841269841,35.98,494552.38095238095,1.823,4.6,21.87,14.22,Strong Buy,4693,3.28,1535909,0.9,2.22,11.64,3.67,18.09,2026-08-31,2026-08-31
Detroit,MI,"Detroit-Warren-Dearborn, MI",Wayne County,77198.54413888788,-5.7,1340.6550828157349,4.07,16087.860993788818,1.737,4.8,20.84,13.55,Strong Buy,645705,1.15,1771063,-1.04,3.75,12.9,4.58,35.52,2026-08-31,2026-08-31
East Hampton,NY,"New York-Newark-Jersey City, NY-NJ-PA",Suffolk County,2249348.0900304434,2.62,38793.875,8.76,465526.5,1.725,4.8,20.7,13.45,Strong Buy,1556,3.73,1535909,0.9,2.22,11.64,3.67,18.09,2026-08-31,2026-08-31
Jennings,MO,"St. Louis, MO-IL",Saint Louis County,70223.0543499446,0.76,1193.3333333333333,2.28,14320,1.699,4.9,20.39,13.25,Strong Buy,13024,0.95,NA,NA,NA,NA,NA,NA,2026-08-31,2026-08-31
Century Village,FL,"Miami-Fort Lauderdale-Pompano Beach, FL",Palm Beach County,87275.87539826432,-12.88,1450.8650793650795,-0.77,17410.380952380954,1.662,5,19.95,12.97,Strong Buy,NA,NA,1582055,5.87,15.98,16.36,6.94,30.14,2026-08-31,2026-08-31
Castle Point,MO,"St. Louis, MO-IL",Saint Louis County,77977.81572771457,1.83,1287,NA,15444,1.65,5,19.81,12.87,Strong Buy,NA,NA,NA,NA,NA,NA,NA,NA,2026-08-31,2026-08-31
Glasgow Village,MO,"St. Louis, MO-IL",Saint Louis County,82752.39361920532,0.71,1346.851851851852,-0.89,16162.222222222223,1.628,5.1,19.53,12.7,Strong Buy,NA,NA,NA,NA,NA,NA,NA,NA,2026-08-31,2026-08-31
Lauderdale Lakes,FL,"Miami-Fort Lauderdale-Pompano Beach, FL",Broward County,135343.68748823446,-8.73,2065.318181818182,0.78,24783.818181818184,1.526,5.5,18.31,11.9,Strong Buy,37333,3.55,2037472,4.84,14.84,13.18,6.08,36.74,2026-08-31,2026-08-31
Homestead,PA,"Pittsburgh, PA",Allegheny County,76166.32433369789,-5.53,1148.888888888889,NA,13786.666666666668,1.508,5.5,18.1,11.77,Strong Buy,2852,-1.01,1231814,-1.43,2.72,9.6,6.37,35.07,2026-08-31,2026-08-31
Dolton,IL,"Chicago-Naperville-Elgin, IL-IN-WI",Cook County,158802.62183877977,4.19,2360.555555555555,4.09,28326.666666666664,1.486,5.6,17.84,11.59,Strong Buy,20697,-2.99,5182617,-1.6,5.9,8.18,4.67,42.49,2026-08-31,2026-08-31
Gary,IN,"Chicago-Naperville-Elgin, IL-IN-WI",Lake County,92351.90993688029,-1.35,1362.872807017544,5.47,16354.473684210527,1.476,5.6,17.71,11.51,Strong Buy,67555,-2.1,502955,0.8,4.19,10.57,4.92,29.14,2026-08-31,2026-08-31
Jackson,MS,"Jackson, MS",Hinds County,86366.81495120742,1.1,1265.1333333333334,4.04,15181.600000000002,1.465,5.7,17.58,11.43,Strong Buy,141449,-7.55,211975,-6.53,-12.73,15.54,7.94,42.12,2026-08-31,2026-08-31
Flint,MI,"Flint, MI",Genesee County,65250.332081062166,0.08,953.984935897436,7.79,11447.819230769232,1.462,5.7,17.54,11.4,Strong Buy,79735,-1.69,402279,-0.87,3.33,9.45,3.6,29.16,2026-08-31,2026-08-31
Tarrant,AL,"Birmingham-Hoover, AL",Jefferson County,75349.01181719628,2.46,1094.361111111111,NA,13132.333333333332,1.452,5.7,17.43,11.33,Strong Buy,NA,NA,NA,NA,NA,NA,NA,NA,2026-08-31,2026-08-31
Moline Acres,MO,"St. Louis, MO-IL",Saint Louis County,94633.28364271832,-2.37,1375,NA,16500,1.453,5.7,17.44,11.33,Strong Buy,NA,NA,NA,NA,NA,NA,NA,NA,2026-08-31,2026-08-31
Pine Bluff,AR,"Pine Bluff, AR",Jefferson County,73250.51641936292,-2.09,1058.1666666666667,NA,12698,1.445,5.8,17.34,11.27,Strong Buy,NA,NA,NA,NA,NA,NA,NA,NA,2026-08-31,2026-08-31
Youngstown,OH,"Youngstown-Warren-Boardman, OH-PA",Mahoning County,73589.17372228997,7.35,1058.962962962963,8.42,12707.555555555557,1.439,5.8,17.27,11.22,Strong Buy,59123,-1.28,225786,-0.98,2.29,9.15,4.52,29.72,2026-08-31,2026-08-31
Bellefontaine Neighbors,MO,"St. Louis, MO-IL",Saint Louis County,102478.58142906276,-3.79,1434.3055555555557,5.16,17211.666666666668,1.4,6,16.8,10.92,Strong Buy,10401,-2.76,NA,NA,NA,NA,NA,NA,2026-08-31,2026-08-31
Berkeley,MO,"St. Louis, MO-IL",Saint Louis County,94717.28055945324,4.18,1293.888888888889,8.55,15526.666666666668,1.366,6.1,16.39,10.66,Strong Buy,8058,-1.99,NA,NA,NA,NA,NA,NA,2026-08-31,2026-08-31
Midfield,AL,"Birmingham-Hoover, AL",Jefferson County,79725.5213060056,1.48,1020.6666666666666,NA,12248,1.28,6.5,15.36,9.99,Strong Buy,4930,-4.92,664744,-1.48,0.68,13.13,7.2,36.28,2026-08-31,2026-08-31
Coffeyville,KS,"Coffeyville, KS",Montgomery County,67576.51272325117,6.29,850,NA,10200,1.258,6.6,15.09,9.81,Strong Buy,NA,NA,NA,NA,NA,NA,NA,NA,2026-08-31,2026-08-31
Fairfield,AL,"Birmingham-Hoover, AL",Jefferson County,94107.96660552552,-3.01,1164.8333333333337,NA,13978.000000000004,1.238,6.7,14.85,9.65,Strong Buy,NA,NA,NA,NA,NA,NA,NA,NA,2026-08-31,2026-08-31
Sweetwater,TX,"Sweetwater, TX",Nolan County,123953.3499899088,5.64,1525,NA,18300,1.23,6.8,14.76,9.6,Strong Buy,NA,NA,NA,NA,NA,NA,NA,NA,2026-08-31,2026-08-31
Ojus,FL,"Miami-Fort Lauderdale-Pompano Beach, FL",Miami-Dade County,213792.72515161187,-6.35,2620.379239766082,-1.15,31444.55087719298,1.226,6.8,14.71,9.56,Strong Buy,NA,NA,2838461,5.29,19.88,11.11,5.36,47.81,2026-08-31,2026-08-31
Arnold,PA,"Pittsburgh, PA",Westmoreland County,85446.86277413608,-17.67,1047.5,NA,12570,1.226,6.8,14.71,9.56,Strong Buy,NA,NA,NA,NA,NA,NA,NA,NA,2026-08-31,2026-08-31
Camden,NJ,"Philadelphia-Camden-Wilmington, PA-NJ-DE-MD",Camden County,152107.18979668836,-4.46,1822.647619047619,0.39,21871.77142857143,1.198,7,14.38,9.35,Strong Buy,71749,0.01,533988,2.07,5.74,5.92,4.3,34.97,2026-08-31,2026-08-31
East Cleveland,OH,"Cleveland-Elyria, OH",Cuyahoga County,74107.32779508414,-6.31,883.1666666666666,4.91,10598,1.192,7,14.3,9.3,Strong Buy,13402,-2.55,1240594,-1.75,1.72,9.97,5.22,40.95,2026-08-31,2026-08-31
Turtle Creek,PA,"Pittsburgh, PA",Allegheny County,94621.46459699352,-10.39,1124.8333333333333,NA,13498,1.189,7,14.27,9.27,Strong Buy,NA,NA,NA,NA,NA,NA,NA,NA,2026-08-31,2026-08-31
Ferguson,MO,"St. Louis, MO-IL",Saint Louis County,115594.12814986928,-1.26,1366.9444444444443,7.85,16403.333333333332,1.183,7,14.19,9.22,Strong Buy,18043,-2.38,NA,NA,NA,NA,NA,NA,2026-08-31,2026-08-31
Sharon,PA,"Youngstown-Warren-Boardman, OH-PA",Mercer County,77222.46954902337,-5.99,905.8333333333334,NA,10870,1.173,7.1,14.08,9.15,Strong Buy,NA,NA,NA,NA,NA,NA,NA,NA,2026-08-31,2026-08-31
Meridian,MS,"Meridian, MS",Lauderdale County,115678.71514821226,1.35,1345.5833333333333,NA,16147,1.163,7.2,13.96,9.07,Strong Buy,33549,-3.79,70588,-2.87,-4.45,14.91,7.9,36.77,2026-08-31,2026-08-31
Cleveland,OH,"Cleveland-Elyria, OH",Cuyahoga County,120418.79289306812,-1.43,1390.7007034494447,4.58,16688.408441393338,1.155,7.2,13.86,9.01,Strong Buy,365379,-1.74,1240594,-1.75,1.72,9.97,5.22,40.95,2026-08-31,2026-08-31
Inkster,MI,"Detroit-Warren-Dearborn, MI",Wayne County,108210.75917131706,3.72,1236.4920634920634,-0.42,14837.90476190476,1.143,7.3,13.71,8.91,Strong Buy,25108,-3.36,1771063,-1.04,3.75,12.9,4.58,35.52,2026-08-31,2026-08-31
Miromar Lakes,FL,"Cape Coral-Fort Myers, FL",Lee County,1163804.5784553755,-2.04,13250,NA,159000,1.139,7.3,13.66,8.88,Strong Buy,NA,NA,NA,NA,NA,NA,NA,NA,2026-08-31,2026-08-31
Maple Heights,OH,"Cleveland-Elyria, OH",Cuyahoga County,137976.44569887852,3.42,1560.6111111111113,13.4,18727.333333333336,1.131,7.4,13.57,8.82,Strong Buy,23081,-2.34,1240594,-1.75,1.72,9.97,5.22,40.95,2026-08-31,2026-08-31
Moraine,OH,"Dayton-Kettering, OH",Montgomery County,163010.90098630317,1.83,1837.5,NA,22050,1.127,7.4,13.53,8.79,Strong Buy,NA,NA,NA,NA,NA,NA,NA,NA,2026-08-31,2026-08-31
Park Forest,IL,"Chicago-Naperville-Elgin, IL-IN-WI",Cook County,161174.0577328121,5.04,1796.0833333333333,NA,21553,1.114,7.5,13.37,8.69,Strong Buy,21016,-2.78,5182617,-1.6,5.9,8.18,4.67,42.49,2026-08-31,2026-08-31
South Palm Beach,FL,"Miami-Fort Lauderdale-Pompano Beach, FL",Palm Beach County,381274.654906468,1.23,4194.444444444444,NA,50333.33333333333,1.1,7.6,13.2,8.58,Strong Buy,NA,NA,NA,NA,NA,NA,NA,NA,2026-08-31,2026-08-31
Riverdale,IL,"Chicago-Naperville-Elgin, IL-IN-WI",Cook County,121430.46860919269,6.11,1304.404761904762,NA,15652.857142857143,1.074,7.8,12.89,8.38,Strong Buy,NA,NA,NA,NA,NA,NA,NA,NA,2026-08-31,2026-08-31
Kingsville,TX,"Kingsville, TX",Kleberg County,146008.5270169693,-0.52,1542.1666666666667,8.23,18506,1.056,7.9,12.67,8.24,Strong Buy,24884,-1.73,30442,-1.76,-1.18,15.66,6.03,46.07,2026-08-31,2026-08-31
Danville,IL,"Danville, IL",Vermilion County,83489.78352021174,1.88,867.8339947089947,0.87,10414.007936507936,1.039,8,12.47,8.11,Strong Buy,27981,-3.93,71106,-3.92,-1.21,12.23,9.41,30.76,2026-08-31,2026-08-31
Bessemer,AL,"Birmingham-Hoover, AL",Jefferson County,134199.64445007255,1.8,1364.277777777778,3.63,16371.333333333336,1.017,8.2,12.2,7.93,Strong Buy,25079,-3.61,664744,-1.48,0.68,13.13,7.2,36.28,2026-08-31,2026-08-31
Port Arthur,TX,"Beaumont-Port Arthur, TX",Jefferson County,127534.21668516276,2.76,1288.095238095238,5.53,15457.142857142857,1.01,8.3,12.12,7.88,Strong Buy,55799,-0.38,253948,-0.87,-0.33,14.36,5.93,38.16,2026-08-31,2026-08-31
Garfield Heights,OH,"Cleveland-Elyria, OH",Cuyahoga County,141303.6892628699,3.24,1417.2659932659933,4.11,17007.19191919192,1.003,8.3,12.04,7.82,Strong Buy,29014,-2.41,1240594,-1.75,1.72,9.97,5.22,40.95,2026-08-31,2026-08-31
McKeesport,PA,"Pittsburgh, PA",Allegheny County,97113.67822398494,-4.54,967.579365079365,4.88,11610.95238095238,0.996,8.4,11.96,7.77,Strong Buy,17119,-3.32,1231814,-1.43,2.72,9.6,6.37,35.07,2026-08-31,2026-08-31
Westlake,LA,"Lake Charles, LA",Calcasieu Parish,186790.51070192436,2.48,1860.3333333333333,NA,22324,0.996,8.4,11.95,7.77,Strong Buy,4735,-4.42,206861,-4.45,9.82,18.49,13.5,27.76,2026-08-31,2026-08-31
Decatur,IL,"Decatur, IL",Macon County,107246.18602723058,4.89,1066.736111111111,2.45,12800.833333333332,0.995,8.4,11.94,7.76,Strong Buy,68763,-3.12,100737,-2.92,1.03,12.81,13.01,30.15,2026-08-31,2026-08-31
Calumet City,IL,"Chicago-Naperville-Elgin, IL-IN-WI",Cook County,158534.38147788495,-2.29,1571.5277777777776,1.36,18858.333333333332,0.991,8.4,11.9,7.73,Strong Buy,34855,-2.92,5182617,-1.6,5.9,8.18,4.67,42.49,2026-08-31,2026-08-31
Woodward,OK,"Woodward, OK",Woodward County,132433.95932335895,2.18,1304.1666666666667,NA,15650,0.985,8.5,11.82,7.68,Strong Buy,NA,NA,NA,NA,NA,NA,NA,NA,2026-08-31,2026-08-31
Alton,IL,"St. Louis, MO-IL",Madison County,104933.93679886933,4.93,1019.1666666666666,0.64,12230,0.971,8.6,11.65,7.58,Strong Buy,24967,-2.61,263017,-1.03,1.59,8.04,3.83,26.39,2026-08-31,2026-08-31
Saint Clair,PA,"Pottsville, PA",Schuylkill County,103083.53697309468,1.82,1000,NA,12000,0.97,8.6,11.64,7.57,Strong Buy,NA,NA,NA,NA,NA,NA,NA,NA,2026-08-31,2026-08-31
Sharpsburg,PA,"Pittsburgh, PA",Allegheny County,140946.41284897993,-9.81,1366.6666666666667,NA,16400,0.97,8.6,11.64,7.56,Strong Buy,NA,NA,NA,NA,NA,NA,NA,NA,2026-08-31,2026-08-31
Baltimore,MD,"Baltimore-Columbia-Towson, MD",Baltimore City,186741.2616334348,-3.4,1801.6987984606544,3.7,21620.38558152785,0.965,8.6,11.58,7.53,Strong Buy,568271,-2.56,NA,NA,NA,NA,NA,NA,2026-08-31,2026-08-31
Birmingham,AL,"Birmingham-Hoover, AL",Jefferson County,136876.42588668747,-2.35,1322.00710000668,1.47,15864.08520008016,0.966,8.6,11.59,7.53,Strong Buy,196357,-1.95,664744,-1.48,0.68,13.13,7.2,36.28,2026-08-31,2026-08-31
Saint John,MO,"St. Louis, MO-IL",Saint Louis County,138267.85381854765,4.64,1325,NA,15900,0.958,8.7,11.5,7.47,Strong Buy,NA,NA,NA,NA,NA,NA,NA,NA,2026-08-31,2026-08-31
Dayton,KY,"Cincinnati, OH-KY-IN",Campbell County,203687.84543671084,-0.67,1950.5833333333333,4.81,23407,0.958,8.7,11.49,7.47,Strong Buy,5854,3.39,94008,0.94,0.59,6.11,5.78,28.97,2026-08-31,2026-08-31
Trotwood,OH,"Dayton-Kettering, OH",Montgomery County,139652.42655659383,7.89,1328.1646825396826,NA,15937.97619047619,0.951,8.8,11.41,7.42,Strong Buy,23073,-0.03,537443,0.06,5.01,8.84,4.22,37.67,2026-08-31,2026-08-31
Hazel Park,MI,"Detroit-Warren-Dearborn, MI",Oakland County,158535.2730177656,-3.72,1504.1944444444443,3.33,18050.333333333332,0.949,8.8,11.39,7.4,Strong Buy,15064,0.78,1296888,1.91,10.58,5.25,6.51,27.73,2026-08-31,2026-08-31
Ozark,AL,"Ozark, AL",Dale County,150325.2817562739,2.3,1425,NA,17100,0.948,8.8,11.38,7.39,Strong Buy,NA,NA,NA,NA,NA,NA,NA,NA,2026-08-31,2026-08-31
Pontiac,MI,"Detroit-Warren-Dearborn, MI",Oakland County,139884.8148338997,1.47,1318.8461538461538,-0.52,15826.153846153846,0.943,8.8,11.31,7.35,Strong Buy,62528,1.11,1296888,1.91,10.58,5.25,6.51,27.73,2026-08-31,2026-08-31
Hadley,MA,"Springfield, MA",Hampshire County,530786.8136420539,1.84,4995,NA,59940,0.941,8.9,11.29,7.34,Strong Buy,NA,NA,NA,NA,NA,NA,NA,NA,2026-08-31,2026-08-31
South Boston,VA,NA,Halifax County,152828.9569859903,7.03,1430,NA,17160,0.936,8.9,11.23,7.3,Strong Buy,NA,NA,NA,NA,NA,NA,NA,NA,2026-08-31,2026-08-31
West Mifflin,PA,"Pittsburgh, PA",Allegheny County,163032.5458803603,0.33,1524.75,NA,18297,0.935,8.9,11.22,7.29,Strong Buy,NA,NA,NA,NA,NA,NA,NA,NA,2026-08-31,2026-08-31
Altus,OK,"Altus, OK",Jackson County,108969.05843914872,1.9,1018.75,NA,12225,0.935,8.9,11.22,7.29,Strong Buy,NA,NA,NA,NA,NA,NA,NA,NA,2026-08-31,2026-08-31
South Euclid,OH,"Cleveland-Elyria, OH",Cuyahoga County,186372.16404403164,-0.36,1722.388888888889,5.67,20668.666666666668,0.924,9,11.09,7.21,Strong Buy,21363,-2.21,1240594,-1.75,1.72,9.97,5.22,40.95,2026-08-31,2026-08-31
Johnstown,PA,"Johnstown, PA",Cambria County,97461.90337616048,3.85,899.5667989417989,2.29,10794.801587301587,0.923,9,11.08,7.2,Strong Buy,17853,-2.8,130108,-2.32,1.2,13.65,4.75,24.19,2026-08-31,2026-08-31
Eastpointe,MI,"Detroit-Warren-Dearborn, MI",Macomb County,154389.03423906313,1.59,1425.611111111111,1.28,17107.333333333332,0.923,9,11.08,7.2,Strong Buy,33943,-0.92,886175,0.67,8.17,4.12,3.23,25.04,2026-08-31,2026-08-31
Clarksburg,WV,"Clarksburg, WV",Harrison County,112462.87576922053,-1.11,1037.5,NA,12450,0.923,9,11.07,7.2,Strong Buy,15262,-4.09,64472,-2.08,4.08,14.79,16.18,26.36,2026-08-31,2026-08-31
Matteson,IL,"Chicago-Naperville-Elgin, IL-IN-WI",Cook County,275871.25526925176,4.57,2546.041666666667,NA,30552.500000000004,0.923,9,11.07,7.2,Strong Buy,NA,NA,NA,NA,NA,NA,NA,NA,2026-08-31,2026-08-31
Trinity,TX,"Huntsville, TX",Trinity County,168030.60141712692,-5.64,1550,NA,18600,0.922,9,11.07,7.2,Strong Buy,NA,NA,NA,NA,NA,NA,NA,NA,2026-08-31,2026-08-31
Albertville,MN,"Minneapolis-St. Paul-Bloomington, MN-WI",Wright County,381883.843999295,0.05,3520.5,NA,42246,0.922,9,11.06,7.19,Strong Buy,NA,NA,NA,NA,NA,NA,NA,NA,2026-08-31,2026-08-31
Peoria,IL,"Peoria, IL",Peoria County,138052.32853856016,5.58,1266.2425074925077,4.18,15194.910089910092,0.917,9.1,11.01,7.15,Strong Buy,111696,-1.1,179630,-1.04,4.71,9.32,7.26,33.01,2026-08-31,2026-08-31
Sikeston,MO,"Sikeston, MO",Scott County,163647.61512302456,1.54,1500,NA,18000,0.917,9.1,11,7.15,Strong Buy,NA,NA,NA,NA,NA,NA,NA,NA,2026-08-31,2026-08-31
Harper Woods,MI,"Detroit-Warren-Dearborn, MI",Wayne County,154745.46704811105,0.15,1417.1666666666667,4.38,17006,0.916,9.1,10.99,7.14,Strong Buy,14936,-3.23,1771063,-1.04,3.75,12.9,4.58,35.52,2026-08-31,2026-08-31
Richton Park,IL,"Chicago-Naperville-Elgin, IL-IN-WI",Cook County,229978.32929049621,7.29,2105.4444444444443,NA,25265.333333333332,0.915,9.1,10.99,7.14,Strong Buy,NA,NA,NA,NA,NA,NA,NA,NA,2026-08-31,2026-08-31
Munhall,PA,"Pittsburgh, PA",Allegheny County,151048.1922400503,1.92,1369,6.5,16428,0.906,9.2,10.88,7.07,Strong Buy,10371,-3.65,1231814,-1.43,2.72,9.6,6.37,35.07,2026-08-31,2026-08-31
Lincoln Park,MI,"Detroit-Warren-Dearborn, MI",Wayne County,154774.24559991446,1.61,1398.888888888889,2.52,16786.666666666668,0.904,9.2,10.85,7.05,Strong Buy,38774,-3.32,1771063,-1.04,3.75,12.9,4.58,35.52,2026-08-31,2026-08-31
Manchester,GA,"Atlanta-Sandy Springs-Alpharetta, GA",Meriwether County,132170.26925569004,-2.96,1195,NA,14340,0.904,9.2,10.85,7.05,Strong Buy,NA,NA,NA,NA,NA,NA,NA,NA,2026-08-31,2026-08-31
Breckenridge Hills,MO,"St. Louis, MO-IL",Saint Louis County,124729.64730672502,6.86,1125,NA,13500,0.902,9.2,10.82,7.04,Strong Buy,NA,NA,NA,NA,NA,NA,NA,NA,2026-08-31,2026-08-31
Lauderhill,FL,"Miami-Fort Lauderdale-Pompano Beach, FL",Broward County,208706.51597705577,-5.39,1877.5169571128415,-3.04,22530.203485354097,0.9,9.3,10.8,7.02,Strong Buy,76627,3.08,2037472,4.84,14.84,13.18,6.08,36.74,2026-08-31,2026-08-31
Abilene,TX,"Abilene, TX",Taylor County,224584.85560347105,9.21,2016.4689778774684,34.41,24197.627734529622,0.898,9.3,10.77,7,Strong Buy,130501,4.21,148813,3.71,6.63,11.68,3.05,40.24,2026-08-31,2026-08-31
East Alton,IL,"St. Louis, MO-IL",Madison County,100420.63602986131,1.32,900,NA,10800,0.896,9.3,10.75,6.99,Strong Buy,NA,NA,NA,NA,NA,NA,NA,NA,2026-08-31,2026-08-31
Dayton,OH,"Dayton-Kettering, OH",Montgomery County,140624.681158336,1.07,1250.513356899712,3.53,15006.160282796545,0.889,9.4,10.67,6.94,Strong Buy,136346,-0.88,537443,0.06,5.01,8.84,4.22,37.67,2026-08-31,2026-08-31
Deerfield Beach,FL,"Miami-Fort Lauderdale-Pompano Beach, FL",Broward County,272562.8309586073,-3.03,2426.363247863248,1.27,29116.358974358976,0.89,9.4,10.68,6.94,Strong Buy,90507,4.3,2037472,4.84,14.84,13.18,6.08,36.74,2026-08-31,2026-08-31
Arkansas City,KS,"Winfield, KS",Cowley County,100300.17397857278,4.81,890,NA,10680,0.887,9.4,10.65,6.92,Strong Buy,NA,NA,NA,NA,NA,NA,NA,NA,2026-08-31,2026-08-31
Binghamton,NY,"Binghamton, NY",Broome County,192214.5033321673,4.99,1700.9754797441365,6.73,20411.705756929638,0.885,9.4,10.62,6.9,Strong Buy,46773,-2.11,196397,-0.9,3.49,11.96,7.64,35.43,2026-08-31,2026-08-31
Spanish Lake,MO,"St. Louis, MO-IL",Saint Louis County,149258.05736863604,3.02,1315.2222222222224,2.81,15782.666666666668,0.881,9.5,10.57,6.87,Strong Buy,NA,NA,NA,NA,NA,NA,NA,NA,2026-08-31,2026-08-31
Montgomery,AL,"Montgomery, AL",Montgomery County,152836.8680486777,2.06,1337.587025482658,2.57,16051.044305791896,0.875,9.5,10.5,6.83,Strong Buy,195818,-2.11,225894,-1.08,-2.72,14.19,7.21,42.3,2026-08-31,2026-08-31
Hallandale,FL,"Miami-Fort Lauderdale-Pompano Beach, FL",Broward County,276722.6016309856,-3.85,2419.0648423005564,2.03,29028.778107606675,0.874,9.5,10.49,6.82,Strong Buy,NA,NA,2037472,4.84,14.84,13.18,6.08,36.74,2026-08-31,2026-08-31
Redford,MI,"Detroit-Warren-Dearborn, MI",Wayne County,177533.27208296463,1.58,1548.013888888889,2.46,18576.166666666668,0.872,9.6,10.46,6.8,Strong Buy,NA,NA,1771063,-1.04,3.75,12.9,4.58,35.52,2026-08-31,2026-08-31
New Whiteland,IN,"Indianapolis-Carmel-Anderson, IN",Johnson County,229868.34079726264,1.17,1999.5,NA,23994,0.87,9.6,10.44,6.78,Strong Buy,NA,NA,NA,NA,NA,NA,NA,NA,2026-08-31,2026-08-31
Channelview,TX,"Houston-The Woodlands-Sugar Land, TX",Harris County,212811.48637312697,0.07,1838.611111111111,6.09,22063.333333333332,0.864,9.6,10.37,6.74,Strong Buy,NA,NA,5009302,5.78,13.97,8.3,8.76,45.24,2026-08-31,2026-08-31
Bonanza,GA,"Atlanta-Sandy Springs-Alpharetta, GA",Clayton County,223752.43157094665,-2.89,1925.8333333333337,NA,23110.000000000004,0.861,9.7,10.33,6.71,Strong Buy,NA,NA,NA,NA,NA,NA,NA,NA,2026-08-31,2026-08-31
Lemay,MO,"St. Louis, MO-IL",Saint Louis County,171035.90806692935,3.87,1468.25,NA,17619,0.858,9.7,10.3,6.7,Strong Buy,NA,NA,NA,NA,NA,NA,NA,NA,2026-08-31,2026-08-31
Coconut Creek,FL,"Miami-Fort Lauderdale-Pompano Beach, FL",Broward County,278814.8621204623,-6.38,2391.985680985681,2.34,28703.828171828172,0.858,9.7,10.29,6.69,Strong Buy,59721,3.45,2037472,4.84,14.84,13.18,6.08,36.74,2026-08-31,2026-08-31
South Pasadena,FL,"Tampa-St. Petersburg-Clearwater, FL",Pinellas County,292966.4776241088,-6.22,2513.472222222222,NA,30161.666666666664,0.858,9.7,10.3,6.69,Strong Buy,5280,-1.27,965870,0.63,3.8,18.32,8.78,30.56,2026-08-31,2026-08-31
Hypoluxo,FL,"Miami-Fort Lauderdale-Pompano Beach, FL",Palm Beach County,298395.58931806317,-5.28,2559.722222222222,4.49,30716.666666666664,0.858,9.7,10.29,6.69,Strong Buy,2941,9.21,1582055,5.87,15.98,16.36,6.94,30.14,2026-08-31,2026-08-31
Elmira,NY,"Elmira, NY",Chemung County,132196.80307648136,5.01,1130.5833333333333,NA,13567,0.855,9.7,10.26,6.67,Strong Buy,26255,-0.22,81115,-3.06,1.55,10.8,7.19,30.16,2026-08-31,2026-08-31
Kirby,TX,"San Antonio-New Braunfels, TX",Bexar County,171929.42915192363,-1.35,1468.75,NA,17625,0.854,9.8,10.25,6.66,Strong Buy,NA,NA,NA,NA,NA,NA,NA,NA,2026-08-31,2026-08-31
Granite City,IL,"St. Louis, MO-IL",Madison County,117207.91898584348,3,999.1666666666666,NA,11990,0.852,9.8,10.23,6.65,Strong Buy,26854,-2.41,263017,-1.03,1.59,8.04,3.83,26.39,2026-08-31,2026-08-31
Westwego,LA,"New Orleans-Metairie, LA",Jefferson Parish,184596.79916741923,0.97,1572.2222222222224,2.49,18866.666666666668,0.852,9.8,10.22,6.64,Strong Buy,NA,NA,NA,NA,NA,NA,NA,NA,2026-08-31,2026-08-31
Lyndhurst,OH,"Cleveland-Elyria, OH",Cuyahoga County,239062.38219164856,1.68,2035.2777777777776,NA,24423.333333333332,0.851,9.8,10.22,6.64,Strong Buy,NA,NA,NA,NA,NA,NA,NA,NA,2026-08-31,2026-08-31
Taylor,MI,"Detroit-Warren-Dearborn, MI",Wayne County,180018.12460294436,1.63,1528.170634920635,0.67,18338.04761904762,0.849,9.8,10.19,6.62,Strong Buy,61544,-2.57,1771063,-1.04,3.75,12.9,4.58,35.52,2026-08-31,2026-08-31
Forest Hill,TX,"Dallas-Fort Worth-Arlington, TX",Tarrant County,226797.25613302647,-0.09,1923.75,NA,23085,0.848,9.8,10.18,6.62,Strong Buy,NA,NA,NA,NA,NA,NA,NA,NA,2026-08-31,2026-08-31
Memphis,TN,"Memphis, TN-MS-AR",Shelby County,145335.251923828,-2.76,1232.0739875179477,1.26,14784.887850215371,0.848,9.8,10.17,6.61,Strong Buy,610919,-2.78,910530,-2.07,-7.65,10.56,7.81,45.42,2026-08-31,2026-08-31
Del City,OK,"Oklahoma City, OK",Oklahoma County,140810.52491878733,0.63,1192.5802197802195,3.55,14310.962637362634,0.847,9.8,10.16,6.61,Strong Buy,21272,-2.44,816490,2.28,2.8,9.49,7.85,41.39,2026-08-31,2026-08-31
Hazelwood,MO,"St. Louis, MO-IL",Saint Louis County,163445.18233124434,2.93,1386.0555555555554,0.94,16632.666666666664,0.848,9.8,10.18,6.61,Strong Buy,24951,-1.82,NA,NA,NA,NA,NA,NA,2026-08-31,2026-08-31
Toledo,OH,"Toledo, OH",Lucas County,133536.07155836813,5.77,1128.023828023828,5.74,13536.285936285934,0.845,9.9,10.14,6.59,Strong Buy,265638,-1.72,426291,-1.06,-0.51,9.27,4.76,38.34,2026-08-31,2026-08-31
Lansing,IL,"Chicago-Naperville-Elgin, IL-IN-WI",Cook County,203286.1945780992,1.48,1716.711111111111,NA,20600.533333333333,0.844,9.9,10.13,6.59,Strong Buy,NA,NA,NA,NA,NA,NA,NA,NA,2026-08-31,2026-08-31
Enid,OK,"Enid, OK",Garfield County,136864.9213461942,3.12,1150.428571428571,2.51,13805.142857142853,0.841,9.9,10.09,6.56,Strong Buy,50519,-1.25,62007,-1.11,-2.24,13.94,8.95,35.42,2026-08-31,2026-08-31
Big Spring,TX,"Big Spring, TX",Howard County,146601.9966883308,4.36,1233.261111111111,2.45,14799.133333333331,0.841,9.9,10.09,6.56,Strong Buy,NA,NA,NA,NA,NA,NA,NA,NA,2026-08-31,2026-08-31
Florissant,MO,"St. Louis, MO-IL",Saint Louis County,194822.5396995962,1.85,1635.5417184265011,4.04,19626.500621118015,0.84,9.9,10.07,6.55,Strong Buy,51290,-2.23,NA,NA,NA,NA,NA,NA,2026-08-31,2026-08-31
New Iberia,LA,"Lafayette, LA",Iberia Parish,153259.14317340474,2.37,1281.6388888888887,NA,15379.666666666664,0.836,10,10.04,6.52,Strong Buy,26849,-5.47,67540,-3.6,-2.62,13.92,10.97,32.01,2026-08-31,2026-08-31
Lancaster,TX,"Dallas-Fort Worth-Arlington, TX",Dallas County,270106.3779808349,-2.18,2257.774358974359,5.63,27093.29230769231,0.836,10,10.03,6.52,Strong Buy,40780,-1.17,2656028,1.73,0.15,7.76,8.95,49.22,2026-08-31,2026-08-31
Center Point,AL,"Birmingham-Hoover, AL",Jefferson County,156641.95961494328,3.18,1309.3015873015872,5.59,15711.619047619046,0.836,10,10.03,6.52,Strong Buy,15603,-4.41,664744,-1.48,0.68,13.13,7.2,36.28,2026-08-31,2026-08-31
Hammond,IN,"Chicago-Naperville-Elgin, IL-IN-WI",Lake County,179704.36961291332,1.49,1497.9132205513786,5.53,17974.958646616542,0.834,10,10,6.5,Strong Buy,76030,-2.22,502955,0.8,4.19,10.57,4.92,29.14,2026-08-31,2026-08-31
Vestal,NY,"Binghamton, NY",Broome County,262355.8601593391,7.75,2185.8333333333335,NA,26230,0.833,10,10,6.5,Strong Buy,NA,NA,NA,NA,NA,NA,NA,NA,2026-08-31,2026-08-31
Adamsville,AL,"Birmingham-Hoover, AL",Jefferson County,139614.23967227025,3.89,1164.1666666666667,NA,13970,0.834,10,10.01,6.5,Strong Buy,NA,NA,NA,NA,NA,NA,NA,NA,2026-08-31,2026-08-31
Canton,MS,"Jackson, MS",Madison County,226396.65575988204,1.25,1883.0555555555557,NA,22596.666666666668,0.832,10,9.98,6.49,Strong Buy,10777,-1.24,114247,4.57,8.14,7.91,6.1,28.59,2026-08-31,2026-08-31
La Marque,TX,"Houston-The Woodlands-Sugar Land, TX",Galveston County,230927.43039998016,-3.07,1920.0297619047617,3,23040.35714285714,0.831,10,9.98,6.49,Strong Buy,20194,9.39,367407,4.49,11.39,13,8.22,32.51,2026-08-31,2026-08-31
Wood River,IL,"St. Louis, MO-IL",Madison County,135086.7402949151,4.08,1122.2222222222224,NA,13466.666666666668,0.831,10,9.97,6.48,Strong Buy,NA,NA,NA,NA,NA,NA,NA,NA,2026-08-31,2026-08-31
Rex,GA,"Atlanta-Sandy Springs-Alpharetta, GA",Clayton County,233934.21266403896,-3.71,1940.6944444444443,2.62,23288.333333333332,0.83,10,9.96,6.47,Strong Buy,NA,NA,297703,-0.58,-9.79,8.01,9.9,46.81,2026-08-31,2026-08-31
Delray Beach,FL,"Miami-Fort Lauderdale-Pompano Beach, FL",Palm Beach County,343049.1992320597,0.18,2841.0580186097427,3.77,34092.69622331691,0.828,10.1,9.94,6.46,Strong Buy,70140,4.98,1582055,5.87,15.98,16.36,6.94,30.14,2026-08-31,2026-08-31
Mc Leansville,NC,"Greensboro-High Point, NC",Guilford County,290410.8616734401,0.59,2399,NA,28788,0.826,10.1,9.91,6.44,Strong Buy,NA,NA,NA,NA,NA,NA,NA,NA,2026-08-31,2026-08-31
Akron,OH,"Akron, OH",Summit County,141681.3856578233,2.73,1167.208235753318,4.28,14006.498829039814,0.824,10.1,9.89,6.43,Strong Buy,189664,-0.25,538370,-0.27,4.33,7.17,3.55,32.71,2026-08-31,2026-08-31
Kinston,NC,"Kinston, NC",Lenoir County,147059.26450992282,4.71,1212.5,NA,14550,0.824,10.1,9.89,6.43,Strong Buy,NA,NA,NA,NA,NA,NA,NA,NA,2026-08-31,2026-08-31
Overland,MO,"St. Louis, MO-IL",Saint Louis County,153602.5194763155,3.63,1265.9444444444443,NA,15191.333333333332,0.824,10.1,9.89,6.43,Strong Buy,15547,-2.32,NA,NA,NA,NA,NA,NA,2026-08-31,2026-08-31
Haughton,LA,"Shreveport-Bossier City, LA",Bossier Parish,256702.7393305118,1.89,2112.5,NA,25350,0.823,10.1,9.88,6.42,Strong Buy,NA,NA,NA,NA,NA,NA,NA,NA,2026-08-31,2026-08-31
Charleston,WV,"Charleston, WV",Kanawha County,166695.8668830621,2.57,1368.9893162393164,4.25,16427.871794871797,0.821,10.1,9.85,6.41,Strong Buy,46482,-4.43,173906,-3.5,0.74,15.03,9.26,29.83,2026-08-31,2026-08-31
Darlington,SC,"Florence, SC",Darlington County,155797.04370465945,12.54,1274.1666666666663,NA,15289.999999999996,0.818,10.2,9.81,6.38,Strong Buy,NA,NA,NA,NA,NA,NA,NA,NA,2026-08-31,2026-08-31
Bacliff,TX,"Houston-The Woodlands-Sugar Land, TX",Galveston County,214674.70292492677,-0.8,1756.6666666666667,-2.59,21080,0.818,10.2,9.82,6.38,Strong Buy,NA,NA,367407,4.49,11.39,13,8.22,32.51,2026-08-31,2026-08-31
Sault Sainte Marie,MI,"Sault Ste. Marie, MI",Chippewa County,195856.58625634364,5.68,1600,NA,19200,0.817,10.2,9.8,6.37,Strong Buy,NA,NA,NA,NA,NA,NA,NA,NA,2026-08-31,2026-08-31
Saint Ann,MO,"St. Louis, MO-IL",Saint Louis County,159337.7987154895,2.05,1302.1,10.44,15625.199999999999,0.817,10.2,9.81,6.37,Strong Buy,NA,NA,NA,NA,NA,NA,NA,NA,2026-08-31,2026-08-31
Kankakee,IL,"Kankakee, IL",Kankakee County,155307.1520094629,4.05,1265.5555555555557,2.04,15186.666666666668,0.815,10.2,9.78,6.36,Strong Buy,23535,-1.97,106410,-0.92,0.69,9.91,3.26,31.23,2026-08-31,2026-08-31
Chicago Heights,IL,"Chicago-Naperville-Elgin, IL-IN-WI",Cook County,177906.8111890253,2.46,1450,NA,17400,0.815,10.2,9.78,6.36,Strong Buy,NA,NA,NA,NA,NA,NA,NA,NA,2026-08-31,2026-08-31
Garden City,MI,"Detroit-Warren-Dearborn, MI",Wayne County,205720.65581490137,2.48,1676.9444444444443,NA,20123.333333333332,0.815,10.2,9.78,6.36,Strong Buy,26410,-3.21,1771063,-1.04,3.75,12.9,4.58,35.52,2026-08-31,2026-08-31
Monroe,LA,"Monroe, LA",Ouachita Parish,156120.4122890609,2.34,1270.6333333333334,11.55,15247.600000000002,0.814,10.2,9.77,6.35,Strong Buy,46622,-2.1,157874,-1.4,0.32,13.96,9.76,40.5,2026-08-31,2026-08-31
Clairton,PA,"Pittsburgh, PA",Allegheny County,159746.2494263742,-2.79,1300.3333333333333,18.61,15604,0.814,10.2,9.77,6.35,Strong Buy,5945,-3.68,1231814,-1.43,2.72,9.6,6.37,35.07,2026-08-31,2026-08-31
Palm Springs,FL,"Miami-Fort Lauderdale-Pompano Beach, FL",Palm Beach County,269242.3074060811,-0.73,2190.0871212121215,1.1,26281.045454545456,0.813,10.2,9.76,6.34,Strong Buy,28548,6.2,1582055,5.87,15.98,16.36,6.94,30.14,2026-08-31,2026-08-31
La Place,LA,"New Orleans-Metairie, LA",Saint John the Baptist Parish,214497.67326011273,-0.52,1738.888888888889,-0.75,20866.666666666668,0.811,10.3,9.73,6.32,Strong Buy,NA,NA,NA,NA,NA,NA,NA,NA,2026-08-31,2026-08-31
Highland Beach,FL,"Miami-Fort Lauderdale-Pompano Beach, FL",Palm Beach County,915875.5270091122,3.4,7409.722222222223,9.81,88916.66666666667,0.809,10.3,9.71,6.31,Strong Buy,4368,1.75,1582055,5.87,15.98,16.36,6.94,30.14,2026-08-31,2026-08-31
Fountainbleau,FL,"Miami-Fort Lauderdale-Pompano Beach, FL",Miami-Dade County,299141.9502332802,-3.47,2417.9473467708763,-0.03,29015.368161250517,0.808,10.3,9.7,6.3,Strong Buy,NA,NA,2838461,5.29,19.88,11.11,5.36,47.81,2026-08-31,2026-08-31
Clearlake,CA,"Clearlake, CA",Lake County,210415.0813402324,-3.16,1700,NA,20400,0.808,10.3,9.7,6.3,Strong Buy,NA,NA,NA,NA,NA,NA,NA,NA,2026-08-31,2026-08-31
Palmetto,GA,"Atlanta-Sandy Springs-Alpharetta, GA",Fulton County,241235.56166914725,2.52,1947.5,NA,23370,0.807,10.3,9.69,6.3,Strong Buy,NA,NA,NA,NA,NA,NA,NA,NA,2026-08-31,2026-08-31
Irondale,AL,"Birmingham-Hoover, AL",Jefferson County,288291.2556427041,2.6,2324.027777777778,4.46,27888.333333333336,0.806,10.3,9.67,6.29,Strong Buy,13545,0.51,664744,-1.48,0.68,13.13,7.2,36.28,2026-08-31,2026-08-31
Grayson Valley,AL,"Birmingham-Hoover, AL",Jefferson County,174913.92646569866,1.12,1411.5833333333333,NA,16939,0.807,10.3,9.68,6.29,Strong Buy,NA,NA,664744,-1.48,0.68,13.13,7.2,36.28,2026-08-31,2026-08-31
Wilmer,TX,"Dallas-Fort Worth-Arlington, TX",Dallas County,222403.08509711263,-2.24,1793.75,NA,21525,0.807,10.3,9.68,6.29,Strong Buy,NA,NA,NA,NA,NA,NA,NA,NA,2026-08-31,2026-08-31
Melvindale,MI,"Detroit-Warren-Dearborn, MI",Wayne County,143310.17912276022,1.99,1153.8333333333333,10.97,13846,0.805,10.4,9.66,6.28,Strong Buy,12401,-3.19,1771063,-1.04,3.75,12.9,4.58,35.52,2026-08-31,2026-08-31
Sun City Center,FL,"Tampa-St. Petersburg-Clearwater, FL",Hillsborough County,270078.2770703826,-6.02,2169.422459893048,-0.81,26033.069518716577,0.803,10.4,9.64,6.27,Strong Buy,NA,NA,1581426,7.85,12.2,7.8,6.74,38.94,2026-08-31,2026-08-31
Hopkins,SC,"Columbia, SC",Richland County,197186.1077091789,-1.22,1584,NA,19008,0.803,10.4,9.64,6.27,Strong Buy,NA,NA,430651,3.6,10.35,10.74,5.98,39.63,2026-08-31,2026-08-31
Virginia,MN,"Duluth, MN-WI",Saint Louis County,131094.5501716585,2.96,1053.888888888889,NA,12646.666666666668,0.804,10.4,9.65,6.27,Strong Buy,NA,NA,NA,NA,NA,NA,NA,NA,2026-08-31,2026-08-31
Liverpool,NY,"Syracuse, NY",Onondaga County,296583.63145510206,6.94,2379.5833333333335,0.33,28555,0.802,10.4,9.63,6.26,Strong Buy,2257,-1.78,469812,-0.93,1.17,7.9,4.94,34.34,2026-08-31,2026-08-31
Browns Mills,NJ,"Philadelphia-Camden-Wilmington, PA-NJ-DE-MD",Burlington County,335906.91536610684,2.77,2693.75,NA,32325,0.802,10.4,9.62,6.26,Strong Buy,NA,NA,NA,NA,NA,NA,NA,NA,2026-08-31,2026-08-31
Midland,PA,"Pittsburgh, PA",Beaver County,113973.32420573168,-3.37,915,NA,10980,0.803,10.4,9.63,6.26,Strong Buy,NA,NA,NA,NA,NA,NA,NA,NA,2026-08-31,2026-08-31
Willingboro Township,NJ,"Philadelphia-Camden-Wilmington, PA-NJ-DE-MD",Burlington County,359225.7734481208,1.63,2877.777777777778,NA,34533.333333333336,0.801,10.4,9.61,6.25,Strong Buy,NA,NA,NA,NA,NA,NA,NA,NA,2026-08-31,2026-08-31
Mays Landing,NJ,"Atlantic City-Hammonton, NJ",Atlantic County,310434.83455051895,1.53,2487.5,NA,29850,0.801,10.4,9.62,6.25,Strong Buy,NA,NA,279114,1.79,8.62,17.71,4.68,32.16,2026-08-31,2026-08-31
Shreveport,LA,"Shreveport-Bossier City, LA",Caddo Parish,148292.18316619677,3.88,1183.7201081007115,5.93,14204.641297208538,0.798,10.4,9.58,6.23,Strong Buy,176578,-5.47,224893,-5.07,-5.18,15.68,9.02,39.35,2026-08-31,2026-08-31
Pleasantville,NJ,"Atlantic City-Hammonton, NJ",Atlantic County,249388.25126966755,5.33,1992.8472222222224,NA,23914.166666666668,0.799,10.4,9.59,6.23,Strong Buy,20924,1.61,279114,1.79,8.62,17.71,4.68,32.16,2026-08-31,2026-08-31
East Chicago,IN,"Chicago-Naperville-Elgin, IL-IN-WI",Lake County,132057.82555230393,-4.75,1052.6587301587304,5.55,12631.904761904763,0.797,10.5,9.57,6.22,Strong Buy,25768,-2.19,502955,0.8,4.19,10.57,4.92,29.14,2026-08-31,2026-08-31
Anderson,IN,"Indianapolis-Carmel-Anderson, IN",Madison County,135766.98486152125,2.05,1078.707070707071,3.75,12944.484848484852,0.795,10.5,9.53,6.2,Strong Buy,55851,1.88,134222,3.12,12.05,10.55,6.46,30.03,2026-08-31,2026-08-31
Blacklick Estates,OH,"Columbus, OH",Franklin County,211388.32735293152,-1.41,1681.1666666666663,NA,20173.999999999996,0.795,10.5,9.54,6.2,Strong Buy,NA,NA,NA,NA,NA,NA,NA,NA,2026-08-31,2026-08-31
Brownsville,TX,"Brownsville-Harlingen, TX",Cameron County,199327.2449570385,1.55,1582.985681114551,4.7,18995.82817337461,0.794,10.5,9.53,6.19,Strong Buy,191967,2.85,431874,2.44,0.98,14.04,5.55,34.76,2026-08-31,2026-08-31
Brentwood,PA,"Pittsburgh, PA",Allegheny County,173532.60545540453,-4.03,1377.5,9.54,16530,0.794,10.5,9.53,6.19,Strong Buy,9704,-3.68,1231814,-1.43,2.72,9.6,6.37,35.07,2026-08-31,2026-08-31
Saginaw,MI,"Saginaw, MI",Saginaw County,135222.44311075393,5.27,1071.3247863247864,7.81,12855.897435897437,0.792,10.5,9.51,6.18,Strong Buy,43001,-2.52,187714,-1.14,2.57,9.92,13.5,26.48,2026-08-31,2026-08-31
Lima,OH,"Lima, OH",Allen County,152442.3793830898,4.34,1203.6805555555557,3.79,14444.166666666668,0.79,10.6,9.48,6.16,Strong Buy,34690,-2.23,100866,-1.24,0.08,8.43,2.83,31.68,2026-08-31,2026-08-31
Pottsville,PA,"Pottsville, PA",Schuylkill County,153577.14729567562,4.02,1212.5,5.71,14550,0.79,10.6,9.47,6.16,Strong Buy,13404,0.46,144523,1.09,8.84,14.6,4.32,23.74,2026-08-31,2026-08-31
Horizon City,TX,"El Paso, TX",El Paso County,222893.90248971045,0.78,1759.1666666666667,0.93,21110,0.789,10.6,9.47,6.16,Strong Buy,24802,9.49,875784,1.05,-3.46,7.63,7.18,36.32,2026-08-31,2026-08-31
Pembroke Park,FL,"Miami-Fort Lauderdale-Pompano Beach, FL",Broward County,255322.2396051588,-3.05,2015,NA,24180,0.789,10.6,9.47,6.16,Strong Buy,NA,NA,NA,NA,NA,NA,NA,NA,2026-08-31,2026-08-31
Porter Heights,TX,"Houston-The Woodlands-Sugar Land, TX",Montgomery County,235658.29240011575,-5.84,1860,NA,22320,0.789,10.6,9.47,6.16,Strong Buy,NA,NA,NA,NA,NA,NA,NA,NA,2026-08-31,2026-08-31
Chickasha,OK,"Oklahoma City, OK",Grady County,158142.49962169744,5.39,1247.6666666666667,2.79,14972,0.789,10.6,9.47,6.15,Strong Buy,17014,5.92,58353,6.32,15.27,11.97,6.66,24.72,2026-08-31,2026-08-31
Clayton,OH,"Dayton-Kettering, OH",Montgomery County,259982.17931614528,4.19,2045,NA,24540,0.787,10.6,9.44,6.14,Strong Buy,NA,NA,NA,NA,NA,NA,NA,NA,2026-08-31,2026-08-31
Hartford,CT,"Hartford-East Hartford-Middletown, CT",Hartford County,203792.01413731664,1.88,1600.074984074984,2.89,19200.89980889981,0.785,10.6,9.42,6.12,Strong Buy,122129,1.38,NA,NA,NA,NA,NA,NA,2026-08-31,2026-08-31
Union City,GA,"Atlanta-Sandy Springs-Alpharetta, GA",Fulton County,233375.4539911809,-3.98,1827.002923976608,3.58,21924.035087719294,0.783,10.6,9.39,6.11,Strong Buy,28195,4.11,1090354,1.97,1.33,8.52,7.69,45.86,2026-08-31,2026-08-31
San Benito,TX,"Brownsville-Harlingen, TX",Cameron County,166372.158521507,5.1,1300,NA,15600,0.781,10.7,9.38,6.09,Strong Buy,NA,NA,NA,NA,NA,NA,NA,NA,2026-08-31,2026-08-31
West Jefferson,OH,"Columbus, OH",Madison County,268566.8608566534,-0.38,2096.75,NA,25161,0.781,10.7,9.37,6.09,Strong Buy,NA,NA,NA,NA,NA,NA,NA,NA,2026-08-31,2026-08-31
Altoona,PA,"Altoona, PA",Blair County,139938.86167479414,5.54,1090.4444444444443,12.38,13085.333333333332,0.779,10.7,9.35,6.08,Strong Buy,42719,-2.64,120269,-1.95,2.66,9.39,6.47,27.55,2026-08-31,2026-08-31
Blythe,CA,"Riverside-San Bernardino-Ontario, CA",Riverside County,216606.85124874828,-6.02,1687.5,NA,20250,0.779,10.7,9.35,6.08,Strong Buy,NA,NA,NA,NA,NA,NA,NA,NA,2026-08-31,2026-08-31
Seagoville,TX,"Dallas-Fort Worth-Arlington, TX",Dallas County,268724.19957836677,-3.02,2094.0722222222225,3.66,25128.86666666667,0.779,10.7,9.35,6.08,Strong Buy,20124,8.46,2656028,1.73,0.15,7.76,8.95,49.22,2026-08-31,2026-08-31
Pascagoula,MS,"Gulfport-Biloxi, MS",Jackson County,143941.9825294674,-0.49,1119.3063973063977,3.6,13431.676767676772,0.778,10.7,9.33,6.07,Strong Buy,21476,-2.24,147002,2.53,6.19,9.47,10.9,28.03,2026-08-31,2026-08-31
Warren,OH,"Youngstown-Warren-Boardman, OH-PA",Trumbull County,128641.28375235685,7.12,999.85,7.27,11998.2,0.777,10.7,9.33,6.06,Strong Buy,38683,-1.23,200300,-0.69,3.66,8.86,6.18,28.5,2026-08-31,2026-08-31
Burlington,IA,"Burlington, IA-IL",Des Moines County,128671.21240959095,1.26,1000,NA,12000,0.777,10.7,9.33,6.06,Strong Buy,NA,NA,NA,NA,NA,NA,NA,NA,2026-08-31,2026-08-31
Holiday,FL,"Tampa-St. Petersburg-Clearwater, FL",Pasco County,220583.66176059752,-1.96,1708.8745098039217,-1.85,20506.49411764706,0.775,10.8,9.3,6.04,Strong Buy,NA,NA,659114,16.41,37.43,13.3,5.54,24.5,2026-08-31,2026-08-31
Johnson City,NY,"Binghamton, NY",Broome County,169017.53845858408,7.91,1308.3333333333333,13.98,15700,0.774,10.8,9.29,6.04,Strong Buy,14698,-2.84,196397,-0.9,3.49,11.96,7.64,35.43,2026-08-31,2026-08-31
Barberton,OH,"Akron, OH",Summit County,158508.48741517452,3.92,1224.977777777778,NA,14699.733333333337,0.773,10.8,9.27,6.03,Strong Buy,24624,-2.05,538370,-0.27,4.33,7.17,3.55,32.71,2026-08-31,2026-08-31
Freeport,TX,"Houston-The Woodlands-Sugar Land, TX",Brazoria County,163261.55740880233,3.11,1262.5,NA,15150,0.773,10.8,9.28,6.03,Strong Buy,NA,NA,NA,NA,NA,NA,NA,NA,2026-08-31,2026-08-31
Iowa Colony,TX,"Houston-The Woodlands-Sugar Land, TX",Brazoria County,333048.94444189925,-4.47,2575.4083333333333,-0.93,30904.9,0.773,10.8,9.28,6.03,Strong Buy,17240,101.07,413224,10.63,23.74,10.51,11.33,26,2026-08-31,2026-08-31
Euclid,OH,"Cleveland-Elyria, OH",Cuyahoga County,151176.95112475383,2.48,1166.2324346405228,5.91,13994.789215686273,0.771,10.8,9.26,6.02,Strong Buy,48421,-2.35,1240594,-1.75,1.72,9.97,5.22,40.95,2026-08-31,2026-08-31
Clovis,NM,"Clovis, NM",Curry County,164546.11867466607,1.05,1270.7880082880083,5.13,15249.4560994561,0.772,10.8,9.27,6.02,Strong Buy,37555,-2.48,47156,-2.52,-6.6,13.14,5.67,38.74,2026-08-31,2026-08-31
Woodlawn,OH,"Cincinnati, OH-KY-IN",Hamilton County,191171.28035692495,0.36,1475.9833333333331,2.69,17711.799999999996,0.772,10.8,9.26,6.02,Strong Buy,3913,0.13,837359,0.84,4.18,7.42,4.2,41.01,2026-08-31,2026-08-31
Atlantic City,NJ,"Atlantic City-Hammonton, NJ",Atlantic County,223298.14348135353,2.56,1721.7460317460318,-2.49,20660.95238095238,0.771,10.8,9.25,6.01,Strong Buy,38959,1.41,279114,1.79,8.62,17.71,4.68,32.16,2026-08-31,2026-08-31
Corsicana,TX,"Corsicana, TX",Navarro County,179721.44927162677,-0.7,1384.838095238095,3.44,16618.057142857142,0.771,10.8,9.25,6.01,Strong Buy,25591,1.78,56533,6.95,11.92,15.17,1.6,31.97,2026-08-31,2026-08-31
Wichita Falls,TX,"Wichita Falls, TX",Clay County,176929.26020614532,1.6,1361.5428921568628,7.57,16338.514705882353,0.77,10.8,9.23,6,Strong Buy,102372,-0.11,10730,4.63,8.11,17.99,1.56,19.47,2026-08-31,2026-08-31
Carpentersville,IL,"Chicago-Naperville-Elgin, IL-IN-WI",Kane County,295982.07528018014,4.25,2278.3333333333335,NA,27340,0.77,10.8,9.24,6,Strong Buy,NA,NA,NA,NA,NA,NA,NA,NA,2026-08-31,2026-08-31
Bay City,MI,"Bay City, MI",Bay County,128005.28312124417,5.19,984.7222222222222,2.18,11816.666666666666,0.769,10.8,9.23,6,Strong Buy,NA,NA,NA,NA,NA,NA,NA,NA,2026-08-31,2026-08-31
Socorro,TX,"El Paso, TX",El Paso County,211938.02571717868,1.82,1630,NA,19560,0.769,10.8,9.23,6,Strong Buy,38642,11.56,875784,1.05,-3.46,7.63,7.18,36.32,2026-08-31,2026-08-31
West Reading,PA,"Reading, PA",Berks County,247609.84938751967,-0.49,1903.8888888888887,NA,22846.666666666664,0.769,10.8,9.23,6,Strong Buy,NA,NA,NA,NA,NA,NA,NA,NA,2026-08-31,2026-08-31
Willowick,OH,"Cleveland-Elyria, OH",Lake County,201528.75727253535,2.22,1546,NA,18552,0.767,10.9,9.21,5.98,Strong Buy,NA,NA,NA,NA,NA,NA,NA,NA,2026-08-31,2026-08-31
Hueytown,AL,"Birmingham-Hoover, AL",Jefferson County,164375.84383560228,0.73,1259.75,2.89,15117,0.766,10.9,9.2,5.98,Strong Buy,16185,-3.55,664744,-1.48,0.68,13.13,7.2,36.28,2026-08-31,2026-08-31
Fresno,TX,"Houston-The Woodlands-Sugar Land, TX",Fort Bend County,272820.47248335555,-2.03,2085.2380952380954,0.9,25022.857142857145,0.764,10.9,9.17,5.96,Strong Buy,NA,NA,958434,15.57,27.37,4.23,6.33,22.52,2026-08-31,2026-08-31
Machesney Park,IL,"Rockford, IL",Winnebago County,211172.73551856948,10.18,1611.25,NA,19335,0.763,10.9,9.16,5.95,Strong Buy,NA,NA,NA,NA,NA,NA,NA,NA,2026-08-31,2026-08-31
Lawton,OK,"Lawton, OK",Comanche County,146805.46368703083,6.48,1117.7388897745186,3.89,13412.866677294223,0.761,10.9,9.14,5.94,Strong Buy,90027,-0.38,121396,0.21,-7.24,15.06,5.7,45.03,2026-08-31,2026-08-31
Watertown,NY,"Watertown-Fort Drum, NY",Jefferson County,205731.32687345857,4.41,1564.5454545454547,5.75,18774.545454545456,0.76,11,9.13,5.93,Strong Buy,24038,-2.1,113140,-2.53,-9.97,24.34,5.43,45.87,2026-08-31,2026-08-31
Greenbelt,MD,"Washington-Arlington-Alexandria, DC-VA-MD-WV",Prince Georges County,278762.69731212186,-3.5,2118.660539215686,2.84,25423.926470588234,0.76,11,9.12,5.93,Strong Buy,24843,-0.09,NA,NA,NA,NA,NA,NA,2026-08-31,2026-08-31
Livingston,TX,NA,Polk County,193791.72187259153,-3.44,1473.75,NA,17685,0.76,11,9.13,5.93,Strong Buy,5562,-2.93,54258,7.45,6.51,27.66,10.74,22.5,2026-08-31,2026-08-31
Silsbee,TX,"Beaumont-Port Arthur, TX",Hardin County,177712.5989812722,1.86,1350,NA,16200,0.76,11,9.12,5.93,Strong Buy,NA,NA,NA,NA,NA,NA,NA,NA,2026-08-31,2026-08-31
Balch Springs,TX,"Dallas-Fort Worth-Arlington, TX",Dallas County,222235.0887413624,-3.54,1683.5,4.42,20202,0.758,11,9.09,5.91,Strong Buy,27307,-1.17,2656028,1.73,0.15,7.76,8.95,49.22,2026-08-31,2026-08-31
Highland Heights,KY,"Cincinnati, OH-KY-IN",Campbell County,207498.2761136323,-0.83,1572.5,NA,18870,0.758,11,9.09,5.91,Strong Buy,NA,NA,NA,NA,NA,NA,NA,NA,2026-08-31,2026-08-31
Philadelphia,PA,"Philadelphia-Camden-Wilmington, PA-NJ-DE-MD",Philadelphia County,233728.00860005975,0.13,1768.3886485757537,3.71,21220.663782909043,0.757,11,9.08,5.9,Strong Buy,1573916,-1.68,1573916,-1.68,3.81,9.53,5.4,47.68,2026-08-31,2026-08-31
Columbus,MS,"Columbus, MS",Lowndes County,179536.72519147766,2.89,1357.6825396825398,5.77,16292.190476190477,0.756,11,9.07,5.9,Strong Buy,22820,-4.9,57210,-2.68,-3.57,15.59,6.55,37.69,2026-08-31,2026-08-31
Orangeburg,SC,"Orangeburg, SC",Orangeburg County,168170.6397336331,3.64,1271.8333333333333,4.32,15262,0.756,11,9.08,5.9,Strong Buy,13378,1.52,83129,-1,4.43,20.62,6.06,34.09,2026-08-31,2026-08-31
Paris,TX,"Paris, TX",Lamar County,175105.90213906753,0.78,1324,NA,15888,0.756,11,9.07,5.9,Strong Buy,NA,NA,NA,NA,NA,NA,NA,NA,2026-08-31,2026-08-31
Albany,GA,"Albany, GA",Dougherty County,133518.0011388452,2.03,1008.3531746031746,2.55,12100.238095238095,0.755,11,9.06,5.89,Strong Buy,66705,-3.47,82418,-3.22,-2.56,15.63,8.68,53.45,2026-08-31,2026-08-31
Lumberton,NC,"Lumberton, NC",Robeson County,152248.6552358919,2.37,1147.2222222222224,NA,13766.666666666668,0.754,11.1,9.04,5.88,Strong Buy,NA,NA,NA,NA,NA,NA,NA,NA,2026-08-31,2026-08-31
Greenacres,FL,"Miami-Fort Lauderdale-Pompano Beach, FL",Palm Beach County,282470.4261338468,-2.27,2127.868055555555,3.98,25534.416666666664,0.753,11.1,9.04,5.88,Strong Buy,45197,2.76,1582055,5.87,15.98,16.36,6.94,30.14,2026-08-31,2026-08-31
Dania Beach,FL,"Miami-Fort Lauderdale-Pompano Beach, FL",Broward County,335314.04599314224,-2.29,2526.1873071528753,-1.59,30314.247685834503,0.753,11.1,9.04,5.88,Strong Buy,33076,4.24,2037472,4.84,14.84,13.18,6.08,36.74,2026-08-31,2026-08-31
Marshall,TX,"Longview, TX",Harrison County,165549.69172487254,2.84,1247.7777777777776,NA,14973.333333333332,0.754,11.1,9.04,5.88,Strong Buy,NA,NA,NA,NA,NA,NA,NA,NA,2026-08-31,2026-08-31
Forest Park,GA,"Atlanta-Sandy Springs-Alpharetta, GA",Clayton County,164103.7225830653,-5.87,1236.7898965141612,-2.84,14841.478758169935,0.754,11.1,9.04,5.88,Strong Buy,19301,-2.41,297703,-0.58,-9.79,8.01,9.9,46.81,2026-08-31,2026-08-31
Loves Park,IL,"Rockford, IL",Winnebago County,203643.7165525313,7.43,1536.111111111111,NA,18433.333333333332,0.754,11,9.05,5.88,Strong Buy,NA,NA,NA,NA,NA,NA,NA,NA,2026-08-31,2026-08-31
South Hill,VA,NA,Mecklenburg County,208944.9361155531,2.92,1575,NA,18900,0.754,11.1,9.05,5.88,Strong Buy,NA,NA,NA,NA,NA,NA,NA,NA,2026-08-31,2026-08-31
Homewood,IL,"Chicago-Naperville-Elgin, IL-IN-WI",Cook County,253699.40123643915,5.62,1910.3333333333333,NA,22924,0.753,11.1,9.04,5.87,Strong Buy,NA,NA,NA,NA,NA,NA,NA,NA,2026-08-31,2026-08-31
Tamarac,FL,"Miami-Fort Lauderdale-Pompano Beach, FL",Broward County,292430.23054297554,-4.45,2197.5579322638146,0.34,26370.695187165773,0.751,11.1,9.02,5.86,Strong Buy,75147,4.5,2037472,4.84,14.84,13.18,6.08,36.74,2026-08-31,2026-08-31
Thomasville,GA,"Thomasville, GA",Thomas County,235479.8237450878,3.85,1770.2380952380952,4.39,21242.85714285714,0.752,11.1,9.02,5.86,Strong Buy,18604,-1.39,46054,0.59,9.23,12.35,1.33,38.09,2026-08-31,2026-08-31
Ludowici,GA,"Hinesville, GA",Long County,290466.27524542506,2.44,2183.3333333333335,NA,26200,0.752,11.1,9.02,5.86,Strong Buy,NA,NA,NA,NA,NA,NA,NA,NA,2026-08-31,2026-08-31
Lowell,NC,"Charlotte-Concord-Gastonia, NC-SC",Gaston County,271535.8213421948,-0.45,2040,NA,24480,0.751,11.1,9.02,5.86,Strong Buy,NA,NA,NA,NA,NA,NA,NA,NA,2026-08-31,2026-08-31
Ellenwood,GA,"Atlanta-Sandy Springs-Alpharetta, GA",Dekalb County,279297.97244950937,-2.51,2095.0158730158732,3.46,25140.19047619048,0.75,11.1,9,5.85,Strong Buy,NA,NA,NA,NA,NA,NA,NA,NA,2026-08-31,2026-08-31
Gas City,IN,"Marion, IN",Grant County,161465.24046231303,3.2,1210,NA,14520,0.749,11.1,8.99,5.85,Strong Buy,NA,NA,NA,NA,NA,NA,NA,NA,2026-08-31,2026-08-31
Alexandria,LA,"Alexandria, LA",Rapides Parish,149505.6119512712,2.96,1119.763888888889,1.74,13437.166666666668,0.749,11.1,8.99,5.84,Strong Buy,43133,-4.37,125899,-2.9,-3.65,16.57,7.31,34.71,2026-08-31,2026-08-31
Del Rio,TX,"Del Rio, TX",Val Verde County,206934.2057738708,-3.95,1548.0555555555554,0.69,18576.666666666664,0.748,11.1,8.98,5.84,Strong Buy,34678,-0.12,47999,0.83,-4.52,10.33,2.35,33.15,2026-08-31,2026-08-31
Conley,GA,"Atlanta-Sandy Springs-Alpharetta, GA",Dekalb County,227001.791619245,-4,1700.777777777778,-5.45,20409.333333333336,0.749,11.1,8.99,5.84,Strong Buy,NA,NA,NA,NA,NA,NA,NA,NA,2026-08-31,2026-08-31
Bethany,OK,"Oklahoma City, OK",Oklahoma County,177194.519775598,-1.25,1325.12987012987,2.04,15901.558441558438,0.748,11.1,8.97,5.83,Strong Buy,20421,-1.92,816490,2.28,2.8,9.49,7.85,41.39,2026-08-31,2026-08-31
Streamwood,IL,"Chicago-Naperville-Elgin, IL-IN-WI",Cook County,334227.89054600947,4.44,2492.3809523809523,3.3,29908.571428571428,0.746,11.2,8.95,5.82,Strong Buy,38360,-2.76,5182617,-1.6,5.9,8.18,4.67,42.49,2026-08-31,2026-08-31
Haysville,KS,"Wichita, KS",Sedgwick County,211122.94383249292,3.91,1575,NA,18900,0.746,11.2,8.95,5.82,Strong Buy,NA,NA,NA,NA,NA,NA,NA,NA,2026-08-31,2026-08-31
Maurice,LA,"Lafayette, LA",Vermilion Parish,254719.05866783977,2.9,1900,NA,22800,0.746,11.2,8.95,5.82,Strong Buy,NA,NA,NA,NA,NA,NA,NA,NA,2026-08-31,2026-08-31
Parker,FL,"Panama City, FL",Bay County,239134.2845394024,2.89,1785.8333333333333,1.01,21430,0.747,11.2,8.96,5.82,Strong Buy,4801,20.6,199718,14.42,36.38,28.33,10.57,31.72,2026-08-31,2026-08-31
Ranlo,NC,"Charlotte-Concord-Gastonia, NC-SC",Gaston County,262645.9861296609,-0.18,1958.1666666666667,NA,23498,0.746,11.2,8.95,5.82,Strong Buy,NA,NA,NA,NA,NA,NA,NA,NA,2026-08-31,2026-08-31
Rock Island,IL,"Davenport-Moline-Rock Island, IA-IL",Rock Island County,127831.59390881448,0.1,952.1111111111112,5.02,11425.333333333334,0.745,11.2,8.94,5.81,Strong Buy,36434,-1.56,142731,-1.13,6.16,8.32,6.67,31.37,2026-08-31,2026-08-31
Palestine,TX,"Palestine, TX",Anderson County,201481.90526917088,2.33,1500.2222222222224,NA,18002.666666666668,0.745,11.2,8.94,5.81,Strong Buy,NA,NA,NA,NA,NA,NA,NA,NA,2026-08-31,2026-08-31
Gautier,MS,"Gulfport-Biloxi, MS",Jackson County,193463.1291487763,-0.47,1440.5,NA,17286,0.745,11.2,8.94,5.81,Strong Buy,19055,0.2,147002,2.53,6.19,9.47,10.9,28.03,2026-08-31,2026-08-31
Columbus,GA,"Columbus, GA-AL",Muscogee County,175951.15553026224,2.92,1308.054205557257,4.63,15696.650466687086,0.743,11.2,8.92,5.8,Strong Buy,201830,-2.5,201830,-2.5,-3.14,11.71,4.88,49.76,2026-08-31,2026-08-31
Beckley,WV,"Beckley, WV",Raleigh County,151972.78622138282,2.42,1129.1666666666667,NA,13550,0.743,11.2,8.92,5.8,Strong Buy,16515,-4.06,72379,-2.73,3.55,16.1,7.19,25.35,2026-08-31,2026-08-31
Montevallo,AL,"Birmingham-Hoover, AL",Shelby County,252991.9477042436,3.67,1880,NA,22560,0.743,11.2,8.92,5.8,Strong Buy,NA,NA,NA,NA,NA,NA,NA,NA,2026-08-31,2026-08-31
Horn Lake,MS,"Memphis, TN-MS-AR",DeSoto County,202312.39454948468,0.77,1500.777777777778,-1.71,18009.333333333336,0.742,11.2,8.9,5.79,Strong Buy,26574,-0.62,195871,5.23,10.71,6.4,13.83,22.2,2026-08-31,2026-08-31
Watauga,TX,"Dallas-Fort Worth-Arlington, TX",Tarrant County,275243.3304127191,-0.33,2042.267857142857,3.01,24507.214285714286,0.742,11.2,8.9,5.79,Strong Buy,23120,-2.01,2230708,5.41,8.74,7.08,7.73,40.64,2026-08-31,2026-08-31
Potsdam,NY,"Ogdensburg-Massena, NY",Saint Lawrence County,193403.6089898751,8.91,1436.6666666666667,NA,17240,0.743,11.2,8.91,5.79,Strong Buy,NA,NA,NA,NA,NA,NA,NA,NA,2026-08-31,2026-08-31
Bolingbrook,IL,"Chicago-Naperville-Elgin, IL-IN-WI",Will County,371925.56058420526,2.94,2756.6686507936506,6.01,33080.02380952381,0.741,11.2,8.89,5.78,Strong Buy,74756,1.26,708583,1.68,4.83,4.5,3.98,17.48,2026-08-31,2026-08-31
Alamo,TX,"McAllen-Edinburg-Mission, TX",Hidalgo County,173877.663700351,2.84,1287.5,NA,15450,0.74,11.3,8.89,5.78,Strong Buy,NA,NA,NA,NA,NA,NA,NA,NA,2026-08-31,2026-08-31
Forestdale,AL,"Birmingham-Hoover, AL",Jefferson County,174780.30522839352,3.31,1294.1666666666667,NA,15530,0.74,11.3,8.89,5.78,Strong Buy,NA,NA,NA,NA,NA,NA,NA,NA,2026-08-31,2026-08-31
Ardmore,OK,"Ardmore, OK",Carter County,157230.70283455972,-0.36,1162.6984126984128,2.85,13952.380952380954,0.739,11.3,8.87,5.77,Strong Buy,25064,1.35,49135,2.28,5.54,12.64,6,32.34,2026-08-31,2026-08-31
West Carrollton,OH,"Dayton-Kettering, OH",Montgomery County,178391.78896961105,4.94,1318.5083333333334,NA,15822.100000000002,0.739,11.3,8.87,5.77,Strong Buy,12911,-1.44,537443,0.06,5.01,8.84,4.22,37.67,2026-08-31,2026-08-31
Haverstraw,NY,"New York-Newark-Jersey City, NY-NJ-PA",Rockland County,457746.19589893153,2.6,3383.8888888888887,4.21,40606.666666666664,0.739,11.3,8.87,5.77,Strong Buy,12445,1.46,348144,3.19,1.26,4.87,2.49,31.75,2026-08-31,2026-08-31
White Plains,MD,"Washington-Arlington-Alexandria, DC-VA-MD-WV",Charles County,461099.4410440075,-1.8,3411.25,NA,40935,0.74,11.3,8.88,5.77,Strong Buy,NA,NA,NA,NA,NA,NA,NA,NA,2026-08-31,2026-08-31
North Bay Village,FL,"Miami-Fort Lauderdale-Pompano Beach, FL",Miami-Dade County,388824.18288388505,1.14,2875.251602564103,1.85,34503.019230769234,0.739,11.3,8.87,5.77,Strong Buy,8286,2.03,2838461,5.29,19.88,11.11,5.36,47.81,2026-08-31,2026-08-31
Obetz,OH,"Columbus, OH",Franklin County,274414.787824983,-0.57,2031.25,NA,24375,0.74,11.3,8.88,5.77,Strong Buy,NA,NA,NA,NA,NA,NA,NA,NA,2026-08-31,2026-08-31
Port Richey,FL,"Tampa-St. Petersburg-Clearwater, FL",Pasco County,228252.2573234283,-0.43,1686.5505430242272,0.22,20238.606516290725,0.739,11.3,8.87,5.76,Strong Buy,3637,17.93,659114,16.41,37.43,13.3,5.54,24.5,2026-08-31,2026-08-31
Roswell,NM,"Roswell, NM",Chaves County,176603.15789051485,1.14,1301.5333333333333,8.68,15618.4,0.737,11.3,8.84,5.75,Strong Buy,47176,-2.61,63697,-2.23,0.17,11.9,6.07,31.31,2026-08-31,2026-08-31
Roseville,MI,"Detroit-Warren-Dearborn, MI",Macomb County,173590.52830772146,2.46,1280.6482905982907,2.94,15367.779487179489,0.738,11.3,8.85,5.75,Strong Buy,47047,-1.2,886175,0.67,8.17,4.12,3.23,25.04,2026-08-31,2026-08-31
White Settlement,TX,"Dallas-Fort Worth-Arlington, TX",Tarrant County,218591.0270627321,-2.62,1610.5833333333333,6.57,19327,0.737,11.3,8.84,5.75,Strong Buy,18099,-0.94,2230708,5.41,8.74,7.08,7.73,40.64,2026-08-31,2026-08-31
Vermilion,OH,"Sandusky, OH",Erie County,270415.9150518603,4.8,1994.8333333333337,NA,23938.000000000004,0.738,11.3,8.85,5.75,Strong Buy,NA,NA,NA,NA,NA,NA,NA,NA,2026-08-31,2026-08-31
Bedford,OH,"Cleveland-Elyria, OH",Cuyahoga County,160196.5244827688,2.12,1178.5,5.93,14142,0.736,11.3,8.83,5.74,Strong Buy,12834,-2.22,1240594,-1.75,1.72,9.97,5.22,40.95,2026-08-31,2026-08-31
Batavia,NY,"Batavia, NY",Genesee County,206598.6195061328,6.57,1516.6666666666667,NA,18200,0.734,11.4,8.81,5.73,Strong Buy,NA,NA,NA,NA,NA,NA,NA,NA,2026-08-31,2026-08-31
Glenn Heights,TX,"Dallas-Fort Worth-Arlington, TX",Dallas County,327294.2308464383,-2.67,2405.0333333333333,3.21,28860.4,0.735,11.3,8.82,5.73,Strong Buy,19752,22.84,2656028,1.73,0.15,7.76,8.95,49.22,2026-08-31,2026-08-31
Elsmere,KY,"Cincinnati, OH-KY-IN",Kenton County,221553.89956418044,-7.47,1627.5,NA,19530,0.735,11.3,8.82,5.73,Strong Buy,NA,NA,NA,NA,NA,NA,NA,NA,2026-08-31,2026-08-31
Goldsboro,NC,"Goldsboro, NC",Wayne County,194053.90196792324,0.96,1424.3020683020684,3.29,17091.62481962482,0.734,11.4,8.81,5.72,Strong Buy,34629,0.39,120338,2.18,4.92,11.76,1.6,38.48,2026-08-31,2026-08-31
Gadsden,AL,"Gadsden, AL",Etowah County,117213.24168084878,5.71,859.4444444444445,NA,10313.333333333334,0.733,11.4,8.8,5.72,Strong Buy,NA,NA,NA,NA,NA,NA,NA,NA,2026-08-31,2026-08-31
Hanover Park,IL,"Chicago-Naperville-Elgin, IL-IN-WI",DuPage County,334620.42710069584,4.59,2452.555555555555,1.7,29430.666666666664,0.733,11.4,8.8,5.72,Strong Buy,36685,-1.76,937142,0.6,5.3,4.53,5.6,26.87,2026-08-31,2026-08-31
Southgate,MI,"Detroit-Warren-Dearborn, MI",Wayne County,197170.6359010418,2.62,1445.6666666666667,6.03,17348,0.733,11.4,8.8,5.72,Strong Buy,29081,-2.75,1771063,-1.04,3.75,12.9,4.58,35.52,2026-08-31,2026-08-31
Freeport,IL,"Freeport, IL",Stephenson County,130806.29830473464,6.21,960,NA,11520,0.734,11.4,8.81,5.72,Strong Buy,23140,-3.42,43088,-3.33,-0.12,8.92,2.49,28.99,2026-08-31,2026-08-31
South Tucson,AZ,"Tucson, AZ",Pima County,214249.49227378468,-5.2,1572.5,NA,18870,0.734,11.4,8.81,5.72,Strong Buy,NA,NA,NA,NA,NA,NA,NA,NA,2026-08-31,2026-08-31
Mount Pleasant,TX,"Mount Pleasant, TX",Titus County,224770.80123523672,-2.42,1645.5,NA,19746,0.732,11.4,8.78,5.71,Strong Buy,16238,0.71,31547,0.81,0.1,9.08,5.61,31.01,2026-08-31,2026-08-31
Pennsauken,NJ,"Philadelphia-Camden-Wilmington, PA-NJ-DE-MD",Camden County,315444.54529936746,7.89,2310.535714285714,4.87,27726.428571428572,0.732,11.4,8.79,5.71,Strong Buy,NA,NA,533988,2.07,5.74,5.92,4.3,34.97,2026-08-31,2026-08-31
Holly Hill,FL,"Deltona-Daytona Beach-Ormond Beach, FL",Volusia County,202584.60287774936,-1.38,1482.7777777777776,7.3,17793.333333333332,0.732,11.4,8.78,5.71,Strong Buy,13183,1.6,602772,8.46,21.72,14.56,6.51,27.2,2026-08-31,2026-08-31
Tarentum,PA,"Pittsburgh, PA",Allegheny County,153220.02067763737,1.45,1122.5,NA,13470,0.733,11.4,8.79,5.71,Strong Buy,NA,NA,NA,NA,NA,NA,NA,NA,2026-08-31,2026-08-31
Riverdale,GA,"Atlanta-Sandy Springs-Alpharetta, GA",Clayton County,215675.6422934684,-4.14,1577.1178016726406,1.18,18925.413620071686,0.731,11.4,8.77,5.7,Strong Buy,14586,-2.83,297703,-0.58,-9.79,8.01,9.9,46.81,2026-08-31,2026-08-31
Aventura,FL,"Miami-Fort Lauderdale-Pompano Beach, FL",Miami-Dade County,417267.9137735094,-5.22,3049.5395806589645,1.05,36594.474967907576,0.731,11.4,8.77,5.7,Strong Buy,40531,1.22,2838461,5.29,19.88,11.11,5.36,47.81,2026-08-31,2026-08-31
Fairborn,OH,"Dayton-Kettering, OH",Greene County,209530.5862234078,4.58,1529.9652014652013,6.82,18359.582417582416,0.73,11.4,8.76,5.7,Strong Buy,35105,1.53,172347,2.51,11.6,6.18,4.42,32.42,2026-08-31,2026-08-31
West Columbia,SC,"Columbia, SC",Lexington County,230406.85102742785,2.45,1684.0848484848484,4.53,20209.01818181818,0.731,11.4,8.77,5.7,Strong Buy,18418,5.15,313774,6.37,11.83,7.71,3.5,23.15,2026-08-31,2026-08-31
South Houston,TX,"Houston-The Woodlands-Sugar Land, TX",Harris County,191642.2958137568,-2.47,1400,NA,16800,0.731,11.4,8.77,5.7,Strong Buy,NA,NA,NA,NA,NA,NA,NA,NA,2026-08-31,2026-08-31
Portales,NM,"Portales, NM",Roosevelt County,138872.70123488153,0.63,1014.3055555555557,5.57,12171.666666666668,0.73,11.4,8.76,5.7,Strong Buy,11789,-2.8,18713,-2.3,-9.14,15.41,10.42,38.03,2026-08-31,2026-08-31
Waycross,GA,"Waycross, GA",Ware County,148408.3443460423,3.3,1083.3333333333333,NA,13000,0.73,11.4,8.76,5.69,Strong Buy,NA,NA,NA,NA,NA,NA,NA,NA,2026-08-31,2026-08-31
Brownwood,TX,"Brownwood, TX",Brown County,172303.49859548622,-1.44,1257.6666666666667,NA,15092,0.73,11.4,8.76,5.69,Strong Buy,NA,NA,NA,NA,NA,NA,NA,NA,2026-08-31,2026-08-31
Augusta,GA,"Augusta-Richmond County, GA-SC",Richmond County,188114.41016267543,2.38,1368.676554662269,3.13,16424.118655947226,0.728,11.5,8.73,5.68,Strong Buy,NA,NA,206303,-0.12,0.59,19.03,11.98,48.58,2026-08-31,2026-08-31
Covington,KY,"Cincinnati, OH-KY-IN",Kenton County,219449.72580645364,-0.37,1596.8375220458554,5.35,19162.050264550264,0.728,11.5,8.73,5.68,Strong Buy,41611,1.63,174862,3.3,10.73,7.27,5.15,29.96,2026-08-31,2026-08-31
Rockmart,GA,"Cedartown, GA",Polk County,255743.90480511496,1.09,1863.6666666666667,NA,22364,0.729,11.4,8.74,5.68,Strong Buy,NA,NA,NA,NA,NA,NA,NA,NA,2026-08-31,2026-08-31
Trenton,OH,"Cincinnati, OH-KY-IN",Butler County,284285.20429555484,2.23,2068.8888888888887,NA,24826.666666666664,0.728,11.5,8.73,5.68,Strong Buy,NA,NA,NA,NA,NA,NA,NA,NA,2026-08-31,2026-08-31
Springdale,OH,"Cincinnati, OH-KY-IN",Hamilton County,237488.97359369136,1.29,1729.1984126984128,-0.81,20750.380952380954,0.728,11.4,8.74,5.68,Strong Buy,11183,1.59,837359,0.84,4.18,7.42,4.2,41.01,2026-08-31,2026-08-31
Hinesville,GA,"Hinesville, GA",Liberty County,237534.8053529828,-0.99,1727.6461676417655,4.29,20731.754011701185,0.727,11.5,8.73,5.67,Strong Buy,36583,4.31,68607,5,-6.97,14.04,8.85,50.06,2026-08-31,2026-08-31
Jemison,AL,"Birmingham-Hoover, AL",Chilton County,229654.11246210872,5.98,1670,NA,20040,0.727,11.5,8.73,5.67,Strong Buy,NA,NA,NA,NA,NA,NA,NA,NA,2026-08-31,2026-08-31
Bushkill,PA,"New York-Newark-Jersey City, NY-NJ-PA",Pike County,268611.11280241364,3.74,1950,NA,23400,0.726,11.5,8.71,5.66,Strong Buy,NA,NA,NA,NA,NA,NA,NA,NA,2026-08-31,2026-08-31
Eagle Lake,FL,"Lakeland-Winter Haven, FL",Polk County,279303.69752221525,-1.37,2027.9166666666667,NA,24335,0.726,11.5,8.71,5.66,Strong Buy,NA,NA,NA,NA,NA,NA,NA,NA,2026-08-31,2026-08-31
Sumter,SC,"Sumter, SC",Sumter County,208201.71513611125,1.6,1508.753018910914,4.86,18105.03622693097,0.725,11.5,8.7,5.65,Strong Buy,42958,-1.12,104776,-0.68,2.83,12.91,4.61,33.25,2026-08-31,2026-08-31
Wilkes-Barre,PA,"Scranton--Wilkes-Barre, PA",Luzerne County,184985.5430724944,1.87,1340.2142857142856,6.24,16082.571428571428,0.724,11.5,8.69,5.65,Strong Buy,44661,0.87,331379,1.89,10.61,11.64,4.79,32.25,2026-08-31,2026-08-31
Texarkana,AR,"Texarkana, TX-AR",Miller County,167044.83162689456,0.92,1211.0277777777776,NA,14532.333333333332,0.725,11.5,8.7,5.65,Strong Buy,NA,NA,NA,NA,NA,NA,NA,NA,2026-08-31,2026-08-31
Clinton,MS,"Jackson, MS",Hinds County,238090.44352692415,1.98,1723.8666666666668,8.21,20686.4,0.724,11.5,8.69,5.65,Strong Buy,26617,-4.83,211975,-6.53,-12.73,15.54,7.94,42.12,2026-08-31,2026-08-31
Newtown,OH,"Cincinnati, OH-KY-IN",Hamilton County,255445.3520012129,-4.76,1849,NA,22188,0.724,11.5,8.69,5.65,Strong Buy,NA,NA,NA,NA,NA,NA,NA,NA,2026-08-31,2026-08-31
Macomb,IL,"Macomb, IL",McDonough County,112965.27280483698,2.84,816.6388888888888,NA,9799.666666666666,0.723,11.5,8.67,5.64,Strong Buy,NA,NA,NA,NA,NA,NA,NA,NA,2026-08-31,2026-08-31
Maxwell,TX,"Austin-Round Rock-Georgetown, TX",Caldwell County,260136.0312516182,-4.84,1882.3722222222225,-0.83,22588.46666666667,0.724,11.5,8.68,5.64,Strong Buy,NA,NA,52430,14.11,40.84,7.48,5.19,26.83,2026-08-31,2026-08-31
Lansing,MI,"Lansing-East Lansing, MI",Ingham County,169387.82122890954,2.13,1222.271566017468,6.03,14667.258792209617,0.722,11.5,8.66,5.63,Strong Buy,114336,1.58,290427,1.9,8.02,7.35,5.48,40.45,2026-08-31,2026-08-31
Lorain,OH,"Cleveland-Elyria, OH",Lorain County,156898.24813217318,3.9,1133.085185185185,3.85,13597.022222222222,0.722,11.5,8.67,5.63,Strong Buy,65751,0.8,322030,2.71,9.62,7.17,7.76,26.3,2026-08-31,2026-08-31
Danville,VA,"Danville, VA",Pittsylvania County,156315.73218292138,0.27,1127.8,5.42,13533.599999999999,0.721,11.6,8.66,5.63,Strong Buy,41993,-1.37,59410,-1.61,3.37,16.41,4.87,21.26,2026-08-31,2026-08-31
Marrero,LA,"New Orleans-Metairie, LA",Jefferson Parish,228086.81172781755,5.27,1646.547619047619,-5.25,19758.571428571428,0.722,11.5,8.66,5.63,Strong Buy,NA,NA,427253,-2.84,2.2,8.82,5.5,37.69,2026-08-31,2026-08-31
Gibsonton,FL,"Tampa-St. Petersburg-Clearwater, FL",Hillsborough County,315752.9098367958,-2.95,2280.633333333333,5.85,27367.6,0.722,11.5,8.67,5.63,Strong Buy,NA,NA,1581426,7.85,12.2,7.8,6.74,38.94,2026-08-31,2026-08-31
Dearborn,MI,"Detroit-Warren-Dearborn, MI",Wayne County,250740.75346161143,4.22,1805.1,2.82,21661.199999999997,0.72,11.6,8.64,5.62,Strong Buy,106377,-2.9,1771063,-1.04,3.75,12.9,4.58,35.52,2026-08-31,2026-08-31
Gulfport,MS,"Gulfport-Biloxi, MS",Harrison County,206071.19157413844,2.02,1483.4726851851854,1.58,17801.672222222223,0.72,11.6,8.64,5.62,Strong Buy,74621,2.39,213730,2.34,10.31,13.14,7.09,39.41,2026-08-31,2026-08-31
Pearl,MS,"Jackson, MS",Rankin County,211439.18713635392,4.38,1523.821645021645,4.2,18285.85974025974,0.721,11.6,8.65,5.62,Strong Buy,28458,5.05,160573,2.16,0.45,6.95,6.63,22.38,2026-08-31,2026-08-31
Avon Park,FL,"Sebring-Avon Park, FL",Highlands County,207754.6559029766,-1.41,1493.3333333333333,3,17920,0.719,11.6,8.63,5.61,Strong Buy,NA,NA,NA,NA,NA,NA,NA,NA,2026-08-31,2026-08-31
Bay Harbor Islands,FL,"Miami-Fort Lauderdale-Pompano Beach, FL",Miami-Dade County,701545.2078933753,1.75,5048.333333333333,0.29,60580,0.72,11.6,8.64,5.61,Strong Buy,5937,0.8,2838461,5.29,19.88,11.11,5.36,47.81,2026-08-31,2026-08-31
Marion,OH,"Marion, OH",Marion County,168820.22360061077,4.2,1211.0833333333333,NA,14533,0.717,11.6,8.61,5.6,Strong Buy,NA,NA,NA,NA,NA,NA,NA,NA,2026-08-31,2026-08-31
Monaca,PA,"Pittsburgh, PA",Beaver County,219681.8595376749,4.36,1576.6666666666663,NA,18919.999999999996,0.718,11.6,8.61,5.6,Strong Buy,NA,NA,NA,NA,NA,NA,NA,NA,2026-08-31,2026-08-31
Tamaqua,PA,"Pottsville, PA",Schuylkill County,160922.94006241488,4.44,1155.8333333333333,NA,13870,0.718,11.6,8.62,5.6,Strong Buy,NA,NA,NA,NA,NA,NA,NA,NA,2026-08-31,2026-08-31
Huntington,WV,"Huntington-Ashland, WV-KY-OH",Cabell County,144450.4122662308,3.63,1035.716695585117,6.68,12428.600347021402,0.717,11.6,8.6,5.59,Strong Buy,44942,-3.87,91489,-2.92,-0.57,15.07,5.29,36.49,2026-08-31,2026-08-31
Graniteville,SC,"Augusta-Richmond County, GA-SC",Aiken County,281257.0916195805,3.72,2013.9444444444448,NA,24167.333333333336,0.716,11.6,8.59,5.59,Strong Buy,NA,NA,NA,NA,NA,NA,NA,NA,2026-08-31,2026-08-31
Macon,GA,"Macon-Bibb County, GA",Bibb County,174105.20056441543,2.77,1246.4567385407547,3.27,14957.480862489057,0.716,11.6,8.59,5.58,Strong Buy,NA,NA,157056,0.01,1.57,16.96,11.19,48.48,2026-08-31,2026-08-31
Glassboro,NJ,"Philadelphia-Camden-Wilmington, PA-NJ-DE-MD",Gloucester County,372612.9699634845,3.17,2667.305555555555,0.75,32007.666666666664,0.716,11.6,8.59,5.58,Strong Buy,24322,4.93,311783,3.04,8.48,4.88,3.06,20.57,2026-08-31,2026-08-31
El Reno,OK,"Oklahoma City, OK",Canadian County,184951.1492974203,3.74,1323.6666666666667,4.46,15884,0.716,11.6,8.59,5.58,Strong Buy,20041,16.99,181760,16.93,26.01,5.78,5.62,25.24,2026-08-31,2026-08-31
Fairview,GA,"Chattanooga, TN-GA",Walker County,209741.67747652263,1.77,1500,NA,18000,0.715,11.7,8.58,5.58,Strong Buy,NA,NA,NA,NA,NA,NA,NA,NA,2026-08-31,2026-08-31
Saint Louis,MO,"St. Louis, MO-IL",Saint Louis City,186625.132929793,-0.11,1333.5827734812383,3.44,16002.99328177486,0.715,11.7,8.57,5.57,Strong Buy,NA,NA,NA,NA,NA,NA,NA,NA,2026-08-31,2026-08-31
Fort Pierce,FL,"Port St. Lucie, FL",Saint Lucie County,277503.8513385923,-1.65,1980.4238562091505,2.4,23765.086274509806,0.714,11.7,8.56,5.57,Strong Buy,50805,6.6,NA,NA,NA,NA,NA,NA,2026-08-31,2026-08-31
Verona,PA,"Pittsburgh, PA",Allegheny County,172359.9247426254,-1.26,1229.7222222222224,-0.82,14756.666666666668,0.713,11.7,8.56,5.57,Strong Buy,2403,-3.65,1231814,-1.43,2.72,9.6,6.37,35.07,2026-08-31,2026-08-31
Ambridge,PA,"Pittsburgh, PA",Beaver County,141188.63959703888,0.55,1007.9166666666666,NA,12095,0.714,11.7,8.57,5.57,Strong Buy,6886,-0.94,165540,-1.38,4.65,9.08,7.23,25.47,2026-08-31,2026-08-31
Jasper,AL,"Jasper, AL",Walker County,204250.36838888915,3.99,1455,-3.46,17460,0.712,11.7,8.55,5.56,Strong Buy,NA,NA,NA,NA,NA,NA,NA,NA,2026-08-31,2026-08-31
Taylor,TX,"Austin-Round Rock-Georgetown, TX",Williamson County,280722.79515392234,-3.42,2001.571428571429,-1.53,24018.857142857145,0.713,11.7,8.56,5.56,Strong Buy,17872,8.72,727480,18.17,29.75,3.91,3.51,32.92,2026-08-31,2026-08-31
Mount Clemens,MI,"Detroit-Warren-Dearborn, MI",Macomb County,178379.5530683559,1.22,1270.8333333333333,8.81,15250,0.712,11.7,8.55,5.56,Strong Buy,NA,NA,NA,NA,NA,NA,NA,NA,2026-08-31,2026-08-31
Clark Mills,NY,"Utica-Rome, NY",Oneida County,196437.14502168848,10.72,1400,NA,16800,0.713,11.7,8.55,5.56,Strong Buy,NA,NA,NA,NA,NA,NA,NA,NA,2026-08-31,2026-08-31
Beaumont,TX,"Beaumont-Port Arthur, TX",Jefferson County,174699.4564589547,3.2,1242.6249559082892,1.41,14911.499470899471,0.711,11.7,8.54,5.55,Strong Buy,112893,-1.73,253948,-0.87,-0.33,14.36,5.93,38.16,2026-08-31,2026-08-31
Emeryville,CA,"San Francisco-Oakland-Berkeley, CA",Alameda County,433886.1149694482,-7.65,3088.050718390805,7.46,37056.60862068966,0.712,11.7,8.54,5.55,Strong Buy,13912,7.67,1649060,-1.88,3.29,5.96,5.26,45.93,2026-08-31,2026-08-31
Jamestown,NY,"Jamestown-Dunkirk-Fredonia, NY",Chautauqua County,128880.84725909114,2.93,915,NA,10980,0.71,11.7,8.52,5.54,Strong Buy,NA,NA,NA,NA,NA,NA,NA,NA,2026-08-31,2026-08-31
Locust Grove,GA,"Atlanta-Sandy Springs-Alpharetta, GA",Henry County,321017.16164699494,-1.94,2280.5444444444443,2.95,27366.533333333333,0.71,11.7,8.52,5.54,Strong Buy,11749,27.89,259315,7.21,13.48,5.36,6.33,27.46,2026-08-31,2026-08-31
Speedway,IN,"Indianapolis-Carmel-Anderson, IN",Marion County,236311.10491764123,-1.67,1678.75,NA,20145,0.71,11.7,8.52,5.54,Strong Buy,14268,2.26,981628,0.5,-0.05,9.65,5.22,44.07,2026-08-31,2026-08-31
Crosby,TX,"Houston-The Woodlands-Sugar Land, TX",Harris County,261869.11880573205,-2.78,1855.3225108225108,3.34,22263.87012987013,0.708,11.8,8.5,5.53,Strong Buy,NA,NA,5009302,5.78,13.97,8.3,8.76,45.24,2026-08-31,2026-08-31
Franklin,PA,"Oil City, PA",Venango County,130361.01266895502,-0.93,925,NA,11100,0.71,11.7,8.51,5.53,Strong Buy,NA,NA,NA,NA,NA,NA,NA,NA,2026-08-31,2026-08-31
Diamondhead,MS,"Gulfport-Biloxi, MS",Hancock County,247115.26773388463,0.73,1752.5,NA,21030,0.709,11.8,8.51,5.53,Strong Buy,NA,NA,NA,NA,NA,NA,NA,NA,2026-08-31,2026-08-31
Tarboro,NC,"Rocky Mount, NC",Edgecombe County,157006.62413509973,-1.08,1112.5,NA,13350,0.709,11.8,8.5,5.53,Strong Buy,NA,NA,NA,NA,NA,NA,NA,NA,2026-08-31,2026-08-31
Mascotte,FL,"Orlando-Kissimmee-Sanford, FL",Lake County,316247.33239818335,-3.24,2239.8333333333335,NA,26878,0.708,11.8,8.5,5.52,Strong Buy,9150,35.82,444204,15.01,42.09,12.7,9.37,23.35,2026-08-31,2026-08-31
Saint Clair Shores,MI,"Detroit-Warren-Dearborn, MI",Macomb County,231434.9625350233,2.64,1634.5,3.02,19614,0.706,11.8,8.47,5.51,Strong Buy,NA,NA,886175,0.67,8.17,4.12,3.23,25.04,2026-08-31,2026-08-31
Cleveland,TX,"Houston-The Woodlands-Sugar Land, TX",Liberty County,232530.22802762804,-3.72,1643.940476190476,4.59,19727.28571428571,0.707,11.8,8.48,5.51,Strong Buy,9757,29.7,115042,24.36,46.81,13.68,4.23,19.22,2026-08-31,2026-08-31
Clinton,MD,"Washington-Arlington-Alexandria, DC-VA-MD-WV",Prince Georges County,438585.4691761986,-0.25,3098.75,NA,37185,0.707,11.8,8.48,5.51,Strong Buy,NA,NA,NA,NA,NA,NA,NA,NA,2026-08-31,2026-08-31
Niagara Falls,NY,"Buffalo-Cheektowaga, NY",Niagara County,173843.6235966935,5.39,1226.6851851851852,7.41,14720.222222222223,0.706,11.8,8.47,5.5,Strong Buy,47512,-2.08,209570,-1.21,2.67,8.81,4.61,29.1,2026-08-31,2026-08-31
Midwest City,OK,"Oklahoma City, OK",Oklahoma County,170639.5716932432,0.69,1202.4903244400527,1.85,14429.883893280632,0.705,11.8,8.46,5.5,Strong Buy,58505,0.07,816490,2.28,2.8,9.49,7.85,41.39,2026-08-31,2026-08-31
Moline,IL,"Davenport-Moline-Rock Island, IA-IL",Rock Island County,150443.93303546586,4.05,1061.0833333333333,2.98,12733,0.705,11.8,8.46,5.5,Strong Buy,42442,-1.05,142731,-1.13,6.16,8.32,6.67,31.37,2026-08-31,2026-08-31
Jacksonville,AR,"Little Rock-North Little Rock-Conway, AR",Pulaski County,174038.4442943755,6.06,1226.667200854701,3.09,14720.00641025641,0.705,11.8,8.46,5.5,Strong Buy,29129,-1.27,401209,0.48,-0.94,11.78,9.74,42.25,2026-08-31,2026-08-31
Camden,SC,"Columbia, SC",Kershaw County,252633.9937611744,3.11,1782.0555555555557,NA,21384.666666666668,0.705,11.8,8.46,5.5,Strong Buy,NA,NA,NA,NA,NA,NA,NA,NA,2026-08-31,2026-08-31
Splendora,TX,"Houston-The Woodlands-Sugar Land, TX",Montgomery County,243500.7667186488,-1.49,1716.1,NA,20593.199999999997,0.705,11.8,8.46,5.5,Strong Buy,2063,21.57,749613,19.86,40.55,7.22,7.84,28.27,2026-08-31,2026-08-31
Callaway,FL,"Panama City, FL",Bay County,266423.34446921427,0.58,1878.0925925925924,0.94,22537.11111111111,0.705,11.8,8.46,5.5,Strong Buy,14138,8.93,199718,14.42,36.38,28.33,10.57,31.72,2026-08-31,2026-08-31
Bristol,VA,"Kingsport-Bristol, TN-VA",Washington County,202747.93596052783,-1.45,1426.2666666666669,NA,17115.200000000004,0.703,11.8,8.44,5.49,Strong Buy,16316,-5.7,54098,0.36,8.85,13.28,4.7,24.18,2026-08-31,2026-08-31
Plainfield,IL,"Chicago-Naperville-Elgin, IL-IN-WI",Will County,429312.5655294077,1.7,3018.5508417508413,3.14,36222.6101010101,0.703,11.9,8.44,5.48,Strong Buy,48881,8.7,708583,1.68,4.83,4.5,3.98,17.48,2026-08-31,2026-08-31
Ruskin,FL,"Tampa-St. Petersburg-Clearwater, FL",Hillsborough County,311278.55040360853,-3.46,2185.0701058201057,0.9,26220.84126984127,0.702,11.9,8.42,5.48,Strong Buy,NA,NA,1581426,7.85,12.2,7.8,6.74,38.94,2026-08-31,2026-08-31
Royse City,TX,"Dallas-Fort Worth-Arlington, TX",Rockwall County,309341.169193075,-4.56,2172.548148148148,-1.72,26070.577777777777,0.702,11.9,8.43,5.48,Strong Buy,26387,91.82,137044,25.5,35.89,4.62,4.94,17.44,2026-08-31,2026-08-31
Longs,SC,"Myrtle Beach-Conway-North Myrtle Beach, SC-NC",Horry County,285811.6013726142,-1.79,2006.75,NA,24081,0.702,11.9,8.43,5.48,Strong Buy,NA,NA,NA,NA,NA,NA,NA,NA,2026-08-31,2026-08-31
Salem,NJ,"Philadelphia-Camden-Wilmington, PA-NJ-DE-MD",Salem County,235016.07238338844,-0.28,1650,NA,19800,0.702,11.9,8.42,5.48,Strong Buy,NA,NA,NA,NA,NA,NA,NA,NA,2026-08-31,2026-08-31
Chicago,IL,"Chicago-Naperville-Elgin, IL-IN-WI",Cook County,334030.3862880392,5.19,2341.922125996042,5.79,28103.065511952504,0.701,11.9,8.41,5.47,Strong Buy,2721308,-0.87,5182617,-1.6,5.9,8.18,4.67,42.49,2026-08-31,2026-08-31
Houma,LA,"Houma-Thibodaux, LA",Terrebonne Parish,187727.63981469744,-4.73,1315.0223024882469,5.14,15780.267629858961,0.7,11.9,8.41,5.46,Strong Buy,31671,-5.02,103864,-5.07,-2.96,11.42,3.27,26.37,2026-08-31,2026-08-31
Converse,TX,"San Antonio-New Braunfels, TX",Bexar County,240641.483829041,-4.24,1684.7559243579915,0.4,20217.071092295897,0.7,11.9,8.4,5.46,Strong Buy,31400,12.69,2127737,5.56,8.6,8.27,8.16,40.89,2026-08-31,2026-08-31
Americus,GA,"Americus, GA",Sumter County,134051.0395452379,7,937.5,NA,11250,0.699,11.9,8.39,5.46,Strong Buy,NA,NA,NA,NA,NA,NA,NA,NA,2026-08-31,2026-08-31
Alachua,FL,"Gainesville, FL",Alachua County,327302.66924236645,-2.06,2291.666666666667,NA,27500.000000000004,0.7,11.9,8.4,5.46,Strong Buy,NA,NA,NA,NA,NA,NA,NA,NA,2026-08-31,2026-08-31
Alamogordo,NM,"Alamogordo, NM",Otero County,223281.19770640825,-2.9,1560.4662004662005,4.63,18725.594405594406,0.699,11.9,8.39,5.45,Strong Buy,31667,2.34,69711,2.72,4.49,25.05,7.77,34.96,2026-08-31,2026-08-31
Enterprise,AL,"Enterprise, AL",Coffee County,208866.9317939008,-0.29,1459.1666666666667,3.57,17510,0.699,11.9,8.38,5.45,Strong Buy,30731,6.56,56358,5.21,10.13,14.5,10.65,30.77,2026-08-31,2026-08-31
Kings Mountain,NC,"Shelby, NC",Cleveland County,243701.1594747096,0.83,1703.7222222222224,NA,20444.666666666668,0.699,11.9,8.39,5.45,Strong Buy,11797,5.36,102194,2.25,9.82,15.41,5.45,29.35,2026-08-31,2026-08-31
Princeton,TX,"Dallas-Fort Worth-Arlington, TX",Collin County,283245.3451320697,-10.04,1979.8808055152392,-1.32,23758.56966618287,0.699,11.9,8.39,5.45,Strong Buy,37019,110.71,1254658,16.64,31.61,5.16,6.55,35.92,2026-08-31,2026-08-31
Bay Saint Louis,MS,"Gulfport-Biloxi, MS",Hancock County,241661.69220961595,-0.95,1689,NA,20268,0.699,11.9,8.39,5.45,Strong Buy,NA,NA,46492,0.78,8.75,14.46,6.14,21.26,2026-08-31,2026-08-31
Hapeville,GA,"Atlanta-Sandy Springs-Alpharetta, GA",Fulton County,266270.9607838846,-4.6,1859.0333333333335,-1.06,22308.4,0.698,11.9,8.38,5.45,Strong Buy,6712,2.25,1090354,1.97,1.33,8.52,7.69,45.86,2026-08-31,2026-08-31
Sunderland,MA,"Springfield, MA",Franklin County,489307.464202183,0.81,3420,NA,41040,0.699,11.9,8.39,5.45,Strong Buy,NA,NA,NA,NA,NA,NA,NA,NA,2026-08-31,2026-08-31
South Elgin,IL,"Chicago-Naperville-Elgin, IL-IN-WI",Kane County,376457.09653843456,4.84,2625,NA,31500,0.697,12,8.37,5.44,Strong Buy,NA,NA,NA,NA,NA,NA,NA,NA,2026-08-31,2026-08-31
Beverly Hills,FL,"Homosassa Springs, FL",Citrus County,235443.4747629842,-2.11,1642.2222222222224,NA,19706.666666666668,0.698,11.9,8.37,5.44,Strong Buy,NA,NA,170174,10.1,32.17,16.44,8.93,15.17,2026-08-31,2026-08-31
Crystal River,FL,"Homosassa Springs, FL",Citrus County,270757.8946651082,-1.22,1888.888888888889,2.87,22666.666666666668,0.698,11.9,8.37,5.44,Strong Buy,3661,2.72,170174,10.1,32.17,16.44,8.93,15.17,2026-08-31,2026-08-31
Cayce,SC,"Columbia, SC",Lexington County,213076.74872928305,2.83,1485.8333333333333,3.23,17830,0.697,12,8.37,5.44,Strong Buy,13645,-0.81,313774,6.37,11.83,7.71,3.5,23.15,2026-08-31,2026-08-31
Oak Forest,IL,"Chicago-Naperville-Elgin, IL-IN-WI",Cook County,303968.8336224256,6.08,2115.4166666666665,NA,25385,0.696,12,8.35,5.43,Strong Buy,26813,-2.04,5182617,-1.6,5.9,8.18,4.67,42.49,2026-08-31,2026-08-31
Riverside,OH,"Dayton-Kettering, OH",Montgomery County,174955.39276725636,3.08,1218.5,NA,14622,0.696,12,8.36,5.43,Strong Buy,24472,-0,537443,0.06,5.01,8.84,4.22,37.67,2026-08-31,2026-08-31
Affton,MO,"St. Louis, MO-IL",Saint Louis County,243842.3405239551,2.85,1698.425,NA,20381.1,0.697,12,8.36,5.43,Strong Buy,NA,NA,NA,NA,NA,NA,NA,NA,2026-08-31,2026-08-31
Aurora,IL,"Chicago-Naperville-Elgin, IL-IN-WI",Kane County,324260.6821435341,3.15,2253.209803921569,2.75,27038.517647058827,0.695,12,8.34,5.42,Strong Buy,180710,0.25,520997,0.89,3.7,3.54,3.6,24.26,2026-08-31,2026-08-31
Cuyahoga Falls,OH,"Akron, OH",Summit County,220780.2312843669,4.19,1534.9130952380954,6.68,18418.957142857143,0.695,12,8.34,5.42,Strong Buy,50979,-0.14,538370,-0.27,4.33,7.17,3.55,32.71,2026-08-31,2026-08-31
Haines City,FL,"Lakeland-Winter Haven, FL",Polk County,293071.89943471603,-2.98,2035.539207868155,1.29,24426.47049441786,0.695,12,8.33,5.42,Strong Buy,42073,50.53,852878,16.8,32.56,16.11,4.75,29.98,2026-08-31,2026-08-31
Whitehall,OH,"Columbus, OH",Franklin County,200739.13317894973,2.99,1395.95,1.85,16751.4,0.695,12,8.34,5.42,Strong Buy,19940,-0.81,1356303,2.4,7.58,6.96,3.98,47.03,2026-08-31,2026-08-31
Siesta Key,FL,"North Port-Sarasota-Bradenton, FL",Sarasota County,824229.6323624778,-2.35,5727.222222222223,NA,68726.66666666667,0.695,12,8.34,5.42,Strong Buy,NA,NA,476604,9.25,17.16,21.04,7.8,23.66,2026-08-31,2026-08-31
Hamtramck,MI,"Detroit-Warren-Dearborn, MI",Wayne County,169639.08586825617,0.03,1177.5,NA,14130,0.694,12,8.33,5.41,Strong Buy,NA,NA,NA,NA,NA,NA,NA,NA,2026-08-31,2026-08-31
Jarrell,TX,"Austin-Round Rock-Georgetown, TX",Williamson County,252052.11837743875,-5.82,1749.4444444444446,-1.84,20993.333333333336,0.694,12,8.33,5.41,Strong Buy,5151,184.43,727480,18.17,29.75,3.91,3.51,32.92,2026-08-31,2026-08-31
Edgewood,MD,"Baltimore-Columbia-Towson, MD",Harford County,264443.3127019556,0.15,1829.0873015873017,3.78,21949.04761904762,0.692,12,8.3,5.4,Strong Buy,NA,NA,265514,1.63,2.3,3.96,3.4,20.29,2026-08-31,2026-08-31
Etna,PA,"Pittsburgh, PA",Allegheny County,142409.21458137746,-6.44,985,NA,11820,0.692,12,8.3,5.4,Strong Buy,NA,NA,NA,NA,NA,NA,NA,NA,2026-08-31,2026-08-31
Muskogee,OK,"Muskogee, OK",Muskogee County,144901.30325854066,3.8,1002.0238095238096,11.33,12024.285714285716,0.692,12.1,8.3,5.39,Strong Buy,36849,0.21,66752,0.77,3.6,12.16,6.5,33.61,2026-08-31,2026-08-31
Wimauma,FL,"Tampa-St. Petersburg-Clearwater, FL",Hillsborough County,344345.3125513752,-4.7,2379.4920634920636,1.04,28553.904761904763,0.691,12.1,8.29,5.39,Strong Buy,NA,NA,1581426,7.85,12.2,7.8,6.74,38.94,2026-08-31,2026-08-31
Wayne,MI,"Detroit-Warren-Dearborn, MI",Wayne County,174592.60009145606,0.63,1205.5,7.83,14466,0.69,12.1,8.29,5.39,Strong Buy,17129,-2.92,1771063,-1.04,3.75,12.9,4.58,35.52,2026-08-31,2026-08-31
Cheviot,OH,"Cincinnati, OH-KY-IN",Hamilton County,183777.0141999533,0,1270.5555555555557,NA,15246.666666666668,0.691,12.1,8.3,5.39,Strong Buy,8640,-1.26,837359,0.84,4.18,7.42,4.2,41.01,2026-08-31,2026-08-31
Tinley Park,IL,"Chicago-Naperville-Elgin, IL-IN-WI",Cook County,337869.0174275229,4.81,2330.8148148148152,-2.45,27969.77777777778,0.69,12.1,8.28,5.38,Strong Buy,54856,-1.74,5182617,-1.6,5.9,8.18,4.67,42.49,2026-08-31,2026-08-31
Lake Geneva,WI,"Whitewater, WI",Walworth County,420272.1210866152,4.54,2900,NA,34800,0.69,12.1,8.28,5.38,Strong Buy,NA,NA,NA,NA,NA,NA,NA,NA,2026-08-31,2026-08-31
Waco,TX,"Waco, TX",McLennan County,197931.6122138371,-1.31,1362.6527923363617,0.27,16351.83350803634,0.688,12.1,8.26,5.37,Strong Buy,146608,4.32,270358,3.51,2.79,10.47,4.56,38.83,2026-08-31,2026-08-31
Hephzibah,GA,"Augusta-Richmond County, GA-SC",Richmond County,218248.79377010788,2.35,1501.1666666666667,4.69,18014,0.688,12.1,8.25,5.37,Strong Buy,3827,0.05,206303,-0.12,0.59,19.03,11.98,48.58,2026-08-31,2026-08-31
Edgewater,FL,"Deltona-Daytona Beach-Ormond Beach, FL",Volusia County,294637.473666522,-0.28,2027.0833333333333,3.75,24325,0.688,12.1,8.26,5.37,Strong Buy,24334,5.13,602772,8.46,21.72,14.56,6.51,27.2,2026-08-31,2026-08-31
Fort Valley,GA,"Warner Robins, GA",Peach County,163464.50031656263,4.46,1125,NA,13500,0.688,12.1,8.26,5.37,Strong Buy,NA,NA,NA,NA,NA,NA,NA,NA,2026-08-31,2026-08-31
Arnold,MO,"St. Louis, MO-IL",Jefferson County,276004.09994849266,3.67,1897.0833333333333,NA,22765,0.687,12.1,8.25,5.36,Strong Buy,21036,0.61,231888,2.18,4.11,6.7,2.53,18.56,2026-08-31,2026-08-31
Syracuse,NY,"Syracuse, NY",Onondaga County,224508.3246297117,5.42,1540.767642734624,4.28,18489.211712815486,0.686,12.1,8.24,5.35,Strong Buy,146097,-0.57,469812,-0.93,1.17,7.9,4.94,34.34,2026-08-31,2026-08-31
Rome,NY,"Utica-Rome, NY",Oneida County,214475.37991171793,6.4,1472,11.23,17664,0.686,12.1,8.24,5.35,Strong Buy,31990,0.32,228347,-1.19,3.34,10.38,5.43,32.21,2026-08-31,2026-08-31
Ives Estates,FL,"Miami-Fort Lauderdale-Pompano Beach, FL",Miami-Dade County,353174.8030416221,-3.79,2421.1227106227107,0.88,29053.472527472528,0.686,12.2,8.23,5.35,Strong Buy,NA,NA,2838461,5.29,19.88,11.11,5.36,47.81,2026-08-31,2026-08-31
Macedonia,OH,"Akron, OH",Summit County,348662.1422051236,2.18,2389.75,NA,28677,0.685,12.2,8.22,5.35,Strong Buy,NA,NA,NA,NA,NA,NA,NA,NA,2026-08-31,2026-08-31
Elburn,IL,"Chicago-Naperville-Elgin, IL-IN-WI",Kane County,465647.5007680368,5.18,3195,NA,38340,0.686,12.1,8.23,5.35,Strong Buy,NA,NA,NA,NA,NA,NA,NA,NA,2026-08-31,2026-08-31
Raytown,MO,"Kansas City, MO-KS",Jackson County,209646.7185286431,2.21,1436.295739348371,3.34,17235.54887218045,0.685,12.2,8.22,5.34,Strong Buy,29244,-2.35,727362,1.35,6.69,9.2,4.42,41.15,2026-08-31,2026-08-31
Madison Heights,MI,"Detroit-Warren-Dearborn, MI",Oakland County,219478.06227217303,-1.29,1503.0863636363636,1.6,18037.03636363636,0.685,12.2,8.22,5.34,Strong Buy,28626,0.81,1296888,1.91,10.58,5.25,6.51,27.73,2026-08-31,2026-08-31
Rustburg,VA,"Lynchburg, VA",Campbell County,286212.5809927625,1.65,1959.75,NA,23517,0.685,12.2,8.22,5.34,Strong Buy,NA,NA,NA,NA,NA,NA,NA,NA,2026-08-31,2026-08-31
Deltona,FL,"Deltona-Daytona Beach-Ormond Beach, FL",Volusia County,298293.30973570654,-0.65,2038.747666267117,4.75,24464.971995205404,0.683,12.2,8.2,5.33,Strong Buy,100513,6.88,602772,8.46,21.72,14.56,6.51,27.2,2026-08-31,2026-08-31
Labelle,FL,"Clewiston, FL",Hendry County,285228.47954005376,-3.97,1947.7777777777776,NA,23373.333333333332,0.683,12.2,8.19,5.33,Strong Buy,NA,NA,NA,NA,NA,NA,NA,NA,2026-08-31,2026-08-31
Rossville,GA,"Chattanooga, TN-GA",Walker County,215585.3259192533,-2.07,1473.6111111111113,2.78,17683.333333333336,0.684,12.2,8.2,5.33,Strong Buy,3942,-0.83,69340,2.35,5.49,11.11,4.5,24.34,2026-08-31,2026-08-31
Sheffield,AL,"Florence-Muscle Shoals, AL",Colbert County,132907.1132590445,2.12,907.5,NA,10890,0.683,12.2,8.19,5.33,Strong Buy,NA,NA,NA,NA,NA,NA,NA,NA,2026-08-31,2026-08-31
Poinciana,FL,"Orlando-Kissimmee-Sanford, FL",Osceola County,279614.024758547,-4.16,1908.6348882542272,2.61,22903.618659050728,0.683,12.2,8.19,5.32,Strong Buy,NA,NA,468058,19.66,40.25,19.99,6.97,33.77,2026-08-31,2026-08-31
Berkley,MI,"Detroit-Warren-Dearborn, MI",Oakland County,316789.01010384684,1.94,2161.111111111111,NA,25933.33333333333,0.682,12.2,8.19,5.32,Strong Buy,15313,0.96,1296888,1.91,10.58,5.25,6.51,27.73,2026-08-31,2026-08-31
Moody,AL,"Birmingham-Hoover, AL",Saint Clair County,264862.78871374094,3.19,1806.6666666666667,1.31,21680,0.682,12.2,8.19,5.32,Strong Buy,13596,2.8,NA,NA,NA,NA,NA,NA,2026-08-31,2026-08-31
Lacy-Lakeview,TX,"Waco, TX",McLennan County,193912.88188476177,0.58,1321.5,NA,15858,0.681,12.2,8.18,5.32,Strong Buy,NA,NA,NA,NA,NA,NA,NA,NA,2026-08-31,2026-08-31
Warren,MI,"Detroit-Warren-Dearborn, MI",Macomb County,200536.5521455235,0.41,1365.7846203975234,3.35,16389.415444770282,0.681,12.2,8.17,5.31,Strong Buy,137686,-1.09,886175,0.67,8.17,4.12,3.23,25.04,2026-08-31,2026-08-31
Florence,SC,"Florence, SC",Florence County,223905.32411638732,3.11,1525.1559139784947,1.11,18301.870967741936,0.681,12.2,8.17,5.31,Strong Buy,40923,2.06,138049,0.9,6.17,14.48,8.02,35.46,2026-08-31,2026-08-31
Waukegan,IL,"Chicago-Naperville-Elgin, IL-IN-WI",Lake County,247656.56346997895,6.94,1687.2809523809526,2.86,20247.37142857143,0.681,12.2,8.18,5.31,Strong Buy,88570,-0.62,718604,0.73,3.75,4.97,4.19,25.6,2026-08-31,2026-08-31
Moore,OK,"Oklahoma City, OK",Cleveland County,222110.69653574473,0.28,1513.312087912088,1.51,18159.745054945055,0.681,12.2,8.18,5.31,Strong Buy,63845,1.25,303952,2.6,5.34,6.41,5.83,35.92,2026-08-31,2026-08-31
Pinellas Park,FL,"Tampa-St. Petersburg-Clearwater, FL",Pinellas County,302984.66990197235,-1.58,2064.4825170565305,-0.92,24773.790204678364,0.681,12.2,8.18,5.31,Strong Buy,53503,0.21,965870,0.63,3.8,18.32,8.78,30.56,2026-08-31,2026-08-31
Vine Grove,KY,"Elizabethtown-Fort Knox, KY",Meade County,261566.0945597561,-2.82,1780,NA,21360,0.681,12.2,8.17,5.31,Strong Buy,NA,NA,NA,NA,NA,NA,NA,NA,2026-08-31,2026-08-31
Florida City,FL,"Miami-Fort Lauderdale-Pompano Beach, FL",Miami-Dade County,368312.9570054496,-5.02,2505.555555555555,-2.24,30066.666666666664,0.68,12.2,8.16,5.31,Strong Buy,13157,1.09,2838461,5.29,19.88,11.11,5.36,47.81,2026-08-31,2026-08-31
Shiloh,OH,"Dayton-Kettering, OH",Montgomery County,154645.07190255428,3.66,1053.6857142857143,4.22,12644.228571428572,0.681,12.2,8.18,5.31,Strong Buy,612,-0.65,537443,0.06,5.01,8.84,4.22,37.67,2026-08-31,2026-08-31
Pharr,TX,"McAllen-Edinburg-Mission, TX",Hidalgo County,165450.78347571558,-1.79,1124.084656084656,0.61,13489.015873015873,0.679,12.3,8.15,5.3,Strong Buy,81142,1.62,914820,4.8,3.41,12.59,6.81,32.43,2026-08-31,2026-08-31
McKees Rocks,PA,"Pittsburgh, PA",Allegheny County,193087.5029289916,-0.05,1311.7962962962963,2.31,15741.555555555555,0.679,12.3,8.15,5.3,Strong Buy,5694,-3.64,1231814,-1.43,2.72,9.6,6.37,35.07,2026-08-31,2026-08-31
Sunrise,FL,"Miami-Fort Lauderdale-Pompano Beach, FL",Broward County,362273.8652132926,-3.04,2457.1657390228816,0.59,29485.98886827458,0.678,12.3,8.14,5.29,Strong Buy,100128,3.12,2037472,4.84,14.84,13.18,6.08,36.74,2026-08-31,2026-08-31
Lake Wales,FL,"Lakeland-Winter Haven, FL",Polk County,243334.7119851953,-2.26,1650.5555555555557,1.84,19806.666666666668,0.678,12.3,8.14,5.29,Strong Buy,17798,9.26,852878,16.8,32.56,16.11,4.75,29.98,2026-08-31,2026-08-31
Newington,CT,"Hartford-East Hartford-Middletown, CT",Hartford County,380275.402080463,5.27,2575.1957671957675,3.09,30902.34920634921,0.677,12.3,8.13,5.28,Strong Buy,NA,NA,NA,NA,NA,NA,NA,NA,2026-08-31,2026-08-31
Duncan,OK,"Duncan, OK",Stephens County,137240.2479716144,3.83,929.1666666666666,NA,11150,0.677,12.3,8.12,5.28,Strong Buy,23174,2.3,44075,2.92,4.13,15.18,3.6,25.5,2026-08-31,2026-08-31
Austintown,OH,"Youngstown-Warren-Boardman, OH-PA",Mahoning County,182170.1016322585,6.32,1233.3333333333333,NA,14800,0.677,12.3,8.12,5.28,Strong Buy,NA,NA,NA,NA,NA,NA,NA,NA,2026-08-31,2026-08-31
Southgate,KY,"Cincinnati, OH-KY-IN",Campbell County,224421.17178401063,0.52,1520,NA,18240,0.677,12.3,8.13,5.28,Strong Buy,NA,NA,NA,NA,NA,NA,NA,NA,2026-08-31,2026-08-31
North Little Rock,AR,"Little Rock-North Little Rock-Conway, AR",Pulaski County,169776.49344891467,3.67,1147.983154121864,1.04,13775.797849462368,0.676,12.3,8.11,5.27,Strong Buy,64498,-0.27,401209,0.48,-0.94,11.78,9.74,42.25,2026-08-31,2026-08-31
Bartlesville,OK,"Tulsa, OK",Osage County,189390.59265007183,5.29,1279.7142857142856,0.22,15356.571428571428,0.676,12.3,8.11,5.27,Strong Buy,38355,2.58,46495,1.54,14.69,13.77,4.48,21.74,2026-08-31,2026-08-31
Guyton,GA,"Savannah, GA",Effingham County,353213.89383737993,-1.65,2388.3333333333335,NA,28660,0.676,12.3,8.11,5.27,Strong Buy,3059,29.84,73148,12.2,19.48,6.74,2.95,21.49,2026-08-31,2026-08-31
Grayslake,IL,"Chicago-Naperville-Elgin, IL-IN-WI",Lake County,373951.0625781548,5.5,2527.5,NA,30330,0.676,12.3,8.11,5.27,Strong Buy,21262,0.21,718604,0.73,3.75,4.97,4.19,25.6,2026-08-31,2026-08-31
Rocky Mount,NC,"Rocky Mount, NC",Nash County,188603.47401253745,0.13,1271.595238095238,2.83,15259.142857142857,0.674,12.4,8.09,5.26,Strong Buy,54541,0.29,97990,2.98,12.99,12.44,3.47,36.3,2026-08-31,2026-08-31
Ocean Springs,MS,"Gulfport-Biloxi, MS",Jackson County,272483.81986989494,0.51,1835.9629629629628,4.7,22031.555555555555,0.674,12.4,8.09,5.26,Strong Buy,18954,3.18,147002,2.53,6.19,9.47,10.9,28.03,2026-08-31,2026-08-31
Allen Park,MI,"Detroit-Warren-Dearborn, MI",Wayne County,211747.93482653657,1.78,1428.8,NA,17145.6,0.675,12.3,8.1,5.26,Strong Buy,27604,-3.25,1771063,-1.04,3.75,12.9,4.58,35.52,2026-08-31,2026-08-31
Bonham,TX,"Bonham, TX",Fannin County,225954.46259666525,-3.3,1524.7222222222224,NA,18296.666666666668,0.675,12.3,8.1,5.26,Strong Buy,NA,NA,NA,NA,NA,NA,NA,NA,2026-08-31,2026-08-31
Crandall,TX,"Dallas-Fort Worth-Arlington, TX",Kaufman County,264745.1035914075,-4.73,1784.9722222222224,NA,21419.666666666668,0.674,12.4,8.09,5.26,Strong Buy,5950,51.98,197829,34.42,49.26,5.77,8.22,21.41,2026-08-31,2026-08-31
Pleasant Grove,AL,"Birmingham-Hoover, AL",Jefferson County,227661.3236788324,0.6,1534.5,NA,18414,0.674,12.4,8.09,5.26,Strong Buy,NA,NA,NA,NA,NA,NA,NA,NA,2026-08-31,2026-08-31
Springfield,IL,"Springfield, IL",Sangamon County,172189.22489822414,7.2,1158.888888888889,2.9,13906.666666666668,0.673,12.4,8.08,5.25,Strong Buy,112949,-1.25,194345,-0.96,1.37,9.51,10.08,29.39,2026-08-31,2026-08-31
Dearborn Heights,MI,"Detroit-Warren-Dearborn, MI",Wayne County,216579.51621605628,3.14,1457.9299812030076,1.57,17495.15977443609,0.673,12.4,8.08,5.25,Strong Buy,61040,-3.19,1771063,-1.04,3.75,12.9,4.58,35.52,2026-08-31,2026-08-31
Wilson,NC,"Wilson, NC",Wilson County,216581.73221200937,-0.48,1456.404295051354,3.21,17476.851540616248,0.672,12.4,8.07,5.25,Strong Buy,48579,0.24,79958,0.83,6,10.47,6.72,40.91,2026-08-31,2026-08-31
Sandusky,OH,"Sandusky, OH",Erie County,154196.7982639635,0.85,1038.75,NA,12465,0.674,12.4,8.08,5.25,Strong Buy,NA,NA,NA,NA,NA,NA,NA,NA,2026-08-31,2026-08-31
New Orleans,LA,"New Orleans-Metairie, LA",Orleans Parish,243780.93131310467,-1.9,1636.6403970959943,1.45,19639.68476515193,0.671,12.4,8.06,5.24,Strong Buy,362701,-5.39,362701,-5.39,-7.38,20.38,8.28,49.45,2026-08-31,2026-08-31
Scranton,PA,"Scranton--Wilkes-Barre, PA",Lackawanna County,201486.3342070989,-2.46,1353.7181609195402,3.16,16244.617931034481,0.672,12.4,8.06,5.24,Strong Buy,75905,-0.36,216859,0.61,5,11.75,4.79,34.63,2026-08-31,2026-08-31
Belleville,IL,"St. Louis, MO-IL",Saint Clair County,160311.2417486399,1.42,1077.1496212121212,4.38,12925.795454545456,0.672,12.4,8.06,5.24,Strong Buy,40560,-4.06,NA,NA,NA,NA,NA,NA,2026-08-31,2026-08-31
Parkersburg,WV,"Parkersburg-Vienna, WV",Wood County,151152.0966663911,-0.24,1014.7222222222224,5.64,12176.666666666668,0.671,12.4,8.06,5.24,Strong Buy,28834,-2.83,82757,-1.65,0.6,11.39,9.85,25.58,2026-08-31,2026-08-31
Temple,GA,"Atlanta-Sandy Springs-Alpharetta, GA",Carroll County,284537.90184136643,-0.23,1912.9333333333336,NA,22955.200000000004,0.672,12.4,8.07,5.24,Strong Buy,6406,25.9,129911,8.72,17.56,7.57,2.82,30.7,2026-08-31,2026-08-31
Keansburg,NJ,"New York-Newark-Jersey City, NY-NJ-PA",Monmouth County,394313.6083607611,4.55,2650.8333333333335,NA,31810,0.672,12.4,8.07,5.24,Strong Buy,9689,-0.62,647520,0.74,2.8,7.24,3.49,24.63,2026-08-31,2026-08-31
Crestview,FL,"Crestview-Fort Walton Beach-Destin, FL",Okaloosa County,288327.9793482783,0.14,1932.6091269841272,1.96,23191.309523809527,0.67,12.4,8.04,5.23,Strong Buy,30727,11.6,220483,3.95,1.51,17.91,14.17,32.25,2026-08-31,2026-08-31
Temperance,MI,"Monroe, MI",Monroe County,302394.5186454032,6.67,2026,NA,24312,0.67,12.4,8.04,5.23,Strong Buy,NA,NA,NA,NA,NA,NA,NA,NA,2026-08-31,2026-08-31
Leeds,AL,"Birmingham-Hoover, AL",Jefferson County,254522.9043206074,3.36,1705,NA,20460,0.67,12.4,8.04,5.23,Strong Buy,12573,1.91,664744,-1.48,0.68,13.13,7.2,36.28,2026-08-31,2026-08-31
Pompano Beach,FL,"Miami-Fort Lauderdale-Pompano Beach, FL",Broward County,351953.1244732878,-1.88,2355.461693439471,2.84,28265.540321273656,0.669,12.5,8.03,5.22,Strong Buy,118104,5.48,2037472,4.84,14.84,13.18,6.08,36.74,2026-08-31,2026-08-31
Lithonia,GA,"Atlanta-Sandy Springs-Alpharetta, GA",Dekalb County,247124.32163012004,-4.86,1653.5998545190034,1.17,19843.198254228042,0.669,12.5,8.03,5.22,Strong Buy,2581,-2.9,NA,NA,NA,NA,NA,NA,2026-08-31,2026-08-31
Dundalk,MD,"Baltimore-Columbia-Towson, MD",Baltimore County,221990.70933537613,-1.46,1484.809523809524,0.71,17817.71428571429,0.669,12.5,8.03,5.22,Strong Buy,NA,NA,852425,-0.11,3.96,5.75,5.61,33.67,2026-08-31,2026-08-31
Jonesboro,GA,"Atlanta-Sandy Springs-Alpharetta, GA",Clayton County,244353.47525207605,-3.42,1635.2539358045476,2.28,19623.04722965457,0.669,12.5,8.03,5.22,Strong Buy,6084,2.06,297703,-0.58,-9.79,8.01,9.9,46.81,2026-08-31,2026-08-31
Saginaw,TX,"Dallas-Fort Worth-Arlington, TX",Tarrant County,297787.13096498407,-1.75,1992.1239316239316,1.48,23905.48717948718,0.669,12.5,8.03,5.22,Strong Buy,26116,8.69,2230708,5.41,8.74,7.08,7.73,40.64,2026-08-31,2026-08-31
Gardendale,AL,"Birmingham-Hoover, AL",Jefferson County,270541.96975954814,2.44,1808.888888888889,NA,21706.666666666668,0.669,12.5,8.02,5.22,Strong Buy,NA,NA,NA,NA,NA,NA,NA,NA,2026-08-31,2026-08-31
Lincoln,AL,"Talladega-Sylacauga, AL",Talladega County,228811.01187579823,-0.23,1530.5,NA,18366,0.669,12.5,8.03,5.22,Strong Buy,7790,12.77,81375,-0.05,7.55,14.09,5.04,27.44,2026-08-31,2026-08-31
Old Town,ME,"Bangor, ME",Penobscot County,256346.94424669864,0.9,1716.6666666666667,NA,20600,0.67,12.4,8.04,5.22,Strong Buy,7511,1.08,156840,3.06,7.33,14.11,6.32,29.72,2026-08-31,2026-08-31
Clay,AL,"Birmingham-Hoover, AL",Jefferson County,251390.927791756,1,1681.6666666666667,NA,20180,0.669,12.5,8.03,5.22,Strong Buy,10241,-0.75,664744,-1.48,0.68,13.13,7.2,36.28,2026-08-31,2026-08-31
Orland Park,IL,"Chicago-Naperville-Elgin, IL-IN-WI",Cook County,413307.6201744177,6.15,2759.2916666666665,4.87,33111.5,0.668,12.5,8.01,5.21,Strong Buy,58020,-0.9,5182617,-1.6,5.9,8.18,4.67,42.49,2026-08-31,2026-08-31
Youngsville,LA,"Lafayette, LA",Lafayette Parish,277869.9869174536,1.82,1856.1798941798943,-0.43,22274.15873015873,0.668,12.5,8.02,5.21,Strong Buy,19038,18.72,254241,4.98,9.97,10,6.1,33.9,2026-08-31,2026-08-31
Fountain Inn,SC,"Greenville-Anderson, SC",Laurens County,310114.22666102933,1.05,2071.134259259259,3.61,24853.61111111111,0.668,12.5,8.01,5.21,Strong Buy,13786,31.15,70545,4.31,22.24,17.05,6.22,29.34,2026-08-31,2026-08-31
East Point,GA,"Atlanta-Sandy Springs-Alpharetta, GA",Fulton County,232396.5317195597,-5.49,1548.3,3.53,18579.6,0.666,12.5,7.99,5.2,Strong Buy,38270,-0.34,1090354,1.97,1.33,8.52,7.69,45.86,2026-08-31,2026-08-31
Montgomery,IL,"Chicago-Naperville-Elgin, IL-IN-WI",Kendall County,332881.311564923,3.36,2220.7380952380954,NA,26648.857142857145,0.667,12.5,8.01,5.2,Strong Buy,21957,7.42,143171,8.18,15.09,2.73,2.44,15.82,2026-08-31,2026-08-31
Deridder,LA,"DeRidder, LA",Beauregard Parish,196558.5536328059,-4.52,1309.7222222222224,NA,15716.666666666668,0.666,12.5,8,5.2,Strong Buy,NA,NA,36695,0.24,-6.46,14.26,3.84,16.83,2026-08-31,2026-08-31
Leesville,LA,"Fort Polk South, LA",Vernon Parish,174835.5999591838,2.7,1165.8333333333333,6.31,13990,0.667,12.5,8,5.2,Strong Buy,5339,-5.67,45819,-5.77,-16.7,19.57,9.17,44.23,2026-08-31,2026-08-31
Bloomfield,CT,"Hartford-East Hartford-Middletown, CT",Hartford County,363898.004688856,3.57,2424.5,1.96,29094,0.666,12.5,8,5.2,Strong Buy,NA,NA,NA,NA,NA,NA,NA,NA,2026-08-31,2026-08-31
Fairview Heights,IL,"St. Louis, MO-IL",Saint Clair County,198562.56840239695,1.45,1324.9722222222224,NA,15899.666666666668,0.667,12.5,8.01,5.2,Strong Buy,16115,-3.31,NA,NA,NA,NA,NA,NA,2026-08-31,2026-08-31
Lake Charles,LA,"Lake Charles, LA",Calcasieu Parish,206515.33948739353,2.17,1375.1025641025642,20.27,16501.23076923077,0.666,12.5,7.99,5.19,Strong Buy,81157,-4.39,206861,-4.45,9.82,18.49,13.5,27.76,2026-08-31,2026-08-31
Desoto,TX,"Dallas-Fort Worth-Arlington, TX",Dallas County,320428.2611441598,-1.39,2130.1322455322456,-0.73,25561.586946386946,0.665,12.5,7.98,5.19,Strong Buy,NA,NA,2656028,1.73,0.15,7.76,8.95,49.22,2026-08-31,2026-08-31
Beloit,WI,"Janesville-Beloit, WI",Rock County,210649.25039374005,7.59,1401.5,6.2,16818,0.665,12.5,7.98,5.19,Strong Buy,36633,-0.24,165461,1.04,5.98,5.72,3.48,29.36,2026-08-31,2026-08-31
Tavares,FL,"Orlando-Kissimmee-Sanford, FL",Lake County,308901.6335054697,-1.93,2057.111111111111,-0.99,24685.33333333333,0.666,12.5,7.99,5.19,Strong Buy,22007,15.71,444204,15.01,42.09,12.7,9.37,23.35,2026-08-31,2026-08-31
Cambridge,MD,"Cambridge, MD",Dorchester County,261624.4800347208,-0.13,1741.6666666666663,NA,20899.999999999996,0.666,12.5,7.99,5.19,Strong Buy,NA,NA,NA,NA,NA,NA,NA,NA,2026-08-31,2026-08-31
Lakeside,VA,"Richmond, VA",Henrico County,344338.09115299606,1.93,2290.398148148148,NA,27484.777777777774,0.665,12.5,7.98,5.19,Strong Buy,NA,NA,338696,1.12,7.45,5.15,5.64,35.38,2026-08-31,2026-08-31
Hudson,FL,"Tampa-St. Petersburg-Clearwater, FL",Pasco County,288222.45145078347,-1.79,1915.7852564102568,6.64,22989.42307692308,0.665,12.5,7.98,5.18,Strong Buy,NA,NA,659114,16.41,37.43,13.3,5.54,24.5,2026-08-31,2026-08-31
Martinsville,VA,"Martinsville, VA",Henry County,131884.66166464394,-4.33,876.1111111111112,NA,10513.333333333334,0.664,12.5,7.97,5.18,Strong Buy,13834,2.66,49385,-2.88,5.12,19.42,4.82,23.91,2026-08-31,2026-08-31
East Moline,IL,"Davenport-Moline-Rock Island, IA-IL",Rock Island County,150846.16474288434,7.41,1001.6666666666666,NA,12020,0.664,12.5,7.97,5.18,Strong Buy,NA,NA,NA,NA,NA,NA,NA,NA,2026-08-31,2026-08-31
Collingdale,PA,"Philadelphia-Camden-Wilmington, PA-NJ-DE-MD",Delaware County,202741.2980418765,-1.97,1347.5,NA,16170,0.665,12.5,7.98,5.18,Strong Buy,NA,NA,NA,NA,NA,NA,NA,NA,2026-08-31,2026-08-31
Warner Robins,GA,"Warner Robins, GA",Houston County,215086.5093969567,3.04,1424.5251814314315,2.92,17094.30217717718,0.662,12.6,7.95,5.17,Strong Buy,86199,6.97,174897,6.41,13.28,9.04,8.05,32.9,2026-08-31,2026-08-31
Margate,FL,"Miami-Fort Lauderdale-Pompano Beach, FL",Broward County,322169.48568210454,-1.95,2133.7950478202197,-0.67,25605.540573842634,0.662,12.6,7.95,5.17,Strong Buy,60650,3.49,2037472,4.84,14.84,13.18,6.08,36.74,2026-08-31,2026-08-31
Calera,AL,"Birmingham-Hoover, AL",Shelby County,256768.09463542135,1.05,1703.2673992673992,3.43,20439.20879120879,0.663,12.6,7.96,5.17,Strong Buy,18530,11.45,235969,5.38,7.09,5.94,5.41,18.74,2026-08-31,2026-08-31
Merriam,KS,"Kansas City, MO-KS",Johnson County,331185.6373344785,5.58,2196.6666666666665,NA,26360,0.663,12.6,7.96,5.17,Strong Buy,NA,NA,NA,NA,NA,NA,NA,NA,2026-08-31,2026-08-31
Port Charlotte,FL,"Punta Gorda, FL",Charlotte County,267274.8072666069,-4.61,1769.6360389610388,-1.96,21235.632467532465,0.662,12.6,7.95,5.16,Strong Buy,NA,NA,212122,12.82,34.15,23.9,13.02,16.83,2026-08-31,2026-08-31
Utica,NY,"Utica-Rome, NY",Oneida County,212422.9298543453,6.97,1404.265873015873,7.16,16851.190476190477,0.661,12.6,7.93,5.16,Strong Buy,63660,-2.32,228347,-1.19,3.34,10.38,5.43,32.21,2026-08-31,2026-08-31
North Olmsted,OH,"Cleveland-Elyria, OH",Cuyahoga County,278541.83551882004,4.81,1843.5,4.08,22122,0.662,12.6,7.94,5.16,Strong Buy,31690,-2.13,1240594,-1.75,1.72,9.97,5.22,40.95,2026-08-31,2026-08-31
Auburn Hills,MI,"Detroit-Warren-Dearborn, MI",Oakland County,280590.16553292243,3.01,1855.229797979798,3.75,22262.757575757576,0.661,12.6,7.93,5.16,Strong Buy,26047,6.94,1296888,1.91,10.58,5.25,6.51,27.73,2026-08-31,2026-08-31
Elgin,TX,"Austin-Round Rock-Georgetown, TX",Travis County,267904.3233878877,-6.87,1774,2.28,21288,0.662,12.6,7.95,5.16,Strong Buy,12438,26.89,1363767,5.18,4.41,5.57,4.27,46.97,2026-08-31,2026-08-31
Springfield,OH,"Springfield, OH",Clark County,189586.53661533317,3.7,1251.15873015873,8.33,15013.90476190476,0.66,12.6,7.92,5.15,Strong Buy,58138,-0.77,134985,-0.67,4.25,9.44,2.97,30.84,2026-08-31,2026-08-31
Bossier City,LA,"Shreveport-Bossier City, LA",Bossier Parish,229528.8383324604,1.24,1515.2398619398618,5.87,18182.878343278342,0.66,12.6,7.92,5.15,Strong Buy,63218,0.81,131102,1.82,2.79,11.51,9.94,33.93,2026-08-31,2026-08-31
Prattville,AL,"Montgomery, AL",Autauga County,267390.7750398256,3.29,1766.263888888889,5.47,21195.166666666668,0.661,12.6,7.93,5.15,Strong Buy,40139,6.08,61464,4.34,14.04,8.93,3.6,25.09,2026-08-31,2026-08-31
Bartow,FL,"Lakeland-Winter Haven, FL",Polk County,278493.57311133103,-0.14,1838.4833333333331,4.64,22061.799999999996,0.66,12.6,7.92,5.15,Strong Buy,22084,12.82,852878,16.8,32.56,16.11,4.75,29.98,2026-08-31,2026-08-31
Rosedale,MD,"Baltimore-Columbia-Towson, MD",Baltimore County,315748.38899797125,0.68,2086.6666666666665,NA,25040,0.661,12.6,7.93,5.15,Strong Buy,NA,NA,852425,-0.11,3.96,5.75,5.61,33.67,2026-08-31,2026-08-31
Mineral Wells,TX,"Mineral Wells, TX",Palo Pinto County,206957.51069259128,-1.28,1366.6666666666663,NA,16399.999999999996,0.66,12.6,7.92,5.15,Strong Buy,NA,NA,NA,NA,NA,NA,NA,NA,2026-08-31,2026-08-31
Belleview,FL,"Ocala, FL",Marion County,252823.25557115025,-1.89,1667.6666666666667,NA,20012,0.66,12.6,7.92,5.15,Strong Buy,NA,NA,NA,NA,NA,NA,NA,NA,2026-08-31,2026-08-31
Thief River Falls,MN,NA,Pennington County,185981.41721989377,-3,1228.3333333333337,NA,14740.000000000004,0.66,12.6,7.93,5.15,Strong Buy,NA,NA,NA,NA,NA,NA,NA,NA,2026-08-31,2026-08-31
Cross Roads,TX,"Dallas-Fort Worth-Arlington, TX",Denton County,328102.0458822303,-6.46,2167.8888888888887,NA,26014.666666666664,0.661,12.6,7.93,5.15,Strong Buy,1977,12.07,1045120,14.28,23.72,4.75,5.09,34.63,2026-08-31,2026-08-31
Lake Park,NC,"Charlotte-Concord-Gastonia, NC-SC",Union County,375138.9531001093,-2.43,2476.25,NA,29715,0.66,12.6,7.92,5.15,Strong Buy,NA,NA,NA,NA,NA,NA,NA,NA,2026-08-31,2026-08-31
Slidell,LA,"New Orleans-Metairie, LA",Saint Tammany Parish,222267.7995556489,-3.41,1464.707055682685,2,17576.48466819222,0.659,12.6,7.91,5.14,Strong Buy,28440,-0.66,NA,NA,NA,NA,NA,NA,2026-08-31,2026-08-31
Forney,TX,"Dallas-Fort Worth-Arlington, TX",Kaufman County,304636.0227633964,-5.08,2007.961451247165,-0.83,24095.53741496598,0.659,12.6,7.91,5.14,Strong Buy,38572,61.31,197829,34.42,49.26,5.77,8.22,21.41,2026-08-31,2026-08-31
Tupelo,MS,"Tupelo, MS",Lee County,215014.25887260365,5.61,1415.7089947089946,3.6,16988.507936507936,0.658,12.7,7.9,5.14,Strong Buy,37775,-0.38,83012,-0.37,0.53,15.15,8.38,29.78,2026-08-31,2026-08-31
Dunnellon,FL,"Ocala, FL",Marion County,268965.9937524658,-1.72,1772.6551282051284,2.8,21271.86153846154,0.659,12.6,7.91,5.14,Strong Buy,2043,5.15,428905,13.63,44.29,12.9,7.37,23.32,2026-08-31,2026-08-31
Ponchatoula,LA,"Hammond, LA",Tangipahoa Parish,250849.9902765842,1.94,1653.0555555555557,0.86,19836.666666666668,0.659,12.6,7.91,5.14,Strong Buy,7735,-1.19,139823,4.63,10.29,14.44,8.3,28.48,2026-08-31,2026-08-31
Homosassa,FL,"Homosassa Springs, FL",Citrus County,305379.9064578074,-1.33,2010.8333333333333,10.87,24130,0.658,12.7,7.9,5.14,Strong Buy,NA,NA,170174,10.1,32.17,16.44,8.93,15.17,2026-08-31,2026-08-31
Winnsboro,SC,"Columbia, SC",Fairfield County,169048.7282109774,2.15,1114.5,NA,13374,0.659,12.6,7.91,5.14,Strong Buy,NA,NA,NA,NA,NA,NA,NA,NA,2026-08-31,2026-08-31
Mount Healthy,OH,"Cincinnati, OH-KY-IN",Hamilton County,194148.94159465248,0.16,1280.2777777777776,1.58,15363.333333333332,0.659,12.6,7.91,5.14,Strong Buy,6916,-0.99,837359,0.84,4.18,7.42,4.2,41.01,2026-08-31,2026-08-31
Conway,SC,"Myrtle Beach-Conway-North Myrtle Beach, SC-NC",Horry County,288359.17901479633,0.09,1897.0441595441596,1.36,22764.529914529914,0.658,12.7,7.89,5.13,Strong Buy,29656,17.79,413391,16.85,39.46,28.98,22.81,24.16,2026-08-31,2026-08-31
Pekin,IL,"Peoria, IL",Tazewell County,144443.4595855841,6.91,950.0555555555557,NA,11400.666666666668,0.658,12.7,7.89,5.13,Strong Buy,31266,-1.75,129821,-1.12,2.24,8.27,7.1,22.47,2026-08-31,2026-08-31
Hampton,GA,"Atlanta-Sandy Springs-Alpharetta, GA",Henry County,305708.7986114202,-2.78,2009.9401444788443,5.54,24119.28173374613,0.657,12.7,7.89,5.13,Strong Buy,9201,9.37,259315,7.21,13.48,5.36,6.33,27.46,2026-08-31,2026-08-31
Palatka,FL,"Palatka, FL",Putnam County,210628.70719322385,1.13,1384.1166666666668,-2.09,16609.4,0.657,12.7,7.89,5.13,Strong Buy,10867,3.77,77301,5.33,18.81,16.29,2.51,27.39,2026-08-31,2026-08-31
Mound,MN,"Minneapolis-St. Paul-Bloomington, MN-WI",Hennepin County,381470.915570295,1.36,2510.833333333333,NA,30129.999999999996,0.658,12.7,7.9,5.13,Strong Buy,NA,NA,NA,NA,NA,NA,NA,NA,2026-08-31,2026-08-31
Walled Lake,MI,"Detroit-Warren-Dearborn, MI",Oakland County,243723.4118797409,0.41,1601.5,NA,19218,0.657,12.7,7.89,5.13,Strong Buy,NA,NA,NA,NA,NA,NA,NA,NA,2026-08-31,2026-08-31
Millington,TN,"Memphis, TN-MS-AR",Shelby County,239609.17761540212,1.98,1571.6805555555557,1.01,18860.166666666668,0.656,12.7,7.87,5.12,Strong Buy,11486,8.55,910530,-2.07,-7.65,10.56,7.81,45.42,2026-08-31,2026-08-31
Garden City,GA,"Savannah, GA",Chatham County,268053.50083887856,1.79,1759.1666666666667,NA,21110,0.656,12.7,7.88,5.12,Strong Buy,NA,NA,NA,NA,NA,NA,NA,NA,2026-08-31,2026-08-31
Painted Post,NY,"Corning, NY",Steuben County,212095.57137790555,4.77,1391.8333333333333,1.85,16702,0.656,12.7,7.87,5.12,Strong Buy,1721,-2.77,92015,-1.4,1.05,18.18,6.06,26.47,2026-08-31,2026-08-31
Lorena,TX,"Waco, TX",McLennan County,345342.89705047844,-0.16,2265,NA,27180,0.656,12.7,7.87,5.12,Strong Buy,NA,NA,NA,NA,NA,NA,NA,NA,2026-08-31,2026-08-31
Noble,OK,"Oklahoma City, OK",Cleveland County,209612.3272371613,0.61,1376.111111111111,NA,16513.333333333332,0.657,12.7,7.88,5.12,Strong Buy,7779,10.61,303952,2.6,5.34,6.41,5.83,35.92,2026-08-31,2026-08-31
Cleveland Heights,OH,"Cleveland-Elyria, OH",Cuyahoga County,214165.99404211983,0.7,1404.2294548748353,4.2,16850.753458498024,0.656,12.7,7.87,5.11,Strong Buy,44064,-2.56,1240594,-1.75,1.72,9.97,5.22,40.95,2026-08-31,2026-08-31
Romeoville,IL,"Chicago-Naperville-Elgin, IL-IN-WI",Will County,321332.90490727004,2.57,2104.3813131313127,2.89,25252.575757575753,0.655,12.7,7.86,5.11,Strong Buy,41177,0.9,708583,1.68,4.83,4.5,3.98,17.48,2026-08-31,2026-08-31
Benton Harbor,MI,"Niles, MI",Berrien County,160358.0355154307,7.01,1051.0555555555557,NA,12612.666666666668,0.655,12.7,7.87,5.11,Strong Buy,NA,NA,NA,NA,NA,NA,NA,NA,2026-08-31,2026-08-31
Artesia,NM,"Carlsbad-Artesia, NM",Eddy County,249251.9415463029,3.51,1633.3333333333337,NA,19600.000000000004,0.655,12.7,7.86,5.11,Strong Buy,NA,NA,NA,NA,NA,NA,NA,NA,2026-08-31,2026-08-31
Floral City,FL,"Homosassa Springs, FL",Citrus County,274692.26677120227,1.75,1800,NA,21600,0.655,12.7,7.86,5.11,Strong Buy,NA,NA,NA,NA,NA,NA,NA,NA,2026-08-31,2026-08-31
Landover Hills,MD,"Washington-Arlington-Alexandria, DC-VA-MD-WV",Prince Georges County,360545.5076225931,-4.39,2360,NA,28320,0.655,12.7,7.85,5.11,Strong Buy,NA,NA,NA,NA,NA,NA,NA,NA,2026-08-31,2026-08-31
Lehigh Acres,FL,"Cape Coral-Fort Myers, FL",Lee County,279720.4631528238,-5.82,1830.7001242236024,-1.82,21968.40149068323,0.654,12.7,7.85,5.1,Strong Buy,NA,NA,860959,12.46,20.97,25.72,10.08,26.02,2026-08-31,2026-08-31
Lufkin,TX,"Lufkin, TX",Angelina County,210506.3431734331,-0.35,1376.6666666666667,2.49,16520,0.654,12.7,7.85,5.1,Strong Buy,34399,0.8,88094,1.84,3.36,12.54,5.53,35.7,2026-08-31,2026-08-31
Commack,NY,"New York-Newark-Jersey City, NY-NJ-PA",Suffolk County,825242.0191480146,4.62,5400,NA,64800,0.654,12.7,7.85,5.1,Strong Buy,NA,NA,NA,NA,NA,NA,NA,NA,2026-08-31,2026-08-31
Eden,NC,"Greensboro-High Point, NC",Rockingham County,148257.37233699393,-1.7,968.75,NA,11625,0.653,12.8,7.84,5.1,Strong Buy,NA,NA,NA,NA,NA,NA,NA,NA,2026-08-31,2026-08-31
Taft,CA,"Bakersfield, CA",Kern County,206749.2670008052,-2.16,1352.0833333333333,NA,16225,0.654,12.7,7.85,5.1,Strong Buy,NA,NA,NA,NA,NA,NA,NA,NA,2026-08-31,2026-08-31
Eastlake,OH,"Cleveland-Elyria, OH",Lake County,211145.69166074507,2.38,1380,NA,16560,0.654,12.8,7.84,5.1,Strong Buy,NA,NA,NA,NA,NA,NA,NA,NA,2026-08-31,2026-08-31
Irmo,SC,"Columbia, SC",Richland County,281024.29280632304,0.87,1832.378787878788,0.11,21988.545454545456,0.652,12.8,7.82,5.09,Strong Buy,12086,5.18,430651,3.6,10.35,10.74,5.98,39.63,2026-08-31,2026-08-31
Wheeling,IL,"Chicago-Naperville-Elgin, IL-IN-WI",Cook County,318835.8901797049,4.48,2079.5819530710833,0.37,24954.983436853,0.652,12.8,7.83,5.09,Strong Buy,38329,-2.28,5182617,-1.6,5.9,8.18,4.67,42.49,2026-08-31,2026-08-31
Brookhaven,PA,"Philadelphia-Camden-Wilmington, PA-NJ-DE-MD",Delaware County,268420.4774507895,1.64,1750.8333333333333,NA,21010,0.652,12.8,7.83,5.09,Strong Buy,8407,1.35,584882,1.45,5.58,5.55,4.21,30.36,2026-08-31,2026-08-31
Antigo,WI,"Wausau-Weston, WI",Langlade County,184297.87856524184,10.08,1203.3333333333337,NA,14440.000000000004,0.653,12.8,7.84,5.09,Strong Buy,NA,NA,NA,NA,NA,NA,NA,NA,2026-08-31,2026-08-31
Independence,MO,"Kansas City, MO-KS",Jackson County,212612.61001683655,3.64,1384.710823612584,2.62,16616.529883351006,0.651,12.8,7.82,5.08,Strong Buy,121629,-0.99,727362,1.35,6.69,9.2,4.42,41.15,2026-08-31,2026-08-31
Texarkana,TX,"Texarkana, TX-AR",Bowie County,207703.35208142595,2.61,1353.5,3.2,16242,0.652,12.8,7.82,5.08,Strong Buy,35971,-0.71,91992,-0.99,5.8,12.54,3.94,37.31,2026-08-31,2026-08-31
Inverness,FL,"Homosassa Springs, FL",Citrus County,240020.77301446884,-0.57,1563.75,0.35,18765,0.652,12.8,7.82,5.08,Strong Buy,7887,3.72,170174,10.1,32.17,16.44,8.93,15.17,2026-08-31,2026-08-31
Aliquippa,PA,"Pittsburgh, PA",Beaver County,208559.44970271375,4.57,1358.9333333333334,-0.48,16307.2,0.652,12.8,7.82,5.08,Strong Buy,9003,-2.36,165540,-1.38,4.65,9.08,7.23,25.47,2026-08-31,2026-08-31
Morrow,OH,"Cincinnati, OH-KY-IN",Warren County,395916.33078134665,1.81,2577.5,NA,30930,0.651,12.8,7.81,5.08,Strong Buy,NA,NA,NA,NA,NA,NA,NA,NA,2026-08-31,2026-08-31
Marion,IN,"Marion, IN",Grant County,141454.47012592122,3.24,920.0833333333334,7.67,11041,0.65,12.8,7.81,5.07,Strong Buy,28216,-0.13,66458,-0.07,4.75,10.45,6.27,28.23,2026-08-31,2026-08-31
Angleton,TX,"Houston-The Woodlands-Sugar Land, TX",Brazoria County,251523.98131107772,-1.86,1635.7619047619046,NA,19629.142857142855,0.65,12.8,7.8,5.07,Strong Buy,20979,7.95,413224,10.63,23.74,10.51,11.33,26,2026-08-31,2026-08-31
Green Cove Springs,FL,"Jacksonville, FL",Clay County,339572.8992361283,-0.84,2206.7388888888886,0.71,26480.86666666666,0.65,12.8,7.8,5.07,Strong Buy,10087,2.22,236760,8.13,16.84,6.2,2.2,23.76,2026-08-31,2026-08-31
Polk City,FL,"Lakeland-Winter Haven, FL",Polk County,262619.1396002705,-3.23,1707.6666666666667,NA,20492,0.65,12.8,7.8,5.07,Strong Buy,3076,10.97,852878,16.8,32.56,16.11,4.75,29.98,2026-08-31,2026-08-31
Lexington,NE,"Lexington, NE",Dawson County,202545.08310791233,-1.59,1316.25,NA,15795,0.65,12.8,7.8,5.07,Strong Buy,NA,NA,NA,NA,NA,NA,NA,NA,2026-08-31,2026-08-31
Chugiak,AK,"Anchorage, AK",Anchorage Borough,515298.3515900865,4.32,3350,NA,40200,0.65,12.8,7.8,5.07,Strong Buy,NA,NA,NA,NA,NA,NA,NA,NA,2026-08-31,2026-08-31
Milwaukee,WI,"Milwaukee-Waukesha, WI",Milwaukee County,227628.8340018229,3.2,1476.7190596370262,4.95,17720.628715644314,0.649,12.8,7.78,5.06,Strong Buy,563531,-2.36,924740,-1.48,0.57,8.21,6.16,50.2,2026-08-31,2026-08-31
Topeka,KS,"Topeka, KS",Shawnee County,198041.2051726086,-0.1,1285.2698412698412,4.82,15423.238095238095,0.649,12.8,7.79,5.06,Strong Buy,125467,-0.76,177942,-0.43,2.25,7.86,9.57,33.02,2026-08-31,2026-08-31
Ferndale,MI,"Detroit-Warren-Dearborn, MI",Oakland County,250524.89193709783,-1.48,1626.7258672699847,5.58,19520.710407239818,0.649,12.8,7.79,5.06,Strong Buy,19431,1.21,1296888,1.91,10.58,5.25,6.51,27.73,2026-08-31,2026-08-31
Fraser,MI,"Detroit-Warren-Dearborn, MI",Macomb County,238947.2813559669,2.91,1550,NA,18600,0.649,12.8,7.78,5.06,Strong Buy,NA,NA,NA,NA,NA,NA,NA,NA,2026-08-31,2026-08-31
Mary Esther,FL,"Crestview-Fort Walton Beach-Destin, FL",Okaloosa County,323391.3166770942,-0.4,2098.875,4.7,25186.5,0.649,12.8,7.79,5.06,Strong Buy,4070,1.9,220483,3.95,1.51,17.91,14.17,32.25,2026-08-31,2026-08-31
Kansas City,KS,"Kansas City, MO-KS",Wyandotte County,204669.16757254495,2.21,1326.3122490863932,5.35,15915.746989036717,0.648,12.9,7.78,5.05,Strong Buy,156752,0.29,169418,0.29,9.87,10.75,5.34,38.65,2026-08-31,2026-08-31
Gretna,LA,"New Orleans-Metairie, LA",Jefferson Parish,242126.91295641984,2.75,1569.1666666666667,-1.64,18830,0.648,12.9,7.78,5.05,Strong Buy,17185,-3.25,427253,-2.84,2.2,8.82,5.5,37.69,2026-08-31,2026-08-31
Painesville,OH,"Cleveland-Elyria, OH",Lake County,230461.24659845236,3.2,1491.111111111111,NA,17893.333333333332,0.647,12.9,7.76,5.05,Strong Buy,20660,1.82,232360,-0.07,4.74,5.25,2.87,24.93,2026-08-31,2026-08-31
Williamstown,NJ,"Philadelphia-Camden-Wilmington, PA-NJ-DE-MD",Gloucester County,374476.6198984157,2.37,2425,NA,29100,0.648,12.9,7.77,5.05,Strong Buy,NA,NA,NA,NA,NA,NA,NA,NA,2026-08-31,2026-08-31
Denison,TX,"Sherman-Denison, TX",Grayson County,223253.35636554903,-6.62,1445.8792922477132,-1.37,17350.55150697256,0.648,12.9,7.77,5.05,Strong Buy,26446,7.76,150532,10.56,22.95,11.66,3.32,32.67,2026-08-31,2026-08-31
Adairsville,GA,"Atlanta-Sandy Springs-Alpharetta, GA",Bartow County,301657.526115632,2.18,1951.5277777777776,NA,23418.333333333332,0.647,12.9,7.76,5.05,Strong Buy,5029,2.82,117508,7.49,19.33,9.6,9.13,26.14,2026-08-31,2026-08-31
Newberry,FL,"Gainesville, FL",Alachua County,329546.1266008539,-1.99,2135.4166666666665,1.58,25625,0.648,12.9,7.78,5.05,Strong Buy,8326,12.42,291782,4.3,8.33,10.28,11.36,45.93,2026-08-31,2026-08-31
California City,CA,"Bakersfield, CA",Kern County,274793.5987679325,-3.38,1780.7936507936508,3.63,21369.52380952381,0.648,12.9,7.78,5.05,Strong Buy,13174,-12.62,922529,1.81,2.68,7.58,3.4,40.19,2026-08-31,2026-08-31
Lake Alfred,FL,"Lakeland-Winter Haven, FL",Polk County,306257.00205629226,-1.47,1980.8666666666668,NA,23770.4,0.647,12.9,7.76,5.05,Strong Buy,NA,NA,NA,NA,NA,NA,NA,NA,2026-08-31,2026-08-31
Brookshire,TX,"Houston-The Woodlands-Sugar Land, TX",Waller County,343979.58975995524,-4.02,2224.9801587301586,0.54,26699.7619047619,0.647,12.9,7.76,5.05,Strong Buy,5782,13.08,65109,13.65,12.62,9.85,7.28,29.45,2026-08-31,2026-08-31
Mobile,AL,"Mobile, AL",Mobile County,198188.68320919105,-0.63,1280.093987272999,3.89,15361.127847275988,0.646,12.9,7.75,5.04,Strong Buy,201367,-2.48,412339,-0.5,0.6,13.43,4.82,35.13,2026-08-31,2026-08-31
Carlsbad,NM,"Carlsbad-Artesia, NM",Eddy County,256595.87615492428,2.19,1657.571428571429,NA,19890.857142857145,0.646,12.9,7.75,5.04,Strong Buy,31999,-0.82,61436,-1.45,10.94,12.72,9.12,25.34,2026-08-31,2026-08-31
Fort Lee,NJ,"New York-Newark-Jersey City, NY-NJ-PA",Bergen County,599345.743233825,7.66,3871.521982706126,3.48,46458.26379247351,0.646,12.9,7.75,5.04,Strong Buy,40566,1.28,978641,2.61,10.38,4.13,3.53,34.64,2026-08-31,2026-08-31
Odenville,AL,"Birmingham-Hoover, AL",Saint Clair County,259312.68902861033,3.18,1674.7222222222224,3.85,20096.666666666668,0.646,12.9,7.75,5.04,Strong Buy,5711,15.16,NA,NA,NA,NA,NA,NA,2026-08-31,2026-08-31
Wingate,NC,"Charlotte-Concord-Gastonia, NC-SC",Union County,322122.86437904387,1.08,2079.75,NA,24957,0.646,12.9,7.75,5.04,Strong Buy,NA,NA,NA,NA,NA,NA,NA,NA,2026-08-31,2026-08-31
Hoquiam,WA,"Aberdeen, WA",Grays Harbor County,244950.6080751161,-4.13,1581.6666666666663,NA,18979.999999999996,0.646,12.9,7.75,5.04,Strong Buy,NA,NA,NA,NA,NA,NA,NA,NA,2026-08-31,2026-08-31
North Ridgeville,OH,"Cleveland-Elyria, OH",Lorain County,334099.54505769454,4.69,2153.3333333333335,NA,25840,0.645,12.9,7.73,5.03,Strong Buy,37504,5.78,322030,2.71,9.62,7.17,7.76,26.3,2026-08-31,2026-08-31
Durant,OK,"Durant, OK",Bryan County,226498.37943050443,-0.88,1461.8686868686866,2.05,17542.42424242424,0.645,12.9,7.75,5.03,Strong Buy,20908,11.67,50305,8.58,23.42,11.51,4.07,36.44,2026-08-31,2026-08-31
Olmsted Falls,OH,"Cleveland-Elyria, OH",Cuyahoga County,304885.96504959365,3.11,1966.3055555555557,NA,23595.666666666668,0.645,12.9,7.74,5.03,Strong Buy,NA,NA,NA,NA,NA,NA,NA,NA,2026-08-31,2026-08-31
Forest Park,OH,"Cincinnati, OH-KY-IN",Hamilton County,236060.8349891356,1.22,1521.673015873016,8.33,18260.076190476193,0.645,12.9,7.74,5.03,Strong Buy,20033,-0.67,837359,0.84,4.18,7.42,4.2,41.01,2026-08-31,2026-08-31
Lumberton,TX,"Beaumont-Port Arthur, TX",Hardin County,281914.92807171046,1.02,1818,NA,21816,0.645,12.9,7.74,5.03,Strong Buy,NA,NA,NA,NA,NA,NA,NA,NA,2026-08-31,2026-08-31
Beech Grove,IN,"Indianapolis-Carmel-Anderson, IN",Marion County,193393.293453345,-1.76,1246.0555555555557,NA,14952.666666666668,0.644,12.9,7.73,5.03,Strong Buy,14566,-0.84,981628,0.5,-0.05,9.65,5.22,44.07,2026-08-31,2026-08-31
Pittsburgh,PA,"Pittsburgh, PA",Allegheny County,239865.09250284472,-0.97,1545.2582902669972,3.57,18543.099483203965,0.644,12.9,7.73,5.02,Strong Buy,307668,1.61,1231814,-1.43,2.72,9.6,6.37,35.07,2026-08-31,2026-08-31
South Bend,IN,"South Bend-Mishawaka, IN-MI",Saint Joseph County,201639.44907902353,7.25,1297.9706724710734,3.02,15575.648069652882,0.644,12.9,7.72,5.02,Strong Buy,103713,0.35,NA,NA,NA,NA,NA,NA,2026-08-31,2026-08-31
Brentwood,MO,"St. Louis, MO-IL",Saint Louis County,271518.12832776585,1.92,1747.388888888889,3.5,20968.666666666668,0.644,12.9,7.72,5.02,Strong Buy,8111,-1.35,NA,NA,NA,NA,NA,NA,2026-08-31,2026-08-31
San Leon,TX,"Houston-The Woodlands-Sugar Land, TX",Galveston County,243232.104602834,-3.3,1565,NA,18780,0.643,13,7.72,5.02,Strong Buy,NA,NA,NA,NA,NA,NA,NA,NA,2026-08-31,2026-08-31
Springfield,MI,"Battle Creek, MI",Calhoun County,148746.6927808455,8.1,957.8333333333334,NA,11494,0.644,12.9,7.73,5.02,Strong Buy,NA,NA,NA,NA,NA,NA,NA,NA,2026-08-31,2026-08-31
Saint Hedwig,TX,"San Antonio-New Braunfels, TX",Bexar County,287897.60607359046,-1.02,1851.3583333333331,-0.15,22216.299999999996,0.643,13,7.72,5.02,Strong Buy,NA,NA,2127737,5.56,8.6,8.27,8.16,40.89,2026-08-31,2026-08-31
Cramerton,NC,"Charlotte-Concord-Gastonia, NC-SC",Gaston County,306785.11843247205,-0.8,1975,NA,23700,0.644,12.9,7.73,5.02,Strong Buy,NA,NA,NA,NA,NA,NA,NA,NA,2026-08-31,2026-08-31
Columbia,SC,"Columbia, SC",Richland County,230191.01419572023,1.16,1479.4703766900209,2.66,17753.64452028025,0.643,13,7.71,5.01,Strong Buy,144788,6.3,430651,3.6,10.35,10.74,5.98,39.63,2026-08-31,2026-08-31
Montgomery Village,MD,"Washington-Arlington-Alexandria, DC-VA-MD-WV",Montgomery County,384787.94385816343,-2.09,2470.821428571429,6.88,29649.857142857145,0.642,13,7.71,5.01,Strong Buy,NA,NA,1082273,2.02,7.76,4.26,3.68,34.66,2026-08-31,2026-08-31
Hartsville,SC,"Florence, SC",Darlington County,186999.41281221472,11.18,1200.5,NA,14406,0.642,13,7.7,5.01,Strong Buy,NA,NA,NA,NA,NA,NA,NA,NA,2026-08-31,2026-08-31
Norwalk,OH,"Norwalk, OH",Huron County,220909.43005551325,6.87,1419.5,NA,17034,0.643,13,7.71,5.01,Strong Buy,NA,NA,NA,NA,NA,NA,NA,NA,2026-08-31,2026-08-31
Bristol,PA,"Philadelphia-Camden-Wilmington, PA-NJ-DE-MD",Bucks County,344760.31672713003,2.08,2208.3333333333335,NA,26500,0.641,13,7.69,5,Strong Buy,NA,NA,NA,NA,NA,NA,NA,NA,2026-08-31,2026-08-31
Cameron,NC,"Fayetteville, NC",Harnett County,322805.3232177335,0.52,2071.2751322751324,1.95,24855.30158730159,0.642,13,7.7,5,Strong Buy,262,8.71,146096,9.26,25.57,10.01,8.1,30.51,2026-08-31,2026-08-31
University Heights,OH,"Cleveland-Elyria, OH",Cuyahoga County,288366.50735345884,2.69,1847.7142857142856,11.21,22172.571428571428,0.641,13,7.69,5,Strong Buy,13265,-4.51,1240594,-1.75,1.72,9.97,5.22,40.95,2026-08-31,2026-08-31
Westview,FL,"Miami-Fort Lauderdale-Pompano Beach, FL",Miami-Dade County,471062.5991635827,1.52,3020,NA,36240,0.641,13,7.69,5,Strong Buy,NA,NA,NA,NA,NA,NA,NA,NA,2026-08-31,2026-08-31
Kingston,PA,"Scranton--Wilkes-Barre, PA",Luzerne County,237156.87902479767,3.17,1519.9166666666667,5.82,18239,0.641,13,7.69,5,Strong Buy,13476,1.06,331379,1.89,10.61,11.64,4.79,32.25,2026-08-31,2026-08-31
Rockford,IL,"Rockford, IL",Winnebago County,186897.21558571723,9.74,1194.9379817916004,7.84,14339.255781499203,0.639,13,7.67,4.99,Strong Buy,147486,-0.81,283790,-0.41,5.67,7.61,5.29,34.76,2026-08-31,2026-08-31
Waterloo,IA,"Waterloo-Cedar Falls, IA",Black Hawk County,147779.58308871556,0.24,945.3155513217432,5.07,11343.786615860918,0.64,13,7.68,4.99,Strong Buy,67477,0.31,132348,0.99,6.61,8.52,6.11,34.68,2026-08-31,2026-08-31
Sebring,FL,"Sebring-Avon Park, FL",Highlands County,238670.9185397511,-1.75,1527.0781625781626,1.23,18324.93795093795,0.64,13,7.68,4.99,Strong Buy,11795,7.39,109778,8.33,24.45,20.91,3.81,21.08,2026-08-31,2026-08-31
Andover,MN,"Minneapolis-St. Paul-Bloomington, MN-WI",Anoka County,442081.0806390006,1.74,2830,NA,33960,0.64,13,7.68,4.99,Strong Buy,NA,NA,NA,NA,NA,NA,NA,NA,2026-08-31,2026-08-31
Anniston,AL,"Anniston-Oxford, AL",Calhoun County,146885.30185675013,4.65,939.5,NA,11274,0.64,13,7.68,4.99,Strong Buy,21127,-1.83,116427,0.16,3.01,15.29,5.39,29.61,2026-08-31,2026-08-31
Deer Park,TX,"Houston-The Woodlands-Sugar Land, TX",Harris County,280488.673072272,0.09,1792.685185185185,6.32,21512.22222222222,0.639,13,7.67,4.99,Strong Buy,34495,0.38,5009302,5.78,13.97,8.3,8.76,45.24,2026-08-31,2026-08-31
Hartselle,AL,"Decatur, AL",Morgan County,249856.78177569553,1.83,1600,NA,19200,0.64,13,7.68,4.99,Strong Buy,NA,NA,NA,NA,NA,NA,NA,NA,2026-08-31,2026-08-31
Pahoa,HI,"Hilo, HI",Hawaii County,288967.12247179303,-1.2,1850,NA,22200,0.64,13,7.68,4.99,Strong Buy,NA,NA,NA,NA,NA,NA,NA,NA,2026-08-31,2026-08-31
Crestwood,MO,"St. Louis, MO-IL",Saint Louis County,343767.96889013116,2.69,2200,NA,26400,0.64,13,7.68,4.99,Strong Buy,NA,NA,NA,NA,NA,NA,NA,NA,2026-08-31,2026-08-31
Saint Bernard,OH,"Cincinnati, OH-KY-IN",Hamilton County,206366.00604052315,-2.6,1320,NA,15840,0.64,13,7.68,4.99,Strong Buy,NA,NA,NA,NA,NA,NA,NA,NA,2026-08-31,2026-08-31
Walls,MS,"Memphis, TN-MS-AR",DeSoto County,258439.08677280357,1.53,1653.611111111111,NA,19843.333333333332,0.64,13,7.68,4.99,Strong Buy,1412,4.75,195871,5.23,10.71,6.4,13.83,22.2,2026-08-31,2026-08-31
Sugarloaf,CA,"Riverside-San Bernardino-Ontario, CA",San Bernardino County,293282.513486502,-8.22,1875,NA,22500,0.639,13,7.67,4.99,Strong Buy,NA,NA,NA,NA,NA,NA,NA,NA,2026-08-31,2026-08-31
Corpus Christi,TX,"Corpus Christi, TX",Nueces County,223077.88156781776,0.35,1424.2274853635656,1.86,17090.72982436279,0.638,13.1,7.66,4.98,Strong Buy,317317,-0.3,353125,-0.13,-0.82,14.59,10.79,40.12,2026-08-31,2026-08-31
Okeechobee,FL,"Okeechobee, FL",Okeechobee County,289622.94320744235,0.45,1850,NA,22200,0.639,13,7.67,4.98,Strong Buy,NA,NA,NA,NA,NA,NA,NA,NA,2026-08-31,2026-08-31
North Lauderdale,FL,"Miami-Fort Lauderdale-Pompano Beach, FL",Broward County,351664.2573509347,-2.3,2244.4407143328713,0.74,26933.288571994453,0.638,13.1,7.66,4.98,Strong Buy,46335,3.6,2037472,4.84,14.84,13.18,6.08,36.74,2026-08-31,2026-08-31
Niles,MI,"Niles, MI",Berrien County,215484.34245258395,7.04,1376,NA,16512,0.639,13.1,7.66,4.98,Strong Buy,NA,NA,NA,NA,NA,NA,NA,NA,2026-08-31,2026-08-31
Millville,NJ,"Vineland-Bridgeton, NJ",Cumberland County,261597.2010267148,1.85,1670.1944444444443,3.29,20042.333333333332,0.638,13.1,7.66,4.98,Strong Buy,27838,1.54,155678,1.27,14.49,6.75,4.2,34.45,2026-08-31,2026-08-31
Hernando,MS,"Memphis, TN-MS-AR",DeSoto County,344819.2850229927,2.19,2201.944444444445,1.87,26423.333333333336,0.639,13,7.66,4.98,Strong Buy,18542,7.33,195871,5.23,10.71,6.4,13.83,22.2,2026-08-31,2026-08-31
Groveland,FL,"Orlando-Kissimmee-Sanford, FL",Lake County,368857.4110168009,-3.37,2356.527777777778,3.56,28278.333333333336,0.639,13,7.67,4.98,Strong Buy,24602,30.26,444204,15.01,42.09,12.7,9.37,23.35,2026-08-31,2026-08-31
Hialeah Gardens,FL,"Miami-Fort Lauderdale-Pompano Beach, FL",Miami-Dade County,419807.26029149786,-0.32,2682.8333333333335,0.7,32194,0.639,13,7.67,4.98,Strong Buy,NA,NA,NA,NA,NA,NA,NA,NA,2026-08-31,2026-08-31
Highland Springs,VA,"Richmond, VA",Henrico County,260798.99115919025,2,1665.5,NA,19986,0.639,13,7.66,4.98,Strong Buy,NA,NA,NA,NA,NA,NA,NA,NA,2026-08-31,2026-08-31
Rotonda West,FL,"Punta Gorda, FL",Charlotte County,345522.59395238286,-4.75,2204.702380952381,12.04,26456.428571428572,0.638,13.1,7.66,4.98,Strong Buy,NA,NA,212122,12.82,34.15,23.9,13.02,16.83,2026-08-31,2026-08-31
El Paso,TX,"El Paso, TX",El Paso County,238474.7260709569,2.23,1518.941177402997,3.25,18227.294128835965,0.637,13.1,7.64,4.97,Strong Buy,681723,0.34,875784,1.05,-3.46,7.63,7.18,36.32,2026-08-31,2026-08-31
North Port,FL,"North Port-Sarasota-Bradenton, FL",Sarasota County,301966.8442332769,-3.55,1922.9563492063492,-1.77,23075.47619047619,0.637,13.1,7.64,4.97,Strong Buy,92875,23.02,476604,9.25,17.16,21.04,7.8,23.66,2026-08-31,2026-08-31
Hope Mills,NC,"Fayetteville, NC",Cumberland County,262834.0060867011,0.75,1674.6055555555556,3.06,20095.266666666666,0.637,13.1,7.65,4.97,Strong Buy,18102,1.58,338430,0.37,-6.05,10.52,6.19,46.34,2026-08-31,2026-08-31
Seffner,FL,"Tampa-St. Petersburg-Clearwater, FL",Hillsborough County,354669.47646867967,-0.45,2258.5,4.28,27102,0.637,13.1,7.64,4.97,Strong Buy,NA,NA,1581426,7.85,12.2,7.8,6.74,38.94,2026-08-31,2026-08-31
Jackson,GA,"Atlanta-Sandy Springs-Alpharetta, GA",Butts County,287396.2447696957,0.49,1832.7777777777776,47.48,21993.333333333332,0.638,13.1,7.65,4.97,Strong Buy,NA,NA,NA,NA,NA,NA,NA,NA,2026-08-31,2026-08-31
Walker,LA,"Baton Rouge, LA",Livingston Parish,254890.6178024653,3.31,1625,NA,19500,0.638,13.1,7.65,4.97,Strong Buy,NA,NA,NA,NA,NA,NA,NA,NA,2026-08-31,2026-08-31
Byram,MS,"Jackson, MS",Hinds County,221299.65177078953,1.82,1410.4166666666667,NA,16925,0.637,13.1,7.65,4.97,Strong Buy,NA,NA,NA,NA,NA,NA,NA,NA,2026-08-31,2026-08-31
Olyphant,PA,"Scranton--Wilkes-Barre, PA",Lackawanna County,250966.0676755038,8.77,1600,NA,19200,0.638,13.1,7.65,4.97,Strong Buy,NA,NA,NA,NA,NA,NA,NA,NA,2026-08-31,2026-08-31
Ranson,WV,"Washington-Arlington-Alexandria, DC-VA-MD-WV",Jefferson County,317160.2254503898,3.16,2020.3333333333333,NA,24244,0.637,13.1,7.64,4.97,Strong Buy,NA,NA,61264,6.02,25.09,9.47,4.36,20.76,2026-08-31,2026-08-31
Palmetto,FL,"North Port-Sarasota-Bradenton, FL",Manatee County,350284.8869629668,-3.41,2227.990875137934,0.66,26735.89050165521,0.636,13.1,7.63,4.96,Strong Buy,13682,2.62,458352,14.12,32.53,21.45,16.3,25.31,2026-08-31,2026-08-31
Riviera Beach,FL,"Miami-Fort Lauderdale-Pompano Beach, FL",Palm Beach County,411350.3878618407,0.7,2618.328525641026,2.55,31419.942307692312,0.637,13.1,7.64,4.96,Strong Buy,39620,5.35,1582055,5.87,15.98,16.36,6.94,30.14,2026-08-31,2026-08-31
Niles,OH,"Youngstown-Warren-Boardman, OH-PA",Trumbull County,139001.91192464612,7.81,883.3333333333334,NA,10600,0.635,13.1,7.63,4.96,Strong Buy,NA,NA,NA,NA,NA,NA,NA,NA,2026-08-31,2026-08-31
Richlands,NC,"Jacksonville, NC",Onslow County,276420.19813344325,4.44,1757.7777777777776,6.16,21093.333333333332,0.636,13.1,7.63,4.96,Strong Buy,NA,NA,NA,NA,NA,NA,NA,NA,2026-08-31,2026-08-31
Hockley,TX,"Houston-The Woodlands-Sugar Land, TX",Harris County,302588.560368974,-3.51,1925.110229276896,1.65,23101.322751322754,0.636,13.1,7.63,4.96,Strong Buy,NA,NA,5009302,5.78,13.97,8.3,8.76,45.24,2026-08-31,2026-08-31
Millbrook,AL,"Montgomery, AL",Elmore County,222438.58594812301,4.51,1414.2380952380954,5.92,16970.857142857145,0.636,13.1,7.63,4.96,Strong Buy,17392,5.25,91042,3.61,6.16,12.29,7.49,23.14,2026-08-31,2026-08-31
Springfield,FL,"Panama City, FL",Bay County,217653.6053466961,-0.03,1383.9583333333333,NA,16607.5,0.636,13.1,7.63,4.96,Strong Buy,NA,NA,NA,NA,NA,NA,NA,NA,2026-08-31,2026-08-31
Missouri City,TX,"Houston-The Woodlands-Sugar Land, TX",Fort Bend County,333316.44550023664,-1.64,2117.3706590101174,-0.35,25408.44790812141,0.635,13.1,7.62,4.95,Strong Buy,78582,5.56,958434,15.57,27.37,4.23,6.33,22.52,2026-08-31,2026-08-31
Hamden,CT,"New Haven-Milford, CT",New Haven County,371722.3108230802,5.54,2358.6558974358973,5.16,28303.870769230765,0.635,13.1,7.61,4.95,Strong Buy,NA,NA,NA,NA,NA,NA,NA,NA,2026-08-31,2026-08-31
Sebastian,FL,"Sebastian-Vero Beach, FL",Indian River County,347164.80654980545,-0.29,2203.75,8.97,26445,0.635,13.1,7.62,4.95,Strong Buy,27087,7.81,172139,7.28,17.28,19.27,12.3,20.67,2026-08-31,2026-08-31
Geneva,NY,"Rochester, NY",Ontario County,229570.7673688577,4.81,1458.3333333333333,NA,17500,0.635,13.1,7.62,4.95,Strong Buy,NA,NA,NA,NA,NA,NA,NA,NA,2026-08-31,2026-08-31
Bryant,AR,"Little Rock-North Little Rock-Conway, AR",Saline County,256514.81209906584,2.32,1627.777777777778,NA,19533.333333333336,0.635,13.1,7.61,4.95,Strong Buy,22271,7.26,131252,6,12.47,5.49,4.29,23.56,2026-08-31,2026-08-31
Hopatcong,NJ,"New York-Newark-Jersey City, NY-NJ-PA",Sussex County,458708.313438911,3.66,2912.5,NA,34950,0.635,13.1,7.62,4.95,Strong Buy,NA,NA,NA,NA,NA,NA,NA,NA,2026-08-31,2026-08-31
White Oak,PA,"Pittsburgh, PA",Allegheny County,202459.8108878214,6.56,1285,NA,15420,0.635,13.1,7.62,4.95,Strong Buy,NA,NA,NA,NA,NA,NA,NA,NA,2026-08-31,2026-08-31
Douglasville,GA,"Atlanta-Sandy Springs-Alpharetta, GA",Douglas County,302238.0640964113,-2.49,1915.440316205534,1.54,22985.283794466406,0.634,13.1,7.61,4.94,Strong Buy,40540,16.56,151887,4.98,12.74,7.01,6.02,33.56,2026-08-31,2026-08-31
Covington,GA,"Atlanta-Sandy Springs-Alpharetta, GA",Newton County,294221.56122038816,-1.03,1865.051117792168,2.31,22380.613413506017,0.634,13.1,7.61,4.94,Strong Buy,15302,7.47,124010,9.84,25.97,5.38,2.87,26.08,2026-08-31,2026-08-31
Muncie,IN,"Muncie, IN",Delaware County,158232.802848512,3.47,1002.24126984127,6.12,12026.89523809524,0.633,13.2,7.6,4.94,Strong Buy,65320,0.34,112951,1.07,7,10.59,8.46,33.51,2026-08-31,2026-08-31
Jackson,TN,"Jackson, TN",Madison County,224512.27158301693,-1.51,1421.3904323369518,2.11,17056.685188043422,0.633,13.2,7.6,4.94,Strong Buy,69303,1.62,100409,1.59,9.43,9.98,6.29,37.51,2026-08-31,2026-08-31
Leesburg,FL,"Orlando-Kissimmee-Sanford, FL",Lake County,275435.0773065692,-3.64,1743.9993966817501,2,20927.992760181,0.633,13.2,7.6,4.94,Strong Buy,37815,39.4,444204,15.01,42.09,12.7,9.37,23.35,2026-08-31,2026-08-31
Donna,TX,"McAllen-Edinburg-Mission, TX",Hidalgo County,154183.48942622807,3.47,976.25,NA,11715,0.633,13.2,7.6,4.94,Strong Buy,NA,NA,NA,NA,NA,NA,NA,NA,2026-08-31,2026-08-31
Hobbs,NM,"Hobbs, NM",Lea County,216560.04535427375,3.82,1372.9166666666667,7.04,16475,0.634,13.1,7.61,4.94,Strong Buy,41061,0.99,75151,0.68,18.63,12.65,8.8,30.51,2026-08-31,2026-08-31
Merrillville,IN,"Chicago-Naperville-Elgin, IL-IN-WI",Lake County,245189.2772880399,1.1,1552.5902777777776,3.35,18631.083333333332,0.633,13.2,7.6,4.94,Strong Buy,36989,1.45,502955,0.8,4.19,10.57,4.92,29.14,2026-08-31,2026-08-31
Burlington,KY,"Cincinnati, OH-KY-IN",Boone County,327821.109374698,2.79,2078.222222222222,6.97,24938.666666666664,0.634,13.1,7.61,4.94,Strong Buy,NA,NA,144135,5.61,14.15,4.07,4.79,23.34,2026-08-31,2026-08-31
Girard,OH,"Youngstown-Warren-Boardman, OH-PA",Trumbull County,153508.8114796298,7.11,972.5,NA,11670,0.634,13.2,7.6,4.94,Strong Buy,NA,NA,NA,NA,NA,NA,NA,NA,2026-08-31,2026-08-31
Auburn,GA,"Atlanta-Sandy Springs-Alpharetta, GA",Barrow County,361382.1029276469,-3.12,2288,-0.45,27456,0.633,13.2,7.6,4.94,Strong Buy,10094,33.52,96294,14.63,29.79,4.88,6.41,20.54,2026-08-31,2026-08-31
South Daytona,FL,"Deltona-Daytona Beach-Ormond Beach, FL",Volusia County,249214.359258166,2.04,1577.888888888889,0.55,18934.666666666668,0.633,13.2,7.6,4.94,Strong Buy,13906,7.17,602772,8.46,21.72,14.56,6.51,27.2,2026-08-31,2026-08-31
Carterville,IL,"Carbondale-Marion, IL",Williamson County,187434.0034128479,1.55,1187.5,NA,14250,0.634,13.2,7.6,4.94,Strong Buy,NA,NA,NA,NA,NA,NA,NA,NA,2026-08-31,2026-08-31
Roeland Park,KS,"Kansas City, MO-KS",Johnson County,335821.0714008081,4.88,2128.4166666666665,NA,25541,0.634,13.1,7.61,4.94,Strong Buy,6689,-2.58,632276,3.45,6.72,4.13,5,31.44,2026-08-31,2026-08-31
Toms River,NJ,"New York-Newark-Jersey City, NY-NJ-PA",Ocean County,464684.7133732655,3.91,2934.3349206349208,1.91,35212.01904761905,0.631,13.2,7.58,4.93,Strong Buy,NA,NA,666434,4.37,4.36,18.18,2.79,19.83,2026-08-31,2026-08-31
Baytown,TX,"Houston-The Woodlands-Sugar Land, TX",Harris County,245228.74727782712,-1.01,1549.3618645479112,1.83,18592.342374574935,0.632,13.2,7.58,4.93,Strong Buy,86004,0.66,5009302,5.78,13.97,8.3,8.76,45.24,2026-08-31,2026-08-31
Elyria,OH,"Cleveland-Elyria, OH",Lorain County,190344.37715098943,4.83,1202.4880952380952,6.05,14429.857142857141,0.632,13.2,7.58,4.93,Strong Buy,53604,1.74,322030,2.71,9.62,7.17,7.76,26.3,2026-08-31,2026-08-31
Oak Park,MI,"Detroit-Warren-Dearborn, MI",Oakland County,234914.79433322616,1.63,1485.5747863247864,2.91,17826.897435897437,0.632,13.2,7.59,4.93,Strong Buy,29402,-0.3,1296888,1.91,10.58,5.25,6.51,27.73,2026-08-31,2026-08-31
Burbank,IL,"Chicago-Naperville-Elgin, IL-IN-WI",Cook County,316023.69686356897,6.17,1995.5555555555552,NA,23946.666666666664,0.631,13.2,7.58,4.93,Strong Buy,NA,NA,NA,NA,NA,NA,NA,NA,2026-08-31,2026-08-31
Newport,KY,"Cincinnati, OH-KY-IN",Campbell County,247837.60558405588,-0.75,1566.128205128205,3.53,18793.53846153846,0.632,13.2,7.58,4.93,Strong Buy,13792,-2.51,94008,0.94,0.59,6.11,5.78,28.97,2026-08-31,2026-08-31
Krum,TX,"Dallas-Fort Worth-Arlington, TX",Denton County,330875.6892817936,-2.86,2090.1111111111113,NA,25081.333333333336,0.632,13.2,7.58,4.93,Strong Buy,NA,NA,NA,NA,NA,NA,NA,NA,2026-08-31,2026-08-31
Belcamp,MD,"Baltimore-Columbia-Towson, MD",Harford County,294146.9123392364,-0.21,1857.5,NA,22290,0.631,13.2,7.58,4.93,Strong Buy,NA,NA,265514,1.63,2.3,3.96,3.4,20.29,2026-08-31,2026-08-31
Champaign,IL,"Champaign-Urbana, IL",Champaign County,238959.7622243044,4.15,1506.2072829131655,4.75,18074.487394957985,0.63,13.2,7.56,4.92,Strong Buy,91961,4.03,212374,2.97,9.8,11.21,10.06,46.55,2026-08-31,2026-08-31
Humble,TX,"Houston-The Woodlands-Sugar Land, TX",Harris County,253294.16086581352,-1.88,1596.486590650753,-1.59,19157.839087809036,0.63,13.2,7.56,4.92,Strong Buy,16561,-0.97,5009302,5.78,13.97,8.3,8.76,45.24,2026-08-31,2026-08-31
Phenix City,AL,"Columbus, GA-AL",Russell County,214926.72699718396,5.88,1355.845238095238,4.38,16270.142857142857,0.631,13.2,7.57,4.92,Strong Buy,38509,-0.77,58837,-0.7,3.38,13.61,9.09,39.45,2026-08-31,2026-08-31
Cumberland,MD,"Cumberland, MD-WV",Allegany County,158708.18588993044,3.49,1000.2777777777776,5.22,12003.333333333332,0.63,13.2,7.56,4.92,Strong Buy,18643,-2.03,67097,-1.26,3.76,16.38,8.21,29.68,2026-08-31,2026-08-31
Opelousas,LA,"Opelousas, LA",Saint Landry Parish,133528.14878280423,-2.1,841.6666666666667,NA,10100,0.63,13.2,7.56,4.92,Strong Buy,NA,NA,NA,NA,NA,NA,NA,NA,2026-08-31,2026-08-31
Crowley,TX,"Dallas-Fort Worth-Arlington, TX",Tarrant County,312920.76995518187,-2.64,1973.2559523809523,3.14,23679.071428571428,0.631,13.2,7.57,4.92,Strong Buy,20483,11.63,2230708,5.41,8.74,7.08,7.73,40.64,2026-08-31,2026-08-31
Fort Dodge,IA,"Fort Dodge, IA",Webster County,132254.13724021715,1.01,834.6928571428572,6.97,10016.314285714287,0.631,13.2,7.57,4.92,Strong Buy,24886,0.09,36909,-0.22,8.4,8.28,3.21,29.91,2026-08-31,2026-08-31
Pittsburg,KS,"Pittsburg, KS",Crawford County,140153.36645258288,0.29,884.6655982905983,5.26,10615.98717948718,0.631,13.2,7.57,4.92,Strong Buy,20547,-0.43,38904,-0.12,-0.15,12.11,4.3,39.86,2026-08-31,2026-08-31
New Kensington,PA,"Pittsburgh, PA",Westmoreland County,178729.45253222805,-0.46,1127.9166666666663,NA,13534.999999999996,0.631,13.2,7.57,4.92,Strong Buy,NA,NA,NA,NA,NA,NA,NA,NA,2026-08-31,2026-08-31
Warrenville,IL,"Chicago-Naperville-Elgin, IL-IN-WI",DuPage County,359597.6378825917,3.7,2267.757142857143,5.23,27213.08571428572,0.631,13.2,7.57,4.92,Strong Buy,15247,11.86,937142,0.6,5.3,4.53,5.6,26.87,2026-08-31,2026-08-31
Burkburnett,TX,"Wichita Falls, TX",Wichita County,187002.5740204526,1.42,1179.1666666666667,NA,14150,0.631,13.2,7.57,4.92,Strong Buy,11101,1.2,129984,0.28,-1.28,12.09,11.62,38.5,2026-08-31,2026-08-31
Pilot Point,TX,"Dallas-Fort Worth-Arlington, TX",Denton County,320731.359431921,-6.13,2022.5555555555552,NA,24270.666666666664,0.631,13.2,7.57,4.92,Strong Buy,NA,NA,NA,NA,NA,NA,NA,NA,2026-08-31,2026-08-31
Daytona Beach Shores,FL,"Deltona-Daytona Beach-Ormond Beach, FL",Volusia County,369351.31604710704,0.25,2331.25,NA,27975,0.631,13.2,7.57,4.92,Strong Buy,NA,NA,NA,NA,NA,NA,NA,NA,2026-08-31,2026-08-31
Pasadena,TX,"Houston-The Woodlands-Sugar Land, TX",Harris County,218882.61046179725,-2.34,1377.9496565934066,1.15,16535.39587912088,0.63,13.2,7.55,4.91,Strong Buy,149617,-1.21,5009302,5.78,13.97,8.3,8.76,45.24,2026-08-31,2026-08-31
New Port Richey,FL,"Tampa-St. Petersburg-Clearwater, FL",Pasco County,288380.363770254,-1.32,1813.671769482987,-0.62,21764.061233795845,0.629,13.3,7.55,4.91,Strong Buy,18130,8.12,659114,16.41,37.43,13.3,5.54,24.5,2026-08-31,2026-08-31
Valdosta,GA,"Valdosta, GA",Lowndes County,214117.2168442011,4.03,1349.03882180481,3.96,16188.465861657718,0.63,13.2,7.56,4.91,Strong Buy,55667,0.44,122082,3.08,6.48,10.72,5.76,43.91,2026-08-31,2026-08-31
Sioux City,IA,"Sioux City, IA-NE-SD",Woodbury County,202481.94723347537,2.65,1274.968253968254,3.48,15299.619047619048,0.63,13.2,7.56,4.91,Strong Buy,86875,1.15,107257,1.23,1.97,6.07,4.79,31.57,2026-08-31,2026-08-31
Dalton,GA,"Dalton, GA",Whitfield County,239324.68812372664,-0.02,1505.148148148148,4.58,18061.777777777777,0.629,13.3,7.55,4.91,Strong Buy,34970,1.59,105070,2.21,6.78,8.5,4.36,32,2026-08-31,2026-08-31
Cocoa,FL,"Palm Bay-Melbourne-Titusville, FL",Brevard County,297819.5459720861,0.16,1872.9932920536637,4.54,22475.919504643964,0.629,13.3,7.55,4.91,Strong Buy,19909,4.61,658447,8.16,22.48,14.46,11.39,23.08,2026-08-31,2026-08-31
Royal Oak,MI,"Detroit-Warren-Dearborn, MI",Oakland County,330954.96512801066,2.11,2085.268176638177,3.7,25023.218119658122,0.63,13.2,7.56,4.91,Strong Buy,58251,0.34,1296888,1.91,10.58,5.25,6.51,27.73,2026-08-31,2026-08-31
New Castle,PA,"New Castle, PA",Lawrence County,152534.70489776268,4.81,960.6,8.62,11527.2,0.63,13.2,7.56,4.91,Strong Buy,21332,-2.59,84233,-2.02,1.64,9.07,2.84,24.57,2026-08-31,2026-08-31
Kent,OH,"Akron, OH",Portage County,252969.2224797168,4.62,1592.9907407407406,8.98,19115.888888888887,0.63,13.2,7.56,4.91,Strong Buy,27720,-1.62,163839,1.23,6.51,9.12,3.08,29.86,2026-08-31,2026-08-31
Villa Park,IL,"Chicago-Naperville-Elgin, IL-IN-WI",DuPage County,360663.63456673274,4.64,2268.7916666666665,NA,27225.5,0.629,13.2,7.55,4.91,Strong Buy,22020,-0.84,937142,0.6,5.3,4.53,5.6,26.87,2026-08-31,2026-08-31
Lake Placid,FL,"Sebring-Avon Park, FL",Highlands County,238604.19058525507,-1.61,1502.5,1.82,18030,0.63,13.2,7.56,4.91,Strong Buy,2561,7.65,109778,8.33,24.45,20.91,3.81,21.08,2026-08-31,2026-08-31
Red Oak,TX,"Dallas-Fort Worth-Arlington, TX",Ellis County,344401.88302240014,-1.45,2167.547619047619,5.83,26010.571428571428,0.629,13.2,7.55,4.91,Strong Buy,19365,34.46,232387,19.58,34.12,5.09,4.27,23.75,2026-08-31,2026-08-31
Gibsonville,NC,"Greensboro-High Point, NC",Guilford County,304282.20473322854,1.24,1915.6666666666667,NA,22988,0.63,13.2,7.55,4.91,Strong Buy,9744,6.55,558816,3.72,9.05,8.49,6.32,40.04,2026-08-31,2026-08-31
Mabank,TX,"Dallas-Fort Worth-Arlington, TX",Kaufman County,272278.64122894016,-1.1,1715.6666666666667,NA,20588,0.63,13.2,7.56,4.91,Strong Buy,7021,68.21,197829,34.42,49.26,5.77,8.22,21.41,2026-08-31,2026-08-31
Lubbock,TX,"Lubbock, TX",Lubbock County,212038.7716822977,2.11,1333.0422128872372,1.47,15996.506554646847,0.629,13.3,7.54,4.9,Strong Buy,272086,5.44,327394,5.07,11.74,9.1,7.87,44.7,2026-08-31,2026-08-31
Amarillo,TX,"Amarillo, TX",Randall County,211527.9789053688,3.98,1329.878038520373,6.28,15958.536462244476,0.629,13.3,7.54,4.9,Strong Buy,203729,1.58,150547,6.52,13.2,8.8,9.76,31.39,2026-08-31,2026-08-31
Brandon,MS,"Jackson, MS",Rankin County,290328.8673360892,2.71,1822.549090909091,2.69,21870.589090909092,0.628,13.3,7.53,4.9,Strong Buy,25870,2.94,160573,2.16,0.45,6.95,6.63,22.38,2026-08-31,2026-08-31
Grandview,MO,"Kansas City, MO-KS",Jackson County,222946.44488809767,4.14,1399.4450987608882,5.98,16793.34118513066,0.628,13.3,7.53,4.9,Strong Buy,26630,0.4,727362,1.35,6.69,9.2,4.42,41.15,2026-08-31,2026-08-31
Ennis,TX,"Dallas-Fort Worth-Arlington, TX",Ellis County,263767.69953371753,-1.95,1658.6560846560849,-1.95,19903.873015873018,0.629,13.3,7.55,4.9,Strong Buy,24753,22.47,232387,19.58,34.12,5.09,4.27,23.75,2026-08-31,2026-08-31
Perry,GA,"Warner Robins, GA",Houston County,276152.37510153075,2.72,1734.3055555555557,NA,20811.666666666668,0.628,13.3,7.54,4.9,Strong Buy,NA,NA,NA,NA,NA,NA,NA,NA,2026-08-31,2026-08-31
Chalmette,LA,"New Orleans-Metairie, LA",Saint Bernard Parish,218159.01870382376,2.39,1371.6666666666667,5.17,16460,0.629,13.3,7.54,4.9,Strong Buy,NA,NA,NA,NA,NA,NA,NA,NA,2026-08-31,2026-08-31
Laguna Woods,CA,"Los Angeles-Long Beach-Anaheim, CA",Orange County,463388.516747784,3.81,2913.141025641026,4.06,34957.69230769231,0.629,13.3,7.54,4.9,Strong Buy,17058,-3.15,3170435,-0.5,2.33,5.61,4.39,43.55,2026-08-31,2026-08-31
Albert Lea,MN,"Albert Lea, MN",Freeborn County,182805.00864847095,4.59,1147.6666666666667,NA,13772,0.628,13.3,7.53,4.9,Strong Buy,NA,NA,NA,NA,NA,NA,NA,NA,2026-08-31,2026-08-31
Hamburg,NJ,"New York-Newark-Jersey City, NY-NJ-PA",Sussex County,398280.492971462,2.92,2500,NA,30000,0.628,13.3,7.53,4.9,Strong Buy,NA,NA,NA,NA,NA,NA,NA,NA,2026-08-31,2026-08-31
Trappe,MD,"Easton, MD",Talbot County,413932.3013909496,-2.96,2600,NA,31200,0.628,13.3,7.54,4.9,Strong Buy,NA,NA,NA,NA,NA,NA,NA,NA,2026-08-31,2026-08-31
East Stroudsburg,PA,"East Stroudsburg, PA",Monroe County,314456.04864396533,2,1970.3809523809523,5.6,23644.571428571428,0.627,13.3,7.52,4.89,Strong Buy,9445,-2.3,166523,-1.07,1.94,23.78,3.78,20.47,2026-08-31,2026-08-31
Summerfield,FL,"Ocala, FL",Marion County,283096.9074376952,-2.42,1775,NA,21300,0.627,13.3,7.52,4.89,Strong Buy,NA,NA,428905,13.63,44.29,12.9,7.37,23.32,2026-08-31,2026-08-31
Hiram,GA,"Atlanta-Sandy Springs-Alpharetta, GA",Paulding County,310365.10938144964,-0.41,1944.94227994228,2.38,23339.30735930736,0.627,13.3,7.52,4.89,Strong Buy,5520,11.45,188549,11.19,23.16,4.71,4.59,19.73,2026-08-31,2026-08-31
Fultondale,AL,"Birmingham-Hoover, AL",Jefferson County,230615.41109649584,2.22,1445.3333333333333,NA,17344,0.627,13.3,7.52,4.89,Strong Buy,9325,-2.13,664744,-1.48,0.68,13.13,7.2,36.28,2026-08-31,2026-08-31
Los Lunas,NM,"Albuquerque, NM",Valencia County,331122.5899808658,2.96,2071.3988095238096,2.17,24856.785714285717,0.626,13.3,7.51,4.88,Strong Buy,19907,14.15,80813,5.63,18.83,11.89,4.66,17.95,2026-08-31,2026-08-31
La Porte,TX,"Houston-The Woodlands-Sugar Land, TX",Harris County,256732.23912767472,0.62,1606.5882352941178,-1.25,19279.058823529413,0.626,13.3,7.51,4.88,Strong Buy,38046,7.77,5009302,5.78,13.97,8.3,8.76,45.24,2026-08-31,2026-08-31
Parrish,FL,"North Port-Sarasota-Bradenton, FL",Manatee County,412555.44966261246,-3.78,2578.5119047619046,2.53,30942.142857142855,0.625,13.3,7.5,4.88,Strong Buy,NA,NA,458352,14.12,32.53,21.45,16.3,25.31,2026-08-31,2026-08-31
Stone Mountain,GA,"Atlanta-Sandy Springs-Alpharetta, GA",Dekalb County,267101.6190047595,-5.03,1666.8237591332827,-0.8,20001.885109599392,0.624,13.4,7.49,4.87,Strong Buy,6552,-2.11,NA,NA,NA,NA,NA,NA,2026-08-31,2026-08-31
Southfield,MI,"Detroit-Warren-Dearborn, MI",Oakland County,253901.89222566303,1.83,1583.652614211754,2.97,19003.831370541047,0.624,13.4,7.48,4.87,Strong Buy,76874,0.61,1296888,1.91,10.58,5.25,6.51,27.73,2026-08-31,2026-08-31
Prairieville,LA,"Baton Rouge, LA",Ascension Parish,338080.2436017179,1.95,2109.4761904761904,2.3,25313.714285714283,0.624,13.4,7.49,4.87,Strong Buy,NA,NA,133534,5.16,7.37,8.24,6.33,17.14,2026-08-31,2026-08-31
San Juan,TX,"McAllen-Edinburg-Mission, TX",Hidalgo County,181938.2367300555,-0.43,1136.111111111111,NA,13633.333333333332,0.624,13.3,7.49,4.87,Strong Buy,NA,NA,NA,NA,NA,NA,NA,NA,2026-08-31,2026-08-31
Crawfordville,FL,"Tallahassee, FL",Wakulla County,292941.3012831974,0.71,1827.7777777777776,-2.02,21933.333333333332,0.624,13.4,7.49,4.87,Strong Buy,NA,NA,NA,NA,NA,NA,NA,NA,2026-08-31,2026-08-31
Lockhart,TX,"Austin-Round Rock-Georgetown, TX",Caldwell County,274184.26458767214,-5.72,1712.3333333333333,NA,20548,0.625,13.3,7.49,4.87,Strong Buy,17166,19.51,52430,14.11,40.84,7.48,5.19,26.83,2026-08-31,2026-08-31
Willowbrook,IL,"Chicago-Naperville-Elgin, IL-IN-WI",DuPage County,324927.65898133215,3.43,2029.292929292929,6.08,24351.51515151515,0.625,13.3,7.49,4.87,Strong Buy,9179,-0.46,937142,0.6,5.3,4.53,5.6,26.87,2026-08-31,2026-08-31
Port Saint Lucie,FL,"Port St. Lucie, FL",Saint Lucie County,384592.6412424125,-1.25,2396.460709964193,1.86,28757.528519570318,0.623,13.4,7.48,4.86,Strong Buy,NA,NA,NA,NA,NA,NA,NA,NA,2026-08-31,2026-08-31
Canton,OH,"Canton-Massillon, OH",Stark County,175781.30585794602,4.62,1096.159420289855,3.09,13153.91304347826,0.624,13.4,7.48,4.86,Strong Buy,69211,-1.98,374091,-0.12,4.1,7.26,2.95,31.43,2026-08-31,2026-08-31
Winter Haven,FL,"Lakeland-Winter Haven, FL",Polk County,272484.0563946459,-2.66,1697.9761117002474,1.94,20375.71334040297,0.623,13.4,7.48,4.86,Strong Buy,59975,18.52,852878,16.8,32.56,16.11,4.75,29.98,2026-08-31,2026-08-31
Fairburn,GA,"Atlanta-Sandy Springs-Alpharetta, GA",Fulton County,320173.52386292367,-1.62,1996.4665041216767,3.25,23957.59804946012,0.624,13.4,7.48,4.86,Strong Buy,17267,4.25,1090354,1.97,1.33,8.52,7.69,45.86,2026-08-31,2026-08-31
Romulus,MI,"Detroit-Warren-Dearborn, MI",Wayne County,206505.15219602323,1.92,1287.5555555555557,8.56,15450.666666666668,0.623,13.4,7.48,4.86,Strong Buy,24652,-1.78,1771063,-1.04,3.75,12.9,4.58,35.52,2026-08-31,2026-08-31
Baker,LA,"Baton Rouge, LA",East Baton Rouge Parish,186661.12278084632,1.71,1163.888888888889,NA,13966.666666666668,0.624,13.4,7.48,4.86,Strong Buy,NA,NA,NA,NA,NA,NA,NA,NA,2026-08-31,2026-08-31
Bonaire,GA,"Warner Robins, GA",Houston County,304820.9726851911,3.03,1900.2777777777776,3.94,22803.333333333332,0.623,13.4,7.48,4.86,Strong Buy,NA,NA,174897,6.41,13.28,9.04,8.05,32.9,2026-08-31,2026-08-31
Diberville,MS,"Gulfport-Biloxi, MS",Harrison County,230328.7700215608,2.64,1436.111111111111,NA,17233.333333333332,0.624,13.4,7.48,4.86,Strong Buy,NA,NA,213730,2.34,10.31,13.14,7.09,39.41,2026-08-31,2026-08-31
Montrose,VA,"Richmond, VA",Henrico County,259698.7384835583,2.06,1618.0833333333333,NA,19417,0.623,13.4,7.48,4.86,Strong Buy,NA,NA,338696,1.12,7.45,5.15,5.64,35.38,2026-08-31,2026-08-31
Decatur,GA,"Atlanta-Sandy Springs-Alpharetta, GA",Dekalb County,279906.3901075879,-3.61,1739.0656266690405,1.41,20868.787520028487,0.621,13.4,7.46,4.85,Strong Buy,24482,-1.69,NA,NA,NA,NA,NA,NA,2026-08-31,2026-08-31
Sanford,NC,"Sanford, NC",Lee County,288739.5554701058,0.32,1796.0728715728717,1.89,21552.87445887446,0.622,13.4,7.46,4.85,Strong Buy,32971,9.06,68537,8.1,14.82,8.17,5.03,34.05,2026-08-31,2026-08-31
Muskegon,MI,"Muskegon, MI",Muskegon County,193180.28599708583,2.61,1200.8108465608466,7.41,14409.730158730159,0.622,13.4,7.46,4.85,Strong Buy,37287,0.2,177428,1.51,5.7,10.48,7.83,21.74,2026-08-31,2026-08-31
Lenoir,NC,"Hickory-Lenoir-Morganton, NC",Caldwell County,213845.2393569796,0.67,1328.7777777777776,NA,15945.333333333332,0.621,13.4,7.46,4.85,Strong Buy,NA,NA,NA,NA,NA,NA,NA,NA,2026-08-31,2026-08-31
Independence,KY,"Cincinnati, OH-KY-IN",Kenton County,328010.94384711824,3,2039.7777777777776,2.3,24477.333333333332,0.622,13.4,7.46,4.85,Strong Buy,30196,4.9,174862,3.3,10.73,7.27,5.15,29.96,2026-08-31,2026-08-31
Beeville,TX,"Beeville, TX",Bee County,164832.14310797385,-3,1024.75,NA,12297,0.622,13.4,7.46,4.85,Strong Buy,NA,NA,NA,NA,NA,NA,NA,NA,2026-08-31,2026-08-31
Mulberry,FL,"Lakeland-Winter Haven, FL",Polk County,284262.37342715403,-1.49,1767.5,1.28,21210,0.622,13.4,7.46,4.85,Strong Buy,4488,13.22,852878,16.8,32.56,16.11,4.75,29.98,2026-08-31,2026-08-31
Brownsville,FL,"Miami-Fort Lauderdale-Pompano Beach, FL",Miami-Dade County,429886.8537501728,0.84,2675,7.59,32100,0.622,13.4,7.47,4.85,Strong Buy,NA,NA,2838461,5.29,19.88,11.11,5.36,47.81,2026-08-31,2026-08-31
Pensacola,FL,"Pensacola-Ferry Pass-Brent, FL",Escambia County,266726.92558104586,1.23,1656.758188563379,2.49,19881.098262760548,0.621,13.4,7.45,4.84,Strong Buy,53898,-1.07,331275,2.69,10.82,13.13,5.08,36,2026-08-31,2026-08-31
Spring Hill,FL,"Tampa-St. Petersburg-Clearwater, FL",Hernando County,305200.7346981749,-2.19,1892.1041666666667,0.31,22705.25,0.62,13.4,7.44,4.84,Strong Buy,NA,NA,659114,16.41,37.43,13.3,5.54,24.5,2026-08-31,2026-08-31
Battle Creek,MI,"Battle Creek, MI",Calhoun County,183528.2929608044,3.59,1137.9583333333333,5.01,13655.5,0.62,13.4,7.44,4.84,Strong Buy,52205,-0.95,133785,-0.32,4.4,10.39,9.26,27.59,2026-08-31,2026-08-31
Weslaco,TX,"McAllen-Edinburg-Mission, TX",Hidalgo County,179820.22492572572,-1.48,1115.0502645502645,-0.46,13380.603174603173,0.62,13.4,7.44,4.84,Strong Buy,43864,7.96,914820,4.8,3.41,12.59,6.81,32.43,2026-08-31,2026-08-31
California,MD,"California-Lexington Park, MD",Saint Marys County,399417.41883881856,2.84,2479.027777777778,3.19,29748.333333333336,0.621,13.4,7.45,4.84,Strong Buy,NA,NA,NA,NA,NA,NA,NA,NA,2026-08-31,2026-08-31
Whiting,IN,"Chicago-Naperville-Elgin, IL-IN-WI",Lake County,206730.25115081217,0.91,1282.222222222222,NA,15386.666666666664,0.62,13.4,7.44,4.84,Strong Buy,4491,-1.71,502955,0.8,4.19,10.57,4.92,29.14,2026-08-31,2026-08-31
Port Wentworth,GA,"Savannah, GA",Chatham County,289233.5219909563,-2.2,1795.3665223665223,-1.89,21544.39826839827,0.621,13.4,7.45,4.84,Strong Buy,14865,36.15,307336,4.15,6.5,12.31,7,43.71,2026-08-31,2026-08-31
Joliet,IL,"Chicago-Naperville-Elgin, IL-IN-WI",Will County,269608.33712045953,1.21,1668.2254273504277,5.19,20018.705128205132,0.619,13.5,7.43,4.83,Strong Buy,151837,0.99,708583,1.68,4.83,4.5,3.98,17.48,2026-08-31,2026-08-31
Vineland,NJ,"Vineland-Bridgeton, NJ",Cumberland County,314246.5319642582,2.32,1945.1388888888887,NA,23341.666666666664,0.619,13.5,7.43,4.83,Strong Buy,NA,NA,NA,NA,NA,NA,NA,NA,2026-08-31,2026-08-31
Sicklerville,NJ,"Philadelphia-Camden-Wilmington, PA-NJ-DE-MD",Camden County,383301.5570512456,2.98,2374.259259259259,4.79,28491.11111111111,0.619,13.5,7.43,4.83,Strong Buy,NA,NA,533988,2.07,5.74,5.92,4.3,34.97,2026-08-31,2026-08-31
Benton,AR,"Little Rock-North Little Rock-Conway, AR",Saline County,241966.0665815451,2.47,1497.7884615384617,8.94,17973.46153846154,0.619,13.5,7.43,4.83,Strong Buy,38088,8.45,131252,6,12.47,5.49,4.29,23.56,2026-08-31,2026-08-31
Brownstown,MI,"Detroit-Warren-Dearborn, MI",Wayne County,302382.4047272222,3.84,1871.8690476190477,NA,22462.428571428572,0.619,13.5,7.43,4.83,Strong Buy,NA,NA,1771063,-1.04,3.75,12.9,4.58,35.52,2026-08-31,2026-08-31
Fairmont,WV,"Fairmont, WV",Marion County,194874.8994845252,3.26,1205.5555555555557,5.07,14466.666666666668,0.619,13.5,7.42,4.83,Strong Buy,18063,-1.91,55649,-1.04,2.5,12.62,9.13,24.18,2026-08-31,2026-08-31
Glennville,GA,"Hinesville, GA",Tattnall County,207100.98427712967,7.4,1283.3333333333333,NA,15400,0.62,13.4,7.44,4.83,Strong Buy,NA,NA,NA,NA,NA,NA,NA,NA,2026-08-31,2026-08-31
East Rochester,NY,"Rochester, NY",Monroe County,237706.9232039197,2.76,1471.25,NA,17655,0.619,13.5,7.43,4.83,Strong Buy,NA,NA,NA,NA,NA,NA,NA,NA,2026-08-31,2026-08-31
Bridgeport,PA,"Philadelphia-Camden-Wilmington, PA-NJ-DE-MD",Montgomery County,352209.5418732835,-0.33,2179.722222222222,NA,26156.666666666664,0.619,13.5,7.43,4.83,Strong Buy,NA,NA,NA,NA,NA,NA,NA,NA,2026-08-31,2026-08-31
Lavon,TX,"Dallas-Fort Worth-Arlington, TX",Collin County,340960.47408114513,-7.75,2111.811111111111,-1.27,25341.733333333334,0.619,13.5,7.43,4.83,Strong Buy,8491,86.86,1254658,16.64,31.61,5.16,6.55,35.92,2026-08-31,2026-08-31
Oklahoma City,OK,"Oklahoma City, OK",Oklahoma County,207421.37941711108,0.18,1281.873488827305,2.53,15382.48186592766,0.618,13.5,7.42,4.82,Strong Buy,712919,4.37,816490,2.28,2.8,9.49,7.85,41.39,2026-08-31,2026-08-31
Milton,FL,"Pensacola-Ferry Pass-Brent, FL",Santa Rosa County,287335.91990426154,1.66,1775.1948051948054,3.45,21302.337662337664,0.618,13.5,7.41,4.82,Strong Buy,11182,8.76,207653,9.86,19.76,8.97,3.52,20.02,2026-08-31,2026-08-31
Endicott,NY,"Binghamton, NY",Broome County,207126.1712591777,7.77,1279.1666666666667,NA,15350,0.618,13.5,7.41,4.82,Strong Buy,13199,-3.25,196397,-0.9,3.49,11.96,7.64,35.43,2026-08-31,2026-08-31
Wyandotte,MI,"Detroit-Warren-Dearborn, MI",Wayne County,190533.5829005057,1.27,1178.2222222222224,0.63,14138.666666666668,0.618,13.5,7.42,4.82,Strong Buy,24214,-2.76,1771063,-1.04,3.75,12.9,4.58,35.52,2026-08-31,2026-08-31
Rantoul,IL,"Champaign-Urbana, IL",Champaign County,142055.95944324884,2.82,877.263888888889,6.64,10527.166666666668,0.618,13.5,7.41,4.82,Strong Buy,12268,-0.46,212374,2.97,9.8,11.21,10.06,46.55,2026-08-31,2026-08-31
Cape Canaveral,FL,"Palm Bay-Melbourne-Titusville, FL",Brevard County,316658.04660364595,-1.77,1956.9973544973543,1.99,23483.96825396825,0.618,13.5,7.42,4.82,Strong Buy,10014,0.39,658447,8.16,22.48,14.46,11.39,23.08,2026-08-31,2026-08-31
Westville,NJ,"Philadelphia-Camden-Wilmington, PA-NJ-DE-MD",Gloucester County,284172.4123321022,1.75,1756.8333333333333,NA,21082,0.618,13.5,7.42,4.82,Strong Buy,NA,NA,NA,NA,NA,NA,NA,NA,2026-08-31,2026-08-31
Silverton,OH,"Cincinnati, OH-KY-IN",Hamilton County,254399.8333151867,2.69,1573.3333333333333,NA,18880,0.618,13.5,7.42,4.82,Strong Buy,NA,NA,NA,NA,NA,NA,NA,NA,2026-08-31,2026-08-31
Odessa,TX,"Odessa, TX",Ector County,251624.31911638463,4.44,1552.6026773789574,-1.34,18631.23212854749,0.617,13.5,7.4,4.81,Strong Buy,119748,4.19,170022,2.73,17.1,7.58,5.06,35.57,2026-08-31,2026-08-31
Manchester,CT,"Hartford-East Hartford-Middletown, CT",Hartford County,334689.3543361078,4.71,2065.759649122807,2.02,24789.115789473683,0.617,13.5,7.41,4.81,Strong Buy,NA,NA,NA,NA,NA,NA,NA,NA,2026-08-31,2026-08-31
Quincy,IL,"Quincy, IL-MO",Adams County,182657.38544974703,4.1,1125.7222222222222,10.92,13508.666666666666,0.616,13.5,7.4,4.81,Strong Buy,38786,-1.99,64109,-2.31,-3.59,8.3,6.55,27.5,2026-08-31,2026-08-31
Shawnee,OK,"Shawnee, OK",Pottawatomie County,179173.70825322,2.52,1104.9131054131055,1.48,13258.957264957266,0.617,13.5,7.4,4.81,Strong Buy,32092,2.49,74446,2.61,10.89,11.88,2.79,30.11,2026-08-31,2026-08-31
Willis,TX,"Houston-The Woodlands-Sugar Land, TX",Montgomery County,283890.15881820867,-1.08,1751.7707292707291,1.87,21021.24875124875,0.617,13.5,7.4,4.81,Strong Buy,7222,11.99,749613,19.86,40.55,7.22,7.84,28.27,2026-08-31,2026-08-31
Orange,TX,"Beaumont-Port Arthur, TX",Orange County,186260.93996014728,4.22,1147.940740740741,-2.15,13775.288888888892,0.616,13.5,7.4,4.81,Strong Buy,19275,0.05,86115,1.6,3.34,15.48,16.86,24.98,2026-08-31,2026-08-31
Sylvania,OH,"Toledo, OH",Lucas County,324128.88148812397,3.27,2000.627777777778,NA,24007.533333333336,0.617,13.5,7.41,4.81,Strong Buy,19102,0.33,426291,-1.06,-0.51,9.27,4.76,38.34,2026-08-31,2026-08-31
Picayune,MS,"Picayune, MS",Pearl River County,194562.34677495345,1.94,1200,NA,14400,0.617,13.5,7.4,4.81,Strong Buy,NA,NA,NA,NA,NA,NA,NA,NA,2026-08-31,2026-08-31
Silver City,NM,"Silver City, NM",Grant County,222201.97602402497,-5.56,1370.8333333333333,NA,16450,0.617,13.5,7.4,4.81,Strong Buy,NA,NA,NA,NA,NA,NA,NA,NA,2026-08-31,2026-08-31
Copley,OH,"Akron, OH",Summit County,344333.81987686985,3.79,2122.944444444445,NA,25475.333333333336,0.617,13.5,7.4,4.81,Strong Buy,NA,NA,538370,-0.27,4.33,7.17,3.55,32.71,2026-08-31,2026-08-31
Midlothian,IL,"Chicago-Naperville-Elgin, IL-IN-WI",Cook County,241782.73063574036,4.68,1491.6666666666667,NA,17900,0.617,13.5,7.4,4.81,Strong Buy,NA,NA,NA,NA,NA,NA,NA,NA,2026-08-31,2026-08-31
Accokeek,MD,"Washington-Arlington-Alexandria, DC-VA-MD-WV",Prince Georges County,552198.7204668113,0.72,3405,NA,40860,0.617,13.5,7.4,4.81,Strong Buy,NA,NA,NA,NA,NA,NA,NA,NA,2026-08-31,2026-08-31
Pontoon Beach,IL,"St. Louis, MO-IL",Madison County,194641.53379779137,5.33,1200,NA,14400,0.617,13.5,7.4,4.81,Strong Buy,NA,NA,NA,NA,NA,NA,NA,NA,2026-08-31,2026-08-31
Hidden Valley Lake,CA,"Clearlake, CA",Lake County,366628.7594419225,-1.72,2262.5,NA,27150,0.617,13.5,7.41,4.81,Strong Buy,NA,NA,NA,NA,NA,NA,NA,NA,2026-08-31,2026-08-31
Mission,TX,"McAllen-Edinburg-Mission, TX",Hidalgo County,219583.1680442687,-0.86,1351.1111111111113,-0.9,16213.333333333336,0.615,13.5,7.38,4.8,Strong Buy,88574,3.16,914820,4.8,3.41,12.59,6.81,32.43,2026-08-31,2026-08-31
Valrico,FL,"Tampa-St. Petersburg-Clearwater, FL",Hillsborough County,414955.0508153174,-1.97,2555.2939814814813,3.12,30663.527777777774,0.616,13.5,7.39,4.8,Strong Buy,NA,NA,1581426,7.85,12.2,7.8,6.74,38.94,2026-08-31,2026-08-31
Sedalia,MO,"Sedalia, MO",Pettis County,189852.09043196935,1.62,1167.361111111111,4.57,14008.333333333332,0.615,13.6,7.38,4.8,Strong Buy,22310,2.61,43791,1.83,2.95,8.98,9.95,29.88,2026-08-31,2026-08-31
Pataskala,OH,"Columbus, OH",Licking County,389516.1387929933,3.11,2394.661111111111,NA,28735.933333333334,0.615,13.6,7.38,4.8,Strong Buy,18493,3.23,184898,3.41,7.71,6.46,4.85,26.27,2026-08-31,2026-08-31
Alabaster,AL,"Birmingham-Hoover, AL",Shelby County,305606.68406031287,2.86,1881.7222222222224,0.83,22580.666666666668,0.616,13.5,7.39,4.8,Strong Buy,34460,3.17,235969,5.38,7.09,5.94,5.41,18.74,2026-08-31,2026-08-31
Petal,MS,"Hattiesburg, MS",Forrest County,225485.10519853793,2.71,1387.5,NA,16650,0.615,13.5,7.38,4.8,Strong Buy,NA,NA,NA,NA,NA,NA,NA,NA,2026-08-31,2026-08-31
Coolidge,AZ,"Phoenix-Mesa-Chandler, AZ",Pinal County,268534.3577896019,-0.69,1650.8055555555557,0.68,19809.666666666668,0.615,13.6,7.38,4.8,Strong Buy,19674,46.46,513862,19.44,51.32,12.6,6.32,19.48,2026-08-31,2026-08-31
Whitehouse,TX,"Tyler, TX",Smith County,288431.09704630665,0.15,1776.3333333333333,1.69,21316,0.616,13.5,7.39,4.8,Strong Buy,9781,17.57,249091,6.36,10,17.21,17.96,30.69,2026-08-31,2026-08-31
Rural Hall,NC,"Winston-Salem, NC",Forsyth County,273916.0724817062,1.85,1686.6666666666667,NA,20240,0.616,13.5,7.39,4.8,Strong Buy,NA,NA,NA,NA,NA,NA,NA,NA,2026-08-31,2026-08-31
Palm Bay,FL,"Palm Bay-Melbourne-Titusville, FL",Brevard County,303909.89294710587,-1.73,1866.5214523337388,1.09,22398.257428004865,0.614,13.6,7.37,4.79,Strong Buy,142023,18.19,658447,8.16,22.48,14.46,11.39,23.08,2026-08-31,2026-08-31
Parma,OH,"Cleveland-Elyria, OH",Cuyahoga County,219442.68347146467,4.25,1346.4007936507935,8.63,16156.809523809523,0.614,13.6,7.36,4.79,Strong Buy,79350,-1.99,1240594,-1.75,1.72,9.97,5.22,40.95,2026-08-31,2026-08-31
Greenville,TX,"Dallas-Fort Worth-Arlington, TX",Hunt County,242551.5044529028,-3.05,1488.8385670057496,0.69,17866.062804068995,0.614,13.6,7.37,4.79,Strong Buy,34355,21.46,118729,18.43,39.16,10.54,7.57,29.21,2026-08-31,2026-08-31
Dublin,GA,"Dublin, GA",Laurens County,194986.05286000145,3.07,1197.1666666666667,8.75,14366,0.614,13.6,7.37,4.79,Strong Buy,16233,0.43,50287,1.5,7.66,17.61,3.29,34.73,2026-08-31,2026-08-31
Louisville,OH,"Canton-Massillon, OH",Stark County,250642.79920702125,4.76,1538.25,7.69,18459,0.614,13.6,7.36,4.79,Strong Buy,9793,3.03,374091,-0.12,4.1,7.26,2.95,31.43,2026-08-31,2026-08-31
Ingleside,TX,"Corpus Christi, TX",San Patricio County,217703.92913252703,0.79,1335.6626984126983,11.79,16027.95238095238,0.614,13.6,7.36,4.79,Strong Buy,10155,5.53,71467,3.8,8.27,18.22,5.94,33.65,2026-08-31,2026-08-31
Jackson,MI,"Jackson, MI",Jackson County,191818.65203070664,2.63,1174.9590964590964,8.73,14099.509157509157,0.613,13.6,7.35,4.78,Strong Buy,30920,-1.24,160233,0.01,3.19,10.34,5.1,24.95,2026-08-31,2026-08-31
San Angelo,TX,"San Angelo, TX",Tom Green County,212772.53234224257,-3.74,1304.2145191409898,5.1,15650.574229691876,0.613,13.6,7.36,4.78,Strong Buy,100159,0.09,120103,-0.08,4.29,11.27,8.3,33.16,2026-08-31,2026-08-31
Terre Haute,IN,"Terre Haute, IN",Vigo County,162375.3104732876,0.99,995.5695488721803,3.35,11946.834586466164,0.613,13.6,7.36,4.78,Strong Buy,58531,0.23,106166,0.03,2.36,9.25,5.3,36.65,2026-08-31,2026-08-31
Moncks Corner,SC,"Charleston-North Charleston, SC",Berkeley County,364739.24139848613,1.04,2234.0545380545377,4.12,26808.654456654454,0.613,13.6,7.35,4.78,Strong Buy,18359,36.57,264276,14.15,27.06,7.35,5.97,25.9,2026-08-31,2026-08-31
Belton,MO,"Kansas City, MO-KS",Cass County,274813.12821594655,4.06,1685.812169312169,4.5,20229.746031746028,0.613,13.6,7.36,4.78,Strong Buy,25861,7.58,113873,5.28,18.34,5.82,3.72,24.11,2026-08-31,2026-08-31
Jensen Beach,FL,"Port St. Lucie, FL",Saint Lucie County,416426.0144597809,-2.52,2550.973063973064,4.2,30611.67676767677,0.613,13.6,7.35,4.78,Strong Buy,NA,NA,NA,NA,NA,NA,NA,NA,2026-08-31,2026-08-31
Duncan,SC,"Spartanburg, SC",Spartanburg County,308408.73922967404,1.17,1889.222222222222,6.51,22670.666666666664,0.613,13.6,7.35,4.78,Strong Buy,4594,12.87,369256,12.1,27.18,8.85,6.12,27.07,2026-08-31,2026-08-31
Yaphank,NY,"New York-Newark-Jersey City, NY-NJ-PA",Suffolk County,573950.8206028948,5.74,3516.6111111111113,NA,42199.333333333336,0.613,13.6,7.35,4.78,Strong Buy,NA,NA,1535909,0.9,2.22,11.64,3.67,18.09,2026-08-31,2026-08-31
Raeford,NC,"Fayetteville, NC",Hoke County,285226.8933102013,-0.15,1745.33069828722,3.75,20943.96837944664,0.612,13.6,7.34,4.77,Strong Buy,4578,0.48,55382,6,7.48,8.84,2.17,28.32,2026-08-31,2026-08-31
Port Huron,MI,"Detroit-Warren-Dearborn, MI",Saint Clair County,176098.11476459657,3.62,1077.1369047619048,4.18,12925.642857142859,0.612,13.6,7.34,4.77,Strong Buy,28342,-2.05,NA,NA,NA,NA,NA,NA,2026-08-31,2026-08-31
Zachary,LA,"Baton Rouge, LA",East Baton Rouge Parish,269071.0350415395,1.11,1645.1888888888889,-0.03,19742.266666666666,0.611,13.6,7.34,4.77,Strong Buy,20370,4.54,453022,-0.63,2.16,14.65,10.96,40.94,2026-08-31,2026-08-31
Rio Rico,AZ,"Nogales, AZ",Santa Cruz County,269716.62580362824,0.19,1650,NA,19800,0.612,13.6,7.34,4.77,Strong Buy,NA,NA,NA,NA,NA,NA,NA,NA,2026-08-31,2026-08-31
Ruther Glen,VA,NA,Caroline County,359548.9827293746,3.34,2198.75,NA,26385,0.612,13.6,7.34,4.77,Strong Buy,NA,NA,NA,NA,NA,NA,NA,NA,2026-08-31,2026-08-31
Jefferson,LA,"New Orleans-Metairie, LA",Jefferson Parish,258115.39347493905,-8.07,1577.7777777777776,6.97,18933.333333333332,0.611,13.6,7.34,4.77,Strong Buy,NA,NA,427253,-2.84,2.2,8.82,5.5,37.69,2026-08-31,2026-08-31
Fort Mitchell,AL,"Columbus, GA-AL",Russell County,314867.1437853754,3.06,1925,NA,23100,0.611,13.6,7.34,4.77,Strong Buy,NA,NA,NA,NA,NA,NA,NA,NA,2026-08-31,2026-08-31
Running Springs,CA,"Riverside-San Bernardino-Ontario, CA",San Bernardino County,342388.2428743089,-4.66,2091.6666666666665,NA,25100,0.611,13.6,7.33,4.77,Strong Buy,NA,NA,NA,NA,NA,NA,NA,NA,2026-08-31,2026-08-31
Valparaiso,FL,"Crestview-Fort Walton Beach-Destin, FL",Okaloosa County,329707.495172068,0.19,2017.9444444444448,NA,24215.333333333336,0.612,13.6,7.34,4.77,Strong Buy,NA,NA,NA,NA,NA,NA,NA,NA,2026-08-31,2026-08-31
Fayetteville,NC,"Fayetteville, NC",Cumberland County,224044.25298376143,0.28,1367.1163682536355,2.1,16405.396419043627,0.61,13.7,7.32,4.76,Strong Buy,209496,-0.66,338430,0.37,-6.05,10.52,6.19,46.34,2026-08-31,2026-08-31
Westland,MI,"Detroit-Warren-Dearborn, MI",Wayne County,215324.13894120776,2.26,1314.9292929292928,3.31,15779.151515151514,0.611,13.6,7.33,4.76,Strong Buy,82745,-2.8,1771063,-1.04,3.75,12.9,4.58,35.52,2026-08-31,2026-08-31
Winder,GA,"Atlanta-Sandy Springs-Alpharetta, GA",Barrow County,340236.8367233029,-0.86,2077.3166666666666,2.46,24927.8,0.611,13.6,7.33,4.76,Strong Buy,20628,12.08,96294,14.63,29.79,4.88,6.41,20.54,2026-08-31,2026-08-31
Security-Widefield,CO,"Colorado Springs, CO",El Paso County,374242.86409884895,-1.42,2282.6656954156956,4.06,27391.98834498835,0.61,13.7,7.32,4.76,Strong Buy,NA,NA,752772,2.58,3.46,4.58,3.67,33.62,2026-08-31,2026-08-31
Franklin,IN,"Indianapolis-Carmel-Anderson, IN",Johnson County,284319.8477763286,1.85,1736.5185185185185,3.84,20838.222222222223,0.611,13.6,7.33,4.76,Strong Buy,26158,3.06,170614,5.15,11.12,5.07,6.28,26.06,2026-08-31,2026-08-31
Schertz,TX,"San Antonio-New Braunfels, TX",Bexar County,311983.5418306955,-1.07,1905.2,2.08,22862.4,0.611,13.6,7.33,4.76,Strong Buy,44428,5.4,2127737,5.56,8.6,8.27,8.16,40.89,2026-08-31,2026-08-31
Shepherdsville,KY,"Louisville/Jefferson County, KY-IN",Bullitt County,289112.10809036315,0.81,1764.5833333333333,NA,21175,0.61,13.7,7.32,4.76,Strong Buy,NA,NA,NA,NA,NA,NA,NA,NA,2026-08-31,2026-08-31
Capitol Heights,MD,"Washington-Arlington-Alexandria, DC-VA-MD-WV",Prince Georges County,324775.31016868725,-2.86,1983.7861111111113,3.04,23805.433333333334,0.611,13.6,7.33,4.76,Strong Buy,4038,-0.02,NA,NA,NA,NA,NA,NA,2026-08-31,2026-08-31
Cedar Rapids,IA,"Cedar Rapids, IA",Linn County,212086.4289117263,2.27,1290.8122807017544,14.63,15489.747368421053,0.609,13.7,7.3,4.75,Strong Buy,137904,0.03,231762,0.58,8.41,6.8,8.73,26.69,2026-08-31,2026-08-31
Dallas,GA,"Atlanta-Sandy Springs-Alpharetta, GA",Paulding County,352396.4229037638,-0.61,2144.9556221125986,2.49,25739.467465351183,0.609,13.7,7.3,4.75,Strong Buy,15062,6.49,188549,11.19,23.16,4.71,4.59,19.73,2026-08-31,2026-08-31
Punta Gorda,FL,"Punta Gorda, FL",Charlotte County,332695.6942689083,-5.25,2028.0961840628504,2.45,24337.154208754204,0.61,13.7,7.32,4.75,Strong Buy,20416,3.86,212122,12.82,34.15,23.9,13.02,16.83,2026-08-31,2026-08-31
New Brunswick,NJ,"New York-Newark-Jersey City, NY-NJ-PA",Middlesex County,448095.63881639903,0.64,2731.2933044185415,2.37,32775.5196530225,0.61,13.7,7.31,4.75,Strong Buy,57487,3.96,890119,3.33,12.92,3.48,2.61,36.53,2026-08-31,2026-08-31
Greenwood,SC,"Greenwood, SC",Greenwood County,190211.2083835989,0.41,1157.9055555555558,6.17,13894.866666666669,0.609,13.7,7.3,4.75,Strong Buy,22667,0.48,70041,0.93,8.78,11.98,4.77,33.85,2026-08-31,2026-08-31
Collinsville,IL,"St. Louis, MO-IL",Madison County,197655.9763536523,5.27,1203.6111111111113,6.55,14443.333333333336,0.609,13.7,7.31,4.75,Strong Buy,23766,-2.47,263017,-1.03,1.59,8.04,3.83,26.39,2026-08-31,2026-08-31
Elgin,SC,"Columbia, SC",Kershaw County,299844.0323409278,2.12,1824.9503968253969,0.28,21899.404761904763,0.609,13.7,7.3,4.75,Strong Buy,1657,1.53,71698,9.3,22.16,12.65,1.82,18.35,2026-08-31,2026-08-31
Piqua,OH,"Dayton-Kettering, OH",Miami County,183702.91287330413,3.15,1118.5,NA,13422,0.609,13.7,7.31,4.75,Strong Buy,NA,NA,NA,NA,NA,NA,NA,NA,2026-08-31,2026-08-31
Trinity,NC,"Greensboro-High Point, NC",Randolph County,291110.3149022991,3.01,1772.5,NA,21270,0.609,13.7,7.31,4.75,Strong Buy,NA,NA,NA,NA,NA,NA,NA,NA,2026-08-31,2026-08-31
Hazel Green,AL,"Huntsville, AL",Madison County,265004.8983927386,2.64,1615,NA,19380,0.609,13.7,7.31,4.75,Strong Buy,NA,NA,NA,NA,NA,NA,NA,NA,2026-08-31,2026-08-31
New Market,AL,"Huntsville, AL",Madison County,291341.3595112686,-0.11,1775.7777777777776,NA,21309.333333333332,0.61,13.7,7.31,4.75,Strong Buy,NA,NA,423355,8.41,20.5,7.01,5.85,31.22,2026-08-31,2026-08-31
South Beloit,IL,"Rockford, IL",Winnebago County,244006.44339893237,8.8,1487.5,NA,17850,0.61,13.7,7.32,4.75,Strong Buy,NA,NA,NA,NA,NA,NA,NA,NA,2026-08-31,2026-08-31
Springfield,MA,"Springfield, MA",Hampden County,305067.7159323198,4.26,1852.5104895104896,4.26,22230.125874125875,0.607,13.7,7.29,4.74,Strong Buy,154888,-0.24,464151,0.09,4.76,6.59,3.41,37.78,2026-08-31,2026-08-31
Loganville,GA,"Atlanta-Sandy Springs-Alpharetta, GA",Walton County,389093.20792232826,-2.17,2363.132367149758,1.13,28357.588405797098,0.607,13.7,7.29,4.74,Strong Buy,16862,18.56,109792,13.03,25.68,4.54,1.62,20.82,2026-08-31,2026-08-31
Sapulpa,OK,"Tulsa, OK",Creek County,220674.6238241401,4.8,1341.3333333333333,NA,16096,0.608,13.7,7.29,4.74,Strong Buy,23297,5.95,73971,2.94,9.79,11.33,4.71,25.53,2026-08-31,2026-08-31
Portsmouth,VA,"Virginia Beach-Norfolk-Newport News, VA-NC",Portsmouth City,268435.63374605024,1.94,1628.6325925925928,5.17,19543.591111111113,0.607,13.7,7.28,4.73,Strong Buy,96482,-1.55,NA,NA,NA,NA,NA,NA,2026-08-31,2026-08-31
Daytona Beach,FL,"Deltona-Daytona Beach-Ormond Beach, FL",Volusia County,252621.57944620188,-2.33,1533.090736321852,0.8,18397.088835862225,0.607,13.7,7.28,4.73,Strong Buy,86015,18.97,602772,8.46,21.72,14.56,6.51,27.2,2026-08-31,2026-08-31
Mustang,OK,"Oklahoma City, OK",Canadian County,278579.3792680262,1.28,1688.7777777777776,0.99,20265.333333333332,0.606,13.7,7.27,4.73,Strong Buy,23965,18.89,181760,16.93,26.01,5.78,5.62,25.24,2026-08-31,2026-08-31
Roselle,IL,"Chicago-Naperville-Elgin, IL-IN-WI",DuPage County,383521.4887794922,3.99,2327.6772486772484,NA,27932.126984126982,0.607,13.7,7.28,4.73,Strong Buy,22871,-0.23,937142,0.6,5.3,4.53,5.6,26.87,2026-08-31,2026-08-31
Kilgore,TX,"Longview, TX",Gregg County,217068.84858054723,1.27,1317.361111111111,-0.24,15808.333333333332,0.607,13.7,7.28,4.73,Strong Buy,13583,1.59,126679,1.9,-0.81,11.68,5.97,40.51,2026-08-31,2026-08-31
Eastman,GA,NA,Dodge County,156806.67643678107,13.29,950,NA,11400,0.606,13.8,7.27,4.73,Strong Buy,NA,NA,NA,NA,NA,NA,NA,NA,2026-08-31,2026-08-31
Bellevue,KY,"Cincinnati, OH-KY-IN",Campbell County,244408.94559402496,0.13,1482.0833333333333,NA,17785,0.606,13.7,7.28,4.73,Strong Buy,NA,NA,NA,NA,NA,NA,NA,NA,2026-08-31,2026-08-31
Hattiesburg,MS,"Hattiesburg, MS",Forrest County,221288.84393824637,2.97,1337.9575282234107,2.1,16055.490338680927,0.605,13.8,7.26,4.72,Strong Buy,48522,-0.47,78435,0.29,-1.35,11.73,7.53,42.92,2026-08-31,2026-08-31
New Castle,DE,"Philadelphia-Camden-Wilmington, PA-NJ-DE-MD",New Castle County,281556.9746880478,-0.27,1704.111111111111,NA,20449.333333333332,0.605,13.8,7.26,4.72,Strong Buy,5715,3.1,588093,3,8.7,5.15,4.98,31.49,2026-08-31,2026-08-31
Middleburg,FL,"Jacksonville, FL",Clay County,326733.33110923116,-0.64,1975.5234699940584,1.71,23706.2816399287,0.605,13.8,7.26,4.72,Strong Buy,NA,NA,236760,8.13,16.84,6.2,2.2,23.76,2026-08-31,2026-08-31
Egg Harbor Township,NJ,"Atlantic City-Hammonton, NJ",Atlantic County,413030.84162610566,4.88,2498.75,NA,29985,0.605,13.8,7.26,4.72,Strong Buy,NA,NA,NA,NA,NA,NA,NA,NA,2026-08-31,2026-08-31
Auburndale,FL,"Lakeland-Winter Haven, FL",Polk County,302745.9806880178,-1.42,1831.6969696969695,1.35,21980.363636363632,0.605,13.8,7.26,4.72,Strong Buy,20659,31.23,852878,16.8,32.56,16.11,4.75,29.98,2026-08-31,2026-08-31
Depew,NY,"Buffalo-Cheektowaga, NY",Erie County,273402.5146735801,3.7,1652.7666666666669,12.33,19833.200000000004,0.605,13.8,7.25,4.72,Strong Buy,14910,-1.58,950602,-0.18,2.9,7.11,3.75,34.55,2026-08-31,2026-08-31
Pace,FL,"Pensacola-Ferry Pass-Brent, FL",Santa Rosa County,325342.564652836,0.66,1967.421153846154,3.37,23609.05384615385,0.605,13.8,7.26,4.72,Strong Buy,NA,NA,207653,9.86,19.76,8.97,3.52,20.02,2026-08-31,2026-08-31
Lindenwold,NJ,"Philadelphia-Camden-Wilmington, PA-NJ-DE-MD",Camden County,273287.0104594313,6.06,1652.3,NA,19827.6,0.605,13.8,7.26,4.72,Strong Buy,NA,NA,NA,NA,NA,NA,NA,NA,2026-08-31,2026-08-31
Cromwell,CT,"Hartford-East Hartford-Middletown, CT",Middlesex County,380393.30295829446,4.03,2300.555555555555,NA,27606.666666666664,0.605,13.8,7.26,4.72,Strong Buy,NA,NA,NA,NA,NA,NA,NA,NA,2026-08-31,2026-08-31
Alva,FL,"Cape Coral-Fort Myers, FL",Lee County,373979.2429352511,-4.96,2263.3333333333335,NA,27160,0.605,13.8,7.26,4.72,Strong Buy,NA,NA,860959,12.46,20.97,25.72,10.08,26.02,2026-08-31,2026-08-31
Indianapolis,IN,"Indianapolis-Carmel-Anderson, IN",Marion County,230020.32338216447,-0.83,1389.3346674424586,2.5,16672.016009309504,0.604,13.8,7.25,4.71,Strong Buy,900896,0.48,981628,0.5,-0.05,9.65,5.22,44.07,2026-08-31,2026-08-31
Calhoun,GA,"Calhoun, GA",Gordon County,274708.4641341969,2.76,1658.9055555555558,1.29,19906.86666666667,0.604,13.8,7.25,4.71,Strong Buy,19592,14.77,60765,5.26,15.88,10.21,9.7,27.41,2026-08-31,2026-08-31
North Platte,NE,"North Platte, NE",Lincoln County,219736.41033776043,7.24,1327.0833333333333,NA,15925,0.604,13.8,7.25,4.71,Strong Buy,22549,-3.27,33319,-3.52,-1.53,12.04,4.72,35.85,2026-08-31,2026-08-31
McHenry,IL,"Chicago-Naperville-Elgin, IL-IN-WI",McHenry County,315402.39375873184,5.27,1903.9166666666667,NA,22847,0.604,13.8,7.24,4.71,Strong Buy,28825,5.4,315959,1.93,5.95,3.55,3.04,17.42,2026-08-31,2026-08-31
Frostproof,FL,"Lakeland-Winter Haven, FL",Polk County,217835.1136559759,0.57,1315.8333333333337,NA,15790.000000000004,0.604,13.8,7.25,4.71,Strong Buy,NA,NA,NA,NA,NA,NA,NA,NA,2026-08-31,2026-08-31
West Columbia,TX,"Houston-The Woodlands-Sugar Land, TX",Brazoria County,273093.86725858337,0.14,1650,NA,19800,0.604,13.8,7.25,4.71,Strong Buy,NA,NA,NA,NA,NA,NA,NA,NA,2026-08-31,2026-08-31
Brusly,LA,"Baton Rouge, LA",West Baton Rouge Parish,282041.65210515325,1.5,1702.4166666666667,NA,20429,0.604,13.8,7.24,4.71,Strong Buy,NA,NA,NA,NA,NA,NA,NA,NA,2026-08-31,2026-08-31
Greenville,NC,"Greenville, NC",Pitt County,237039.56809094903,1.04,1427.903717627402,2.68,17134.844611528824,0.602,13.8,7.23,4.7,Strong Buy,95138,4.6,180783,4.11,7.69,10.11,4.16,49.07,2026-08-31,2026-08-31
Salisbury,MD,"Salisbury, MD-DE",Wicomico County,265589.1606360905,1.24,1598.9343434343436,2.26,19187.212121212124,0.602,13.8,7.22,4.7,Strong Buy,33616,1.96,106329,2.67,4.52,8.86,3.45,39.32,2026-08-31,2026-08-31
Fairbanks,AK,"Fairbanks, AK",Fairbanks North Star Borough,305391.3444565174,4.31,1839.6678876678875,5.28,22076.01465201465,0.602,13.8,7.23,4.7,Strong Buy,31732,-2.09,94951,-0.42,-15.76,15.27,8.95,38.31,2026-08-31,2026-08-31
Glendale Heights,IL,"Chicago-Naperville-Elgin, IL-IN-WI",DuPage County,326701.9395970399,4.45,1968.8388047138048,4.38,23626.065656565657,0.603,13.8,7.23,4.7,Strong Buy,32866,-0.71,937142,0.6,5.3,4.53,5.6,26.87,2026-08-31,2026-08-31
Dunn,NC,"Fayetteville, NC",Sampson County,228215.41546265065,2.24,1376,NA,16512,0.603,13.8,7.24,4.7,Strong Buy,NA,NA,NA,NA,NA,NA,NA,NA,2026-08-31,2026-08-31
Bridge City,TX,"Beaumont-Port Arthur, TX",Orange County,208768.5397792599,2.12,1258.3333333333333,NA,15100,0.603,13.8,7.23,4.7,Strong Buy,NA,NA,NA,NA,NA,NA,NA,NA,2026-08-31,2026-08-31
Hampton,VA,"Virginia Beach-Norfolk-Newport News, VA-NC",Hampton City,282438.5205800415,1.98,1697.5404683155975,5.87,20370.48561978717,0.601,13.9,7.21,4.69,Strong Buy,137596,0.23,NA,NA,NA,NA,NA,NA,2026-08-31,2026-08-31
Austell,GA,"Atlanta-Sandy Springs-Alpharetta, GA",Cobb County,292734.87256211,-2.24,1758.9567901234568,-0.87,21107.48148148148,0.601,13.9,7.21,4.69,Strong Buy,8244,5.15,787538,2.76,2.77,5.82,5.06,33.01,2026-08-31,2026-08-31
Paragould,AR,"Paragould, AR",Greene County,195738.79827142903,2.87,1176.6666666666667,NA,14120,0.601,13.9,7.21,4.69,Strong Buy,NA,NA,NA,NA,NA,NA,NA,NA,2026-08-31,2026-08-31
North Haven,CT,"New Haven-Milford, CT",New Haven County,475604.2773936172,5.25,2858.3333333333335,NA,34300,0.601,13.9,7.21,4.69,Strong Buy,NA,NA,NA,NA,NA,NA,NA,NA,2026-08-31,2026-08-31
Sulphur Springs,TX,"Sulphur Springs, TX",Hopkins County,244186.0614461319,-3.28,1466.7555555555557,NA,17601.06666666667,0.601,13.9,7.21,4.69,Strong Buy,16891,5.83,38784,5.31,13.36,12.13,4.57,30.08,2026-08-31,2026-08-31
Kerman,CA,"Fresno, CA",Fresno County,415641.5871876911,2.74,2500,NA,30000,0.601,13.9,7.22,4.69,Strong Buy,NA,NA,NA,NA,NA,NA,NA,NA,2026-08-31,2026-08-31
Nederland,TX,"Beaumont-Port Arthur, TX",Jefferson County,224275.43103225465,2.04,1347.803571428571,3.7,16173.642857142853,0.601,13.9,7.21,4.69,Strong Buy,18168,-3.43,253948,-0.87,-0.33,14.36,5.93,38.16,2026-08-31,2026-08-31
Senatobia,MS,"Memphis, TN-MS-AR",Tate County,249229.19356819964,5.48,1500,NA,18000,0.602,13.8,7.22,4.69,Strong Buy,NA,NA,NA,NA,NA,NA,NA,NA,2026-08-31,2026-08-31
Huber Heights,OH,"Dayton-Kettering, OH",Montgomery County,212936.8883999223,2.68,1276.7592592592591,-2.73,15321.11111111111,0.6,13.9,7.2,4.68,Strong Buy,43590,0.34,537443,0.06,5.01,8.84,4.22,37.67,2026-08-31,2026-08-31
Lake in the Hills,IL,"Chicago-Naperville-Elgin, IL-IN-WI",McHenry County,380630.04502317664,3.95,2282.9166666666665,4.72,27395,0.6,13.9,7.2,4.68,Strong Buy,28706,-0.76,315959,1.93,5.95,3.55,3.04,17.42,2026-08-31,2026-08-31
Ottawa,IL,"Ottawa, IL",La Salle County,215794.16371553772,5.69,1293.611111111111,NA,15523.333333333332,0.599,13.9,7.19,4.68,Strong Buy,18775,-0.24,NA,NA,NA,NA,NA,NA,2026-08-31,2026-08-31
Horseheads,NY,"Elmira, NY",Chemung County,229358.4382679281,7.15,1377.5,NA,16530,0.601,13.9,7.21,4.68,Strong Buy,NA,NA,NA,NA,NA,NA,NA,NA,2026-08-31,2026-08-31
Bessemer City,NC,"Charlotte-Concord-Gastonia, NC-SC",Gaston County,238607.7722914492,1.04,1432.0555555555557,5.87,17184.666666666668,0.6,13.9,7.2,4.68,Strong Buy,NA,NA,NA,NA,NA,NA,NA,NA,2026-08-31,2026-08-31
Navasota,TX,"College Station-Bryan, TX",Grimes County,275563.92018832715,-2.02,1654.1666666666667,NA,19850,0.6,13.9,7.2,4.68,Strong Buy,NA,NA,NA,NA,NA,NA,NA,NA,2026-08-31,2026-08-31
Venus,TX,"Dallas-Fort Worth-Arlington, TX",Johnson County,326659.38036931714,-2.49,1958.375,2.11,23500.5,0.6,13.9,7.19,4.68,Strong Buy,8209,78.3,210547,16.36,31.86,7.46,7.08,25.53,2026-08-31,2026-08-31
Snellville,GA,"Atlanta-Sandy Springs-Alpharetta, GA",Gwinnett County,352238.4263671371,-2.28,2109.2277329749104,2.37,25310.732795698925,0.599,13.9,7.19,4.67,Strong Buy,22336,8.45,1003869,4.75,5.96,3.94,4.99,33.31,2026-08-31,2026-08-31
Brunswick,GA,"Brunswick, GA",Glynn County,254613.3899878616,-0.07,1525.752495974235,0.9,18309.02995169082,0.599,13.9,7.19,4.67,Strong Buy,15520,1.98,86540,2.43,5.74,19.34,10.55,32.96,2026-08-31,2026-08-31
Rosenberg,TX,"Houston-The Woodlands-Sugar Land, TX",Fort Bend County,311617.92730590847,-2.36,1863.753333333333,-0.9,22365.039999999997,0.598,13.9,7.18,4.67,Strong Buy,42571,10.59,958434,15.57,27.37,4.23,6.33,22.52,2026-08-31,2026-08-31
Pine Hills,FL,"Orlando-Kissimmee-Sanford, FL",Orange County,274704.3523307573,-2.39,1644.4984848484848,0.31,19733.98181818182,0.599,13.9,7.18,4.67,Strong Buy,NA,NA,1533646,7.12,16.48,11.72,10.93,42.64,2026-08-31,2026-08-31
Mentor,OH,"Cleveland-Elyria, OH",Lake County,277705.68634918105,3.62,1663.9629629629633,4.61,19967.55555555556,0.599,13.9,7.19,4.67,Strong Buy,47113,-0.66,232360,-0.07,4.74,5.25,2.87,24.93,2026-08-31,2026-08-31
Sun City,AZ,"Phoenix-Mesa-Chandler, AZ",Maricopa County,295804.41498481046,-2.44,1770.0619047619048,-3.14,21240.742857142857,0.598,13.9,7.18,4.67,Strong Buy,NA,NA,4673096,5.12,9.38,8.29,5.4,34.99,2026-08-31,2026-08-31
Alvin,TX,"Houston-The Woodlands-Sugar Land, TX",Brazoria County,294202.7757974875,-1.03,1760.7777777777776,0.21,21129.333333333332,0.598,13.9,7.18,4.67,Strong Buy,29869,10.04,413224,10.63,23.74,10.51,11.33,26,2026-08-31,2026-08-31
Sulphur,LA,"Lake Charles, LA",Calcasieu Parish,202468.37980728212,3.03,1212.7777777777776,9.18,14553.333333333332,0.599,13.9,7.19,4.67,Strong Buy,20572,-5.72,206861,-4.45,9.82,18.49,13.5,27.76,2026-08-31,2026-08-31
Glenpool,OK,"Tulsa, OK",Tulsa County,243772.1933960672,2.98,1458.5555555555557,NA,17502.666666666668,0.598,13.9,7.18,4.67,Strong Buy,NA,NA,NA,NA,NA,NA,NA,NA,2026-08-31,2026-08-31
Claremont,NH,"Lebanon, NH-VT",Sullivan County,284115.08199132327,2.8,1702.6666666666667,7.32,20432,0.599,13.9,7.19,4.67,Strong Buy,13105,1.17,44012,2.19,4.16,26.6,8.21,25.18,2026-08-31,2026-08-31
Haddon Township,NJ,"Philadelphia-Camden-Wilmington, PA-NJ-DE-MD",Camden County,501095.9948578615,12.11,2997.8333333333335,NA,35974,0.598,13.9,7.18,4.67,Strong Buy,NA,NA,533988,2.07,5.74,5.92,4.3,34.97,2026-08-31,2026-08-31
Rochester,NY,"Rochester, NY",Monroe County,247039.8740466037,4.62,1475.5127837216548,3.11,17706.153404659857,0.597,14,7.17,4.66,Strong Buy,207282,-1.71,752202,-0.73,1.18,6.27,5.62,36.48,2026-08-31,2026-08-31
Dothan,AL,"Dothan, AL",Houston County,206754.4531364777,1.83,1235.6653716653716,1.62,14827.984459984458,0.598,13.9,7.17,4.66,Strong Buy,71650,0.77,109366,1.93,7.45,14.45,8.64,36.08,2026-08-31,2026-08-31
Joplin,MO,"Joplin, MO",Jasper County,207168.59803358684,1.97,1237.3250773993807,6.04,14847.90092879257,0.597,14,7.17,4.66,Strong Buy,53605,3.46,126479,2.92,9.05,10.01,2,36.78,2026-08-31,2026-08-31
Strongsville,OH,"Cleveland-Elyria, OH",Cuyahoga County,367414.5000138189,2.97,2197.063492063492,NA,26364.761904761905,0.598,13.9,7.18,4.66,Strong Buy,NA,NA,NA,NA,NA,NA,NA,NA,2026-08-31,2026-08-31
Norwich,CT,"Norwich-New London, CT",New London County,306163.2037899087,6.33,1827.4392857142857,6.86,21929.27142857143,0.597,14,7.16,4.66,Strong Buy,39993,-0.06,NA,NA,NA,NA,NA,NA,2026-08-31,2026-08-31
Mundelein,IL,"Chicago-Naperville-Elgin, IL-IN-WI",Lake County,390018.9612492688,5.78,2330.1111111111113,3.87,27961.333333333336,0.597,13.9,7.17,4.66,Strong Buy,32641,3.49,718604,0.73,3.75,4.97,4.19,25.6,2026-08-31,2026-08-31
Cabot,AR,"Little Rock-North Little Rock-Conway, AR",Lonoke County,248907.0704094749,4.12,1487.5462962962963,2.61,17850.555555555555,0.598,13.9,7.17,4.66,Strong Buy,27575,3.8,76389,3.13,5.01,8.99,5.51,25.58,2026-08-31,2026-08-31
Carthage,NY,"Watertown-Fort Drum, NY",Jefferson County,208431.83293933363,3.85,1245,NA,14940,0.597,14,7.17,4.66,Strong Buy,NA,NA,NA,NA,NA,NA,NA,NA,2026-08-31,2026-08-31
South Padre Island,TX,"Brownsville-Harlingen, TX",Cameron County,448778.0733537536,5.51,2683.333333333333,NA,32199.999999999996,0.598,13.9,7.18,4.66,Strong Buy,NA,NA,NA,NA,NA,NA,NA,NA,2026-08-31,2026-08-31
Vero Beach,FL,"Sebastian-Vero Beach, FL",Indian River County,362300.3400141013,-1.88,2159.787912495365,2.75,25917.454949944382,0.596,14,7.15,4.65,Strong Buy,17556,6.88,172139,7.28,17.28,19.27,12.3,20.67,2026-08-31,2026-08-31
Panama City,FL,"Panama City, FL",Bay County,284368.9569753689,1.22,1696.6969696969695,0.22,20360.363636363632,0.597,14,7.16,4.65,Strong Buy,37024,12.68,199718,14.42,36.38,28.33,10.57,31.72,2026-08-31,2026-08-31
Huntley,IL,"Chicago-Naperville-Elgin, IL-IN-WI",McHenry County,427385.18293558713,2.94,2550,NA,30600,0.597,14,7.16,4.65,Strong Buy,NA,NA,NA,NA,NA,NA,NA,NA,2026-08-31,2026-08-31
East Haven,CT,"New Haven-Milford, CT",New Haven County,364482.1809262657,3.27,2173.873015873016,3.85,26086.47619047619,0.596,14,7.16,4.65,Strong Buy,NA,NA,NA,NA,NA,NA,NA,NA,2026-08-31,2026-08-31
Munster,IN,"Chicago-Naperville-Elgin, IL-IN-WI",Lake County,356538.2868978008,1.95,2124.1666666666665,NA,25490,0.596,14,7.15,4.65,Strong Buy,23634,-1.06,502955,0.8,4.19,10.57,4.92,29.14,2026-08-31,2026-08-31
Highland,IN,"Chicago-Naperville-Elgin, IL-IN-WI",Lake County,269395.8602117793,1.98,1605.9503968253969,7.5,19271.404761904763,0.596,14,7.15,4.65,Strong Buy,23497,-1.94,502955,0.8,4.19,10.57,4.92,29.14,2026-08-31,2026-08-31
Amherst,OH,"Cleveland-Elyria, OH",Lorain County,285133.72409676336,5.61,1701,NA,20412,0.597,14,7.16,4.65,Strong Buy,NA,NA,NA,NA,NA,NA,NA,NA,2026-08-31,2026-08-31
Tequesta,FL,"Miami-Fort Lauderdale-Pompano Beach, FL",Palm Beach County,647899.9709396763,2.17,3859.722222222222,12.73,46316.666666666664,0.596,14,7.15,4.65,Strong Buy,6285,2.06,1582055,5.87,15.98,16.36,6.94,30.14,2026-08-31,2026-08-31
Clayton,GA,NA,Rabun County,365223.0088215571,1.57,2175,NA,26100,0.596,14,7.15,4.65,Strong Buy,NA,NA,NA,NA,NA,NA,NA,NA,2026-08-31,2026-08-31
Schaumburg,IL,"Chicago-Naperville-Elgin, IL-IN-WI",Cook County,360740.09883837984,4.93,2146.936350432429,2.91,25763.23620518915,0.595,14,7.14,4.64,Strong Buy,77099,-1.7,5182617,-1.6,5.9,8.18,4.67,42.49,2026-08-31,2026-08-31
La Vergne,TN,"Nashville-Davidson--Murfreesboro--Franklin, TN",Rutherford County,345287.8466290499,-1.73,2054.155982905983,0.37,24649.871794871797,0.595,14,7.14,4.64,Strong Buy,41430,7.04,376996,9.81,14.23,7,7.53,34.99,2026-08-31,2026-08-31
Corbin,KY,"London, KY",Whitley County,170310.73589800726,-3.88,1014.1666666666669,NA,12170.000000000002,0.595,14,7.15,4.64,Strong Buy,NA,NA,NA,NA,NA,NA,NA,NA,2026-08-31,2026-08-31
Newton,KS,"Wichita, KS",Harvey County,175091.64553109033,4.87,1041.6666666666667,7.44,12500,0.595,14,7.14,4.64,Strong Buy,18320,-1.36,33642,-1.04,1.46,7.82,8.67,30.47,2026-08-31,2026-08-31
Twentynine Palms,CA,"Riverside-San Bernardino-Ontario, CA",San Bernardino County,247170.78133247935,-1.19,1470.4034391534394,4.66,17644.841269841272,0.595,14,7.14,4.64,Strong Buy,26563,-5.33,2214281,1.41,1.68,9.55,3.22,38.46,2026-08-31,2026-08-31
Fairview,NC,"Asheville, NC",Buncombe County,513004.94116094575,-4.17,3055,NA,36660,0.596,14,7.15,4.64,Strong Buy,NA,NA,NA,NA,NA,NA,NA,NA,2026-08-31,2026-08-31
Katy,TX,"Houston-The Woodlands-Sugar Land, TX",Harris County,331838.86397122237,-3.27,1970.9163854027784,-1.09,23650.99662483334,0.594,14,7.13,4.63,Strong Buy,27741,23.74,5009302,5.78,13.97,8.3,8.76,45.24,2026-08-31,2026-08-31
Ocala,FL,"Ocala, FL",Marion County,265332.63980487874,-2.53,1575.4481998342335,-0.36,18905.378398010802,0.594,14,7.13,4.63,Strong Buy,70251,9.96,428905,13.63,44.29,12.9,7.37,23.32,2026-08-31,2026-08-31
New Haven,CT,"New Haven-Milford, CT",New Haven County,339182.0659376837,6.13,2015.404462639757,2.15,24184.853551677083,0.594,14,7.13,4.63,Strong Buy,137562,6.38,NA,NA,NA,NA,NA,NA,2026-08-31,2026-08-31
Denham Springs,LA,"Baton Rouge, LA",Livingston Parish,256954.6258556093,3.93,1524.5939332998155,4.44,18295.127199597788,0.593,14,7.12,4.63,Strong Buy,9321,0.15,152886,7.03,12.26,12.8,8.44,18.73,2026-08-31,2026-08-31
Paducah,KY,"Paducah, KY-IL",McCracken County,194069.3118552689,-1.34,1152.5,8.12,13830,0.594,14,7.13,4.63,Strong Buy,26712,-1.56,67550,-0.55,4.12,15.14,4.52,32.58,2026-08-31,2026-08-31
Findlay,OH,"Findlay, OH",Hancock County,244994.29328124385,3.17,1455.7460317460318,6.61,17468.95238095238,0.594,14,7.13,4.63,Strong Buy,40343,0.16,75016,0.13,2.12,6.65,3.76,30.81,2026-08-31,2026-08-31
Urbana,IL,"Champaign-Urbana, IL",Champaign County,207794.64774442723,5.93,1232.211111111111,5.78,14786.533333333333,0.593,14.1,7.12,4.63,Strong Buy,39831,2.48,212374,2.97,9.8,11.21,10.06,46.55,2026-08-31,2026-08-31
Jesup,GA,"Jesup, GA",Wayne County,206153.2104489589,5.38,1225,NA,14700,0.594,14,7.13,4.63,Strong Buy,NA,NA,NA,NA,NA,NA,NA,NA,2026-08-31,2026-08-31
Saraland,AL,"Mobile, AL",Mobile County,240626.67035103365,1.62,1427.6309523809523,NA,17131.571428571428,0.593,14,7.12,4.63,Strong Buy,16458,1.35,412339,-0.5,0.6,13.43,4.82,35.13,2026-08-31,2026-08-31
Spartanburg,SC,"Spartanburg, SC",Spartanburg County,232218.2655608829,1.1,1375.9980920314254,1.7,16511.977104377103,0.593,14.1,7.11,4.62,Strong Buy,39606,2.6,369256,12.1,27.18,8.85,6.12,27.07,2026-08-31,2026-08-31
Titusville,FL,"Palm Bay-Melbourne-Titusville, FL",Brevard County,272394.95831080707,-0.79,1613.086622527799,1.85,19357.039470333588,0.592,14.1,7.11,4.62,Strong Buy,49883,2.18,658447,8.16,22.48,14.46,11.39,23.08,2026-08-31,2026-08-31
Sunnyside,WA,"Kennewick-Richland, WA",Benton County,320989.5044864372,0.76,1900,NA,22800,0.592,14.1,7.1,4.62,Strong Buy,NA,NA,NA,NA,NA,NA,NA,NA,2026-08-31,2026-08-31
Mt Holly Township,NJ,"Philadelphia-Camden-Wilmington, PA-NJ-DE-MD",Burlington County,338072.23179250926,-1.17,2001.440476190476,NA,24017.28571428571,0.592,14.1,7.1,4.62,Strong Buy,NA,NA,475515,2.99,9.35,5.16,3.54,24.27,2026-08-31,2026-08-31
Gulf Hills,MS,"Gulfport-Biloxi, MS",Jackson County,251204.28917096765,0.71,1487.9833333333331,0.55,17855.799999999996,0.592,14.1,7.11,4.62,Strong Buy,NA,NA,147002,2.53,6.19,9.47,10.9,28.03,2026-08-31,2026-08-31
Inwood,WV,"Hagerstown-Martinsburg, MD-WV",Berkeley County,325529.43208965124,3.87,1924.5,NA,23094,0.591,14.1,7.09,4.61,Strong Buy,NA,NA,136287,11.07,22.16,5.95,1.35,24.6,2026-08-31,2026-08-31
Sorrento,FL,"Orlando-Kissimmee-Sanford, FL",Lake County,413353.0541160065,-0.9,2445,NA,29340,0.592,14.1,7.1,4.61,Strong Buy,NA,NA,NA,NA,NA,NA,NA,NA,2026-08-31,2026-08-31
Clawson,MI,"Detroit-Warren-Dearborn, MI",Oakland County,286864.4671976803,1.43,1695.9444444444443,NA,20351.333333333332,0.591,14.1,7.09,4.61,Strong Buy,11440,0.69,1296888,1.91,10.58,5.25,6.51,27.73,2026-08-31,2026-08-31
Aylett,VA,"Richmond, VA",King William County,354935.2526467461,3.09,2100,NA,25200,0.592,14.1,7.1,4.61,Strong Buy,NA,NA,NA,NA,NA,NA,NA,NA,2026-08-31,2026-08-31
Boardman,OR,"Hermiston-Pendleton, OR",Morrow County,344020.0300679863,-0.12,2034.9666666666665,NA,24419.6,0.592,14.1,7.1,4.61,Strong Buy,NA,NA,NA,NA,NA,NA,NA,NA,2026-08-31,2026-08-31
Houston,TX,"Houston-The Woodlands-Sugar Land, TX",Harris County,261740.28430235808,-2.29,1542.1587019941862,-0.13,18505.904423930235,0.589,14.1,7.07,4.6,Strong Buy,2390125,3.97,5009302,5.78,13.97,8.3,8.76,45.24,2026-08-31,2026-08-31
Tuscaloosa,AL,"Tuscaloosa, AL",Tuscaloosa County,245668.02573044377,0.94,1447.6542105611873,4.37,17371.850526734248,0.589,14.1,7.07,4.6,Strong Buy,114288,8.25,241212,3.68,5.91,15.2,5.06,37.84,2026-08-31,2026-08-31
Villa Rica,GA,"Atlanta-Sandy Springs-Alpharetta, GA",Carroll County,311862.59542484465,-0.71,1840.941736694678,0.58,22091.300840336135,0.59,14.1,7.08,4.6,Strong Buy,20095,16.51,129911,8.72,17.56,7.57,2.82,30.7,2026-08-31,2026-08-31
Maumee,OH,"Toledo, OH",Lucas County,284503.54880516935,3.13,1676.277777777778,NA,20115.333333333336,0.589,14.1,7.07,4.6,Strong Buy,13625,-1.72,426291,-1.06,-0.51,9.27,4.76,38.34,2026-08-31,2026-08-31
Rolling Meadows,IL,"Chicago-Naperville-Elgin, IL-IN-WI",Cook County,339504.4509222323,7.26,2000.5628815628816,2.33,24006.75457875458,0.589,14.1,7.07,4.6,Strong Buy,23732,-1.86,5182617,-1.6,5.9,8.18,4.67,42.49,2026-08-31,2026-08-31
Colonial Beach,VA,NA,Westmoreland County,324741.647591914,-0.19,1915.8333333333333,NA,22990,0.59,14.1,7.08,4.6,Strong Buy,NA,NA,NA,NA,NA,NA,NA,NA,2026-08-31,2026-08-31
Fountain Hill,PA,"Allentown-Bethlehem-Easton, PA-NJ",Lehigh County,267182.1730404717,3.46,1575,NA,18900,0.589,14.1,7.07,4.6,Strong Buy,NA,NA,NA,NA,NA,NA,NA,NA,2026-08-31,2026-08-31
Ludlow,KY,"Cincinnati, OH-KY-IN",Kenton County,210608.92843463752,0.11,1240.8333333333337,NA,14890.000000000004,0.589,14.1,7.07,4.6,Strong Buy,NA,NA,NA,NA,NA,NA,NA,NA,2026-08-31,2026-08-31
West Palm Beach,FL,"Miami-Fort Lauderdale-Pompano Beach, FL",Palm Beach County,404294.2802883096,1.45,2377.1453290984787,3.93,28525.743949181742,0.588,14.2,7.06,4.59,Strong Buy,127744,8.71,1582055,5.87,15.98,16.36,6.94,30.14,2026-08-31,2026-08-31
Davenport,FL,"Lakeland-Winter Haven, FL",Polk County,338572.3418757604,-3.56,1991.7876282403697,1.3,23901.451538884437,0.588,14.2,7.06,4.59,Strong Buy,16764,72.29,852878,16.8,32.56,16.11,4.75,29.98,2026-08-31,2026-08-31
Commerce Township,MI,"Detroit-Warren-Dearborn, MI",Oakland County,399708.13713858806,2.37,2350.81746031746,18.86,28209.80952380952,0.588,14.2,7.06,4.59,Strong Buy,NA,NA,1296888,1.91,10.58,5.25,6.51,27.73,2026-08-31,2026-08-31
Phillipsburg,NJ,"Allentown-Bethlehem-Easton, PA-NJ",Warren County,343664.62081914284,2.21,2022,1.71,24264,0.588,14.2,7.06,4.59,Strong Buy,15393,1.24,112031,2.29,7.62,3.71,1.84,25.71,2026-08-31,2026-08-31
Willoughby,OH,"Cleveland-Elyria, OH",Lake County,246664.7048960765,3.41,1450.0416666666667,NA,17400.5,0.588,14.2,7.05,4.59,Strong Buy,24208,1.42,232360,-0.07,4.74,5.25,2.87,24.93,2026-08-31,2026-08-31
Powell,TN,"Knoxville, TN",Knox County,362721.7506134846,2.5,2136.611111111111,NA,25639.33333333333,0.589,14.1,7.07,4.59,Strong Buy,NA,NA,506748,5.46,9.51,8.07,5.28,35.05,2026-08-31,2026-08-31
Rensselaer,NY,"Albany-Schenectady-Troy, NY",Rensselaer County,316912.75291174167,3.77,1866.7936507936508,0.41,22401.52380952381,0.589,14.1,7.07,4.59,Strong Buy,9453,2.69,160749,-0.09,6.31,10.96,7.03,35.91,2026-08-31,2026-08-31
Kingsland,GA,"St. Marys, GA",Camden County,296513.1376149287,-0.01,1744.805735930736,5.19,20937.668831168834,0.588,14.2,7.06,4.59,Strong Buy,20789,13.62,59099,7.59,13.86,9.35,6.6,36.22,2026-08-31,2026-08-31
Brookfield,IL,"Chicago-Naperville-Elgin, IL-IN-WI",Cook County,362175.9420841727,8.13,2129.8611111111113,NA,25558.333333333336,0.588,14.2,7.06,4.59,Strong Buy,18885,-2.86,5182617,-1.6,5.9,8.18,4.67,42.49,2026-08-31,2026-08-31
Arlington,TN,"Memphis, TN-MS-AR",Shelby County,407319.5282845712,-1.68,2397.5833333333335,1.36,28771,0.589,14.2,7.06,4.59,Strong Buy,15550,4.24,910530,-2.07,-7.65,10.56,7.81,45.42,2026-08-31,2026-08-31
Justin,TX,"Dallas-Fort Worth-Arlington, TX",Denton County,365170.9821288068,-3.32,2147.285714285714,-0.1,25767.428571428572,0.588,14.2,7.06,4.59,Strong Buy,6197,37.8,1045120,14.28,23.72,4.75,5.09,34.63,2026-08-31,2026-08-31
Oakland,TN,"Memphis, TN-MS-AR",Fayette County,352100.9510025454,-2.15,2069.920634920635,0.4,24839.047619047622,0.588,14.2,7.05,4.59,Strong Buy,10769,19.02,44476,6.24,10.39,7.5,2.19,19.25,2026-08-31,2026-08-31
Jamestown,NC,"Greensboro-High Point, NC",Guilford County,348656.90364223433,0.14,2052.6666666666665,NA,24632,0.589,14.2,7.06,4.59,Strong Buy,NA,NA,NA,NA,NA,NA,NA,NA,2026-08-31,2026-08-31
Columbus,OH,"Columbus, OH",Franklin County,247001.74014711796,-0.98,1450.4811347378284,2.35,17405.77361685394,0.587,14.2,7.05,4.58,Strong Buy,933263,2.96,1356303,2.4,7.58,6.96,3.98,47.03,2026-08-31,2026-08-31
Boynton Beach,FL,"Miami-Fort Lauderdale-Pompano Beach, FL",Palm Beach County,403510.0098626509,-0.32,2371.461149110807,2.13,28457.533789329686,0.588,14.2,7.05,4.58,Strong Buy,83095,3.26,1582055,5.87,15.98,16.36,6.94,30.14,2026-08-31,2026-08-31
Jonesboro,AR,"Jonesboro, AR",Craighead County,227300.2739371504,3.82,1335.8634920634922,2.69,16030.361904761907,0.588,14.2,7.05,4.58,Strong Buy,82384,4.49,115852,3.79,10.71,9.64,4.94,40.8,2026-08-31,2026-08-31
Kokomo,IN,"Kokomo, IN",Howard County,185657.5693735448,4.64,1090.05552413273,6.09,13080.666289592758,0.587,14.2,7.05,4.58,Strong Buy,60093,0.87,84082,0.59,5.3,11.73,11.13,28.13,2026-08-31,2026-08-31
Council Bluffs,IA,"Omaha-Council Bluffs, NE-IA",Pottawattamie County,229837.55940628404,2.48,1350.4658119658122,2.17,16205.589743589746,0.588,14.2,7.05,4.58,Strong Buy,62665,-0.19,93529,-0.13,3.09,6.22,1.75,29.65,2026-08-31,2026-08-31
Statesville,NC,"Charlotte-Concord-Gastonia, NC-SC",Iredell County,297476.4188608851,2.93,1746.6172161172162,4.84,20959.406593406595,0.587,14.2,7.05,4.58,Strong Buy,31693,10.82,206361,9.94,28.47,9.63,3.66,28.53,2026-08-31,2026-08-31
Atascocita,TX,"Houston-The Woodlands-Sugar Land, TX",Harris County,307522.25446092995,-1.75,1807.616931216931,0.22,21691.403174603172,0.588,14.2,7.05,4.58,Strong Buy,NA,NA,5009302,5.78,13.97,8.3,8.76,45.24,2026-08-31,2026-08-31
Seminole,FL,"Tampa-St. Petersburg-Clearwater, FL",Pinellas County,386169.6857238573,-0.07,2268.4699346405228,-0.25,27221.63921568627,0.587,14.2,7.05,4.58,Strong Buy,19395,-0.11,965870,0.63,3.8,18.32,8.78,30.56,2026-08-31,2026-08-31
Mt Laurel Township,NJ,"Philadelphia-Camden-Wilmington, PA-NJ-DE-MD",Burlington County,404500.41803542216,2.81,2375.5010721247563,3.69,28506.012865497076,0.587,14.2,7.05,4.58,Strong Buy,NA,NA,475515,2.99,9.35,5.16,3.54,24.27,2026-08-31,2026-08-31
Oswego,IL,"Chicago-Naperville-Elgin, IL-IN-WI",Kendall County,422743.3872323266,3.07,2481.8686868686873,2.89,29782.424242424247,0.587,14.2,7.05,4.58,Strong Buy,38778,11.61,143171,8.18,15.09,2.73,2.44,15.82,2026-08-31,2026-08-31
Havelock,NC,"New Bern, NC",Craven County,235371.0568400552,2.74,1380.851851851852,0.48,16570.222222222223,0.587,14.2,7.04,4.58,Strong Buy,17407,-2.84,104167,2.62,7.75,12.51,6.59,30.05,2026-08-31,2026-08-31
Long Beach,MS,"Gulfport-Biloxi, MS",Harrison County,238651.1165536091,0.98,1400.4166666666667,5.64,16805,0.587,14.2,7.04,4.58,Strong Buy,NA,NA,NA,NA,NA,NA,NA,NA,2026-08-31,2026-08-31
Kathleen,GA,"Warner Robins, GA",Houston County,366558.91270354815,2.54,2151.6666666666665,NA,25820,0.587,14.2,7.04,4.58,Strong Buy,NA,NA,NA,NA,NA,NA,NA,NA,2026-08-31,2026-08-31
Gainesville,TX,"Gainesville, TX",Cooke County,246682.20866581728,-2.35,1447.6666666666667,NA,17372,0.587,14.2,7.04,4.58,Strong Buy,NA,NA,NA,NA,NA,NA,NA,NA,2026-08-31,2026-08-31
Rossville,MD,"Baltimore-Columbia-Towson, MD",Baltimore County,296318.1960121971,-1.03,1740.8568376068376,3.53,20890.28205128205,0.587,14.2,7.05,4.58,Strong Buy,NA,NA,852425,-0.11,3.96,5.75,5.61,33.67,2026-08-31,2026-08-31
Lafayette,LA,"Lafayette, LA",Lafayette Parish,226811.21702959636,1.97,1329.206186348393,0.29,15950.474236180715,0.586,14.2,7.03,4.57,Strong Buy,122280,0.68,254241,4.98,9.97,10,6.1,33.9,2026-08-31,2026-08-31
Riverview,FL,"Tampa-St. Petersburg-Clearwater, FL",Hillsborough County,363567.97620777186,-2.82,2129.074132093997,-0.37,25548.889585127963,0.586,14.2,7.03,4.57,Strong Buy,NA,NA,1581426,7.85,12.2,7.8,6.74,38.94,2026-08-31,2026-08-31
Little Elm,TX,"Dallas-Fort Worth-Arlington, TX",Denton County,393656.8594730576,-5.73,2306.8533872598587,1.98,27682.240647118306,0.586,14.2,7.03,4.57,Strong Buy,61219,29.67,1045120,14.28,23.72,4.75,5.09,34.63,2026-08-31,2026-08-31
Oakland Park,FL,"Miami-Fort Lauderdale-Pompano Beach, FL",Broward County,367399.2570784986,-2.15,2151.207239643825,-0.13,25814.486875725896,0.586,14.2,7.03,4.57,Strong Buy,45771,3.47,2037472,4.84,14.84,13.18,6.08,36.74,2026-08-31,2026-08-31
Somerset,KY,"Somerset, KY",Pulaski County,201608.92917202832,-0.45,1182.5,NA,14190,0.587,14.2,7.04,4.57,Strong Buy,12389,3.39,66842,2.66,13.4,18.16,3.75,28.14,2026-08-31,2026-08-31
Sidney,OH,"Sidney, OH",Shelby County,218706.20929676187,7.34,1280.6761904761904,NA,15368.114285714284,0.586,14.2,7.03,4.57,Strong Buy,NA,NA,NA,NA,NA,NA,NA,NA,2026-08-31,2026-08-31
East Windsor Township,NJ,"Trenton-Princeton, NJ",Mercer County,473134.5555019627,-0.1,2774.5833333333335,NA,33295,0.586,14.2,7.04,4.57,Strong Buy,NA,NA,392138,1.46,11.79,6.07,3.03,38.11,2026-08-31,2026-08-31
Locust Grove,VA,"Washington-Arlington-Alexandria, DC-VA-MD-WV",Orange County,432824.25923512765,0.98,2533.3333333333335,NA,30400,0.585,14.2,7.02,4.57,Strong Buy,NA,NA,NA,NA,NA,NA,NA,NA,2026-08-31,2026-08-31
Barling,AR,"Fort Smith, AR-OK",Sebastian County,198725.12229839977,3.92,1165.25,NA,13983,0.586,14.2,7.04,4.57,Strong Buy,NA,NA,NA,NA,NA,NA,NA,NA,2026-08-31,2026-08-31
Tulsa,OK,"Tulsa, OK",Tulsa County,220221.0798182565,3.12,1287.414261105553,3.52,15448.971133266634,0.585,14.3,7.02,4.56,Strong Buy,415154,0.36,693514,3.4,7.29,9.07,6.06,40.26,2026-08-31,2026-08-31
Lexington,SC,"Columbia, SC",Lexington County,306040.7760607167,1.41,1788.3103448275865,1.77,21459.724137931036,0.584,14.3,7.01,4.56,Strong Buy,25354,7.19,313774,6.37,11.83,7.71,3.5,23.15,2026-08-31,2026-08-31
North Fort Myers,FL,"Cape Coral-Fort Myers, FL",Lee County,262034.66593234395,-3.99,1531.894017094017,-3.92,18382.728205128205,0.585,14.3,7.02,4.56,Strong Buy,NA,NA,860959,12.46,20.97,25.72,10.08,26.02,2026-08-31,2026-08-31
Martinez,GA,"Augusta-Richmond County, GA-SC",Columbia County,286339.18949990004,1.85,1673.6192307692309,2.09,20083.43076923077,0.584,14.3,7.01,4.56,Strong Buy,NA,NA,167472,6.76,9.29,13.79,10.72,21.51,2026-08-31,2026-08-31
Auburn,NY,"Auburn, NY",Cayuga County,226274.933030296,6.27,1323.3333333333333,NA,15880,0.585,14.2,7.02,4.56,Strong Buy,25963,-3.36,74567,-2.08,1.7,14.78,2.3,28.09,2026-08-31,2026-08-31
Bristol,TN,"Kingsport-Bristol, TN-VA",Sullivan County,237878.1897641085,-1.15,1391.9166666666667,5.2,16703,0.585,14.2,7.02,4.56,Strong Buy,27867,2.52,162703,2.82,9.93,9.89,4.08,27.07,2026-08-31,2026-08-31
Niles,IL,"Chicago-Naperville-Elgin, IL-IN-WI",Cook County,421136.57506108034,7.92,2460.8888888888887,15.9,29530.666666666664,0.584,14.3,7.01,4.56,Strong Buy,29918,-2.83,5182617,-1.6,5.9,8.18,4.67,42.49,2026-08-31,2026-08-31
Parkville,MD,"Baltimore-Columbia-Towson, MD",Baltimore County,281984.7214137022,-1.39,1646.8528693528694,5.88,19762.234432234432,0.584,14.3,7.01,4.56,Strong Buy,NA,NA,852425,-0.11,3.96,5.75,5.61,33.67,2026-08-31,2026-08-31
Bixby,OK,"Tulsa, OK",Tulsa County,333726.89327248774,1.67,1951.3553113553112,1.86,23416.263736263732,0.585,14.3,7.02,4.56,Strong Buy,31728,10.48,693514,3.4,7.29,9.07,6.06,40.26,2026-08-31,2026-08-31
Falling Waters,WV,"Hagerstown-Martinsburg, MD-WV",Berkeley County,319841.7180036166,3.45,1871.4555555555555,NA,22457.466666666667,0.585,14.2,7.02,4.56,Strong Buy,NA,NA,136287,11.07,22.16,5.95,1.35,24.6,2026-08-31,2026-08-31
Gresham Park,GA,"Atlanta-Sandy Springs-Alpharetta, GA",Dekalb County,255610.87980432328,-6.5,1493.4407407407407,3.38,17921.28888888889,0.584,14.3,7.01,4.56,Strong Buy,NA,NA,NA,NA,NA,NA,NA,NA,2026-08-31,2026-08-31
Whitestown,IN,"Indianapolis-Carmel-Anderson, IN",Boone County,359046.7290988863,0.65,2099.3017543859646,4.79,25191.621052631577,0.585,14.3,7.02,4.56,Strong Buy,14564,40.71,78773,10.74,29.2,3.69,3.7,20.69,2026-08-31,2026-08-31
Garrison,MD,"Baltimore-Columbia-Towson, MD",Baltimore County,321452.72629254207,-1.21,1879.9932659932656,2.08,22559.919191919187,0.585,14.2,7.02,4.56,Strong Buy,NA,NA,852425,-0.11,3.96,5.75,5.61,33.67,2026-08-31,2026-08-31
Stuart,FL,"Port St. Lucie, FL",Martin County,374123.5952854997,-0.96,2181.1994553376903,2.67,26174.393464052286,0.583,14.3,7,4.55,Strong Buy,19566,11.54,165666,4.41,14.54,17.59,6.28,19.89,2026-08-31,2026-08-31
Beaver Falls,PA,"Pittsburgh, PA",Beaver County,203063.83622584151,5.86,1185.8333333333333,-1.76,14230,0.584,14.3,7.01,4.55,Strong Buy,8757,-2.49,165540,-1.38,4.65,9.08,7.23,25.47,2026-08-31,2026-08-31
Junction City,KS,"Manhattan, KS",Geary County,202937.02476054008,-2.78,1184.513888888889,1.64,14214.166666666668,0.584,14.3,7,4.55,Strong Buy,22053,-3.9,35459,-3.55,-8.4,13.38,8.78,57.18,2026-08-31,2026-08-31
Harvest,AL,"Huntsville, AL",Madison County,313632.558181005,0.92,1830.375,2.84,21964.5,0.584,14.3,7,4.55,Strong Buy,NA,NA,423355,8.41,20.5,7.01,5.85,31.22,2026-08-31,2026-08-31
Chelsea,AL,"Birmingham-Hoover, AL",Shelby County,384541.7252894123,1.01,2242.3333333333335,4.77,26908,0.583,14.3,7,4.55,Strong Buy,17293,13.49,235969,5.38,7.09,5.94,5.41,18.74,2026-08-31,2026-08-31
Gulfport,FL,"Tampa-St. Petersburg-Clearwater, FL",Pinellas County,353115.17595127603,-2.67,2059.777777777778,2.87,24717.333333333336,0.583,14.3,7,4.55,Strong Buy,11645,-1.05,965870,0.63,3.8,18.32,8.78,30.56,2026-08-31,2026-08-31
Joshua Tree,CA,"Riverside-San Bernardino-Ontario, CA",San Bernardino County,346012.0494180824,1.71,2020.277777777778,18.45,24243.333333333336,0.584,14.3,7.01,4.55,Strong Buy,NA,NA,2214281,1.41,1.68,9.55,3.22,38.46,2026-08-31,2026-08-31
Elgin,IL,"Chicago-Naperville-Elgin, IL-IN-WI",Kane County,339753.3452192846,4.42,1976.013480392157,3.98,23712.16176470588,0.582,14.3,6.98,4.54,Strong Buy,114701,0.05,520997,0.89,3.7,3.54,3.6,24.26,2026-08-31,2026-08-31
Powder Springs,GA,"Atlanta-Sandy Springs-Alpharetta, GA",Cobb County,363668.1422876641,-1.99,2116.659565580618,5.21,25399.91478696742,0.582,14.3,6.98,4.54,Strong Buy,19632,16.07,787538,2.76,2.77,5.82,5.06,33.01,2026-08-31,2026-08-31
Goose Creek,SC,"Charleston-North Charleston, SC",Berkeley County,321691.46038623434,-0.14,1870.8197097020627,6.08,22449.83651642475,0.582,14.3,6.98,4.54,Strong Buy,50352,8.85,264276,14.15,27.06,7.35,5.97,25.9,2026-08-31,2026-08-31
Zephyrhills,FL,"Tampa-St. Petersburg-Clearwater, FL",Pasco County,303599.0603454382,-2.48,1765.1735294117643,-1.86,21182.082352941172,0.581,14.3,6.98,4.54,Strong Buy,22304,28.53,659114,16.41,37.43,13.3,5.54,24.5,2026-08-31,2026-08-31
Texas City,TX,"Houston-The Woodlands-Sugar Land, TX",Galveston County,227222.4671463296,-1.81,1323.077380952381,-1.44,15876.928571428572,0.582,14.3,6.99,4.54,Strong Buy,57875,10.69,367407,4.49,11.39,13,8.22,32.51,2026-08-31,2026-08-31
North Augusta,SC,"Augusta-Richmond County, GA-SC",Edgefield County,281087.8886636508,2.69,1637.6096866096866,1.3,19651.31623931624,0.583,14.3,6.99,4.54,Strong Buy,26395,7.8,29455,14.73,31.47,15.98,4.48,20.16,2026-08-31,2026-08-31
Woodbury,NJ,"Philadelphia-Camden-Wilmington, PA-NJ-DE-MD",Gloucester County,341761.71046355984,5.27,1989.4444444444443,NA,23873.333333333332,0.582,14.3,6.99,4.54,Strong Buy,10138,1.77,311783,3.04,8.48,4.88,3.06,20.57,2026-08-31,2026-08-31
Adrian,MI,"Adrian, MI",Lenawee County,191563.904556946,3.98,1115.3333333333337,NA,13384.000000000004,0.582,14.3,6.99,4.54,Strong Buy,NA,NA,NA,NA,NA,NA,NA,NA,2026-08-31,2026-08-31
Holt,MI,"Lansing-East Lansing, MI",Ingham County,274080.4054191637,3.52,1595,1.93,19140,0.582,14.3,6.98,4.54,Strong Buy,NA,NA,290427,1.9,8.02,7.35,5.48,40.45,2026-08-31,2026-08-31
Franklin,KY,NA,Simpson County,248924.14740113736,-0.39,1447.5,NA,17370,0.582,14.3,6.98,4.54,Strong Buy,NA,NA,NA,NA,NA,NA,NA,NA,2026-08-31,2026-08-31
Guttenberg,NJ,"New York-Newark-Jersey City, NY-NJ-PA",Hudson County,415630.6785426845,2.01,2418.055555555555,-1.38,29016.666666666664,0.582,14.3,6.98,4.54,Strong Buy,11945,-0.47,736185,1.98,14.43,6.78,4.46,68.82,2026-08-31,2026-08-31
Westampton Township,NJ,"Philadelphia-Camden-Wilmington, PA-NJ-DE-MD",Burlington County,423841.468614808,1.79,2465.805555555555,NA,29589.666666666664,0.582,14.3,6.98,4.54,Strong Buy,NA,NA,475515,2.99,9.35,5.16,3.54,24.27,2026-08-31,2026-08-31
Bel Aire,KS,"Wichita, KS",Sedgwick County,280028.49565062544,1.34,1630.111111111111,NA,19561.333333333332,0.582,14.3,6.99,4.54,Strong Buy,NA,NA,NA,NA,NA,NA,NA,NA,2026-08-31,2026-08-31
Saint Petersburg,FL,"Tampa-St. Petersburg-Clearwater, FL",Pinellas County,354074.05824194173,-1.12,2058.1144797444763,1.98,24697.373756933717,0.581,14.3,6.98,4.53,Strong Buy,NA,NA,965870,0.63,3.8,18.32,8.78,30.56,2026-08-31,2026-08-31
Cape Coral,FL,"Cape Coral-Fort Myers, FL",Lee County,335824.9016105653,-3.91,1949.195247762222,1.03,23390.342973146664,0.58,14.4,6.97,4.53,Strong Buy,233025,19.23,860959,12.46,20.97,25.72,10.08,26.02,2026-08-31,2026-08-31
Saint Cloud,FL,"Orlando-Kissimmee-Sanford, FL",Osceola County,389675.5603082168,-3.3,2262.1479369454732,-1.37,27145.775243345677,0.581,14.4,6.97,4.53,Strong Buy,NA,NA,468058,19.66,40.25,19.99,6.97,33.77,2026-08-31,2026-08-31
Yukon,OK,"Oklahoma City, OK",Canadian County,273039.3545583303,1.1,1587.0353897656623,0.3,19044.424677187948,0.581,14.3,6.97,4.53,Strong Buy,27068,13.75,181760,16.93,26.01,5.78,5.62,25.24,2026-08-31,2026-08-31
Cedar Hill,TX,"Dallas-Fort Worth-Arlington, TX",Dallas County,312519.64568441344,-1.11,1815.8235042735043,0.53,21789.882051282053,0.581,14.3,6.97,4.53,Strong Buy,49618,1.04,2656028,1.73,0.15,7.76,8.95,49.22,2026-08-31,2026-08-31
Boiling Springs,SC,"Spartanburg, SC",Spartanburg County,280683.4765328435,1.37,1629.90979020979,2.87,19558.917482517478,0.581,14.4,6.97,4.53,Strong Buy,NA,NA,369256,12.1,27.18,8.85,6.12,27.07,2026-08-31,2026-08-31
Lillington,NC,"Fayetteville, NC",Harnett County,289646.79900655104,1.06,1683.25,NA,20199,0.581,14.3,6.97,4.53,Strong Buy,4848,0.77,146096,9.26,25.57,10.01,8.1,30.51,2026-08-31,2026-08-31
Dyersburg,TN,"Dyersburg, TN",Dyer County,168473.4039188288,1.11,977.7777777777778,20.98,11733.333333333334,0.58,14.4,6.96,4.53,Strong Buy,15915,-1.26,36403,-0.83,1.4,8.66,3.66,37.62,2026-08-31,2026-08-31
River Grove,IL,"Chicago-Naperville-Elgin, IL-IN-WI",Cook County,324957.2337719128,7.63,1888.388888888889,NA,22660.666666666668,0.581,14.3,6.97,4.53,Strong Buy,NA,NA,NA,NA,NA,NA,NA,NA,2026-08-31,2026-08-31
Eden Isle,LA,"New Orleans-Metairie, LA",Saint Tammany Parish,327794.3030597817,-2.75,1903.6666666666667,1.27,22844,0.581,14.3,6.97,4.53,Strong Buy,NA,NA,NA,NA,NA,NA,NA,NA,2026-08-31,2026-08-31
San Antonio,FL,"Tampa-St. Petersburg-Clearwater, FL",Pasco County,342749.92074348405,-3.23,1992.175,-0.2,23906.1,0.581,14.3,6.97,4.53,Strong Buy,1577,21.21,659114,16.41,37.43,13.3,5.54,24.5,2026-08-31,2026-08-31
Killeen,TX,"Killeen-Temple, TX",Bell County,219532.9241640598,-1.15,1272.7300045131742,-1.04,15272.76005415809,0.58,14.4,6.96,4.52,Strong Buy,160616,4.46,399578,7.3,5.6,8.76,5.74,43.84,2026-08-31,2026-08-31
Meriden,CT,"New Haven-Milford, CT",New Haven County,328085.61645620543,4.47,1902.536507936508,5.98,22830.438095238096,0.58,14.4,6.96,4.52,Strong Buy,60849,0.37,NA,NA,NA,NA,NA,NA,2026-08-31,2026-08-31
Oak Lawn,IL,"Chicago-Naperville-Elgin, IL-IN-WI",Cook County,301041.65079264547,6.08,1744.017857142857,2.81,20928.214285714286,0.579,14.4,6.95,4.52,Strong Buy,56531,-2.78,5182617,-1.6,5.9,8.18,4.67,42.49,2026-08-31,2026-08-31
Dacula,GA,"Atlanta-Sandy Springs-Alpharetta, GA",Gwinnett County,439940.4893756861,-3.08,2550.991987179487,2.24,30611.903846153844,0.58,14.4,6.96,4.52,Strong Buy,8018,16.07,1003869,4.75,5.96,3.94,4.99,33.31,2026-08-31,2026-08-31
Dover,PA,"York-Hanover, PA",York County,296542.1538245689,2.51,1719.4444444444443,NA,20633.333333333332,0.58,14.4,6.96,4.52,Strong Buy,NA,NA,NA,NA,NA,NA,NA,NA,2026-08-31,2026-08-31
Farmingville,NY,"New York-Newark-Jersey City, NY-NJ-PA",Suffolk County,662272.042345307,6.59,3839.5,NA,46074,0.58,14.4,6.96,4.52,Strong Buy,NA,NA,NA,NA,NA,NA,NA,NA,2026-08-31,2026-08-31
Alsip,IL,"Chicago-Naperville-Elgin, IL-IN-WI",Cook County,277224.9109198833,5.75,1605.4166666666667,4.83,19265,0.579,14.4,6.95,4.52,Strong Buy,18486,-2.7,5182617,-1.6,5.9,8.18,4.67,42.49,2026-08-31,2026-08-31
Dickinson,TX,"Houston-The Woodlands-Sugar Land, TX",Galveston County,267085.2574939156,-0.64,1546.147619047619,0.84,18553.77142857143,0.579,14.4,6.95,4.52,Strong Buy,21941,2.2,367407,4.49,11.39,13,8.22,32.51,2026-08-31,2026-08-31
Pendleton,IN,"Indianapolis-Carmel-Anderson, IN",Madison County,336015.5974537102,1.95,1948.6666666666667,NA,23384,0.58,14.4,6.96,4.52,Strong Buy,5758,21.5,134222,3.12,12.05,10.55,6.46,30.03,2026-08-31,2026-08-31
Norridge,IL,"Chicago-Naperville-Elgin, IL-IN-WI",Cook County,422383.50016404456,7.22,2450,NA,29400,0.58,14.4,6.96,4.52,Strong Buy,NA,NA,NA,NA,NA,NA,NA,NA,2026-08-31,2026-08-31
Vadnais Heights,MN,"Minneapolis-St. Paul-Bloomington, MN-WI",Ramsey County,371997.2644067794,1.72,2156.6944444444443,7.49,25880.333333333332,0.58,14.4,6.96,4.52,Strong Buy,13108,1.13,542015,-1.76,3.41,5.41,6.16,38.97,2026-08-31,2026-08-31
Brown Deer,WI,"Milwaukee-Waukesha, WI",Milwaukee County,292313.4638750391,3.26,1693.9857142857145,5.72,20327.828571428574,0.58,14.4,6.95,4.52,Strong Buy,12527,0.11,924740,-1.48,0.57,8.21,6.16,50.2,2026-08-31,2026-08-31
Port Saint Joe,FL,"Panama City, FL",Gulf County,465166.2372225583,-2.38,2695.25,NA,32343,0.579,14.4,6.95,4.52,Strong Buy,NA,NA,NA,NA,NA,NA,NA,NA,2026-08-31,2026-08-31
North Kansas City,MO,"Kansas City, MO-KS",Clay County,260106.1312284491,3.5,1508.0085470085469,1.68,18096.102564102563,0.58,14.4,6.96,4.52,Strong Buy,5630,23.25,263370,3.63,8.53,5.32,4.67,31.12,2026-08-31,2026-08-31
Porter,TX,"Houston-The Woodlands-Sugar Land, TX",Montgomery County,307518.2683611076,-1.21,1778.1031746031747,-2.67,21337.238095238095,0.578,14.4,6.94,4.51,Strong Buy,NA,NA,749613,19.86,40.55,7.22,7.84,28.27,2026-08-31,2026-08-31
Terrell,TX,"Dallas-Fort Worth-Arlington, TX",Kaufman County,282223.04462766804,-1.02,1633.1111111111113,0.4,19597.333333333336,0.579,14.4,6.94,4.51,Strong Buy,22977,28.82,197829,34.42,49.26,5.77,8.22,21.41,2026-08-31,2026-08-31
Zebulon,NC,"Raleigh-Cary, NC",Wake County,340654.3842355913,-0.36,1967.7083333333333,2.02,23612.5,0.578,14.4,6.93,4.51,Strong Buy,10505,49.2,1232444,9,18.32,7.54,9.49,35.57,2026-08-31,2026-08-31
Smithfield,NC,"Raleigh-Cary, NC",Johnston County,290708.19971976505,-0.31,1680.711111111111,5.08,20168.533333333333,0.578,14.4,6.94,4.51,Strong Buy,12806,12.6,249794,14.89,25.65,6.82,3.91,22.9,2026-08-31,2026-08-31
Saint Anthony,MN,"Minneapolis-St. Paul-Bloomington, MN-WI",Hennepin County,399650.2883601783,0.86,2309.911111111111,NA,27718.933333333334,0.578,14.4,6.94,4.51,Strong Buy,NA,NA,1273334,-0.65,4.24,5.29,5.38,37.05,2026-08-31,2026-08-31
Great Barrington,MA,"Pittsfield, MA",Berkshire County,609556.5884388341,2.31,3522.5,NA,42270,0.578,14.4,6.93,4.51,Strong Buy,NA,NA,NA,NA,NA,NA,NA,NA,2026-08-31,2026-08-31
Deer Park,OH,"Cincinnati, OH-KY-IN",Hamilton County,261774.23134802977,1.52,1515,NA,18180,0.579,14.4,6.94,4.51,Strong Buy,NA,NA,NA,NA,NA,NA,NA,NA,2026-08-31,2026-08-31
Lexington,NC,"Winston-Salem, NC",Davidson County,273381.82099204854,4.32,1578.283068783069,6.73,18939.396825396827,0.577,14.4,6.93,4.5,Strong Buy,19904,2,177809,5.18,19.16,9.39,3.95,26.47,2026-08-31,2026-08-31
Kannapolis,NC,"Charlotte-Concord-Gastonia, NC-SC",Cabarrus County,279713.13058141404,0.33,1613.3366666666668,2.65,19360.04,0.577,14.4,6.92,4.5,Strong Buy,60521,9.3,244925,7.78,14.7,12.01,9.95,27.87,2026-08-31,2026-08-31
Lawrence,IN,"Indianapolis-Carmel-Anderson, IN",Marion County,268241.7666995605,0.22,1549.1656920077974,3.13,18589.988304093567,0.578,14.4,6.93,4.5,Strong Buy,49817,0.96,981628,0.5,-0.05,9.65,5.22,44.07,2026-08-31,2026-08-31
Winterville,NC,"Greenville, NC",Pitt County,278708.5805607285,1.91,1606.3492063492065,1.99,19276.190476190477,0.576,14.5,6.92,4.5,Strong Buy,10899,3.7,180783,4.11,7.69,10.11,4.16,49.07,2026-08-31,2026-08-31
Mason,MI,"Lansing-East Lansing, MI",Ingham County,279182.73619805486,2.48,1610,NA,19320,0.577,14.5,6.92,4.5,Strong Buy,NA,NA,NA,NA,NA,NA,NA,NA,2026-08-31,2026-08-31
Clanton,AL,"Birmingham-Hoover, AL",Chilton County,226069.47083814148,5.52,1305,3.42,15660,0.577,14.4,6.93,4.5,Strong Buy,NA,NA,NA,NA,NA,NA,NA,NA,2026-08-31,2026-08-31
Portland,TX,"Corpus Christi, TX",San Patricio County,270950.3388477746,1.74,1563.307647907648,10.65,18759.691774891777,0.577,14.4,6.92,4.5,Strong Buy,20725,1.55,71467,3.8,8.27,18.22,5.94,33.65,2026-08-31,2026-08-31
Pittston,PA,"Scranton--Wilkes-Barre, PA",Luzerne County,215784.38586536923,4.49,1245,NA,14940,0.577,14.4,6.92,4.5,Strong Buy,NA,NA,NA,NA,NA,NA,NA,NA,2026-08-31,2026-08-31
Clementon,NJ,"Philadelphia-Camden-Wilmington, PA-NJ-DE-MD",Camden County,317060.91152840754,3.05,1827.8333333333333,NA,21934,0.576,14.5,6.92,4.5,Strong Buy,5600,5.22,533988,2.07,5.74,5.92,4.3,34.97,2026-08-31,2026-08-31
Barboursville,VA,"Charlottesville, VA",Albemarle County,428720.0582879004,1.93,2475,NA,29700,0.577,14.4,6.93,4.5,Strong Buy,NA,NA,NA,NA,NA,NA,NA,NA,2026-08-31,2026-08-31
Comstock Northwest,MI,"Kalamazoo-Portage, MI",Kalamazoo County,270636.08116905135,1.66,1562.3968253968253,NA,18748.761904761905,0.577,14.4,6.93,4.5,Strong Buy,NA,NA,264780,1.13,4.82,7.17,5.23,36.05,2026-08-31,2026-08-31
Trenton,NJ,"Trenton-Princeton, NJ",Mercer County,348502.0199464583,-1.73,2005.58,2.61,24066.96,0.575,14.5,6.91,4.49,Strong Buy,91193,0.71,392138,1.46,11.79,6.07,3.03,38.11,2026-08-31,2026-08-31
Greenfield,IN,"Indianapolis-Carmel-Anderson, IN",Hancock County,289335.04076870444,1.69,1664.865800865801,4.5,19978.38961038961,0.575,14.5,6.9,4.49,Strong Buy,26268,11.53,88810,10.76,28.66,3.45,4.86,20.41,2026-08-31,2026-08-31
Lynn Haven,FL,"Panama City, FL",Bay County,327447.3933492257,-0.25,1886.655555555556,1.34,22639.866666666672,0.576,14.5,6.91,4.49,Strong Buy,21954,17.63,199718,14.42,36.38,28.33,10.57,31.72,2026-08-31,2026-08-31
Ward,AR,"Little Rock-North Little Rock-Conway, AR",Lonoke County,208151.3915751444,3.52,1198.0555555555557,NA,14376.666666666668,0.576,14.5,6.91,4.49,Strong Buy,NA,NA,NA,NA,NA,NA,NA,NA,2026-08-31,2026-08-31
Lisbon Falls,ME,"Lewiston-Auburn, ME",Androscoggin County,330218.2354735432,3,1900,NA,22800,0.575,14.5,6.9,4.49,Strong Buy,NA,NA,NA,NA,NA,NA,NA,NA,2026-08-31,2026-08-31
Baton Rouge,LA,"Baton Rouge, LA",East Baton Rouge Parish,232055.82478964943,1.64,1333.0625498593963,3.03,15996.750598312756,0.574,14.5,6.89,4.48,Strong Buy,220907,-2.37,453022,-0.63,2.16,14.65,10.96,40.94,2026-08-31,2026-08-31
Kenosha,WI,"Chicago-Naperville-Elgin, IL-IN-WI",Kenosha County,284849.915541781,6.58,1637.7910628019324,5.77,19653.492753623188,0.575,14.5,6.9,4.48,Strong Buy,99578,-0.39,168754,-0.26,4.28,7.22,4.17,32.36,2026-08-31,2026-08-31
Des Plaines,IL,"Chicago-Naperville-Elgin, IL-IN-WI",Cook County,358472.9241595657,6.88,2057.717171717172,5.65,24692.606060606064,0.574,14.5,6.89,4.48,Strong Buy,58832,-2.69,5182617,-1.6,5.9,8.18,4.67,42.49,2026-08-31,2026-08-31
Lilburn,GA,"Atlanta-Sandy Springs-Alpharetta, GA",Gwinnett County,393705.3854808262,-2.06,2262.0725274725273,3.17,27144.870329670328,0.575,14.5,6.89,4.48,Strong Buy,16210,13.57,1003869,4.75,5.96,3.94,4.99,33.31,2026-08-31,2026-08-31
Jackson,NJ,"New York-Newark-Jersey City, NY-NJ-PA",Ocean County,639573.6174164712,1.86,3676.277777777778,6.68,44115.333333333336,0.575,14.5,6.9,4.48,Strong Buy,NA,NA,666434,4.37,4.36,18.18,2.79,19.83,2026-08-31,2026-08-31
Bartlett,TN,"Memphis, TN-MS-AR",Shelby County,320892.3603208946,-0.9,1843.57500778089,-0.93,22122.90009337068,0.575,14.5,6.89,4.48,Strong Buy,56708,-1.67,910530,-2.07,-7.65,10.56,7.81,45.42,2026-08-31,2026-08-31
Burlington Township,NJ,"Philadelphia-Camden-Wilmington, PA-NJ-DE-MD",Burlington County,393656.01548697567,1.24,2262.3333333333335,NA,27148,0.575,14.5,6.9,4.48,Strong Buy,NA,NA,475515,2.99,9.35,5.16,3.54,24.27,2026-08-31,2026-08-31
Lockport,IL,"Chicago-Naperville-Elgin, IL-IN-WI",Will County,372546.39154453453,3.86,2142.075925925926,1.74,25704.911111111112,0.575,14.5,6.9,4.48,Strong Buy,26915,2.91,708583,1.68,4.83,4.5,3.98,17.48,2026-08-31,2026-08-31
Cortland,NY,"Cortland, NY",Cortland County,210616.3135939401,5.71,1209.7685185185185,7.9,14517.222222222223,0.574,14.5,6.89,4.48,Strong Buy,17459,-0.33,45945,-1.72,0.57,9.95,3.58,33.61,2026-08-31,2026-08-31
Crescent City,CA,"Crescent City, CA",Del Norte County,361605.7220201253,-0.55,2075,NA,24900,0.574,14.5,6.89,4.48,Strong Buy,NA,NA,NA,NA,NA,NA,NA,NA,2026-08-31,2026-08-31
Uniontown,OH,"Akron, OH",Summit County,325219.72465479694,3.4,1867.9666666666665,NA,22415.6,0.574,14.5,6.89,4.48,Strong Buy,NA,NA,NA,NA,NA,NA,NA,NA,2026-08-31,2026-08-31
Brooklyn Park,MD,"Baltimore-Columbia-Towson, MD",Anne Arundel County,303263.6860376296,-1.14,1742,NA,20904,0.574,14.5,6.89,4.48,Strong Buy,NA,NA,602350,1.51,0.69,4.79,5.5,25.04,2026-08-31,2026-08-31
Mulvane,KS,"Wichita, KS",Sumner County,238798.15372590255,3.54,1371.25,NA,16455,0.574,14.5,6.89,4.48,Strong Buy,NA,NA,NA,NA,NA,NA,NA,NA,2026-08-31,2026-08-31
Willow Springs,IL,"Chicago-Naperville-Elgin, IL-IN-WI",Cook County,405828.22307317104,7.77,2329.4166666666665,NA,27953,0.574,14.5,6.89,4.48,Strong Buy,5793,-0.99,5182617,-1.6,5.9,8.18,4.67,42.49,2026-08-31,2026-08-31
Buffalo,NY,"Buffalo-Cheektowaga, NY",Erie County,248827.9550521898,2.9,1424.5833597063104,2.94,17095.000316475725,0.573,14.6,6.87,4.47,Strong Buy,276617,-0.34,950602,-0.18,2.9,7.11,3.75,34.55,2026-08-31,2026-08-31
Winston-Salem,NC,"Winston-Salem, NC",Forsyth County,263056.53936465253,0.17,1506.9255505505505,3.66,18083.106606606605,0.573,14.5,6.87,4.47,Strong Buy,255769,2.62,398143,4.05,9.43,10.09,8.4,37.31,2026-08-31,2026-08-31
Clearwater,FL,"Tampa-St. Petersburg-Clearwater, FL",Pinellas County,342819.7562022125,-0.58,1963.2506094090452,-0.86,23559.007312908543,0.573,14.6,6.87,4.47,Strong Buy,116811,-0.45,965870,0.63,3.8,18.32,8.78,30.56,2026-08-31,2026-08-31
Harlingen,TX,"Brownsville-Harlingen, TX",Cameron County,201967.0622021091,-1.57,1158.2186965811964,1.22,13898.624358974357,0.573,14.5,6.88,4.47,Strong Buy,72234,0.26,431874,2.44,0.98,14.04,5.55,34.76,2026-08-31,2026-08-31
Cordova,TN,"Memphis, TN-MS-AR",Shelby County,299779.81992761424,-1.91,1718.2813069216757,0.67,20619.37568306011,0.573,14.5,6.88,4.47,Strong Buy,NA,NA,910530,-2.07,-7.65,10.56,7.81,45.42,2026-08-31,2026-08-31
Lithia Springs,GA,"Atlanta-Sandy Springs-Alpharetta, GA",Douglas County,275968.77998015634,-2.96,1581.3718133718132,1.72,18976.46176046176,0.573,14.5,6.88,4.47,Strong Buy,NA,NA,151887,4.98,12.74,7.01,6.02,33.56,2026-08-31,2026-08-31
Marion,IL,"Carbondale-Marion, IL",Williamson County,182274.8078038902,2.52,1045.5555555555557,6.91,12546.666666666668,0.574,14.5,6.88,4.47,Strong Buy,NA,NA,NA,NA,NA,NA,NA,NA,2026-08-31,2026-08-31
Bethlehem,GA,"Atlanta-Sandy Springs-Alpharetta, GA",Barrow County,365736.7074677657,-2,2094.8333333333335,7.05,25138,0.573,14.5,6.87,4.47,Strong Buy,793,11.85,96294,14.63,29.79,4.88,6.41,20.54,2026-08-31,2026-08-31
Stafford Springs,CT,"Hartford-East Hartford-Middletown, CT",Tolland County,349059.10557078756,5.62,2000,NA,24000,0.573,14.5,6.88,4.47,Strong Buy,NA,NA,NA,NA,NA,NA,NA,NA,2026-08-31,2026-08-31
Hitchcock,TX,"Houston-The Woodlands-Sugar Land, TX",Galveston County,216068.04099632963,-0.27,1238.888888888889,NA,14866.666666666668,0.573,14.5,6.88,4.47,Strong Buy,NA,NA,NA,NA,NA,NA,NA,NA,2026-08-31,2026-08-31
Great Mills,MD,"California-Lexington Park, MD",Saint Marys County,372820.9980757639,1.76,2134.8333333333335,NA,25618,0.573,14.6,6.87,4.47,Strong Buy,NA,NA,NA,NA,NA,NA,NA,NA,2026-08-31,2026-08-31
Hahira,GA,"Valdosta, GA",Lowndes County,301239.99236490857,3.59,1725.6944444444443,NA,20708.333333333332,0.573,14.5,6.87,4.47,Strong Buy,NA,NA,NA,NA,NA,NA,NA,NA,2026-08-31,2026-08-31
Southaven,MS,"Memphis, TN-MS-AR",DeSoto County,273006.6138750368,1.5,1559.6527172333624,0.47,18715.832606800348,0.571,14.6,6.86,4.46,Strong Buy,57493,4.82,195871,5.23,10.71,6.4,13.83,22.2,2026-08-31,2026-08-31
Byron,GA,"Warner Robins, GA",Peach County,267102.341296829,2.81,1526.324074074074,1.77,18315.888888888887,0.571,14.6,6.86,4.46,Strong Buy,NA,NA,NA,NA,NA,NA,NA,NA,2026-08-31,2026-08-31
Sharpsburg,GA,"Atlanta-Sandy Springs-Alpharetta, GA",Coweta County,431225.7773825177,0.16,2463.1666666666665,NA,29558,0.571,14.6,6.85,4.46,Strong Buy,NA,NA,NA,NA,NA,NA,NA,NA,2026-08-31,2026-08-31
North Aurora,IL,"Chicago-Naperville-Elgin, IL-IN-WI",Kane County,406864.31966246414,5.32,2327.3611111111113,NA,27928.333333333336,0.572,14.6,6.86,4.46,Strong Buy,19329,5.69,520997,0.89,3.7,3.54,3.6,24.26,2026-08-31,2026-08-31
Chesapeake Beach,MD,"Washington-Arlington-Alexandria, DC-VA-MD-WV",Calvert County,460537.6711031533,0.28,2632.777777777778,NA,31593.333333333336,0.572,14.6,6.86,4.46,Strong Buy,NA,NA,NA,NA,NA,NA,NA,NA,2026-08-31,2026-08-31
Swanzey,NH,"Keene, NH",Cheshire County,387644.6647642428,5.05,2218.75,NA,26625,0.572,14.6,6.87,4.46,Strong Buy,NA,NA,NA,NA,NA,NA,NA,NA,2026-08-31,2026-08-31
Fort Myers,FL,"Cape Coral-Fort Myers, FL",Lee County,305649.62303394696,-5.03,1744.8116274374063,-1.14,20937.739529248876,0.571,14.6,6.85,4.45,Strong Buy,99918,14.47,860959,12.46,20.97,25.72,10.08,26.02,2026-08-31,2026-08-31
Mishawaka,IN,"South Bend-Mishawaka, IN-MI",Saint Joseph County,216127.06297988695,5.78,1233.83552213868,1.47,14806.02626566416,0.571,14.6,6.85,4.45,Strong Buy,51020,-0.05,NA,NA,NA,NA,NA,NA,2026-08-31,2026-08-31
Milledgeville,GA,"Milledgeville, GA",Baldwin County,242176.20378422155,2.44,1382.4666666666665,9.45,16589.6,0.571,14.6,6.85,4.45,Strong Buy,16664,-2.13,43644,-0.34,8.16,20.34,13.1,35.78,2026-08-31,2026-08-31
Ada,OK,"Ada, OK",Pontotoc County,187469.44686916587,6.94,1070.5357142857144,2.44,12846.428571428572,0.571,14.6,6.85,4.45,Strong Buy,16578,0.56,38310,0.57,-4.15,14.35,14.76,33.56,2026-08-31,2026-08-31
Clinton,IA,"Clinton, IA",Clinton County,135834.0818274579,5.34,775,NA,9300,0.571,14.6,6.85,4.45,Strong Buy,NA,NA,NA,NA,NA,NA,NA,NA,2026-08-31,2026-08-31
Georgetown,SC,"Georgetown, SC",Georgetown County,251666.71675360165,-0.87,1434.55,NA,17214.6,0.57,14.6,6.84,4.45,Strong Buy,NA,NA,NA,NA,NA,NA,NA,NA,2026-08-31,2026-08-31
Vernon Hills,IL,"Chicago-Naperville-Elgin, IL-IN-WI",Lake County,459113.2258609273,5.81,2619.222541507024,4.07,31430.670498084284,0.57,14.6,6.85,4.45,Strong Buy,27002,0.66,718604,0.73,3.75,4.97,4.19,25.6,2026-08-31,2026-08-31
Twinsburg,OH,"Akron, OH",Summit County,358645.3987957427,2.01,2046.25,NA,24555,0.571,14.6,6.85,4.45,Strong Buy,NA,NA,NA,NA,NA,NA,NA,NA,2026-08-31,2026-08-31
Lowell,IN,"Chicago-Naperville-Elgin, IL-IN-WI",Lake County,335769.61109612125,2.09,1916,NA,22992,0.571,14.6,6.85,4.45,Strong Buy,NA,NA,NA,NA,NA,NA,NA,NA,2026-08-31,2026-08-31
Brandywine,MD,"Washington-Arlington-Alexandria, DC-VA-MD-WV",Prince Georges County,504873.24109236296,0.5,2879.779365079365,1.96,34557.35238095238,0.57,14.6,6.84,4.45,Strong Buy,NA,NA,NA,NA,NA,NA,NA,NA,2026-08-31,2026-08-31
Hellertown,PA,"Allentown-Bethlehem-Easton, PA-NJ",Northampton County,380000.46010973235,2.85,2167.5,NA,26010,0.57,14.6,6.84,4.45,Strong Buy,NA,NA,NA,NA,NA,NA,NA,NA,2026-08-31,2026-08-31
Newcastle,OK,"Oklahoma City, OK",McClain County,291314.8258925202,-0.06,1663.75,0.59,19965,0.571,14.6,6.85,4.45,Strong Buy,14677,31.4,48434,15.57,28.18,6.42,4.25,21.51,2026-08-31,2026-08-31
Homestead,FL,"Miami-Fort Lauderdale-Pompano Beach, FL",Miami-Dade County,434225.00656433526,-3.46,2469.4173390559704,-0.22,29633.008068671646,0.569,14.7,6.82,4.44,Strong Buy,85796,6.55,2838461,5.29,19.88,11.11,5.36,47.81,2026-08-31,2026-08-31
Mesquite,TX,"Dallas-Fort Worth-Arlington, TX",Dallas County,258678.2075560206,-2.5,1470.8284788882618,-0.69,17649.94174665914,0.569,14.7,6.82,4.44,Strong Buy,150140,0.34,2656028,1.73,0.15,7.76,8.95,49.22,2026-08-31,2026-08-31
Venice,FL,"North Port-Sarasota-Bradenton, FL",Sarasota County,377206.98393013305,-3.86,2147.301418439716,0.51,25767.617021276594,0.569,14.6,6.83,4.44,Strong Buy,29902,16.81,476604,9.25,17.16,21.04,7.8,23.66,2026-08-31,2026-08-31
Marshalltown,IA,"Marshalltown, IA",Marshall County,180075.6633883878,2.78,1024.4444444444443,NA,12293.333333333332,0.569,14.6,6.83,4.44,Strong Buy,NA,NA,NA,NA,NA,NA,NA,NA,2026-08-31,2026-08-31
Orange City,FL,"Deltona-Daytona Beach-Ormond Beach, FL",Volusia County,292364.3826714831,-1.58,1664.6846153846154,0.85,19976.215384615385,0.569,14.6,6.83,4.44,Strong Buy,15257,19.41,602772,8.46,21.72,14.56,6.51,27.2,2026-08-31,2026-08-31
Collinsville,OK,"Tulsa, OK",Tulsa County,285682.93529422866,2.12,1626.222222222222,4.25,19514.666666666664,0.569,14.6,6.83,4.44,Strong Buy,9757,21.61,693514,3.4,7.29,9.07,6.06,40.26,2026-08-31,2026-08-31
Murphy,NC,NA,Cherokee County,278230.812760577,-0.14,1583.3333333333333,NA,19000,0.569,14.6,6.83,4.44,Strong Buy,NA,NA,NA,NA,NA,NA,NA,NA,2026-08-31,2026-08-31
Aztec,NM,"Farmington, NM",San Juan County,283483.1186590145,6.83,1612.5,NA,19350,0.569,14.7,6.83,4.44,Strong Buy,NA,NA,NA,NA,NA,NA,NA,NA,2026-08-31,2026-08-31
Lowell,AR,"Fayetteville-Springdale-Rogers, AR",Benton County,354790.85844002524,0.07,2021.5277777777776,NA,24258.333333333332,0.57,14.6,6.84,4.44,Strong Buy,11568,16.3,321566,12.19,23.43,9.14,4.86,32.8,2026-08-31,2026-08-31
Thurmont,MD,"Washington-Arlington-Alexandria, DC-VA-MD-WV",Frederick County,397659.1775963691,0.92,2262.5,NA,27150,0.569,14.6,6.83,4.44,Strong Buy,NA,NA,NA,NA,NA,NA,NA,NA,2026-08-31,2026-08-31
Griswold,CT,"Norwich-New London, CT",New London County,361766.2160308496,3.81,2057,NA,24684,0.569,14.7,6.82,4.44,Strong Buy,NA,NA,NA,NA,NA,NA,NA,NA,2026-08-31,2026-08-31
Wyoming,MI,"Grand Rapids-Kentwood, MI",Kent County,292286.6005495971,3.55,1658.652505446623,0.34,19903.830065359478,0.567,14.7,6.81,4.43,Strong Buy,78559,2.33,673002,2.2,7.09,4.57,4.07,29.64,2026-08-31,2026-08-31
Claremore,OK,"Tulsa, OK",Rogers County,264472.4341440807,3.06,1503.7555555555557,1.88,18045.06666666667,0.569,14.7,6.82,4.43,Strong Buy,20602,4.95,101371,6.25,10.63,7.71,3.64,22.22,2026-08-31,2026-08-31
Essex,MD,"Baltimore-Columbia-Towson, MD",Baltimore County,291957.3383103171,0.47,1659.4867724867725,0.58,19913.84126984127,0.568,14.7,6.82,4.43,Strong Buy,NA,NA,852425,-0.11,3.96,5.75,5.61,33.67,2026-08-31,2026-08-31
Gaffney,SC,"Gaffney, SC",Cherokee County,187191.31102087183,-2.56,1063.6944444444443,1.54,12764.333333333332,0.568,14.7,6.82,4.43,Strong Buy,12546,-1.51,57770,2.75,16.89,12.35,4.96,26.71,2026-08-31,2026-08-31
Foley,AL,"Daphne-Fairhope-Foley, AL",Baldwin County,302708.1811159277,-1.78,1717.434046345811,5.3,20609.208556149733,0.567,14.7,6.81,4.43,Strong Buy,28043,34.27,261608,12.16,29.22,26.36,33.41,22.46,2026-08-31,2026-08-31
Solon,OH,"Cleveland-Elyria, OH",Cuyahoga County,465942.5603163526,3.92,2643.75,NA,31725,0.567,14.7,6.81,4.43,Strong Buy,NA,NA,NA,NA,NA,NA,NA,NA,2026-08-31,2026-08-31
Beatrice,NE,"Beatrice, NE",Gage County,186905.25903707556,1.93,1062.5,NA,12750,0.568,14.7,6.82,4.43,Strong Buy,NA,NA,NA,NA,NA,NA,NA,NA,2026-08-31,2026-08-31
Port Jervis,NY,"Poughkeepsie-Newburgh-Middletown, NY",Orange County,322746.17644770956,1.45,1833.3333333333333,NA,22000,0.568,14.7,6.82,4.43,Strong Buy,8566,-1.98,411767,2.69,1.95,7.51,3.61,31.57,2026-08-31,2026-08-31
Mount Shasta,CA,NA,Siskiyou County,410623.8535704818,-0.59,2333.3333333333335,NA,28000,0.568,14.7,6.82,4.43,Strong Buy,NA,NA,NA,NA,NA,NA,NA,NA,2026-08-31,2026-08-31
Cincinnati,OH,"Cincinnati, OH-KY-IN",Hamilton County,249296.63608570964,0.53,1413.9362761771374,2.71,16967.23531412565,0.567,14.7,6.81,4.42,Strong Buy,314915,1.72,837359,0.84,4.18,7.42,4.2,41.01,2026-08-31,2026-08-31
North Charleston,SC,"Charleston-North Charleston, SC",Charleston County,310134.24757924414,-1.39,1757.0226779962147,2.57,21084.272135954576,0.567,14.7,6.8,4.42,Strong Buy,126005,8.99,431001,5.13,9.27,14.93,11.6,36.51,2026-08-31,2026-08-31
Owensboro,KY,"Owensboro, KY",Daviess County,214020.8342162125,4.13,1212.1666666666667,4.7,14546,0.566,14.7,6.8,4.42,Strong Buy,60675,0.65,104457,1.02,3.49,6.88,4.93,33.23,2026-08-31,2026-08-31
Biloxi,MS,"Gulfport-Biloxi, MS",Harrison County,238012.11857446661,2.95,1348.1010348583875,2.29,16177.212418300649,0.566,14.7,6.8,4.42,Strong Buy,48144,-2.6,213730,2.34,10.31,13.14,7.09,39.41,2026-08-31,2026-08-31
Thibodaux,LA,"Houma-Thibodaux, LA",Lafourche Parish,227730.80678915264,0.28,1289.6444444444444,5.06,15475.733333333334,0.566,14.7,6.8,4.42,Strong Buy,15569,-2.06,95342,-2.16,1.05,9.15,8.29,21.69,2026-08-31,2026-08-31
Madison,MS,"Jackson, MS",Madison County,414316.440579303,0.58,2347.555555555555,1.79,28170.666666666664,0.567,14.7,6.8,4.42,Strong Buy,28210,1.63,114247,4.57,8.14,7.91,6.1,28.59,2026-08-31,2026-08-31
Mableton,GA,"Atlanta-Sandy Springs-Alpharetta, GA",Cobb County,349891.50222641026,-2.46,1982.4358974358977,2.43,23789.230769230773,0.567,14.7,6.8,4.42,Strong Buy,78314,1.56,787538,2.76,2.77,5.82,5.06,33.01,2026-08-31,2026-08-31
El Mirage,AZ,"Phoenix-Mesa-Chandler, AZ",Maricopa County,338636.07058049325,-1.74,1917.95202020202,-2.15,23015.42424242424,0.566,14.7,6.8,4.42,Strong Buy,36468,1.43,4673096,5.12,9.38,8.29,5.4,34.99,2026-08-31,2026-08-31
Mayfield Heights,OH,"Cleveland-Elyria, OH",Cuyahoga County,236734.58276027703,1.93,1340.327380952381,3.25,16083.928571428572,0.566,14.7,6.79,4.42,Strong Buy,19886,-2.1,1240594,-1.75,1.72,9.97,5.22,40.95,2026-08-31,2026-08-31
Concord,MO,"St. Louis, MO-IL",Saint Louis County,336759.31694315054,4.16,1907.5555555555557,NA,22890.666666666668,0.566,14.7,6.8,4.42,Strong Buy,NA,NA,NA,NA,NA,NA,NA,NA,2026-08-31,2026-08-31
Moore,SC,"Spartanburg, SC",Spartanburg County,293427.37834003364,0.91,1664.5,NA,19974,0.567,14.7,6.81,4.42,Strong Buy,NA,NA,NA,NA,NA,NA,NA,NA,2026-08-31,2026-08-31
Elgin,OK,"Lawton, OK",Comanche County,305710.05016745167,5.71,1733.3333333333333,NA,20800,0.567,14.7,6.8,4.42,Strong Buy,3613,1.6,121396,0.21,-7.24,15.06,5.7,45.03,2026-08-31,2026-08-31
Kenner,LA,"New Orleans-Metairie, LA",Jefferson Parish,269861.411167212,3.87,1525.4425204425204,0.25,18305.310245310244,0.565,14.7,6.78,4.41,Strong Buy,64650,-2.47,427253,-2.84,2.2,8.82,5.5,37.69,2026-08-31,2026-08-31
Xenia,OH,"Dayton-Kettering, OH",Greene County,257236.0083616051,4.92,1454.1666666666667,1.38,17450,0.565,14.7,6.78,4.41,Strong Buy,26067,2.4,172347,2.51,11.6,6.18,4.42,32.42,2026-08-31,2026-08-31
Reynoldsburg,OH,"Columbus, OH",Franklin County,296467.00436957617,0.75,1674.3394736842104,2.36,20092.073684210525,0.565,14.8,6.78,4.41,Strong Buy,42897,4.46,1356303,2.4,7.58,6.96,3.98,47.03,2026-08-31,2026-08-31
Cullman,AL,"Cullman, AL",Cullman County,265762.2731352483,3.66,1501.9444444444446,3.03,18023.333333333336,0.565,14.7,6.78,4.41,Strong Buy,20239,9.63,92604,5.06,10,12.63,3.91,23.64,2026-08-31,2026-08-31
Pebble Creek,FL,"Tampa-St. Petersburg-Clearwater, FL",Hillsborough County,435514.2423949982,-2.02,2459.75,NA,29517,0.565,14.8,6.78,4.41,Strong Buy,NA,NA,1581426,7.85,12.2,7.8,6.74,38.94,2026-08-31,2026-08-31
Saint Joseph,MO,"St. Joseph, MO-KS",Buchanan County,184048.3650183452,5,1037.8767195767196,2.88,12454.520634920635,0.564,14.8,6.77,4.4,Strong Buy,NA,NA,83574,-1.06,4.88,13.06,6.57,35.1,2026-08-31,2026-08-31
Stockbridge,GA,"Atlanta-Sandy Springs-Alpharetta, GA",Henry County,290805.9402597137,-2.86,1641.037548730969,2.14,19692.45058477163,0.564,14.8,6.77,4.4,Strong Buy,35893,0.43,259315,7.21,13.48,5.36,6.33,27.46,2026-08-31,2026-08-31
Morganton,NC,"Hickory-Lenoir-Morganton, NC",Burke County,261309.5423677454,1.64,1475,NA,17700,0.564,14.8,6.77,4.4,Strong Buy,17825,1.8,88545,1.49,8.78,10.45,2.87,25.23,2026-08-31,2026-08-31
Lake City,FL,"Lake City, FL",Columbia County,264618.44647289347,0.42,1494.1666666666667,4.69,17930,0.565,14.8,6.78,4.4,Strong Buy,12783,3.55,73977,6.05,12.41,11.13,4.03,29.12,2026-08-31,2026-08-31
Hammond,LA,"Hammond, LA",Tangipahoa Parish,225248.3423568761,0.42,1272.0238095238094,4.63,15264.285714285714,0.565,14.8,6.78,4.4,Strong Buy,23426,18.87,139823,4.63,10.29,14.44,8.3,28.48,2026-08-31,2026-08-31
Red Lion,PA,"York-Hanover, PA",York County,298065.23211354035,2.17,1680.6666666666667,4.89,20168,0.564,14.8,6.77,4.4,Strong Buy,6552,0.65,471240,3.17,10.19,4.45,2.79,24.17,2026-08-31,2026-08-31
Clarksville,IN,"Louisville/Jefferson County, KY-IN",Clark County,207787.21140430475,3.09,1172.9603174603174,NA,14075.52380952381,0.565,14.8,6.77,4.4,Strong Buy,22041,-1.26,127479,5.03,14.65,8.67,9.66,25.03,2026-08-31,2026-08-31
Swansea,IL,"St. Louis, MO-IL",Saint Clair County,268691.6539779193,1.46,1514.440740740741,4.35,18173.288888888892,0.564,14.8,6.76,4.4,Strong Buy,14445,0.64,NA,NA,NA,NA,NA,NA,2026-08-31,2026-08-31
Catasauqua,PA,"Allentown-Bethlehem-Easton, PA-NJ",Lehigh County,290050.5494274459,2.71,1637.5,NA,19650,0.565,14.8,6.77,4.4,Strong Buy,NA,NA,NA,NA,NA,NA,NA,NA,2026-08-31,2026-08-31
Bloomingdale,GA,"Savannah, GA",Bryan County,318219.5208427251,-2.42,1793.571428571429,NA,21522.857142857145,0.564,14.8,6.76,4.4,Strong Buy,3100,8.51,51105,13.46,19.49,8.68,9.55,24.37,2026-08-31,2026-08-31
Oak Grove,KY,"Clarksville, TN-KY",Christian County,211260.39053531305,-1.1,1192.709595959596,4,14312.515151515152,0.565,14.8,6.77,4.4,Strong Buy,7973,0.48,71006,-2.39,-8.8,12.39,5.9,47.83,2026-08-31,2026-08-31
South Williamsport,PA,"Williamsport, PA",Lycoming County,206755.7982785262,7.54,1166.8333333333333,NA,14002,0.564,14.8,6.77,4.4,Strong Buy,NA,NA,NA,NA,NA,NA,NA,NA,2026-08-31,2026-08-31
Brentwood,MD,"Washington-Arlington-Alexandria, DC-VA-MD-WV",Prince Georges County,397188.2479628538,-1.5,2239.375,NA,26872.5,0.564,14.8,6.77,4.4,Strong Buy,NA,NA,NA,NA,NA,NA,NA,NA,2026-08-31,2026-08-31
Kansas City,MO,"Kansas City, MO-KS",Jackson County,253548.7413508676,1.71,1428.047758612264,4.31,17136.573103347167,0.563,14.8,6.76,4.39,Strong Buy,516032,1.56,727362,1.35,6.69,9.2,4.42,41.15,2026-08-31,2026-08-31
Norfolk,VA,"Virginia Beach-Norfolk-Newport News, VA-NC",Norfolk City,312421.6933076333,1.32,1756.7712978906038,7.19,21081.255574687246,0.562,14.8,6.75,4.39,Strong Buy,231105,-2.82,NA,NA,NA,NA,NA,NA,2026-08-31,2026-08-31
Ormond Beach,FL,"Deltona-Daytona Beach-Ormond Beach, FL",Volusia County,364567.98175556475,-1.37,2050.362229102167,4.47,24604.346749226002,0.562,14.8,6.75,4.39,Strong Buy,44596,3.42,602772,8.46,21.72,14.56,6.51,27.2,2026-08-31,2026-08-31
West New York,NJ,"New York-Newark-Jersey City, NY-NJ-PA",Hudson County,450193.1009081278,4.46,2531.3230637569536,2.21,30375.87676508344,0.562,14.8,6.75,4.39,Strong Buy,52975,0.95,736185,1.98,14.43,6.78,4.46,68.82,2026-08-31,2026-08-31
Hackensack,NJ,"New York-Newark-Jersey City, NY-NJ-PA",Bergen County,474701.13868857647,3.64,2673.6589580010636,5.31,32083.907496012762,0.563,14.8,6.76,4.39,Strong Buy,46630,1.57,978641,2.61,10.38,4.13,3.53,34.64,2026-08-31,2026-08-31
Vicksburg,MS,"Vicksburg, MS",Warren County,149319.3127842025,-0.09,839.875,NA,10078.5,0.562,14.8,6.75,4.39,Strong Buy,NA,NA,NA,NA,NA,NA,NA,NA,2026-08-31,2026-08-31
Sewell,NJ,"Philadelphia-Camden-Wilmington, PA-NJ-DE-MD",Gloucester County,442926.6998999561,4.81,2494.1666666666665,NA,29930,0.563,14.8,6.76,4.39,Strong Buy,NA,NA,311783,3.04,8.48,4.88,3.06,20.57,2026-08-31,2026-08-31
Algonquin,IL,"Chicago-Naperville-Elgin, IL-IN-WI",McHenry County,418992.37440098514,4.37,2358.1777777777775,NA,28298.13333333333,0.563,14.8,6.75,4.39,Strong Buy,30539,2.9,315959,1.93,5.95,3.55,3.04,17.42,2026-08-31,2026-08-31
Sunny Isles Beach,FL,"Miami-Fort Lauderdale-Pompano Beach, FL",Miami-Dade County,650850.3713664318,0.74,3661.33918128655,1.69,43936.070175438595,0.563,14.8,6.75,4.39,Strong Buy,22903,2.9,2838461,5.29,19.88,11.11,5.36,47.81,2026-08-31,2026-08-31
Enola,PA,"Harrisburg-Carlisle, PA",Cumberland County,303917.56722279766,2.07,1708.8888888888887,5.39,20506.666666666664,0.562,14.8,6.75,4.39,Strong Buy,NA,NA,275516,5.86,13.9,4.61,1.99,28.63,2026-08-31,2026-08-31
Pelham,AL,"Birmingham-Hoover, AL",Shelby County,324754.61435817304,2.16,1827.7857142857144,NA,21933.428571428572,0.563,14.8,6.75,4.39,Strong Buy,NA,NA,NA,NA,NA,NA,NA,NA,2026-08-31,2026-08-31
Broussard,LA,"Lafayette, LA",Lafayette Parish,281573.35682380403,2.89,1584.9166666666667,6.82,19019,0.563,14.8,6.75,4.39,Strong Buy,15312,13.07,254241,4.98,9.97,10,6.1,33.9,2026-08-31,2026-08-31
Hewitt,TX,"Waco, TX",McLennan County,299506.7915499033,-0.28,1687.3333333333333,1.71,20248,0.563,14.8,6.76,4.39,Strong Buy,16749,4.23,270358,3.51,2.79,10.47,4.56,38.83,2026-08-31,2026-08-31
Riverdale,MD,"Washington-Arlington-Alexandria, DC-VA-MD-WV",Prince Georges County,461155.8499875194,-2.6,2594.944444444445,2.12,31139.333333333336,0.563,14.8,6.75,4.39,Strong Buy,NA,NA,NA,NA,NA,NA,NA,NA,2026-08-31,2026-08-31
Milton,WV,"Huntington-Ashland, WV-KY-OH",Cabell County,219392.72193766257,6.65,1235,NA,14820,0.563,14.8,6.76,4.39,Strong Buy,NA,NA,NA,NA,NA,NA,NA,NA,2026-08-31,2026-08-31
Kenneth City,FL,"Tampa-St. Petersburg-Clearwater, FL",Pinellas County,304759.98379064637,1.25,1716,NA,20592,0.563,14.8,6.76,4.39,Strong Buy,NA,NA,NA,NA,NA,NA,NA,NA,2026-08-31,2026-08-31
Jacksonville,FL,"Jacksonville, FL",Duval County,285103.34332999267,-0.82,1600.5567749708664,2.04,19206.681299650398,0.561,14.8,6.74,4.38,Strong Buy,1009833,6.08,1055159,5.75,12.67,9.15,6.97,41.93,2026-08-31,2026-08-31
Temple,TX,"Killeen-Temple, TX",Bell County,245700.95237007175,-3.08,1380.6233006063874,0.05,16567.479607276648,0.562,14.8,6.74,4.38,Strong Buy,96267,16.27,399578,7.3,5.6,8.76,5.74,43.84,2026-08-31,2026-08-31
Lagrange,GA,"LaGrange, GA-AL",Troup County,240308.62672442352,2.5,1350.590119047619,9.07,16207.08142857143,0.562,14.8,6.74,4.38,Strong Buy,NA,NA,71513,3.12,5.89,10.37,3.89,42.07,2026-08-31,2026-08-31
Grovetown,GA,"Augusta-Richmond County, GA-SC",Columbia County,306218.2729864333,1.45,1720.2035491390332,2.6,20642.442589668397,0.562,14.8,6.74,4.38,Strong Buy,17843,12.06,167472,6.76,9.29,13.79,10.72,21.51,2026-08-31,2026-08-31
Sherwood,AR,"Little Rock-North Little Rock-Conway, AR",Pulaski County,239553.417309448,4.58,1346.690476190476,2.09,16160.28571428571,0.562,14.8,6.75,4.38,Strong Buy,33281,1.45,401209,0.48,-0.94,11.78,9.74,42.25,2026-08-31,2026-08-31
Debary,FL,"Deltona-Daytona Beach-Ormond Beach, FL",Volusia County,378513.2224208366,-0.62,2125.5833333333335,6.52,25507,0.562,14.8,6.74,4.38,Strong Buy,NA,NA,602772,8.46,21.72,14.56,6.51,27.2,2026-08-31,2026-08-31
Robbinsdale,MN,"Minneapolis-St. Paul-Bloomington, MN-WI",Hennepin County,315193.1341281373,1.84,1771.2222222222224,7.54,21254.666666666668,0.562,14.8,6.74,4.38,Strong Buy,13993,-4.05,1273334,-0.65,4.24,5.29,5.38,37.05,2026-08-31,2026-08-31
Fort Madison,IA,"Fort Madison-Keokuk, IA-IL-MO",Lee County,114173.36061235412,1.86,641.6666666666666,NA,7700,0.562,14.8,6.74,4.38,Strong Buy,NA,NA,NA,NA,NA,NA,NA,NA,2026-08-31,2026-08-31
Commerce,TX,"Dallas-Fort Worth-Arlington, TX",Hunt County,216821.7205469897,-5.37,1217.888888888889,1.19,14614.666666666668,0.562,14.8,6.74,4.38,Strong Buy,9800,7.76,118729,18.43,39.16,10.54,7.57,29.21,2026-08-31,2026-08-31
San Antonio,TX,"San Antonio-New Braunfels, TX",Bexar County,247452.51765063935,-2.19,1386.1208686761777,-1.39,16633.450424114133,0.56,14.9,6.72,4.37,Strong Buy,1526656,6.07,2127737,5.56,8.6,8.27,8.16,40.89,2026-08-31,2026-08-31
McAllen,TX,"McAllen-Edinburg-Mission, TX",Hidalgo County,229065.98340563753,0.51,1283.4497522085758,1.02,15401.39702650291,0.56,14.9,6.72,4.37,Strong Buy,148782,4.48,914820,4.8,3.41,12.59,6.81,32.43,2026-08-31,2026-08-31
Rome,GA,"Rome, GA",Floyd County,233284.864074809,1.58,1305.7133284600388,-1.17,15668.559941520467,0.56,14.9,6.72,4.37,Strong Buy,38747,2.31,101390,2.85,10.64,10,5.88,37.93,2026-08-31,2026-08-31
Middletown,NY,"Poughkeepsie-Newburgh-Middletown, NY",Orange County,417807.93766058,4.24,2339.6539682539683,6.62,28075.84761904762,0.56,14.9,6.72,4.37,Strong Buy,30188,-0.37,411767,2.69,1.95,7.51,3.61,31.57,2026-08-31,2026-08-31
Midland,MI,"Midland, MI",Midland County,251825.8133518512,8.89,1410.198601398601,5.68,16922.383216783215,0.56,14.9,6.72,4.37,Strong Buy,42780,0.31,84022,0.63,0.74,6.59,1.93,21.76,2026-08-31,2026-08-31
Monroe,NY,"Poughkeepsie-Newburgh-Middletown, NY",Orange County,528983.0504528023,0.18,2966.6666666666665,0.6,35600,0.561,14.9,6.73,4.37,Strong Buy,9502,0.13,411767,2.69,1.95,7.51,3.61,31.57,2026-08-31,2026-08-31
West Monroe,LA,"Monroe, LA",Ouachita Parish,204725.89798935395,2.45,1146.1190476190477,12.59,13753.428571428572,0.56,14.9,6.72,4.37,Strong Buy,12476,-4.41,157874,-1.4,0.32,13.96,9.76,40.5,2026-08-31,2026-08-31
New Bern,NC,"New Bern, NC",Craven County,283748.51706946146,1.86,1589.6105263157897,4.73,19075.326315789476,0.56,14.9,6.72,4.37,Strong Buy,34218,9.19,104167,2.62,7.75,12.51,6.59,30.05,2026-08-31,2026-08-31
Reidsville,NC,"Greensboro-High Point, NC",Rockingham County,211581.84834058673,2.51,1186.25,NA,14235,0.561,14.9,6.73,4.37,Strong Buy,NA,NA,NA,NA,NA,NA,NA,NA,2026-08-31,2026-08-31
Uniontown,PA,"Pittsburgh, PA",Fayette County,161429.0678719232,1.74,904.1666666666666,NA,10850,0.56,14.9,6.72,4.37,Strong Buy,NA,NA,NA,NA,NA,NA,NA,NA,2026-08-31,2026-08-31
Windsor,CT,"Hartford-East Hartford-Middletown, CT",Hartford County,374557.51141864294,2.81,2099.6666666666665,NA,25196,0.561,14.9,6.73,4.37,Strong Buy,NA,NA,NA,NA,NA,NA,NA,NA,2026-08-31,2026-08-31
Aberdeen,MD,"Baltimore-Columbia-Towson, MD",Harford County,345385.5769855892,-0.08,1936.354797979798,4.92,23236.257575757576,0.561,14.9,6.73,4.37,Strong Buy,18451,13.41,265514,1.63,2.3,3.96,3.4,20.29,2026-08-31,2026-08-31
Lebanon,IN,"Indianapolis-Carmel-Anderson, IN",Boone County,303536.54941072484,4.52,1698.9682539682535,9.04,20387.619047619042,0.56,14.9,6.72,4.37,Strong Buy,17608,5.34,78773,10.74,29.2,3.69,3.7,20.69,2026-08-31,2026-08-31
Wolfforth,TX,"Lubbock, TX",Lubbock County,274929.65576367,0.7,1541.5555555555557,NA,18498.666666666668,0.561,14.9,6.73,4.37,Strong Buy,7982,42.38,327394,5.07,11.74,9.1,7.87,44.7,2026-08-31,2026-08-31
Wichita,KS,"Wichita, KS",Sedgwick County,207079.89155906817,2.66,1158.1081636569943,4.24,13897.297963883932,0.559,14.9,6.71,4.36,Strong Buy,400991,0.73,536081,2.14,7.39,9.2,6.89,37.72,2026-08-31,2026-08-31
Conyers,GA,"Atlanta-Sandy Springs-Alpharetta, GA",Rockdale County,298301.41635248304,-1.55,1666.701851851852,-0.07,20000.422222222223,0.559,14.9,6.7,4.36,Strong Buy,20111,15.65,97610,4.27,11.81,5.2,3.79,34.22,2026-08-31,2026-08-31
Kettering,OH,"Dayton-Kettering, OH",Montgomery County,247138.5511360806,2.5,1382.6662087912089,3.1,16591.994505494506,0.559,14.9,6.71,4.36,Strong Buy,57028,-1.37,537443,0.06,5.01,8.84,4.22,37.67,2026-08-31,2026-08-31
Fort Walton Beach,FL,"Crestview-Fort Walton Beach-Destin, FL",Okaloosa County,322045.3997388638,1.13,1800.3845751377512,5.95,21604.614901653014,0.559,14.9,6.71,4.36,Strong Buy,21188,1.23,220483,3.95,1.51,17.91,14.17,32.25,2026-08-31,2026-08-31
Spanaway,WA,"Seattle-Tacoma-Bellevue, WA",Pierce County,505719.9988678465,0.57,2829.3042328042325,2.43,33951.65079365079,0.559,14.9,6.71,4.36,Strong Buy,NA,NA,941170,1.9,6.6,5.21,4.02,35.21,2026-08-31,2026-08-31
New Lenox,IL,"Chicago-Naperville-Elgin, IL-IN-WI",Will County,456381.5862779821,2.68,2549,NA,30588,0.559,14.9,6.7,4.36,Strong Buy,NA,NA,NA,NA,NA,NA,NA,NA,2026-08-31,2026-08-31
Centereach,NY,"New York-Newark-Jersey City, NY-NJ-PA",Suffolk County,660214.32391922,7.05,3691.7777777777774,NA,44301.33333333333,0.559,14.9,6.71,4.36,Strong Buy,NA,NA,NA,NA,NA,NA,NA,NA,2026-08-31,2026-08-31
Willimantic,CT,"Worcester, MA-CT",Windham County,277344.17664023116,2.14,1550,NA,18600,0.559,14.9,6.71,4.36,Strong Buy,NA,NA,NA,NA,NA,NA,NA,NA,2026-08-31,2026-08-31
Braselton,GA,"Jefferson, GA",Jackson County,439809.3481984862,-1.74,2455.634920634921,3.75,29467.619047619053,0.558,14.9,6.7,4.36,Strong Buy,17390,27.73,93825,22.26,52.1,8.21,1.14,20.21,2026-08-31,2026-08-31
Newark,DE,"Philadelphia-Camden-Wilmington, PA-NJ-DE-MD",New Castle County,365464.4433357939,0.95,2037.0924670087977,4.63,24445.10960410557,0.557,15,6.69,4.35,Moderate,30506,-0.3,588093,3,8.7,5.15,4.98,31.49,2026-08-31,2026-08-31
Racine,WI,"Racine, WI",Racine County,222731.57513188705,5.93,1241.6450956450956,4.31,14899.741147741148,0.557,14.9,6.69,4.35,Strong Buy,78057,-0.14,198651,0.3,6.1,6.44,5.54,28.85,2026-08-31,2026-08-31
Newark,OH,"Columbus, OH",Licking County,248728.9140099131,3.43,1387.1388888888887,3.1,16645.666666666664,0.558,14.9,6.69,4.35,Strong Buy,51424,2.76,184898,3.41,7.71,6.46,4.85,26.27,2026-08-31,2026-08-31
Olive Branch,MS,"Memphis, TN-MS-AR",DeSoto County,332043.116823076,1.04,1852.7751322751328,0.87,22233.301587301594,0.558,14.9,6.7,4.35,Strong Buy,47365,1.72,195871,5.23,10.71,6.4,13.83,22.2,2026-08-31,2026-08-31
Ringgold,GA,"Chattanooga, TN-GA",Catoosa County,318066.7934187089,1.44,1772.6703703703704,2.03,21272.044444444444,0.557,15,6.69,4.35,Moderate,3425,0.23,68940,1.37,6.4,7.55,4.75,24.92,2026-08-31,2026-08-31
Sahuarita,AZ,"Tucson, AZ",Pima County,349034.16634213744,-1.97,1946.2510822510824,1.03,23355.01298701299,0.558,14.9,6.69,4.35,Strong Buy,37448,9,1080149,3.34,11.47,9.34,5.65,35.19,2026-08-31,2026-08-31
Holyoke,MA,"Springfield, MA",Hampden County,334316.99257984647,4.32,1863.3333333333333,6.57,22360,0.557,15,6.69,4.35,Moderate,37838,-0.79,464151,0.09,4.76,6.59,3.41,37.78,2026-08-31,2026-08-31
Monroeville,PA,"Pittsburgh, PA",Allegheny County,233623.9323814792,1.46,1304.3513708513708,0.11,15652.216450216449,0.558,14.9,6.7,4.35,Strong Buy,27966,-2.4,1231814,-1.43,2.72,9.6,6.37,35.07,2026-08-31,2026-08-31
New Windsor,NY,"Poughkeepsie-Newburgh-Middletown, NY",Orange County,443275.03681479907,4.43,2470,NA,29640,0.557,15,6.69,4.35,Moderate,NA,NA,NA,NA,NA,NA,NA,NA,2026-08-31,2026-08-31
Dixon,IL,"Dixon, IL",Lee County,180984.5283046744,6.43,1009.7222222222222,NA,12116.666666666666,0.558,14.9,6.69,4.35,Strong Buy,NA,NA,NA,NA,NA,NA,NA,NA,2026-08-31,2026-08-31
Angier,NC,"Fayetteville, NC",Harnett County,331212.6745796946,-1.05,1846.2619047619048,1.33,22155.14285714286,0.557,14.9,6.69,4.35,Strong Buy,8284,45.28,146096,9.26,25.57,10.01,8.1,30.51,2026-08-31,2026-08-31
Carnegie,PA,"Pittsburgh, PA",Allegheny County,225068.2995618781,-0.52,1256.126984126984,5.79,15073.52380952381,0.558,14.9,6.7,4.35,Strong Buy,7855,-3.24,1231814,-1.43,2.72,9.6,6.37,35.07,2026-08-31,2026-08-31
Stanley,NC,"Charlotte-Concord-Gastonia, NC-SC",Gaston County,364088.9651830632,1.73,2031,NA,24372,0.558,14.9,6.69,4.35,Strong Buy,NA,NA,NA,NA,NA,NA,NA,NA,2026-08-31,2026-08-31
Fate,TX,"Dallas-Fort Worth-Arlington, TX",Rockwall County,355419.222485432,-3.53,1981.0370370370372,-0.86,23772.444444444445,0.557,15,6.69,4.35,Moderate,27467,49.09,137044,25.5,35.89,4.62,4.94,17.44,2026-08-31,2026-08-31
Island Park,NY,"New York-Newark-Jersey City, NY-NJ-PA",Nassau County,758246.320901779,3.79,4232.5,NA,50790,0.558,14.9,6.7,4.35,Strong Buy,5019,1.5,1392438,0.13,2.32,4.56,4.6,18.07,2026-08-31,2026-08-31
Willard,MO,"Springfield, MO",Greene County,273518.38542449236,2.5,1525,NA,18300,0.558,14.9,6.69,4.35,Strong Buy,NA,NA,NA,NA,NA,NA,NA,NA,2026-08-31,2026-08-31
Mansfield,OH,"Mansfield, OH",Richland County,156540.45949838063,5.36,871.4814814814814,6.21,10457.777777777777,0.557,15,6.68,4.34,Moderate,47593,0.14,124853,-0.11,1.25,8.33,5.19,31.53,2026-08-31,2026-08-31
South Windsor,CT,"Hartford-East Hartford-Middletown, CT",Hartford County,444230.3355825749,4.15,2473.122222222222,3.12,29677.46666666666,0.557,15,6.68,4.34,Moderate,NA,NA,NA,NA,NA,NA,NA,NA,2026-08-31,2026-08-31
Antioch,IL,"Chicago-Naperville-Elgin, IL-IN-WI",Lake County,358495.80452784785,6.46,1994.861111111111,NA,23938.333333333332,0.556,15,6.68,4.34,Moderate,NA,NA,NA,NA,NA,NA,NA,NA,2026-08-31,2026-08-31
Southbury,CT,"New Haven-Milford, CT",New Haven County,453713.19741718145,0.32,2525,NA,30300,0.557,15,6.68,4.34,Moderate,NA,NA,NA,NA,NA,NA,NA,NA,2026-08-31,2026-08-31
Griffith,IN,"Chicago-Naperville-Elgin, IL-IN-WI",Lake County,252443.30882854463,2.23,1403.4111111111113,NA,16840.933333333334,0.556,15,6.67,4.34,Moderate,16192,-2,502955,0.8,4.19,10.57,4.92,29.14,2026-08-31,2026-08-31
Augusta,ME,"Augusta-Waterville, ME",Kennebec County,282090.6632648713,0.4,1570.3333333333333,4.02,18844,0.557,15,6.68,4.34,Moderate,19168,1.28,128461,3,7.78,14.58,1.66,27.24,2026-08-31,2026-08-31
Lebanon,NH,"Lebanon, NH-VT",Grafton County,464813.13999999774,3.41,2589.12908496732,0.4,31069.54901960784,0.557,15,6.68,4.34,Moderate,15389,7.56,93045,2.03,6.08,29.86,5.37,29.04,2026-08-31,2026-08-31
Dowagiac,MI,"South Bend-Mishawaka, IN-MI",Cass County,231862.32248146716,5.14,1290,NA,15480,0.556,15,6.68,4.34,Moderate,NA,NA,NA,NA,NA,NA,NA,NA,2026-08-31,2026-08-31
Midway Park,NC,"Jacksonville, NC",Onslow County,252686.1360489203,1.44,1404.861111111111,2.01,16858.333333333332,0.556,15,6.67,4.34,Moderate,NA,NA,NA,NA,NA,NA,NA,NA,2026-08-31,2026-08-31
Lakeland,FL,"Lakeland-Winter Haven, FL",Polk County,309953.92112872,-1.3,1721.9291578682758,1.74,20663.149894419308,0.556,15,6.67,4.33,Moderate,124990,9.75,852878,16.8,32.56,16.11,4.75,29.98,2026-08-31,2026-08-31
Haltom City,TX,"Dallas-Fort Worth-Arlington, TX",Tarrant County,242438.2889795803,-3.15,1344.353896103896,2.41,16132.246753246753,0.555,15,6.65,4.33,Moderate,45786,-0.47,2230708,5.41,8.74,7.08,7.73,40.64,2026-08-31,2026-08-31
Hopewell,VA,"Richmond, VA",Prince George County,235010.89717054387,2.61,1303.820512820513,-3.86,15645.846153846156,0.555,15,6.66,4.33,Moderate,22970,-0.18,43589,1.17,11.93,5.4,5.18,26.07,2026-08-31,2026-08-31
Zeeland,MI,"Grand Rapids-Kentwood, MI",Ottawa County,392816.4558485004,4.31,2179,NA,26148,0.555,15,6.66,4.33,Moderate,NA,NA,NA,NA,NA,NA,NA,NA,2026-08-31,2026-08-31
Wildwood,FL,"The Villages, FL",Sumter County,297938.63291139755,-0.94,1654.025396825397,3.27,19848.304761904765,0.555,15,6.66,4.33,Moderate,19031,19.19,154693,18.72,29.98,16.71,16.47,11.9,2026-08-31,2026-08-31
Clarks Summit,PA,"Scranton--Wilkes-Barre, PA",Lackawanna County,357178.4797180726,5.41,1980.611111111111,NA,23767.333333333332,0.555,15,6.65,4.33,Moderate,NA,NA,NA,NA,NA,NA,NA,NA,2026-08-31,2026-08-31
Weirton,WV,"Weirton-Steubenville, WV-OH",Hancock County,149806.8009454112,6.59,830.8333333333334,NA,9970,0.555,15,6.66,4.33,Moderate,18317,-4.17,28054,-3.41,1.57,9.33,7.03,25.35,2026-08-31,2026-08-31
Canyon Lake,CA,"Riverside-San Bernardino-Ontario, CA",Riverside County,701056.1039831433,1.74,3891.6666666666665,NA,46700,0.555,15,6.66,4.33,Moderate,NA,NA,NA,NA,NA,NA,NA,NA,2026-08-31,2026-08-31
Alton,TX,"McAllen-Edinburg-Mission, TX",Hidalgo County,190190.33529766867,-2.05,1055.1666666666667,3.16,12662,0.555,15,6.66,4.33,Moderate,22907,24.73,914820,4.8,3.41,12.59,6.81,32.43,2026-08-31,2026-08-31
Harwood Heights,IL,"Chicago-Naperville-Elgin, IL-IN-WI",Cook County,391634.2688974983,6.39,2175,NA,26100,0.555,15,6.66,4.33,Moderate,NA,NA,NA,NA,NA,NA,NA,NA,2026-08-31,2026-08-31
Wesley Chapel,FL,"Tampa-St. Petersburg-Clearwater, FL",Pasco County,400423.8968395319,-2.8,2220.15583028083,-0.05,26641.869963369958,0.554,15,6.65,4.32,Moderate,NA,NA,659114,16.41,37.43,13.3,5.54,24.5,2026-08-31,2026-08-31
Oxford,AL,"Anniston-Oxford, AL",Calhoun County,197628.54637710247,1.27,1095,6.78,13140,0.554,15,6.65,4.32,Moderate,22088,0,116427,0.16,3.01,15.29,5.39,29.61,2026-08-31,2026-08-31
Livonia,MI,"Detroit-Warren-Dearborn, MI",Wayne County,316419.72385352105,2.41,1748.4642857142856,2.96,20981.571428571428,0.553,15.1,6.63,4.31,Moderate,93113,-2.41,1771063,-1.04,3.75,12.9,4.58,35.52,2026-08-31,2026-08-31
Naugatuck,CT,"New Haven-Milford, CT",New Haven County,353856.7532853058,3.48,1956.85,1.96,23482.199999999997,0.553,15.1,6.64,4.31,Moderate,32116,1.97,NA,NA,NA,NA,NA,NA,2026-08-31,2026-08-31
White Lake,MI,"Detroit-Warren-Dearborn, MI",Oakland County,395753.9422646976,3.39,2187.3888888888887,NA,26248.666666666664,0.553,15.1,6.63,4.31,Moderate,NA,NA,1296888,1.91,10.58,5.25,6.51,27.73,2026-08-31,2026-08-31
Selma,CA,"Fresno, CA",Fresno County,362155.54395811673,1.99,2000,NA,24000,0.552,15.1,6.63,4.31,Moderate,NA,NA,NA,NA,NA,NA,NA,NA,2026-08-31,2026-08-31
Coldwater,MI,"Coldwater, MI",Branch County,220273.91167084823,6.45,1215.8333333333333,NA,14590,0.552,15.1,6.62,4.31,Moderate,NA,NA,NA,NA,NA,NA,NA,NA,2026-08-31,2026-08-31
Spring Lake,NC,"Fayetteville, NC",Harnett County,259071.2316016083,0.14,1430.071792980515,1.22,17160.86151576618,0.552,15.1,6.62,4.31,Moderate,11530,-1.03,146096,9.26,25.57,10.01,8.1,30.51,2026-08-31,2026-08-31
Franklin Park,IL,"Chicago-Naperville-Elgin, IL-IN-WI",Cook County,325395.0066137601,6.92,1800,NA,21600,0.553,15.1,6.64,4.31,Moderate,NA,NA,NA,NA,NA,NA,NA,NA,2026-08-31,2026-08-31
Redington Shores,FL,"Tampa-St. Petersburg-Clearwater, FL",Pinellas County,669396.6143537652,-3.59,3700,NA,44400,0.553,15.1,6.63,4.31,Moderate,NA,NA,NA,NA,NA,NA,NA,NA,2026-08-31,2026-08-31
Pendergrass,GA,"Jefferson, GA",Jackson County,358081.8372088159,-0.44,1977,NA,23724,0.552,15.1,6.63,4.31,Moderate,1856,8.92,93825,22.26,52.1,8.21,1.14,20.21,2026-08-31,2026-08-31
Altamonte Springs,FL,"Orlando-Kissimmee-Sanford, FL",Seminole County,291025.9582612943,-1.8,1604.4494022324209,0.16,19253.39282678905,0.551,15.1,6.62,4.3,Moderate,47261,2.36,494605,4.91,9.63,5.97,6.62,34.24,2026-08-31,2026-08-31
Monroe,MI,"Monroe, MI",Monroe County,223301.09019737563,5.83,1230.0833333333333,4,14761,0.551,15.1,6.61,4.3,Moderate,20177,-1.34,156045,0.73,5.79,5.72,2.73,18.84,2026-08-31,2026-08-31
Haslet,TX,"Dallas-Fort Worth-Arlington, TX",Tarrant County,384747.83723023353,-2.66,2119.243754767353,-2.56,25430.92505720824,0.551,15.1,6.61,4.3,Moderate,4743,136.68,2230708,5.41,8.74,7.08,7.73,40.64,2026-08-31,2026-08-31
Anna,TX,"Dallas-Fort Worth-Arlington, TX",Collin County,337501.5929085679,-6.93,1861.2837168516803,-0.93,22335.404602220166,0.551,15.1,6.62,4.3,Moderate,31986,82.24,1254658,16.64,31.61,5.16,6.55,35.92,2026-08-31,2026-08-31
East Ridge,TN,"Chattanooga, TN-GA",Hamilton County,256439.5478341668,-2.55,1412.7037037037037,2.17,16952.444444444445,0.551,15.1,6.61,4.3,Moderate,21970,-1.07,386256,4.99,11.65,8.63,4.18,35.65,2026-08-31,2026-08-31
North Liberty,IA,"Iowa City, IA",Johnson County,311296.3072814227,2.33,1717.9702380952378,4.99,20615.642857142855,0.552,15.1,6.62,4.3,Moderate,21904,6.83,160080,4.59,6.75,7.43,6.54,41.16,2026-08-31,2026-08-31
West Dundee,IL,"Chicago-Naperville-Elgin, IL-IN-WI",Kane County,426736.67863066104,3.29,2350.527777777778,4.43,28206.333333333336,0.551,15.1,6.61,4.3,Moderate,7906,0.29,520997,0.89,3.7,3.54,3.6,24.26,2026-08-31,2026-08-31
Gun Barrel City,TX,"Athens, TX",Henderson County,252792.50948570343,-1.63,1395,NA,16740,0.552,15.1,6.62,4.3,Moderate,NA,NA,NA,NA,NA,NA,NA,NA,2026-08-31,2026-08-31
Tuckerton,NJ,"New York-Newark-Jersey City, NY-NJ-PA",Ocean County,422667.4712274423,3.99,2330,NA,27960,0.551,15.1,6.62,4.3,Moderate,NA,NA,NA,NA,NA,NA,NA,NA,2026-08-31,2026-08-31
Palmdale,CA,"Los Angeles-Long Beach-Anaheim, CA",Los Angeles County,499832.0180842438,0.11,2751.047222222222,0.66,33012.566666666666,0.55,15.1,6.6,4.29,Moderate,162536,-3.77,9757179,-2.4,0.03,6.45,4.01,53.92,2026-08-31,2026-08-31
Deland,FL,"Deltona-Daytona Beach-Ormond Beach, FL",Volusia County,336623.6738206111,-0.43,1851.0107315389923,2.97,22212.128778467908,0.55,15.2,6.6,4.29,Moderate,NA,NA,602772,8.46,21.72,14.56,6.51,27.2,2026-08-31,2026-08-31
Blue Springs,MO,"Kansas City, MO-KS",Jackson County,311297.2293312953,2.14,1713.418972332016,2.01,20561.02766798419,0.55,15.1,6.6,4.29,Moderate,61246,4.02,727362,1.35,6.69,9.2,4.42,41.15,2026-08-31,2026-08-31
Salina,KS,"Salina, KS",Saline County,180192.2207911464,4.49,992.050925925926,5.48,11904.611111111111,0.551,15.1,6.61,4.29,Moderate,46109,-1.56,53459,-1.45,2.81,7.65,2.66,33.21,2026-08-31,2026-08-31
Portage,IN,"Chicago-Naperville-Elgin, IL-IN-WI",Porter County,269770.63812732877,0.42,1483.6689976689977,3.96,17804.027972027972,0.55,15.2,6.6,4.29,Moderate,38576,1.61,175860,1.45,4.29,5.62,4.57,22.79,2026-08-31,2026-08-31
Ruston,LA,"Ruston, LA",Lincoln Parish,228696.23114014583,2.04,1257.1703296703297,6.45,15086.043956043955,0.55,15.2,6.6,4.29,Moderate,22330,0.79,48243,-0.13,0.87,11.18,3.64,46.49,2026-08-31,2026-08-31
Lawrence Township,NJ,"Trenton-Princeton, NJ",Mercer County,465727.0289149128,1.23,2561.1203703703704,2.05,30733.444444444445,0.55,15.2,6.6,4.29,Moderate,NA,NA,392138,1.46,11.79,6.07,3.03,38.11,2026-08-31,2026-08-31
Michigan City,IN,"Michigan City-La Porte, IN",La Porte County,195499.96504802955,4.43,1075.7142857142856,7.27,12908.571428571428,0.55,15.1,6.6,4.29,Moderate,31466,-1.73,NA,NA,NA,NA,NA,NA,2026-08-31,2026-08-31
Peekskill,NY,"New York-Newark-Jersey City, NY-NJ-PA",Westchester County,527299.1726976039,3.74,2897.222222222222,6.83,34766.666666666664,0.549,15.2,6.59,4.29,Moderate,25757,1.67,1006447,0.5,6.23,5.51,2.35,37.8,2026-08-31,2026-08-31
Lusby,MD,"Washington-Arlington-Alexandria, DC-VA-MD-WV",Calvert County,376872.6248376489,1.89,2072.5,NA,24870,0.55,15.2,6.6,4.29,Moderate,NA,NA,NA,NA,NA,NA,NA,NA,2026-08-31,2026-08-31
Forest Park,IL,"Chicago-Naperville-Elgin, IL-IN-WI",Cook County,291075.60134250205,6.75,1601.2031746031746,5.62,19214.438095238096,0.55,15.1,6.6,4.29,Moderate,13846,-3.03,5182617,-1.6,5.9,8.18,4.67,42.49,2026-08-31,2026-08-31
Derby,CT,"New Haven-Milford, CT",New Haven County,343257.4427534391,3.19,1888.6666666666667,NA,22664,0.55,15.1,6.6,4.29,Moderate,NA,NA,NA,NA,NA,NA,NA,NA,2026-08-31,2026-08-31
New Brighton,PA,"Pittsburgh, PA",Beaver County,159707.6394788448,-0.73,879.1666666666667,NA,10550,0.55,15.1,6.61,4.29,Moderate,NA,NA,NA,NA,NA,NA,NA,NA,2026-08-31,2026-08-31
Brooklyn,OH,"Cleveland-Elyria, OH",Cuyahoga County,210568.7361607298,3.46,1157.5,NA,13890,0.55,15.2,6.6,4.29,Moderate,NA,NA,NA,NA,NA,NA,NA,NA,2026-08-31,2026-08-31
Goddard,KS,"Wichita, KS",Sedgwick County,303389.89961120643,1.69,1668.75,NA,20025,0.55,15.2,6.6,4.29,Moderate,NA,NA,NA,NA,NA,NA,NA,NA,2026-08-31,2026-08-31
Archdale,NC,"Greensboro-High Point, NC",Randolph County,251975.03520298237,2.68,1385.1944444444443,NA,16622.333333333332,0.55,15.2,6.6,4.29,Moderate,12147,2.02,148389,2.76,6.31,8.91,2.98,27.33,2026-08-31,2026-08-31
Mount Sterling,KY,"Mount Sterling, KY",Montgomery County,217855.89865035276,3.3,1197.5,NA,14370,0.55,15.2,6.6,4.29,Moderate,NA,NA,NA,NA,NA,NA,NA,NA,2026-08-31,2026-08-31
Gilmer,TX,"Longview, TX",Upshur County,246249.5838227643,0.38,1353.75,NA,16245,0.55,15.2,6.6,4.29,Moderate,NA,NA,NA,NA,NA,NA,NA,NA,2026-08-31,2026-08-31
Garland,TX,"Dallas-Fort Worth-Arlington, TX",Dallas County,283275.73540487495,-3.34,1555.7506426752775,-0.23,18669.007712103332,0.549,15.2,6.59,4.28,Moderate,250431,1.64,2656028,1.73,0.15,7.76,8.95,49.22,2026-08-31,2026-08-31
Broken Arrow,OK,"Tulsa, OK",Wagoner County,288709.0206588195,2.25,1583.4117283950618,3.83,19000.94074074074,0.548,15.2,6.58,4.28,Moderate,122756,7.72,91257,12.11,19.85,8.85,4.45,19.02,2026-08-31,2026-08-31
High Point,NC,"Greensboro-High Point, NC",Guilford County,250100.1266743903,0.07,1372.445351182835,3.18,16469.34421419402,0.549,15.2,6.59,4.28,Moderate,118601,3.34,558816,3.72,9.05,8.49,6.32,40.04,2026-08-31,2026-08-31
Florence,AL,"Florence-Muscle Shoals, AL",Lauderdale County,216556.69509337028,2.56,1188.1303030303031,2.57,14257.563636363637,0.549,15.2,6.58,4.28,Moderate,42716,5.25,97502,3.69,8.92,13.45,5.94,32.17,2026-08-31,2026-08-31
Seguin,TX,"San Antonio-New Braunfels, TX",Guadalupe County,271863.29593999573,-1.83,1490.5833333333333,1.97,17887,0.548,15.2,6.58,4.28,Moderate,38789,31.58,195166,12.35,28.34,6.55,4.38,21.53,2026-08-31,2026-08-31
Henderson,NC,"Henderson, NC",Vance County,178354.11744894952,-0.89,979.6666666666666,-1.93,11756,0.549,15.2,6.59,4.28,Moderate,14807,-1.68,42337,-0.52,3.42,17.21,1.41,42.64,2026-08-31,2026-08-31
Baldwinsville,NY,"Syracuse, NY",Onondaga County,337463.14384705026,7.69,1852.222222222222,NA,22226.666666666664,0.549,15.2,6.59,4.28,Moderate,7662,-1.91,469812,-0.93,1.17,7.9,4.94,34.34,2026-08-31,2026-08-31
Cooper City,FL,"Miami-Fort Lauderdale-Pompano Beach, FL",Broward County,667559.4055701718,-0.07,3663.4166666666665,3.77,43961,0.549,15.2,6.59,4.28,Moderate,35541,3.52,2037472,4.84,14.84,13.18,6.08,36.74,2026-08-31,2026-08-31
Cedar Lake,IN,"Chicago-Naperville-Elgin, IL-IN-WI",Lake County,336613.06442996993,2.2,1847.5,NA,22170,0.549,15.2,6.59,4.28,Moderate,NA,NA,NA,NA,NA,NA,NA,NA,2026-08-31,2026-08-31
Stallings,NC,"Charlotte-Concord-Gastonia, NC-SC",Union County,458220.98065131454,-0.84,2513.055555555555,NA,30156.666666666664,0.548,15.2,6.58,4.28,Moderate,17617,8.7,263386,9.89,19.55,5.19,2.44,18.15,2026-08-31,2026-08-31
Stratmoor,CO,"Colorado Springs, CO",El Paso County,321732.0041163854,-1.22,1766.2777777777776,5.73,21195.333333333332,0.549,15.2,6.59,4.28,Moderate,NA,NA,752772,2.58,3.46,4.58,3.67,33.62,2026-08-31,2026-08-31
Little Rock,AR,"Little Rock-North Little Rock-Conway, AR",Pulaski County,221588.32956655556,3.67,1212.2598502758076,2.02,14547.118203309692,0.547,15.2,6.56,4.27,Moderate,204774,1.07,401209,0.48,-0.94,11.78,9.74,42.25,2026-08-31,2026-08-31
Gainesville,FL,"Gainesville, FL",Alachua County,295760.04547775997,-1.17,1617.539061247204,1.75,19410.46873496645,0.547,15.2,6.56,4.27,Moderate,148720,4.53,291782,4.3,8.33,10.28,11.36,45.93,2026-08-31,2026-08-31
The Villages,FL,"The Villages, FL",Sumter County,392082.784817842,-1.15,2144.595238095238,1.94,25735.142857142855,0.547,15.2,6.56,4.27,Moderate,NA,NA,154693,18.72,29.98,16.71,16.47,11.9,2026-08-31,2026-08-31
Pasadena,MD,"Baltimore-Columbia-Towson, MD",Anne Arundel County,456122.7320233786,0.54,2495.5592592592593,2.98,29946.71111111111,0.547,15.2,6.57,4.27,Moderate,NA,NA,602350,1.51,0.69,4.79,5.5,25.04,2026-08-31,2026-08-31
Enfield,CT,"Hartford-East Hartford-Middletown, CT",Hartford County,338460.7979394703,5.3,1852.155555555556,3.24,22225.866666666672,0.547,15.2,6.57,4.27,Moderate,NA,NA,NA,NA,NA,NA,NA,NA,2026-08-31,2026-08-31
Brownsburg,IN,"Indianapolis-Carmel-Anderson, IN",Hendricks County,358683.185237072,1.43,1961.3397306397303,4.96,23536.076767676765,0.547,15.2,6.56,4.27,Moderate,33430,14.61,190629,8.55,15.38,3.79,5.03,22.15,2026-08-31,2026-08-31
Coventry,RI,"Providence-Warwick, RI-MA",Kent County,466075.02643520245,4.56,2553.444444444445,3.1,30641.333333333336,0.548,15.2,6.57,4.27,Moderate,NA,NA,172450,1.19,6.54,4.69,3.57,27.85,2026-08-31,2026-08-31
Stow,OH,"Akron, OH",Summit County,291793.7833148858,2.73,1597.2407407407406,13.36,19166.888888888887,0.547,15.2,6.57,4.27,Moderate,34101,-1.04,538370,-0.27,4.33,7.17,3.55,32.71,2026-08-31,2026-08-31
Wareham,MA,"Boston-Cambridge-Newton, MA-NH",Plymouth County,487044.41723459866,3.06,2666.6666666666665,NA,32000,0.548,15.2,6.57,4.27,Moderate,NA,NA,NA,NA,NA,NA,NA,NA,2026-08-31,2026-08-31
Dover,FL,"Tampa-St. Petersburg-Clearwater, FL",Hillsborough County,427575.0448327142,-0.58,2338.75,NA,28065,0.547,15.2,6.56,4.27,Moderate,NA,NA,NA,NA,NA,NA,NA,NA,2026-08-31,2026-08-31
Canton,NC,"Asheville, NC",Haywood County,292024.7742678753,-3.94,1600,NA,19200,0.548,15.2,6.57,4.27,Moderate,NA,NA,NA,NA,NA,NA,NA,NA,2026-08-31,2026-08-31
Auburn,MA,"Worcester, MA-CT",Worcester County,466951.3812445539,0.88,2559.1666666666665,NA,30710,0.548,15.2,6.58,4.27,Moderate,NA,NA,NA,NA,NA,NA,NA,NA,2026-08-31,2026-08-31
Soldotna,AK,NA,Kenai Peninsula Borough,371892.02758084395,6.96,2037.5,NA,24450,0.548,15.2,6.57,4.27,Moderate,NA,NA,NA,NA,NA,NA,NA,NA,2026-08-31,2026-08-31
Bemidji,MN,"Bemidji, MN",Beltrami County,219753.3482491856,4.26,1202.5,NA,14430,0.547,15.2,6.57,4.27,Moderate,15733,2.11,46762,1.12,2.05,17.03,6.27,30.53,2026-08-31,2026-08-31
Fort Worth,TX,"Dallas-Fort Worth-Arlington, TX",Tarrant County,295799.78431127773,-1.79,1614.6810842213856,0.54,19376.17301065663,0.546,15.3,6.55,4.26,Moderate,1008106,9.14,2230708,5.41,8.74,7.08,7.73,40.64,2026-08-31,2026-08-31
McDonough,GA,"Atlanta-Sandy Springs-Alpharetta, GA",Henry County,333044.15244639275,-2.55,1817.877262595338,0.39,21814.527151144055,0.546,15.3,6.55,4.26,Moderate,32803,11.74,259315,7.21,13.48,5.36,6.33,27.46,2026-08-31,2026-08-31
Palm Coast,FL,"Deltona-Daytona Beach-Ormond Beach, FL",Flagler County,342262.102500754,-0.93,1868.4332963784184,1.18,22421.19955654102,0.546,15.3,6.55,4.26,Moderate,106729,18.96,136744,17.85,41.48,14.05,5.46,18.48,2026-08-31,2026-08-31
Victoria,TX,"Victoria, TX",Victoria County,218636.1906093535,0.91,1193.342803030303,4.84,14320.113636363636,0.546,15.3,6.55,4.26,Moderate,66020,0.74,91949,0.69,-0.05,12.99,14.73,32.41,2026-08-31,2026-08-31
Land O Lakes,FL,"Tampa-St. Petersburg-Clearwater, FL",Pasco County,415777.6988343872,-2.77,2272.392899584076,-1.16,27268.714795008913,0.547,15.2,6.56,4.26,Moderate,NA,NA,659114,16.41,37.43,13.3,5.54,24.5,2026-08-31,2026-08-31
Copperas Cove,TX,"Killeen-Temple, TX",Coryell County,227545.216390042,0.07,1242.5299635176652,0.15,14910.359562211983,0.546,15.3,6.55,4.26,Moderate,39627,7.88,86370,3.9,4.84,10.56,1.81,40.64,2026-08-31,2026-08-31
Kearns,UT,"Salt Lake City, UT",Salt Lake County,436749.1540351664,-0.61,2385.8333333333335,NA,28630,0.546,15.3,6.56,4.26,Moderate,NA,NA,NA,NA,NA,NA,NA,NA,2026-08-31,2026-08-31
Coram,NY,"New York-Newark-Jersey City, NY-NJ-PA",Suffolk County,577174.74836753,6.21,3150.374358974359,6.33,37804.49230769231,0.546,15.3,6.55,4.26,Moderate,NA,NA,1535909,0.9,2.22,11.64,3.67,18.09,2026-08-31,2026-08-31
Orting,WA,"Seattle-Tacoma-Bellevue, WA",Pierce County,551374.8135621399,-0.94,3008.3333333333335,NA,36100,0.546,15.3,6.55,4.26,Moderate,NA,NA,NA,NA,NA,NA,NA,NA,2026-08-31,2026-08-31
Bordentown Township,NJ,"Philadelphia-Camden-Wilmington, PA-NJ-DE-MD",Burlington County,444608.24961703486,2.28,2427.944444444445,0.78,29135.333333333336,0.546,15.3,6.55,4.26,Moderate,NA,NA,475515,2.99,9.35,5.16,3.54,24.27,2026-08-31,2026-08-31
Kearney,MO,"Kansas City, MO-KS",Clay County,402628.5933840403,2.62,2198.1666666666665,NA,26378,0.546,15.3,6.55,4.26,Moderate,NA,NA,NA,NA,NA,NA,NA,NA,2026-08-31,2026-08-31
Savannah,GA,"Savannah, GA",Chatham County,322239.26071603317,-2.82,1757.1046378473209,-0.68,21085.25565416785,0.545,15.3,6.54,4.25,Moderate,148808,0.89,307336,4.15,6.5,12.31,7,43.71,2026-08-31,2026-08-31
Newport News,VA,"Virginia Beach-Norfolk-Newport News, VA-NC",Newport News City,294403.11808536475,2.87,1604.7808130566752,6.84,19257.369756680102,0.545,15.3,6.54,4.25,Moderate,183056,-1.61,NA,NA,NA,NA,NA,NA,2026-08-31,2026-08-31
Bridgeport,CT,"Bridgeport-Stamford-Norwalk, CT",Fairfield County,364989.3493972506,4.52,1989.9747979797976,2.68,23879.69757575757,0.545,15.3,6.54,4.25,Moderate,151599,2.63,NA,NA,NA,NA,NA,NA,2026-08-31,2026-08-31
Gastonia,NC,"Charlotte-Concord-Gastonia, NC-SC",Gaston County,275363.946901589,-0.4,1500.8526383526385,1.11,18010.23166023166,0.545,15.3,6.54,4.25,Moderate,85535,6.17,242010,5.85,15.72,7.81,5.03,34.18,2026-08-31,2026-08-31
Blaine,MN,"Minneapolis-St. Paul-Bloomington, MN-WI",Anoka County,381494.533935792,1.23,2077.693115942029,1.89,24932.31739130435,0.545,15.3,6.54,4.25,Moderate,75172,6.67,376840,3.38,6.34,2.91,3.32,20.04,2026-08-31,2026-08-31
Martinsburg,WV,"Hagerstown-Martinsburg, MD-WV",Berkeley County,312100.1470993777,3.65,1700.2579642579642,4.64,20403.09557109557,0.545,15.3,6.54,4.25,Moderate,19047,1.68,136287,11.07,22.16,5.95,1.35,24.6,2026-08-31,2026-08-31
Skokie,IL,"Chicago-Naperville-Elgin, IL-IN-WI",Cook County,433130.28510846355,7.66,2360.74768368886,5.96,28328.97220426632,0.545,15.3,6.54,4.25,Moderate,65850,-2.72,5182617,-1.6,5.9,8.18,4.67,42.49,2026-08-31,2026-08-31
Monroe,NC,"Charlotte-Concord-Gastonia, NC-SC",Union County,356797.87260820274,-0.27,1942.4166666666667,2.5,23309,0.544,15.3,6.53,4.25,Moderate,40054,15.48,263386,9.89,19.55,5.19,2.44,18.15,2026-08-31,2026-08-31
Royal Palm Beach,FL,"Miami-Fort Lauderdale-Pompano Beach, FL",Palm Beach County,486569.23414327326,1.52,2649.875,2.69,31798.5,0.545,15.3,6.54,4.25,Moderate,41948,6.16,1582055,5.87,15.98,16.36,6.94,30.14,2026-08-31,2026-08-31
Inman,SC,"Spartanburg, SC",Spartanburg County,304242.24742715264,2.13,1658.2,3.87,19898.4,0.545,15.3,6.54,4.25,Moderate,3354,11.8,369256,12.1,27.18,8.85,6.12,27.07,2026-08-31,2026-08-31
Willow Grove,PA,"Philadelphia-Camden-Wilmington, PA-NJ-DE-MD",Montgomery County,418248.9369396524,1.91,2279.1111111111113,5.74,27349.333333333336,0.545,15.3,6.54,4.25,Moderate,NA,NA,879190,2.6,7.92,4.35,5.68,28.27,2026-08-31,2026-08-31
Satellite Beach,FL,"Palm Bay-Melbourne-Titusville, FL",Brevard County,513381.9081216734,0.31,2799.444444444445,3.76,33593.333333333336,0.545,15.3,6.54,4.25,Moderate,11367,1.22,658447,8.16,22.48,14.46,11.39,23.08,2026-08-31,2026-08-31
Ellenton,FL,"North Port-Sarasota-Bradenton, FL",Manatee County,387777.8366732329,-4.69,2111.8015873015875,-2.39,25341.61904761905,0.545,15.3,6.54,4.25,Moderate,NA,NA,458352,14.12,32.53,21.45,16.3,25.31,2026-08-31,2026-08-31
Largo,FL,"Tampa-St. Petersburg-Clearwater, FL",Pinellas County,336910.6737675912,0.54,1833.444642857143,-0.65,22001.335714285717,0.544,15.3,6.53,4.24,Moderate,82337,-0.35,965870,0.63,3.8,18.32,8.78,30.56,2026-08-31,2026-08-31
Kernersville,NC,"Winston-Salem, NC",Forsyth County,321068.9579125903,1.14,1746.5745614035088,3.49,20958.894736842107,0.544,15.3,6.53,4.24,Moderate,28760,8.21,398143,4.05,9.43,10.09,8.4,37.31,2026-08-31,2026-08-31
Richmond,IN,"Richmond, IN",Wayne County,164715.42964477974,6.61,896.1904761904761,8.87,10754.285714285714,0.544,15.3,6.53,4.24,Moderate,35561,-0.46,66410,-0.16,5.44,12.81,7.35,30.29,2026-08-31,2026-08-31
Bear,DE,"Philadelphia-Camden-Wilmington, PA-NJ-DE-MD",New Castle County,412882.8185834326,1.27,2242.888888888889,1.52,26914.66666666667,0.543,15.3,6.52,4.24,Moderate,NA,NA,588093,3,8.7,5.15,4.98,31.49,2026-08-31,2026-08-31
North Miami Beach,FL,"Miami-Fort Lauderdale-Pompano Beach, FL",Miami-Dade County,453702.60853797355,1.69,2467.558922558923,1.04,29610.707070707074,0.544,15.3,6.53,4.24,Moderate,45655,5.07,2838461,5.29,19.88,11.11,5.36,47.81,2026-08-31,2026-08-31
Hopkinsville,KY,"Clarksville, TN-KY",Christian County,192474.9147959885,0.98,1046.6137566137563,3.1,12559.365079365076,0.544,15.3,6.53,4.24,Moderate,30800,-1.18,71006,-2.39,-8.8,12.39,5.9,47.83,2026-08-31,2026-08-31
Hudson,NY,"Hudson, NY",Columbia County,459066.4607119605,5.3,2497.222222222222,1.64,29966.666666666664,0.544,15.3,6.53,4.24,Moderate,5735,-2.88,60299,-1.82,-0.3,21.7,3.54,24.64,2026-08-31,2026-08-31
Shallotte,NC,"Myrtle Beach-Conway-North Myrtle Beach, SC-NC",Brunswick County,317623.944264684,0.78,1725.1666666666667,NA,20702,0.543,15.3,6.52,4.24,Moderate,NA,NA,NA,NA,NA,NA,NA,NA,2026-08-31,2026-08-31
Wilmington,DE,"Philadelphia-Camden-Wilmington, PA-NJ-DE-MD",New Castle County,329558.1575569481,1.48,1786.124389531118,3.23,21433.492674373414,0.542,15.4,6.5,4.23,Moderate,73176,3.29,588093,3,8.7,5.15,4.98,31.49,2026-08-31,2026-08-31
Conway,AR,"Little Rock-North Little Rock-Conway, AR",Faulkner County,250644.0444167595,2.4,1358.6713818860878,2.9,16304.056582633053,0.542,15.4,6.5,4.23,Moderate,70711,9.86,131611,6.29,10.35,7.56,4.49,38.42,2026-08-31,2026-08-31
Hobart,IN,"Chicago-Naperville-Elgin, IL-IN-WI",Lake County,246240.3807003137,1.17,1335.5277777777776,NA,16026.333333333332,0.542,15.4,6.51,4.23,Moderate,29418,-1.01,502955,0.8,4.19,10.57,4.92,29.14,2026-08-31,2026-08-31
Yulee,FL,"Jacksonville, FL",Nassau County,387510.2681000332,0.68,2099.805555555555,2.14,25197.666666666664,0.542,15.4,6.5,4.23,Moderate,NA,NA,104376,14.65,29.77,12.52,7.09,17.02,2026-08-31,2026-08-31
Carencro,LA,"Lafayette, LA",Lafayette Parish,220605.54251838557,2.52,1195.8333333333337,NA,14350.000000000004,0.542,15.4,6.5,4.23,Moderate,NA,NA,NA,NA,NA,NA,NA,NA,2026-08-31,2026-08-31
Carthage,NC,"Pinehurst-Southern Pines, NC",Moore County,343065.779696878,1.71,1861.5,NA,22338,0.543,15.4,6.51,4.23,Moderate,2999,7.92,108417,8.1,14.51,13.37,3.35,23.67,2026-08-31,2026-08-31
College Park,GA,"Atlanta-Sandy Springs-Alpharetta, GA",Fulton County,274558.0803386872,-4.19,1487.6402116402114,-4.08,17851.682539682537,0.542,15.4,6.5,4.23,Moderate,13953,0.33,1090354,1.97,1.33,8.52,7.69,45.86,2026-08-31,2026-08-31
Glenolden,PA,"Philadelphia-Camden-Wilmington, PA-NJ-DE-MD",Delaware County,241434.47188466415,-0.04,1310,NA,15720,0.543,15.4,6.51,4.23,Moderate,NA,NA,NA,NA,NA,NA,NA,NA,2026-08-31,2026-08-31
Bellmawr,NJ,"Philadelphia-Camden-Wilmington, PA-NJ-DE-MD",Camden County,317578.33258264046,0.7,1721.6666666666667,NA,20660,0.542,15.4,6.51,4.23,Moderate,11846,1.28,533988,2.07,5.74,5.92,4.3,34.97,2026-08-31,2026-08-31
Medina,TN,"Jackson, TN",Madison County,322525.3197373906,2.52,1750,NA,21000,0.543,15.4,6.51,4.23,Moderate,NA,NA,NA,NA,NA,NA,NA,NA,2026-08-31,2026-08-31
Santa Teresa,NM,"Las Cruces, NM",Dona Ana County,317540.64804626704,-0.74,1721.9555555555555,17.21,20663.466666666667,0.542,15.4,6.51,4.23,Moderate,NA,NA,NA,NA,NA,NA,NA,NA,2026-08-31,2026-08-31
Miami Gardens,FL,"Miami-Fort Lauderdale-Pompano Beach, FL",Miami-Dade County,475296.5727250118,0.4,2570.7619047619046,3.82,30849.142857142855,0.541,15.4,6.49,4.22,Moderate,116173,4.24,2838461,5.29,19.88,11.11,5.36,47.81,2026-08-31,2026-08-31
Fort Smith,AR,"Fort Smith, AR-OK",Sebastian County,195028.6241290032,3.06,1054.362183908046,3.01,12652.346206896553,0.541,15.4,6.49,4.22,Moderate,90507,1.51,130035,1.74,5.51,9.17,6.61,38.78,2026-08-31,2026-08-31
Casa Grande,AZ,"Phoenix-Mesa-Chandler, AZ",Pinal County,316043.61161984963,-1.32,1711.5572447447448,0.87,20538.686936936938,0.542,15.4,6.5,4.22,Moderate,68927,27.35,513862,19.44,51.32,12.6,6.32,19.48,2026-08-31,2026-08-31
Duncanville,TX,"Dallas-Fort Worth-Arlington, TX",Dallas County,275690.6422393126,-0.5,1490.5448717948718,0.87,17886.53846153846,0.541,15.4,6.49,4.22,Moderate,39203,-3.28,2656028,1.73,0.15,7.76,8.95,49.22,2026-08-31,2026-08-31
Wheeling,WV,"Wheeling, WV-OH",Ohio County,153248.19292632278,4.68,828.9166666666666,6.07,9947,0.541,15.4,6.49,4.22,Moderate,26060,-3.17,41090,-2.88,2.73,14.39,6.05,32.63,2026-08-31,2026-08-31
Greater Landover,MD,"Washington-Arlington-Alexandria, DC-VA-MD-WV",Prince Georges County,317985.0208915935,-2.18,1720.4848484848487,4.95,20645.818181818184,0.541,15.4,6.49,4.22,Moderate,NA,NA,NA,NA,NA,NA,NA,NA,2026-08-31,2026-08-31
Parlin,NJ,"New York-Newark-Jersey City, NY-NJ-PA",Middlesex County,558421.913352073,5.67,3021.0277777777774,8.53,36252.33333333333,0.541,15.4,6.49,4.22,Moderate,NA,NA,890119,3.33,12.92,3.48,2.61,36.53,2026-08-31,2026-08-31
Edgewater,MD,"Baltimore-Columbia-Towson, MD",Anne Arundel County,583176.7616412719,1.75,3153.8888888888887,NA,37846.666666666664,0.541,15.4,6.49,4.22,Moderate,NA,NA,602350,1.51,0.69,4.79,5.5,25.04,2026-08-31,2026-08-31
Milford,DE,"Dover, DE",Kent County,345108.6462399373,0.53,1865.888888888889,NA,22390.666666666668,0.541,15.4,6.49,4.22,Moderate,NA,NA,NA,NA,NA,NA,NA,NA,2026-08-31,2026-08-31
China Grove,NC,"Charlotte-Concord-Gastonia, NC-SC",Rowan County,298622.43925847876,0.99,1615.6666666666667,NA,19388,0.541,15.4,6.49,4.22,Moderate,4610,3.69,153384,4.41,11.42,10.12,5.17,28.76,2026-08-31,2026-08-31
Argyle,TX,"Dallas-Fort Worth-Arlington, TX",Denton County,596292.4081835974,-3,3222.8611111111113,4.14,38674.333333333336,0.54,15.4,6.49,4.22,Moderate,6294,41.12,1045120,14.28,23.72,4.75,5.09,34.63,2026-08-31,2026-08-31
Sanford,FL,"Orlando-Kissimmee-Sanford, FL",Seminole County,340195.6327486294,-2.05,1836.1765543537988,1.84,22034.118652245586,0.54,15.4,6.48,4.21,Moderate,66919,9.53,494605,4.91,9.63,5.97,6.62,34.24,2026-08-31,2026-08-31
West Haven,CT,"New Haven-Milford, CT",New Haven County,366561.6472032937,7.77,1978.3031746031745,3.12,23739.638095238093,0.54,15.4,6.48,4.21,Moderate,55379,-0.31,NA,NA,NA,NA,NA,NA,2026-08-31,2026-08-31
Middletown,CT,"Hartford-East Hartford-Middletown, CT",Middlesex County,368256.0326506744,4.69,1986.835282651072,3.27,23842.023391812865,0.54,15.4,6.47,4.21,Moderate,48616,3.49,NA,NA,NA,NA,NA,NA,2026-08-31,2026-08-31
Brooksville,FL,"Tampa-St. Petersburg-Clearwater, FL",Hernando County,306897.7230091136,-1.93,1655.6991341991345,-0.61,19868.389610389615,0.539,15.4,6.47,4.21,Moderate,9985,11.79,218150,11.51,28.43,11.48,7.4,18.18,2026-08-31,2026-08-31
Casselberry,FL,"Orlando-Kissimmee-Sanford, FL",Seminole County,345383.3376341323,-1.35,1866.063725490196,1.32,22392.764705882353,0.54,15.4,6.48,4.21,Moderate,31650,9.36,494605,4.91,9.63,5.97,6.62,34.24,2026-08-31,2026-08-31
University City,MO,"St. Louis, MO-IL",Saint Louis County,269331.4778075241,3.63,1453.6575292397663,6.84,17443.890350877195,0.54,15.4,6.48,4.21,Moderate,34349,-2.33,NA,NA,NA,NA,NA,NA,2026-08-31,2026-08-31
Florence,AZ,"Phoenix-Mesa-Chandler, AZ",Pinal County,327113.44992579956,-2.08,1764.6666666666667,0.54,21176,0.539,15.4,6.47,4.21,Moderate,24891,-8.81,513862,19.44,51.32,12.6,6.32,19.48,2026-08-31,2026-08-31
Temple Terrace,FL,"Tampa-St. Petersburg-Clearwater, FL",Hillsborough County,325798.29298522713,-0.5,1760.1577540106953,-0.7,21121.893048128342,0.54,15.4,6.48,4.21,Moderate,27588,3.21,1581426,7.85,12.2,7.8,6.74,38.94,2026-08-31,2026-08-31
Berea,OH,"Cleveland-Elyria, OH",Cuyahoga County,244813.76727360513,4.45,1320,NA,15840,0.539,15.5,6.47,4.21,Moderate,17998,-2.72,1240594,-1.75,1.72,9.97,5.22,40.95,2026-08-31,2026-08-31
South Charleston,WV,"Charleston, WV",Kanawha County,175311.98574108505,5.29,946.25,NA,11355,0.54,15.4,6.48,4.21,Moderate,NA,NA,NA,NA,NA,NA,NA,NA,2026-08-31,2026-08-31
Rio Vista,CA,"Vallejo, CA",Solano County,453932.4892569317,-2.95,2450,NA,29400,0.54,15.4,6.48,4.21,Moderate,NA,NA,NA,NA,NA,NA,NA,NA,2026-08-31,2026-08-31
Lake Arrowhead,CA,"Riverside-San Bernardino-Ontario, CA",San Bernardino County,528139.3479280605,-1.69,2853,-0.09,34236,0.54,15.4,6.48,4.21,Moderate,NA,NA,NA,NA,NA,NA,NA,NA,2026-08-31,2026-08-31
Crafton,PA,"Pittsburgh, PA",Allegheny County,217287.5957667904,-2.03,1172.2222222222224,NA,14066.666666666668,0.539,15.4,6.47,4.21,Moderate,5863,-3.7,1231814,-1.43,2.72,9.6,6.37,35.07,2026-08-31,2026-08-31
Reading,PA,"Reading, PA",Berks County,267494.2705963114,3.76,1439.2800192537034,3.24,17271.36023104444,0.538,15.5,6.46,4.2,Moderate,96000,1.07,439117,2.43,7.84,5.52,4.51,28.95,2026-08-31,2026-08-31
Allentown,PA,"Allentown-Bethlehem-Easton, PA-NJ",Lehigh County,317498.21106991736,3.88,1710.458928769248,3.74,20525.507145230975,0.539,15.5,6.46,4.2,Moderate,127138,1.12,385655,2.98,11.77,4.72,3.33,34.79,2026-08-31,2026-08-31
Jacksonville,NC,"Jacksonville, NC",Onslow County,263172.7745897069,3.52,1417.0548633879782,3.43,17004.65836065574,0.538,15.5,6.46,4.2,Moderate,70840,-3.32,212954,3.82,-2.31,15.6,7.82,39.04,2026-08-31,2026-08-31
Morristown,TN,"Morristown, TN",Hamblen County,267035.62349883,3.61,1436.3333333333333,0.29,17236,0.538,15.5,6.45,4.2,Moderate,32994,8.25,67715,4.92,19.98,7.36,5.99,31.66,2026-08-31,2026-08-31
Abingdon,MD,"Baltimore-Columbia-Towson, MD",Harford County,372611.6093374702,-0.16,2006.5527777777777,-1.54,24078.63333333333,0.539,15.5,6.46,4.2,Moderate,NA,NA,265514,1.63,2.3,3.96,3.4,20.29,2026-08-31,2026-08-31
Austin,MN,"Austin, MN",Mower County,190663.6290623499,3.52,1027.0555555555557,8.6,12324.666666666668,0.539,15.5,6.46,4.2,Moderate,26690,1.83,40900,2.09,12.22,8.21,9,23.96,2026-08-31,2026-08-31
Columbia Heights,MN,"Minneapolis-St. Paul-Bloomington, MN-WI",Anoka County,298962.14503871877,1.43,1608.4833333333331,6.9,19301.799999999996,0.538,15.5,6.46,4.2,Moderate,22358,1.89,376840,3.38,6.34,2.91,3.32,20.04,2026-08-31,2026-08-31
Waterville,ME,"Augusta-Waterville, ME",Kennebec County,253736.18633611477,1.83,1367.3333333333333,3.48,16408,0.539,15.5,6.47,4.2,Moderate,17336,3.85,128461,3,7.78,14.58,1.66,27.24,2026-08-31,2026-08-31
Durham,NH,"Boston-Cambridge-Newton, MA-NH",Strafford County,705991.3380431179,0.01,3797.5,NA,45570,0.538,15.5,6.45,4.2,Moderate,NA,NA,NA,NA,NA,NA,NA,NA,2026-08-31,2026-08-31
Riverview,MI,"Detroit-Warren-Dearborn, MI",Wayne County,247744.43048487825,3.77,1334.125,NA,16009.5,0.539,15.5,6.46,4.2,Moderate,NA,NA,NA,NA,NA,NA,NA,NA,2026-08-31,2026-08-31
Lyman,SC,"Spartanburg, SC",Spartanburg County,304467.18732915283,1.98,1639.3055555555557,NA,19671.666666666668,0.538,15.5,6.46,4.2,Moderate,NA,NA,NA,NA,NA,NA,NA,NA,2026-08-31,2026-08-31
Carl Junction,MO,"Joplin, MO",Jasper County,259923.7242298828,1.91,1400,NA,16800,0.539,15.5,6.46,4.2,Moderate,NA,NA,NA,NA,NA,NA,NA,NA,2026-08-31,2026-08-31
Marlboro,NY,"Kingston, NY",Ulster County,470447.9685435311,2.76,2535,NA,30420,0.539,15.5,6.47,4.2,Moderate,NA,NA,NA,NA,NA,NA,NA,NA,2026-08-31,2026-08-31
Cockrell Hill,TX,"Dallas-Fort Worth-Arlington, TX",Dallas County,217050.4864980978,-0.12,1170,NA,14040,0.539,15.5,6.47,4.2,Moderate,NA,NA,NA,NA,NA,NA,NA,NA,2026-08-31,2026-08-31
Kissimmee,FL,"Orlando-Kissimmee-Sanford, FL",Osceola County,355971.41941144253,-3.19,1914.0255973895516,-0.13,22968.30716867462,0.538,15.5,6.45,4.19,Moderate,84756,7.04,468058,19.66,40.25,19.99,6.97,33.77,2026-08-31,2026-08-31
Wellington,FL,"Miami-Fort Lauderdale-Pompano Beach, FL",Palm Beach County,658628.4703461583,1.73,3540.3819408406853,3.71,42484.58329008822,0.538,15.5,6.45,4.19,Moderate,63258,2.74,1582055,5.87,15.98,16.36,6.94,30.14,2026-08-31,2026-08-31
Petersburg,VA,"Richmond, VA",Dinwiddie County,251305.44473685324,2.76,1350.3675213675217,4.65,16204.410256410261,0.537,15.5,6.45,4.19,Moderate,34058,1.98,28576,2.46,12.42,12.35,4.91,21.75,2026-08-31,2026-08-31
Griffin,GA,"Atlanta-Sandy Springs-Alpharetta, GA",Spalding County,241915.65749737725,-1.91,1300.2348272642391,1.91,15602.817927170869,0.537,15.5,6.45,4.19,Moderate,23994,2.32,70292,4.19,4.37,6.36,5.86,36.25,2026-08-31,2026-08-31
Lombard,IL,"Chicago-Naperville-Elgin, IL-IN-WI",DuPage County,388194.4906220016,5.03,2086.6387214935603,2.17,25039.664657922724,0.538,15.5,6.45,4.19,Moderate,44490,0.17,937142,0.6,5.3,4.53,5.6,26.87,2026-08-31,2026-08-31
Belton,TX,"Killeen-Temple, TX",Bell County,312734.88367547,-2,1681.4833333333331,0.12,20177.799999999996,0.538,15.5,6.45,4.19,Moderate,25635,10.84,399578,7.3,5.6,8.76,5.74,43.84,2026-08-31,2026-08-31
Wooster,OH,"Wooster, OH",Wayne County,263916.779843819,3.51,1417.25,-0.04,17007,0.537,15.5,6.44,4.19,Moderate,26982,-0.94,116632,-0.23,-0.49,5.58,2.84,23.94,2026-08-31,2026-08-31
Fountain,CO,"Colorado Springs, CO",El Paso County,387748.5159740366,-0.84,2081.810606060606,5.15,24981.727272727272,0.537,15.5,6.44,4.19,Moderate,29457,-1.44,752772,2.58,3.46,4.58,3.67,33.62,2026-08-31,2026-08-31
Derby,KS,"Wichita, KS",Sedgwick County,286219.6426138824,2.93,1536.111111111111,1.9,18433.333333333332,0.537,15.5,6.44,4.19,Moderate,26604,3.46,536081,2.14,7.39,9.2,6.89,37.72,2026-08-31,2026-08-31
Zion,IL,"Chicago-Naperville-Elgin, IL-IN-WI",Lake County,254581.02326709477,6.93,1369.138888888889,NA,16429.666666666668,0.538,15.5,6.45,4.19,Moderate,24583,-0.6,718604,0.73,3.75,4.97,4.19,25.6,2026-08-31,2026-08-31
Clifton Heights,PA,"Philadelphia-Camden-Wilmington, PA-NJ-DE-MD",Delaware County,265241.81319154816,0.88,1423.5,2.8,17082,0.537,15.5,6.44,4.19,Moderate,6880,0.54,584882,1.45,5.58,5.55,4.21,30.36,2026-08-31,2026-08-31
Shawano,WI,"Shawano, WI",Shawano County,260489.94939354435,8.05,1399.5,NA,16794,0.537,15.5,6.45,4.19,Moderate,NA,NA,NA,NA,NA,NA,NA,NA,2026-08-31,2026-08-31
Murphy,TX,"Dallas-Fort Worth-Arlington, TX",Collin County,564016.4919682018,-4.02,3032.777777777778,NA,36393.333333333336,0.538,15.5,6.45,4.19,Moderate,NA,NA,NA,NA,NA,NA,NA,NA,2026-08-31,2026-08-31
Hubert,NC,"Jacksonville, NC",Onslow County,282653.19517831266,3.31,1517.4603174603174,2.75,18209.52380952381,0.537,15.5,6.44,4.19,Moderate,NA,NA,212954,3.82,-2.31,15.6,7.82,39.04,2026-08-31,2026-08-31
Ridgeland,SC,"Hilton Head Island-Bluffton, SC",Jasper County,319475.0164146565,-1.02,1717.9444444444443,NA,20615.333333333332,0.538,15.5,6.45,4.19,Moderate,NA,NA,NA,NA,NA,NA,NA,NA,2026-08-31,2026-08-31
Bunnell,FL,"Deltona-Daytona Beach-Ormond Beach, FL",Flagler County,295261.0021351104,-1.14,1586,-3.68,19032,0.537,15.5,6.45,4.19,Moderate,4120,23.98,136744,17.85,41.48,14.05,5.46,18.48,2026-08-31,2026-08-31
Ralston,NE,"Omaha-Council Bluffs, NE-IA",Douglas County,266422.3759952657,3.54,1430.5,NA,17166,0.537,15.5,6.44,4.19,Moderate,NA,NA,NA,NA,NA,NA,NA,NA,2026-08-31,2026-08-31
Umatilla,OR,"Hermiston-Pendleton, OR",Umatilla County,295283.52765229525,2.47,1587.5,NA,19050,0.538,15.5,6.45,4.19,Moderate,NA,NA,NA,NA,NA,NA,NA,NA,2026-08-31,2026-08-31
Swansboro,NC,"Jacksonville, NC",Onslow County,355881.8879418089,1.18,1912.5,NA,22950,0.537,15.5,6.45,4.19,Moderate,NA,NA,NA,NA,NA,NA,NA,NA,2026-08-31,2026-08-31
West Baraboo,WI,"Baraboo, WI",Sauk County,283697.94975619187,1.46,1522.5,NA,18270,0.537,15.5,6.44,4.19,Moderate,NA,NA,NA,NA,NA,NA,NA,NA,2026-08-31,2026-08-31
Lake Worth Beach,FL,"Miami-Fort Lauderdale-Pompano Beach, FL",Palm Beach County,442533.9547582961,0.49,2370.122044143958,2.06,28441.4645297275,0.536,15.6,6.43,4.18,Moderate,44417,5.19,1582055,5.87,15.98,16.36,6.94,30.14,2026-08-31,2026-08-31
Waterbury,CT,"New Haven-Milford, CT",New Haven County,287514.2652723348,3.4,1539.838340643275,3.54,18478.0600877193,0.536,15.6,6.43,4.18,Moderate,115908,1.77,NA,NA,NA,NA,NA,NA,2026-08-31,2026-08-31
Miami Beach,FL,"Miami-Fort Lauderdale-Pompano Beach, FL",Miami-Dade County,522429.0682252233,1.01,2799.204032677088,3.03,33590.44839212506,0.536,15.6,6.43,4.18,Moderate,83251,0.94,2838461,5.29,19.88,11.11,5.36,47.81,2026-08-31,2026-08-31
Irwin,PA,"Pittsburgh, PA",Westmoreland County,266902.44394096144,0.29,1431.6666666666667,-0.33,17180,0.536,15.5,6.44,4.18,Moderate,3798,-2.09,350935,-0.96,3.65,8.33,4.09,21.75,2026-08-31,2026-08-31
Northport,AL,"Tuscaloosa, AL",Tuscaloosa County,289704.71394158626,2.08,1551.388888888889,2.51,18616.666666666668,0.536,15.6,6.43,4.18,Moderate,31492,0.91,241212,3.68,5.91,15.2,5.06,37.84,2026-08-31,2026-08-31
Pickerington,OH,"Columbus, OH",Fairfield County,419273.06758157216,0.9,2244.435185185185,2.4,26933.222222222223,0.535,15.6,6.42,4.18,Moderate,25814,11.08,167762,5.2,12.34,5.39,5.3,25.78,2026-08-31,2026-08-31
Rutland,VT,"Rutland, VT",Rutland County,282406.31926272507,4.25,1512.5,NA,18150,0.536,15.6,6.43,4.18,Moderate,NA,NA,NA,NA,NA,NA,NA,NA,2026-08-31,2026-08-31
Lake Villa,IL,"Chicago-Naperville-Elgin, IL-IN-WI",Lake County,385686.5829701508,5.68,2067.5,NA,24810,0.536,15.5,6.43,4.18,Moderate,NA,NA,NA,NA,NA,NA,NA,NA,2026-08-31,2026-08-31
McCordsville,IN,"Indianapolis-Carmel-Anderson, IN",Hancock County,380672.8455773939,0.21,2037.8888888888887,-2.18,24454.666666666664,0.535,15.6,6.42,4.18,Moderate,11744,32.13,88810,10.76,28.66,3.45,4.86,20.41,2026-08-31,2026-08-31
Miramar Beach,FL,"Crestview-Fort Walton Beach-Destin, FL",Walton County,654564.285342956,-0.29,3506.8095238095243,NA,42081.71428571429,0.536,15.6,6.43,4.18,Moderate,NA,NA,89666,18.15,36.1,44.55,32.56,22.85,2026-08-31,2026-08-31
Cooperstown,NY,"Oneonta, NY",Otsego County,410348.4840271697,9.73,2200,NA,26400,0.536,15.5,6.43,4.18,Moderate,NA,NA,NA,NA,NA,NA,NA,NA,2026-08-31,2026-08-31
Allenstown,NH,"Concord, NH",Merrimack County,429798.1798597036,0.58,2300.8333333333335,NA,27610,0.535,15.6,6.42,4.18,Moderate,NA,NA,NA,NA,NA,NA,NA,NA,2026-08-31,2026-08-31
Laredo,TX,"Laredo, TX",Webb County,222781.72287190883,2.16,1190.504662004662,1.53,14286.055944055943,0.534,15.6,6.41,4.17,Moderate,261260,2.26,272823,2.04,-1.85,8.25,8.2,36.11,2026-08-31,2026-08-31
Des Moines,IA,"Des Moines-West Des Moines, IA",Polk County,210571.89198190655,-0.24,1125.509994833166,1.17,13506.119937997992,0.535,15.6,6.41,4.17,Moderate,213096,-0.31,516185,4.69,12.01,5.87,5,32.93,2026-08-31,2026-08-31
Fort Lauderdale,FL,"Miami-Fort Lauderdale-Pompano Beach, FL",Broward County,511473.41654477495,-1.3,2735.9462879168764,2.54,32831.355455002515,0.535,15.6,6.42,4.17,Moderate,190641,4.31,2037472,4.84,14.84,13.18,6.08,36.74,2026-08-31,2026-08-31
Pembroke Pines,FL,"Miami-Fort Lauderdale-Pompano Beach, FL",Broward County,488120.7209147604,-1.92,2607.851303068516,1.39,31294.21563682219,0.534,15.6,6.41,4.17,Moderate,179326,4.82,2037472,4.84,14.84,13.18,6.08,36.74,2026-08-31,2026-08-31
North Miami,FL,"Miami-Fort Lauderdale-Pompano Beach, FL",Miami-Dade County,421749.43195621,1.1,2255.393550950547,2.95,27064.722611406563,0.535,15.6,6.42,4.17,Moderate,62202,3.96,2838461,5.29,19.88,11.11,5.36,47.81,2026-08-31,2026-08-31
Florence,KY,"Cincinnati, OH-KY-IN",Boone County,287458.558734677,0.73,1536.6428341384865,1.5,18439.71400966184,0.535,15.6,6.41,4.17,Moderate,33763,5.21,144135,5.61,14.15,4.07,4.79,23.34,2026-08-31,2026-08-31
Gonzales,LA,"Baton Rouge, LA",Ascension Parish,293095.269865275,3.6,1566.711111111111,0.16,18800.533333333333,0.535,15.6,6.41,4.17,Moderate,13837,12.67,133534,5.16,7.37,8.24,6.33,17.14,2026-08-31,2026-08-31
Barstow,CA,"Riverside-San Bernardino-Ontario, CA",San Bernardino County,266337.09800690593,-1.23,1423.6761904761904,8.86,17084.114285714284,0.535,15.6,6.41,4.17,Moderate,24897,-2.02,2214281,1.41,1.68,9.55,3.22,38.46,2026-08-31,2026-08-31
Lake Jackson,TX,"Houston-The Woodlands-Sugar Land, TX",Brazoria County,272838.56784641097,0.69,1459.574074074074,3.11,17514.888888888887,0.535,15.6,6.42,4.17,Moderate,28158,0.04,413224,10.63,23.74,10.51,11.33,26,2026-08-31,2026-08-31
Hackettstown,NJ,"Allentown-Bethlehem-Easton, PA-NJ",Warren County,476134.71896957693,3.18,2543.805555555555,NA,30525.666666666664,0.534,15.6,6.41,4.17,Moderate,10182,-0.49,112031,2.29,7.62,3.71,1.84,25.71,2026-08-31,2026-08-31
Tahlequah,OK,"Tahlequah, OK",Cherokee County,201089.93342903408,8.81,1074.4444444444443,5.39,12893.333333333332,0.534,15.6,6.41,4.17,Moderate,NA,NA,NA,NA,NA,NA,NA,NA,2026-08-31,2026-08-31
Maywood,IL,"Chicago-Naperville-Elgin, IL-IN-WI",Cook County,263666.5924399024,8.71,1409.4444444444443,12.9,16913.333333333332,0.535,15.6,6.41,4.17,Moderate,NA,NA,NA,NA,NA,NA,NA,NA,2026-08-31,2026-08-31
Middletown,PA,"Harrisburg-Carlisle, PA",Dauphin County,267166.070626026,5.17,1426.623015873016,3.88,17119.47619047619,0.534,15.6,6.41,4.17,Moderate,9748,2.15,293029,2.2,6.37,5.89,4.98,36.68,2026-08-31,2026-08-31
South Burlington,VT,"Burlington-South Burlington, VT",Chittenden County,483134.7497057815,-0.82,2585.222222222222,1.47,31022.666666666664,0.535,15.6,6.42,4.17,Moderate,21713,7.41,170851,1.44,4.59,4.84,1.57,36.44,2026-08-31,2026-08-31
Charlestown,IN,"Louisville/Jefferson County, KY-IN",Clark County,307237.15006068116,2.39,1641.6666666666667,NA,19700,0.534,15.6,6.41,4.17,Moderate,NA,NA,NA,NA,NA,NA,NA,NA,2026-08-31,2026-08-31
Fairless Hills,PA,"Philadelphia-Camden-Wilmington, PA-NJ-DE-MD",Bucks County,434919.8347018173,3.13,2322.5,NA,27870,0.534,15.6,6.41,4.17,Moderate,NA,NA,NA,NA,NA,NA,NA,NA,2026-08-31,2026-08-31
Calabash,NC,"Myrtle Beach-Conway-North Myrtle Beach, SC-NC",Brunswick County,351875.4961474735,1.85,1879.55,NA,22554.6,0.534,15.6,6.41,4.17,Moderate,NA,NA,NA,NA,NA,NA,NA,NA,2026-08-31,2026-08-31
Orange Park,FL,"Jacksonville, FL",Clay County,311430.94661786803,-0.9,1660.4414682539682,0.87,19925.29761904762,0.533,15.6,6.4,4.16,Moderate,8993,-1.06,236760,8.13,16.84,6.2,2.2,23.76,2026-08-31,2026-08-31
Beavercreek,OH,"Dayton-Kettering, OH",Greene County,335336.91200129484,1.82,1788.4301994301993,2.66,21461.16239316239,0.533,15.6,6.4,4.16,Moderate,48012,3,172347,2.51,11.6,6.18,4.42,32.42,2026-08-31,2026-08-31
Bartlett,IL,"Chicago-Naperville-Elgin, IL-IN-WI",DuPage County,443275.52285650186,4.05,2364.722222222222,NA,28376.666666666664,0.533,15.6,6.4,4.16,Moderate,NA,NA,NA,NA,NA,NA,NA,NA,2026-08-31,2026-08-31
Pittsford,NY,"Rochester, NY",Monroe County,521510.25117478706,5.39,2778.3333333333335,NA,33340,0.533,15.6,6.39,4.16,Moderate,1327,-2.78,752202,-0.73,1.18,6.27,5.62,36.48,2026-08-31,2026-08-31
Hastings,NE,"Hastings, NE",Adams County,206294.4433515071,2.06,1100.8333333333337,NA,13210.000000000004,0.534,15.6,6.4,4.16,Moderate,NA,NA,NA,NA,NA,NA,NA,NA,2026-08-31,2026-08-31
Yucca Valley,CA,"Riverside-San Bernardino-Ontario, CA",San Bernardino County,359294.73120326217,-0.51,1917.625,2.1,23011.5,0.534,15.6,6.4,4.16,Moderate,21858,0.42,2214281,1.41,1.68,9.55,3.22,38.46,2026-08-31,2026-08-31
Rosamond,CA,"Bakersfield, CA",Kern County,409334.6978731711,-0.53,2182.222222222222,NA,26186.666666666664,0.533,15.6,6.4,4.16,Moderate,NA,NA,922529,1.81,2.68,7.58,3.4,40.19,2026-08-31,2026-08-31
Sealy,TX,"Houston-The Woodlands-Sugar Land, TX",Austin County,386451.26331254846,-1.06,2061.111111111111,NA,24733.33333333333,0.533,15.6,6.4,4.16,Moderate,NA,NA,NA,NA,NA,NA,NA,NA,2026-08-31,2026-08-31
Somerdale,NJ,"Philadelphia-Camden-Wilmington, PA-NJ-DE-MD",Camden County,356100.53961777076,5.46,1897.5,NA,22770,0.533,15.6,6.39,4.16,Moderate,NA,NA,NA,NA,NA,NA,NA,NA,2026-08-31,2026-08-31
Whitsett,NC,"Greensboro-High Point, NC",Guilford County,321615.3681190961,1.33,1716.0674603174605,9.44,20592.809523809527,0.534,15.6,6.4,4.16,Moderate,604,2.72,558816,3.72,9.05,8.49,6.32,40.04,2026-08-31,2026-08-31
Meridianville,AL,"Huntsville, AL",Madison County,331383.7492833024,-0.72,1767.638888888889,2.95,21211.666666666668,0.533,15.6,6.4,4.16,Moderate,NA,NA,423355,8.41,20.5,7.01,5.85,31.22,2026-08-31,2026-08-31
Lake Dallas,TX,"Dallas-Fort Worth-Arlington, TX",Denton County,341869.8498002985,-0.74,1822.5,NA,21870,0.533,15.6,6.4,4.16,Moderate,NA,NA,NA,NA,NA,NA,NA,NA,2026-08-31,2026-08-31
Hialeah,FL,"Miami-Fort Lauderdale-Pompano Beach, FL",Miami-Dade County,442859.307774884,-0.27,2356.8286357971433,-0.64,28281.94362956572,0.532,15.7,6.39,4.15,Moderate,235388,5.83,2838461,5.29,19.88,11.11,5.36,47.81,2026-08-31,2026-08-31
Doral,FL,"Miami-Fort Lauderdale-Pompano Beach, FL",Miami-Dade County,543159.0088082419,-1.16,2893.3160907378183,0.21,34719.79308885382,0.533,15.6,6.39,4.15,Moderate,83625,9.73,2838461,5.29,19.88,11.11,5.36,47.81,2026-08-31,2026-08-31
Cartersville,GA,"Atlanta-Sandy Springs-Alpharetta, GA",Bartow County,324787.50456511293,0.96,1729.661649944259,0.91,20755.939799331107,0.533,15.6,6.39,4.15,Moderate,25082,8.03,117508,7.49,19.33,9.6,9.13,26.14,2026-08-31,2026-08-31
Hutchinson,KS,"Hutchinson, KS",Reno County,151216.34585459944,7.21,805.3301282051283,4.64,9663.961538461539,0.533,15.6,6.39,4.15,Moderate,39561,-1.11,61417,-0.77,3.73,10.47,7.39,30.79,2026-08-31,2026-08-31
Hutto,TX,"Austin-Round Rock-Georgetown, TX",Williamson County,329692.95753386384,-6.93,1752.5991759210294,1.82,21031.190111052354,0.532,15.7,6.38,4.15,Moderate,42661,51.89,727480,18.17,29.75,3.91,3.51,32.92,2026-08-31,2026-08-31
Ladson,SC,"Charleston-North Charleston, SC",Charleston County,313727.2575296701,-1.52,1671.1282323232324,2.07,20053.538787878788,0.533,15.6,6.39,4.15,Moderate,NA,NA,431001,5.13,9.27,14.93,11.6,36.51,2026-08-31,2026-08-31
North Canton,OH,"Canton-Massillon, OH",Stark County,291173.03868739074,3.25,1550.375,7.09,18604.5,0.532,15.7,6.39,4.15,Moderate,17677,-0.81,374091,-0.12,4.1,7.26,2.95,31.43,2026-08-31,2026-08-31
Boardman,OH,"Youngstown-Warren-Boardman, OH-PA",Mahoning County,203278.7761243911,5.05,1082.3333333333333,3.89,12988,0.532,15.7,6.39,4.15,Moderate,NA,NA,225786,-0.98,2.29,9.15,4.52,29.72,2026-08-31,2026-08-31
Richmond Hill,GA,"Savannah, GA",Bryan County,419999.46954404406,-1.64,2235.8151515151512,1.38,26829.781818181815,0.532,15.7,6.39,4.15,Moderate,19839,18.13,51105,13.46,19.49,8.68,9.55,24.37,2026-08-31,2026-08-31
Grandville,MI,"Grand Rapids-Kentwood, MI",Kent County,358851.0385714052,4.55,1907.5238095238096,1.06,22890.285714285717,0.532,15.7,6.38,4.15,Moderate,17094,6.44,673002,2.2,7.09,4.57,4.07,29.64,2026-08-31,2026-08-31
Watertown,CT,"Torrington, CT",Litchfield County,392409.1360882598,0.93,2089.1666666666665,NA,25070,0.532,15.7,6.39,4.15,Moderate,NA,NA,NA,NA,NA,NA,NA,NA,2026-08-31,2026-08-31
La Plata,MD,"Washington-Arlington-Alexandria, DC-VA-MD-WV",Charles County,479163.3477541965,-0.61,2547.3333333333335,NA,30568,0.532,15.7,6.38,4.15,Moderate,NA,NA,NA,NA,NA,NA,NA,NA,2026-08-31,2026-08-31
Vidalia,GA,"Vidalia, GA",Toombs County,186574.86757975255,1.86,993.75,NA,11925,0.533,15.6,6.39,4.15,Moderate,NA,NA,NA,NA,NA,NA,NA,NA,2026-08-31,2026-08-31
South Haven,MI,"Holland, MI",Van Buren County,378204.7779006739,3.47,2012.5,NA,24150,0.532,15.7,6.39,4.15,Moderate,NA,NA,NA,NA,NA,NA,NA,NA,2026-08-31,2026-08-31
Sarasota,FL,"North Port-Sarasota-Bradenton, FL",Sarasota County,409878.0408905292,-2.66,2175.019509476031,-0.23,26100.234113712373,0.531,15.7,6.37,4.14,Moderate,57764,4.65,476604,9.25,17.16,21.04,7.8,23.66,2026-08-31,2026-08-31
Erie,PA,"Erie, PA",Erie County,208110.67758029187,5.23,1103.299823633157,1.31,13239.597883597886,0.53,15.7,6.36,4.14,Moderate,92940,-2.04,267750,-1.1,0.32,8.26,7.34,31.66,2026-08-31,2026-08-31
Perris,CA,"Riverside-San Bernardino-Ontario, CA",Riverside County,543032.4787930807,0.92,2882.566666666667,5.61,34590.8,0.531,15.7,6.37,4.14,Moderate,83032,5.33,2529933,4.34,7.33,11.37,4.89,31.14,2026-08-31,2026-08-31
Waldorf,MD,"Washington-Arlington-Alexandria, DC-VA-MD-WV",Charles County,431874.6413102069,-1.66,2291.0959178993235,3.89,27493.15101479188,0.531,15.7,6.37,4.14,Moderate,NA,NA,174478,4.67,11.92,4.53,4.55,18.77,2026-08-31,2026-08-31
Maple Grove,MN,"Minneapolis-St. Paul-Bloomington, MN-WI",Hennepin County,424047.2951548777,1.49,2250.901600206478,4.58,27010.819202477738,0.531,15.7,6.37,4.14,Moderate,72739,3.47,1273334,-0.65,4.24,5.29,5.38,37.05,2026-08-31,2026-08-31
Statesboro,GA,"Statesboro, GA",Bulloch County,273572.98745488847,0.01,1451.8830065359475,1.85,17422.596078431372,0.531,15.7,6.37,4.14,Moderate,35226,5.27,85454,6.93,11.02,9.91,3.75,46.73,2026-08-31,2026-08-31
Ocoee,FL,"Orlando-Kissimmee-Sanford, FL",Orange County,412825.58095642785,-1.42,2189.15873015873,-0.1,26269.904761904763,0.53,15.7,6.36,4.14,Moderate,51269,7.94,1533646,7.12,16.48,11.72,10.93,42.64,2026-08-31,2026-08-31
Buffalo Grove,IL,"Chicago-Naperville-Elgin, IL-IN-WI",Lake County,447959.7065376651,5.82,2377.4555555555553,0.14,28529.466666666664,0.531,15.7,6.37,4.14,Moderate,43072,-0.05,718604,0.73,3.75,4.97,4.19,25.6,2026-08-31,2026-08-31
Englewood,FL,"North Port-Sarasota-Bradenton, FL",Sarasota County,322204.4430070788,-4.57,1709.7619047619048,2.37,20517.14285714286,0.531,15.7,6.37,4.14,Moderate,NA,NA,476604,9.25,17.16,21.04,7.8,23.66,2026-08-31,2026-08-31
Columbus,NE,"Columbus, NE",Platte County,271400.27864576987,2.24,1440.8333333333333,NA,17290,0.531,15.7,6.37,4.14,Moderate,25126,4.29,35499,3.52,7.44,5.71,3.61,27.5,2026-08-31,2026-08-31
Avon Lake,OH,"Cleveland-Elyria, OH",Lorain County,425826.01447660447,4.44,2259.3333333333335,NA,27112,0.531,15.7,6.37,4.14,Moderate,NA,NA,NA,NA,NA,NA,NA,NA,2026-08-31,2026-08-31
Sayreville,NJ,"New York-Newark-Jersey City, NY-NJ-PA",Middlesex County,535777.1166077411,3.31,2843.866666666667,NA,34126.4,0.531,15.7,6.37,4.14,Moderate,NA,NA,NA,NA,NA,NA,NA,NA,2026-08-31,2026-08-31
Andover,KS,"Wichita, KS",Butler County,331562.5045754931,2.85,1761.95,NA,21143.4,0.531,15.7,6.38,4.14,Moderate,17000,13.58,69158,2.63,8.47,7.91,4.95,21.79,2026-08-31,2026-08-31
Live Oak,TX,"San Antonio-New Braunfels, TX",Bexar County,242920.64871761735,-2.32,1290.2756613756612,-3.92,15483.307936507936,0.531,15.7,6.37,4.14,Moderate,16218,2.52,2127737,5.56,8.6,8.27,8.16,40.89,2026-08-31,2026-08-31
Granby,CT,"Hartford-East Hartford-Middletown, CT",Hartford County,496698.0956804373,6.24,2636.416666666667,NA,31637.000000000004,0.531,15.7,6.37,4.14,Moderate,NA,NA,NA,NA,NA,NA,NA,NA,2026-08-31,2026-08-31
Mission,KS,"Kansas City, MO-KS",Johnson County,333275.4551212816,4.55,1767.4666666666665,6.37,21209.6,0.53,15.7,6.36,4.14,Moderate,10013,0.68,632276,3.45,6.72,4.13,5,31.44,2026-08-31,2026-08-31
Huron,OH,"Sandusky, OH",Erie County,310557.36711118644,4.66,1650,NA,19800,0.531,15.7,6.38,4.14,Moderate,NA,NA,NA,NA,NA,NA,NA,NA,2026-08-31,2026-08-31
Penn Valley,CA,"Truckee-Grass Valley, CA",Nevada County,516766.05038701533,-0.03,2740,NA,32880,0.53,15.7,6.36,4.14,Moderate,NA,NA,NA,NA,NA,NA,NA,NA,2026-08-31,2026-08-31
Rio Rancho,NM,"Albuquerque, NM",Sandoval County,361320.4618397057,0.65,1914.75138839655,3.95,22977.0166607586,0.53,15.7,6.36,4.13,Moderate,112524,7.74,157757,5.66,12.6,6.72,7.59,16.39,2026-08-31,2026-08-31
Plant City,FL,"Tampa-St. Petersburg-Clearwater, FL",Hillsborough County,340390.6243573414,-1.19,1802.9458333333332,-0.64,21635.35,0.53,15.7,6.36,4.13,Moderate,43046,8.2,1581426,7.85,12.2,7.8,6.74,38.94,2026-08-31,2026-08-31
Cutler Bay,FL,"Miami-Fort Lauderdale-Pompano Beach, FL",Miami-Dade County,563462.6473767852,0.25,2980.1919191919187,3.7,35762.303030303025,0.529,15.8,6.35,4.13,Moderate,45833,1.36,2838461,5.29,19.88,11.11,5.36,47.81,2026-08-31,2026-08-31
Harvey,LA,"New Orleans-Metairie, LA",Jefferson Parish,234179.3930808847,8.9,1239.343891402715,2.61,14872.12669683258,0.529,15.7,6.35,4.13,Moderate,NA,NA,427253,-2.84,2.2,8.82,5.5,37.69,2026-08-31,2026-08-31
Winchester,KY,"Lexington-Fayette, KY",Clark County,253754.12762914164,5.19,1344.5833333333333,5.93,16135,0.53,15.7,6.36,4.13,Moderate,19413,1.23,37673,1.69,11.12,8.26,0.4,28.52,2026-08-31,2026-08-31
Mount Vernon,OH,"Mount Vernon, OH",Knox County,251332.82179999625,5.38,1331.8333333333333,NA,15982,0.53,15.7,6.36,4.13,Moderate,NA,NA,NA,NA,NA,NA,NA,NA,2026-08-31,2026-08-31
Jenison,MI,"Grand Rapids-Kentwood, MI",Ottawa County,367586.08084092726,3.27,1948,NA,23376,0.53,15.7,6.36,4.13,Moderate,NA,NA,NA,NA,NA,NA,NA,NA,2026-08-31,2026-08-31
Green Valley,AZ,"Tucson, AZ",Pima County,277256.6363562241,-2.78,1466.388888888889,NA,17596.666666666668,0.529,15.8,6.35,4.13,Moderate,NA,NA,1080149,3.34,11.47,9.34,5.65,35.19,2026-08-31,2026-08-31
Fruitland Park,FL,"Orlando-Kissimmee-Sanford, FL",Lake County,293849.4323323876,-1.16,1555.6666666666667,NA,18668,0.529,15.7,6.35,4.13,Moderate,NA,NA,NA,NA,NA,NA,NA,NA,2026-08-31,2026-08-31
Franklin,VA,"Virginia Beach-Norfolk-Newport News, VA-NC",Southampton County,250245.51834955683,1.61,1325,NA,15900,0.529,15.7,6.35,4.13,Moderate,NA,NA,NA,NA,NA,NA,NA,NA,2026-08-31,2026-08-31
Aspen,CO,"Glenwood Springs, CO",Pitkin County,3437645.5266369325,7.61,18211.111111111113,7.52,218533.33333333337,0.53,15.7,6.36,4.13,Moderate,6556,-6.24,16643,-4.16,-8.05,32.35,11.46,32.5,2026-08-31,2026-08-31
Lake Arbor,MD,"Washington-Arlington-Alexandria, DC-VA-MD-WV",Prince Georges County,415752.7868008655,-1.84,2201.1270600744288,3.42,26413.524720893147,0.529,15.7,6.35,4.13,Moderate,NA,NA,NA,NA,NA,NA,NA,NA,2026-08-31,2026-08-31
Greensboro,NC,"Greensboro-High Point, NC",Guilford County,263263.7892431988,0.04,1391.6853727305468,2.15,16700.22447276656,0.529,15.8,6.34,4.12,Moderate,307381,3.89,558816,3.72,9.05,8.49,6.32,40.04,2026-08-31,2026-08-31
Kyle,TX,"Austin-Round Rock-Georgetown, TX",Hays County,294393.38480952196,-6.52,1555.2627131099352,-3.29,18663.152557319223,0.528,15.8,6.34,4.12,Moderate,65833,41.78,292029,19.69,29.92,5.29,3.58,35.89,2026-08-31,2026-08-31
Adelanto,CA,"Riverside-San Bernardino-Ontario, CA",San Bernardino County,397567.37730498024,1.71,2102.0047619047623,6.72,25224.05714285715,0.529,15.8,6.34,4.12,Moderate,37941,-0.44,2214281,1.41,1.68,9.55,3.22,38.46,2026-08-31,2026-08-31
Torrington,CT,"Torrington, CT",Litchfield County,301660.1181224499,3.93,1592.9333333333334,7.05,19115.2,0.528,15.8,6.34,4.12,Moderate,35673,0.88,NA,NA,NA,NA,NA,NA,2026-08-31,2026-08-31
Wadsworth,OH,"Cleveland-Elyria, OH",Medina County,322402.1888274321,4.35,1704.022222222222,NA,20448.266666666663,0.529,15.8,6.34,4.12,Moderate,24753,2.84,184625,1.09,3.28,4.23,3.93,19.98,2026-08-31,2026-08-31
Siler City,NC,"Durham-Chapel Hill, NC",Chatham County,259002.5230436985,3.37,1366.6666666666663,NA,16399.999999999996,0.528,15.8,6.33,4.12,Moderate,NA,NA,NA,NA,NA,NA,NA,NA,2026-08-31,2026-08-31
Bethalto,IL,"St. Louis, MO-IL",Madison County,205270.29209648937,6.13,1083.3333333333333,NA,13000,0.528,15.8,6.33,4.12,Moderate,NA,NA,NA,NA,NA,NA,NA,NA,2026-08-31,2026-08-31
Bisbee,AZ,"Sierra Vista-Douglas, AZ",Cochise County,227359.3489371485,-1.11,1200,NA,14400,0.528,15.8,6.33,4.12,Moderate,NA,NA,NA,NA,NA,NA,NA,NA,2026-08-31,2026-08-31
Stephenson,VA,"Winchester, VA-WV",Frederick County,458996.8256769036,0.68,2425,NA,29100,0.528,15.8,6.34,4.12,Moderate,NA,NA,NA,NA,NA,NA,NA,NA,2026-08-31,2026-08-31
Hollywood,FL,"Miami-Fort Lauderdale-Pompano Beach, FL",Broward County,444267.8319073404,-2.3,2340.746243148522,1.26,28088.954917782263,0.527,15.8,6.32,4.11,Moderate,159073,4.09,2037472,4.84,14.84,13.18,6.08,36.74,2026-08-31,2026-08-31
Desert Hot Springs,CA,"Riverside-San Bernardino-Ontario, CA",Riverside County,376730.9067001278,-1.49,1984.8939393939393,1.46,23818.727272727272,0.527,15.8,6.32,4.11,Moderate,33917,4.19,2529933,4.34,7.33,11.37,4.89,31.14,2026-08-31,2026-08-31
Brunswick,OH,"Cleveland-Elyria, OH",Medina County,320872.5264878726,3.98,1688.8888888888887,5.99,20266.666666666664,0.526,15.8,6.32,4.11,Moderate,35166,-0.75,184625,1.09,3.28,4.23,3.93,19.98,2026-08-31,2026-08-31
Manor,TX,"Austin-Round Rock-Georgetown, TX",Travis County,311885.3580230287,-6.43,1641.7900432900433,-3.36,19701.48051948052,0.526,15.8,6.32,4.11,Moderate,21500,52.58,1363767,5.18,4.41,5.57,4.27,46.97,2026-08-31,2026-08-31
Odenton,MD,"Baltimore-Columbia-Towson, MD",Anne Arundel County,470622.5012127729,-0.14,2482.008888888889,4.35,29784.106666666667,0.527,15.8,6.33,4.11,Moderate,NA,NA,602350,1.51,0.69,4.79,5.5,25.04,2026-08-31,2026-08-31
Dumfries,VA,"Washington-Arlington-Alexandria, DC-VA-MD-WV",Prince William County,589237.1092948924,0.84,3105.805555555555,5.11,37269.666666666664,0.527,15.8,6.33,4.11,Moderate,5978,4.53,497003,2.93,3.17,3.52,5.04,25.62,2026-08-31,2026-08-31
Helena,AL,"Birmingham-Hoover, AL",Shelby County,364101.2369996018,2.47,1920,NA,23040,0.527,15.8,6.33,4.11,Moderate,22200,5.23,235969,5.38,7.09,5.94,5.41,18.74,2026-08-31,2026-08-31
Alcoa,TN,"Knoxville, TN",Blount County,321448.31926223356,2.01,1693.1333333333332,2.08,20317.6,0.527,15.8,6.32,4.11,Moderate,13588,23.64,142211,4.83,9.42,10.61,3.93,23.05,2026-08-31,2026-08-31
Waynesville,MO,"Fort Leonard Wood, MO",Pulaski County,251391.98783609504,3.57,1325.8333333333333,6.45,15910,0.527,15.8,6.33,4.11,Moderate,5493,1.2,53964,-0.14,-2.78,15.17,11.48,40.59,2026-08-31,2026-08-31
Kelseyville,CA,"Clearlake, CA",Lake County,352536.6724034176,-0.02,1856.25,NA,22275,0.527,15.8,6.32,4.11,Moderate,NA,NA,NA,NA,NA,NA,NA,NA,2026-08-31,2026-08-31
Fortville,IN,"Indianapolis-Carmel-Anderson, IN",Hancock County,315054.3929536304,2.04,1661.6666666666667,NA,19940,0.527,15.8,6.33,4.11,Moderate,NA,NA,NA,NA,NA,NA,NA,NA,2026-08-31,2026-08-31
Emerson,GA,"Atlanta-Sandy Springs-Alpharetta, GA",Bartow County,302729.41604694625,1.3,1593.8333333333333,NA,19126,0.526,15.8,6.32,4.11,Moderate,2192,51.7,117508,7.49,19.33,9.6,9.13,26.14,2026-08-31,2026-08-31
Evansville,IN,"Evansville, IN-KY",Vanderburgh County,204516.08422443664,4.27,1075.6943641154169,2.61,12908.332369385003,0.526,15.8,6.31,4.1,Moderate,115395,-1.69,180387,0.02,2.59,8.97,7.08,35.53,2026-08-31,2026-08-31
Suffolk,VA,"Virginia Beach-Norfolk-Newport News, VA-NC",Suffolk City,389532.9264808277,2.7,2049.056862745098,6.31,24588.682352941178,0.526,15.8,6.31,4.1,Moderate,103105,8.77,NA,NA,NA,NA,NA,NA,2026-08-31,2026-08-31
Chesterfield,MI,"Detroit-Warren-Dearborn, MI",Macomb County,327001.8193098366,2.79,1720.6666666666667,9.62,20648,0.526,15.8,6.31,4.1,Moderate,NA,NA,886175,0.67,8.17,4.12,3.23,25.04,2026-08-31,2026-08-31
Marana,AZ,"Tucson, AZ",Pima County,417075.5331813228,-1.44,2190.0601851851857,3.59,26280.722222222226,0.525,15.9,6.3,4.1,Moderate,62380,18.53,1080149,3.34,11.47,9.34,5.65,35.19,2026-08-31,2026-08-31
Salem,VA,"Roanoke, VA",Roanoke County,310395.3954729203,4.06,1630.638888888889,1.36,19567.666666666668,0.525,15.9,6.3,4.1,Moderate,25908,2.02,97334,0.39,6.02,7.15,5.92,23.74,2026-08-31,2026-08-31
Colonial Heights,VA,"Richmond, VA",Chesterfield County,298406.59134469304,1.26,1568.5777777777778,2.67,18822.933333333334,0.526,15.9,6.31,4.1,Moderate,18674,2.8,389793,6.69,10.05,3.91,4.88,22.7,2026-08-31,2026-08-31
Leesburg,GA,"Albany, GA",Lee County,266778.32032152615,1.83,1402.5555555555557,2.26,16830.666666666668,0.526,15.9,6.31,4.1,Moderate,3574,2.55,34073,2.57,3.87,7.01,3.77,26.45,2026-08-31,2026-08-31
Agawam,MA,"Springfield, MA",Hampden County,372698.47113144415,4.94,1960.5555555555557,NA,23526.666666666668,0.526,15.8,6.31,4.1,Moderate,NA,NA,NA,NA,NA,NA,NA,NA,2026-08-31,2026-08-31
Norwood,OH,"Cincinnati, OH-KY-IN",Hamilton County,248715.9389405014,-1.24,1306.2815126050418,3.13,15675.378151260502,0.525,15.9,6.3,4.1,Moderate,19455,2.31,837359,0.84,4.18,7.42,4.2,41.01,2026-08-31,2026-08-31
Walden,NY,"Poughkeepsie-Newburgh-Middletown, NY",Orange County,420739.4456517936,2.66,2209.5,NA,26514,0.525,15.9,6.3,4.1,Moderate,NA,NA,NA,NA,NA,NA,NA,NA,2026-08-31,2026-08-31
Pendleton,SC,"Greenville-Anderson, SC",Anderson County,280995.0741356138,0.15,1477.0833333333333,2.9,17725,0.526,15.9,6.31,4.1,Moderate,3697,5.72,217183,6.36,15.37,9.75,8.93,24.56,2026-08-31,2026-08-31
Holly Ridge,NC,"Jacksonville, NC",Onslow County,346485.1429780054,2.72,1823.3555555555556,6.53,21880.266666666666,0.526,15.8,6.31,4.1,Moderate,5766,35.89,212954,3.82,-2.31,15.6,7.82,39.04,2026-08-31,2026-08-31
Lancaster,CA,"Los Angeles-Long Beach-Anaheim, CA",Los Angeles County,461961.6461885708,-0.56,2419.7627457002454,0.53,29037.152948402945,0.524,15.9,6.29,4.09,Moderate,167426,-3.33,9757179,-2.4,0.03,6.45,4.01,53.92,2026-08-31,2026-08-31
Grand Prairie,TX,"Dallas-Fort Worth-Arlington, TX",Dallas County,314396.8185986033,-1.31,1646.683593177264,0.58,19760.203118127167,0.524,15.9,6.29,4.09,Moderate,207331,5.67,2656028,1.73,0.15,7.76,8.95,49.22,2026-08-31,2026-08-31
Myrtle Beach,SC,"Myrtle Beach-Conway-North Myrtle Beach, SC-NC",Horry County,323058.01855942403,0.33,1692.6509180287576,0.8,20311.81101634509,0.524,15.9,6.29,4.09,Moderate,40535,12.68,413391,16.85,39.46,28.98,22.81,24.16,2026-08-31,2026-08-31
Maricopa,AZ,"Phoenix-Mesa-Chandler, AZ",Maricopa County,341392.28724679677,-3.44,1790.435465768799,1.09,21485.22558922559,0.524,15.9,6.29,4.09,Moderate,76654,30.24,4673096,5.12,9.38,8.29,5.4,34.99,2026-08-31,2026-08-31
Stillwater,OK,"Stillwater, OK",Payne County,269265.90488960285,4.75,1410.343137254902,7.63,16924.117647058825,0.524,15.9,6.29,4.09,Moderate,50138,3.61,84199,3.12,3.69,12.36,8.97,49.09,2026-08-31,2026-08-31
Elizabeth City,NC,"Elizabeth City, NC",Pasquotank County,267651.6461472608,1.22,1402.0541125541124,0.3,16824.64935064935,0.524,15.9,6.29,4.09,Moderate,19028,2.06,41418,2.85,8.02,12.36,6.23,34.92,2026-08-31,2026-08-31
Bangor,ME,"Bangor, ME",Penobscot County,288460.62171955843,1.1,1511.2489265120846,4.56,18134.987118145014,0.524,15.9,6.29,4.09,Moderate,32446,2.29,156840,3.06,7.33,14.11,6.32,29.72,2026-08-31,2026-08-31
Jenks,OK,"Tulsa, OK",Tulsa County,355102.8967923922,3.1,1859.8416666666665,2.88,22318.1,0.524,15.9,6.28,4.09,Moderate,27869,6.88,693514,3.4,7.29,9.07,6.06,40.26,2026-08-31,2026-08-31
North Pole,AK,"Fairbanks, AK",Fairbanks North Star Borough,332638.2908762947,4.83,1743.1547619047622,7.45,20917.857142857145,0.524,15.9,6.29,4.09,Moderate,2505,11.73,94951,-0.42,-15.76,15.27,8.95,38.31,2026-08-31,2026-08-31
Hedgesville,WV,"Hagerstown-Martinsburg, MD-WV",Berkeley County,339011.6218026283,4.36,1776.6666666666667,NA,21320,0.524,15.9,6.29,4.09,Moderate,NA,NA,NA,NA,NA,NA,NA,NA,2026-08-31,2026-08-31
Claymont,DE,"Philadelphia-Camden-Wilmington, PA-NJ-DE-MD",New Castle County,325878.66936350573,1.64,1709.861111111111,4.13,20518.333333333332,0.525,15.9,6.3,4.09,Moderate,NA,NA,588093,3,8.7,5.15,4.98,31.49,2026-08-31,2026-08-31
Swannanoa,NC,"Asheville, NC",Buncombe County,353811.9100774255,-4.91,1854.7222222222224,NA,22256.666666666668,0.524,15.9,6.29,4.09,Moderate,NA,NA,NA,NA,NA,NA,NA,NA,2026-08-31,2026-08-31
Milton,WI,"Janesville-Beloit, WI",Rock County,361546.1387599613,6.92,1895,NA,22740,0.524,15.9,6.29,4.09,Moderate,NA,NA,NA,NA,NA,NA,NA,NA,2026-08-31,2026-08-31
Veneta,OR,"Eugene-Springfield, OR",Lane County,438508.13767482195,0.69,2300,NA,27600,0.525,15.9,6.29,4.09,Moderate,NA,NA,NA,NA,NA,NA,NA,NA,2026-08-31,2026-08-31
Marietta,PA,"Lancaster, PA",Lancaster County,315579.683325808,4.86,1654.8333333333333,NA,19858,0.524,15.9,6.29,4.09,Moderate,NA,NA,NA,NA,NA,NA,NA,NA,2026-08-31,2026-08-31
North Chili,NY,"Rochester, NY",Monroe County,333458.45534115535,5.22,1748.3333333333333,NA,20980,0.524,15.9,6.29,4.09,Moderate,NA,NA,NA,NA,NA,NA,NA,NA,2026-08-31,2026-08-31
Victorville,CA,"Riverside-San Bernardino-Ontario, CA",San Bernardino County,434932.16380824824,0.73,2274.7366434378628,4.72,27296.839721254353,0.523,15.9,6.28,4.08,Moderate,140721,4.45,2214281,1.41,1.68,9.55,3.22,38.46,2026-08-31,2026-08-31
Dekalb,IL,"Chicago-Naperville-Elgin, IL-IN-WI",DeKalb County,263449.2804133634,4.12,1379.4642857142856,7.96,16553.571428571428,0.524,15.9,6.28,4.08,Moderate,NA,NA,101335,0.96,4.64,5.27,2.95,39.14,2026-08-31,2026-08-31
Merritt Island,FL,"Palm Bay-Melbourne-Titusville, FL",Brevard County,430608.9976441377,0.5,2252.91181041181,3.52,27034.941724941724,0.523,15.9,6.28,4.08,Moderate,NA,NA,658447,8.16,22.48,14.46,11.39,23.08,2026-08-31,2026-08-31
Halethorpe,MD,"Baltimore-Columbia-Towson, MD",Baltimore County,309944.31901530246,0.79,1622.7787037037035,0.72,19473.344444444443,0.524,15.9,6.28,4.08,Moderate,NA,NA,852425,-0.11,3.96,5.75,5.61,33.67,2026-08-31,2026-08-31
Marion,NC,"Marion, NC",McDowell County,239213.16249553955,-2.79,1251.111111111111,NA,15013.333333333332,0.523,15.9,6.28,4.08,Moderate,NA,NA,NA,NA,NA,NA,NA,NA,2026-08-31,2026-08-31
Cantonment,FL,"Pensacola-Ferry Pass-Brent, FL",Escambia County,326265.37303671596,0.83,1705.25,5.22,20463,0.523,15.9,6.27,4.08,Moderate,NA,NA,331275,2.69,10.82,13.13,5.08,36,2026-08-31,2026-08-31
Oakdale,MN,"Minneapolis-St. Paul-Bloomington, MN-WI",Washington County,357983.8141159294,3.72,1870.7301587301588,3.8,22448.761904761905,0.523,15.9,6.27,4.08,Moderate,30441,7.68,283960,5.8,13.75,3.39,4.74,18.85,2026-08-31,2026-08-31
Clarkston,GA,"Atlanta-Sandy Springs-Alpharetta, GA",Dekalb County,264277.66263743764,-2.85,1381.2444444444443,2.1,16574.93333333333,0.523,15.9,6.27,4.08,Moderate,14416,-2.15,NA,NA,NA,NA,NA,NA,2026-08-31,2026-08-31
Newton,NC,"Hickory-Lenoir-Morganton, NC",Catawba County,259410.2061160165,1.32,1357.5,NA,16290,0.523,15.9,6.28,4.08,Moderate,NA,NA,NA,NA,NA,NA,NA,NA,2026-08-31,2026-08-31
Juneau,AK,"Juneau, AK",Juneau Borough,476877.4361616126,4.77,2492.1111111111113,NA,29905.333333333336,0.523,15.9,6.27,4.08,Moderate,NA,NA,NA,NA,NA,NA,NA,NA,2026-08-31,2026-08-31
Saint Marys,GA,"St. Marys, GA",Camden County,310439.7376640186,-0.19,1624.1666666666667,3.66,19490,0.523,15.9,6.28,4.08,Moderate,NA,NA,59099,7.59,13.86,9.35,6.6,36.22,2026-08-31,2026-08-31
Oldsmar,FL,"Tampa-St. Petersburg-Clearwater, FL",Pinellas County,365427.1359334421,-3.07,1913.1190476190477,-0.32,22957.428571428572,0.524,15.9,6.28,4.08,Moderate,14831,-0.6,965870,0.63,3.8,18.32,8.78,30.56,2026-08-31,2026-08-31
Woodbridge,NJ,"New York-Newark-Jersey City, NY-NJ-PA",Middlesex County,485518.9020733569,2.48,2539.0185185185182,4.94,30468.22222222222,0.523,15.9,6.28,4.08,Moderate,NA,NA,890119,3.33,12.92,3.48,2.61,36.53,2026-08-31,2026-08-31
Stillwater,MN,"Minneapolis-St. Paul-Bloomington, MN-WI",Washington County,454750.939313744,3.9,2376.6666666666665,NA,28520,0.523,15.9,6.27,4.08,Moderate,19386,-0.09,283960,5.8,13.75,3.39,4.74,18.85,2026-08-31,2026-08-31
Aurora,OH,"Akron, OH",Portage County,442238.2840230011,2.52,2316,NA,27792,0.524,15.9,6.28,4.08,Moderate,NA,NA,NA,NA,NA,NA,NA,NA,2026-08-31,2026-08-31
Stafford,TX,"Houston-The Woodlands-Sugar Land, TX",Fort Bend County,299331.5137563361,0.41,1565.4582363315697,0.52,18785.498835978837,0.523,15.9,6.28,4.08,Moderate,17555,-0.4,958434,15.57,27.37,4.23,6.33,22.52,2026-08-31,2026-08-31
Edgewater,NJ,"New York-Newark-Jersey City, NY-NJ-PA",Bergen County,710774.1202856189,5.09,3716.952380952381,4.95,44603.42857142857,0.523,15.9,6.28,4.08,Moderate,15116,4.32,978641,2.61,10.38,4.13,3.53,34.64,2026-08-31,2026-08-31
Midland,NC,"Charlotte-Concord-Gastonia, NC-SC",Cabarrus County,426707.33109865943,1.7,2232.1666666666665,NA,26786,0.523,15.9,6.28,4.08,Moderate,5027,7.37,244925,7.78,14.7,12.01,9.95,27.87,2026-08-31,2026-08-31
Hanford,CA,"Hanford-Corcoran, CA",Kings County,383336.1570361268,2.74,2002.6650793650797,4.21,24031.980952380956,0.522,16,6.27,4.07,Moderate,60594,2.45,154913,1.38,4.25,6.34,2.45,45.18,2026-08-31,2026-08-31
Norristown,PA,"Philadelphia-Camden-Wilmington, PA-NJ-DE-MD",Montgomery County,335906.85928899114,2.34,1751.8963063063063,4.39,21022.755675675675,0.522,16,6.26,4.07,Moderate,36075,0.95,879190,2.6,7.92,4.35,5.68,28.27,2026-08-31,2026-08-31
Crossville,TN,"Crossville, TN",Cumberland County,308253.09271363437,0.75,1610.4166666666667,NA,19325,0.522,16,6.27,4.07,Moderate,NA,NA,NA,NA,NA,NA,NA,NA,2026-08-31,2026-08-31
Normal,IL,"Bloomington, IL",McLean County,267616.485613385,-0.18,1397.394570707071,2.29,16768.73484848485,0.522,16,6.27,4.07,Moderate,53304,0.53,172069,0.49,1.98,8.05,6.82,34.78,2026-08-31,2026-08-31
Brighton,MI,"Detroit-Warren-Dearborn, MI",Livingston County,444510.8594400445,2.18,2319.1666666666665,NA,27830,0.522,16,6.26,4.07,Moderate,NA,NA,NA,NA,NA,NA,NA,NA,2026-08-31,2026-08-31
Cleburne,TX,"Dallas-Fort Worth-Arlington, TX",Johnson County,269985.72338600876,-2.82,1409.7435897435898,8.14,16916.923076923078,0.522,16,6.27,4.07,Moderate,38131,21.2,210547,16.36,31.86,7.46,7.08,25.53,2026-08-31,2026-08-31
Shelby,NC,"Shelby, NC",Cleveland County,212840.14929609463,0.06,1110.984126984127,1.4,13331.809523809523,0.522,16,6.26,4.07,Moderate,22778,3.76,102194,2.25,9.82,15.41,5.45,29.35,2026-08-31,2026-08-31
Nixa,MO,"Springfield, MO",Christian County,324066.7287538888,2.44,1689.0261904761908,3.73,20268.31428571429,0.521,16,6.25,4.07,Moderate,26352,12.38,96045,7.56,14.74,4.77,1.67,24.01,2026-08-31,2026-08-31
Wetumpka,AL,"Montgomery, AL",Elmore County,280613.18543598946,4.49,1465.8333333333333,NA,17590,0.522,16,6.27,4.07,Moderate,NA,NA,NA,NA,NA,NA,NA,NA,2026-08-31,2026-08-31
North Royalton,OH,"Cleveland-Elyria, OH",Cuyahoga County,340724.28888155567,2.73,1777.4,NA,21328.800000000003,0.522,16,6.26,4.07,Moderate,NA,NA,NA,NA,NA,NA,NA,NA,2026-08-31,2026-08-31
Murray,KY,"Murray, KY",Calloway County,208637.68842514575,-1.41,1087.604761904762,4.17,13051.257142857143,0.521,16,6.26,4.07,Moderate,18567,4.43,38975,3.65,13.6,16.35,6.41,36.31,2026-08-31,2026-08-31
Westbrook,ME,"Portland-South Portland, ME",Cumberland County,458319.54089335026,1.38,2390.035401002506,NA,28680.424812030076,0.521,16,6.26,4.07,Moderate,21386,4.65,313809,3.36,8.17,14.2,3.63,29.63,2026-08-31,2026-08-31
Benson,NC,"Raleigh-Cary, NC",Johnston County,316858.7112979169,1.08,1651.4444444444443,NA,19817.333333333332,0.521,16,6.25,4.07,Moderate,NA,NA,NA,NA,NA,NA,NA,NA,2026-08-31,2026-08-31
North Bend,OR,"Coos Bay, OR",Coos County,359472.12501765153,-1.98,1875,NA,22500,0.522,16,6.26,4.07,Moderate,NA,NA,NA,NA,NA,NA,NA,NA,2026-08-31,2026-08-31
Clinton,CT,"Hartford-East Hartford-Middletown, CT",Middlesex County,472247.07887336775,5.9,2466.6666666666665,NA,29600,0.522,16,6.27,4.07,Moderate,NA,NA,NA,NA,NA,NA,NA,NA,2026-08-31,2026-08-31
Cocoa Beach,FL,"Palm Bay-Melbourne-Titusville, FL",Brevard County,454087.8314986653,-0.14,2366.8539562289566,6.74,28402.247474747477,0.521,16,6.25,4.07,Moderate,11386,0.33,658447,8.16,22.48,14.46,11.39,23.08,2026-08-31,2026-08-31
Saint Francis,WI,"Milwaukee-Waukesha, WI",Milwaukee County,286510.8338978957,-0.4,1493.9555555555555,4.55,17927.466666666667,0.521,16,6.26,4.07,Moderate,NA,NA,924740,-1.48,0.57,8.21,6.16,50.2,2026-08-31,2026-08-31
Dallas,TX,"Dallas-Fort Worth-Arlington, TX",Dallas County,305764.5463727448,-1.66,1591.1974387329074,0.63,19094.36926479489,0.52,16,6.24,4.06,Moderate,1326087,1.74,2656028,1.73,0.15,7.76,8.95,49.22,2026-08-31,2026-08-31
Tyler,TX,"Tyler, TX",Smith County,252481.4044218784,-0.3,1313.7734834834837,1.56,15765.281801801804,0.52,16,6.24,4.06,Moderate,112219,5.6,249091,6.36,10,17.21,17.96,30.69,2026-08-31,2026-08-31
Bethlehem,PA,"Allentown-Bethlehem-Easton, PA-NJ",Northampton County,361684.3710945123,4.06,1883.5920170170168,1.74,22603.104204204203,0.521,16,6.25,4.06,Moderate,79453,4.95,322989,3.25,8.06,5.53,2.64,28.88,2026-08-31,2026-08-31
New Britain,CT,"Hartford-East Hartford-Middletown, CT",Hartford County,312170.4179123226,8.01,1623.3174951267056,5.15,19479.809941520467,0.52,16,6.24,4.06,Moderate,75871,4.01,NA,NA,NA,NA,NA,NA,2026-08-31,2026-08-31
Grand Island,NE,"Grand Island, NE",Hall County,253837.5683407084,-0.25,1321.6515151515152,-0.88,15859.818181818184,0.521,16,6.25,4.06,Moderate,53250,0.42,62869,0.15,-2.82,3.83,1.82,36.76,2026-08-31,2026-08-31
Apple Valley,MN,"Minneapolis-St. Paul-Bloomington, MN-WI",Dakota County,376084.8799626699,1.52,1955.551656920078,-0.38,23466.619883040934,0.52,16,6.24,4.06,Moderate,55272,-1.78,453156,2.89,6.72,2.73,3.92,24.65,2026-08-31,2026-08-31
Beaumont,CA,"Riverside-San Bernardino-Ontario, CA",Riverside County,534963.1900245667,0.51,2781.6666666666665,5.53,33380,0.52,16,6.24,4.06,Moderate,59502,11.61,2529933,4.34,7.33,11.37,4.89,31.14,2026-08-31,2026-08-31
East Hartford,CT,"Hartford-East Hartford-Middletown, CT",Hartford County,310951.0954566479,5.15,1618.8174603174602,6.64,19425.809523809523,0.521,16,6.25,4.06,Moderate,NA,NA,NA,NA,NA,NA,NA,NA,2026-08-31,2026-08-31
Estero,FL,"Cape Coral-Fort Myers, FL",Lee County,485717.3319894748,-3.46,2528.799019607843,1.16,30345.58823529412,0.521,16,6.25,4.06,Moderate,38443,3.75,860959,12.46,20.97,25.72,10.08,26.02,2026-08-31,2026-08-31
Olivehurst,CA,"Yuba City, CA",Yuba County,449905.1032648194,-1.35,2341.6666666666665,NA,28100,0.52,16,6.25,4.06,Moderate,NA,NA,87469,6.67,15.14,6.73,3.31,36.68,2026-08-31,2026-08-31
Clinton,UT,"Ogden-Clearfield, UT",Davis County,493381.0075928741,1.74,2567.3333333333335,6.5,30808,0.52,16,6.24,4.06,Moderate,23728,1.13,378470,4.04,4.18,3.29,3.85,22.6,2026-08-31,2026-08-31
Cohoes,NY,"Albany-Schenectady-Troy, NY",Albany County,342287.4065677926,2.32,1781.8984126984126,6.08,21382.780952380952,0.521,16,6.25,4.06,Moderate,18530,2.34,319964,1.89,6.58,9.68,4.33,43.28,2026-08-31,2026-08-31
West Melbourne,FL,"Palm Bay-Melbourne-Titusville, FL",Brevard County,371233.93201777217,-1.18,1932.7848484848485,2.33,23193.418181818182,0.521,16,6.25,4.06,Moderate,31378,18.06,658447,8.16,22.48,14.46,11.39,23.08,2026-08-31,2026-08-31
Maple Shade Township,NJ,"Philadelphia-Camden-Wilmington, PA-NJ-DE-MD",Burlington County,336681.7495139563,1.19,1750.9277777777777,3.18,21011.13333333333,0.52,16,6.24,4.06,Moderate,NA,NA,NA,NA,NA,NA,NA,NA,2026-08-31,2026-08-31
Melbourne Beach,FL,"Palm Bay-Melbourne-Titusville, FL",Brevard County,616582.9719727427,0.02,3205.555555555556,NA,38466.66666666667,0.52,16,6.24,4.06,Moderate,3273,1.3,658447,8.16,22.48,14.46,11.39,23.08,2026-08-31,2026-08-31
Pinehurst,TX,"Houston-The Woodlands-Sugar Land, TX",Montgomery County,398293.9977717653,-1.48,2072.5,NA,24870,0.52,16,6.24,4.06,Moderate,NA,NA,NA,NA,NA,NA,NA,NA,2026-08-31,2026-08-31
Acworth,GA,"Atlanta-Sandy Springs-Alpharetta, GA",Cobb County,406859.8141574644,-2.01,2114.879061138198,1.18,25378.548733658376,0.52,16,6.24,4.05,Moderate,22624,0.87,787538,2.76,2.77,5.82,5.06,33.01,2026-08-31,2026-08-31
Hickory,NC,"Hickory-Lenoir-Morganton, NC",Catawba County,294937.9694430498,1.63,1531.2071611253195,3.6,18374.485933503835,0.519,16.1,6.23,4.05,Moderate,45081,3.19,167054,3.83,14.62,9.48,5.52,27.28,2026-08-31,2026-08-31
Fayetteville,GA,"Atlanta-Sandy Springs-Alpharetta, GA",Fayette County,433698.611585731,-0.31,2252.0515250544663,2.23,27024.618300653594,0.519,16,6.23,4.05,Moderate,20419,7.38,125107,4.68,12.06,4.85,5.93,19.01,2026-08-31,2026-08-31
Elkton,MD,"Philadelphia-Camden-Wilmington, PA-NJ-DE-MD",Cecil County,372329.3022801873,1.62,1934.9021978021976,1.75,23218.826373626373,0.52,16,6.24,4.05,Moderate,15977,0.98,106305,2.41,6.42,9.03,6.6,24.69,2026-08-31,2026-08-31
Azle,TX,"Dallas-Fort Worth-Arlington, TX",Parker County,333808.2726051232,-0.3,1731.939393939394,-1.98,20783.272727272728,0.519,16.1,6.23,4.05,Moderate,15046,12.02,179707,20.16,32.26,7.74,10.08,17.92,2026-08-31,2026-08-31
Ponca City,OK,"Ponca City, OK",Kay County,138579.70269828464,6.25,719.5833333333334,NA,8635,0.519,16,6.23,4.05,Moderate,NA,NA,NA,NA,NA,NA,NA,NA,2026-08-31,2026-08-31
Wethersfield,CT,"Hartford-East Hartford-Middletown, CT",Hartford County,438230.0566180269,10.13,2276.125,NA,27313.5,0.519,16,6.23,4.05,Moderate,NA,NA,NA,NA,NA,NA,NA,NA,2026-08-31,2026-08-31
Republic,MO,"Springfield, MO",Greene County,270014.1050247474,2.57,1401.1666666666667,0.04,16814,0.519,16.1,6.23,4.05,Moderate,21392,13.17,307942,2.88,8.4,4.51,2.53,43.14,2026-08-31,2026-08-31
Maryland Heights,MO,"St. Louis, MO-IL",Saint Louis County,264492.5952732612,4.58,1372.27969348659,2.65,16467.35632183908,0.519,16.1,6.23,4.05,Moderate,27671,-2.07,NA,NA,NA,NA,NA,NA,2026-08-31,2026-08-31
Shafter,CA,"Bakersfield, CA",Kern County,386543.3972450618,0.19,2007.5,NA,24090,0.519,16,6.23,4.05,Moderate,NA,NA,NA,NA,NA,NA,NA,NA,2026-08-31,2026-08-31
Itasca,IL,"Chicago-Naperville-Elgin, IL-IN-WI",DuPage County,450595.3723365579,4.54,2338.444444444445,3.09,28061.333333333336,0.519,16.1,6.23,4.05,Moderate,9506,-0.37,937142,0.6,5.3,4.53,5.6,26.87,2026-08-31,2026-08-31
Chatham,IL,"Springfield, IL",Sangamon County,308949.65878501,6.85,1604.1666666666667,NA,19250,0.519,16,6.23,4.05,Moderate,NA,NA,NA,NA,NA,NA,NA,NA,2026-08-31,2026-08-31
Willow Street,PA,"Lancaster, PA",Lancaster County,378393.7360214931,4.43,1966.388888888889,NA,23596.666666666668,0.52,16,6.24,4.05,Moderate,NA,NA,NA,NA,NA,NA,NA,NA,2026-08-31,2026-08-31
Goldsby,OK,"Oklahoma City, OK",McClain County,423055.0315681302,1.21,2195,NA,26340,0.519,16.1,6.23,4.05,Moderate,NA,NA,NA,NA,NA,NA,NA,NA,2026-08-31,2026-08-31
Miami,FL,"Miami-Fort Lauderdale-Pompano Beach, FL",Miami-Dade County,580865.5673253984,0.76,3007.5024371661984,0.81,36090.02924599438,0.518,16.1,6.21,4.04,Moderate,487014,9.98,2838461,5.29,19.88,11.11,5.36,47.81,2026-08-31,2026-08-31
Tampa,FL,"Tampa-St. Petersburg-Clearwater, FL",Hillsborough County,377566.4302676057,-0.35,1956.6055089581753,-0.78,23479.266107498104,0.518,16.1,6.22,4.04,Moderate,414547,6.69,1581426,7.85,12.2,7.8,6.74,38.94,2026-08-31,2026-08-31
San Tan Valley,AZ,"Phoenix-Mesa-Chandler, AZ",Pinal County,392484.5328545901,-2.56,2035.3281531531532,1.98,24423.93783783784,0.519,16.1,6.22,4.04,Moderate,NA,NA,513862,19.44,51.32,12.6,6.32,19.48,2026-08-31,2026-08-31
Winchester,CA,"Riverside-San Bernardino-Ontario, CA",Riverside County,653408.4070107011,-0.72,3383.8968253968255,1.69,40606.76190476191,0.518,16.1,6.21,4.04,Moderate,NA,NA,2529933,4.34,7.33,11.37,4.89,31.14,2026-08-31,2026-08-31
Dayton,TX,"Houston-The Woodlands-Sugar Land, TX",Liberty County,308208.6195206192,-0.98,1596.8888888888887,NA,19162.666666666664,0.518,16.1,6.22,4.04,Moderate,9752,15.33,115042,24.36,46.81,13.68,4.23,19.22,2026-08-31,2026-08-31
O Fallon,IL,"St. Louis, MO-IL",Saint Clair County,315806.77579519694,2.54,1636.7628205128203,6.66,19641.153846153844,0.518,16.1,6.22,4.04,Moderate,NA,NA,NA,NA,NA,NA,NA,NA,2026-08-31,2026-08-31
Cheshire,CT,"New Haven-Milford, CT",New Haven County,538912.5332134343,4.46,2793.75,NA,33525,0.518,16.1,6.22,4.04,Moderate,NA,NA,NA,NA,NA,NA,NA,NA,2026-08-31,2026-08-31
Branford,CT,"New Haven-Milford, CT",New Haven County,468924.2162296416,6.88,2427.6305555555555,4.12,29131.566666666666,0.518,16.1,6.21,4.04,Moderate,NA,NA,NA,NA,NA,NA,NA,NA,2026-08-31,2026-08-31
Elk River,MN,"Minneapolis-St. Paul-Bloomington, MN-WI",Sherburne County,399244.3714546112,2.03,2069.3777777777777,NA,24832.533333333333,0.518,16.1,6.22,4.04,Moderate,27606,6.42,103059,5.61,1.93,4.46,3.96,15.75,2026-08-31,2026-08-31
Morton Grove,IL,"Chicago-Naperville-Elgin, IL-IN-WI",Cook County,454351.3220553212,8.84,2355.222222222222,9.47,28262.666666666664,0.518,16.1,6.22,4.04,Moderate,24467,-2.94,5182617,-1.6,5.9,8.18,4.67,42.49,2026-08-31,2026-08-31
The Crossings,FL,"Miami-Fort Lauderdale-Pompano Beach, FL",Miami-Dade County,500822.8021349444,-0.85,2591.964285714286,0.78,31103.571428571428,0.518,16.1,6.21,4.04,Moderate,NA,NA,2838461,5.29,19.88,11.11,5.36,47.81,2026-08-31,2026-08-31
Prospect Heights,IL,"Chicago-Naperville-Elgin, IL-IN-WI",Cook County,333406.01473289076,7.21,1727.3333333333333,NA,20728,0.518,16.1,6.22,4.04,Moderate,NA,NA,NA,NA,NA,NA,NA,NA,2026-08-31,2026-08-31
Seabrook,TX,"Houston-The Woodlands-Sugar Land, TX",Chambers County,349899.46840159356,1.32,1813.5940476190472,0.96,21763.128571428566,0.518,16.1,6.22,4.04,Moderate,13976,2.87,56179,19.52,29.71,8.74,9.04,17.56,2026-08-31,2026-08-31
Jamestown,ND,"Jamestown, ND",Stutsman County,212120.5790364353,5.24,1098.25,5.98,13179,0.518,16.1,6.21,4.04,Moderate,15789,-0.19,21546,-0.04,1.62,10.6,10.94,36.36,2026-08-31,2026-08-31
Pitman,NJ,"Philadelphia-Camden-Wilmington, PA-NJ-DE-MD",Gloucester County,368122.83836313785,4.52,1907.0555555555552,NA,22884.666666666664,0.518,16.1,6.22,4.04,Moderate,NA,NA,NA,NA,NA,NA,NA,NA,2026-08-31,2026-08-31
Indian Harbour Beach,FL,"Palm Bay-Melbourne-Titusville, FL",Brevard County,454286.431481478,0.9,2355.444444444445,4.18,28265.333333333336,0.518,16.1,6.22,4.04,Moderate,9006,-0.12,658447,8.16,22.48,14.46,11.39,23.08,2026-08-31,2026-08-31
Bellwood,VA,"Richmond, VA",Chesterfield County,325807.10899710626,3.41,1686.6666666666667,NA,20240,0.518,16.1,6.21,4.04,Moderate,NA,NA,389793,6.69,10.05,3.91,4.88,22.7,2026-08-31,2026-08-31
Belville,NC,"Myrtle Beach-Conway-North Myrtle Beach, SC-NC",Brunswick County,332275.21170395875,-0.96,1722.7261904761906,NA,20672.714285714286,0.518,16.1,6.22,4.04,Moderate,3255,36.65,167112,20.95,48.26,31.43,24.54,16.16,2026-08-31,2026-08-31
Norman,OK,"Oklahoma City, OK",Cleveland County,263046.31152626325,0.88,1357.4100431028144,2.16,16288.920517233772,0.516,16.1,6.19,4.03,Moderate,131010,2.21,303952,2.6,5.34,6.41,5.83,35.92,2026-08-31,2026-08-31
Danbury,CT,"Bridgeport-Stamford-Norwalk, CT",Fairfield County,492945.7087503415,4.39,2545.726455026455,1.91,30548.717460317457,0.516,16.1,6.2,4.03,Moderate,88692,3.02,NA,NA,NA,NA,NA,NA,2026-08-31,2026-08-31
Warwick,RI,"Providence-Warwick, RI-MA",Kent County,422122.3802346731,4.37,2181.9583333333335,3.4,26183.5,0.517,16.1,6.2,4.03,Moderate,83554,0.84,172450,1.19,6.54,4.69,3.57,27.85,2026-08-31,2026-08-31
Port Orange,FL,"Deltona-Daytona Beach-Ormond Beach, FL",Volusia County,337510.42660125584,-2.39,1745.1141244376538,0.3,20941.369493251845,0.517,16.1,6.2,4.03,Moderate,66556,6.09,602772,8.46,21.72,14.56,6.51,27.2,2026-08-31,2026-08-31
Nottingham,MD,"Baltimore-Columbia-Towson, MD",Baltimore County,338895.49684551853,0.46,1752.8085990338166,0.07,21033.703188405798,0.517,16.1,6.21,4.03,Moderate,NA,NA,852425,-0.11,3.96,5.75,5.61,33.67,2026-08-31,2026-08-31
Addison,IL,"Chicago-Naperville-Elgin, IL-IN-WI",DuPage County,381354.2879605096,3.78,1972.388888888889,NA,23668.666666666668,0.517,16.1,6.21,4.03,Moderate,35728,0.27,937142,0.6,5.3,4.53,5.6,26.87,2026-08-31,2026-08-31
Kearney,NE,"Kearney, NE",Buffalo County,318222.33244071284,6.21,1642.7151515151515,6.22,19712.581818181818,0.516,16.1,6.19,4.03,Moderate,34741,2.54,51156,1.9,5.22,7.17,4.22,34.84,2026-08-31,2026-08-31
Marysville,CA,"Yuba City, CA",Yuba County,393639.66397986904,-0.89,2034.7785714285712,0.56,24417.342857142856,0.517,16.1,6.2,4.03,Moderate,12714,-1.07,87469,6.67,15.14,6.73,3.31,36.68,2026-08-31,2026-08-31
Pooler,GA,"Savannah, GA",Chatham County,341901.66637884063,-4.33,1764.974002849003,-1.84,21179.688034188035,0.516,16.1,6.19,4.03,Moderate,31171,21.39,307336,4.15,6.5,12.31,7,43.71,2026-08-31,2026-08-31
Dade City,FL,"Tampa-St. Petersburg-Clearwater, FL",Pasco County,335738.44056247623,-1.51,1734.436507936508,0.16,20813.238095238095,0.517,16.1,6.2,4.03,Moderate,NA,NA,NA,NA,NA,NA,NA,NA,2026-08-31,2026-08-31
South Saint Paul,MN,"Minneapolis-St. Paul-Bloomington, MN-WI",Dakota County,299854.4850428351,2.86,1547.6190476190477,NA,18571.428571428572,0.516,16.1,6.19,4.03,Moderate,NA,NA,453156,2.89,6.72,2.73,3.92,24.65,2026-08-31,2026-08-31
Parma Heights,OH,"Cleveland-Elyria, OH",Cuyahoga County,222876.4688938222,4.31,1150.8333333333333,2.44,13810,0.516,16.1,6.2,4.03,Moderate,20524,-1.37,1240594,-1.75,1.72,9.97,5.22,40.95,2026-08-31,2026-08-31
Lyons,IL,"Chicago-Naperville-Elgin, IL-IN-WI",Cook County,280832.5604267978,2.3,1450,NA,17400,0.516,16.1,6.2,4.03,Moderate,NA,NA,NA,NA,NA,NA,NA,NA,2026-08-31,2026-08-31
Wellington,CO,"Fort Collins, CO",Larimer County,467493.94844354846,-0.62,2417.222222222222,NA,29006.666666666664,0.517,16.1,6.2,4.03,Moderate,12100,8.58,374574,4.07,7.03,6.37,3.02,35.68,2026-08-31,2026-08-31
Oakwood,GA,"Gainesville, GA",Hall County,318664.62238771835,-2.05,1646.0786324786325,5.34,19752.94358974359,0.517,16.1,6.2,4.03,Moderate,6759,39.59,221745,9.01,11.78,10.06,4.34,31.13,2026-08-31,2026-08-31
Valley Park,MO,"St. Louis, MO-IL",Saint Louis County,293432.33378904633,1.44,1516.675,NA,18200.1,0.517,16.1,6.2,4.03,Moderate,6747,-1.79,NA,NA,NA,NA,NA,NA,2026-08-31,2026-08-31
Prospect Park,PA,"Philadelphia-Camden-Wilmington, PA-NJ-DE-MD",Delaware County,290221.2281677474,-1.62,1500,NA,18000,0.517,16.1,6.2,4.03,Moderate,NA,NA,NA,NA,NA,NA,NA,NA,2026-08-31,2026-08-31
Oakbrook Terrace,IL,"Chicago-Naperville-Elgin, IL-IN-WI",DuPage County,421657.5032537331,4.95,2179.253246753247,NA,26151.03896103896,0.517,16.1,6.2,4.03,Moderate,2729,-0.62,937142,0.6,5.3,4.53,5.6,26.87,2026-08-31,2026-08-31
Miramar,FL,"Miami-Fort Lauderdale-Pompano Beach, FL",Broward County,521194.84984360385,-1.37,2688.5067478947763,0.11,32262.080974737313,0.516,16.2,6.19,4.02,Moderate,143242,6.48,2037472,4.84,14.84,13.18,6.08,36.74,2026-08-31,2026-08-31
Kingman,AZ,"Lake Havasu City-Kingman, AZ",Mohave County,274904.9571389153,2.43,1416.5827228327228,-1.01,16998.992673992674,0.515,16.2,6.18,4.02,Moderate,35383,7.57,226479,5.75,21.83,18.98,2.42,26.37,2026-08-31,2026-08-31
Avon,IN,"Indianapolis-Carmel-Anderson, IN",Hendricks County,355318.55978044454,1.3,1831.7817460317465,2.55,21981.380952380958,0.516,16.2,6.19,4.02,Moderate,24735,14.22,190629,8.55,15.38,3.79,5.03,22.15,2026-08-31,2026-08-31
Santa Fe,TX,"Houston-The Woodlands-Sugar Land, TX",Galveston County,335981.395544532,0.9,1731.25,NA,20775,0.515,16.2,6.18,4.02,Moderate,NA,NA,NA,NA,NA,NA,NA,NA,2026-08-31,2026-08-31
Alexandria,IN,"Indianapolis-Carmel-Anderson, IN",Madison County,187874.18995416965,3.69,967.7777777777778,NA,11613.333333333334,0.515,16.2,6.18,4.02,Moderate,NA,NA,NA,NA,NA,NA,NA,NA,2026-08-31,2026-08-31
Louisville,KY,"Louisville/Jefferson County, KY-IN",Jefferson County,263130.17331934086,1.19,1352.8593235322685,1.52,16234.311882387221,0.514,16.2,6.17,4.01,Moderate,NA,NA,793881,1.4,11.59,7.97,6.02,38.18,2026-08-31,2026-08-31
Grand Rapids,MI,"Grand Rapids-Kentwood, MI",Kent County,307093.7182745388,3.22,1580.1159416591047,4.24,18961.391299909257,0.515,16.2,6.17,4.01,Moderate,200117,0.7,673002,2.2,7.09,4.57,4.07,29.64,2026-08-31,2026-08-31
Saint Peters,MO,"St. Louis, MO-IL",Saint Charles County,323600.18314233614,3.83,1662.0317460317465,4.4,19944.380952380958,0.514,16.2,6.16,4.01,Moderate,NA,NA,NA,NA,NA,NA,NA,NA,2026-08-31,2026-08-31
Carrollton,GA,"Atlanta-Sandy Springs-Alpharetta, GA",Carroll County,289394.41373982927,0.96,1487.4003267973856,3.07,17848.803921568626,0.514,16.2,6.17,4.01,Moderate,28306,5.63,129911,8.72,17.56,7.57,2.82,30.7,2026-08-31,2026-08-31
Crystal Lake,IL,"Chicago-Naperville-Elgin, IL-IN-WI",McHenry County,384661.4077789541,4.38,1975.898148148148,4.39,23710.777777777777,0.514,16.2,6.16,4.01,Moderate,41513,3.16,315959,1.93,5.95,3.55,3.04,17.42,2026-08-31,2026-08-31
Middletown,DE,"Philadelphia-Camden-Wilmington, PA-NJ-DE-MD",New Castle County,532808.5133503227,1.96,2737.308333333333,2.05,32847.7,0.514,16.2,6.17,4.01,Moderate,25686,9.81,588093,3,8.7,5.15,4.98,31.49,2026-08-31,2026-08-31
Tolleson,AZ,"Phoenix-Mesa-Chandler, AZ",Maricopa County,390205.4942871683,-1.83,2004.3725396825396,0.86,24052.470476190476,0.514,16.2,6.16,4.01,Moderate,9353,28.69,4673096,5.12,9.38,8.29,5.4,34.99,2026-08-31,2026-08-31
Magnolia,TX,"Houston-The Woodlands-Sugar Land, TX",Montgomery County,360870.0148644639,-2.07,1856.3545679012343,-1.52,22276.254814814813,0.514,16.2,6.17,4.01,Moderate,6506,165.99,749613,19.86,40.55,7.22,7.84,28.27,2026-08-31,2026-08-31
Plainfield,IN,"Indianapolis-Carmel-Anderson, IN",Hendricks County,334756.38846801117,1.66,1720.2794191919193,1.98,20643.35303030303,0.514,16.2,6.17,4.01,Moderate,37796,8.3,190629,8.55,15.38,3.79,5.03,22.15,2026-08-31,2026-08-31
Patterson,CA,"Modesto, CA",Stanislaus County,501853.78348049737,-1.63,2581.6666666666665,NA,30980,0.514,16.2,6.17,4.01,Moderate,NA,NA,NA,NA,NA,NA,NA,NA,2026-08-31,2026-08-31
Mehlville,MO,"St. Louis, MO-IL",Saint Louis County,253511.14230823825,2.68,1304.361111111111,NA,15652.333333333332,0.515,16.2,6.17,4.01,Moderate,NA,NA,NA,NA,NA,NA,NA,NA,2026-08-31,2026-08-31
Peyton,CO,"Colorado Springs, CO",El Paso County,534769.4921563679,-1.47,2746.219047619048,4.35,32954.62857142858,0.514,16.2,6.16,4.01,Moderate,NA,NA,752772,2.58,3.46,4.58,3.67,33.62,2026-08-31,2026-08-31
Branson,MO,"Branson, MO",Taney County,246088.2568642001,-0.79,1266.078643578643,5.78,15192.943722943717,0.514,16.2,6.17,4.01,Moderate,12869,1.71,56744,1.21,0.88,25.87,2.21,33.1,2026-08-31,2026-08-31
Travelers Rest,SC,"Greenville-Anderson, SC",Greenville County,354194.678639615,1.99,1822.9126984126983,2.34,21874.95238095238,0.515,16.2,6.18,4.01,Moderate,8960,14.59,570745,8.25,17.14,7.49,6.9,31.24,2026-08-31,2026-08-31
Stony Brook,NY,"New York-Newark-Jersey City, NY-NJ-PA",Suffolk County,801530.4566890219,9.11,4125,NA,49500,0.515,16.2,6.18,4.01,Moderate,NA,NA,NA,NA,NA,NA,NA,NA,2026-08-31,2026-08-31
Canal Winchester,OH,"Columbus, OH",Fairfield County,415276.3602455982,0.93,2132.9,3.9,25594.800000000003,0.514,16.2,6.16,4.01,Moderate,NA,NA,NA,NA,NA,NA,NA,NA,2026-08-31,2026-08-31
Mahtomedi,MN,"Minneapolis-St. Paul-Bloomington, MN-WI",Washington County,487825.6104154762,4.24,2510,NA,30120,0.515,16.2,6.17,4.01,Moderate,NA,NA,NA,NA,NA,NA,NA,NA,2026-08-31,2026-08-31
Milliken,CO,"Greeley, CO",Weld County,445620.7624522404,-0.86,2288.3333333333335,NA,27460,0.514,16.2,6.16,4.01,Moderate,NA,NA,NA,NA,NA,NA,NA,NA,2026-08-31,2026-08-31
Brunswick,MD,"Washington-Arlington-Alexandria, DC-VA-MD-WV",Frederick County,407630.2590262584,-1.25,2097.5,NA,25170,0.515,16.2,6.17,4.01,Moderate,NA,NA,NA,NA,NA,NA,NA,NA,2026-08-31,2026-08-31
Harrisburg,PA,"Harrisburg-Carlisle, PA",Dauphin County,267026.883240944,2.68,1369.3662880861157,1.63,16432.395457033388,0.513,16.3,6.15,4,Moderate,50649,1.11,293029,2.2,6.37,5.89,4.98,36.68,2026-08-31,2026-08-31
Merced,CA,"Merced, CA",Merced County,395806.9690811224,-1.05,2027.5370038259207,1.75,24330.44404591105,0.512,16.3,6.15,4,Moderate,96073,10.4,296774,4.88,2.88,5.59,2.8,46.7,2026-08-31,2026-08-31
Bryan,TX,"College Station-Bryan, TX",Brazos County,273941.28767714294,0.43,1406.337378194521,-0.89,16876.048538334253,0.513,16.2,6.16,4,Moderate,91541,8.51,249624,6.44,3.39,10.8,8.47,53.21,2026-08-31,2026-08-31
Portage,MI,"Kalamazoo-Portage, MI",Kalamazoo County,300324.2247477356,5,1540.2863247863245,7.48,18483.435897435895,0.513,16.2,6.15,4,Moderate,49975,2.12,264780,1.13,4.82,7.17,5.23,36.05,2026-08-31,2026-08-31
Burleson,TX,"Dallas-Fort Worth-Arlington, TX",Johnson County,337265.67992015596,-0.95,1730.749436936937,-1.03,20768.993243243243,0.513,16.2,6.16,4,Moderate,56253,17.19,210547,16.36,31.86,7.46,7.08,25.53,2026-08-31,2026-08-31
Cibolo,TX,"San Antonio-New Braunfels, TX",Guadalupe County,331848.77432938904,-1.44,1701.8720538720538,-3.05,20422.464646464647,0.513,16.2,6.15,4,Moderate,37816,15.25,195166,12.35,28.34,6.55,4.38,21.53,2026-08-31,2026-08-31
Oak Ridge,TN,"Knoxville, TN",Anderson County,327243.1985845097,2.08,1679.4190476190477,2.23,20153.02857142857,0.513,16.2,6.16,4,Moderate,34039,8.19,81449,5.33,17.2,9.84,3.36,28.95,2026-08-31,2026-08-31
Newport,NC,"Morehead City, NC",Carteret County,340945.0801808285,2.23,1746.9047619047622,NA,20962.857142857145,0.512,16.3,6.15,4,Moderate,NA,NA,NA,NA,NA,NA,NA,NA,2026-08-31,2026-08-31
Greencastle,PA,"Chambersburg-Waynesboro, PA",Franklin County,329164.6465771238,3.6,1688.888888888889,NA,20266.666666666668,0.513,16.2,6.16,4,Moderate,NA,NA,NA,NA,NA,NA,NA,NA,2026-08-31,2026-08-31
Conshohocken,PA,"Philadelphia-Camden-Wilmington, PA-NJ-DE-MD",Montgomery County,485701.8196800921,1.65,2487.684795321637,4.47,29852.217543859646,0.512,16.3,6.15,4,Moderate,9342,0.9,879190,2.6,7.92,4.35,5.68,28.27,2026-08-31,2026-08-31
Morton,IL,"Peoria, IL",Tazewell County,292405.0122312537,6.46,1500,NA,18000,0.513,16.2,6.16,4,Moderate,NA,NA,NA,NA,NA,NA,NA,NA,2026-08-31,2026-08-31
Streetsboro,OH,"Akron, OH",Portage County,288219.93035660504,3.5,1479.5,NA,17754,0.513,16.2,6.16,4,Moderate,NA,NA,NA,NA,NA,NA,NA,NA,2026-08-31,2026-08-31
Safety Harbor,FL,"Tampa-St. Petersburg-Clearwater, FL",Pinellas County,501979.3860686067,1.33,2575,4.39,30900,0.513,16.2,6.16,4,Moderate,16972,-0.51,965870,0.63,3.8,18.32,8.78,30.56,2026-08-31,2026-08-31
Rifle,CO,"Glenwood Springs, CO",Rio Blanco County,502258.17182961665,4.08,2575,NA,30900,0.513,16.3,6.15,4,Moderate,NA,NA,NA,NA,NA,NA,NA,NA,2026-08-31,2026-08-31
Anderson Mill,TX,"Austin-Round Rock-Georgetown, TX",Williamson County,387779.8920554313,-3.36,1987.6666666666667,NA,23852,0.513,16.3,6.15,4,Moderate,NA,NA,727480,18.17,29.75,3.91,3.51,32.92,2026-08-31,2026-08-31
South Lebanon,OH,"Cincinnati, OH-KY-IN",Warren County,386541.9825115476,2.5,1980.5,NA,23766,0.512,16.3,6.15,4,Moderate,NA,NA,NA,NA,NA,NA,NA,NA,2026-08-31,2026-08-31
Minneapolis,MN,"Minneapolis-St. Paul-Bloomington, MN-WI",Hennepin County,328529.22440493206,0.62,1681.827586940085,3.5,20181.93104328102,0.512,16.3,6.14,3.99,Moderate,428579,-0.5,1273334,-0.65,4.24,5.29,5.38,37.05,2026-08-31,2026-08-31
Fort Wayne,IN,"Fort Wayne, IN",Allen County,248442.4095955847,3.08,1270.6344224749594,5.89,15247.613069699513,0.511,16.3,6.14,3.99,Moderate,273203,3.33,399295,3.41,6.04,6.25,5.58,30.87,2026-08-31,2026-08-31
Boca Raton,FL,"Miami-Fort Lauderdale-Pompano Beach, FL",Palm Beach County,576823.9382741078,3.69,2949.1014645858345,2.99,35389.217575030016,0.511,16.3,6.14,3.99,Moderate,102238,4.06,1582055,5.87,15.98,16.36,6.94,30.14,2026-08-31,2026-08-31
Chesterfield,VA,"Richmond, VA",Chesterfield County,415102.1074988185,2.44,2121.005291005291,6.95,25452.06349206349,0.511,16.3,6.13,3.99,Moderate,NA,NA,389793,6.69,10.05,3.91,4.88,22.7,2026-08-31,2026-08-31
Tulare,CA,"Visalia, CA",Tulare County,356755.1954740707,1.68,1825.6851851851852,3.69,21908.222222222223,0.512,16.3,6.14,3.99,Moderate,72601,4.71,483546,2.03,-1.06,6.89,2.76,41.38,2026-08-31,2026-08-31
Jeffersonville,IN,"Louisville/Jefferson County, KY-IN",Clark County,253784.04752910987,1.53,1298.1577276524647,0.3,15577.892731829575,0.512,16.3,6.14,3.99,Moderate,52912,6.74,127479,5.03,14.65,8.67,9.66,25.03,2026-08-31,2026-08-31
Thomasville,NC,"Winston-Salem, NC",Davidson County,238670.41852754183,2.23,1220.7738095238094,4.51,14649.285714285714,0.511,16.3,6.14,3.99,Moderate,27605,1.77,177809,5.18,19.16,9.39,3.95,26.47,2026-08-31,2026-08-31
Gurnee,IL,"Chicago-Naperville-Elgin, IL-IN-WI",Lake County,382363.9781226017,5.42,1956.681623931624,3.6,23480.17948717949,0.512,16.3,6.14,3.99,Moderate,30546,-0.36,718604,0.73,3.75,4.97,4.19,25.6,2026-08-31,2026-08-31
Bastrop,TX,"Austin-Round Rock-Georgetown, TX",Bastrop County,348389.22157315095,-4.46,1783.801709401709,-0.56,21405.62051282051,0.512,16.3,6.14,3.99,Moderate,12720,29.9,114931,17.19,29.46,8.11,1.42,24.28,2026-08-31,2026-08-31
Bella Vista,AR,"Fayetteville-Springdale-Rogers, AR",Benton County,359420.5176936216,1.94,1838.702380952381,5.52,22064.428571428572,0.512,16.3,6.14,3.99,Moderate,33274,10.12,321566,12.19,23.43,9.14,4.86,32.8,2026-08-31,2026-08-31
Meadville,PA,"Meadville, PA",Crawford County,169395.6325278656,12.88,866.6666666666666,NA,10400,0.512,16.3,6.14,3.99,Moderate,NA,NA,NA,NA,NA,NA,NA,NA,2026-08-31,2026-08-31
Christiansburg,VA,"Blacksburg-Christiansburg, VA",Montgomery County,305502.48126276257,2.96,1562.442509272698,7.25,18749.310111272378,0.511,16.3,6.14,3.99,Moderate,22632,-2.9,98998,-0.59,-0.17,13.02,3.29,45.26,2026-08-31,2026-08-31
Anderson,CA,"Redding, CA",Shasta County,339290.8521285831,0.67,1735.75,NA,20829,0.512,16.3,6.14,3.99,Moderate,NA,NA,NA,NA,NA,NA,NA,NA,2026-08-31,2026-08-31
Hummelstown,PA,"Harrisburg-Carlisle, PA",Dauphin County,388335.0933041193,2.73,1985.9619047619049,2.9,23831.542857142857,0.511,16.3,6.14,3.99,Moderate,4542,0.02,293029,2.2,6.37,5.89,4.98,36.68,2026-08-31,2026-08-31
Coos Bay,OR,"Coos Bay, OR",Coos County,326136.0575726906,-1.18,1667.638888888889,5.14,20011.666666666668,0.511,16.3,6.14,3.99,Moderate,NA,NA,NA,NA,NA,NA,NA,NA,2026-08-31,2026-08-31
Nanuet,NY,"New York-Newark-Jersey City, NY-NJ-PA",Rockland County,652066.0421806893,4.46,3332.622222222222,0.62,39991.46666666666,0.511,16.3,6.13,3.99,Moderate,NA,NA,348144,3.19,1.26,4.87,2.49,31.75,2026-08-31,2026-08-31
Port Jefferson Station,NY,"New York-Newark-Jersey City, NY-NJ-PA",Suffolk County,637032.0634432712,6.3,3256.821428571429,6.79,39081.857142857145,0.511,16.3,6.13,3.99,Moderate,NA,NA,1535909,0.9,2.22,11.64,3.67,18.09,2026-08-31,2026-08-31
Cortez,CO,NA,Montezuma County,342948.9824587722,1.5,1756.25,4.91,21075,0.512,16.3,6.15,3.99,Moderate,9151,4.25,26841,3.68,11.81,11.36,5.31,25.17,2026-08-31,2026-08-31
Berlin,NH,"Berlin, NH",Coos County,185545.2427795456,-3.58,950,NA,11400,0.512,16.3,6.14,3.99,Moderate,NA,NA,NA,NA,NA,NA,NA,NA,2026-08-31,2026-08-31
Orlando,FL,"Orlando-Kissimmee-Sanford, FL",Orange County,371119.6978935162,-1.42,1895.822599851335,0.64,22749.87119821602,0.511,16.3,6.13,3.98,Moderate,334854,8.77,1533646,7.12,16.48,11.72,10.93,42.64,2026-08-31,2026-08-31
Melbourne,FL,"Palm Bay-Melbourne-Titusville, FL",Brevard County,356995.8428633704,-1.01,1823.3301630434785,-0.73,21879.961956521744,0.511,16.3,6.13,3.98,Moderate,87561,2.92,658447,8.16,22.48,14.46,11.39,23.08,2026-08-31,2026-08-31
Sand Springs,OK,"Tulsa, OK",Osage County,242308.90448247312,5,1235.5,3.07,14826,0.51,16.3,6.12,3.98,Moderate,20330,1.92,46495,1.54,14.69,13.77,4.48,21.74,2026-08-31,2026-08-31
Vernon,CT,"Hartford-East Hartford-Middletown, CT",Tolland County,346574.46087137534,4.16,1768.0833333333333,7.23,21217,0.51,16.3,6.12,3.98,Moderate,NA,NA,NA,NA,NA,NA,NA,NA,2026-08-31,2026-08-31
Uniondale,NY,"New York-Newark-Jersey City, NY-NJ-PA",Nassau County,693020.3163988193,6.16,3537.3888888888887,NA,42448.666666666664,0.51,16.3,6.13,3.98,Moderate,NA,NA,NA,NA,NA,NA,NA,NA,2026-08-31,2026-08-31
Paramus,NJ,"New York-Newark-Jersey City, NY-NJ-PA",Bergen County,1079109.4429478787,9.23,5508.333333333334,NA,66100,0.51,16.3,6.13,3.98,Moderate,NA,NA,NA,NA,NA,NA,NA,NA,2026-08-31,2026-08-31
Apollo Beach,FL,"Tampa-St. Petersburg-Clearwater, FL",Hillsborough County,438180.478799224,-2.85,2233.189336978811,4.85,26798.272043745732,0.51,16.4,6.12,3.98,Moderate,NA,NA,1581426,7.85,12.2,7.8,6.74,38.94,2026-08-31,2026-08-31
Erlanger,KY,"Cincinnati, OH-KY-IN",Kenton County,247625.4781793113,0.02,1264.6527777777776,4.12,15175.833333333332,0.511,16.3,6.13,3.98,Moderate,20172,2.45,174862,3.3,10.73,7.27,5.15,29.96,2026-08-31,2026-08-31
Cudahy,WI,"Milwaukee-Waukesha, WI",Milwaukee County,290984.6924481183,5.52,1485.111111111111,NA,17821.333333333332,0.51,16.3,6.12,3.98,Moderate,17704,-2.62,924740,-1.48,0.57,8.21,6.16,50.2,2026-08-31,2026-08-31
Smiths Station,AL,"Auburn-Opelika, AL",Lee County,290548.3437451767,5.5,1484,NA,17808,0.511,16.3,6.13,3.98,Moderate,NA,NA,NA,NA,NA,NA,NA,NA,2026-08-31,2026-08-31
Mascoutah,IL,"St. Louis, MO-IL",Saint Clair County,268463.2940942116,2.35,1368.5555555555557,NA,16422.666666666668,0.51,16.3,6.12,3.98,Moderate,NA,NA,NA,NA,NA,NA,NA,NA,2026-08-31,2026-08-31
Crestline,CA,"Riverside-San Bernardino-Ontario, CA",San Bernardino County,361038.15822241985,-2.88,1839.9444444444443,2.52,22079.333333333332,0.51,16.4,6.12,3.98,Moderate,NA,NA,2214281,1.41,1.68,9.55,3.22,38.46,2026-08-31,2026-08-31
Atlanta,GA,"Atlanta-Sandy Springs-Alpharetta, GA",Fulton County,381948.4102605891,-2.02,1943.525335922941,3.38,23322.30403107529,0.509,16.4,6.11,3.97,Moderate,520070,4.01,1090354,1.97,1.33,8.52,7.69,45.86,2026-08-31,2026-08-31
Cypress,TX,"Houston-The Woodlands-Sugar Land, TX",Harris County,401609.5298961676,-1.28,2043.1022441933455,0.24,24517.226930320146,0.509,16.4,6.1,3.97,Moderate,NA,NA,5009302,5.78,13.97,8.3,8.76,45.24,2026-08-31,2026-08-31
Providence,RI,"Providence-Warwick, RI-MA",Providence County,434697.5973118153,2.28,2213.019634586242,4.85,26556.2356150349,0.509,16.4,6.11,3.97,Moderate,194706,2.05,675912,2.4,11.33,7.44,4.46,43.38,2026-08-31,2026-08-31
Tomball,TX,"Houston-The Woodlands-Sugar Land, TX",Harris County,357368.4228519102,-1.34,1819.816592860977,3.52,21837.799114331723,0.509,16.4,6.11,3.97,Moderate,15152,22.92,5009302,5.78,13.97,8.3,8.76,45.24,2026-08-31,2026-08-31
Pottstown,PA,"Philadelphia-Camden-Wilmington, PA-NJ-DE-MD",Chester County,360565.9375340804,2.89,1835.2549019607843,3.24,22023.058823529413,0.509,16.4,6.11,3.97,Moderate,23553,0.52,560745,4.84,7.29,3.95,3.98,25.05,2026-08-31,2026-08-31
San Jacinto,CA,"Riverside-San Bernardino-Ontario, CA",Riverside County,483140.4671471918,0.58,2459.3849206349205,3.94,29512.619047619046,0.509,16.4,6.11,3.97,Moderate,55515,2.43,2529933,4.34,7.33,11.37,4.89,31.14,2026-08-31,2026-08-31
Pittsfield,MA,"Pittsfield, MA",Berkshire County,309463.9673420148,1.06,1576.190476190476,0.35,18914.28571428571,0.509,16.4,6.11,3.97,Moderate,43121,-1.63,128726,-0.84,5.7,19.1,3.73,30.04,2026-08-31,2026-08-31
Kerrville,TX,"Kerrville, TX",Kerr County,354027.2552898452,-1.74,1800.920634920635,2.85,21611.04761904762,0.509,16.4,6.1,3.97,Moderate,25141,3.28,53900,2.28,6.09,12.47,6.08,29.61,2026-08-31,2026-08-31
New Smyrna Beach,FL,"Deltona-Daytona Beach-Ormond Beach, FL",Volusia County,452190.5989594772,0.42,2298.8809523809523,3.14,27586.571428571428,0.508,16.4,6.1,3.97,Moderate,33144,8.82,602772,8.46,21.72,14.56,6.51,27.2,2026-08-31,2026-08-31
Aubrey,TX,"Dallas-Fort Worth-Arlington, TX",Denton County,340550.72272968065,-7.24,1734.999109969698,-1.18,20819.989319636377,0.509,16.4,6.11,3.97,Moderate,8843,64.58,1045120,14.28,23.72,4.75,5.09,34.63,2026-08-31,2026-08-31
Millsboro,DE,"Salisbury, MD-DE",Sussex County,396459.6078453888,-1.16,2016.3333333333333,NA,24196,0.509,16.4,6.1,3.97,Moderate,NA,NA,NA,NA,NA,NA,NA,NA,2026-08-31,2026-08-31
Dewitt,MI,"Lansing-East Lansing, MI",Clinton County,327868.35330113914,1.84,1669.0507936507938,NA,20028.609523809526,0.509,16.4,6.11,3.97,Moderate,NA,NA,80050,1.11,3.11,5.46,12.58,17.2,2026-08-31,2026-08-31
Hanover,MD,"Baltimore-Columbia-Towson, MD",Anne Arundel County,533007.4791265433,0.08,2711.4236111111113,1.88,32537.083333333336,0.509,16.4,6.1,3.97,Moderate,NA,NA,602350,1.51,0.69,4.79,5.5,25.04,2026-08-31,2026-08-31
Bensenville,IL,"Chicago-Naperville-Elgin, IL-IN-WI",DuPage County,352087.89470294357,4.63,1792.8333333333333,NA,21514,0.509,16.4,6.11,3.97,Moderate,18629,-0.76,937142,0.6,5.3,4.53,5.6,26.87,2026-08-31,2026-08-31
Rancho Mirage,CA,"Riverside-San Bernardino-Ontario, CA",Riverside County,829303.7788187537,-0.29,4222.5,6.95,50670,0.509,16.4,6.11,3.97,Moderate,18001,5.62,2529933,4.34,7.33,11.37,4.89,31.14,2026-08-31,2026-08-31
Mahomet,IL,"Champaign-Urbana, IL",Champaign County,351746.4776737828,3.88,1788.5333333333335,NA,21462.4,0.508,16.4,6.1,3.97,Moderate,NA,NA,NA,NA,NA,NA,NA,NA,2026-08-31,2026-08-31
Edgewater Park Township,NJ,"Philadelphia-Camden-Wilmington, PA-NJ-DE-MD",Burlington County,355464.2425578229,6.18,1809,2.77,21708,0.509,16.4,6.11,3.97,Moderate,NA,NA,475515,2.99,9.35,5.16,3.54,24.27,2026-08-31,2026-08-31
Sour Lake,TX,"Beaumont-Port Arthur, TX",Hardin County,270138.5654138967,2.31,1375,NA,16500,0.509,16.4,6.11,3.97,Moderate,NA,NA,NA,NA,NA,NA,NA,NA,2026-08-31,2026-08-31
Apopka,FL,"Orlando-Kissimmee-Sanford, FL",Orange County,394175.104664739,-0.62,2002.8841867954911,-0.21,24034.610241545895,0.508,16.4,6.1,3.96,Moderate,62777,14.29,1533646,7.12,16.48,11.72,10.93,42.64,2026-08-31,2026-08-31
Easley,SC,"Greenville-Anderson, SC",Pickens County,321201.283777896,2.26,1629.548717948718,2.88,19554.584615384614,0.507,16.4,6.09,3.96,Moderate,27001,17.22,138207,4.95,11.74,10.9,6.6,29.48,2026-08-31,2026-08-31
West Allis,WI,"Milwaukee-Waukesha, WI",Milwaukee County,276992.48769682186,4.54,1406.2777777777776,4.9,16875.333333333332,0.508,16.4,6.09,3.96,Moderate,59784,-0.79,924740,-1.48,0.57,8.21,6.16,50.2,2026-08-31,2026-08-31
Chelsea,MA,"Boston-Cambridge-Newton, MA-NH",Suffolk County,525492.5759981732,0.87,2666.540322580646,2.15,31998.48387096775,0.507,16.4,6.09,3.96,Moderate,40245,-0.75,793144,-0.51,10.02,8.97,4.43,63.39,2026-08-31,2026-08-31
Drexel Hill,PA,"Philadelphia-Camden-Wilmington, PA-NJ-DE-MD",Delaware County,323603.86898509227,2.5,1643.047619047619,5.35,19716.571428571428,0.508,16.4,6.09,3.96,Moderate,NA,NA,584882,1.45,5.58,5.55,4.21,30.36,2026-08-31,2026-08-31
Niceville,FL,"Crestview-Fort Walton Beach-Destin, FL",Okaloosa County,434886.2904744921,0.75,2209.6029914529913,2.44,26515.235897435894,0.508,16.4,6.1,3.96,Moderate,17919,12.99,220483,3.95,1.51,17.91,14.17,32.25,2026-08-31,2026-08-31
Berlin,MD,"Salisbury, MD-DE",Worcester County,440192.3152627768,-0.61,2236.25,NA,26835,0.508,16.4,6.1,3.96,Moderate,NA,NA,NA,NA,NA,NA,NA,NA,2026-08-31,2026-08-31
Ridgeland,MS,"Jackson, MS",Madison County,285650.8970252037,1.75,1451.3569150148098,7.77,17416.28298017772,0.508,16.4,6.1,3.96,Moderate,24576,-0.18,114247,4.57,8.14,7.91,6.1,28.59,2026-08-31,2026-08-31
Crofton,MD,"Baltimore-Columbia-Towson, MD",Anne Arundel County,493294.9978777864,0.27,2503.011111111111,0.83,30036.13333333333,0.507,16.4,6.09,3.96,Moderate,NA,NA,602350,1.51,0.69,4.79,5.5,25.04,2026-08-31,2026-08-31
Auburn,ME,"Lewiston-Auburn, ME",Androscoggin County,326716.13726513594,0.93,1657.777777777778,4.74,19893.333333333336,0.507,16.4,6.09,3.96,Moderate,25200,4.63,115272,3.68,8.08,7.11,1.58,32.64,2026-08-31,2026-08-31
Harrisburg,NC,"Charlotte-Concord-Gastonia, NC-SC",Cabarrus County,496423.3927328973,-0.68,2518.755555555556,2.38,30225.066666666673,0.507,16.4,6.09,3.96,Moderate,20335,7.52,244925,7.78,14.7,12.01,9.95,27.87,2026-08-31,2026-08-31
Waterford,CT,"Norwich-New London, CT",New London County,433247.1018279488,5.7,2200.0000000000005,2.11,26400.000000000007,0.508,16.4,6.09,3.96,Moderate,NA,NA,NA,NA,NA,NA,NA,NA,2026-08-31,2026-08-31
Lake Zurich,IL,"Chicago-Naperville-Elgin, IL-IN-WI",Lake County,512226.5448266613,7.45,2600,NA,31200,0.508,16.4,6.09,3.96,Moderate,NA,NA,NA,NA,NA,NA,NA,NA,2026-08-31,2026-08-31
Vail,AZ,"Tucson, AZ",Pima County,404527.3412309395,-2.03,2053.15873015873,0.03,24637.904761904763,0.508,16.4,6.09,3.96,Moderate,NA,NA,1080149,3.34,11.47,9.34,5.65,35.19,2026-08-31,2026-08-31
Brownsville,TN,"Brownsville, TN",Haywood County,171025.0725599956,0.35,868.75,NA,10425,0.508,16.4,6.1,3.96,Moderate,NA,NA,NA,NA,NA,NA,NA,NA,2026-08-31,2026-08-31
Bedford Heights,OH,"Cleveland-Elyria, OH",Cuyahoga County,199766.23550754064,4.74,1014.1944444444443,3.12,12170.333333333332,0.508,16.4,6.09,3.96,Moderate,10791,-1.91,1240594,-1.75,1.72,9.97,5.22,40.95,2026-08-31,2026-08-31
Clever,MO,"Springfield, MO",Christian County,274635.5074510391,3.88,1395,NA,16740,0.508,16.4,6.1,3.96,Moderate,NA,NA,NA,NA,NA,NA,NA,NA,2026-08-31,2026-08-31
Roanoke,VA,"Roanoke, VA",Roanoke County,279226.675115408,2.6,1413.110217548201,3.4,16957.322610578412,0.506,16.5,6.07,3.95,Moderate,97912,-1.99,97334,0.39,6.02,7.15,5.92,23.74,2026-08-31,2026-08-31
Kalamazoo,MI,"Kalamazoo-Portage, MI",Kalamazoo County,243051.72987440368,4.12,1229.7734651237545,5.6,14757.281581485055,0.506,16.5,6.07,3.95,Moderate,73290,-0.27,264780,1.13,4.82,7.17,5.23,36.05,2026-08-31,2026-08-31
Commerce City,CO,"Denver-Aurora-Lakewood, CO",Adams County,480049.5358052838,-3.29,2432.9502453102455,1.56,29195.402943722947,0.507,16.4,6.08,3.95,Moderate,70245,11.88,542973,4.31,8.16,3.55,3.6,31.13,2026-08-31,2026-08-31
Chicopee,MA,"Springfield, MA",Hampden County,322260.3522055876,3.38,1631,8.82,19572,0.506,16.5,6.07,3.95,Moderate,55381,-0.11,464151,0.09,4.76,6.59,3.41,37.78,2026-08-31,2026-08-31
Eagle Pass,TX,"Eagle Pass, TX",Maverick County,218795.75028013863,-4.27,1107.5,NA,13290,0.506,16.5,6.07,3.95,Moderate,NA,NA,NA,NA,NA,NA,NA,NA,2026-08-31,2026-08-31
Waynesboro,PA,"Chambersburg-Waynesboro, PA",Franklin County,278052.29548103415,2.12,1407.7777777777776,NA,16893.333333333332,0.506,16.5,6.08,3.95,Moderate,11101,0.65,159285,2.14,8.04,5.63,3.51,26.78,2026-08-31,2026-08-31
Kuna,ID,"Boise City, ID",Ada County,458460.5008555325,0.54,2323.6190476190477,5.52,27883.428571428572,0.507,16.4,6.08,3.95,Moderate,29127,18.81,535799,7.53,14.17,4.08,3.49,28.65,2026-08-31,2026-08-31
Ramsey,MN,"Minneapolis-St. Paul-Bloomington, MN-WI",Anoka County,388691.28401111247,1.43,1970.6190476190477,5.87,23647.428571428572,0.507,16.4,6.08,3.95,Moderate,28999,4.26,376840,3.38,6.34,2.91,3.32,20.04,2026-08-31,2026-08-31
Essex,VT,"Burlington-South Burlington, VT",Chittenden County,478423.7423002024,-0.24,2425,NA,29100,0.507,16.4,6.08,3.95,Moderate,NA,NA,NA,NA,NA,NA,NA,NA,2026-08-31,2026-08-31
Lansdowne,PA,"Philadelphia-Camden-Wilmington, PA-NJ-DE-MD",Delaware County,285593.2843907908,3.02,1445.5,NA,17346,0.506,16.5,6.07,3.95,Moderate,NA,NA,NA,NA,NA,NA,NA,NA,2026-08-31,2026-08-31
Birdsboro,PA,"Reading, PA",Berks County,340212.2654103348,4.13,1725,NA,20700,0.507,16.4,6.08,3.95,Moderate,NA,NA,NA,NA,NA,NA,NA,NA,2026-08-31,2026-08-31
Monticello,NY,NA,Sullivan County,294685.9358316197,4.81,1491.6666666666667,NA,17900,0.506,16.5,6.07,3.95,Moderate,NA,NA,NA,NA,NA,NA,NA,NA,2026-08-31,2026-08-31
Aberdeen,NC,"Pinehurst-Southern Pines, NC",Moore County,350159.01721741393,0.59,1774.6502645502644,4.48,21295.803174603174,0.507,16.4,6.08,3.95,Moderate,9573,10.99,108417,8.1,14.51,13.37,3.35,23.67,2026-08-31,2026-08-31
Sneads Ferry,NC,"Jacksonville, NC",Onslow County,375572.97303683247,1.4,1902.3191176470589,6.74,22827.829411764706,0.507,16.5,6.08,3.95,Moderate,NA,NA,212954,3.82,-2.31,15.6,7.82,39.04,2026-08-31,2026-08-31
Colfax,CA,"Sacramento-Roseville-Folsom, CA",Placer County,499029.01748017216,2.56,2525,NA,30300,0.506,16.5,6.07,3.95,Moderate,NA,NA,NA,NA,NA,NA,NA,NA,2026-08-31,2026-08-31
Bogota,NJ,"New York-Newark-Jersey City, NY-NJ-PA",Bergen County,623701.1191827579,2.75,3154.5,NA,37854,0.506,16.5,6.07,3.95,Moderate,NA,NA,NA,NA,NA,NA,NA,NA,2026-08-31,2026-08-31
New York,NY,"New York-Newark-Jersey City, NY-NJ-PA",Queens County,822516.5893058112,4.21,4154.135611560682,5.05,49849.62733872818,0.505,16.5,6.06,3.94,Moderate,8478072,-3,2316841,-3.05,5.71,8.34,3.11,55.11,2026-08-31,2026-08-31
Saint Paul,MN,"Minneapolis-St. Paul-Bloomington, MN-WI",Ramsey County,294296.75886056613,0.76,1487.617388953163,3.7,17851.408667437958,0.505,16.5,6.07,3.94,Moderate,NA,NA,542015,-1.76,3.41,5.41,6.16,38.97,2026-08-31,2026-08-31
Bradenton,FL,"North Port-Sarasota-Bradenton, FL",Manatee County,352500.99188097386,-3.2,1781.924497878562,-1.93,21383.093974542746,0.506,16.5,6.07,3.94,Moderate,58184,4.24,458352,14.12,32.53,21.45,16.3,25.31,2026-08-31,2026-08-31
Buckeye,AZ,"Phoenix-Mesa-Chandler, AZ",Maricopa County,391351.0563736307,-1.69,1975.4092274092272,-1.04,23704.910728910727,0.505,16.5,6.06,3.94,Moderate,114334,21.97,4673096,5.12,9.38,8.29,5.4,34.99,2026-08-31,2026-08-31
Brick,NJ,"New York-Newark-Jersey City, NY-NJ-PA",Ocean County,522778.31859388686,5.61,2637.777777777778,7.57,31653.333333333336,0.505,16.5,6.05,3.94,Moderate,NA,NA,666434,4.37,4.36,18.18,2.79,19.83,2026-08-31,2026-08-31
West Lafayette,IN,"Lafayette-West Lafayette, IN",Tippecanoe County,368089.5720720175,1.21,1858.4955436720145,2.95,22301.946524064173,0.505,16.5,6.06,3.94,Moderate,46338,3.75,191650,2.82,2.6,6.19,5.31,46.1,2026-08-31,2026-08-31
Burlington,NC,"Burlington, NC",Alamance County,254508.55632348932,1.24,1284.3400450481197,2.29,15412.080540577437,0.505,16.5,6.06,3.94,Moderate,61365,6.63,183040,6.65,19.2,9.3,5.47,34.39,2026-08-31,2026-08-31
Wappingers Falls,NY,"Poughkeepsie-Newburgh-Middletown, NY",Dutchess County,505988.9825091941,5.14,2554.7222222222226,10.23,30656.66666666667,0.505,16.5,6.06,3.94,Moderate,6070,-0.56,299963,1.37,5.8,6.08,3.65,31.17,2026-08-31,2026-08-31
Newtown,CT,"Bridgeport-Stamford-Norwalk, CT",Fairfield County,664020.7351613046,4.2,3350,NA,40200,0.505,16.5,6.05,3.94,Moderate,NA,NA,NA,NA,NA,NA,NA,NA,2026-08-31,2026-08-31
Keene,NH,"Keene, NH",Cheshire County,358685.70018448774,3.97,1811.8055555555557,2.83,21741.666666666668,0.505,16.5,6.06,3.94,Moderate,23036,-0.04,78078,2.01,9.09,14.7,2.68,29.71,2026-08-31,2026-08-31
Gladeview,FL,"Miami-Fort Lauderdale-Pompano Beach, FL",Miami-Dade County,412562.3285551627,0.39,2083.6666666666665,NA,25004,0.505,16.5,6.06,3.94,Moderate,NA,NA,NA,NA,NA,NA,NA,NA,2026-08-31,2026-08-31
Wharton,NJ,"New York-Newark-Jersey City, NY-NJ-PA",Morris County,498011.6547713955,1.06,2513.3333333333335,NA,30160,0.505,16.5,6.06,3.94,Moderate,NA,NA,NA,NA,NA,NA,NA,NA,2026-08-31,2026-08-31
Spring Hill,KS,"Kansas City, MO-KS",Miami County,414396.86379076744,-0.25,2093.638888888889,NA,25123.66666666667,0.505,16.5,6.06,3.94,Moderate,NA,NA,NA,NA,NA,NA,NA,NA,2026-08-31,2026-08-31
Leadville,CO,"Edwards, CO",Lake County,506360.55202437536,1.83,2555.555555555555,NA,30666.666666666664,0.505,16.5,6.06,3.94,Moderate,NA,NA,NA,NA,NA,NA,NA,NA,2026-08-31,2026-08-31
Shalimar,FL,"Crestview-Fort Walton Beach-Destin, FL",Okaloosa County,384817.4561063873,1.63,1944.4444444444448,5.99,23333.333333333336,0.505,16.5,6.06,3.94,Moderate,757,2.3,220483,3.95,1.51,17.91,14.17,32.25,2026-08-31,2026-08-31
Fontana,CA,"Riverside-San Bernardino-Ontario, CA",San Bernardino County,633682.8293798309,0.22,3189.901106821107,3.69,38278.81328185328,0.503,16.6,6.04,3.93,Moderate,218455,4.43,2214281,1.41,1.68,9.55,3.22,38.46,2026-08-31,2026-08-31
Huntsville,TX,"Huntsville, TX",Walker County,262225.6851893244,-0.41,1322.7125506072873,0.88,15872.550607287449,0.504,16.5,6.05,3.93,Moderate,49500,7.94,83722,9.35,13.31,15.01,6.76,42.86,2026-08-31,2026-08-31
Farmington,CT,"Hartford-East Hartford-Middletown, CT",Hartford County,498402.88513017126,6.94,2510.777056277056,3.27,30129.32467532467,0.504,16.5,6.05,3.93,Moderate,NA,NA,NA,NA,NA,NA,NA,NA,2026-08-31,2026-08-31
Riverhead,NY,"New York-Newark-Jersey City, NY-NJ-PA",Suffolk County,640611.7649744743,4.57,3226.666666666667,NA,38720,0.504,16.5,6.04,3.93,Moderate,NA,NA,NA,NA,NA,NA,NA,NA,2026-08-31,2026-08-31
Aberdeen,WA,"Aberdeen, WA",Grays Harbor County,276472.75398194575,-3.21,1392.0833333333333,5.58,16705,0.504,16.6,6.04,3.93,Moderate,17044,0.04,77893,2.68,9.46,18.01,3.96,27.39,2026-08-31,2026-08-31
Canton,TX,NA,Van Zandt County,307527.9745798458,0.49,1548,NA,18576,0.503,16.6,6.04,3.93,Moderate,NA,NA,NA,NA,NA,NA,NA,NA,2026-08-31,2026-08-31
Rawlins,WY,"Rock Springs, WY",Carbon County,202958.34644997653,2.44,1021.6666666666666,NA,12260,0.503,16.6,6.04,3.93,Moderate,NA,NA,NA,NA,NA,NA,NA,NA,2026-08-31,2026-08-31
Cripple Creek,CO,"Colorado Springs, CO",Teller County,327629.9819361867,-2.62,1650,NA,19800,0.504,16.5,6.04,3.93,Moderate,NA,NA,NA,NA,NA,NA,NA,NA,2026-08-31,2026-08-31
Tahoe Vista,CA,"Sacramento-Roseville-Folsom, CA",Placer County,834339.1899969239,3.69,4202.5,NA,50430,0.504,16.5,6.04,3.93,Moderate,NA,NA,NA,NA,NA,NA,NA,NA,2026-08-31,2026-08-31
Lawrenceville,GA,"Atlanta-Sandy Springs-Alpharetta, GA",Gwinnett County,376673.71965937753,-2.55,1894.7002092509456,0.75,22736.402511011347,0.503,16.6,6.04,3.92,Moderate,31877,4.37,1003869,4.75,5.96,3.94,4.99,33.31,2026-08-31,2026-08-31
Elkhart,IN,"Elkhart-Goshen, IN",Elkhart County,233030.43993009895,6.12,1170.497231934732,7.8,14045.966783216785,0.502,16.6,6.03,3.92,Moderate,53690,-0.37,207436,0.21,-2.63,10.41,12.12,28.75,2026-08-31,2026-08-31
Clinton Township,MI,"Detroit-Warren-Dearborn, MI",Macomb County,258346.69273505788,1.47,1299.444070961718,3.68,15593.328851540615,0.503,16.6,6.04,3.92,Moderate,NA,NA,886175,0.67,8.17,4.12,3.23,25.04,2026-08-31,2026-08-31
Kingsport,TN,"Kingsport-Bristol, TN-VA",Sullivan County,257153.70231454,-0.91,1293.8693657219972,3.19,15526.432388663965,0.503,16.6,6.04,3.92,Moderate,57109,2.88,162703,2.82,9.93,9.89,4.08,27.07,2026-08-31,2026-08-31
Clayton,NC,"Raleigh-Cary, NC",Johnston County,361046.616403637,-1.45,1815.0336730991255,1.05,21780.404077189505,0.503,16.6,6.03,3.92,Moderate,31732,18.86,249794,14.89,25.65,6.82,3.91,22.9,2026-08-31,2026-08-31
Harrisonburg,VA,"Harrisonburg, VA",Rockingham County,354250.8412264506,3.51,1780.089605734767,6.43,21361.075268817203,0.502,16.6,6.03,3.92,Moderate,51164,-1.05,87674,4.65,13.22,11.21,2.09,24.82,2026-08-31,2026-08-31
Medina,OH,"Cleveland-Elyria, OH",Medina County,383033.7381219289,3.95,1927.0923659673656,2.28,23125.108391608388,0.503,16.6,6.04,3.92,Moderate,25757,-1.2,184625,1.09,3.28,4.23,3.93,19.98,2026-08-31,2026-08-31
Zanesville,OH,"Zanesville, OH",Muskingum County,204150.81076763777,1.5,1025.9023809523808,-0.19,12310.82857142857,0.503,16.6,6.03,3.92,Moderate,24916,0.57,86582,0.14,3.95,10.69,4.5,31.26,2026-08-31,2026-08-31
Newburgh,IN,"Evansville, IN-KY",Warrick County,319813.8902342014,3.18,1605.6761904761904,1.46,19268.114285714284,0.502,16.6,6.02,3.92,Moderate,3430,2.97,66339,3.66,5.4,7.04,5.1,17.48,2026-08-31,2026-08-31
Harker Heights,TX,"Killeen-Temple, TX",Bell County,298007.10896262183,0.74,1497.5859487734488,0.01,17971.031385281385,0.503,16.6,6.03,3.92,Moderate,35263,6.11,399578,7.3,5.6,8.76,5.74,43.84,2026-08-31,2026-08-31
Eagle River,AK,"Anchorage, AK",Anchorage Borough,489483.2871445042,4.95,2458.780108780109,7.12,29505.361305361308,0.502,16.6,6.03,3.92,Moderate,NA,NA,NA,NA,NA,NA,NA,NA,2026-08-31,2026-08-31
Morehead,KY,NA,Rowan County,189538.4648261358,-1.68,952.5,NA,11430,0.503,16.6,6.03,3.92,Moderate,6789,-5.12,24675,-0.19,5.59,11.65,6.71,36.92,2026-08-31,2026-08-31
Raymore,MO,"Kansas City, MO-KS",Cass County,360957.7003851112,3.51,1815.812962962963,3.6,21789.755555555555,0.503,16.6,6.04,3.92,Moderate,25962,12.78,113873,5.28,18.34,5.82,3.72,24.11,2026-08-31,2026-08-31
Ponte Vedra,FL,"Jacksonville, FL",Saint Johns County,674230.2876276937,-1.15,3391.125,1.28,40693.5,0.503,16.6,6.04,3.92,Moderate,NA,NA,NA,NA,NA,NA,NA,NA,2026-08-31,2026-08-31
Greenwood,AR,"Fort Smith, AR-OK",Sebastian County,243451.24752790845,4.94,1225,NA,14700,0.503,16.6,6.04,3.92,Moderate,NA,NA,NA,NA,NA,NA,NA,NA,2026-08-31,2026-08-31
Menifee,CA,"Riverside-San Bernardino-Ontario, CA",Riverside County,580698.3691571594,-0.1,2909.036290322581,4.52,34908.43548387097,0.501,16.6,6.01,3.91,Moderate,117041,13.39,2529933,4.34,7.33,11.37,4.89,31.14,2026-08-31,2026-08-31
Decatur,AL,"Decatur, AL",Morgan County,223247.93666875697,-1.13,1117.8333333333333,1.82,13414,0.501,16.6,6.01,3.91,Moderate,57974,1.47,126084,2.23,5.48,8.99,3.32,27.49,2026-08-31,2026-08-31
Sherman,TX,"Sherman-Denison, TX",Grayson County,252838.3311316436,-6.81,1268.9767195767197,-2.65,15227.720634920635,0.502,16.6,6.02,3.91,Moderate,50229,14.26,150532,10.56,22.95,11.66,3.32,32.67,2026-08-31,2026-08-31
Starkville,MS,"Starkville, MS",Oktibbeha County,285560.17888277234,3.67,1432.84188034188,5,17194.10256410256,0.502,16.6,6.02,3.91,Moderate,25844,0.57,51965,0.5,1.89,16.23,6.7,52.46,2026-08-31,2026-08-31
Oakley,CA,"San Francisco-Oakland-Berkeley, CA",Contra Costa County,656648.5429441603,-1.13,3289.1555555555556,4.42,39469.86666666667,0.501,16.6,6.01,3.91,Moderate,47158,8.45,1172607,0.55,6.48,3.5,2.91,32.35,2026-08-31,2026-08-31
Central Islip,NY,"New York-Newark-Jersey City, NY-NJ-PA",Suffolk County,592709.5921998587,6.64,2972.922619047619,NA,35675.07142857143,0.502,16.6,6.02,3.91,Moderate,NA,NA,1535909,0.9,2.22,11.64,3.67,18.09,2026-08-31,2026-08-31
West Little River,FL,"Miami-Fort Lauderdale-Pompano Beach, FL",Miami-Dade County,449552.29017175984,2.34,2254.873015873016,NA,27058.47619047619,0.502,16.6,6.02,3.91,Moderate,NA,NA,2838461,5.29,19.88,11.11,5.36,47.81,2026-08-31,2026-08-31
Bethel,CT,"Bridgeport-Stamford-Norwalk, CT",Fairfield County,568616.0991963414,3.54,2850,NA,34200,0.501,16.6,6.01,3.91,Moderate,NA,NA,NA,NA,NA,NA,NA,NA,2026-08-31,2026-08-31
Grain Valley,MO,"Kansas City, MO-KS",Jackson County,329267.09246698057,0.53,1650.1666666666667,3.7,19802,0.501,16.6,6.01,3.91,Moderate,16859,7.5,727362,1.35,6.69,9.2,4.42,41.15,2026-08-31,2026-08-31
Marcus Hook,PA,"Philadelphia-Camden-Wilmington, PA-NJ-DE-MD",Delaware County,331237.95741102035,2.7,1661.0055555555557,1.99,19932.06666666667,0.501,16.6,6.02,3.91,Moderate,2467,0.49,584882,1.45,5.58,5.55,4.21,30.36,2026-08-31,2026-08-31
Troy,AL,"Troy, AL",Pike County,187892.267333081,-1.53,940.8333333333334,NA,11290,0.501,16.6,6.01,3.91,Moderate,17734,0.4,33124,0.67,-1.3,21.82,17.81,37.13,2026-08-31,2026-08-31
Keyport,NJ,"New York-Newark-Jersey City, NY-NJ-PA",Monmouth County,511385.3423143012,4.09,2566.6666666666665,NA,30800,0.502,16.6,6.02,3.91,Moderate,NA,NA,NA,NA,NA,NA,NA,NA,2026-08-31,2026-08-31
Brattleboro,VT,NA,Windham County,321175.12854365463,-3.28,1611.111111111111,NA,19333.333333333332,0.502,16.6,6.02,3.91,Moderate,NA,NA,45627,-0.55,-3.24,34.69,2.88,27.23,2026-08-31,2026-08-31
Saint Robert,MO,"Fort Leonard Wood, MO",Pulaski County,239151.50243746527,2.89,1198.75,9.35,14385,0.501,16.6,6.02,3.91,Moderate,NA,NA,53964,-0.14,-2.78,15.17,11.48,40.59,2026-08-31,2026-08-31
Jones,OK,"Oklahoma City, OK",Oklahoma County,359260.8855339196,4.22,1800,NA,21600,0.501,16.6,6.01,3.91,Moderate,NA,NA,NA,NA,NA,NA,NA,NA,2026-08-31,2026-08-31
Middletown,OH,"Cincinnati, OH-KY-IN",Butler County,263528.1822593457,3.08,1317.2777777777778,4.57,15807.333333333334,0.5,16.7,6,3.9,Moderate,52291,2.49,399542,2.21,8.05,6.17,4.38,30.13,2026-08-31,2026-08-31
Newburgh,NY,"Poughkeepsie-Newburgh-Middletown, NY",Orange County,404516.05339516746,4.88,2022.697619047619,3.06,24272.371428571427,0.5,16.7,6,3.9,Moderate,28181,-2.06,411767,2.69,1.95,7.51,3.61,31.57,2026-08-31,2026-08-31
Navarre,FL,"Pensacola-Ferry Pass-Brent, FL",Santa Rosa County,416562.7877141144,1.51,2084.559178743961,2.81,25014.710144927536,0.5,16.7,6.01,3.9,Moderate,NA,NA,207653,9.86,19.76,8.97,3.52,20.02,2026-08-31,2026-08-31
Piedmont,SC,"Greenville-Anderson, SC",Greenville County,305534.74951523537,2.52,1526.3333333333333,0.94,18316,0.5,16.7,5.99,3.9,Moderate,NA,NA,570745,8.25,17.14,7.49,6.9,31.24,2026-08-31,2026-08-31
Lapeer,MI,"Detroit-Warren-Dearborn, MI",Lapeer County,268336.4141635443,3.89,1340,NA,16080,0.499,16.7,5.99,3.9,Moderate,NA,NA,NA,NA,NA,NA,NA,NA,2026-08-31,2026-08-31
Shelbyville,KY,"Louisville/Jefferson County, KY-IN",Shelby County,308433.6215184857,-0.02,1544.111111111111,NA,18529.333333333332,0.501,16.6,6.01,3.9,Moderate,NA,NA,NA,NA,NA,NA,NA,NA,2026-08-31,2026-08-31
Bethel Park,PA,"Pittsburgh, PA",Allegheny County,305152.1850902452,2.1,1524.4047619047622,0.79,18292.857142857145,0.5,16.7,5.99,3.9,Moderate,32376,-3.4,1231814,-1.43,2.72,9.6,6.37,35.07,2026-08-31,2026-08-31
Granger,IN,"South Bend-Mishawaka, IN-MI",Saint Joseph County,418845.7476118992,4.08,2094.0666666666666,11.02,25128.8,0.5,16.7,6,3.9,Moderate,NA,NA,NA,NA,NA,NA,NA,NA,2026-08-31,2026-08-31
Suisun City,CA,"Vallejo, CA",Solano County,531493.7137027644,-1.36,2659.350505050505,-0.53,31912.206060606062,0.5,16.7,6,3.9,Moderate,29614,0.46,455101,0.49,7.61,4.68,3.13,36.77,2026-08-31,2026-08-31
Mountain Home,AR,"Mountain Home, AR",Baxter County,241532.78947490815,1.85,1208.3333333333333,NA,14500,0.5,16.7,6,3.9,Moderate,13348,3.95,43007,3.14,13.77,15.53,5.11,25.04,2026-08-31,2026-08-31
Severna Park,MD,"Baltimore-Columbia-Towson, MD",Anne Arundel County,751155.0600925334,2.87,3757.777777777778,NA,45093.333333333336,0.5,16.7,6,3.9,Moderate,NA,NA,NA,NA,NA,NA,NA,NA,2026-08-31,2026-08-31
Tullahoma,TN,"Tullahoma-Manchester, TN",Coffee County,295544.24824219535,2.67,1477.0833333333333,NA,17725,0.5,16.7,6,3.9,Moderate,NA,NA,NA,NA,NA,NA,NA,NA,2026-08-31,2026-08-31
Champlin,MN,"Minneapolis-St. Paul-Bloomington, MN-WI",Hennepin County,372801.0058613885,1.54,1861.6666666666667,NA,22340,0.499,16.7,5.99,3.9,Moderate,23045,-3.4,1273334,-0.65,4.24,5.29,5.38,37.05,2026-08-31,2026-08-31
Stephens City,VA,"Winchester, VA-WV",Frederick County,429022.6430889264,0.63,2147.7824074074074,-0.6,25773.38888888889,0.501,16.6,6.01,3.9,Moderate,2160,6.35,98109,6.75,18.52,6.22,3.38,21.98,2026-08-31,2026-08-31
Paris,TN,"Paris, TN",Henry County,216591.44806465783,6.07,1083.3333333333333,NA,13000,0.5,16.7,6,3.9,Moderate,NA,NA,NA,NA,NA,NA,NA,NA,2026-08-31,2026-08-31
Fresno,CA,"Fresno, CA",Fresno County,388924.26377353416,0.62,1940.5017875345857,3.44,23286.021450415028,0.499,16.7,5.99,3.89,Moderate,550105,1.36,1024125,1.44,-1.54,5.8,3.02,44.58,2026-08-31,2026-08-31
Tallahassee,FL,"Tallahassee, FL",Leon County,294444.1981337852,1.43,1470.0131060618212,1.55,17640.157272741853,0.499,16.7,5.99,3.89,Moderate,205089,3.61,300488,2.22,3.55,11.21,4.93,48.15,2026-08-31,2026-08-31
Conroe,TX,"Houston-The Woodlands-Sugar Land, TX",Montgomery County,312928.05538603105,-1.8,1561.1649769186006,-0.54,18733.979723023207,0.499,16.7,5.99,3.89,Moderate,114581,25.59,749613,19.86,40.55,7.22,7.84,28.27,2026-08-31,2026-08-31
Las Cruces,NM,"Las Cruces, NM",Dona Ana County,290169.6503711958,-0.68,1445.864249996603,0.5,17350.370999959236,0.498,16.7,5.98,3.89,Moderate,116998,4.72,NA,NA,NA,NA,NA,NA,2026-08-31,2026-08-31
Summerville,SC,"Charleston-North Charleston, SC",Dorchester County,379909.4769778352,-0.76,1894.6656857834132,4.37,22735.98822940096,0.499,16.7,5.98,3.89,Moderate,52625,3.27,174663,7.78,24.37,7.32,11.12,24.57,2026-08-31,2026-08-31
Pearland,TX,"Houston-The Woodlands-Sugar Land, TX",Brazoria County,380787.44392372906,-0.59,1897.9391308494723,0.76,22775.26957019367,0.498,16.7,5.98,3.89,Moderate,129620,2.86,413224,10.63,23.74,10.51,11.33,26,2026-08-31,2026-08-31
Madera,CA,"Madera, CA",Madera County,425529.6067341288,2.75,2120.1388888888887,2.37,25441.666666666664,0.498,16.7,5.98,3.89,Moderate,69094,3.87,165432,5.75,7.83,11.62,3.71,34.47,2026-08-31,2026-08-31
Longview,TX,"Longview, TX",Gregg County,235106.65711052375,0.6,1173.7714285714285,2.72,14085.257142857143,0.499,16.7,5.99,3.89,Moderate,83668,2.32,126679,1.9,-0.81,11.68,5.97,40.51,2026-08-31,2026-08-31
Plantation,FL,"Miami-Fort Lauderdale-Pompano Beach, FL",Broward County,495099.2462715499,-2.06,2469.8907419139127,0.81,29638.688902966955,0.499,16.7,5.99,3.89,Moderate,100694,9.35,2037472,4.84,14.84,13.18,6.08,36.74,2026-08-31,2026-08-31
District Heights,MD,"Washington-Arlington-Alexandria, DC-VA-MD-WV",Prince Georges County,339583.2713706372,-2.5,1693.8392857142856,3.64,20326.071428571428,0.499,16.7,5.99,3.89,Moderate,5916,-0.27,NA,NA,NA,NA,NA,NA,2026-08-31,2026-08-31
Westfield,MA,"Springfield, MA",Hampden County,388731.5690105751,3.93,1939.4761904761904,2.52,23273.714285714283,0.499,16.7,5.99,3.89,Moderate,40403,0.58,464151,0.09,4.76,6.59,3.41,37.78,2026-08-31,2026-08-31
Warsaw,IN,"Warsaw, IN",Kosciusko County,282499.6612399104,5.16,1410.5092592592591,3.84,16926.11111111111,0.499,16.7,5.99,3.89,Moderate,16111,1.92,80669,0.63,2.43,17.73,5.37,23.02,2026-08-31,2026-08-31
Tarpon Springs,FL,"Tampa-St. Petersburg-Clearwater, FL",Pinellas County,390467.7200088569,-1.43,1947.4545454545453,1.88,23369.454545454544,0.499,16.7,5.98,3.89,Moderate,26168,4.04,965870,0.63,3.8,18.32,8.78,30.56,2026-08-31,2026-08-31
Butte,MT,"Butte-Silver Bow, MT",Silver Bow County,289416.4613256117,4.08,1444.6931216931216,2.11,17336.31746031746,0.499,16.7,5.99,3.89,Moderate,NA,NA,36134,2.62,3.43,11.78,11.97,29.51,2026-08-31,2026-08-31
Huntington Station,NY,"New York-Newark-Jersey City, NY-NJ-PA",Suffolk County,674502.9678458191,0.09,3364.444444444445,NA,40373.333333333336,0.499,16.7,5.99,3.89,Moderate,NA,NA,NA,NA,NA,NA,NA,NA,2026-08-31,2026-08-31
Neosho,MO,"Joplin, MO",Newton County,232540.31185000148,5.47,1160,NA,13920,0.499,16.7,5.99,3.89,Moderate,NA,NA,NA,NA,NA,NA,NA,NA,2026-08-31,2026-08-31
Wendell,NC,"Raleigh-Cary, NC",Wake County,367247.0897283864,-1.23,1832.522222222222,-2.88,21990.266666666663,0.499,16.7,5.99,3.89,Moderate,16845,68.6,1232444,9,18.32,7.54,9.49,35.57,2026-08-31,2026-08-31
Danville,PA,"Bloomsburg-Berwick, PA",Montour County,281672.7988277581,4.29,1405.5555555555557,20.75,16866.666666666668,0.499,16.7,5.99,3.89,Moderate,4193,-1.09,18115,-0.09,3.42,5.27,1.59,32.93,2026-08-31,2026-08-31
Bennington,VT,"Bennington, VT",Bennington County,255469.57102799905,-1.23,1275,NA,15300,0.499,16.7,5.99,3.89,Moderate,NA,NA,NA,NA,NA,NA,NA,NA,2026-08-31,2026-08-31
Lakeport,CA,"Clearlake, CA",Lake County,360237.04554553697,-1.76,1794.4444444444443,NA,21533.333333333332,0.498,16.7,5.98,3.89,Moderate,NA,NA,NA,NA,NA,NA,NA,NA,2026-08-31,2026-08-31
Winooski,VT,"Burlington-South Burlington, VT",Chittenden County,433963.9903259511,-1.24,2166.305555555555,0.3,25995.666666666664,0.499,16.7,5.99,3.89,Moderate,8370,4,170851,1.44,4.59,4.84,1.57,36.44,2026-08-31,2026-08-31
Rockland,ME,NA,Knox County,344863.91485583264,-3.48,1719.111111111111,NA,20629.333333333332,0.498,16.7,5.98,3.89,Moderate,NA,NA,NA,NA,NA,NA,NA,NA,2026-08-31,2026-08-31
Osage Beach,MO,NA,Camden County,321574.24325374974,-7.21,1601.8333333333333,NA,19222,0.498,16.7,5.98,3.89,Moderate,NA,NA,NA,NA,NA,NA,NA,NA,2026-08-31,2026-08-31
O Fallon,MO,"St. Louis, MO-IL",Saint Charles County,379515.34663321497,1.72,1886.221696504689,3.91,22634.660358056266,0.497,16.8,5.96,3.88,Moderate,NA,NA,NA,NA,NA,NA,NA,NA,2026-08-31,2026-08-31
Palatine,IL,"Chicago-Naperville-Elgin, IL-IN-WI",Cook County,393104.2783490775,6.41,1953.263768115942,2.2,23439.165217391303,0.497,16.8,5.96,3.88,Moderate,65951,-2.54,5182617,-1.6,5.9,8.18,4.67,42.49,2026-08-31,2026-08-31
Dover,DE,"Dover, DE",Kent County,343272.5863836021,1.8,1707.0673076923076,4.56,20484.80769230769,0.497,16.8,5.97,3.88,Moderate,40191,1.99,192690,5.69,12.59,6.59,3.54,29.03,2026-08-31,2026-08-31
Los Banos,CA,"Merced, CA",Merced County,460798.05989551777,-1.67,2292.169312169312,2.71,27506.031746031746,0.497,16.8,5.97,3.88,Moderate,48684,6.49,296774,4.88,2.88,5.59,2.8,46.7,2026-08-31,2026-08-31
Springfield,TN,"Nashville-Davidson--Murfreesboro--Franklin, TN",Robertson County,331020.8811102104,0.34,1646.9682539682535,-1.64,19763.619047619042,0.498,16.7,5.97,3.88,Moderate,19842,5.49,78459,7.53,20.38,5.15,3.83,22.79,2026-08-31,2026-08-31
Latrobe,PA,"Pittsburgh, PA",Westmoreland County,211331.63225235883,-0.48,1051.6666666666667,7.95,12620,0.498,16.7,5.97,3.88,Moderate,7906,-1.91,350935,-0.96,3.65,8.33,4.09,21.75,2026-08-31,2026-08-31
Ansonia,CT,"New Haven-Milford, CT",New Haven County,385949.4142877664,3.57,1922.2222222222224,5.94,23066.666666666668,0.498,16.7,5.98,3.88,Moderate,19195,1.58,NA,NA,NA,NA,NA,NA,2026-08-31,2026-08-31
Castle Hayne,NC,"Wilmington, NC",New Hanover County,366396.2054350967,0.85,1823.9444444444443,NA,21887.333333333332,0.498,16.7,5.97,3.88,Moderate,NA,NA,243333,7.46,13.87,12.68,6.83,39.3,2026-08-31,2026-08-31
Chesterbrook,PA,"Philadelphia-Camden-Wilmington, PA-NJ-DE-MD",Chester County,518640.692323409,2.03,2581.6666666666665,NA,30980,0.498,16.7,5.97,3.88,Moderate,NA,NA,NA,NA,NA,NA,NA,NA,2026-08-31,2026-08-31
Garner,NC,"Raleigh-Cary, NC",Wake County,380169.54838631506,-1.83,1885.8976608187136,0.4,22630.771929824565,0.496,16.8,5.95,3.87,Moderate,39345,25.25,1232444,9,18.32,7.54,9.49,35.57,2026-08-31,2026-08-31
Palm Desert,CA,"Riverside-San Bernardino-Ontario, CA",Riverside County,538918.4086467418,-1.64,2676.6021505376343,4.1,32119.225806451614,0.497,16.8,5.96,3.87,Moderate,53147,3.81,2529933,4.34,7.33,11.37,4.89,31.14,2026-08-31,2026-08-31
Evesham Township,NJ,"Philadelphia-Camden-Wilmington, PA-NJ-DE-MD",Burlington County,502120.07550059445,3.36,2488.858974358974,5.46,29866.307692307688,0.496,16.8,5.95,3.87,Moderate,NA,NA,475515,2.99,9.35,5.16,3.54,24.27,2026-08-31,2026-08-31
Coraopolis,PA,"Pittsburgh, PA",Allegheny County,306098.25049754995,1.47,1518.0285087719296,2.2,18216.342105263157,0.496,16.8,5.95,3.87,Moderate,5340,-3.68,1231814,-1.43,2.72,9.6,6.37,35.07,2026-08-31,2026-08-31
Friendswood,TX,"Houston-The Woodlands-Sugar Land, TX",Galveston County,458238.0968594207,0.76,2270.972222222222,5.33,27251.666666666664,0.496,16.8,5.95,3.87,Moderate,41291,0.64,367407,4.49,11.39,13,8.22,32.51,2026-08-31,2026-08-31
Middle River,MD,"Baltimore-Columbia-Towson, MD",Baltimore County,335100.21161643096,0.53,1661.2380952380952,-1,19934.85714285714,0.496,16.8,5.95,3.87,Moderate,NA,NA,852425,-0.11,3.96,5.75,5.61,33.67,2026-08-31,2026-08-31
Elkridge,MD,"Baltimore-Columbia-Towson, MD",Howard County,481354.3741856257,-0.85,2386.9408080808084,5.21,28643.289696969703,0.496,16.8,5.95,3.87,Moderate,NA,NA,339668,2.06,3.73,3.55,5.06,28.29,2026-08-31,2026-08-31
Stroudsburg,PA,"East Stroudsburg, PA",Monroe County,355594.2811957849,2.99,1762.611111111111,NA,21151.333333333332,0.496,16.8,5.95,3.87,Moderate,5819,-2.02,166523,-1.07,1.94,23.78,3.78,20.47,2026-08-31,2026-08-31
Lindale,TX,"Tyler, TX",Smith County,296977.8223008094,-2.12,1472.6587301587304,NA,17671.904761904763,0.496,16.8,5.95,3.87,Moderate,7227,18.24,249091,6.36,10,17.21,17.96,30.69,2026-08-31,2026-08-31
Swartz Creek,MI,"Flint, MI",Genesee County,252761.55128358,4.43,1253.8333333333333,NA,15046,0.496,16.8,5.95,3.87,Moderate,5848,-0.66,402279,-0.87,3.33,9.45,3.6,29.16,2026-08-31,2026-08-31
Rogersville,MO,"Springfield, MO",Greene County,332358.4024328107,4.81,1647.5,NA,19770,0.496,16.8,5.95,3.87,Moderate,NA,NA,NA,NA,NA,NA,NA,NA,2026-08-31,2026-08-31
Monticello,MN,"Minneapolis-St. Paul-Bloomington, MN-WI",Wright County,331544.99348370655,1.22,1645.079365079365,5.55,19740.95238095238,0.496,16.8,5.95,3.87,Moderate,15482,6.84,154593,8.96,15.08,6.05,2.93,15.74,2026-08-31,2026-08-31
Davenport,IA,"Davenport-Moline-Rock Island, IA-IL",Scott County,196283.42386419707,3.61,971.3976530005942,4.34,11656.77183600713,0.495,16.8,5.94,3.86,Moderate,100938,-0.7,175601,0.56,4.16,6.98,5.79,30.4,2026-08-31,2026-08-31
Germantown,MD,"Washington-Arlington-Alexandria, DC-VA-MD-WV",Montgomery County,416883.7453125271,-2.22,2064.927093198639,1.95,24779.125118383665,0.495,16.8,5.94,3.86,Moderate,NA,NA,1082273,2.02,7.76,4.26,3.68,34.66,2026-08-31,2026-08-31
Hot Springs,AR,"Hot Springs, AR",Garland County,246145.40044306483,-0.09,1217.6666666666667,4.95,14612,0.495,16.8,5.94,3.86,Moderate,37971,0.09,99902,-0.36,6.83,16.75,7.72,30.77,2026-08-31,2026-08-31
Columbus,IN,"Columbus, IN",Bartholomew County,280502.6287330507,2.28,1389.784527972028,1.42,16677.414335664336,0.495,16.8,5.95,3.86,Moderate,51970,2.92,84741,3.07,4.56,7.13,3.3,30.08,2026-08-31,2026-08-31
Oxford,MS,"Oxford, MS",Lafayette County,416261.6306139731,3.26,2060.535714285714,4.65,24726.428571428572,0.495,16.8,5.94,3.86,Moderate,26801,5.08,59843,7.02,6.63,34.87,35.41,36.77,2026-08-31,2026-08-31
London,KY,"London, KY",Laurel County,181751.24246848657,-3.04,900,NA,10800,0.495,16.8,5.94,3.86,Moderate,NA,NA,NA,NA,NA,NA,NA,NA,2026-08-31,2026-08-31
Troy,OH,"Dayton-Kettering, OH",Miami County,284321.7146354888,2.29,1406.4979797979795,1.24,16877.975757575754,0.495,16.8,5.94,3.86,Moderate,27122,2.79,111950,2.74,10.5,5.24,3.26,26.6,2026-08-31,2026-08-31
Lemoore,CA,"Hanford-Corcoran, CA",Kings County,386383.3254814051,3.76,1913.0555555555552,2.48,22956.666666666664,0.495,16.8,5.94,3.86,Moderate,27057,-0.24,154913,1.38,4.25,6.34,2.45,45.18,2026-08-31,2026-08-31
Fair Lawn,NJ,"New York-Newark-Jersey City, NY-NJ-PA",Bergen County,729027.5537397367,7.32,3606.1111111111113,NA,43273.333333333336,0.495,16.8,5.94,3.86,Moderate,NA,NA,NA,NA,NA,NA,NA,NA,2026-08-31,2026-08-31
Plattsburgh,NY,"Plattsburgh, NY",Clinton County,254800.02692935368,5.87,1262.5,NA,15150,0.495,16.8,5.95,3.86,Moderate,NA,NA,NA,NA,NA,NA,NA,NA,2026-08-31,2026-08-31
Dunedin,FL,"Tampa-St. Petersburg-Clearwater, FL",Pinellas County,413231.42612441414,1.16,2043.6358974358975,4.8,24523.63076923077,0.495,16.9,5.93,3.86,Moderate,35932,-0.38,965870,0.63,3.8,18.32,8.78,30.56,2026-08-31,2026-08-31
Norfolk,NE,"Norfolk, NE",Madison County,259094.5716647188,4.01,1281.236111111111,2.86,15374.833333333332,0.495,16.9,5.93,3.86,Moderate,26162,1.05,35579,0.14,-6.16,7.93,7.02,32.45,2026-08-31,2026-08-31
Waynesville,NC,"Asheville, NC",Haywood County,355574.0755720855,-3.23,1758.3333333333333,4.89,21100,0.495,16.9,5.93,3.86,Moderate,10709,4.54,63048,1.33,9.72,24.17,3.39,24.99,2026-08-31,2026-08-31
Citrus Park,FL,"Tampa-St. Petersburg-Clearwater, FL",Hillsborough County,423300.3246324768,0.01,2095.76455026455,-2.61,25149.1746031746,0.495,16.8,5.94,3.86,Moderate,NA,NA,1581426,7.85,12.2,7.8,6.74,38.94,2026-08-31,2026-08-31
Isla Vista,CA,"Santa Maria-Santa Barbara, CA",Santa Barbara County,1480803.3520055965,-7.25,7331.666666666667,NA,87980,0.495,16.8,5.94,3.86,Moderate,NA,NA,NA,NA,NA,NA,NA,NA,2026-08-31,2026-08-31
New London,CT,"Norwich-New London, CT",New London County,331434.9548327103,5.4,1641.207326007326,5.34,19694.487912087912,0.495,16.8,5.94,3.86,Moderate,28081,4.82,NA,NA,NA,NA,NA,NA,2026-08-31,2026-08-31
Lathrop,CA,"Stockton, CA",San Joaquin County,627222.4768577506,-3.89,3100.566666666666,1.87,37206.799999999996,0.494,16.9,5.93,3.86,Moderate,40860,40.3,816108,4.54,9.17,6.02,3.67,38.47,2026-08-31,2026-08-31
Radford,VA,"Blacksburg-Christiansburg, VA",Pulaski County,271086.5461744887,3.18,1340.0833333333333,6.35,16081,0.494,16.9,5.93,3.86,Moderate,17273,7.19,33579,-0.65,5.18,15.57,4.19,27.85,2026-08-31,2026-08-31
Springtown,TX,"Dallas-Fort Worth-Arlington, TX",Parker County,391078.5748778766,0.56,1937.5,NA,23250,0.495,16.8,5.95,3.86,Moderate,NA,NA,NA,NA,NA,NA,NA,NA,2026-08-31,2026-08-31
Southbridge,MA,"Worcester, MA-CT",Worcester County,379844.5936257465,2.18,1879.7222222222224,NA,22556.666666666668,0.495,16.8,5.94,3.86,Moderate,NA,NA,881248,2.82,8.7,5.7,3.41,34.33,2026-08-31,2026-08-31
Saint Albans,VT,"Burlington-South Burlington, VT",Franklin County,363343.9214835072,0.29,1797.5,NA,21570,0.495,16.8,5.94,3.86,Moderate,NA,NA,NA,NA,NA,NA,NA,NA,2026-08-31,2026-08-31
East Lyme,CT,"Norwich-New London, CT",New London County,535447.7277286107,5.28,2652.9166666666665,NA,31835,0.495,16.8,5.95,3.86,Moderate,NA,NA,NA,NA,NA,NA,NA,NA,2026-08-31,2026-08-31
Oxford,FL,"The Villages, FL",Sumter County,353893.2950145208,-0.87,1751.5666666666666,1.55,21018.8,0.495,16.8,5.94,3.86,Moderate,NA,NA,154693,18.72,29.98,16.71,16.47,11.9,2026-08-31,2026-08-31
Spring,TX,"Houston-The Woodlands-Sugar Land, TX",Harris County,363172.76964998135,-0.66,1794.8225694263103,0.63,21537.870833115725,0.494,16.9,5.93,3.85,Moderate,NA,NA,5009302,5.78,13.97,8.3,8.76,45.24,2026-08-31,2026-08-31
York,PA,"York-Hanover, PA",York County,279742.3343664194,3.58,1380.5412442854304,4.2,16566.494931425164,0.494,16.9,5.92,3.85,Moderate,45241,1.02,471240,3.17,10.19,4.45,2.79,24.17,2026-08-31,2026-08-31
Yuma,AZ,"Yuma, AZ",Yuma County,295611.48754230817,0.33,1459.3573607932876,3.08,17512.28832951945,0.494,16.9,5.92,3.85,Moderate,103559,6.39,220310,7.12,18.3,18.12,5.27,29.98,2026-08-31,2026-08-31
Sterling Heights,MI,"Detroit-Warren-Dearborn, MI",Macomb County,308784.22774375195,1.41,1525.6009316770187,0.24,18307.211180124224,0.494,16.9,5.93,3.85,Moderate,134342,0.17,886175,0.67,8.17,4.12,3.23,25.04,2026-08-31,2026-08-31
Bloomington,IL,"Bloomington, IL",McLean County,270348.734193315,2.05,1336.130929174789,4.98,16033.571150097467,0.494,16.9,5.93,3.85,Moderate,79232,0.69,172069,0.49,1.98,8.05,6.82,34.78,2026-08-31,2026-08-31
Evanston,IL,"Chicago-Naperville-Elgin, IL-IN-WI",Cook County,493385.2041509132,8.47,2437.8885528673836,4.31,29254.662634408603,0.494,16.9,5.93,3.85,Moderate,76006,-2.33,5182617,-1.6,5.9,8.18,4.67,42.49,2026-08-31,2026-08-31
Aiken,SC,"Augusta-Richmond County, GA-SC",Aiken County,280880.1416998962,3.53,1387.382243487507,1.33,16648.58692185008,0.494,16.9,5.93,3.85,Moderate,32694,1.67,179245,5.95,10.9,12.84,4.81,23.33,2026-08-31,2026-08-31
Stratford,CT,"Bridgeport-Stamford-Norwalk, CT",Fairfield County,470097.87776264775,4.97,2318.809523809524,9.25,27825.714285714286,0.493,16.9,5.92,3.85,Moderate,NA,NA,NA,NA,NA,NA,NA,NA,2026-08-31,2026-08-31
Indian Trail,NC,"Charlotte-Concord-Gastonia, NC-SC",Union County,414347.7719692702,-2.42,2045.3961144427788,4.38,24544.753373313346,0.494,16.9,5.92,3.85,Moderate,43867,8.84,263386,9.89,19.55,5.19,2.44,18.15,2026-08-31,2026-08-31
Clover,SC,"Charlotte-Concord-Gastonia, NC-SC",York County,414517.2643802682,-0.29,2048.569444444445,3.24,24582.833333333336,0.494,16.9,5.93,3.85,Moderate,7558,11.47,303001,6.74,13.44,5.45,4.52,26.57,2026-08-31,2026-08-31
Groton,CT,"Norwich-New London, CT",New London County,447813.44668600505,5.85,2207.5375939849623,9.79,26490.45112781955,0.493,16.9,5.92,3.85,Moderate,10160,8.54,NA,NA,NA,NA,NA,NA,2026-08-31,2026-08-31
Staunton,VA,"Staunton, VA",Augusta County,316193.35828851006,4.82,1562.0952380952378,1.86,18745.142857142855,0.494,16.9,5.93,3.85,Moderate,26361,2.14,78622,1.33,9.7,6.83,2.8,21.05,2026-08-31,2026-08-31
Lewiston,ME,"Lewiston-Auburn, ME",Androscoggin County,298173.84022348374,1.22,1471.1444444444444,1.75,17653.733333333334,0.493,16.9,5.92,3.85,Moderate,38772,4.48,115272,3.68,8.08,7.11,1.58,32.64,2026-08-31,2026-08-31
Hermiston,OR,"Hermiston-Pendleton, OR",Umatilla County,345761.4729320506,1.92,1708.0555555555557,6.45,20496.666666666668,0.494,16.9,5.93,3.85,Moderate,NA,NA,NA,NA,NA,NA,NA,NA,2026-08-31,2026-08-31
Mount Dora,FL,"Orlando-Kissimmee-Sanford, FL",Lake County,387766.0640949676,-1.37,1916.1840909090909,4.29,22994.20909090909,0.494,16.9,5.93,3.85,Moderate,18261,11.31,444204,15.01,42.09,12.7,9.37,23.35,2026-08-31,2026-08-31
Sun City West,AZ,"Phoenix-Mesa-Chandler, AZ",Maricopa County,374809.9489883813,-1.86,1849.7222222222224,1.97,22196.666666666668,0.494,16.9,5.92,3.85,Moderate,NA,NA,4673096,5.12,9.38,8.29,5.4,34.99,2026-08-31,2026-08-31
Fernley,NV,"Fallon, NV",Churchill County,402807.3655835632,3.52,1988.2777777777776,5.27,23859.333333333332,0.494,16.9,5.92,3.85,Moderate,25508,10.78,26033,1.78,6.95,10.95,2.2,31.95,2026-08-31,2026-08-31
Chapin,SC,"Columbia, SC",Lexington County,444422.12749247294,2.29,2194.6666666666665,NA,26336,0.494,16.9,5.93,3.85,Moderate,1934,6.5,313774,6.37,11.83,7.71,3.5,23.15,2026-08-31,2026-08-31
Charles Town,WV,"Washington-Arlington-Alexandria, DC-VA-MD-WV",Jefferson County,407437.3960739702,3.35,2010.9130952380951,4.3,24130.957142857143,0.494,16.9,5.92,3.85,Moderate,8869,35.9,61264,6.02,25.09,9.47,4.36,20.76,2026-08-31,2026-08-31
Burtonsville,MD,"Washington-Arlington-Alexandria, DC-VA-MD-WV",Montgomery County,469649.9325551288,-1.4,2318.1388888888887,NA,27817.666666666664,0.494,16.9,5.92,3.85,Moderate,NA,NA,1082273,2.02,7.76,4.26,3.68,34.66,2026-08-31,2026-08-31
Dunsmuir,CA,NA,Siskiyou County,232923.79780512073,-1.36,1150,NA,13800,0.494,16.9,5.92,3.85,Moderate,NA,NA,NA,NA,NA,NA,NA,NA,2026-08-31,2026-08-31
Lexington,MN,"Minneapolis-St. Paul-Bloomington, MN-WI",Anoka County,321492.81016434904,0.68,1585.8333333333333,NA,19030,0.493,16.9,5.92,3.85,Moderate,NA,NA,NA,NA,NA,NA,NA,NA,2026-08-31,2026-08-31
Chesapeake,VA,"Virginia Beach-Norfolk-Newport News, VA-NC",Chesapeake City,425375.2539044842,3.6,2091.7230889841035,6.67,25100.677067809243,0.492,16.9,5.9,3.84,Moderate,254997,2.11,NA,NA,NA,NA,NA,NA,2026-08-31,2026-08-31
Hamilton,OH,"Cincinnati, OH-KY-IN",Butler County,307194.7670344265,3.6,1511.6965811965813,3.58,18140.358974358976,0.492,16.9,5.91,3.84,Moderate,63953,0.84,399542,2.21,8.05,6.17,4.38,30.13,2026-08-31,2026-08-31
League City,TX,"Houston-The Woodlands-Sugar Land, TX",Galveston County,373552.2361497266,0.69,1837.9036658141515,2.05,22054.84398976982,0.492,16.9,5.9,3.84,Moderate,118456,3.31,367407,4.49,11.39,13,8.22,32.51,2026-08-31,2026-08-31
Troy,NY,"Albany-Schenectady-Troy, NY",Rensselaer County,300986.8613317325,5.03,1483.44708994709,7.28,17801.36507936508,0.493,16.9,5.91,3.84,Moderate,51065,-0.48,160749,-0.09,6.31,10.96,7.03,35.91,2026-08-31,2026-08-31
Crown Point,IN,"Chicago-Naperville-Elgin, IL-IN-WI",Lake County,361709.5488875822,1.7,1782.3502164502167,3.59,21388.2025974026,0.493,16.9,5.91,3.84,Moderate,35097,3.24,502955,0.8,4.19,10.57,4.92,29.14,2026-08-31,2026-08-31
Hoffman Estates,IL,"Chicago-Naperville-Elgin, IL-IN-WI",Cook County,408239.715589252,6.32,2011.6064814814815,3.81,24139.277777777777,0.493,16.9,5.91,3.84,Moderate,50920,-2.79,5182617,-1.6,5.9,8.18,4.67,42.49,2026-08-31,2026-08-31
Farmington,MO,"Farmington, MO",Saint Francois County,259689.4487743673,4.58,1277.5,NA,15330,0.492,16.9,5.9,3.84,Moderate,NA,NA,NA,NA,NA,NA,NA,NA,2026-08-31,2026-08-31
La Grange,KY,"Louisville/Jefferson County, KY-IN",Oldham County,398853.6559746948,1.29,1962.5,NA,23550,0.492,16.9,5.9,3.84,Moderate,NA,NA,NA,NA,NA,NA,NA,NA,2026-08-31,2026-08-31
White Bear Lake,MN,"Minneapolis-St. Paul-Bloomington, MN-WI",Ramsey County,358126.00032355456,2.87,1764.7936507936508,1.88,21177.52380952381,0.493,16.9,5.91,3.84,Moderate,23479,-5.29,542015,-1.76,3.41,5.41,6.16,38.97,2026-08-31,2026-08-31
Elko,NV,"Elko, NV",Elko County,363381.1596675015,2.12,1788.2,NA,21458.4,0.492,16.9,5.91,3.84,Moderate,20822,1.29,54363,1.28,-1.38,11.29,10.03,29.55,2026-08-31,2026-08-31
Highland,MI,"Detroit-Warren-Dearborn, MI",Oakland County,386435.4606178513,3.48,1900,NA,22800,0.492,16.9,5.9,3.84,Moderate,NA,NA,NA,NA,NA,NA,NA,NA,2026-08-31,2026-08-31
La Pine,OR,"Bend, OR",Deschutes County,402552.2923246205,-3.1,1980.8333333333337,NA,23770.000000000004,0.492,16.9,5.9,3.84,Moderate,NA,NA,NA,NA,NA,NA,NA,NA,2026-08-31,2026-08-31
Farmington,AR,"Fayetteville-Springdale-Rogers, AR",Washington County,337020.4642793888,3.42,1657.0833333333333,0.73,19885,0.492,16.9,5.9,3.84,Moderate,10473,37.4,266184,7.86,10.41,7.47,4.52,44.44,2026-08-31,2026-08-31
Bloomington,IN,"Bloomington, IN",Monroe County,315771.9528252645,1.41,1548.8953846153847,2.08,18586.744615384618,0.491,17,5.89,3.83,Moderate,79986,-0.19,140702,0.04,-1.41,10.16,6.86,45.17,2026-08-31,2026-08-31
Johnson City,TN,"Johnson City, TN",Washington County,295339.3678740096,1.35,1448.7417027417025,2.58,17384.90043290043,0.491,17,5.89,3.83,Moderate,73635,3.53,139642,4.82,10.43,8.45,4.02,35.55,2026-08-31,2026-08-31
Eustis,FL,"Orlando-Kissimmee-Sanford, FL",Lake County,336199.825123187,-1.39,1652.047138047138,1.08,19824.565656565657,0.491,17,5.9,3.83,Moderate,25067,7.89,444204,15.01,42.09,12.7,9.37,23.35,2026-08-31,2026-08-31
Plainview,NY,"New York-Newark-Jersey City, NY-NJ-PA",Nassau County,992967.9113150156,6.06,4880.555555555556,NA,58566.66666666667,0.492,17,5.9,3.83,Moderate,NA,NA,NA,NA,NA,NA,NA,NA,2026-08-31,2026-08-31
Mount Pleasant,WI,"Racine, WI",Racine County,350292.3205332896,5.61,1719.7267917267916,7.53,20636.721500721498,0.491,17,5.89,3.83,Moderate,28184,1.55,198651,0.3,6.1,6.44,5.54,28.85,2026-08-31,2026-08-31
Bourbonnais,IL,"Kankakee, IL",Kankakee County,302358.44882305764,5.49,1485.2777777777776,2.71,17823.333333333332,0.491,17,5.89,3.83,Moderate,18083,-0.07,106410,-0.92,0.69,9.91,3.26,31.23,2026-08-31,2026-08-31
Blythewood,SC,"Columbia, SC",Richland County,340793.6948736099,0.88,1671.4074074074072,1.47,20056.888888888887,0.49,17,5.89,3.83,Moderate,6733,38.54,430651,3.6,10.35,10.74,5.98,39.63,2026-08-31,2026-08-31
Batesville,AR,"Batesville, AR",Independence County,180401.65650771628,6.08,885.4166666666666,NA,10625,0.491,17,5.89,3.83,Moderate,NA,NA,NA,NA,NA,NA,NA,NA,2026-08-31,2026-08-31
Pikesville,MD,"Baltimore-Columbia-Towson, MD",Baltimore County,431308.2559172186,1.53,2119.166666666667,NA,25430.000000000004,0.491,17,5.9,3.83,Moderate,NA,NA,NA,NA,NA,NA,NA,NA,2026-08-31,2026-08-31
Spencerport,NY,"Rochester, NY",Monroe County,330758.62094235275,6.39,1625,NA,19500,0.491,17,5.9,3.83,Moderate,3616,-1.71,752202,-0.73,1.18,6.27,5.62,36.48,2026-08-31,2026-08-31
Dallas,PA,"Scranton--Wilkes-Barre, PA",Luzerne County,310747.27044973796,0.85,1525,NA,18300,0.491,17,5.89,3.83,Moderate,NA,NA,NA,NA,NA,NA,NA,NA,2026-08-31,2026-08-31
Myerstown,PA,"Lebanon, PA",Lebanon County,326085.020271471,5.55,1600,NA,19200,0.491,17,5.89,3.83,Moderate,NA,NA,NA,NA,NA,NA,NA,NA,2026-08-31,2026-08-31
Suffern,NY,"New York-Newark-Jersey City, NY-NJ-PA",Rockland County,596730.0968926437,3.65,2926.333333333333,NA,35116,0.49,17,5.88,3.83,Moderate,NA,NA,NA,NA,NA,NA,NA,NA,2026-08-31,2026-08-31
Hartsdale,NY,"New York-Newark-Jersey City, NY-NJ-PA",Westchester County,738043.1446744347,8.14,3625,NA,43500,0.491,17,5.89,3.83,Moderate,NA,NA,NA,NA,NA,NA,NA,NA,2026-08-31,2026-08-31
Athol,MA,"Worcester, MA-CT",Worcester County,336064.2955613127,0.94,1650,NA,19800,0.491,17,5.89,3.83,Moderate,NA,NA,NA,NA,NA,NA,NA,NA,2026-08-31,2026-08-31
Troutman,NC,"Charlotte-Concord-Gastonia, NC-SC",Iredell County,395597.38942880166,0.1,1943.8333333333333,11.42,23326,0.491,17,5.9,3.83,Moderate,4234,11.19,206361,9.94,28.47,9.63,3.66,28.53,2026-08-31,2026-08-31
Doctor Phillips,FL,"Orlando-Kissimmee-Sanford, FL",Orange County,537171.8217359037,-0.25,2635.285714285714,2.64,31623.428571428572,0.491,17,5.89,3.83,Moderate,NA,NA,1533646,7.12,16.48,11.72,10.93,42.64,2026-08-31,2026-08-31
Palmyra,NY,"Rochester, NY",Wayne County,245943.144565782,4.06,1207.5,NA,14490,0.491,17,5.89,3.83,Moderate,NA,NA,NA,NA,NA,NA,NA,NA,2026-08-31,2026-08-31
Elm Grove,WI,"Milwaukee-Waukesha, WI",Waukesha County,696876.2286039939,6.28,3420.5,NA,41046,0.491,17,5.89,3.83,Moderate,NA,NA,NA,NA,NA,NA,NA,NA,2026-08-31,2026-08-31
Albany,NY,"Albany-Schenectady-Troy, NY",Albany County,332656.8860721953,4.23,1631.0186611881527,4.87,19572.223934257832,0.49,17,5.88,3.82,Moderate,101317,2.75,319964,1.89,6.58,9.68,4.33,43.28,2026-08-31,2026-08-31
Germantown,TN,"Memphis, TN-MS-AR",Shelby County,485906.74306765944,-0.98,2380.866452991453,3.82,28570.397435897437,0.49,17,5.88,3.82,Moderate,40128,-2.75,910530,-2.07,-7.65,10.56,7.81,45.42,2026-08-31,2026-08-31
Tehachapi,CA,"Bakersfield, CA",Kern County,424296.2090523624,0.66,2079.861111111111,3.75,24958.33333333333,0.49,17,5.88,3.82,Moderate,11114,-14.61,922529,1.81,2.68,7.58,3.4,40.19,2026-08-31,2026-08-31
Amityville,NY,"New York-Newark-Jersey City, NY-NJ-PA",Suffolk County,643301.0649957639,0.86,3152.222222222222,NA,37826.666666666664,0.49,17,5.88,3.82,Moderate,9718,2.61,1535909,0.9,2.22,11.64,3.67,18.09,2026-08-31,2026-08-31
Mount Holly,NC,"Charlotte-Concord-Gastonia, NC-SC",Gaston County,358146.9729970535,0.63,1755.969696969697,3.22,21071.636363636364,0.49,17,5.88,3.82,Moderate,18723,5.4,242010,5.85,15.72,7.81,5.03,34.18,2026-08-31,2026-08-31
West Deptford Township,NJ,"Philadelphia-Camden-Wilmington, PA-NJ-DE-MD",Gloucester County,361823.17243964854,5.38,1771.138888888889,NA,21253.666666666668,0.49,17,5.87,3.82,Moderate,NA,NA,311783,3.04,8.48,4.88,3.06,20.57,2026-08-31,2026-08-31
South Amboy,NJ,"New York-Newark-Jersey City, NY-NJ-PA",Middlesex County,530948.5167037443,2.75,2597.0416666666665,1.98,31164.5,0.489,17,5.87,3.82,Moderate,10549,12.58,890119,3.33,12.92,3.48,2.61,36.53,2026-08-31,2026-08-31
Mars,PA,"Pittsburgh, PA",Butler County,558590.2437585931,2.78,2732.777777777778,NA,32793.333333333336,0.489,17,5.87,3.82,Moderate,1415,-3.08,199341,2.72,5.8,7.12,5.23,23.63,2026-08-31,2026-08-31
Burnet,TX,NA,Burnet County,403376.49272649473,-1.32,1975,NA,23700,0.49,17,5.88,3.82,Moderate,NA,NA,NA,NA,NA,NA,NA,NA,2026-08-31,2026-08-31
Johnstown,OH,"Columbus, OH",Licking County,445924.67947681464,5.73,2182.5833333333335,NA,26191,0.489,17,5.87,3.82,Moderate,5356,3.14,184898,3.41,7.71,6.46,4.85,26.27,2026-08-31,2026-08-31
Breinigsville,PA,"Allentown-Bethlehem-Easton, PA-NJ",Lehigh County,489671.8085827877,2.82,2399.785714285714,5.4,28797.428571428572,0.49,17,5.88,3.82,Moderate,NA,NA,385655,2.98,11.77,4.72,3.33,34.79,2026-08-31,2026-08-31
Bath,ME,"Portland-South Portland, ME",Sagadahoc County,378676.2491941472,0.46,1854.1666666666667,NA,22250,0.49,17,5.88,3.82,Moderate,NA,NA,NA,NA,NA,NA,NA,NA,2026-08-31,2026-08-31
Vernal,UT,"Vernal, UT",Uintah County,297881.9671479801,4.11,1460.4166666666667,NA,17525,0.49,17,5.88,3.82,Moderate,NA,NA,NA,NA,NA,NA,NA,NA,2026-08-31,2026-08-31
Springfield,MO,"Springfield, MO",Greene County,245881.51881219575,2.93,1199.704351276646,5.22,14396.452215319754,0.488,17.1,5.86,3.81,Moderate,170596,0.85,307942,2.88,8.4,4.51,2.53,43.14,2026-08-31,2026-08-31
Worcester,MA,"Worcester, MA-CT",Worcester County,435944.3104931996,1.6,2129.9580829503943,0.38,25559.496995404734,0.489,17.1,5.86,3.81,Moderate,211286,4.35,881248,2.82,8.7,5.7,3.41,34.33,2026-08-31,2026-08-31
Maryville,TN,"Knoxville, TN",Blount County,394655.9524117968,2.45,1926.4918546365916,2.14,23117.9022556391,0.488,17.1,5.86,3.81,Moderate,32373,1.13,142211,4.83,9.42,10.61,3.93,23.05,2026-08-31,2026-08-31
North Bergen Township,NJ,"New York-Newark-Jersey City, NY-NJ-PA",Hudson County,585094.7188995901,1.73,2856.2948253437385,3.83,34275.53790412486,0.488,17.1,5.86,3.81,Moderate,NA,NA,736185,1.98,14.43,6.78,4.46,68.82,2026-08-31,2026-08-31
Hyattsville,MD,"Washington-Arlington-Alexandria, DC-VA-MD-WV",Prince Georges County,400290.7484747575,-3.27,1954.9925575836592,-1.39,23459.91069100391,0.488,17.1,5.86,3.81,Moderate,21052,-0.41,NA,NA,NA,NA,NA,NA,2026-08-31,2026-08-31
Palmer,AK,"Anchorage, AK",Matanuska Susitna Borough,440226.6214054381,9.31,2149.5833333333335,NA,25795,0.488,17.1,5.86,3.81,Moderate,NA,NA,NA,NA,NA,NA,NA,NA,2026-08-31,2026-08-31
Red Bluff,CA,"Red Bluff, CA",Tehama County,314800.88663124474,3.25,1538.0833333333333,4.22,18457,0.489,17.1,5.86,3.81,Moderate,14286,-3.09,64451,-1.89,-6.66,10.67,1.77,32.42,2026-08-31,2026-08-31
Macungie,PA,"Allentown-Bethlehem-Easton, PA-NJ",Lehigh County,451485.3110695961,3.02,2208.1388888888887,0.57,26497.666666666664,0.489,17,5.87,3.81,Moderate,3335,2.49,385655,2.98,11.77,4.72,3.33,34.79,2026-08-31,2026-08-31
Dayton,NV,"Fernley, NV",Lyon County,458178.8656221312,1.86,2238.055555555556,NA,26856.66666666667,0.488,17.1,5.86,3.81,Moderate,NA,NA,NA,NA,NA,NA,NA,NA,2026-08-31,2026-08-31
Trinidad,CO,NA,Las Animas County,230437.4335417476,-5.35,1125,NA,13500,0.488,17.1,5.86,3.81,Moderate,NA,NA,NA,NA,NA,NA,NA,NA,2026-08-31,2026-08-31
Virginia Beach,VA,"Virginia Beach-Norfolk-Newport News, VA-NC",Virginia Beach City,427730.31489755,3.27,2086.265411874947,6.66,25035.184942499363,0.488,17.1,5.85,3.8,Moderate,454808,-1.06,NA,NA,NA,NA,NA,NA,2026-08-31,2026-08-31
Mechanicsburg,PA,"Harrisburg-Carlisle, PA",Cumberland County,402871.6989986113,1.06,1963.4773231031545,3.35,23561.727877237856,0.487,17.1,5.85,3.8,Moderate,10085,7.73,275516,5.86,13.9,4.61,1.99,28.63,2026-08-31,2026-08-31
Lebanon,PA,"Lebanon, PA",Lebanon County,293060.34827201354,5.12,1429.388306138306,-0.19,17152.659673659673,0.488,17.1,5.85,3.8,Moderate,26456,-1.22,145319,1.41,6.01,6.27,4.84,28.75,2026-08-31,2026-08-31
Massillon,OH,"Canton-Massillon, OH",Stark County,221683.59135122583,3.25,1080.4761904761906,5.44,12965.714285714286,0.487,17.1,5.85,3.8,Moderate,32750,2.19,374091,-0.12,4.1,7.26,2.95,31.43,2026-08-31,2026-08-31
West Bloomfield,MI,"Detroit-Warren-Dearborn, MI",Oakland County,457173.1950065996,2.79,2226.803703703704,6.05,26721.644444444446,0.487,17.1,5.84,3.8,Moderate,NA,NA,1296888,1.91,10.58,5.25,6.51,27.73,2026-08-31,2026-08-31
Coon Rapids,MN,"Minneapolis-St. Paul-Bloomington, MN-WI",Anoka County,330972.8914930229,2.11,1611.012955465587,4.11,19332.155465587046,0.487,17.1,5.84,3.8,Moderate,63807,0.32,376840,3.38,6.34,2.91,3.32,20.04,2026-08-31,2026-08-31
Bristol,CT,"Hartford-East Hartford-Middletown, CT",Hartford County,350636.89854327514,5.8,1709.130892255892,5.98,20509.570707070703,0.487,17.1,5.85,3.8,Moderate,62195,2.39,NA,NA,NA,NA,NA,NA,2026-08-31,2026-08-31
Saint Louis Park,MN,"Minneapolis-St. Paul-Bloomington, MN-WI",Hennepin County,380129.1770278314,0.74,1853.6686143324416,3.63,22244.0233719893,0.488,17.1,5.85,3.8,Moderate,NA,NA,1273334,-0.65,4.24,5.29,5.38,37.05,2026-08-31,2026-08-31
Ooltewah,TN,"Chattanooga, TN-GA",Hamilton County,439586.48996456485,-1.38,2140.402777777778,1.44,25684.833333333336,0.487,17.1,5.84,3.8,Moderate,NA,NA,386256,4.99,11.65,8.63,4.18,35.65,2026-08-31,2026-08-31
Imperial,MO,"St. Louis, MO-IL",Jefferson County,330926.5948571828,3.42,1614.1666666666667,NA,19370,0.488,17.1,5.85,3.8,Moderate,NA,NA,NA,NA,NA,NA,NA,NA,2026-08-31,2026-08-31
Sycamore,IL,"Chicago-Naperville-Elgin, IL-IN-WI",DeKalb County,322726.98625349684,3.8,1572.9166666666667,NA,18875,0.487,17.1,5.85,3.8,Moderate,18968,1.57,101335,0.96,4.64,5.27,2.95,39.14,2026-08-31,2026-08-31
Senoia,GA,"Atlanta-Sandy Springs-Alpharetta, GA",Coweta County,509773.6996416587,1.34,2483.1666666666665,NA,29798,0.487,17.1,5.85,3.8,Moderate,NA,NA,NA,NA,NA,NA,NA,NA,2026-08-31,2026-08-31
Prairie Grove,AR,"Fayetteville-Springdale-Rogers, AR",Washington County,321005.7596211059,3.83,1564.5555555555557,0.74,18774.666666666668,0.487,17.1,5.85,3.8,Moderate,8589,20.41,266184,7.86,10.41,7.47,4.52,44.44,2026-08-31,2026-08-31
Windsor Heights,IA,"Des Moines-West Des Moines, IA",Polk County,287319.8475735176,1.27,1400.4166666666667,NA,16805,0.487,17.1,5.85,3.8,Moderate,5106,-2.48,516185,4.69,12.01,5.87,5,32.93,2026-08-31,2026-08-31
Waller,TX,"Houston-The Woodlands-Sugar Land, TX",Waller County,293223.1208521803,2.58,1430.227777777778,2.99,17162.733333333337,0.488,17.1,5.85,3.8,Moderate,4138,53.2,65109,13.65,12.62,9.85,7.28,29.45,2026-08-31,2026-08-31
Greer,SC,"Greenville-Anderson, SC",Greenville County,350509.69919053925,1.54,1705.2333333333331,2.13,20462.799999999996,0.487,17.1,5.84,3.79,Moderate,46316,29.27,570745,8.25,17.14,7.49,6.9,31.24,2026-08-31,2026-08-31
Yuba City,CA,"Yuba City, CA",Sutter County,439108.1119181291,0.24,2135.7272727272725,0.7,25628.727272727272,0.486,17.1,5.84,3.79,Moderate,69148,-1.32,98545,-0.94,-2.01,4.16,1.45,40.82,2026-08-31,2026-08-31
Grove City,OH,"Columbus, OH",Franklin County,332587.66943090915,1.6,1615.0598290598289,5.28,19380.717948717946,0.486,17.2,5.83,3.79,Moderate,44019,6.55,1356303,2.4,7.58,6.96,3.98,47.03,2026-08-31,2026-08-31
New Albany,IN,"Louisville/Jefferson County, KY-IN",Floyd County,239041.18017114335,2.93,1161.405982905983,1.82,13936.871794871795,0.486,17.2,5.83,3.79,Moderate,37652,-0.38,81931,1.76,15.1,9.91,9.79,26.9,2026-08-31,2026-08-31
Milford,CT,"New Haven-Milford, CT",New Haven County,510828.2210377233,4.64,2482.362637362637,4.26,29788.351648351643,0.486,17.1,5.83,3.79,Moderate,53396,2.75,NA,NA,NA,NA,NA,NA,2026-08-31,2026-08-31
Williamsport,PA,"Williamsport, PA",Lycoming County,211473.69585945937,3.28,1028.2777777777778,2.78,12339.333333333334,0.486,17.1,5.83,3.79,Moderate,27628,-0.43,113236,-0.78,1.85,12.32,5.15,30.8,2026-08-31,2026-08-31
Greeneville,TN,"Greeneville, TN",Greene County,248512.7031400856,1.91,1206.1507936507935,8.29,14473.809523809523,0.485,17.2,5.82,3.79,Moderate,15979,3.02,73398,4.34,17.97,13.48,8.49,24.09,2026-08-31,2026-08-31
Perrysburg,OH,"Toledo, OH",Wood County,338530.84458214307,2.74,1645.476160990712,3.7,19745.713931888546,0.486,17.1,5.83,3.79,Moderate,25313,1.09,133077,0.61,2,5.46,2.9,35.44,2026-08-31,2026-08-31
Glastonbury,CT,"Hartford-East Hartford-Middletown, CT",Hartford County,560399.6386505733,5.44,2720.0071428571428,2.5,32640.085714285713,0.485,17.2,5.82,3.79,Moderate,NA,NA,NA,NA,NA,NA,NA,NA,2026-08-31,2026-08-31
Dawsonville,GA,"Atlanta-Sandy Springs-Alpharetta, GA",Dawson County,436966.67313326447,-0.19,2124.962418300653,2.74,25499.54901960784,0.486,17.1,5.84,3.79,Moderate,4875,28.87,33748,24.71,58.26,13.46,4.4,21.62,2026-08-31,2026-08-31
Merrimack,NH,"Manchester-Nashua, NH",Hillsborough County,534426.4776316639,3.1,2594.125,4.78,31129.5,0.485,17.2,5.82,3.79,Moderate,NA,NA,430462,1.78,5.81,5.1,3.09,32.47,2026-08-31,2026-08-31
Choctaw,OK,"Oklahoma City, OK",Oklahoma County,307426.62809784134,1.52,1492.3333333333333,1.08,17908,0.485,17.2,5.83,3.79,Moderate,12358,0.87,816490,2.28,2.8,9.49,7.85,41.39,2026-08-31,2026-08-31
Altoona,IA,"Des Moines-West Des Moines, IA",Polk County,320529.8066802391,-0.59,1555.9166666666667,NA,18671,0.485,17.2,5.83,3.79,Moderate,22598,14.41,516185,4.69,12.01,5.87,5,32.93,2026-08-31,2026-08-31
Tuscumbia,AL,"Florence-Muscle Shoals, AL",Colbert County,196196.6243758532,1.06,952.7777777777778,NA,11433.333333333334,0.486,17.2,5.83,3.79,Moderate,9222,1.95,58785,2.58,10.48,13.16,3.1,29.2,2026-08-31,2026-08-31
Setauket,NY,"New York-Newark-Jersey City, NY-NJ-PA",Suffolk County,880172.7191288979,8.1,4275,NA,51300,0.486,17.2,5.83,3.79,Moderate,NA,NA,NA,NA,NA,NA,NA,NA,2026-08-31,2026-08-31
Bremen,GA,"Atlanta-Sandy Springs-Alpharetta, GA",Haralson County,292971.5066476372,1.67,1422.5,NA,17070,0.486,17.2,5.83,3.79,Moderate,NA,NA,NA,NA,NA,NA,NA,NA,2026-08-31,2026-08-31
Englewood,OH,"Dayton-Kettering, OH",Montgomery County,239449.4679131713,3.68,1164.3333333333333,NA,13972,0.486,17.1,5.84,3.79,Moderate,NA,NA,NA,NA,NA,NA,NA,NA,2026-08-31,2026-08-31
Lago Vista,TX,"Austin-Round Rock-Georgetown, TX",Travis County,395357.7269809867,-4.1,1919.6190476190477,2.38,23035.428571428572,0.486,17.2,5.83,3.79,Moderate,10201,13.55,1363767,5.18,4.41,5.57,4.27,46.97,2026-08-31,2026-08-31
Bowie,MD,"Washington-Arlington-Alexandria, DC-VA-MD-WV",Prince Georges County,520578.1651878596,-0.42,2521.9693650793647,0.54,30263.632380952375,0.484,17.2,5.81,3.78,Moderate,58421,0.33,NA,NA,NA,NA,NA,NA,2026-08-31,2026-08-31
Newnan,GA,"Atlanta-Sandy Springs-Alpharetta, GA",Coweta County,364652.2007084657,-1.08,1765.0404597701151,2.37,21180.48551724138,0.484,17.2,5.81,3.78,Moderate,45548,6.33,158233,7.82,9.75,4.98,2.88,22.41,2026-08-31,2026-08-31
Easton,PA,"Allentown-Bethlehem-Easton, PA-NJ",Northampton County,383112.83682604507,3.5,1857.437991021324,5.48,22289.25589225589,0.485,17.2,5.82,3.78,Moderate,30432,8.35,322989,3.25,8.06,5.53,2.64,28.88,2026-08-31,2026-08-31
Mechanicsville,VA,"Richmond, VA",Hanover County,444036.76832914463,3.24,2152.785714285714,2.3,25833.428571428572,0.485,17.2,5.82,3.78,Moderate,NA,NA,115309,4.63,10.7,4.48,3.54,17.19,2026-08-31,2026-08-31
Howell,MI,"Detroit-Warren-Dearborn, MI",Livingston County,385252.6376185578,2.37,1867.6333333333332,4.38,22411.6,0.485,17.2,5.82,3.78,Moderate,9914,-1.56,196976,1.54,1.07,4.78,4.45,13.38,2026-08-31,2026-08-31
Elizabethtown,KY,"Elizabethtown-Fort Knox, KY",Hardin County,267942.06438891456,-2.81,1298.9583333333333,0.5,15587.5,0.485,17.2,5.82,3.78,Moderate,34565,10.04,112826,1.79,3.14,8.2,6.65,37.68,2026-08-31,2026-08-31
Cathedral City,CA,"Riverside-San Bernardino-Ontario, CA",Riverside County,474970.51032012136,-2.87,2300.6111111111113,2.94,27607.333333333336,0.484,17.2,5.81,3.78,Moderate,52517,1.72,2529933,4.34,7.33,11.37,4.89,31.14,2026-08-31,2026-08-31
La Quinta,CA,"Riverside-San Bernardino-Ontario, CA",Riverside County,735231.9343531304,0,3567.5384615384614,6.07,42810.46153846154,0.485,17.2,5.82,3.78,Moderate,39907,5.74,2529933,4.34,7.33,11.37,4.89,31.14,2026-08-31,2026-08-31
Blackwood,NJ,"Philadelphia-Camden-Wilmington, PA-NJ-DE-MD",Camden County,377918.2614280589,5.02,1831.222222222222,0.64,21974.666666666664,0.485,17.2,5.81,3.78,Moderate,NA,NA,533988,2.07,5.74,5.92,4.3,34.97,2026-08-31,2026-08-31
Daphne,AL,"Daphne-Fairhope-Foley, AL",Baldwin County,328052.0292452874,0.23,1587.7244019138757,4.02,19052.692822966506,0.484,17.2,5.81,3.78,Moderate,30751,11.04,261608,12.16,29.22,26.36,33.41,22.46,2026-08-31,2026-08-31
Salem,OH,"Salem, OH",Columbiana County,190720.51779927735,5.06,925,NA,11100,0.485,17.2,5.82,3.78,Moderate,NA,NA,NA,NA,NA,NA,NA,NA,2026-08-31,2026-08-31
Siloam Springs,AR,"Fayetteville-Springdale-Rogers, AR",Benton County,286720.04165775777,2.41,1390.922619047619,2.51,16691.071428571428,0.485,17.2,5.82,3.78,Moderate,20075,14.58,321566,12.19,23.43,9.14,4.86,32.8,2026-08-31,2026-08-31
Avon,CT,"Hartford-East Hartford-Middletown, CT",Hartford County,587210.3225222254,4.83,2843.3333333333335,NA,34120,0.484,17.2,5.81,3.78,Moderate,NA,NA,NA,NA,NA,NA,NA,NA,2026-08-31,2026-08-31
Fletcher,NC,"Asheville, NC",Henderson County,448370.91557757155,-3.24,2175.4166666666665,NA,26105,0.485,17.2,5.82,3.78,Moderate,8251,3.46,120771,3.6,13.84,12.06,6.26,25.79,2026-08-31,2026-08-31
Frederick,CO,"Greeley, CO",Weld County,534871.9566745767,-2.84,2593.333333333333,NA,31119.999999999996,0.485,17.2,5.82,3.78,Moderate,NA,NA,NA,NA,NA,NA,NA,NA,2026-08-31,2026-08-31
Destrehan,LA,"New Orleans-Metairie, LA",Saint Charles Parish,298396.21756436623,1.26,1444.4444444444443,NA,17333.333333333332,0.484,17.2,5.81,3.78,Moderate,NA,NA,NA,NA,NA,NA,NA,NA,2026-08-31,2026-08-31
Coral Hills,MD,"Washington-Arlington-Alexandria, DC-VA-MD-WV",Prince Georges County,324193.28711775574,-3.19,1570.5,NA,18846,0.484,17.2,5.81,3.78,Moderate,NA,NA,NA,NA,NA,NA,NA,NA,2026-08-31,2026-08-31
Dupont,WA,"Seattle-Tacoma-Bellevue, WA",Pierce County,555066.9812424459,0.86,2691.959595959596,2.85,32303.515151515152,0.485,17.2,5.82,3.78,Moderate,NA,NA,941170,1.9,6.6,5.21,4.02,35.21,2026-08-31,2026-08-31
Winterville,GA,"Athens-Clarke County, GA",Oglethorpe County,335416.6915138888,2.78,1626.6666666666667,NA,19520,0.485,17.2,5.82,3.78,Moderate,NA,NA,NA,NA,NA,NA,NA,NA,2026-08-31,2026-08-31
Midland,TX,"Midland, TX",Midland County,330434.3210802897,1.87,1598.5194295034614,-2.17,19182.233154041536,0.484,17.2,5.81,3.77,Moderate,143687,7.84,183587,7.53,18.71,6.3,7.78,31.8,2026-08-31,2026-08-31
Greenwood,IN,"Indianapolis-Carmel-Anderson, IN",Johnson County,327893.3060574672,1.21,1583.7523674387687,2.71,19005.028409265225,0.483,17.3,5.8,3.77,Moderate,68175,6.56,170614,5.15,11.12,5.07,6.28,26.06,2026-08-31,2026-08-31
Bonita Springs,FL,"Cape Coral-Fort Myers, FL",Lee County,502803.02244537015,-3.24,2427.685811965812,-0.31,29132.22974358974,0.483,17.3,5.79,3.77,Moderate,57112,5.98,860959,12.46,20.97,25.72,10.08,26.02,2026-08-31,2026-08-31
Murrells Inlet,SC,"Georgetown, SC",Georgetown County,400348.9277137781,0.51,1933.475,1.17,23201.699999999997,0.483,17.3,5.8,3.77,Moderate,NA,NA,66035,3.96,12.33,27.55,0.04,16.9,2026-08-31,2026-08-31
Coralville,IA,"Iowa City, IA",Johnson County,261923.01184646157,2.99,1265.5555555555557,11.74,15186.666666666668,0.483,17.2,5.8,3.77,Moderate,23959,7.27,160080,4.59,6.75,7.43,6.54,41.16,2026-08-31,2026-08-31
Farmville,VA,NA,Prince Edward County,268903.2264465731,7.68,1298.3333333333333,NA,15580,0.483,17.3,5.79,3.77,Moderate,7578,0.36,22276,1.75,14.23,17.57,2.2,40.05,2026-08-31,2026-08-31
Somers,WI,"Chicago-Naperville-Elgin, IL-IN-WI",Kenosha County,390383.6366501053,10.07,1888.222222222222,NA,22658.666666666664,0.484,17.2,5.8,3.77,Moderate,NA,NA,NA,NA,NA,NA,NA,NA,2026-08-31,2026-08-31
Granite Falls,WA,"Seattle-Tacoma-Bellevue, WA",Snohomish County,579181.7240654635,1.61,2800,NA,33600,0.483,17.2,5.8,3.77,Moderate,NA,NA,NA,NA,NA,NA,NA,NA,2026-08-31,2026-08-31
Spicewood,TX,"Austin-Round Rock-Georgetown, TX",Travis County,699176.1561884582,-1.59,3383.3333333333335,8.77,40600,0.484,17.2,5.81,3.77,Moderate,NA,NA,1363767,5.18,4.41,5.57,4.27,46.97,2026-08-31,2026-08-31
Pea Ridge,AR,"Fayetteville-Springdale-Rogers, AR",Benton County,344926.57206792344,2.22,1666.7936507936508,3.57,20001.52380952381,0.483,17.2,5.8,3.77,Moderate,10190,52.73,321566,12.19,23.43,9.14,4.86,32.8,2026-08-31,2026-08-31
Fort Oglethorpe,GA,"Chattanooga, TN-GA",Catoosa County,246317.3258167455,0.53,1190.5,NA,14286,0.483,17.2,5.8,3.77,Moderate,10614,2.73,68940,1.37,6.4,7.55,4.75,24.92,2026-08-31,2026-08-31
Highwood,IL,"Chicago-Naperville-Elgin, IL-IN-WI",Lake County,500240.8573295039,11.18,2418.444444444445,NA,29021.333333333336,0.483,17.2,5.8,3.77,Moderate,5358,5.33,718604,0.73,3.75,4.97,4.19,25.6,2026-08-31,2026-08-31
Rochester,MN,"Rochester, MN",Olmsted County,342187.32013115933,3.72,1649.8403436643475,1.9,19798.08412397217,0.482,17.3,5.79,3.76,Moderate,123624,1.69,166424,2.07,4.01,5.16,5.59,29.29,2026-08-31,2026-08-31
Antioch,CA,"San Francisco-Oakland-Berkeley, CA",Contra Costa County,591983.4205886605,-1.44,2851.406796906797,1.94,34216.881562881565,0.482,17.3,5.78,3.76,Moderate,118453,2.66,1172607,0.55,6.48,3.5,2.91,32.35,2026-08-31,2026-08-31
Hesperia,CA,"Riverside-San Bernardino-Ontario, CA",San Bernardino County,462028.89453060087,1.76,2229.1252136752137,2.68,26749.502564102564,0.482,17.3,5.79,3.76,Moderate,101836,1.87,2214281,1.41,1.68,9.55,3.22,38.46,2026-08-31,2026-08-31
Lafayette,IN,"Lafayette-West Lafayette, IN",Tippecanoe County,269022.2026726971,2.84,1296.3212801776633,2.84,15555.855362131959,0.482,17.3,5.78,3.76,Moderate,71757,1.4,191650,2.82,2.6,6.19,5.31,46.1,2026-08-31,2026-08-31
Lynchburg,VA,"Lynchburg, VA",Campbell County,266065.4312041115,0.77,1283.1697088633534,3.01,15398.03650636024,0.482,17.3,5.79,3.76,Moderate,80301,1.66,55342,-0.48,7.91,12.94,6,24.47,2026-08-31,2026-08-31
Palm Harbor,FL,"Tampa-St. Petersburg-Clearwater, FL",Pinellas County,404930.7566464246,-1.29,1952.2633811230587,-1.17,23427.160573476704,0.482,17.3,5.79,3.76,Moderate,NA,NA,965870,0.63,3.8,18.32,8.78,30.56,2026-08-31,2026-08-31
Saint Cloud,MN,"Minneapolis-St. Paul-Bloomington, MN-WI",Sherburne County,257775.614808784,1.36,1244.2570261437909,4.23,14931.08431372549,0.483,17.3,5.79,3.76,Moderate,NA,NA,103059,5.61,1.93,4.46,3.96,15.75,2026-08-31,2026-08-31
Waxahachie,TX,"Dallas-Fort Worth-Arlington, TX",Ellis County,368534.6290579888,-1.35,1777.2344070961717,1.36,21326.81288515406,0.482,17.3,5.79,3.76,Moderate,48617,16.81,232387,19.58,34.12,5.09,4.27,23.75,2026-08-31,2026-08-31
Chillicothe,OH,"Chillicothe, OH",Ross County,205028.07175144632,4.26,989.5833333333331,NA,11874.999999999998,0.483,17.3,5.79,3.76,Moderate,NA,NA,NA,NA,NA,NA,NA,NA,2026-08-31,2026-08-31
Athens,AL,"Huntsville, AL",Limestone County,308196.1308701621,1.02,1486.6709956709958,4.33,17840.05194805195,0.482,17.3,5.79,3.76,Moderate,32587,26.64,118942,14.14,33.45,7.97,6.79,22.5,2026-08-31,2026-08-31
Inver Grove Heights,MN,"Minneapolis-St. Paul-Bloomington, MN-WI",Dakota County,374727.6699509181,2,1808.7418091168092,3.86,21704.90170940171,0.483,17.3,5.79,3.76,Moderate,36226,1.12,453156,2.89,6.72,2.73,3.92,24.65,2026-08-31,2026-08-31
Alliance,OH,"Canton-Massillon, OH",Stark County,168135.9758172189,4.98,810.6388888888888,NA,9727.666666666666,0.482,17.3,5.79,3.76,Moderate,21523,-0.51,374091,-0.12,4.1,7.26,2.95,31.43,2026-08-31,2026-08-31
Central Point,OR,"Medford, OR",Jackson County,418391.2433434923,0.64,2015,NA,24180,0.482,17.3,5.78,3.76,Moderate,19128,0.15,221331,-1.08,2.88,6.6,3.86,35.02,2026-08-31,2026-08-31
Shelbyville,IN,"Indianapolis-Carmel-Anderson, IN",Shelby County,227832.37995461587,-0.19,1098.5555555555557,2.59,13182.666666666668,0.482,17.3,5.79,3.76,Moderate,20845,3.57,45654,1.3,7.73,7.31,8.4,26.19,2026-08-31,2026-08-31
Chagrin Falls,OH,"Cleveland-Elyria, OH",Geauga County,523391.5687679544,5.56,2525,NA,30300,0.482,17.3,5.79,3.76,Moderate,NA,NA,NA,NA,NA,NA,NA,NA,2026-08-31,2026-08-31
Rosemount,MN,"Minneapolis-St. Paul-Bloomington, MN-WI",Dakota County,430515.5270880673,0.43,2074.2689393939395,NA,24891.227272727272,0.482,17.3,5.78,3.76,Moderate,30581,18.6,453156,2.89,6.72,2.73,3.92,24.65,2026-08-31,2026-08-31
Darien,IL,"Chicago-Naperville-Elgin, IL-IN-WI",DuPage County,459733.17398674646,4.41,2217.972222222222,2.24,26615.666666666664,0.482,17.3,5.79,3.76,Moderate,22015,0.08,937142,0.6,5.3,4.53,5.6,26.87,2026-08-31,2026-08-31
Roselle,NJ,"New York-Newark-Jersey City, NY-NJ-PA",Union County,521025.2280803402,1.55,2514.758333333333,0.94,30177.1,0.483,17.3,5.79,3.76,Moderate,23064,2.03,594160,3.57,15.84,4.55,3.18,42.39,2026-08-31,2026-08-31
Radcliff,KY,"Elizabethtown-Fort Knox, KY",Hardin County,212236.01754086337,-1.46,1022.9888888888888,0.29,12275.866666666665,0.482,17.3,5.78,3.76,Moderate,22706,-1.38,112826,1.79,3.14,8.2,6.65,37.68,2026-08-31,2026-08-31
Morris Plains,NJ,"New York-Newark-Jersey City, NY-NJ-PA",Morris County,731678.8855289635,4.41,3522.722222222222,2.33,42272.666666666664,0.481,17.3,5.78,3.76,Moderate,6590,7.47,523053,2.87,8.07,3.41,3.25,26.1,2026-08-31,2026-08-31
Riverbank,CA,"Modesto, CA",Stanislaus County,482579.00290800515,0.3,2327.777777777778,NA,27933.333333333336,0.482,17.3,5.79,3.76,Moderate,NA,NA,NA,NA,NA,NA,NA,NA,2026-08-31,2026-08-31
Lock Haven,PA,"Lock Haven, PA",Clinton County,205150.3240407455,2.71,987.638888888889,5.76,11851.666666666668,0.481,17.3,5.78,3.76,Moderate,8531,5.4,37865,1.31,1.9,18.14,4.23,28.36,2026-08-31,2026-08-31
Tomah,WI,NA,Monroe County,261406.37921319064,3.07,1260.5555555555557,16.61,15126.666666666668,0.482,17.3,5.79,3.76,Moderate,9574,-0.04,46370,0.15,2.37,8.23,4.65,27.61,2026-08-31,2026-08-31
Lincolnwood,IL,"Chicago-Naperville-Elgin, IL-IN-WI",Cook County,578800.8184418994,8.08,2792.527777777778,NA,33510.333333333336,0.482,17.3,5.79,3.76,Moderate,13055,-2.65,5182617,-1.6,5.9,8.18,4.67,42.49,2026-08-31,2026-08-31
Big Rapids,MI,"Big Rapids, MI",Mecosta County,226713.6885116466,6.75,1094.1666666666667,12.19,13130,0.483,17.3,5.79,3.76,Moderate,NA,NA,NA,NA,NA,NA,NA,NA,2026-08-31,2026-08-31
Windsor,VT,"Lebanon, NH-VT",Windsor County,290512.8426976001,2.84,1400,NA,16800,0.482,17.3,5.78,3.76,Moderate,NA,NA,NA,NA,NA,NA,NA,NA,2026-08-31,2026-08-31
Richmond,TX,"Houston-The Woodlands-Sugar Land, TX",Fort Bend County,374547.234202124,-2.77,1798.3208757395612,-0.95,21579.850508874733,0.48,17.4,5.76,3.75,Moderate,13305,14.51,958434,15.57,27.37,4.23,6.33,22.52,2026-08-31,2026-08-31
West Hartford,CT,"Hartford-East Hartford-Middletown, CT",Hartford County,509333.8148441187,5.54,2448.363137254902,4.06,29380.357647058823,0.481,17.3,5.77,3.75,Moderate,NA,NA,NA,NA,NA,NA,NA,NA,2026-08-31,2026-08-31
Highland,CA,"Riverside-San Bernardino-Ontario, CA",San Bernardino County,539248.3567016133,1.63,2593.1875,3.89,31118.25,0.481,17.3,5.77,3.75,Moderate,56499,-0.84,2214281,1.41,1.68,9.55,3.22,38.46,2026-08-31,2026-08-31
Montgomery,TX,"Houston-The Woodlands-Sugar Land, TX",Montgomery County,390128.59797579754,-1.61,1874.932133838384,1.71,22499.185606060608,0.481,17.3,5.77,3.75,Moderate,2860,42.29,749613,19.86,40.55,7.22,7.84,28.27,2026-08-31,2026-08-31
Opelika,AL,"Auburn-Opelika, AL",Lee County,308649.6236635867,3.41,1485.357142857143,5.13,17824.285714285714,0.481,17.3,5.77,3.75,Moderate,35005,12.66,187847,7.43,16.52,12.34,6.97,34.27,2026-08-31,2026-08-31
Carol Stream,IL,"Chicago-Naperville-Elgin, IL-IN-WI",DuPage County,385105.1066904524,3.77,1850.7917833800184,2.09,22209.50140056022,0.481,17.3,5.77,3.75,Moderate,39556,-0.51,937142,0.6,5.3,4.53,5.6,26.87,2026-08-31,2026-08-31
Hicksville,NY,"New York-Newark-Jersey City, NY-NJ-PA",Nassau County,792370.4629573742,4.61,3804.7222222222226,2.78,45656.66666666667,0.48,17.4,5.76,3.75,Moderate,NA,NA,1392438,0.13,2.32,4.56,4.6,18.07,2026-08-31,2026-08-31
Hoschton,GA,"Jefferson, GA",Jackson County,474948.9128735116,-1.87,2281.8333333333335,1.86,27382,0.48,17.3,5.77,3.75,Moderate,6723,143.76,93825,22.26,52.1,8.21,1.14,20.21,2026-08-31,2026-08-31
Harriman,TN,"Knoxville, TN",Roane County,244669.91318503732,5.05,1175,NA,14100,0.48,17.4,5.76,3.75,Moderate,NA,NA,NA,NA,NA,NA,NA,NA,2026-08-31,2026-08-31
Tinton Falls,NJ,"New York-Newark-Jersey City, NY-NJ-PA",Monmouth County,656187.4933409094,6.38,3155.8333333333335,NA,37870,0.481,17.3,5.77,3.75,Moderate,19435,1.58,647520,0.74,2.8,7.24,3.49,24.63,2026-08-31,2026-08-31
Commerce,GA,"Jefferson, GA",Jackson County,331082.36534921057,2.29,1593.5555555555557,0.22,19122.666666666668,0.481,17.3,5.78,3.75,Moderate,8803,17.34,93825,22.26,52.1,8.21,1.14,20.21,2026-08-31,2026-08-31
Plymouth,CT,"Torrington, CT",Litchfield County,335314.86530254054,4.1,1611.25,NA,19335,0.481,17.3,5.77,3.75,Moderate,NA,NA,NA,NA,NA,NA,NA,NA,2026-08-31,2026-08-31
Blaine,WA,"Bellingham, WA",Whatcom County,537736.1571311507,-0.06,2582.5,1.96,30990,0.48,17.4,5.76,3.75,Moderate,6371,7.96,234954,3.3,9.58,9.34,3.08,36.47,2026-08-31,2026-08-31
Jersey City,NJ,"New York-Newark-Jersey City, NY-NJ-PA",Hudson County,657765.015287188,-0.21,3157.387573781614,3.02,37888.650885379364,0.48,17.4,5.76,3.74,Moderate,302824,3.72,736185,1.98,14.43,6.78,4.46,68.82,2026-08-31,2026-08-31
Clermont,FL,"Orlando-Kissimmee-Sanford, FL",Lake County,428604.0132485965,-2.25,2057.630719475456,-0.35,24691.568633705472,0.48,17.4,5.76,3.74,Moderate,50851,17.33,444204,15.01,42.09,12.7,9.37,23.35,2026-08-31,2026-08-31
Canton,MI,"Detroit-Warren-Dearborn, MI",Wayne County,404528.3410563683,1.43,1939.8760256410255,4.32,23278.512307692305,0.48,17.4,5.75,3.74,Moderate,NA,NA,1771063,-1.04,3.75,12.9,4.58,35.52,2026-08-31,2026-08-31
Simpsonville,SC,"Greenville-Anderson, SC",Greenville County,377499.64429270144,1.73,1809.26455026455,1.74,21711.1746031746,0.479,17.4,5.75,3.74,Moderate,28078,18.95,570745,8.25,17.14,7.49,6.9,31.24,2026-08-31,2026-08-31
Duluth,MN,"Duluth, MN-WI",Saint Louis County,298068.4539502389,5.24,1428.3742818584924,2.9,17140.49138230191,0.479,17.4,5.75,3.74,Moderate,87986,1.46,NA,NA,NA,NA,NA,NA,2026-08-31,2026-08-31
Owings Mills,MD,"Baltimore-Columbia-Towson, MD",Baltimore County,398479.55230063834,0.42,1912.472156813276,2.03,22949.665881759312,0.48,17.4,5.76,3.74,Moderate,NA,NA,852425,-0.11,3.96,5.75,5.61,33.67,2026-08-31,2026-08-31
Nacogdoches,TX,"Nacogdoches, TX",Nacogdoches County,224035.22072411943,4.17,1074.6,4.81,12895.199999999999,0.48,17.4,5.76,3.74,Moderate,32381,0.83,65728,1.68,0.47,13.39,6.91,41.97,2026-08-31,2026-08-31
Albemarle,NC,"Albemarle, NC",Stanly County,263566.90119679313,1.49,1264.1666666666667,NA,15170,0.48,17.4,5.76,3.74,Moderate,NA,NA,NA,NA,NA,NA,NA,NA,2026-08-31,2026-08-31
Clarksburg,MD,"Washington-Arlington-Alexandria, DC-VA-MD-WV",Montgomery County,625321.8625421178,-1.69,2997.2999999999997,NA,35967.6,0.479,17.4,5.75,3.74,Moderate,NA,NA,1082273,2.02,7.76,4.26,3.68,34.66,2026-08-31,2026-08-31
Newton,IA,"Des Moines-West Des Moines, IA",Jasper County,206224.42963883607,3.83,987.7777777777778,NA,11853.333333333334,0.479,17.4,5.75,3.74,Moderate,15709,-0.26,38107,0.76,4.49,9.01,8,25.18,2026-08-31,2026-08-31
Danville,IN,"Indianapolis-Carmel-Anderson, IN",Hendricks County,343235.6444920671,2.42,1646.9444444444443,NA,19763.333333333332,0.48,17.4,5.76,3.74,Moderate,NA,NA,NA,NA,NA,NA,NA,NA,2026-08-31,2026-08-31
Bulverde,TX,"San Antonio-New Braunfels, TX",Comal County,476305.69106119085,0.5,2284.444444444445,NA,27413.333333333336,0.48,17.4,5.76,3.74,Moderate,7198,25.12,201628,23.22,36.2,9.17,6.79,23.15,2026-08-31,2026-08-31
New Hudson,MI,"Detroit-Warren-Dearborn, MI",Oakland County,458033.2362761237,2.09,2196.6666666666665,NA,26360,0.48,17.4,5.76,3.74,Moderate,NA,NA,1296888,1.91,10.58,5.25,6.51,27.73,2026-08-31,2026-08-31
Treasure Island,FL,"Tampa-St. Petersburg-Clearwater, FL",Pinellas County,526231.0189417818,-2.23,2525.535714285714,4.59,30306.428571428572,0.48,17.4,5.76,3.74,Moderate,6524,-0.78,965870,0.63,3.8,18.32,8.78,30.56,2026-08-31,2026-08-31
Bakersfield,CA,"Bakersfield, CA",Kern County,388250.3874695329,-0.03,1857.5436234120289,2.41,22290.523480944346,0.478,17.4,5.74,3.73,Moderate,417468,3.02,922529,1.81,2.68,7.58,3.4,40.19,2026-08-31,2026-08-31
Oshkosh,WI,"Oshkosh-Neenah, WI",Winnebago County,260640.61031185277,5.6,1245.7232142857144,3.2,14948.678571428572,0.478,17.4,5.74,3.73,Moderate,67242,0.49,173307,0.88,7.15,6.27,4.7,34.21,2026-08-31,2026-08-31
Williamsville,NY,"Buffalo-Cheektowaga, NY",Erie County,424300.19051922654,5.08,2028.6204655248137,3.3,24343.445586297763,0.478,17.4,5.74,3.73,Moderate,5489,1.44,950602,-0.18,2.9,7.11,3.75,34.55,2026-08-31,2026-08-31
Rockledge,FL,"Palm Bay-Melbourne-Titusville, FL",Brevard County,396141.680659971,-0.55,1893.7372723894464,2.99,22724.84726867336,0.478,17.4,5.74,3.73,Moderate,31429,13.44,658447,8.16,22.48,14.46,11.39,23.08,2026-08-31,2026-08-31
Freeport,NY,"New York-Newark-Jersey City, NY-NJ-PA",Nassau County,672925.493239632,5.16,3220,NA,38640,0.479,17.4,5.74,3.73,Moderate,NA,NA,NA,NA,NA,NA,NA,NA,2026-08-31,2026-08-31
Rochester,NH,"Boston-Cambridge-Newton, MA-NH",Strafford County,410388.3335909356,3.74,1961.2301587301588,3.56,23534.761904761905,0.478,17.4,5.73,3.73,Moderate,33598,3.31,134202,2.39,5.98,7.97,5.97,33.02,2026-08-31,2026-08-31
Shaker Heights,OH,"Cleveland-Elyria, OH",Cuyahoga County,356991.0036885636,2.78,1707.8,10.01,20493.6,0.478,17.4,5.74,3.73,Moderate,28689,-2.36,1240594,-1.75,1.72,9.97,5.22,40.95,2026-08-31,2026-08-31
Simsbury,CT,"Hartford-East Hartford-Middletown, CT",Hartford County,548003.8632747448,6.27,2623.694444444445,1.03,31484.333333333336,0.479,17.4,5.75,3.73,Moderate,NA,NA,NA,NA,NA,NA,NA,NA,2026-08-31,2026-08-31
London,OH,"Columbus, OH",Madison County,288977.9717531496,2.31,1383.3333333333333,NA,16600,0.479,17.4,5.74,3.73,Moderate,NA,NA,NA,NA,NA,NA,NA,NA,2026-08-31,2026-08-31
Crystal,MN,"Minneapolis-St. Paul-Bloomington, MN-WI",Hennepin County,317553.0745208711,1.17,1520,NA,18240,0.479,17.4,5.74,3.73,Moderate,22082,-5.01,1273334,-0.65,4.24,5.29,5.38,37.05,2026-08-31,2026-08-31
Dixon,CA,"Vallejo, CA",Solano County,606691.7337473044,-0.45,2901.944444444445,NA,34823.333333333336,0.478,17.4,5.74,3.73,Moderate,NA,NA,NA,NA,NA,NA,NA,NA,2026-08-31,2026-08-31
Hopkins,MN,"Minneapolis-St. Paul-Bloomington, MN-WI",Hennepin County,332267.63500883424,2.42,1590.3162055335968,4.18,19083.79446640316,0.479,17.4,5.74,3.73,Moderate,19462,2.38,1273334,-0.65,4.24,5.29,5.38,37.05,2026-08-31,2026-08-31
Colchester,VT,"Burlington-South Burlington, VT",Chittenden County,485975.5331983661,0.72,2325,NA,27900,0.478,17.4,5.74,3.73,Moderate,NA,NA,NA,NA,NA,NA,NA,NA,2026-08-31,2026-08-31
Berthoud,CO,"Fort Collins, CO",Larimer County,607127.9026257638,-0.87,2906.055555555555,NA,34872.666666666664,0.479,17.4,5.74,3.73,Moderate,13648,28.62,374574,4.07,7.03,6.37,3.02,35.68,2026-08-31,2026-08-31
Pinewood,FL,"Miami-Fort Lauderdale-Pompano Beach, FL",Miami-Dade County,431863.6504146647,0.36,2067.777777777778,NA,24813.333333333336,0.479,17.4,5.75,3.73,Moderate,NA,NA,2838461,5.29,19.88,11.11,5.36,47.81,2026-08-31,2026-08-31
Cornelia,GA,"Cornelia, GA",Habersham County,305139.2902468311,1.72,1460,NA,17520,0.478,17.4,5.74,3.73,Moderate,NA,NA,NA,NA,NA,NA,NA,NA,2026-08-31,2026-08-31
Fort Wright,KY,"Cincinnati, OH-KY-IN",Kenton County,341888.1702140747,2.07,1636.1666666666667,NA,19634,0.479,17.4,5.74,3.73,Moderate,6096,5.12,174862,3.3,10.73,7.27,5.15,29.96,2026-08-31,2026-08-31
Omaha,NE,"Omaha-Council Bluffs, NE-IA",Douglas County,296614.6126839912,1.94,1413.8754238696697,2.18,16966.50508643604,0.477,17.5,5.72,3.72,Moderate,489265,-0.71,601158,2.68,7.03,5.47,6.04,38.25,2026-08-31,2026-08-31
Morgantown,WV,"Morgantown, WV",Monongalia County,285604.05285855086,3.48,1360.2866344605477,5.57,16323.439613526572,0.476,17.5,5.72,3.72,Moderate,30490,1.44,108697,2.63,7.78,10.91,9.45,42.41,2026-08-31,2026-08-31
Hudsonville,MI,"Grand Rapids-Kentwood, MI",Ottawa County,427807.74561128183,4.97,2040.0666666666664,NA,24480.799999999996,0.477,17.5,5.72,3.72,Moderate,NA,NA,NA,NA,NA,NA,NA,NA,2026-08-31,2026-08-31
Bay Shore,NY,"New York-Newark-Jersey City, NY-NJ-PA",Suffolk County,676748.5851949882,4.93,3223.3531746031745,5.97,38680.23809523809,0.476,17.5,5.72,3.72,Moderate,NA,NA,1535909,0.9,2.22,11.64,3.67,18.09,2026-08-31,2026-08-31
Yelm,WA,"Olympia-Lacey-Tumwater, WA",Thurston County,483083.96390951175,0.53,2301.3531746031745,11.15,27616.23809523809,0.476,17.5,5.72,3.72,Moderate,11715,9.49,302912,2.33,10.68,5,3.8,32.24,2026-08-31,2026-08-31
Westmont,IL,"Chicago-Naperville-Elgin, IL-IN-WI",DuPage County,412860.89174355986,4.15,1969.2631578947369,1.13,23631.157894736843,0.477,17.5,5.72,3.72,Moderate,24308,-0.43,937142,0.6,5.3,4.53,5.6,26.87,2026-08-31,2026-08-31
Arnold,MD,"Baltimore-Columbia-Towson, MD",Anne Arundel County,601036.0541092925,2.26,2864.444444444445,-0.57,34373.333333333336,0.477,17.5,5.72,3.72,Moderate,NA,NA,602350,1.51,0.69,4.79,5.5,25.04,2026-08-31,2026-08-31
South Portland,ME,"Portland-South Portland, ME",Cumberland County,522512.2667610324,3.35,2491.918250377074,3.02,29903.01900452489,0.477,17.5,5.72,3.72,Moderate,26994,1.55,313809,3.36,8.17,14.2,3.63,29.63,2026-08-31,2026-08-31
Hudson,OH,"Akron, OH",Summit County,558920.3644360784,4.41,2667.5833333333335,NA,32011,0.477,17.5,5.73,3.72,Moderate,NA,NA,NA,NA,NA,NA,NA,NA,2026-08-31,2026-08-31
Harrison Township,MI,"Detroit-Warren-Dearborn, MI",Macomb County,267018.3428065709,-3.14,1274.9907407407406,2.73,15299.888888888887,0.477,17.5,5.73,3.72,Moderate,NA,NA,886175,0.67,8.17,4.12,3.23,25.04,2026-08-31,2026-08-31
Northampton,PA,"Allentown-Bethlehem-Easton, PA-NJ",Northampton County,353789.57835076685,2.57,1687.0555555555557,NA,20244.666666666668,0.477,17.5,5.72,3.72,Moderate,NA,NA,NA,NA,NA,NA,NA,NA,2026-08-31,2026-08-31
Red Wing,MN,"Red Wing, MN",Goodhue County,284313.9027178756,0.14,1356.6666666666667,NA,16280,0.477,17.5,5.73,3.72,Moderate,16788,0.95,47982,0.85,-0.83,6.83,4.64,22,2026-08-31,2026-08-31
El Dorado,KS,"Wichita, KS",Butler County,175587.96861680076,4.35,837.5,1.59,10050,0.477,17.5,5.72,3.72,Moderate,NA,NA,NA,NA,NA,NA,NA,NA,2026-08-31,2026-08-31
Andrews,TX,"Andrews, TX",Andrews County,267158.40184732596,6.96,1274.1666666666667,NA,15290,0.477,17.5,5.72,3.72,Moderate,NA,NA,NA,NA,NA,NA,NA,NA,2026-08-31,2026-08-31
Millbury,MA,"Worcester, MA-CT",Worcester County,504504.31201540725,1.46,2404.3333333333335,NA,28852,0.477,17.5,5.72,3.72,Moderate,NA,NA,881248,2.82,8.7,5.7,3.41,34.33,2026-08-31,2026-08-31
Rochelle,IL,"Rochelle, IL",Ogle County,196661.96920256596,5.17,937.5,NA,11250,0.477,17.5,5.72,3.72,Moderate,NA,NA,NA,NA,NA,NA,NA,NA,2026-08-31,2026-08-31
Lake Park,FL,"Miami-Fort Lauderdale-Pompano Beach, FL",Palm Beach County,416610.6218108399,4.4,1985.6111111111113,NA,23827.333333333336,0.477,17.5,5.72,3.72,Moderate,NA,NA,NA,NA,NA,NA,NA,NA,2026-08-31,2026-08-31
Edmond,OK,"Oklahoma City, OK",Oklahoma County,355446.5162319149,0.75,1689.9197584593624,2.16,20279.03710151235,0.475,17.5,5.71,3.71,Moderate,99040,4.53,816490,2.28,2.8,9.49,7.85,41.39,2026-08-31,2026-08-31
Pueblo,CO,"Pueblo, CO",Pueblo County,282534.9819917457,-2.49,1342.353206865402,0.35,16108.238482384822,0.475,17.5,5.7,3.71,Moderate,111166,-0.66,169866,0.9,3.56,7.14,2.06,31.68,2026-08-31,2026-08-31
Concord,NC,"Charlotte-Concord-Gastonia, NC-SC",Cabarrus County,380870.42915349355,-0.5,1813.0293130271025,2.1,21756.35175632523,0.476,17.5,5.71,3.71,Moderate,112395,7.13,244925,7.78,14.7,12.01,9.95,27.87,2026-08-31,2026-08-31
Weston,FL,"Miami-Fort Lauderdale-Pompano Beach, FL",Broward County,719190.5977062682,-1.73,3421.3609488938323,1.29,41056.331386725986,0.476,17.5,5.71,3.71,Moderate,70674,3.92,2037472,4.84,14.84,13.18,6.08,36.74,2026-08-31,2026-08-31
Hanover,PA,"York-Hanover, PA",York County,296544.37404901936,3.23,1408.7583333333332,1.53,16905.1,0.475,17.5,5.7,3.71,Moderate,16728,1.67,471240,3.17,10.19,4.45,2.79,24.17,2026-08-31,2026-08-31
Kentwood,MI,"Grand Rapids-Kentwood, MI",Kent County,334412.17958792154,3.98,1591.8912037037037,5.43,19102.694444444445,0.476,17.5,5.71,3.71,Moderate,54768,0.93,673002,2.2,7.09,4.57,4.07,29.64,2026-08-31,2026-08-31
Mountain Home,ID,"Mountain Home, ID",Elmore County,361183.6411160122,1.65,1718.9444444444443,5.52,20627.333333333332,0.476,17.5,5.71,3.71,Moderate,16912,5.22,29729,3.66,-7.16,10.85,0.13,34.67,2026-08-31,2026-08-31
Manchester,MO,"St. Louis, MO-IL",Saint Louis County,378544.6731079165,2.17,1800.5,NA,21606,0.476,17.5,5.71,3.71,Moderate,NA,NA,NA,NA,NA,NA,NA,NA,2026-08-31,2026-08-31
Whitmore Lake,MI,"Ann Arbor, MI",Washtenaw County,361969.5876921544,1.82,1723.3333333333333,NA,20680,0.476,17.5,5.71,3.71,Moderate,NA,NA,NA,NA,NA,NA,NA,NA,2026-08-31,2026-08-31
Rogers,MN,"Minneapolis-St. Paul-Bloomington, MN-WI",Hennepin County,464313.7567237268,0.95,2210.6994949494947,NA,26528.393939393936,0.476,17.5,5.71,3.71,Moderate,14493,8.77,1273334,-0.65,4.24,5.29,5.38,37.05,2026-08-31,2026-08-31
Platte City,MO,"Kansas City, MO-KS",Platte County,404422.95925048547,1.89,1921.6388888888887,NA,23059.666666666664,0.475,17.5,5.7,3.71,Moderate,4867,1.82,113207,5.61,6.94,5.93,6.25,32.98,2026-08-31,2026-08-31
Doraville,GA,"Atlanta-Sandy Springs-Alpharetta, GA",Dekalb County,365905.1607621598,0.28,1738.3894419306182,1.37,20860.67330316742,0.475,17.5,5.7,3.71,Moderate,12436,17.13,NA,NA,NA,NA,NA,NA,2026-08-31,2026-08-31
Glendale,CO,"Denver-Aurora-Lakewood, CO",Arapahoe County,317603.5508018513,-8.2,1512.5049019607843,-0.47,18150.058823529413,0.476,17.5,5.71,3.71,Moderate,4465,-2.93,666918,1.77,3.13,4.55,5.64,34.88,2026-08-31,2026-08-31
Indialantic,FL,"Palm Bay-Melbourne-Titusville, FL",Brevard County,611637.6145783482,3.13,2908.1111111111113,5.36,34897.333333333336,0.475,17.5,5.71,3.71,Moderate,3117,3.42,658447,8.16,22.48,14.46,11.39,23.08,2026-08-31,2026-08-31
Greenville,SC,"Greenville-Anderson, SC",Greenville County,331641.08315995283,1.87,1571.920752731292,1.87,18863.049032775503,0.474,17.6,5.69,3.7,Moderate,74371,4.12,570745,8.25,17.14,7.49,6.9,31.24,2026-08-31,2026-08-31
Chattanooga,TN,"Chattanooga, TN-GA",Hamilton County,319185.02135505626,-1.23,1512.9283281966807,2.17,18155.139938360167,0.474,17.6,5.69,3.7,Moderate,191496,5.06,386256,4.99,11.65,8.63,4.18,35.65,2026-08-31,2026-08-31
Frederick,MD,"Washington-Arlington-Alexandria, DC-VA-MD-WV",Frederick County,459794.5342709664,-0.93,2181.941393442623,1.91,26183.296721311475,0.475,17.6,5.69,3.7,Moderate,89537,14.21,299317,9.73,14.45,4.39,3.38,22.96,2026-08-31,2026-08-31
Saint Augustine,FL,"Jacksonville, FL",Saint Johns County,429114.1308780841,-1.69,2033.70169653622,0.8,24404.42035843464,0.474,17.6,5.69,3.7,Moderate,NA,NA,NA,NA,NA,NA,NA,NA,2026-08-31,2026-08-31
Manchester,NH,"Manchester-Nashua, NH",Hillsborough County,441115.12575788057,1.14,2094.4508764177344,3.73,25133.410517012813,0.475,17.6,5.7,3.7,Moderate,116386,0.76,430462,1.78,5.81,5.1,3.09,32.47,2026-08-31,2026-08-31
Lowell,MA,"Boston-Cambridge-Newton, MA-NH",Middlesex County,486077.6284451693,0.87,2308.423425499232,1.09,27701.081105990786,0.475,17.5,5.7,3.7,Moderate,120418,3.96,1668956,2.54,11.63,4.52,2.96,38.37,2026-08-31,2026-08-31
Perth Amboy,NJ,"New York-Newark-Jersey City, NY-NJ-PA",Middlesex County,500078.83186172,2.6,2369.7999999999997,NA,28437.6,0.474,17.6,5.69,3.7,Moderate,56939,2.82,890119,3.33,12.92,3.48,2.61,36.53,2026-08-31,2026-08-31
Miamisburg,OH,"Dayton-Kettering, OH",Montgomery County,266052.524283115,3.48,1261.3011702704798,0.16,15135.614043245758,0.474,17.6,5.69,3.7,Moderate,20253,1.71,537443,0.06,5.01,8.84,4.22,37.67,2026-08-31,2026-08-31
Henderson,KY,"Evansville, IN-KY",Henderson County,203791.6491053287,2.02,968,NA,11616,0.475,17.5,5.7,3.7,Moderate,NA,NA,NA,NA,NA,NA,NA,NA,2026-08-31,2026-08-31
Florin,CA,"Sacramento-Roseville-Folsom, CA",Sacramento County,418741.58112581895,0.98,1987.638888888889,-2.82,23851.666666666668,0.475,17.6,5.7,3.7,Moderate,NA,NA,1611231,1.54,7.33,4.28,3.63,41.37,2026-08-31,2026-08-31
Athens,TX,"Athens, TX",Henderson County,258884.7741345676,-1.1,1226.6666666666667,NA,14720,0.474,17.6,5.69,3.7,Moderate,13575,5.36,87467,6.15,16.63,21.17,7.99,23.49,2026-08-31,2026-08-31
Show Low,AZ,"Show Low, AZ",Navajo County,437830.7881390385,1.09,2075,NA,24900,0.474,17.6,5.69,3.7,Moderate,NA,NA,NA,NA,NA,NA,NA,NA,2026-08-31,2026-08-31
Holden,MA,"Worcester, MA-CT",Worcester County,558101.0429426037,2.09,2643.8333333333335,NA,31726,0.474,17.6,5.68,3.7,Moderate,NA,NA,NA,NA,NA,NA,NA,NA,2026-08-31,2026-08-31
Beacon,NY,"Poughkeepsie-Newburgh-Middletown, NY",Dutchess County,569645.4098011794,6.7,2703.029761904762,9.41,32436.357142857145,0.475,17.6,5.69,3.7,Moderate,15292,6.77,299963,1.37,5.8,6.08,3.65,31.17,2026-08-31,2026-08-31
White House,TN,"Nashville-Davidson--Murfreesboro--Franklin, TN",Robertson County,387992.12544787786,-0.45,1838.7752525252529,3.12,22065.303030303035,0.474,17.6,5.69,3.7,Moderate,16463,25.61,78459,7.53,20.38,5.15,3.83,22.79,2026-08-31,2026-08-31
New Market,MD,"Washington-Arlington-Alexandria, DC-VA-MD-WV",Frederick County,589872.146697726,-0.41,2800,4.45,33600,0.475,17.6,5.7,3.7,Moderate,1609,5.44,299317,9.73,14.45,4.39,3.38,22.96,2026-08-31,2026-08-31
Oak Grove,MO,"Kansas City, MO-KS",Jackson County,296589.72913317074,4.09,1406,NA,16872,0.474,17.6,5.69,3.7,Moderate,NA,NA,NA,NA,NA,NA,NA,NA,2026-08-31,2026-08-31
Fairfield,IA,"Fairfield, IA",Jefferson County,157684.6095378384,1.29,747.5833333333333,NA,8971,0.474,17.6,5.69,3.7,Moderate,NA,NA,NA,NA,NA,NA,NA,NA,2026-08-31,2026-08-31
Shenandoah,TX,"Houston-The Woodlands-Sugar Land, TX",Montgomery County,417983.5437056646,-1.6,1980.0873015873017,0.67,23761.04761904762,0.474,17.6,5.68,3.7,Moderate,3839,8.91,749613,19.86,40.55,7.22,7.84,28.27,2026-08-31,2026-08-31
Edinburg,TX,"McAllen-Edinburg-Mission, TX",Hidalgo County,217369.05955667121,0.8,1029.253344419808,0.82,12351.040133037695,0.474,17.6,5.68,3.69,Moderate,108733,7.91,914820,4.8,3.41,12.59,6.81,32.43,2026-08-31,2026-08-31
Athens,GA,"Athens-Clarke County, GA",Clarke County,340110.5015585473,1.71,1606.873355263158,2.47,19282.480263157893,0.472,17.6,5.67,3.69,Moderate,NA,NA,129995,1.13,-4.98,4.84,2.1,58.76,2026-08-31,2026-08-31
Lakewood,OH,"Cleveland-Elyria, OH",Cuyahoga County,298111.1821428112,4.4,1410.0805035000158,3.29,16920.96604200019,0.473,17.6,5.68,3.69,Moderate,49517,-2.57,1240594,-1.75,1.72,9.97,5.22,40.95,2026-08-31,2026-08-31
Cape Girardeau,MO,"Cape Girardeau, MO-IL",Cape Girardeau County,221853.8724242651,4.25,1049.4589169000935,4.52,12593.507002801121,0.473,17.6,5.68,3.69,Moderate,40818,2.59,83658,2.24,5.31,9.33,6.31,34.05,2026-08-31,2026-08-31
The Colony,TX,"Dallas-Fort Worth-Arlington, TX",Denton County,399292.9566436121,-2.81,1890.251307814992,0.09,22683.015693779904,0.473,17.6,5.68,3.69,Moderate,45897,2.51,1045120,14.28,23.72,4.75,5.09,34.63,2026-08-31,2026-08-31
Cottage Grove,MN,"Minneapolis-St. Paul-Bloomington, MN-WI",Washington County,398619.0990716645,1.78,1887.6666666666667,2.88,22652,0.474,17.6,5.68,3.69,Moderate,42760,9.67,283960,5.8,13.75,3.39,4.74,18.85,2026-08-31,2026-08-31
Windham,ME,"Portland-South Portland, ME",Cumberland County,497148.60857285815,3.43,2350,NA,28200,0.473,17.6,5.67,3.69,Moderate,NA,NA,NA,NA,NA,NA,NA,NA,2026-08-31,2026-08-31
Plainville,CT,"Hartford-East Hartford-Middletown, CT",Hartford County,349651.50098350464,6.79,1652.0833333333333,NA,19825,0.472,17.6,5.67,3.69,Moderate,NA,NA,NA,NA,NA,NA,NA,NA,2026-08-31,2026-08-31
Bellingham,MA,"Boston-Cambridge-Newton, MA-NH",Norfolk County,543746.2978160483,1.82,2573.688888888889,2.58,30884.266666666666,0.473,17.6,5.68,3.69,Moderate,NA,NA,740754,2.35,9.81,4.09,3.95,31.48,2026-08-31,2026-08-31
Delmar,NY,"Albany-Schenectady-Troy, NY",Albany County,459036.5602509367,5.42,2171.3333333333335,NA,26056,0.473,17.6,5.68,3.69,Moderate,NA,NA,319964,1.89,6.58,9.68,4.33,43.28,2026-08-31,2026-08-31
Gaines,MI,"Grand Rapids-Kentwood, MI",Kent County,416552.39056574536,4.16,1968.5833333333333,NA,23623,0.473,17.6,5.67,3.69,Moderate,NA,NA,NA,NA,NA,NA,NA,NA,2026-08-31,2026-08-31
Opa-locka,FL,"Miami-Fort Lauderdale-Pompano Beach, FL",Miami-Dade County,476764.8361298221,0.74,2258.3333333333335,-0.89,27100,0.474,17.6,5.68,3.69,Moderate,16507,0.75,2838461,5.29,19.88,11.11,5.36,47.81,2026-08-31,2026-08-31
Huntington,VA,"Washington-Arlington-Alexandria, DC-VA-MD-WV",Fairfax County,443966.51286462176,-0.04,2099.4020923520925,-4.1,25192.825108225108,0.473,17.6,5.67,3.69,Moderate,NA,NA,1160925,1.07,6.94,3.66,4.16,31.65,2026-08-31,2026-08-31
Wyomissing,PA,"Reading, PA",Berks County,385843.9968150109,1.05,1824,-0.94,21888,0.473,17.6,5.67,3.69,Moderate,11292,1.68,439117,2.43,7.84,5.52,4.51,28.95,2026-08-31,2026-08-31
Tuscola,IL,NA,Douglas County,179886.04492855017,3.47,850,NA,10200,0.473,17.6,5.67,3.69,Moderate,NA,NA,NA,NA,NA,NA,NA,NA,2026-08-31,2026-08-31
Walker Mill,MD,"Washington-Arlington-Alexandria, DC-VA-MD-WV",Prince Georges County,358911.38791902765,-1.3,1700,NA,20400,0.474,17.6,5.68,3.69,Moderate,NA,NA,NA,NA,NA,NA,NA,NA,2026-08-31,2026-08-31
Kemah,TX,"Houston-The Woodlands-Sugar Land, TX",Galveston County,306570.20819057524,-1.56,1451.3333333333333,3.13,17416,0.473,17.6,5.68,3.69,Moderate,2853,57.54,367407,4.49,11.39,13,8.22,32.51,2026-08-31,2026-08-31
Arlington,TX,"Dallas-Fort Worth-Arlington, TX",Tarrant County,309891.2813848746,-0.76,1462.0629297167568,0.95,17544.75515660108,0.472,17.7,5.66,3.68,Moderate,403672,2.36,2230708,5.41,8.74,7.08,7.73,40.64,2026-08-31,2026-08-31
North Brunswick,NJ,"New York-Newark-Jersey City, NY-NJ-PA",Middlesex County,548740.6492937413,1.69,2589.3703703703704,0.81,31072.444444444445,0.472,17.7,5.66,3.68,Moderate,NA,NA,890119,3.33,12.92,3.48,2.61,36.53,2026-08-31,2026-08-31
Amherst,MA,"Springfield, MA",Hampshire County,547271.2940068918,2.37,2579.1309523809523,3.34,30949.571428571428,0.471,17.7,5.66,3.68,Moderate,NA,NA,165399,11.31,1.4,7.1,6.45,31.21,2026-08-31,2026-08-31
Fremont,NE,"Fremont, NE",Dodge County,257950.14819324785,4.19,1215.9964349376114,1.29,14591.957219251337,0.471,17.7,5.66,3.68,Moderate,28190,3.94,37884,2.06,8.68,10.21,8.69,33.23,2026-08-31,2026-08-31
Northampton,MA,"Springfield, MA",Hampshire County,501169.8313360057,5.14,2366.8333333333335,2.6,28402,0.472,17.6,5.67,3.68,Moderate,31315,6.95,165399,11.31,1.4,7.1,6.45,31.21,2026-08-31,2026-08-31
Ellijay,GA,NA,Gilmer County,400450.65167641017,-0.59,1887.5,NA,22650,0.471,17.7,5.66,3.68,Moderate,NA,NA,NA,NA,NA,NA,NA,NA,2026-08-31,2026-08-31
Marshfield,WI,"Wisconsin Rapids-Marshfield, WI",Wood County,257739.81616120847,5.03,1215.111111111111,NA,14581.333333333332,0.471,17.7,5.66,3.68,Moderate,NA,NA,NA,NA,NA,NA,NA,NA,2026-08-31,2026-08-31
Graham,NC,"Burlington, NC",Alamance County,291587.65482974635,1.56,1374.7777777777776,NA,16497.333333333332,0.471,17.7,5.66,3.68,Moderate,NA,NA,NA,NA,NA,NA,NA,NA,2026-08-31,2026-08-31
Lawrenceburg,KY,"Frankfort, KY",Anderson County,269158.15479974216,1.52,1271.111111111111,NA,15253.333333333332,0.472,17.6,5.67,3.68,Moderate,NA,NA,NA,NA,NA,NA,NA,NA,2026-08-31,2026-08-31
Franklin,OH,"Cincinnati, OH-KY-IN",Warren County,267299.20284741215,2.62,1259.4444444444443,NA,15113.333333333332,0.471,17.7,5.65,3.68,Moderate,NA,NA,NA,NA,NA,NA,NA,NA,2026-08-31,2026-08-31
Tipp City,OH,"Dayton-Kettering, OH",Miami County,348557.0403153609,2.15,1645.5555555555557,-1.39,19746.666666666668,0.472,17.7,5.67,3.68,Moderate,10596,2.85,111950,2.74,10.5,5.24,3.26,26.6,2026-08-31,2026-08-31
Glendale,WI,"Milwaukee-Waukesha, WI",Milwaukee County,353494.0228457667,5.29,1668.9599567099567,4.13,20027.51948051948,0.472,17.7,5.67,3.68,Moderate,14381,7.34,924740,-1.48,0.57,8.21,6.16,50.2,2026-08-31,2026-08-31
Beaufort,NC,"Morehead City, NC",Carteret County,424437.54147741577,4.02,2000,NA,24000,0.471,17.7,5.65,3.68,Moderate,NA,NA,NA,NA,NA,NA,NA,NA,2026-08-31,2026-08-31
Kenai,AK,NA,Kenai Peninsula Borough,331312.72733347333,6.17,1561.6666666666663,NA,18739.999999999996,0.471,17.7,5.66,3.68,Moderate,NA,NA,NA,NA,NA,NA,NA,NA,2026-08-31,2026-08-31
Bladensburg,MD,"Washington-Arlington-Alexandria, DC-VA-MD-WV",Prince Georges County,322643.2895412408,-1.15,1523.1555555555558,-0.51,18277.86666666667,0.472,17.7,5.67,3.68,Moderate,9635,-0.08,NA,NA,NA,NA,NA,NA,2026-08-31,2026-08-31
Stockton,CA,"Stockton, CA",San Joaquin County,427284.6574475032,-2.27,2009.5160969298895,0.69,24114.193163158674,0.47,17.7,5.64,3.67,Moderate,324975,1.25,816108,4.54,9.17,6.02,3.67,38.47,2026-08-31,2026-08-31
Visalia,CA,"Visalia, CA",Tulare County,397625.5723866175,1.51,1871.2891005291003,3.95,22455.469206349204,0.471,17.7,5.65,3.67,Moderate,146271,3.16,483546,2.03,-1.06,6.89,2.76,41.38,2026-08-31,2026-08-31
Metairie,LA,"New Orleans-Metairie, LA",Jefferson Parish,328020.8161285562,6.43,1544.8887262262265,0.69,18538.664714714716,0.471,17.7,5.65,3.67,Moderate,NA,NA,427253,-2.84,2.2,8.82,5.5,37.69,2026-08-31,2026-08-31
Woodbury,MN,"Minneapolis-St. Paul-Bloomington, MN-WI",Washington County,462125.87502229103,1.95,2177.220634920635,4.06,26126.647619047617,0.471,17.7,5.65,3.67,Moderate,80596,6.78,283960,5.8,13.75,3.39,4.74,18.85,2026-08-31,2026-08-31
Shelbyville,TN,"Shelbyville, TN",Bedford County,312687.5275193728,1.5,1471.5277777777776,NA,17658.333333333332,0.471,17.7,5.65,3.67,Moderate,25792,9.05,54228,7.6,14.61,5.84,4.77,29.82,2026-08-31,2026-08-31
Van Buren,AR,"Fort Smith, AR-OK",Crawford County,210102.9379590332,5.61,988.888888888889,2.35,11866.666666666668,0.471,17.7,5.65,3.67,Moderate,24396,4.97,62258,3.49,8.95,9.86,7.25,25.76,2026-08-31,2026-08-31
Guthrie,OK,"Oklahoma City, OK",Logan County,256975.6163149314,1.04,1209.3333333333333,5.07,14512,0.471,17.7,5.65,3.67,Moderate,11682,7.97,53860,8.26,13.15,9.43,3.79,14.17,2026-08-31,2026-08-31
Cliffside Park,NJ,"New York-Newark-Jersey City, NY-NJ-PA",Bergen County,642665.0225973132,1.94,3023.601190476191,-0.48,36283.21428571429,0.47,17.7,5.65,3.67,Moderate,26183,2.09,978641,2.61,10.38,4.13,3.53,34.64,2026-08-31,2026-08-31
West Hempstead,NY,"New York-Newark-Jersey City, NY-NJ-PA",Nassau County,801911.4900141569,5.99,3775.8333333333335,NA,45310,0.471,17.7,5.65,3.67,Moderate,NA,NA,NA,NA,NA,NA,NA,NA,2026-08-31,2026-08-31
Yarmouth,MA,"Barnstable Town, MA",Barnstable County,604144.8827884184,1.28,2840,NA,34080,0.47,17.7,5.64,3.67,Moderate,NA,NA,NA,NA,NA,NA,NA,NA,2026-08-31,2026-08-31
Pendleton,OR,"Hermiston-Pendleton, OR",Umatilla County,301886.28372484393,3.08,1421.6333333333332,-0.83,17059.6,0.471,17.7,5.65,3.67,Moderate,17026,0.11,80491,0.75,8.6,11.04,5.28,32.86,2026-08-31,2026-08-31
Shiloh,IL,"St. Louis, MO-IL",Saint Clair County,318907.43151682755,2.01,1501.3472222222224,7.07,18016.166666666668,0.471,17.7,5.65,3.67,Moderate,14754,4.35,NA,NA,NA,NA,NA,NA,2026-08-31,2026-08-31
Hampton Bays,NY,"New York-Newark-Jersey City, NY-NJ-PA",Suffolk County,962134.2753224444,5.99,4528.888888888889,17.8,54346.666666666664,0.471,17.7,5.65,3.67,Moderate,NA,NA,1535909,0.9,2.22,11.64,3.67,18.09,2026-08-31,2026-08-31
Somers Point,NJ,"Atlantic City-Hammonton, NJ",Atlantic County,434876.5081093773,5.68,2048.3333333333335,NA,24580,0.471,17.7,5.65,3.67,Moderate,NA,NA,NA,NA,NA,NA,NA,NA,2026-08-31,2026-08-31
Piedmont,OK,"Oklahoma City, OK",Canadian County,340805.7298980456,1.27,1602.2222222222224,NA,19226.666666666668,0.47,17.7,5.64,3.67,Moderate,9092,21.47,181760,16.93,26.01,5.78,5.62,25.24,2026-08-31,2026-08-31
Airway Heights,WA,"Spokane-Spokane Valley, WA",Spokane County,370986.97851532,0.23,1745.3777777777775,NA,20944.53333333333,0.47,17.7,5.65,3.67,Moderate,11950,10.72,555947,2.73,4.76,5.38,3.55,36.11,2026-08-31,2026-08-31
North Las Vegas,NV,"Las Vegas-Henderson-Paradise, NV",Clark County,402439.090599095,-1.54,1889.3089345303297,-0.03,22671.707214363956,0.469,17.8,5.63,3.66,Moderate,294034,12.58,2398871,5.4,16.64,9.46,7.1,42.95,2026-08-31,2026-08-31
Irving,TX,"Dallas-Fort Worth-Arlington, TX",Dallas County,339198.2189254779,-0.31,1590.2798901888302,0.83,19083.358682265964,0.469,17.8,5.63,3.66,Moderate,258060,0.45,2656028,1.73,0.15,7.76,8.95,49.22,2026-08-31,2026-08-31
Apache Junction,AZ,"Phoenix-Mesa-Chandler, AZ",Maricopa County,370359.51175998215,-2.05,1737.245689008847,1.23,20846.948268106164,0.469,17.8,5.63,3.66,Moderate,44309,14.39,4673096,5.12,9.38,8.29,5.4,34.99,2026-08-31,2026-08-31
Fairfield,OH,"Cincinnati, OH-KY-IN",Butler County,285027.50550250825,3.51,1336.1583333333333,3.98,16033.9,0.469,17.8,5.63,3.66,Moderate,45094,0.41,399542,2.21,8.05,6.17,4.38,30.13,2026-08-31,2026-08-31
Indiana,PA,"Indiana, PA",Indiana County,207160.05825451817,8.58,972.6666666666666,NA,11672,0.47,17.7,5.63,3.66,Moderate,14294,1.95,82953,-0.24,1.94,14.28,13.49,28.88,2026-08-31,2026-08-31
Johnston,RI,"Providence-Warwick, RI-MA",Providence County,455835.8642505608,1.92,2139.777777777778,NA,25677.333333333336,0.469,17.8,5.63,3.66,Moderate,NA,NA,NA,NA,NA,NA,NA,NA,2026-08-31,2026-08-31
New Castle,IN,"New Castle, IN",Henry County,171983.87534933366,2.18,807.5,4.59,9690,0.47,17.7,5.63,3.66,Moderate,17382,-0.11,49081,0.35,5.42,11.96,6.27,24.06,2026-08-31,2026-08-31
Farmington,MN,"Minneapolis-St. Paul-Bloomington, MN-WI",Dakota County,399670.5938415289,1.4,1873.3333333333333,NA,22480,0.469,17.8,5.62,3.66,Moderate,NA,NA,NA,NA,NA,NA,NA,NA,2026-08-31,2026-08-31
Shoreview,MN,"Minneapolis-St. Paul-Bloomington, MN-WI",Ramsey County,412358.627668202,1.99,1937.2196209587512,3.57,23246.635451505015,0.47,17.7,5.64,3.66,Moderate,26939,0.07,542015,-1.76,3.41,5.41,6.16,38.97,2026-08-31,2026-08-31
Washington Court House,OH,"Washington Court House, OH",Fayette County,234170.50361218592,2.67,1100,NA,13200,0.47,17.7,5.64,3.66,Moderate,NA,NA,NA,NA,NA,NA,NA,NA,2026-08-31,2026-08-31
Little River,SC,"Myrtle Beach-Conway-North Myrtle Beach, SC-NC",Horry County,322487.3839471387,-0.3,1511.6125,-2.9,18139.35,0.469,17.8,5.62,3.66,Moderate,NA,NA,413391,16.85,39.46,28.98,22.81,24.16,2026-08-31,2026-08-31
Bridgeview,IL,"Chicago-Naperville-Elgin, IL-IN-WI",Cook County,319673.6537519482,5.3,1500,NA,18000,0.469,17.8,5.63,3.66,Moderate,NA,NA,NA,NA,NA,NA,NA,NA,2026-08-31,2026-08-31
Port Lavaca,TX,"Port Lavaca, TX",Calhoun County,189333.54314851147,1.54,887.5,NA,10650,0.469,17.8,5.62,3.66,Moderate,NA,NA,NA,NA,NA,NA,NA,NA,2026-08-31,2026-08-31
Ardmore,PA,"Philadelphia-Camden-Wilmington, PA-NJ-DE-MD",Delaware County,522695.7643732757,2.1,2451.0185185185182,-0.66,29412.22222222222,0.469,17.8,5.63,3.66,Moderate,NA,NA,584882,1.45,5.58,5.55,4.21,30.36,2026-08-31,2026-08-31
Henrietta,NY,"Rochester, NY",Monroe County,312486.08953946567,5.35,1464.7222222222224,1.15,17576.666666666668,0.469,17.8,5.62,3.66,Moderate,NA,NA,752202,-0.73,1.18,6.27,5.62,36.48,2026-08-31,2026-08-31
Richland Hills,TX,"Dallas-Fort Worth-Arlington, TX",Tarrant County,288039.9656393067,1.74,1349.7777777777776,NA,16197.333333333332,0.469,17.8,5.62,3.66,Moderate,NA,NA,NA,NA,NA,NA,NA,NA,2026-08-31,2026-08-31
Flowood,MS,"Jackson, MS",Rankin County,330141.82694174716,1.45,1549.3333333333333,3.9,18592,0.469,17.8,5.63,3.66,Moderate,10853,5.49,160573,2.16,0.45,6.95,6.63,22.38,2026-08-31,2026-08-31
Red Oak,IA,NA,Montgomery County,138421.2552491588,-2.66,650,NA,7800,0.47,17.7,5.63,3.66,Moderate,NA,NA,NA,NA,NA,NA,NA,NA,2026-08-31,2026-08-31
Lemoyne,PA,"Harrisburg-Carlisle, PA",Cumberland County,273360.68150476855,2.14,1281.7777777777776,NA,15381.333333333332,0.469,17.8,5.63,3.66,Moderate,4824,3.25,275516,5.86,13.9,4.61,1.99,28.63,2026-08-31,2026-08-31
Nolanville,TX,"Killeen-Temple, TX",Bell County,307013.42953859543,-1.97,1438.888888888889,NA,17266.666666666668,0.469,17.8,5.62,3.66,Moderate,NA,NA,NA,NA,NA,NA,NA,NA,2026-08-31,2026-08-31
Rolesville,NC,"Raleigh-Cary, NC",Wake County,493310.95736385445,-1.23,2314.8333333333335,NA,27778,0.469,17.8,5.63,3.66,Moderate,NA,NA,NA,NA,NA,NA,NA,NA,2026-08-31,2026-08-31
Tavernier,FL,"Key West, FL",Monroe County,744918.1884343982,1.69,3500,NA,42000,0.47,17.7,5.64,3.66,Moderate,NA,NA,NA,NA,NA,NA,NA,NA,2026-08-31,2026-08-31
Farmersville,TX,"Dallas-Fort Worth-Arlington, TX",Collin County,327971.9596876798,-4.4,1540.9166666666667,6.03,18491,0.47,17.7,5.64,3.66,Moderate,NA,NA,NA,NA,NA,NA,NA,NA,2026-08-31,2026-08-31
Ogden,KS,"Manhattan, KS",Riley County,181235.5244349925,18.41,850,NA,10200,0.469,17.8,5.63,3.66,Moderate,NA,NA,NA,NA,NA,NA,NA,NA,2026-08-31,2026-08-31
Naples,FL,"Naples-Marco Island, FL",Collier County,544120.275259546,-2.45,2549.283729032701,1.69,30591.404748392415,0.469,17.8,5.62,3.65,Moderate,20168,5.39,416233,10.31,17.5,31.47,9.54,24.02,2026-08-31,2026-08-31
Surprise,AZ,"Phoenix-Mesa-Chandler, AZ",Maricopa County,415995.1582897776,-1.85,1946.5604209799865,0.54,23358.725051759837,0.468,17.8,5.62,3.65,Moderate,167564,16.05,4673096,5.12,9.38,8.29,5.4,34.99,2026-08-31,2026-08-31
Hagerstown,MD,"Hagerstown-Martinsburg, MD-WV",Washington County,300805.0352870115,0.29,1407.194708994709,2.01,16886.336507936507,0.468,17.8,5.61,3.65,Moderate,43909,0.9,157228,1.65,9.15,7.12,4.9,34.11,2026-08-31,2026-08-31
Pawtucket,RI,"Providence-Warwick, RI-MA",Providence County,400687.4752820961,1.5,1875.9914529914531,5.14,22511.897435897437,0.468,17.8,5.62,3.65,Moderate,76996,2,675912,2.4,11.33,7.44,4.46,43.38,2026-08-31,2026-08-31
Lincolnton,NC,"Charlotte-Concord-Gastonia, NC-SC",Lincoln County,297865.54103611887,1.95,1394.3888888888887,4.51,16732.666666666664,0.468,17.8,5.62,3.65,Moderate,12353,10.94,97611,11.98,19.15,7.54,3.05,21.53,2026-08-31,2026-08-31
Temple Hills,MD,"Washington-Arlington-Alexandria, DC-VA-MD-WV",Prince Georges County,322719.1746908143,-2.87,1511.0925925925928,-0.74,18133.111111111113,0.468,17.8,5.62,3.65,Moderate,NA,NA,NA,NA,NA,NA,NA,NA,2026-08-31,2026-08-31
Easton,MD,"Easton, MD",Talbot County,445857.0509941144,-0.46,2088.8333333333335,3.58,25066,0.468,17.8,5.62,3.65,Moderate,17381,1.46,38244,1.92,10.93,17.59,4.47,27.31,2026-08-31,2026-08-31
Hobe Sound,FL,"Port St. Lucie, FL",Martin County,503438.2241995733,-0.41,2352.777777777778,3.35,28233.333333333336,0.467,17.8,5.61,3.65,Moderate,NA,NA,165666,4.41,14.54,17.59,6.28,19.89,2026-08-31,2026-08-31
East Syracuse,NY,"Syracuse, NY",Onondaga County,256514.06957290892,3.68,1200,NA,14400,0.468,17.8,5.61,3.65,Moderate,NA,NA,NA,NA,NA,NA,NA,NA,2026-08-31,2026-08-31
Big Bear City,CA,"Riverside-San Bernardino-Ontario, CA",San Bernardino County,383275.6192763159,-4.3,1794.3333333333333,-0.79,21532,0.468,17.8,5.62,3.65,Moderate,NA,NA,2214281,1.41,1.68,9.55,3.22,38.46,2026-08-31,2026-08-31
Brewer,ME,"Bangor, ME",Penobscot County,306029.62521637423,2.99,1433.3333333333337,NA,17200.000000000004,0.468,17.8,5.62,3.65,Moderate,NA,NA,NA,NA,NA,NA,NA,NA,2026-08-31,2026-08-31
Waite Park,MN,"St. Cloud, MN",Stearns County,251127.4975603999,1.83,1174.111111111111,NA,14089.333333333332,0.468,17.8,5.61,3.65,Moderate,8504,1.94,163997,3.48,6.4,7.97,4.39,32.19,2026-08-31,2026-08-31
Godley,TX,"Dallas-Fort Worth-Arlington, TX",Johnson County,433187.9055846495,-0.44,2024.5,NA,24294,0.467,17.8,5.61,3.65,Moderate,NA,NA,NA,NA,NA,NA,NA,NA,2026-08-31,2026-08-31
Lexington,KY,"Lexington-Fayette, KY",Fayette County,333114.88011559675,3.4,1552.667648622825,2.92,18632.0117834739,0.466,17.9,5.59,3.64,Moderate,NA,NA,329437,2.11,11.49,6.71,4.3,46.39,2026-08-31,2026-08-31
Bloomington,MN,"Minneapolis-St. Paul-Bloomington, MN-WI",Hennepin County,362339.7654338736,1.34,1692.6043999036956,3.07,20311.252798844347,0.467,17.8,5.61,3.64,Moderate,88344,-1.68,1273334,-0.65,4.24,5.29,5.38,37.05,2026-08-31,2026-08-31
Covington,LA,"New Orleans-Metairie, LA",Saint Tammany Parish,322458.5464113521,1.2,1504.0109215727064,1.74,18048.131058872477,0.466,17.9,5.6,3.64,Moderate,11686,1.01,NA,NA,NA,NA,NA,NA,2026-08-31,2026-08-31
Winter Springs,FL,"Orlando-Kissimmee-Sanford, FL",Seminole County,423654.44993569254,-0.8,1977.424315619968,2.56,23729.091787439615,0.467,17.9,5.6,3.64,Moderate,39822,3.75,494605,4.91,9.63,5.97,6.62,34.24,2026-08-31,2026-08-31
Camp Hill,PA,"Harrisburg-Carlisle, PA",Cumberland County,335815.7408014654,3.53,1567.9708994708992,5.22,18815.65079365079,0.467,17.8,5.6,3.64,Moderate,8231,1.4,275516,5.86,13.9,4.61,1.99,28.63,2026-08-31,2026-08-31
Wisconsin Rapids,WI,"Wisconsin Rapids-Marshfield, WI",Wood County,229961.3708717538,7.39,1074.0833333333333,6.06,12889,0.467,17.8,5.6,3.64,Moderate,18675,-0.95,73943,-0.33,2.16,7.85,6.99,26.61,2026-08-31,2026-08-31
Edwardsville,IL,"St. Louis, MO-IL",Madison County,329725.093985637,4.61,1536.9920634920634,6.1,18443.90476190476,0.466,17.9,5.59,3.64,Moderate,26715,-0.37,263017,-1.03,1.59,8.04,3.83,26.39,2026-08-31,2026-08-31
Elmwood Park,IL,"Chicago-Naperville-Elgin, IL-IN-WI",Cook County,359480.7856907568,5.97,1678.4722222222224,NA,20141.666666666668,0.467,17.8,5.6,3.64,Moderate,23698,-2.99,5182617,-1.6,5.9,8.18,4.67,42.49,2026-08-31,2026-08-31
Miami Shores,FL,"Miami-Fort Lauderdale-Pompano Beach, FL",Miami-Dade County,751933.1072396893,5.05,3508.862433862434,5.48,42106.34920634921,0.467,17.9,5.6,3.64,Moderate,11917,1.91,2838461,5.29,19.88,11.11,5.36,47.81,2026-08-31,2026-08-31
Derwood,MD,"Washington-Arlington-Alexandria, DC-VA-MD-WV",Montgomery County,628367.6310401587,-0.22,2929.1666666666665,2.37,35150,0.466,17.9,5.59,3.64,Moderate,NA,NA,NA,NA,NA,NA,NA,NA,2026-08-31,2026-08-31
Guilford,CT,"New Haven-Milford, CT",New Haven County,641320.8878408386,4.5,2991.6666666666665,NA,35900,0.466,17.9,5.6,3.64,Moderate,NA,NA,NA,NA,NA,NA,NA,NA,2026-08-31,2026-08-31
Bridgeville,PA,"Pittsburgh, PA",Allegheny County,315221.95531158993,2.2,1469.5,NA,17634,0.466,17.9,5.59,3.64,Moderate,4620,-3.63,1231814,-1.43,2.72,9.6,6.37,35.07,2026-08-31,2026-08-31
Brookfield,CT,"Bridgeport-Stamford-Norwalk, CT",Fairfield County,586119.0342388459,4.97,2732.5,NA,32790,0.466,17.9,5.59,3.64,Moderate,NA,NA,NA,NA,NA,NA,NA,NA,2026-08-31,2026-08-31
Bennington,NE,"Omaha-Council Bluffs, NE-IA",Douglas County,410353.5436815763,0.48,1916.5833333333333,3.67,22999,0.467,17.8,5.6,3.64,Moderate,1982,-1.98,601158,2.68,7.03,5.47,6.04,38.25,2026-08-31,2026-08-31
Selma,TX,"San Antonio-New Braunfels, TX",Bexar County,284231.1885378779,-2.91,1324.8571336429309,-3.32,15898.28560371517,0.466,17.9,5.59,3.64,Moderate,11900,4.13,2127737,5.56,8.6,8.27,8.16,40.89,2026-08-31,2026-08-31
Deer Park,IL,"Chicago-Naperville-Elgin, IL-IN-WI",Lake County,781383.8618027661,6.88,3650,NA,43800,0.467,17.8,5.61,3.64,Moderate,NA,NA,NA,NA,NA,NA,NA,NA,2026-08-31,2026-08-31
Davie,FL,"Miami-Fort Lauderdale-Pompano Beach, FL",Broward County,516932.5414506114,-2.05,2404.126444950705,0.91,28849.517339408456,0.465,17.9,5.58,3.63,Moderate,112052,5.68,2037472,4.84,14.84,13.18,6.08,36.74,2026-08-31,2026-08-31
Woodstock,GA,"Atlanta-Sandy Springs-Alpharetta, GA",Cherokee County,456827.1962143704,-1.85,2124.258060947956,2.88,25491.096731375474,0.465,17.9,5.58,3.63,Moderate,39381,11.77,293513,9.45,18.15,4.61,5.09,22.59,2026-08-31,2026-08-31
Macomb,MI,"Detroit-Warren-Dearborn, MI",Macomb County,428567.5129766395,2.61,1993.5262626262625,3.34,23922.315151515148,0.465,17.9,5.58,3.63,Moderate,NA,NA,886175,0.67,8.17,4.12,3.23,25.04,2026-08-31,2026-08-31
San Marcos,TX,"Austin-Round Rock-Georgetown, TX",Hays County,306850.57081937004,-3.42,1428.0658382066276,0.01,17136.79005847953,0.465,17.9,5.58,3.63,Moderate,74316,8.93,292029,19.69,29.92,5.29,3.58,35.89,2026-08-31,2026-08-31
Mandeville,LA,"New Orleans-Metairie, LA",Saint Tammany Parish,360421.5166781842,0.48,1677.6640211640213,3.3,20131.968253968254,0.465,17.9,5.59,3.63,Moderate,12973,1.15,NA,NA,NA,NA,NA,NA,2026-08-31,2026-08-31
Windsor Mill,MD,"Baltimore-Columbia-Towson, MD",Baltimore County,322992.7971160318,0.13,1502.7074074074071,0.01,18032.488888888885,0.465,17.9,5.58,3.63,Moderate,NA,NA,852425,-0.11,3.96,5.75,5.61,33.67,2026-08-31,2026-08-31
Lebanon,OH,"Cincinnati, OH-KY-IN",Warren County,402277.98786511185,2.36,1870.4722222222224,3.52,22445.666666666668,0.465,17.9,5.58,3.63,Moderate,21995,5.35,256059,5.27,8.42,4.87,6.12,20.4,2026-08-31,2026-08-31
Athens,OH,"Athens, OH",Athens County,247077.7199708848,3.62,1149.5079365079364,NA,13794.095238095237,0.465,17.9,5.58,3.63,Moderate,NA,NA,NA,NA,NA,NA,NA,NA,2026-08-31,2026-08-31
Derry,NH,"Boston-Cambridge-Newton, MA-NH",Rockingham County,506795.30064384226,3.38,2357.375,4.53,28288.5,0.465,17.9,5.58,3.63,Moderate,NA,NA,322433,2.47,5.64,7.38,3.42,21.38,2026-08-31,2026-08-31
Blacklick,OH,"Columbus, OH",Franklin County,354018.00314717507,-0.13,1646.4222222222222,NA,19757.066666666666,0.465,17.9,5.58,3.63,Moderate,NA,NA,1356303,2.4,7.58,6.96,3.98,47.03,2026-08-31,2026-08-31
Savage,MN,"Minneapolis-St. Paul-Bloomington, MN-WI",Scott County,427935.54354870645,1.41,1989.2707070707067,0.11,23871.248484848482,0.465,17.9,5.58,3.63,Moderate,32896,0.98,157206,3.87,2.74,2.6,1.89,15.7,2026-08-31,2026-08-31
Newton,NJ,"New York-Newark-Jersey City, NY-NJ-PA",Sussex County,451557.4334725549,2.2,2099,NA,25188,0.465,17.9,5.58,3.63,Moderate,NA,NA,NA,NA,NA,NA,NA,NA,2026-08-31,2026-08-31
Cottonwood,AZ,"Prescott Valley-Prescott, AZ",Yavapai County,390534.3448024537,0.02,1817.7698412698412,2.14,21813.238095238095,0.465,17.9,5.59,3.63,Moderate,12939,6.85,252013,6.23,16.63,12.2,4.45,26.49,2026-08-31,2026-08-31
Jerome,ID,"Twin Falls, ID",Jerome County,407761.09690431086,3.53,1900,NA,22800,0.466,17.9,5.59,3.63,Moderate,NA,NA,NA,NA,NA,NA,NA,NA,2026-08-31,2026-08-31
Chalfont,PA,"Philadelphia-Camden-Wilmington, PA-NJ-DE-MD",Bucks County,614672.8260441325,4.06,2861.25,NA,34335,0.465,17.9,5.59,3.63,Moderate,NA,NA,NA,NA,NA,NA,NA,NA,2026-08-31,2026-08-31
King,NC,"Winston-Salem, NC",Stokes County,278544.98817855836,3.87,1295,NA,15540,0.465,17.9,5.58,3.63,Moderate,NA,NA,NA,NA,NA,NA,NA,NA,2026-08-31,2026-08-31
Whitman,MA,"Boston-Cambridge-Newton, MA-NH",Plymouth County,556448.777188831,3.63,2590,NA,31080,0.465,17.9,5.59,3.63,Moderate,NA,NA,NA,NA,NA,NA,NA,NA,2026-08-31,2026-08-31
Walton,KY,"Cincinnati, OH-KY-IN",Boone County,354749.8552656719,4.14,1650,NA,19800,0.465,17.9,5.58,3.63,Moderate,NA,NA,NA,NA,NA,NA,NA,NA,2026-08-31,2026-08-31
Sharonville,OH,"Cincinnati, OH-KY-IN",Hamilton County,285503.9247550406,2.42,1328.1944444444443,NA,15938.333333333332,0.465,17.9,5.58,3.63,Moderate,14040,-0.45,837359,0.84,4.18,7.42,4.2,41.01,2026-08-31,2026-08-31
Chesterton,IN,"Chicago-Naperville-Elgin, IL-IN-WI",Porter County,348708.4264612204,2.91,1620.8333333333333,NA,19450,0.465,17.9,5.58,3.63,Moderate,NA,NA,NA,NA,NA,NA,NA,NA,2026-08-31,2026-08-31
Honesdale,PA,NA,Wayne County,299294.59407042904,4.72,1391.6666666666667,NA,16700,0.465,17.9,5.58,3.63,Moderate,NA,NA,NA,NA,NA,NA,NA,NA,2026-08-31,2026-08-31
Putnam,CT,"Worcester, MA-CT",Windham County,354394.480829332,3.59,1650,NA,19800,0.466,17.9,5.59,3.63,Moderate,NA,NA,NA,NA,NA,NA,NA,NA,2026-08-31,2026-08-31
Lake Mohegan,NY,"New York-Newark-Jersey City, NY-NJ-PA",Westchester County,609372.8256074247,3.22,2836.1111111111113,NA,34033.333333333336,0.465,17.9,5.58,3.63,Moderate,NA,NA,NA,NA,NA,NA,NA,NA,2026-08-31,2026-08-31
Heyburn,ID,"Burley, ID",Minidoka County,327930.2313633231,1.4,1525,NA,18300,0.465,17.9,5.58,3.63,Moderate,NA,NA,NA,NA,NA,NA,NA,NA,2026-08-31,2026-08-31
Cold Spring,KY,"Cincinnati, OH-KY-IN",Campbell County,303870.1827492274,3.52,1412.9166666666667,NA,16955,0.465,17.9,5.58,3.63,Moderate,NA,NA,NA,NA,NA,NA,NA,NA,2026-08-31,2026-08-31
The Hammocks,FL,"Miami-Fort Lauderdale-Pompano Beach, FL",Miami-Dade County,534687.7927321475,-0.16,2483.59652147457,0.5,29803.158257694842,0.464,17.9,5.57,3.62,Moderate,NA,NA,2838461,5.29,19.88,11.11,5.36,47.81,2026-08-31,2026-08-31
Wallingford,CT,"New Haven-Milford, CT",New Haven County,430223.9444763355,6.95,1994.6296296296296,12.43,23935.555555555555,0.464,18,5.56,3.62,Moderate,NA,NA,NA,NA,NA,NA,NA,NA,2026-08-31,2026-08-31
Lanham Seabrook,MD,"Washington-Arlington-Alexandria, DC-VA-MD-WV",Prince Georges County,436601.6014584297,-1.63,2024.017094017094,0.38,24288.20512820513,0.464,18,5.56,3.62,Moderate,NA,NA,NA,NA,NA,NA,NA,NA,2026-08-31,2026-08-31
Canonsburg,PA,"Pittsburgh, PA",Washington County,362038.22859791946,2.02,1682.125874125874,2.34,20185.51048951049,0.465,17.9,5.58,3.62,Moderate,9601,-1.55,210434,0.49,4.53,10.07,6.42,23.56,2026-08-31,2026-08-31
Seneca,SC,"Seneca, SC",Oconee County,308415.97253885557,2.15,1429.8611111111113,2.1,17158.333333333336,0.464,18,5.56,3.62,Moderate,9202,3.86,82475,4.68,16.36,18.94,5.92,24.58,2026-08-31,2026-08-31
Knightdale,NC,"Raleigh-Cary, NC",Wake County,363988.6930310512,-1.95,1689.6733556298775,1.47,20276.08026755853,0.464,18,5.57,3.62,Moderate,21829,12.21,1232444,9,18.32,7.54,9.49,35.57,2026-08-31,2026-08-31
Pell City,AL,"Birmingham-Hoover, AL",Saint Clair County,289576.74361716677,3.77,1345.1666666666667,NA,16142,0.465,17.9,5.57,3.62,Moderate,NA,NA,NA,NA,NA,NA,NA,NA,2026-08-31,2026-08-31
Grayson,GA,"Atlanta-Sandy Springs-Alpharetta, GA",Gwinnett County,426178.96110952186,-2.63,1975.6111111111113,4.53,23707.333333333336,0.464,18,5.56,3.62,Moderate,5252,12.66,1003869,4.75,5.96,3.94,4.99,33.31,2026-08-31,2026-08-31
Rosemont,CA,"Sacramento-Roseville-Folsom, CA",Sacramento County,458000.099124239,-0.46,2123.4698412698413,6.22,25481.638095238093,0.464,18,5.56,3.62,Moderate,NA,NA,1611231,1.54,7.33,4.28,3.63,41.37,2026-08-31,2026-08-31
Youngsville,NC,"Raleigh-Cary, NC",Franklin County,405181.87369106617,-0.75,1878.9166666666667,NA,22547,0.464,18,5.56,3.62,Moderate,2375,14.4,79771,15.56,31.84,10.87,2.6,21.88,2026-08-31,2026-08-31
Sanger,TX,"Dallas-Fort Worth-Arlington, TX",Denton County,354277.0616440686,-1.76,1644.0555555555557,-4.28,19728.666666666668,0.464,18,5.57,3.62,Moderate,10142,13.56,1045120,14.28,23.72,4.75,5.09,34.63,2026-08-31,2026-08-31
Chino Valley,AZ,"Prescott Valley-Prescott, AZ",Yavapai County,497456.3240780132,1.73,2305.555555555555,NA,27666.666666666664,0.463,18,5.56,3.62,Moderate,NA,NA,NA,NA,NA,NA,NA,NA,2026-08-31,2026-08-31
Summerfield,NC,"Greensboro-High Point, NC",Guilford County,513859.05261008145,1.1,2387.5,NA,28650,0.465,17.9,5.58,3.62,Moderate,NA,NA,NA,NA,NA,NA,NA,NA,2026-08-31,2026-08-31
Mauldin,SC,"Greenville-Anderson, SC",Greenville County,296784.7642040791,1.47,1377.08987854251,5.85,16525.07854251012,0.464,18,5.57,3.62,Moderate,29746,20.01,570745,8.25,17.14,7.49,6.9,31.24,2026-08-31,2026-08-31
Hartford,VT,"Lebanon, NH-VT",Windsor County,433965.75620454946,4.6,2016.6666666666667,NA,24200,0.465,17.9,5.58,3.62,Moderate,NA,NA,57697,-0.07,-1.25,28.47,5.85,25.15,2026-08-31,2026-08-31
Beverly Hills,MI,"Detroit-Warren-Dearborn, MI",Oakland County,601961.1829569777,7.41,2795,NA,33540,0.464,17.9,5.57,3.62,Moderate,NA,NA,NA,NA,NA,NA,NA,NA,2026-08-31,2026-08-31
Maplewood,MO,"St. Louis, MO-IL",Saint Louis County,272408.08439110266,1.86,1265.8,3.03,15189.599999999999,0.465,17.9,5.58,3.62,Moderate,8077,-2.33,NA,NA,NA,NA,NA,NA,2026-08-31,2026-08-31
Gravette,AR,"Fayetteville-Springdale-Rogers, AR",Benton County,360961.24539538816,3.49,1675,NA,20100,0.464,18,5.57,3.62,Moderate,NA,NA,NA,NA,NA,NA,NA,NA,2026-08-31,2026-08-31
Talent,OR,"Medford, OR",Jackson County,435791.934500528,2.45,2025,NA,24300,0.465,17.9,5.58,3.62,Moderate,NA,NA,NA,NA,NA,NA,NA,NA,2026-08-31,2026-08-31
Horace,ND,"Fargo, ND-MN",Cass County,407900.0365741147,2.94,1895,NA,22740,0.465,17.9,5.57,3.62,Moderate,NA,NA,NA,NA,NA,NA,NA,NA,2026-08-31,2026-08-31
Lawrence,MA,"Boston-Cambridge-Newton, MA-NH",Essex County,513746.4972312465,2.42,2379.558356676004,2.63,28554.70028011205,0.463,18,5.56,3.61,Moderate,89332,0.51,823938,2,7.8,5.11,2.53,36.04,2026-08-31,2026-08-31
Cicero,IL,"Chicago-Naperville-Elgin, IL-IN-WI",Cook County,279769.3044861862,4.6,1293.8846153846157,3.52,15526.615384615388,0.462,18,5.55,3.61,Moderate,82090,-3.33,5182617,-1.6,5.9,8.18,4.67,42.49,2026-08-31,2026-08-31
Wylie,TX,"Dallas-Fort Worth-Arlington, TX",Collin County,412915.2567433059,-5.65,1913.6064814814815,-0.45,22963.277777777777,0.463,18,5.56,3.61,Moderate,62954,8.76,1254658,16.64,31.61,5.16,6.55,35.92,2026-08-31,2026-08-31
Chester,VA,"Richmond, VA",Chesterfield County,393304.0330110281,2.33,1819.226436781609,1.69,21830.71724137931,0.463,18,5.55,3.61,Moderate,NA,NA,389793,6.69,10.05,3.91,4.88,22.7,2026-08-31,2026-08-31
Monroe,GA,"Atlanta-Sandy Springs-Alpharetta, GA",Walton County,376254.82204067294,1.13,1739.7808302808303,3.33,20877.369963369965,0.462,18,5.55,3.61,Moderate,16270,8.29,109792,13.03,25.68,4.54,1.62,20.82,2026-08-31,2026-08-31
Trumbull,CT,"Bridgeport-Stamford-Norwalk, CT",Fairfield County,679706.345570872,5.12,3144.185714285714,3.55,37730.22857142857,0.463,18,5.55,3.61,Moderate,NA,NA,NA,NA,NA,NA,NA,NA,2026-08-31,2026-08-31
Port Hueneme,CA,"Oxnard-Thousand Oaks-Ventura, CA",Ventura County,621930.7032484113,1.15,2876.1309523809523,0.83,34513.57142857143,0.462,18,5.55,3.61,Moderate,21325,-2.8,835427,-0.99,0.32,5.64,3.81,35.84,2026-08-31,2026-08-31
Rocky Hill,CT,"Hartford-East Hartford-Middletown, CT",Hartford County,414424.2147990568,3.79,1919.1809523809525,3.91,23030.17142857143,0.463,18,5.56,3.61,Moderate,NA,NA,NA,NA,NA,NA,NA,NA,2026-08-31,2026-08-31
Norton,MA,"Providence-Warwick, RI-MA",Bristol County,597596.3413314415,3.89,2765.222222222222,NA,33182.666666666664,0.463,18,5.55,3.61,Moderate,NA,NA,NA,NA,NA,NA,NA,NA,2026-08-31,2026-08-31
Avenel,NJ,"New York-Newark-Jersey City, NY-NJ-PA",Middlesex County,529163.3623806371,0.87,2447.5,NA,29370,0.463,18,5.55,3.61,Moderate,NA,NA,NA,NA,NA,NA,NA,NA,2026-08-31,2026-08-31
McDonald,PA,"Pittsburgh, PA",Washington County,379174.4229029821,2.98,1756.222222222222,NA,21074.666666666664,0.463,18,5.56,3.61,Moderate,NA,NA,NA,NA,NA,NA,NA,NA,2026-08-31,2026-08-31
North East,MD,"Philadelphia-Camden-Wilmington, PA-NJ-DE-MD",Cecil County,397298.93674627895,-0.16,1839.4444444444443,1.39,22073.333333333332,0.463,18,5.56,3.61,Moderate,4191,2.52,106305,2.41,6.42,9.03,6.6,24.69,2026-08-31,2026-08-31
Pleasant Hill,MO,"Kansas City, MO-KS",Cass County,372985.7352384507,4.79,1728.3333333333333,NA,20740,0.463,18,5.56,3.61,Moderate,NA,NA,NA,NA,NA,NA,NA,NA,2026-08-31,2026-08-31
Marion,AR,"Memphis, TN-MS-AR",Crittenden County,239668.26191830912,3.16,1108,NA,13296,0.462,18,5.55,3.61,Moderate,NA,NA,NA,NA,NA,NA,NA,NA,2026-08-31,2026-08-31
Verona,VA,"Staunton, VA",Augusta County,317252.7385148394,5.66,1468.75,NA,17625,0.463,18,5.56,3.61,Moderate,NA,NA,NA,NA,NA,NA,NA,NA,2026-08-31,2026-08-31
Knoxville,TN,"Knoxville, TN",Knox County,370699.2386185156,1.12,1711.6355793513667,0.32,20539.6269522164,0.462,18,5.54,3.6,Moderate,198722,3.92,506748,5.46,9.51,8.07,5.28,35.05,2026-08-31,2026-08-31
Anderson,SC,"Greenville-Anderson, SC",Anderson County,273855.80739339156,1.3,1262.969642857143,3.64,15155.635714285716,0.461,18.1,5.53,3.6,Moderate,30937,5.02,217183,6.36,15.37,9.75,8.93,24.56,2026-08-31,2026-08-31
Indio,CA,"Riverside-San Bernardino-Ontario, CA",Riverside County,508881.9263913748,-0.95,2349.0119047619046,6.31,28188.142857142855,0.462,18.1,5.54,3.6,Moderate,94275,5.36,2529933,4.34,7.33,11.37,4.89,31.14,2026-08-31,2026-08-31
Brandon,FL,"Tampa-St. Petersburg-Clearwater, FL",Hillsborough County,355559.5529744265,-0.57,1643.2811121776006,-2.66,19719.373346131208,0.462,18,5.55,3.6,Moderate,NA,NA,1581426,7.85,12.2,7.8,6.74,38.94,2026-08-31,2026-08-31
Irvington,NJ,"New York-Newark-Jersey City, NY-NJ-PA",Essex County,423500.9207040934,5.47,1953.1742063492063,-0.67,23438.090476190475,0.461,18.1,5.53,3.6,Moderate,NA,NA,881527,2.5,15.1,5.39,2.7,55.47,2026-08-31,2026-08-31
Patchogue,NY,"New York-Newark-Jersey City, NY-NJ-PA",Suffolk County,607708.1092225579,4.39,2805.1666666666665,NA,33662,0.462,18.1,5.54,3.6,Moderate,12447,0.59,1535909,0.9,2.22,11.64,3.67,18.09,2026-08-31,2026-08-31
Ballston Spa,NY,"Albany-Schenectady-Troy, NY",Saratoga County,437073.63510980335,5.29,2019.9686609686612,4.36,24239.623931623933,0.462,18,5.55,3.6,Moderate,4930,-3.64,240360,1.93,6.74,10.16,5.99,27.83,2026-08-31,2026-08-31
Washington,NC,"Washington, NC",Beaufort County,244866.2132688994,2.09,1130,NA,13560,0.461,18.1,5.54,3.6,Moderate,NA,NA,NA,NA,NA,NA,NA,NA,2026-08-31,2026-08-31
American Canyon,CA,"Napa, CA",Napa County,728940.1452622268,-1.33,3369,NA,40428,0.462,18,5.55,3.6,Moderate,21742,-0.26,132727,-3.45,-4.02,10.68,4.97,35.6,2026-08-31,2026-08-31
Kaufman,TX,"Dallas-Fort Worth-Arlington, TX",Kaufman County,293029.38000652636,1.79,1350.8333333333337,NA,16210.000000000004,0.461,18.1,5.53,3.6,Moderate,NA,NA,NA,NA,NA,NA,NA,NA,2026-08-31,2026-08-31
Sylva,NC,"Cullowhee, NC",Jackson County,330281.01933519746,-1.13,1525,NA,18300,0.462,18,5.54,3.6,Moderate,NA,NA,NA,NA,NA,NA,NA,NA,2026-08-31,2026-08-31
Centerton,AR,"Fayetteville-Springdale-Rogers, AR",Benton County,347714.13762536814,-0.26,1604.06045751634,-0.11,19248.72549019608,0.461,18.1,5.54,3.6,Moderate,25745,41.08,321566,12.19,23.43,9.14,4.86,32.8,2026-08-31,2026-08-31
Hamburg,PA,"Reading, PA",Berks County,303452.4407251812,3.53,1400,NA,16800,0.461,18.1,5.54,3.6,Moderate,NA,NA,NA,NA,NA,NA,NA,NA,2026-08-31,2026-08-31
Ridgeville,SC,"Charleston-North Charleston, SC",Dorchester County,363249.75185634656,0.86,1674.9166666666667,NA,20099,0.461,18.1,5.53,3.6,Moderate,NA,NA,NA,NA,NA,NA,NA,NA,2026-08-31,2026-08-31
Conifer,CO,"Denver-Aurora-Lakewood, CO",Jefferson County,742316.8682605112,-3.08,3423.75,NA,41085,0.461,18.1,5.53,3.6,Moderate,NA,NA,NA,NA,NA,NA,NA,NA,2026-08-31,2026-08-31
Freeport,FL,"Crestview-Fort Walton Beach-Destin, FL",Walton County,387462.55163225223,-2.33,1788.75,-0.17,21465,0.462,18.1,5.54,3.6,Moderate,7234,19.16,89666,18.15,36.1,44.55,32.56,22.85,2026-08-31,2026-08-31
Brockton,MA,"Boston-Cambridge-Newton, MA-NH",Plymouth County,508661.1050160737,2.24,2340.625,2.96,28087.5,0.46,18.1,5.52,3.59,Moderate,105788,0.29,542090,2.58,7.97,7.23,1.91,22.38,2026-08-31,2026-08-31
Cranston,RI,"Providence-Warwick, RI-MA",Providence County,457533.4853667088,1.41,2108.602564102564,3.24,25303.230769230766,0.461,18.1,5.53,3.59,Moderate,84448,2.02,675912,2.4,11.33,7.44,4.46,43.38,2026-08-31,2026-08-31
Atwater,CA,"Merced, CA",Merced County,422178.0561406782,0.87,1940.8333333333333,NA,23290,0.46,18.1,5.52,3.59,Moderate,32248,0.97,296774,4.88,2.88,5.59,2.8,46.7,2026-08-31,2026-08-31
Golden Glades,FL,"Miami-Fort Lauderdale-Pompano Beach, FL",Miami-Dade County,480886.66657803673,3.02,2212.806267806267,0.95,26553.675213675204,0.46,18.1,5.52,3.59,Moderate,NA,NA,2838461,5.29,19.88,11.11,5.36,47.81,2026-08-31,2026-08-31
West Warwick,RI,"Providence-Warwick, RI-MA",Kent County,409402.5076306872,5.5,1886.6666666666667,0.94,22640,0.461,18.1,5.53,3.59,Moderate,NA,NA,172450,1.19,6.54,4.69,3.57,27.85,2026-08-31,2026-08-31
Mansfield,CT,"Hartford-East Hartford-Middletown, CT",Tolland County,405539.1531178614,9.11,1866.6666666666667,NA,22400,0.46,18.1,5.52,3.59,Moderate,NA,NA,NA,NA,NA,NA,NA,NA,2026-08-31,2026-08-31
Waukee,IA,"Des Moines-West Des Moines, IA",Dallas County,346182.0127052172,-1.78,1594.2007575757573,3.29,19130.40909090909,0.461,18.1,5.53,3.59,Moderate,34420,41.25,115343,14.72,25.99,5.39,7.47,30.52,2026-08-31,2026-08-31
Castaic,CA,"Los Angeles-Long Beach-Anaheim, CA",Los Angeles County,793219.5160856452,-0.38,3650,NA,43800,0.46,18.1,5.52,3.59,Moderate,NA,NA,NA,NA,NA,NA,NA,NA,2026-08-31,2026-08-31
Mineola,NY,"New York-Newark-Jersey City, NY-NJ-PA",Nassau County,843681.434734539,4.65,3880.269841269841,1.89,46563.23809523809,0.46,18.1,5.52,3.59,Moderate,21305,2.19,1392438,0.13,2.32,4.56,4.6,18.07,2026-08-31,2026-08-31
Emmaus,PA,"Allentown-Bethlehem-Easton, PA-NJ",Lehigh County,392617.96300008526,4.09,1808.4166666666667,-0.2,21701,0.461,18.1,5.53,3.59,Moderate,12314,5.79,385655,2.98,11.77,4.72,3.33,34.79,2026-08-31,2026-08-31
Liberty Hill,TX,"Austin-Round Rock-Georgetown, TX",Williamson County,483989.21781467815,-6.57,2227.4126984126983,-0.95,26728.95238095238,0.46,18.1,5.52,3.59,Moderate,11984,222.84,727480,18.17,29.75,3.91,3.51,32.92,2026-08-31,2026-08-31
Morrisville,VT,NA,Lamoille County,369116.48332476127,0.2,1700,NA,20400,0.461,18.1,5.53,3.59,Moderate,NA,NA,NA,NA,NA,NA,NA,NA,2026-08-31,2026-08-31
Sugar Land,TX,"Houston-The Woodlands-Sugar Land, TX",Fort Bend County,442326.4874710497,0.17,2031.781612696708,-0.6,24381.379352360495,0.459,18.1,5.51,3.58,Moderate,109851,-0.9,958434,15.57,27.37,4.23,6.33,22.52,2026-08-31,2026-08-31
Rock Hill,SC,"Charlotte-Concord-Gastonia, NC-SC",York County,323885.53417765605,-1.65,1488.0189366786142,1.24,17856.22724014337,0.459,18.1,5.51,3.58,Moderate,75798,1.53,303001,6.74,13.44,5.45,4.52,26.57,2026-08-31,2026-08-31
Georgetown,KY,"Lexington-Fayette, KY",Scott County,341864.4500958467,4.14,1567.3333333333333,3.04,18808,0.458,18.2,5.5,3.58,Moderate,40518,7.22,61700,7.24,13.79,5.21,1.28,27.85,2026-08-31,2026-08-31
College Park,MD,"Washington-Arlington-Alexandria, DC-VA-MD-WV",Prince Georges County,433424.5647652985,-1.74,1991.6813675213675,0.56,23900.176410256412,0.46,18.1,5.51,3.58,Moderate,34667,-0.13,NA,NA,NA,NA,NA,NA,2026-08-31,2026-08-31
Gahanna,OH,"Columbus, OH",Franklin County,379151.69034683093,2.47,1741.0944444444442,NA,20893.13333333333,0.459,18.1,5.51,3.58,Moderate,35544,-0.45,1356303,2.4,7.58,6.96,3.98,47.03,2026-08-31,2026-08-31
Galt,CA,"Sacramento-Roseville-Folsom, CA",Sacramento County,529449.1686843958,-0.85,2432.222222222222,NA,29186.666666666664,0.459,18.1,5.51,3.58,Moderate,NA,NA,NA,NA,NA,NA,NA,NA,2026-08-31,2026-08-31
Brooklyn Center,MN,"Minneapolis-St. Paul-Bloomington, MN-WI",Hennepin County,297803.6299222665,0.4,1366.9833333333331,4.15,16403.799999999996,0.459,18.2,5.51,3.58,Moderate,31755,-5.66,1273334,-0.65,4.24,5.29,5.38,37.05,2026-08-31,2026-08-31
Ridgecrest,CA,"Bakersfield, CA",Kern County,268364.32399262703,-1.7,1231.2420634920634,-0.13,14774.90476190476,0.459,18.2,5.51,3.58,Moderate,28373,1.35,922529,1.81,2.68,7.58,3.4,40.19,2026-08-31,2026-08-31
Waynesboro,VA,"Staunton, VA",Augusta County,317126.74895965424,3.07,1453.9880952380954,9.15,17447.857142857145,0.458,18.2,5.5,3.58,Moderate,23498,5.48,78622,1.33,9.7,6.83,2.8,21.05,2026-08-31,2026-08-31
Fleming Island,FL,"Jacksonville, FL",Clay County,445587.444444537,-0.13,2044.0666666666664,3.89,24528.799999999996,0.459,18.2,5.5,3.58,Moderate,NA,NA,236760,8.13,16.84,6.2,2.2,23.76,2026-08-31,2026-08-31
Rahway,NJ,"New York-Newark-Jersey City, NY-NJ-PA",Union County,540732.6630075214,1.02,2482.2318181818177,2.5,29786.781818181815,0.459,18.2,5.51,3.58,Moderate,30763,3.68,594160,3.57,15.84,4.55,3.18,42.39,2026-08-31,2026-08-31
Lochearn,MD,"Baltimore-Columbia-Towson, MD",Baltimore County,313741.06238743005,1.53,1438.4619047619046,5.66,17261.542857142857,0.458,18.2,5.5,3.58,Moderate,NA,NA,852425,-0.11,3.96,5.75,5.61,33.67,2026-08-31,2026-08-31
Manvel,TX,"Houston-The Woodlands-Sugar Land, TX",Brazoria County,441942.0310553857,-2.5,2030.0265151515152,1.99,24360.318181818184,0.459,18.1,5.51,3.58,Moderate,19309,89.04,413224,10.63,23.74,10.51,11.33,26,2026-08-31,2026-08-31
Belmont,NC,"Charlotte-Concord-Gastonia, NC-SC",Gaston County,431349.3885865885,0.24,1978.386752136752,0.98,23740.641025641024,0.459,18.2,5.5,3.58,Moderate,16044,5.8,242010,5.85,15.72,7.81,5.03,34.18,2026-08-31,2026-08-31
Maumelle,AR,"Little Rock-North Little Rock-Conway, AR",Pulaski County,307974.6709392451,2.68,1412.7555555555557,1.39,16953.06666666667,0.459,18.2,5.5,3.58,Moderate,19541,1.49,401209,0.48,-0.94,11.78,9.74,42.25,2026-08-31,2026-08-31
Columbia,PA,"Lancaster, PA",Lancaster County,293287.70064497186,4.37,1347.2222222222224,3.97,16166.666666666668,0.459,18.1,5.51,3.58,Moderate,10399,1.86,563293,1.89,3.04,3.36,2.54,30.06,2026-08-31,2026-08-31
Saint Joseph,MI,"Niles, MI",Berrien County,341093.0894911749,5.83,1563.763888888889,2.63,18765.166666666668,0.458,18.2,5.5,3.58,Moderate,NA,NA,NA,NA,NA,NA,NA,NA,2026-08-31,2026-08-31
Madison,CT,"New Haven-Milford, CT",New Haven County,725251.0970324638,3.84,3332.777777777778,NA,39993.333333333336,0.46,18.1,5.51,3.58,Moderate,NA,NA,NA,NA,NA,NA,NA,NA,2026-08-31,2026-08-31
Taos,NM,"Taos, NM",Taos County,437443.58687037794,-0.91,2008.3333333333333,NA,24100,0.459,18.2,5.51,3.58,Moderate,NA,NA,NA,NA,NA,NA,NA,NA,2026-08-31,2026-08-31
Holly Springs,GA,"Atlanta-Sandy Springs-Alpharetta, GA",Cherokee County,431816.7157168734,-1.25,1984.2171717171716,1.09,23810.60606060606,0.46,18.1,5.51,3.58,Moderate,20133,20.61,293513,9.45,18.15,4.61,5.09,22.59,2026-08-31,2026-08-31
Reading,OH,"Cincinnati, OH-KY-IN",Hamilton County,233633.70176685147,1.15,1072.063492063492,1.71,12864.761904761905,0.459,18.2,5.51,3.58,Moderate,10482,-1.01,837359,0.84,4.18,7.42,4.2,41.01,2026-08-31,2026-08-31
Bensley,VA,"Richmond, VA",Chesterfield County,260081.06436105305,2.72,1195,NA,14340,0.459,18.1,5.51,3.58,Moderate,NA,NA,NA,NA,NA,NA,NA,NA,2026-08-31,2026-08-31
Huntsville,AL,"Huntsville, AL",Madison County,290244.41581705597,1.25,1330.1676110594333,2.73,15962.011332713198,0.458,18.2,5.5,3.57,Moderate,230402,6.48,423355,8.41,20.5,7.01,5.85,31.22,2026-08-31,2026-08-31
Rancho Cordova,CA,"Sacramento-Roseville-Folsom, CA",Sacramento County,528885.2990145,-1.77,2421.896631823461,2.49,29062.75958188153,0.458,18.2,5.5,3.57,Moderate,84113,5.63,1611231,1.54,7.33,4.28,3.63,41.37,2026-08-31,2026-08-31
Revere,MA,"Boston-Cambridge-Newton, MA-NH",Suffolk County,613678.5582232181,1.06,2809.1451335055986,0.55,33709.74160206718,0.458,18.2,5.49,3.57,Moderate,60702,-1.95,793144,-0.51,10.02,8.97,4.43,63.39,2026-08-31,2026-08-31
Burlington,VT,"Burlington-South Burlington, VT",Chittenden County,509341.09885357734,-1.84,2328.7350970017637,0.66,27944.821164021167,0.457,18.2,5.49,3.57,Moderate,44432,-0.7,170851,1.44,4.59,4.84,1.57,36.44,2026-08-31,2026-08-31
Manitowoc,WI,"Manitowoc, WI",Manitowoc County,243772.6979638592,5.15,1114.1666666666667,NA,13370,0.457,18.2,5.48,3.57,Moderate,NA,NA,NA,NA,NA,NA,NA,NA,2026-08-31,2026-08-31
Leavenworth,KS,"Kansas City, MO-KS",Leavenworth County,264534.2230604527,4.51,1209.548174048174,2.15,14514.578088578088,0.457,18.2,5.49,3.57,Moderate,37370,0.14,84670,3.31,8.44,5.81,6.75,31.19,2026-08-31,2026-08-31
Carbondale,IL,"Carbondale-Marion, IL",Jackson County,147669.47519162,6.88,675.4166666666666,4.69,8105,0.457,18.2,5.49,3.57,Moderate,22223,-0.18,53199,-0.12,6.47,16.8,7.23,50.68,2026-08-31,2026-08-31
Danville,KY,"Danville, KY",Boyle County,250007.9295811488,1.79,1143.3333333333333,NA,13720,0.457,18.2,5.49,3.57,Moderate,17562,1.39,31394,2.06,11.12,8.97,5.21,30.54,2026-08-31,2026-08-31
Lawrenceburg,TN,"Lawrenceburg, TN",Lawrence County,241207.7664112182,3.41,1104.1666666666663,NA,13249.999999999996,0.458,18.2,5.49,3.57,Moderate,NA,NA,NA,NA,NA,NA,NA,NA,2026-08-31,2026-08-31
Barre,VT,"Barre, VT",Washington County,309444.84793379594,0.57,1415.8333333333333,NA,16990,0.458,18.2,5.49,3.57,Moderate,NA,NA,NA,NA,NA,NA,NA,NA,2026-08-31,2026-08-31
Joppa,MD,"Baltimore-Columbia-Towson, MD",Harford County,367432.4202117699,0.39,1681.5,NA,20178,0.458,18.2,5.49,3.57,Moderate,NA,NA,NA,NA,NA,NA,NA,NA,2026-08-31,2026-08-31
Easthampton,MA,"Springfield, MA",Hampshire County,437373.32287352526,2.44,1999.1666666666667,NA,23990,0.457,18.2,5.49,3.57,Moderate,NA,NA,NA,NA,NA,NA,NA,NA,2026-08-31,2026-08-31
Pike Road,AL,"Montgomery, AL",Montgomery County,406706.4086158605,2.14,1863.8452380952376,3.84,22366.14285714285,0.458,18.2,5.5,3.57,Moderate,11500,20.23,225894,-1.08,-2.72,14.19,7.21,42.3,2026-08-31,2026-08-31
Modesto,CA,"Modesto, CA",Stanislaus County,442563.54473862954,0.11,2021.3349966193373,1.03,24256.019959432047,0.457,18.2,5.48,3.56,Moderate,220592,0.86,556972,0.59,2.04,4.22,2.75,39,2026-08-31,2026-08-31
Brooklyn Park,MN,"Minneapolis-St. Paul-Bloomington, MN-WI",Hennepin County,347941.0921785402,0.78,1589.5775335775336,8.36,19074.930402930404,0.457,18.2,5.48,3.56,Moderate,82893,-3.85,1273334,-0.65,4.24,5.29,5.38,37.05,2026-08-31,2026-08-31
Florence-Graham,CA,"Los Angeles-Long Beach-Anaheim, CA",Los Angeles County,590256.2552099534,0.74,2691.111111111111,NA,32293.33333333333,0.456,18.3,5.47,3.56,Moderate,NA,NA,9757179,-2.4,0.03,6.45,4.01,53.92,2026-08-31,2026-08-31
Levittown,PA,"Philadelphia-Camden-Wilmington, PA-NJ-DE-MD",Bucks County,400851.27835587686,3.04,1831.563492063492,1.3,21978.761904761905,0.457,18.2,5.48,3.56,Moderate,NA,NA,650131,0.61,4.89,3.41,3.04,21.99,2026-08-31,2026-08-31
Lincoln,CA,"Sacramento-Roseville-Folsom, CA",Placer County,640639.7007910664,0.66,2921.5271062271063,1.48,35058.32527472528,0.456,18.3,5.47,3.56,Moderate,56268,12.6,433822,6.87,21.94,11.81,3.91,25.72,2026-08-31,2026-08-31
Mount Pleasant,MI,"Mount Pleasant, MI",Isabella County,228520.33893610173,6.81,1044.4444444444443,10.73,12533.333333333332,0.457,18.2,5.48,3.56,Moderate,NA,NA,NA,NA,NA,NA,NA,NA,2026-08-31,2026-08-31
Marlborough,MA,"Boston-Cambridge-Newton, MA-NH",Middlesex County,577911.2803789631,0.23,2634.2133333333336,-0.23,31610.560000000005,0.456,18.3,5.47,3.56,Moderate,42169,1.16,1668956,2.54,11.63,4.52,2.96,38.37,2026-08-31,2026-08-31
Canyon Lake,TX,"San Antonio-New Braunfels, TX",Comal County,393122.8604268688,-2.04,1792.4333333333334,-0.79,21509.2,0.456,18.3,5.47,3.56,Moderate,NA,NA,201628,23.22,36.2,9.17,6.79,23.15,2026-08-31,2026-08-31
West Springfield,MA,"Springfield, MA",Hampden County,368239.0666394178,4.73,1680.2,NA,20162.4,0.456,18.3,5.48,3.56,Moderate,NA,NA,NA,NA,NA,NA,NA,NA,2026-08-31,2026-08-31
Brenham,TX,"Brenham, TX",Washington County,328739.3203266515,-1.09,1501.25,2.49,18015,0.457,18.2,5.48,3.56,Moderate,19728,13.61,37810,5.61,15.05,12.05,2.63,26.88,2026-08-31,2026-08-31
Manchester,TN,"Tullahoma-Manchester, TN",Coffee County,322469.2180014969,1.99,1469.9166666666667,NA,17639,0.456,18.3,5.47,3.56,Moderate,13484,9.92,61285,5.4,14.98,9.5,3.69,29.75,2026-08-31,2026-08-31
Goodlettsville,TN,"Nashville-Davidson--Murfreesboro--Franklin, TN",Sumner County,387974.86483933264,-1.41,1771.4166666666667,-0.29,21257,0.457,18.3,5.48,3.56,Moderate,17433,-2.13,211721,7.24,14.08,5.74,5.01,27.78,2026-08-31,2026-08-31
Cedar Creek,TX,"Austin-Round Rock-Georgetown, TX",Bastrop County,419941.0104550444,-5.72,1916.6666666666667,NA,23000,0.456,18.3,5.48,3.56,Moderate,NA,NA,NA,NA,NA,NA,NA,NA,2026-08-31,2026-08-31
Coweta,OK,"Tulsa, OK",Wagoner County,272958.07841028343,2.99,1244.7,NA,14936.400000000001,0.456,18.3,5.47,3.56,Moderate,NA,NA,NA,NA,NA,NA,NA,NA,2026-08-31,2026-08-31
Rialto,CA,"Riverside-San Bernardino-Ontario, CA",San Bernardino County,589452.7584302741,1.39,2685.5944444444444,4.32,32227.13333333333,0.456,18.3,5.47,3.55,Moderate,104918,0.92,2214281,1.41,1.68,9.55,3.22,38.46,2026-08-31,2026-08-31
Salisbury,NC,"Charlotte-Concord-Gastonia, NC-SC",Rowan County,281849.08469642437,0.27,1282.2046703296703,-0.3,15386.456043956045,0.455,18.3,5.46,3.55,Moderate,36579,3.54,153384,4.41,11.42,10.12,5.17,28.76,2026-08-31,2026-08-31
Cookeville,TN,"Cookeville, TN",Putnam County,321868.5617081422,1.65,1463.4414682539682,1.62,17561.29761904762,0.455,18.3,5.46,3.55,Moderate,37102,6.2,84894,6.01,11.17,8.15,4.7,39.32,2026-08-31,2026-08-31
Chambersburg,PA,"Chambersburg-Waynesboro, PA",Franklin County,288570.16525889497,1.46,1315.1551226551228,3.33,15781.861471861474,0.456,18.3,5.47,3.55,Moderate,23041,5.31,159285,2.14,8.04,5.63,3.51,26.78,2026-08-31,2026-08-31
Farmington,NM,"Farmington, NM",San Juan County,289574.3961778913,7.07,1317.2619047619048,5.56,15807.142857142859,0.455,18.3,5.46,3.55,Moderate,46262,-0.51,120817,-0.47,-0.57,14.62,8.35,29.82,2026-08-31,2026-08-31
Asheboro,NC,"Greensboro-High Point, NC",Randolph County,242557.3393031195,2.05,1105.0285714285712,5.93,13260.342857142856,0.456,18.3,5.47,3.55,Moderate,27928,2.51,148389,2.76,6.31,8.91,2.98,27.33,2026-08-31,2026-08-31
Somerset,NJ,"New York-Newark-Jersey City, NY-NJ-PA",Somerset County,578473.2763210381,2.53,2635.522144522145,0.12,31626.26573426574,0.456,18.3,5.47,3.55,Moderate,NA,NA,357467,3.68,12.99,2.54,1.98,25.53,2026-08-31,2026-08-31
West Babylon,NY,"New York-Newark-Jersey City, NY-NJ-PA",Suffolk County,665938.9209049199,-0.68,3026.8333333333335,NA,36322,0.455,18.3,5.45,3.55,Moderate,NA,NA,NA,NA,NA,NA,NA,NA,2026-08-31,2026-08-31
Stevens Point,WI,"Stevens Point, WI",Portage County,287967.70414561225,8.19,1311.9444444444446,-0.7,15743.333333333336,0.456,18.3,5.47,3.55,Moderate,26465,2.95,72040,2.31,8.66,5.91,4.14,30.68,2026-08-31,2026-08-31
Ronkonkoma,NY,"New York-Newark-Jersey City, NY-NJ-PA",Suffolk County,656526.4196211764,5.44,2985.4475108225106,4.43,35825.37012987013,0.455,18.3,5.46,3.55,Moderate,NA,NA,1535909,0.9,2.22,11.64,3.67,18.09,2026-08-31,2026-08-31
Pineville,LA,"Alexandria, LA",Rapides Parish,203536.37887856763,4.03,925.1666666666666,4.2,11102,0.455,18.3,5.45,3.55,Moderate,13966,-2.89,125899,-2.9,-3.65,16.57,7.31,34.71,2026-08-31,2026-08-31
Buda,TX,"Austin-Round Rock-Georgetown, TX",Hays County,350464.4681180176,-4.27,1593.300996071829,-2.75,19119.61195286195,0.455,18.3,5.46,3.55,Moderate,16090,5.29,292029,19.69,29.92,5.29,3.58,35.89,2026-08-31,2026-08-31
Princeton,WV,"Bluefield, WV-VA",Mercer County,173791.9077256877,1.89,790,7.99,9480,0.455,18.3,5.45,3.55,Moderate,5595,-4.52,57524,-3.35,-1.29,16.84,4.21,30.26,2026-08-31,2026-08-31
Superior,WI,"Duluth, MN-WI",Douglas County,234317.53579174657,4.18,1065,4.81,12780,0.455,18.3,5.45,3.55,Moderate,26620,-0.65,44276,-0.16,0.18,17.61,4.82,27.86,2026-08-31,2026-08-31
Harrison,NJ,"New York-Newark-Jersey City, NY-NJ-PA",Hudson County,580725.0666262229,0.88,2645.8998531230677,1.88,31750.79823747681,0.456,18.3,5.47,3.55,Moderate,22182,13.86,736185,1.98,14.43,6.78,4.46,68.82,2026-08-31,2026-08-31
Sartell,MN,"St. Cloud, MN",Stearns County,336144.60920015496,2.46,1530.0833333333333,NA,18361,0.455,18.3,5.46,3.55,Moderate,19979,3.11,163997,3.48,6.4,7.97,4.39,32.19,2026-08-31,2026-08-31
Fairview Park,OH,"Cleveland-Elyria, OH",Cuyahoga County,286243.5329716925,3.31,1304.4166666666667,NA,15653,0.456,18.3,5.47,3.55,Moderate,NA,NA,NA,NA,NA,NA,NA,NA,2026-08-31,2026-08-31
Clinton,MA,"Worcester, MA-CT",Worcester County,452974.818551502,0.26,2060.4166666666665,2.14,24725,0.455,18.3,5.46,3.55,Moderate,NA,NA,881248,2.82,8.7,5.7,3.41,34.33,2026-08-31,2026-08-31
Poncha Springs,CO,NA,Chaffee County,572053.6431811177,1.48,2600,NA,31200,0.455,18.3,5.45,3.55,Moderate,NA,NA,NA,NA,NA,NA,NA,NA,2026-08-31,2026-08-31
Clovis,CA,"Fresno, CA",Fresno County,516829.72843913856,0.97,2348.72185895573,2.7,28184.66230746876,0.454,18.3,5.45,3.54,Moderate,127993,5.97,1024125,1.44,-1.54,5.8,3.02,44.58,2026-08-31,2026-08-31
New Braunfels,TX,"San Antonio-New Braunfels, TX",Comal County,346474.536432852,-2.07,1570.5048018665193,-0.53,18846.05762239823,0.453,18.4,5.44,3.54,Moderate,116477,27.04,201628,23.22,36.2,9.17,6.79,23.15,2026-08-31,2026-08-31
Winchester,VA,"Winchester, VA-WV",Frederick County,400683.9249455569,1.28,1817.707890499195,2.75,21812.49468599034,0.454,18.4,5.44,3.54,Moderate,27800,-0.72,98109,6.75,18.52,6.22,3.38,21.98,2026-08-31,2026-08-31
Buford,GA,"Atlanta-Sandy Springs-Alpharetta, GA",Gwinnett County,466576.9337046473,-2.3,2115.2731685266704,1.13,25383.278022320046,0.453,18.4,5.44,3.54,Moderate,18642,8.87,1003869,4.75,5.96,3.94,4.99,33.31,2026-08-31,2026-08-31
Ypsilanti,MI,"Ann Arbor, MI",Washtenaw County,285145.3675618729,1.19,1293.421602728048,2.03,15521.059232736574,0.454,18.4,5.44,3.54,Moderate,20150,-2.21,373875,0.54,7.38,5.6,3.61,38.37,2026-08-31,2026-08-31
Nicholasville,KY,"Lexington-Fayette, KY",Jessamine County,326642.05072169285,2.56,1484.4074074074076,4.34,17812.88888888889,0.454,18.3,5.45,3.54,Moderate,33458,7.47,56495,6.56,15.9,6.17,4.04,30.74,2026-08-31,2026-08-31
Cedar Falls,IA,"Waterloo-Cedar Falls, IA",Black Hawk County,269110.58080353664,2.21,1221.288888888889,3.67,14655.466666666667,0.454,18.4,5.45,3.54,Moderate,41417,1.73,132348,0.99,6.61,8.52,6.11,34.68,2026-08-31,2026-08-31
Lisle,IL,"Chicago-Naperville-Elgin, IL-IN-WI",DuPage County,432957.57849233266,3.41,1967.0912698412696,4.4,23605.095238095237,0.454,18.3,5.45,3.54,Moderate,23548,-0.49,937142,0.6,5.3,4.53,5.6,26.87,2026-08-31,2026-08-31
Gardner,KS,"Kansas City, MO-KS",Johnson County,352265.7310706689,2.78,1599.4425925925923,2.64,19193.311111111107,0.454,18.4,5.45,3.54,Moderate,25836,10.28,632276,3.45,6.72,4.13,5,31.44,2026-08-31,2026-08-31
Gatesville,TX,"Killeen-Temple, TX",Coryell County,245995.32807841,1.45,1115.8333333333333,NA,13390,0.454,18.4,5.44,3.54,Moderate,NA,NA,NA,NA,NA,NA,NA,NA,2026-08-31,2026-08-31
Brockport,NY,"Rochester, NY",Monroe County,281654.9701681873,4.93,1278.9444444444443,-4.23,15347.333333333332,0.454,18.4,5.45,3.54,Moderate,7489,5.29,752202,-0.73,1.18,6.27,5.62,36.48,2026-08-31,2026-08-31
Iselin,NJ,"New York-Newark-Jersey City, NY-NJ-PA",Middlesex County,563223.6906842113,3.74,2556.4603174603176,2.25,30677.52380952381,0.454,18.4,5.45,3.54,Moderate,NA,NA,890119,3.33,12.92,3.48,2.61,36.53,2026-08-31,2026-08-31
La Vista,NE,"Omaha-Council Bluffs, NE-IA",Sarpy County,310256.09598313365,3.22,1407.8984126984126,4.14,16894.780952380952,0.454,18.4,5.45,3.54,Moderate,16543,-1.41,204828,7.14,15.85,3.5,4.21,29.38,2026-08-31,2026-08-31
Manassas Park,VA,"Washington-Arlington-Alexandria, DC-VA-MD-WV",Manassas Park City,460089.6074931245,1.55,2087.2314814814813,-1.18,25046.777777777774,0.454,18.4,5.44,3.54,Moderate,16611,-3.22,NA,NA,NA,NA,NA,NA,2026-08-31,2026-08-31
Hartwell,GA,NA,Hart County,314183.9282646655,1.23,1425,NA,17100,0.454,18.4,5.44,3.54,Moderate,NA,NA,NA,NA,NA,NA,NA,NA,2026-08-31,2026-08-31
Lady Lake,FL,"Orlando-Kissimmee-Sanford, FL",Lake County,333334.4170646177,-1.42,1512.744107744108,0.6,18152.929292929297,0.454,18.4,5.45,3.54,Moderate,17288,7.86,444204,15.01,42.09,12.7,9.37,23.35,2026-08-31,2026-08-31
Miami Springs,FL,"Miami-Fort Lauderdale-Pompano Beach, FL",Miami-Dade County,729566.8537200616,1.97,3314.166666666667,NA,39770,0.454,18.3,5.45,3.54,Moderate,NA,NA,NA,NA,NA,NA,NA,NA,2026-08-31,2026-08-31
Woodstock,VA,NA,Shenandoah County,343074.56693483907,1.7,1555,NA,18660,0.453,18.4,5.44,3.54,Moderate,NA,NA,NA,NA,NA,NA,NA,NA,2026-08-31,2026-08-31
Harahan,LA,"New Orleans-Metairie, LA",Jefferson Parish,312473.61050901114,5.08,1419.861111111111,-1.26,17038.333333333332,0.454,18.3,5.45,3.54,Moderate,8819,-3.07,427253,-2.84,2.2,8.82,5.5,37.69,2026-08-31,2026-08-31
Ocean View,DE,"Salisbury, MD-DE",Sussex County,538898.2497189698,0.37,2447.5,NA,29370,0.454,18.3,5.45,3.54,Moderate,NA,NA,NA,NA,NA,NA,NA,NA,2026-08-31,2026-08-31
Willow Park,TX,"Dallas-Fort Worth-Arlington, TX",Parker County,417373.3282944999,-0.44,1892.8809523809523,6.91,22714.571428571428,0.454,18.4,5.44,3.54,Moderate,6851,37.49,179707,20.16,32.26,7.74,10.08,17.92,2026-08-31,2026-08-31
Westworth Village,TX,"Dallas-Fort Worth-Arlington, TX",Tarrant County,345724.02563221165,-1.31,1570.4166666666667,6.79,18845,0.454,18.3,5.45,3.54,Moderate,2717,4.94,2230708,5.41,8.74,7.08,7.73,40.64,2026-08-31,2026-08-31
Williamsburg,VA,"Virginia Beach-Norfolk-Newport News, VA-NC",James City County,467893.69080454065,1.94,2114.878471673255,5.91,25378.541660079056,0.452,18.4,5.42,3.53,Moderate,16030,3.6,82797,5.49,7.56,8.86,10.28,21.15,2026-08-31,2026-08-31
Bellevue,NE,"Omaha-Council Bluffs, NE-IA",Sarpy County,300449.6770098805,3.03,1360.3468169761277,-1.88,16324.161803713532,0.453,18.4,5.43,3.53,Moderate,64777,-0.58,204828,7.14,15.85,3.5,4.21,29.38,2026-08-31,2026-08-31
East Providence,RI,"Providence-Warwick, RI-MA",Providence County,447286.7751200976,2,2021.7651515151513,4.47,24261.181818181816,0.452,18.4,5.42,3.53,Moderate,47961,1.93,675912,2.4,11.33,7.44,4.46,43.38,2026-08-31,2026-08-31
Hudson,NH,"Manchester-Nashua, NH",Hillsborough County,541056.906792475,1.29,2450,NA,29400,0.453,18.4,5.43,3.53,Moderate,NA,NA,NA,NA,NA,NA,NA,NA,2026-08-31,2026-08-31
Pierre,SD,"Pierre, SD",Hughes County,299553.9362041654,4.03,1354.1666666666667,NA,16250,0.452,18.4,5.42,3.53,Moderate,NA,NA,NA,NA,NA,NA,NA,NA,2026-08-31,2026-08-31
Clarksville,AR,NA,Johnson County,189371.68608212483,3.69,858.125,NA,10297.5,0.453,18.4,5.44,3.53,Moderate,NA,NA,NA,NA,NA,NA,NA,NA,2026-08-31,2026-08-31
Stansbury Park,UT,"Salt Lake City, UT",Tooele County,511050.81629254966,-0.24,2312.5,NA,27750,0.452,18.4,5.43,3.53,Moderate,NA,NA,NA,NA,NA,NA,NA,NA,2026-08-31,2026-08-31
Mentone,CA,"Riverside-San Bernardino-Ontario, CA",San Bernardino County,513251.9845212915,-0.18,2323.25,NA,27879,0.453,18.4,5.43,3.53,Moderate,NA,NA,NA,NA,NA,NA,NA,NA,2026-08-31,2026-08-31
Benson,AZ,"Sierra Vista-Douglas, AZ",Cochise County,253664.78232782707,0.19,1147,NA,13764,0.452,18.4,5.43,3.53,Moderate,NA,NA,NA,NA,NA,NA,NA,NA,2026-08-31,2026-08-31
Folsom,PA,"Philadelphia-Camden-Wilmington, PA-NJ-DE-MD",Delaware County,331472.0532106978,1.14,1500,NA,18000,0.453,18.4,5.43,3.53,Moderate,NA,NA,NA,NA,NA,NA,NA,NA,2026-08-31,2026-08-31
Richmond,VA,"Richmond, VA",Richmond City,364726.0154471464,2.61,1648.0827360191815,2.68,19776.99283223018,0.452,18.4,5.42,3.52,Moderate,233655,2.97,NA,NA,NA,NA,NA,NA,2026-08-31,2026-08-31
Schenectady,NY,"Albany-Schenectady-Troy, NY",Schenectady County,333481.8709535591,5.27,1502.9166666666667,2.73,18035,0.451,18.5,5.41,3.52,Moderate,69495,1.68,162261,1.86,11.06,6.65,4.78,36.18,2026-08-31,2026-08-31
Nashua,NH,"Manchester-Nashua, NH",Hillsborough County,509264.56681907526,3.37,2301.2328042328045,3.5,27614.793650793654,0.452,18.4,5.42,3.52,Moderate,91851,0.72,430462,1.78,5.81,5.1,3.09,32.47,2026-08-31,2026-08-31
Bel Air,MD,"Baltimore-Columbia-Towson, MD",Harford County,462255.0527776703,1.13,2085.1103174603177,4.41,25021.323809523812,0.451,18.5,5.41,3.52,Moderate,10395,-2.83,265514,1.63,2.3,3.96,3.4,20.29,2026-08-31,2026-08-31
Euless,TX,"Dallas-Fort Worth-Arlington, TX",Tarrant County,354647.49684671505,-0.17,1601.6181972789116,1.55,19219.418367346938,0.452,18.5,5.42,3.52,Moderate,60010,-1.75,2230708,5.41,8.74,7.08,7.73,40.64,2026-08-31,2026-08-31
Hoboken,NJ,"New York-Newark-Jersey City, NY-NJ-PA",Hudson County,883426.7346920675,4.55,3988.783510391269,4.06,47865.402124695225,0.452,18.5,5.42,3.52,Moderate,59149,-1.28,736185,1.98,14.43,6.78,4.46,68.82,2026-08-31,2026-08-31
Evans,GA,"Augusta-Richmond County, GA-SC",Columbia County,407075.5233090952,1.2,1836.3817628903416,2.88,22036.5811546841,0.451,18.5,5.41,3.52,Moderate,NA,NA,167472,6.76,9.29,13.79,10.72,21.51,2026-08-31,2026-08-31
Wentzville,MO,"St. Louis, MO-IL",Saint Charles County,401352.9315029944,1.44,1811.7222222222224,6.2,21740.666666666668,0.451,18.5,5.42,3.52,Moderate,48646,7.43,NA,NA,NA,NA,NA,NA,2026-08-31,2026-08-31
Bullhead City,AZ,"Lake Havasu City-Kingman, AZ",Mohave County,299786.3362889774,1.72,1351.1150793650795,0.6,16213.380952380954,0.451,18.5,5.41,3.52,Moderate,43266,4.27,226479,5.75,21.83,18.98,2.42,26.37,2026-08-31,2026-08-31
Montclair,CA,"Riverside-San Bernardino-Ontario, CA",San Bernardino County,652678.2966827564,0.17,2945.683455433456,7.38,35348.20146520147,0.451,18.5,5.42,3.52,Moderate,37650,-0.78,2214281,1.41,1.68,9.55,3.22,38.46,2026-08-31,2026-08-31
Severn,MD,"Baltimore-Columbia-Towson, MD",Anne Arundel County,517541.79863670305,1.27,2336.2603174603173,0.19,28035.123809523808,0.451,18.5,5.42,3.52,Moderate,NA,NA,602350,1.51,0.69,4.79,5.5,25.04,2026-08-31,2026-08-31
Versailles,KY,"Lexington-Fayette, KY",Woodford County,359153.1084440641,-1.05,1618.611111111111,0.52,19423.333333333332,0.451,18.5,5.41,3.52,Moderate,10656,2.86,27728,3.05,7.47,7.28,5.01,28.44,2026-08-31,2026-08-31
Prairie Village,KS,"Kansas City, MO-KS",Johnson County,495700.08613467106,7.29,2236.0039682539687,2.12,26832.047619047626,0.451,18.5,5.41,3.52,Moderate,22919,-0.17,632276,3.45,6.72,4.13,5,31.44,2026-08-31,2026-08-31
Browns Summit,NC,"Greensboro-High Point, NC",Guilford County,304072.39675948303,1.25,1374,NA,16488,0.452,18.4,5.42,3.52,Moderate,NA,NA,NA,NA,NA,NA,NA,NA,2026-08-31,2026-08-31
Hollidaysburg,PA,"Altoona, PA",Blair County,250925.9692645307,4.44,1132.5,NA,13590,0.451,18.5,5.42,3.52,Moderate,NA,NA,NA,NA,NA,NA,NA,NA,2026-08-31,2026-08-31
Discovery Bay,CA,"San Francisco-Oakland-Berkeley, CA",Contra Costa County,778888.9802991739,-1.32,3515.8333333333335,2.02,42190,0.451,18.5,5.42,3.52,Moderate,NA,NA,1172607,0.55,6.48,3.5,2.91,32.35,2026-08-31,2026-08-31
Leander,TX,"Austin-Round Rock-Georgetown, TX",Travis County,421703.1027969858,-6.2,1898.5175424484637,1.66,22782.210509381563,0.45,18.5,5.4,3.51,Moderate,87511,43.82,1363767,5.18,4.41,5.57,4.27,46.97,2026-08-31,2026-08-31
Ankeny,IA,"Des Moines-West Des Moines, IA",Polk County,338606.30025846494,0.8,1525.6940089043746,1.41,18308.328106852496,0.451,18.5,5.41,3.51,Moderate,76727,11.91,516185,4.69,12.01,5.87,5,32.93,2026-08-31,2026-08-31
Linden,NJ,"New York-Newark-Jersey City, NY-NJ-PA",Union County,554387.904111425,1.96,2494.561965811966,3.95,29934.74358974359,0.45,18.5,5.4,3.51,Moderate,45393,4.26,594160,3.57,15.84,4.55,3.18,42.39,2026-08-31,2026-08-31
Elk Grove Village,IL,"Chicago-Naperville-Elgin, IL-IN-WI",Cook County,402936.80280734674,6.08,1813.2610722610725,1.74,21759.13286713287,0.45,18.5,5.4,3.51,Moderate,31802,-2.74,5182617,-1.6,5.9,8.18,4.67,42.49,2026-08-31,2026-08-31
Aberdeen,SD,"Aberdeen, SD",Brown County,243866.11916128607,6.08,1097.1777777777777,11.82,13166.133333333331,0.45,18.5,5.4,3.51,Moderate,27919,-1.82,37495,-1.89,-3.31,9.13,9.13,34.29,2026-08-31,2026-08-31
Glen Cove,NY,"New York-Newark-Jersey City, NY-NJ-PA",Nassau County,828873.0918279552,7.49,3732,8.11,44784,0.45,18.5,5.4,3.51,Moderate,28088,-0.51,1392438,0.13,2.32,4.56,4.6,18.07,2026-08-31,2026-08-31
Cinnaminson Township,NJ,"Philadelphia-Camden-Wilmington, PA-NJ-DE-MD",Burlington County,465002.6392963576,3.72,2095,NA,25140,0.451,18.5,5.41,3.51,Moderate,NA,NA,NA,NA,NA,NA,NA,NA,2026-08-31,2026-08-31
Lexington,VA,NA,Rockbridge County,365926.3012211521,3.94,1647.2222222222224,NA,19766.666666666668,0.45,18.5,5.4,3.51,Moderate,7802,6.66,22368,-1.28,8.23,15.58,3.78,21.57,2026-08-31,2026-08-31
Weehawken,NJ,"New York-Newark-Jersey City, NY-NJ-PA",Hudson County,875015.2566585183,3.69,3940.6085587053326,2.32,47287.30270446399,0.45,18.5,5.4,3.51,Moderate,NA,NA,736185,1.98,14.43,6.78,4.46,68.82,2026-08-31,2026-08-31
North Myrtle Beach,SC,"Myrtle Beach-Conway-North Myrtle Beach, SC-NC",Horry County,395960.2760158656,0.65,1783.4761904761906,14,21401.714285714286,0.45,18.5,5.41,3.51,Moderate,20798,9.9,413391,16.85,39.46,28.98,22.81,24.16,2026-08-31,2026-08-31
Gambrills,MD,"Baltimore-Columbia-Towson, MD",Anne Arundel County,616916.6574186883,1.12,2777.411111111111,-0.39,33328.933333333334,0.45,18.5,5.4,3.51,Moderate,NA,NA,602350,1.51,0.69,4.79,5.5,25.04,2026-08-31,2026-08-31
Middleton,ID,"Boise City, ID",Canyon County,503765.1272482645,1.64,2268.8888888888887,NA,27226.666666666664,0.45,18.5,5.4,3.51,Moderate,NA,NA,NA,NA,NA,NA,NA,NA,2026-08-31,2026-08-31
Pennington,NJ,"Trenton-Princeton, NJ",Mercer County,679974.8346136645,1.54,3062.5833333333335,7.07,36751,0.45,18.5,5.4,3.51,Moderate,2906,4.27,392138,1.46,11.79,6.07,3.03,38.11,2026-08-31,2026-08-31
Port Jefferson,NY,"New York-Newark-Jersey City, NY-NJ-PA",Suffolk County,788765.8092863398,7.15,3549.2333333333336,NA,42590.8,0.45,18.5,5.4,3.51,Moderate,NA,NA,NA,NA,NA,NA,NA,NA,2026-08-31,2026-08-31
Allenhurst,GA,"Hinesville, GA",Long County,269016.4795154642,1.62,1209.5833333333333,NA,14515,0.45,18.5,5.4,3.51,Moderate,NA,NA,NA,NA,NA,NA,NA,NA,2026-08-31,2026-08-31
Belleville,MI,"Detroit-Warren-Dearborn, MI",Wayne County,311394.0292474712,4.79,1401.575,8.8,16818.9,0.45,18.5,5.4,3.51,Moderate,3874,-3,1771063,-1.04,3.75,12.9,4.58,35.52,2026-08-31,2026-08-31
Kennesaw,GA,"Atlanta-Sandy Springs-Alpharetta, GA",Cobb County,401829.4691848909,-2.69,1804.7407088745604,0.77,21656.888506494724,0.449,18.6,5.39,3.5,Moderate,37740,13.09,787538,2.76,2.77,5.82,5.06,33.01,2026-08-31,2026-08-31
Manhattan,KS,"Manhattan, KS",Riley County,298349.9947042579,4.88,1337.7820512820513,4.38,16053.384615384615,0.448,18.6,5.38,3.5,Moderate,54700,1.01,72557,0.76,7.64,11.53,6.95,55.15,2026-08-31,2026-08-31
Minot,ND,"Minot, ND",Ward County,280355.0135843398,3.44,1259.5045492142265,6.42,15114.054590570719,0.449,18.5,5.39,3.5,Moderate,47440,-1.96,68427,-2.14,-6.31,12.61,6.55,38.08,2026-08-31,2026-08-31
Sierra Vista,AZ,"Sierra Vista-Douglas, AZ",Cochise County,301435.0201261874,0.51,1352.218492063492,2.47,16226.621904761905,0.449,18.6,5.38,3.5,Moderate,44710,-1.52,125773,0.19,9.76,14.9,5.32,29.5,2026-08-31,2026-08-31
Shelton,CT,"Bridgeport-Stamford-Norwalk, CT",Fairfield County,565910.9092942303,4.92,2536.309523809524,6.4,30435.714285714286,0.448,18.6,5.38,3.5,Moderate,42805,5.01,NA,NA,NA,NA,NA,NA,2026-08-31,2026-08-31
Batavia,OH,"Cincinnati, OH-KY-IN",Clermont County,332465.0516161377,2.64,1490.25,1.47,17883,0.448,18.6,5.38,3.5,Moderate,2026,2.01,214123,2.57,8.81,3.66,1.81,26.62,2026-08-31,2026-08-31
Milford,OH,"Cincinnati, OH-KY-IN",Clermont County,333600.63985317596,2.35,1495.4444444444443,1.24,17945.333333333332,0.448,18.6,5.38,3.5,Moderate,6433,-2.14,214123,2.57,8.81,3.66,1.81,26.62,2026-08-31,2026-08-31
Boone,NC,"Boone, NC",Watauga County,482733.06035314983,0.7,2169.027777777778,NA,26028.333333333336,0.449,18.5,5.39,3.5,Moderate,20080,2.81,54997,0.97,-5.33,35.85,1.6,38.82,2026-08-31,2026-08-31
Watervliet,NY,"Albany-Schenectady-Troy, NY",Albany County,322536.7646463843,3.51,1449.142857142857,4.95,17389.714285714286,0.449,18.5,5.39,3.5,Moderate,10268,-0.86,319964,1.89,6.58,9.68,4.33,43.28,2026-08-31,2026-08-31
North Palm Beach,FL,"Miami-Fort Lauderdale-Pompano Beach, FL",Palm Beach County,630327.2592222021,2.41,2831.7947496947495,4.29,33981.536996336996,0.449,18.5,5.39,3.5,Moderate,13423,2.14,1582055,5.87,15.98,16.36,6.94,30.14,2026-08-31,2026-08-31
East Riverdale,MD,"Washington-Arlington-Alexandria, DC-VA-MD-WV",Prince Georges County,365433.0377805489,-2.51,1640.925925925926,3.52,19691.111111111113,0.449,18.6,5.39,3.5,Moderate,NA,NA,NA,NA,NA,NA,NA,NA,2026-08-31,2026-08-31
West Henrietta,NY,"Rochester, NY",Monroe County,369997.872830498,4.63,1659.2222222222224,-3.15,19910.666666666668,0.448,18.6,5.38,3.5,Moderate,NA,NA,752202,-0.73,1.18,6.27,5.62,36.48,2026-08-31,2026-08-31
Bath,PA,"Allentown-Bethlehem-Easton, PA-NJ",Northampton County,387399.8333850298,3.6,1737.7777777777776,NA,20853.333333333332,0.449,18.6,5.38,3.5,Moderate,NA,NA,NA,NA,NA,NA,NA,NA,2026-08-31,2026-08-31
Pleasant Hill,IA,"Des Moines-West Des Moines, IA",Polk County,304077.10163253243,0.26,1364.7095238095235,5.5,16376.514285714282,0.449,18.6,5.39,3.5,Moderate,11942,17.48,516185,4.69,12.01,5.87,5,32.93,2026-08-31,2026-08-31
Raritan,NJ,"New York-Newark-Jersey City, NY-NJ-PA",Somerset County,555727.2297389043,2.55,2494.1666666666665,4.88,29930,0.449,18.6,5.39,3.5,Moderate,8584,9.77,357467,3.68,12.99,2.54,1.98,25.53,2026-08-31,2026-08-31
Jackson,CA,NA,Amador County,434821.783404165,-1.06,1950,NA,23400,0.448,18.6,5.38,3.5,Moderate,NA,NA,NA,NA,NA,NA,NA,NA,2026-08-31,2026-08-31
Pflugerville,TX,"Austin-Round Rock-Georgetown, TX",Travis County,366481.6074009941,-4.92,1638.952412977908,-0.09,19667.428955734897,0.447,18.6,5.37,3.49,Moderate,66819,2.03,1363767,5.18,4.41,5.57,4.27,46.97,2026-08-31,2026-08-31
Cleveland,TN,"Cleveland, TN",Bradley County,313361.38393098157,1.71,1400.459521687463,1.02,16805.514260249554,0.447,18.6,5.36,3.49,Moderate,50232,4.84,113782,4.55,14.5,7.71,3.56,32.47,2026-08-31,2026-08-31
Southlake,TX,"Dallas-Fort Worth-Arlington, TX",Tarrant County,1317796.5971984554,4.09,5893.611111111112,NA,70723.33333333334,0.447,18.6,5.37,3.49,Moderate,NA,NA,NA,NA,NA,NA,NA,NA,2026-08-31,2026-08-31
Windsor,CA,"Santa Rosa-Petaluma, CA",Sonoma County,792927.4128388265,0.64,3550,NA,42600,0.448,18.6,5.37,3.49,Moderate,25846,-1.89,485375,-0.64,4.42,7.67,2.55,37.8,2026-08-31,2026-08-31
South Plainfield,NJ,"New York-Newark-Jersey City, NY-NJ-PA",Middlesex County,594056.2243602723,4.85,2659.1666666666665,NA,31910,0.448,18.6,5.37,3.49,Moderate,25062,3.21,890119,3.33,12.92,3.48,2.61,36.53,2026-08-31,2026-08-31
Golden Valley,MN,"Minneapolis-St. Paul-Bloomington, MN-WI",Hennepin County,437635.2290110222,2.82,1956.969069412662,3.19,23483.628832951945,0.447,18.6,5.37,3.49,Moderate,21263,-5.41,1273334,-0.65,4.24,5.29,5.38,37.05,2026-08-31,2026-08-31
West Saint Paul,MN,"Minneapolis-St. Paul-Bloomington, MN-WI",Dakota County,320500.7591660923,2.67,1435.4743911059695,1.93,17225.692693271634,0.448,18.6,5.37,3.49,Moderate,NA,NA,453156,2.89,6.72,2.73,3.92,24.65,2026-08-31,2026-08-31
Bridgeport,WV,"Clarksburg, WV",Harrison County,304103.13697015884,3.42,1359.7222222222222,NA,16316.666666666666,0.447,18.6,5.37,3.49,Moderate,NA,NA,NA,NA,NA,NA,NA,NA,2026-08-31,2026-08-31
Hebron,KY,"Cincinnati, OH-KY-IN",Boone County,385052.8506324403,2.09,1721.111111111111,NA,20653.333333333332,0.447,18.6,5.36,3.49,Moderate,NA,NA,NA,NA,NA,NA,NA,NA,2026-08-31,2026-08-31
Big Coppitt Key,FL,"Key West, FL",Monroe County,777596.9952388814,-1.21,3476,NA,41712,0.447,18.6,5.36,3.49,Moderate,NA,NA,NA,NA,NA,NA,NA,NA,2026-08-31,2026-08-31
Lancaster,OH,"Columbus, OH",Fairfield County,278743.8800928741,3,1244.821548821549,4.43,14937.858585858587,0.447,18.7,5.36,3.48,Moderate,41671,2.56,167762,5.2,12.34,5.39,5.3,25.78,2026-08-31,2026-08-31
Everett,MA,"Boston-Cambridge-Newton, MA-NH",Middlesex County,628481.6543137785,1.07,2802.323817555696,2.64,33627.885810668355,0.446,18.7,5.35,3.48,Moderate,51825,5.86,1668956,2.54,11.63,4.52,2.96,38.37,2026-08-31,2026-08-31
Fitchburg,MA,"Worcester, MA-CT",Worcester County,403296.39342965465,1.56,1798.5238095238094,1.46,21582.285714285714,0.446,18.7,5.35,3.48,Moderate,42145,1.14,881248,2.82,8.7,5.7,3.41,34.33,2026-08-31,2026-08-31
Westlake,OH,"Cleveland-Elyria, OH",Cuyahoga County,424985.6103297837,3.37,1898.151851851852,2.41,22777.822222222225,0.447,18.7,5.36,3.48,Moderate,34232,0.09,1240594,-1.75,1.72,9.97,5.22,40.95,2026-08-31,2026-08-31
North Providence,RI,"Providence-Warwick, RI-MA",Providence County,416576.0894237181,2.15,1857.5119047619048,5.45,22290.14285714286,0.446,18.7,5.35,3.48,Moderate,NA,NA,675912,2.4,11.33,7.44,4.46,43.38,2026-08-31,2026-08-31
Clemmons,NC,"Winston-Salem, NC",Forsyth County,386248.9767269823,0.22,1721.388888888889,2.84,20656.666666666668,0.446,18.7,5.35,3.48,Moderate,22471,5.83,398143,4.05,9.43,10.09,8.4,37.31,2026-08-31,2026-08-31
Sugar Hill,GA,"Atlanta-Sandy Springs-Alpharetta, GA",Gwinnett County,440427.1133430755,-3.08,1967.6694078947369,1.17,23612.032894736843,0.447,18.7,5.36,3.48,Moderate,28598,13.78,1003869,4.75,5.96,3.94,4.99,33.31,2026-08-31,2026-08-31
Front Royal,VA,"Washington-Arlington-Alexandria, DC-VA-MD-WV",Warren County,385975.57400130754,2.77,1721.3333333333333,4.21,20656,0.446,18.7,5.35,3.48,Moderate,15628,3.91,42461,4.08,11.33,9.32,2.95,23.82,2026-08-31,2026-08-31
Englewood,NJ,"New York-Newark-Jersey City, NY-NJ-PA",Bergen County,633595.0505562898,2.2,2827.688034188034,0.96,33932.25641025641,0.446,18.7,5.36,3.48,Moderate,30221,3.38,978641,2.61,10.38,4.13,3.53,34.64,2026-08-31,2026-08-31
Carteret,NJ,"New York-Newark-Jersey City, NY-NJ-PA",Middlesex County,564839.4723507129,6.11,2518.852380952381,2.11,30226.228571428568,0.446,18.7,5.35,3.48,Moderate,26003,2.79,890119,3.33,12.92,3.48,2.61,36.53,2026-08-31,2026-08-31
Lexington Park,MD,"California-Lexington Park, MD",Saint Marys County,387600.19059023075,2.76,1727.4916666666668,-2.66,20729.9,0.446,18.7,5.35,3.48,Moderate,NA,NA,NA,NA,NA,NA,NA,NA,2026-08-31,2026-08-31
Secaucus,NJ,"New York-Newark-Jersey City, NY-NJ-PA",Hudson County,657745.740353439,3.97,2938.623015873016,5.18,35263.47619047619,0.447,18.7,5.36,3.48,Moderate,22710,3.05,736185,1.98,14.43,6.78,4.46,68.82,2026-08-31,2026-08-31
Union,MO,"St. Louis, MO-IL",Franklin County,259607.752254381,4.8,1158.3333333333333,NA,13900,0.446,18.7,5.35,3.48,Moderate,NA,NA,NA,NA,NA,NA,NA,NA,2026-08-31,2026-08-31
Imperial,CA,"El Centro, CA",Imperial County,442042.3476944212,4.98,1975,NA,23700,0.447,18.7,5.36,3.48,Moderate,NA,NA,NA,NA,NA,NA,NA,NA,2026-08-31,2026-08-31
Bolivar,MO,"Springfield, MO",Polk County,258249.62971306985,1.12,1151.388888888889,NA,13816.666666666668,0.446,18.7,5.35,3.48,Moderate,11549,6.9,33070,4.6,8.04,10.99,4.4,28.72,2026-08-31,2026-08-31
Vinton,VA,"Lynchburg, VA",Bedford County,287772.2922680748,4.26,1283.3333333333333,NA,15400,0.446,18.7,5.35,3.48,Moderate,8059,0.17,82182,3.27,10.01,12.53,5.79,15.79,2026-08-31,2026-08-31
Elmsford,NY,"New York-Newark-Jersey City, NY-NJ-PA",Westchester County,713451.3944828006,6.94,3181.6666666666665,7.36,38180,0.446,18.7,5.35,3.48,Moderate,NA,NA,NA,NA,NA,NA,NA,NA,2026-08-31,2026-08-31
Kenwood,OH,"Cincinnati, OH-KY-IN",Hamilton County,518973.7173220467,0.75,2318.6833333333334,NA,27824.2,0.447,18.7,5.36,3.48,Moderate,NA,NA,837359,0.84,4.18,7.42,4.2,41.01,2026-08-31,2026-08-31
Kemp,TX,"Dallas-Fort Worth-Arlington, TX",Kaufman County,269086.7988809535,-1.24,1200,NA,14400,0.446,18.7,5.35,3.48,Moderate,NA,NA,NA,NA,NA,NA,NA,NA,2026-08-31,2026-08-31
Lincoln,NE,"Lincoln, NE",Lancaster County,293764.05400959216,3,1307.553831392368,1.99,15690.645976708416,0.445,18.7,5.34,3.47,Moderate,300619,3.01,332857,3,9.01,4.39,3,41.16,2026-08-31,2026-08-31
Columbia,MO,"Columbia, MO",Boone County,324525.6227893327,2.72,1444.2763440860217,5.6,17331.31612903226,0.445,18.7,5.34,3.47,Moderate,130900,3.63,192154,4.4,6.91,7.2,6.56,41.88,2026-08-31,2026-08-31
Coral Springs,FL,"Miami-Fort Lauderdale-Pompano Beach, FL",Broward County,523439.0865861141,-1.89,2329.900238473768,0.85,27958.802861685213,0.445,18.7,5.34,3.47,Moderate,140808,4.94,2037472,4.84,14.84,13.18,6.08,36.74,2026-08-31,2026-08-31
Gainesville,GA,"Gainesville, GA",Hall County,371175.67660955526,-1.02,1651.619834577011,2.1,19819.438014924133,0.445,18.7,5.34,3.47,Moderate,47712,13.06,221745,9.01,11.78,10.06,4.34,31.13,2026-08-31,2026-08-31
Bowling Green,KY,"Bowling Green, KY",Warren County,281762.40415617183,0.25,1252.3668355855857,1.35,15028.402027027028,0.444,18.7,5.33,3.47,Moderate,79076,9.11,147936,9.56,22.19,7.44,5.34,43.29,2026-08-31,2026-08-31
Columbia,MD,"Baltimore-Columbia-Towson, MD",Howard County,507609.4624946855,0.45,2258.7679292929292,3.85,27105.21515151515,0.445,18.7,5.34,3.47,Moderate,NA,NA,339668,2.06,3.73,3.55,5.06,28.29,2026-08-31,2026-08-31
Stafford,VA,"Washington-Arlington-Alexandria, DC-VA-MD-WV",Stafford County,551895.1352822067,0.35,2458.38839992959,0.63,29500.660799155077,0.445,18.7,5.35,3.47,Moderate,NA,NA,168919,7.07,13.4,4.74,6.31,19.17,2026-08-31,2026-08-31
Berwyn,IL,"Chicago-Naperville-Elgin, IL-IN-WI",Cook County,321148.59896514594,6.17,1427.0454545454547,5.56,17124.545454545456,0.444,18.8,5.33,3.47,Moderate,55152,-3.24,5182617,-1.6,5.9,8.18,4.67,42.49,2026-08-31,2026-08-31
Sheboygan,WI,"Sheboygan, WI",Sheboygan County,267169.02173400915,4.43,1187.03373015873,5.96,14244.40476190476,0.444,18.8,5.33,3.47,Moderate,49624,-0.7,118331,0.23,3.26,5.94,3.68,28.73,2026-08-31,2026-08-31
Banning,CA,"Riverside-San Bernardino-Ontario, CA",Riverside County,411094.90056236583,-0.81,1828.6666666666667,1.1,21944,0.445,18.7,5.34,3.47,Moderate,31929,7.07,2529933,4.34,7.33,11.37,4.89,31.14,2026-08-31,2026-08-31
Woodway,TX,"Waco, TX",McLennan County,370356.1362975585,1.1,1646.6698412698413,2.91,19760.038095238095,0.445,18.7,5.34,3.47,Moderate,9686,2.82,270358,3.51,2.79,10.47,4.56,38.83,2026-08-31,2026-08-31
Candler,NC,"Asheville, NC",Buncombe County,412138.31797818094,-2.66,1833.611111111111,NA,22003.333333333332,0.445,18.7,5.34,3.47,Moderate,NA,NA,279210,3.52,10.34,22.33,12.88,35.56,2026-08-31,2026-08-31
Easton,MA,"Providence-Warwick, RI-MA",Bristol County,695672.7738476647,4.05,3092.9166666666665,NA,37115,0.445,18.7,5.34,3.47,Moderate,NA,NA,NA,NA,NA,NA,NA,NA,2026-08-31,2026-08-31
Charleston,IL,"Charleston-Mattoon, IL",Coles County,169446.24280858098,5.15,753.8277777777779,NA,9045.933333333334,0.445,18.7,5.34,3.47,Moderate,NA,NA,NA,NA,NA,NA,NA,NA,2026-08-31,2026-08-31
Valinda,CA,"Los Angeles-Long Beach-Anaheim, CA",Los Angeles County,764166.4470555052,0.42,3400,NA,40800,0.445,18.7,5.34,3.47,Moderate,NA,NA,NA,NA,NA,NA,NA,NA,2026-08-31,2026-08-31
Surfside Beach,SC,"Myrtle Beach-Conway-North Myrtle Beach, SC-NC",Horry County,362258.9900826546,2.16,1610.527777777778,4.69,19326.333333333336,0.445,18.7,5.33,3.47,Moderate,4368,5,413391,16.85,39.46,28.98,22.81,24.16,2026-08-31,2026-08-31
Abington,MA,"Boston-Cambridge-Newton, MA-NH",Plymouth County,603811.5514005509,3.57,2683.133333333333,NA,32197.6,0.444,18.8,5.33,3.47,Moderate,NA,NA,542090,2.58,7.97,7.23,1.91,22.38,2026-08-31,2026-08-31
Ashland City,TN,"Nashville-Davidson--Murfreesboro--Franklin, TN",Cheatham County,351165.3628315252,1.14,1560.9920634920636,2.02,18731.904761904763,0.445,18.7,5.33,3.47,Moderate,5689,9.7,42604,3.68,9.93,7.36,0.28,18.05,2026-08-31,2026-08-31
Vandalia,OH,"Dayton-Kettering, OH",Montgomery County,240858.56423559444,3.8,1070,0.39,12840,0.444,18.8,5.33,3.47,Moderate,15013,-1.18,537443,0.06,5.01,8.84,4.22,37.67,2026-08-31,2026-08-31
Waddell,AZ,"Phoenix-Mesa-Chandler, AZ",Maricopa County,510000.3034574864,-0.78,2270.4341269841266,-1.05,27245.20952380952,0.445,18.7,5.34,3.47,Moderate,NA,NA,4673096,5.12,9.38,8.29,5.4,34.99,2026-08-31,2026-08-31
Somersworth,NH,"Boston-Cambridge-Newton, MA-NH",Strafford County,449638.9499772047,2.85,2002.9166666666667,NA,24035,0.445,18.7,5.35,3.47,Moderate,NA,NA,NA,NA,NA,NA,NA,NA,2026-08-31,2026-08-31
Manville,NJ,"New York-Newark-Jersey City, NY-NJ-PA",Somerset County,483735.63919657114,1.56,2150,NA,25800,0.444,18.7,5.33,3.47,Moderate,NA,NA,NA,NA,NA,NA,NA,NA,2026-08-31,2026-08-31
Newport,OR,"Newport, OR",Lincoln County,446670.3726009663,0.6,1986.3888888888887,NA,23836.666666666664,0.445,18.7,5.34,3.47,Moderate,10833,5.14,51212,1.38,6.7,29.48,8.28,28.63,2026-08-31,2026-08-31
Charlotte,NC,"Charlotte-Concord-Gastonia, NC-SC",Mecklenburg County,392573.0532093875,-1.07,1743.6649952687046,0.73,20923.979943224454,0.444,18.8,5.33,3.46,Moderate,943476,7.83,1206285,8.06,18.3,7.37,7.33,44.5,2026-08-31,2026-08-31
Holland,MI,"Grand Rapids-Kentwood, MI",Ottawa County,374010.8559619095,4.37,1661.463585434174,1.83,19937.56302521009,0.444,18.8,5.33,3.46,Moderate,35023,1.96,306235,3.14,6.51,5.3,2.83,21.5,2026-08-31,2026-08-31
Manteca,CA,"Stockton, CA",San Joaquin County,576718.7251756875,-3.29,2558.6775978407563,2.12,30704.131174089074,0.444,18.8,5.32,3.46,Moderate,94292,12.17,816108,4.54,9.17,6.02,3.67,38.47,2026-08-31,2026-08-31
Noblesville,IN,"Indianapolis-Carmel-Anderson, IN",Hamilton County,392593.206107996,2.04,1740.6739793398192,4.64,20888.08775207783,0.443,18.8,5.32,3.46,Moderate,75239,7.23,379704,8.79,14.45,5.14,7.51,23.72,2026-08-31,2026-08-31
Casper,WY,"Casper, WY",Natrona County,313856.22743483796,1.79,1393.0696058327635,1.52,16716.835269993164,0.444,18.8,5.33,3.46,Moderate,58823,-0.83,80410,0.14,4.71,10.29,6.85,26.43,2026-08-31,2026-08-31
Union,NJ,"New York-Newark-Jersey City, NY-NJ-PA",Union County,580982.0372361261,3.15,2574.177978883861,0.93,30890.135746606335,0.443,18.8,5.32,3.46,Moderate,NA,NA,594160,3.57,15.84,4.55,3.18,42.39,2026-08-31,2026-08-31
Eagle Mountain,UT,"Provo-Orem, UT",Utah County,504093.25730345485,-0.16,2235.711926961927,2.93,26828.543123543124,0.444,18.8,5.32,3.46,Moderate,60575,35.77,747234,12.6,17.51,3.79,2.69,31.87,2026-08-31,2026-08-31
Emporia,KS,"Emporia, KS",Lyon County,176930.0409431442,3.29,784.4444444444445,2.77,9413.333333333334,0.443,18.8,5.32,3.46,Moderate,24354,1.07,32520,1.27,6.89,11.17,3.2,41.83,2026-08-31,2026-08-31
Royersford,PA,"Philadelphia-Camden-Wilmington, PA-NJ-DE-MD",Montgomery County,456870.8592289434,2.23,2028.222222222222,2.35,24338.666666666664,0.444,18.8,5.33,3.46,Moderate,4958,0.69,879190,2.6,7.92,4.35,5.68,28.27,2026-08-31,2026-08-31
Avon,OH,"Cleveland-Elyria, OH",Lorain County,477408.2176994751,4.82,2116.5,NA,25398,0.443,18.8,5.32,3.46,Moderate,25573,2.56,322030,2.71,9.62,7.17,7.76,26.3,2026-08-31,2026-08-31
Morris,IL,"Chicago-Naperville-Elgin, IL-IN-WI",Grundy County,315624.84908927395,3.59,1402.0833333333333,6.05,16825,0.444,18.8,5.33,3.46,Moderate,14587,2.49,53835,2.47,3.72,3.78,1.99,24.19,2026-08-31,2026-08-31
Cherryville,NC,"Charlotte-Concord-Gastonia, NC-SC",Gaston County,250712.09171373,1.52,1112.5,NA,13350,0.444,18.8,5.32,3.46,Moderate,NA,NA,NA,NA,NA,NA,NA,NA,2026-08-31,2026-08-31
Carrollton,VA,"Virginia Beach-Norfolk-Newport News, VA-NC",Isle of Wight County,418127.0889725275,1.62,1852.5,NA,22230,0.443,18.8,5.32,3.46,Moderate,NA,NA,NA,NA,NA,NA,NA,NA,2026-08-31,2026-08-31
Fergus Falls,MN,"Fergus Falls, MN",Otter Tail County,205415.4539912145,4.37,911.1111111111112,NA,10933.333333333334,0.444,18.8,5.32,3.46,Moderate,NA,NA,NA,NA,NA,NA,NA,NA,2026-08-31,2026-08-31
Tucson,AZ,"Tucson, AZ",Pima County,321917.8789674518,-1.97,1424.8555764411028,1.39,17098.266917293233,0.443,18.8,5.31,3.45,Moderate,554013,2.09,1080149,3.34,11.47,9.34,5.65,35.19,2026-08-31,2026-08-31
Lawrence,KS,"Lawrence, KS",Douglas County,334683.8584350027,3.41,1478.9334009465856,5.64,17747.200811359027,0.442,18.9,5.3,3.45,Moderate,97271,2.46,121989,2.7,5.3,6.32,5.44,50.49,2026-08-31,2026-08-31
Chino,CA,"Riverside-San Bernardino-Ontario, CA",San Bernardino County,745986.4133500684,-0.43,3295.7160493827164,1.63,39548.5925925926,0.442,18.9,5.3,3.45,Moderate,94010,3.26,2214281,1.41,1.68,9.55,3.22,38.46,2026-08-31,2026-08-31
Galveston,TX,"Houston-The Woodlands-Sugar Land, TX",Galveston County,317544.30621123756,-4.94,1405.080694980695,0.75,16860.96833976834,0.442,18.8,5.31,3.45,Moderate,53538,-0.21,367407,4.49,11.39,13,8.22,32.51,2026-08-31,2026-08-31
Belleville,NJ,"New York-Newark-Jersey City, NY-NJ-PA",Essex County,523764.7044810489,3.9,2313.3222222222225,0.58,27759.86666666667,0.442,18.9,5.3,3.45,Moderate,NA,NA,881527,2.5,15.1,5.39,2.7,55.47,2026-08-31,2026-08-31
Garden City,KS,"Garden City, KS",Finney County,233684.95143121027,-1.87,1034.5,NA,12414,0.443,18.8,5.31,3.45,Moderate,NA,NA,NA,NA,NA,NA,NA,NA,2026-08-31,2026-08-31
Randolph,MA,"Boston-Cambridge-Newton, MA-NH",Norfolk County,590867.745448931,2.93,2614.426984126984,0.64,31373.123809523808,0.442,18.8,5.31,3.45,Moderate,NA,NA,740754,2.35,9.81,4.09,3.95,31.48,2026-08-31,2026-08-31
Ozark,MO,"Springfield, MO",Christian County,320956.30900367186,1.93,1418.78835978836,5.69,17025.460317460318,0.442,18.9,5.3,3.45,Moderate,23248,8.59,96045,7.56,14.74,4.77,1.67,24.01,2026-08-31,2026-08-31
Garden City,NY,"New York-Newark-Jersey City, NY-NJ-PA",Nassau County,1414081.0538691003,10.33,6250,NA,75000,0.442,18.9,5.3,3.45,Moderate,NA,NA,NA,NA,NA,NA,NA,NA,2026-08-31,2026-08-31
Fridley,MN,"Minneapolis-St. Paul-Bloomington, MN-WI",Anoka County,322440.1267543672,1.31,1424.1861598440546,5.62,17090.233918128655,0.442,18.9,5.3,3.45,Moderate,30679,3.72,376840,3.38,6.34,2.91,3.32,20.04,2026-08-31,2026-08-31
Okemos,MI,"Lansing-East Lansing, MI",Ingham County,370184.977790286,0.88,1636,NA,19632,0.442,18.9,5.3,3.45,Moderate,NA,NA,290427,1.9,8.02,7.35,5.48,40.45,2026-08-31,2026-08-31
Anthem,AZ,"Phoenix-Mesa-Chandler, AZ",Maricopa County,558810.7288453584,-1.03,2474.1441595441597,2.27,29689.72991452992,0.443,18.8,5.31,3.45,Moderate,NA,NA,4673096,5.12,9.38,8.29,5.4,34.99,2026-08-31,2026-08-31
Goffstown,NH,"Manchester-Nashua, NH",Hillsborough County,497310.8108242603,1.17,2200,NA,26400,0.442,18.8,5.31,3.45,Moderate,NA,NA,NA,NA,NA,NA,NA,NA,2026-08-31,2026-08-31
Middletown,RI,"Providence-Warwick, RI-MA",Newport County,766859.7593113761,5.47,3392.777777777778,6.38,40713.333333333336,0.442,18.8,5.31,3.45,Moderate,NA,NA,83468,-2.39,-1.38,16.92,7.6,32.56,2026-08-31,2026-08-31
Hot Springs Village,AR,"Hot Springs, AR",Garland County,307427.3379981961,2.24,1358.3333333333337,NA,16300.000000000004,0.442,18.9,5.3,3.45,Moderate,NA,NA,NA,NA,NA,NA,NA,NA,2026-08-31,2026-08-31
Sweet Home,OR,"Albany-Lebanon, OR",Linn County,349781.3591153797,-0.59,1548.3333333333333,NA,18580,0.443,18.8,5.31,3.45,Moderate,NA,NA,NA,NA,NA,NA,NA,NA,2026-08-31,2026-08-31
Spring Lake,MI,"Grand Rapids-Kentwood, MI",Ottawa County,429877.5380963304,6.09,1898.75,NA,22785,0.442,18.9,5.3,3.45,Moderate,2510,-1.14,306235,3.14,6.51,5.3,2.83,21.5,2026-08-31,2026-08-31
Quincy,WA,"Moses Lake, WA",Grant County,426516.95627935213,0.63,1885,NA,22620,0.442,18.9,5.3,3.45,Moderate,NA,NA,NA,NA,NA,NA,NA,NA,2026-08-31,2026-08-31
Fords,NJ,"New York-Newark-Jersey City, NY-NJ-PA",Middlesex County,540760.0389189535,4.02,2395,NA,28740,0.443,18.8,5.31,3.45,Moderate,NA,NA,NA,NA,NA,NA,NA,NA,2026-08-31,2026-08-31
Somerville,NJ,"New York-Newark-Jersey City, NY-NJ-PA",Somerset County,552174.2519822173,3.49,2442.3555555555554,4.94,29308.266666666663,0.442,18.8,5.31,3.45,Moderate,14428,16.76,357467,3.68,12.99,2.54,1.98,25.53,2026-08-31,2026-08-31
Ellisville,MO,"St. Louis, MO-IL",Saint Louis County,405695.5825935908,1.72,1793.3333333333337,NA,21520.000000000004,0.442,18.9,5.3,3.45,Moderate,NA,NA,NA,NA,NA,NA,NA,NA,2026-08-31,2026-08-31
Washington,DC,"Washington-Arlington-Alexandria, DC-VA-MD-WV",District of Columbia,570081.70922696,-1.05,2516.644140527805,0.33,30199.72968633366,0.441,18.9,5.3,3.44,Moderate,702250,4.67,702250,4.67,17.32,9.7,6.94,58.86,2026-08-31,2026-08-31
Midlothian,VA,"Richmond, VA",Chesterfield County,470833.0519200709,2.46,2076.2435185185186,3.43,24914.922222222223,0.441,18.9,5.29,3.44,Moderate,NA,NA,389793,6.69,10.05,3.91,4.88,22.7,2026-08-31,2026-08-31
Lake Stevens,WA,"Seattle-Tacoma-Bellevue, WA",Snohomish County,689233.9088852849,-1.56,3036.9102564102564,2.16,36442.92307692308,0.441,18.9,5.29,3.44,Moderate,41350,5.72,864113,4.11,11.83,4.9,4.3,31.61,2026-08-31,2026-08-31
Granbury,TX,"Granbury, TX",Hood County,373462.9659639061,0.14,1647.625641025641,1.41,19771.507692307692,0.441,18.9,5.29,3.44,Moderate,12934,17.06,69126,11.39,23.23,13.22,16.3,18.68,2026-08-31,2026-08-31
Teaneck,NJ,"New York-Newark-Jersey City, NY-NJ-PA",Bergen County,695725.3703714407,1.84,3064.305555555555,4.12,36771.666666666664,0.44,18.9,5.29,3.44,Moderate,NA,NA,978641,2.61,10.38,4.13,3.53,34.64,2026-08-31,2026-08-31
Spotsylvania,VA,"Washington-Arlington-Alexandria, DC-VA-MD-WV",Spotsylvania County,435658.13006562815,1.22,1921.4285714285716,9.87,23057.14285714286,0.441,18.9,5.29,3.44,Moderate,NA,NA,152021,8.11,12.84,5.06,7.09,20.35,2026-08-31,2026-08-31
Parkland,FL,"Miami-Fort Lauderdale-Pompano Beach, FL",Broward County,1074683.9842013095,1.15,4742.5,3.23,56910,0.441,18.9,5.3,3.44,Moderate,39700,13.72,2037472,4.84,14.84,13.18,6.08,36.74,2026-08-31,2026-08-31
Elizabethton,TN,"Johnson City, TN",Carter County,233534.4666619903,-0.67,1029.1666666666667,NA,12350,0.441,18.9,5.29,3.44,Moderate,NA,NA,NA,NA,NA,NA,NA,NA,2026-08-31,2026-08-31
Bridgewater,MA,"Boston-Cambridge-Newton, MA-NH",Plymouth County,638528.8923731222,3.4,2812.6190476190477,2.8,33751.42857142857,0.44,18.9,5.29,3.44,Moderate,NA,NA,542090,2.58,7.97,7.23,1.91,22.38,2026-08-31,2026-08-31
The Dalles,OR,"The Dalles, OR",Wasco County,392007.80308128195,2.53,1727.7777777777776,4.34,20733.333333333332,0.441,18.9,5.29,3.44,Moderate,15884,-0.61,26507,-0.39,8.9,13.97,2.39,33.78,2026-08-31,2026-08-31
Syracuse,IN,"Warsaw, IN",Kosciusko County,385383.2352181205,8.69,1700,NA,20400,0.441,18.9,5.29,3.44,Moderate,NA,NA,NA,NA,NA,NA,NA,NA,2026-08-31,2026-08-31
Williston,VT,"Burlington-South Burlington, VT",Chittenden County,588746.9821614475,2,2593.055555555555,NA,31116.666666666664,0.44,18.9,5.29,3.44,Moderate,NA,NA,NA,NA,NA,NA,NA,NA,2026-08-31,2026-08-31
Croydon,PA,"Philadelphia-Camden-Wilmington, PA-NJ-DE-MD",Bucks County,354374.48166401015,1.45,1563.3333333333333,NA,18760,0.441,18.9,5.29,3.44,Moderate,NA,NA,NA,NA,NA,NA,NA,NA,2026-08-31,2026-08-31
Flagler Beach,FL,"Deltona-Daytona Beach-Ormond Beach, FL",Flagler County,456370.4771802153,0.18,2013.1388888888887,6.65,24157.666666666664,0.441,18.9,5.29,3.44,Moderate,5568,7.89,136744,17.85,41.48,14.05,5.46,18.48,2026-08-31,2026-08-31
Redding,CA,"Redding, CA",Shasta County,387375.5305365585,-0.45,1703.8119288119287,3.77,20445.743145743145,0.44,18.9,5.28,3.43,Moderate,93502,-0.32,181121,-0.59,7.25,10.38,5.09,34.65,2026-08-31,2026-08-31
Lakeville,MN,"Minneapolis-St. Paul-Bloomington, MN-WI",Dakota County,485323.58341055736,1.01,2136.423976608187,1.85,25637.087719298244,0.44,18.9,5.28,3.43,Moderate,77971,11.34,453156,2.89,6.72,2.73,3.92,24.65,2026-08-31,2026-08-31
West Chester,OH,"Cincinnati, OH-KY-IN",Butler County,423538.5084172971,2.84,1860.024603174603,1.5,22320.295238095237,0.439,19,5.27,3.43,Moderate,NA,NA,399542,2.21,8.05,6.17,4.38,30.13,2026-08-31,2026-08-31
Oroville,CA,"Chico, CA",Butte County,307957.2567495057,-1.1,1355,4.63,16260,0.44,18.9,5.28,3.43,Moderate,19712,-1.63,208334,-0.9,6.92,9.69,5.88,41.72,2026-08-31,2026-08-31
Wasilla,AK,"Anchorage, AK",Matanuska Susitna Borough,425039.93977502314,7.06,1870.3688141923435,1.55,22444.425770308124,0.44,18.9,5.28,3.43,Moderate,10318,13.2,NA,NA,NA,NA,NA,NA,2026-08-31,2026-08-31
Cumberland,RI,"Providence-Warwick, RI-MA",Providence County,523349.3048348168,2.29,2299.69696969697,3.13,27596.36363636364,0.439,19,5.27,3.43,Moderate,NA,NA,675912,2.4,11.33,7.44,4.46,43.38,2026-08-31,2026-08-31
Jonesborough,TN,"Johnson City, TN",Washington County,340471.8150159303,2.55,1497.5,10.2,17970,0.44,18.9,5.28,3.43,Moderate,6746,14.03,139642,4.82,10.43,8.45,4.02,35.55,2026-08-31,2026-08-31
Dover,NJ,"New York-Newark-Jersey City, NY-NJ-PA",Morris County,518169.89363141614,1.57,2278.472222222222,NA,27341.666666666664,0.44,19,5.28,3.43,Moderate,NA,NA,NA,NA,NA,NA,NA,NA,2026-08-31,2026-08-31
Santa Fe Springs,CA,"Los Angeles-Long Beach-Anaheim, CA",Los Angeles County,778916.5937013646,0.94,3429.5,NA,41154,0.44,18.9,5.28,3.43,Moderate,NA,NA,NA,NA,NA,NA,NA,NA,2026-08-31,2026-08-31
La Riviera,CA,"Sacramento-Roseville-Folsom, CA",Sacramento County,469727.5323445476,-0.45,2063.6388888888887,0.94,24763.666666666664,0.439,19,5.27,3.43,Moderate,NA,NA,NA,NA,NA,NA,NA,NA,2026-08-31,2026-08-31
East Rutherford,NJ,"New York-Newark-Jersey City, NY-NJ-PA",Bergen County,658965.8284218892,5.38,2901.1825396825393,11.15,34814.19047619047,0.44,18.9,5.28,3.43,Moderate,10624,6.3,978641,2.61,10.38,4.13,3.53,34.64,2026-08-31,2026-08-31
Tipton,IN,NA,Tipton County,246411.03057456148,3.71,1085,NA,13020,0.44,18.9,5.28,3.43,Moderate,NA,NA,NA,NA,NA,NA,NA,NA,2026-08-31,2026-08-31
Castleton-on-Hudson,NY,"Albany-Schenectady-Troy, NY",Rensselaer County,375442.32410739845,6.51,1653,NA,19836,0.44,18.9,5.28,3.43,Moderate,NA,NA,NA,NA,NA,NA,NA,NA,2026-08-31,2026-08-31
Newark,NJ,"New York-Newark-Jersey City, NY-NJ-PA",Essex County,481849.9981838561,-1.32,2114.023601975198,0.51,25368.283223702376,0.439,19,5.26,3.42,Moderate,317303,2.14,881527,2.5,15.1,5.39,2.7,55.47,2026-08-31,2026-08-31
Woodbridge,VA,"Washington-Arlington-Alexandria, DC-VA-MD-WV",Prince William County,498767.3884751255,0.42,2188.192676169452,0.59,26258.312114033426,0.439,19,5.26,3.42,Moderate,NA,NA,497003,2.93,3.17,3.52,5.04,25.62,2026-08-31,2026-08-31
Denton,TX,"Dallas-Fort Worth-Arlington, TX",Denton County,346718.6176801315,-3.22,1518.6023898186488,-2.67,18223.228677823787,0.438,19,5.26,3.42,Moderate,165998,17.62,1045120,14.28,23.72,4.75,5.09,34.63,2026-08-31,2026-08-31
Edison,NJ,"New York-Newark-Jersey City, NY-NJ-PA",Middlesex County,641517.9110521391,2.35,2812.2396480331263,1.55,33746.875776397515,0.438,19,5.26,3.42,Moderate,NA,NA,890119,3.33,12.92,3.48,2.61,36.53,2026-08-31,2026-08-31
Pittsburg,CA,"San Francisco-Oakland-Berkeley, CA",Contra Costa County,558759.6314867983,-1.23,2453.291474654378,3.06,29439.497695852537,0.439,19,5.27,3.42,Moderate,77131,1.02,1172607,0.55,6.48,3.5,2.91,32.35,2026-08-31,2026-08-31
Norcross,GA,"Atlanta-Sandy Springs-Alpharetta, GA",Gwinnett County,325463.13790676586,-2.2,1428.010629962144,-2.23,17136.12755954573,0.439,19,5.27,3.42,Moderate,18902,7.74,1003869,4.75,5.96,3.94,4.99,33.31,2026-08-31,2026-08-31
Freehold,NJ,"New York-Newark-Jersey City, NY-NJ-PA",Monmouth County,657114.1421517067,4.63,2884.597222222222,2.56,34615.166666666664,0.439,19,5.27,3.42,Moderate,12530,0.16,647520,0.74,2.8,7.24,3.49,24.63,2026-08-31,2026-08-31
Shakopee,MN,"Minneapolis-St. Paul-Bloomington, MN-WI",Scott County,404615.1918269705,1.05,1774.1647058823528,3.13,21289.976470588233,0.438,19,5.26,3.42,Moderate,48401,9.82,157206,3.87,2.74,2.6,1.89,15.7,2026-08-31,2026-08-31
Orion,MI,"Detroit-Warren-Dearborn, MI",Oakland County,404518.2757700064,2.68,1771.9166666666667,NA,21263,0.438,19,5.26,3.42,Moderate,NA,NA,1296888,1.91,10.58,5.25,6.51,27.73,2026-08-31,2026-08-31
Faribault,MN,"Faribault-Northfield, MN",Rice County,305392.81973678974,2.35,1337.5,NA,16050,0.438,19,5.26,3.42,Moderate,NA,NA,NA,NA,NA,NA,NA,NA,2026-08-31,2026-08-31
Liberty,MO,"Kansas City, MO-KS",Clay County,329565.2551188578,2.3,1444.726851851852,3.83,17336.722222222223,0.438,19,5.26,3.42,Moderate,31245,3.38,263370,3.63,8.53,5.32,4.67,31.12,2026-08-31,2026-08-31
Long Beach,NY,"New York-Newark-Jersey City, NY-NJ-PA",Nassau County,814610.852451933,4.96,3573.9875864875867,3.67,42887.85103785104,0.439,19,5.26,3.42,Moderate,34777,-0.07,1392438,0.13,2.32,4.56,4.6,18.07,2026-08-31,2026-08-31
Northfield,MN,"Faribault-Northfield, MN",Rice County,392562.3746317842,2.12,1723.6666666666667,NA,20684,0.439,19,5.27,3.42,Moderate,21316,2.38,69025,2.87,7.49,7.26,4.41,24.12,2026-08-31,2026-08-31
Port Allen,LA,"Baton Rouge, LA",West Baton Rouge Parish,214759.34638759223,0.72,940.5555555555557,NA,11286.666666666668,0.438,19,5.26,3.42,Moderate,NA,NA,NA,NA,NA,NA,NA,NA,2026-08-31,2026-08-31
Leon Valley,TX,"San Antonio-New Braunfels, TX",Bexar County,263131.57338953397,0.45,1152.9333333333334,NA,13835.2,0.438,19,5.26,3.42,Moderate,11424,-1.08,2127737,5.56,8.6,8.27,8.16,40.89,2026-08-31,2026-08-31
Frostburg,MD,"Cumberland, MD-WV",Allegany County,182225.1620508691,3.91,800,NA,9600,0.439,19,5.27,3.42,Moderate,NA,NA,NA,NA,NA,NA,NA,NA,2026-08-31,2026-08-31
Round Rock,TX,"Austin-Round Rock-Georgetown, TX",Williamson County,398221.1239842696,-5.42,1740.8532428259475,1.24,20890.23891391137,0.437,19.1,5.25,3.41,Moderate,135359,12.26,727480,18.17,29.75,3.91,3.51,32.92,2026-08-31,2026-08-31
State College,PA,"State College, PA",Centre County,412988.2740978333,2.13,1804.0257575757576,3.65,21648.30909090909,0.437,19.1,5.24,3.41,Moderate,41228,1.29,159805,1.15,4.44,10.63,5.92,38.24,2026-08-31,2026-08-31
Mount Vernon,NY,"New York-Newark-Jersey City, NY-NJ-PA",Westchester County,601432.2787108851,4.43,2628.073038073038,2.4,31536.876456876453,0.437,19.1,5.24,3.41,Moderate,71999,-2.12,1006447,0.5,6.23,5.51,2.35,37.8,2026-08-31,2026-08-31
Longwood,FL,"Orlando-Kissimmee-Sanford, FL",Seminole County,456864.60788564035,0.29,1994.914379084967,2.32,23938.972549019607,0.437,19.1,5.24,3.41,Moderate,17089,10.82,494605,4.91,9.63,5.97,6.62,34.24,2026-08-31,2026-08-31
Webster,NY,"Rochester, NY",Monroe County,400196.26860287046,4.99,1751.25,0.3,21015,0.438,19,5.25,3.41,Moderate,5787,1.56,752202,-0.73,1.18,6.27,5.62,36.48,2026-08-31,2026-08-31
Attleboro,MA,"Providence-Warwick, RI-MA",Bristol County,540412.1594950893,3,2362.2350168350167,6.44,28346.8202020202,0.437,19.1,5.25,3.41,Moderate,47085,1.31,588593,2.05,7.41,4.9,2.27,37.75,2026-08-31,2026-08-31
Owasso,OK,"Tulsa, OK",Tulsa County,319339.28708117356,2.06,1396.4375308641977,2.35,16757.250370370373,0.437,19.1,5.25,3.41,Moderate,42821,11.51,693514,3.4,7.29,9.07,6.06,40.26,2026-08-31,2026-08-31
Salem,MA,"Boston-Cambridge-Newton, MA-NH",Essex County,608927.0763593419,0.63,2658.365037481259,1.16,31900.38044977511,0.437,19.1,5.24,3.41,Moderate,45677,4.6,823938,2,7.8,5.11,2.53,36.04,2026-08-31,2026-08-31
Maplewood,MN,"Minneapolis-St. Paul-Bloomington, MN-WI",Ramsey County,344564.587494414,1.82,1507.5075757575758,3.19,18090.090909090908,0.438,19,5.25,3.41,Moderate,40142,-4.48,542015,-1.76,3.41,5.41,6.16,38.97,2026-08-31,2026-08-31
King of Prussia,PA,"Philadelphia-Camden-Wilmington, PA-NJ-DE-MD",Montgomery County,500139.04265011934,3.03,2184.0707865892973,2.76,26208.849439071568,0.437,19.1,5.24,3.41,Moderate,NA,NA,879190,2.6,7.92,4.35,5.68,28.27,2026-08-31,2026-08-31
Evans,CO,"Greeley, CO",Weld County,391463.0454434007,-1,1712.5555555555554,2.52,20550.666666666664,0.437,19,5.25,3.41,Moderate,22394,0.46,369745,11.55,19.05,4.01,5.91,24.45,2026-08-31,2026-08-31
Brunswick,ME,"Portland-South Portland, ME",Cumberland County,496789.7073893063,1.99,2168.703703703704,-1.02,26024.444444444445,0.437,19.1,5.24,3.41,Moderate,NA,NA,313809,3.36,8.17,14.2,3.63,29.63,2026-08-31,2026-08-31
Brevard,NC,"Brevard, NC",Transylvania County,456650.7160536293,-1.96,1997.9166666666667,NA,23975,0.438,19,5.25,3.41,Moderate,NA,NA,NA,NA,NA,NA,NA,NA,2026-08-31,2026-08-31
Universal City,TX,"San Antonio-New Braunfels, TX",Bexar County,264511.26076845004,-2.46,1156.810359231412,-2.94,13881.724310776943,0.437,19.1,5.25,3.41,Moderate,20267,2.6,2127737,5.56,8.6,8.27,8.16,40.89,2026-08-31,2026-08-31
Los Alamos,NM,"Los Alamos, NM",Los Alamos County,581096.0959667877,-0.88,2540.8333333333335,NA,30490,0.437,19.1,5.25,3.41,Moderate,NA,NA,NA,NA,NA,NA,NA,NA,2026-08-31,2026-08-31
North Saint Paul,MN,"Minneapolis-St. Paul-Bloomington, MN-WI",Ramsey County,327069.2326133625,1.42,1428.611111111111,6.55,17143.333333333332,0.437,19.1,5.24,3.41,Moderate,NA,NA,542015,-1.76,3.41,5.41,6.16,38.97,2026-08-31,2026-08-31
Springfield,VA,"Washington-Arlington-Alexandria, DC-VA-MD-WV",Fairfax County,699510.1407319406,1.02,3052.9388888888884,2.03,36635.26666666666,0.436,19.1,5.24,3.4,Moderate,NA,NA,1160925,1.07,6.94,3.66,4.16,31.65,2026-08-31,2026-08-31
Clifton,NJ,"New York-Newark-Jersey City, NY-NJ-PA",Passaic County,612936.593128969,3.89,2672.0641025641025,4.43,32064.76923076923,0.436,19.1,5.23,3.4,Moderate,90322,0.83,526597,0.6,7.33,4.03,2.2,47.17,2026-08-31,2026-08-31
Rowlett,TX,"Dallas-Fort Worth-Arlington, TX",Dallas County,364063.0005587235,-2.76,1585.720901144611,-1.89,19028.65081373533,0.436,19.1,5.23,3.4,Moderate,68123,8.53,2656028,1.73,0.15,7.76,8.95,49.22,2026-08-31,2026-08-31
Fenton,MO,"St. Louis, MO-IL",Saint Louis County,354311.8694200758,4.28,1546.3444444444442,5.33,18556.13333333333,0.436,19.1,5.24,3.4,Moderate,4073,-1,NA,NA,NA,NA,NA,NA,2026-08-31,2026-08-31
North Tonawanda,NY,"Buffalo-Cheektowaga, NY",Niagara County,287596.56541229505,4.26,1255,3.18,15060,0.436,19.1,5.24,3.4,Moderate,29981,-1.49,209570,-1.21,2.67,8.81,4.61,29.1,2026-08-31,2026-08-31
Taylors,SC,"Greenville-Anderson, SC",Greenville County,311197.7488443061,1.54,1357.8005952380952,1.02,16293.607142857141,0.436,19.1,5.24,3.4,Moderate,NA,NA,570745,8.25,17.14,7.49,6.9,31.24,2026-08-31,2026-08-31
Port Chester,NY,"New York-Newark-Jersey City, NY-NJ-PA",Westchester County,745369.8143803809,7.23,3248.075396825397,4.71,38976.90476190476,0.436,19.1,5.23,3.4,Moderate,30957,-1.95,1006447,0.5,6.23,5.51,2.35,37.8,2026-08-31,2026-08-31
Gladstone,MO,"Kansas City, MO-KS",Clay County,271192.59789207875,2.77,1182.0642857142857,3.92,14184.771428571428,0.436,19.1,5.23,3.4,Moderate,27579,1.74,263370,3.63,8.53,5.32,4.67,31.12,2026-08-31,2026-08-31
Haymarket,VA,"Washington-Arlington-Alexandria, DC-VA-MD-WV",Prince William County,814549.3612436458,1.95,3554.1111111111113,NA,42649.333333333336,0.436,19.1,5.24,3.4,Moderate,1594,3.04,497003,2.93,3.17,3.52,5.04,25.62,2026-08-31,2026-08-31
Hurricane,WV,"Huntington-Ashland, WV-KY-OH",Putnam County,277773.56993848854,5.67,1210.8333333333337,NA,14530.000000000004,0.436,19.1,5.23,3.4,Moderate,NA,NA,NA,NA,NA,NA,NA,NA,2026-08-31,2026-08-31
Eagle Lake,MN,"Mankato, MN",Blue Earth County,343452.2046804815,2.78,1495,NA,17940,0.435,19.1,5.22,3.4,Moderate,NA,NA,NA,NA,NA,NA,NA,NA,2026-08-31,2026-08-31
Vacaville,CA,"Vallejo, CA",Solano County,601486.2998790665,-0.45,2613.5500670039305,1.5,31362.600804047164,0.435,19.2,5.21,3.39,Moderate,103994,1.81,455101,0.49,7.61,4.68,3.13,36.77,2026-08-31,2026-08-31
Jupiter,FL,"Miami-Fort Lauderdale-Pompano Beach, FL",Palm Beach County,704676.5590966485,1.84,3066.50220990221,2.74,36798.02651882652,0.435,19.1,5.22,3.39,Moderate,62987,2.95,1582055,5.87,15.98,16.36,6.94,30.14,2026-08-31,2026-08-31
Piscataway,NJ,"New York-Newark-Jersey City, NY-NJ-PA",Middlesex County,604814.2975906731,2.52,2628.322775263952,0.88,31539.87330316742,0.435,19.2,5.21,3.39,Moderate,NA,NA,890119,3.33,12.92,3.48,2.61,36.53,2026-08-31,2026-08-31
Hurst,TX,"Dallas-Fort Worth-Arlington, TX",Tarrant County,337349.26041637297,0.86,1464.7400673400673,6.28,17576.88080808081,0.434,19.2,5.21,3.39,Moderate,39500,-2.02,2230708,5.41,8.74,7.08,7.73,40.64,2026-08-31,2026-08-31
Flowery Branch,GA,"Gainesville, GA",Hall County,421793.6362879523,-1.75,1834.9251851851852,-0.44,22019.102222222224,0.435,19.2,5.22,3.39,Moderate,12292,29.17,221745,9.01,11.78,10.06,4.34,31.13,2026-08-31,2026-08-31
Farmers Branch,TX,"Dallas-Fort Worth-Arlington, TX",Dallas County,376940.7082385978,1.3,1638.0551172749967,-0.08,19656.661407299962,0.435,19.2,5.21,3.39,Moderate,37341,3.09,2656028,1.73,0.15,7.76,8.95,49.22,2026-08-31,2026-08-31
Palm City,FL,"Port St. Lucie, FL",Martin County,622338.5835223473,0.75,2702.6666666666665,6.06,32432,0.434,19.2,5.21,3.39,Moderate,NA,NA,165666,4.41,14.54,17.59,6.28,19.89,2026-08-31,2026-08-31
Springboro,OH,"Cincinnati, OH-KY-IN",Warren County,432389.49096947064,0.6,1878.1746031746031,NA,22538.095238095237,0.434,19.2,5.21,3.39,Moderate,19646,2.66,256059,5.27,8.42,4.87,6.12,20.4,2026-08-31,2026-08-31
North Plainfield,NJ,"New York-Newark-Jersey City, NY-NJ-PA",Somerset County,498907.4495687877,-0.1,2167.888888888889,NA,26014.66666666667,0.435,19.2,5.21,3.39,Moderate,23072,1.42,357467,3.68,12.99,2.54,1.98,25.53,2026-08-31,2026-08-31
Corinth,TX,"Dallas-Fort Worth-Arlington, TX",Denton County,407800.2768003762,-2.11,1771.6014885699096,-1.35,21259.217862838916,0.434,19.2,5.21,3.39,Moderate,24450,7.44,1045120,14.28,23.72,4.75,5.09,34.63,2026-08-31,2026-08-31
New Carrollton,MD,"Washington-Arlington-Alexandria, DC-VA-MD-WV",Prince Georges County,395112.3157462384,-2.01,1718.0317460317458,6.77,20616.38095238095,0.435,19.2,5.22,3.39,Moderate,13645,-0.12,NA,NA,NA,NA,NA,NA,2026-08-31,2026-08-31
Maize,KS,"Wichita, KS",Sedgwick County,307988.60146629787,0.78,1338,NA,16056,0.434,19.2,5.21,3.39,Moderate,NA,NA,NA,NA,NA,NA,NA,NA,2026-08-31,2026-08-31
King City,OR,"Portland-Vancouver-Hillsboro, OR-WA",Washington County,461655.05337928265,-0.25,2007.277777777778,NA,24087.333333333336,0.435,19.2,5.22,3.39,Moderate,NA,NA,NA,NA,NA,NA,NA,NA,2026-08-31,2026-08-31
Sacramento,CA,"Sacramento-Roseville-Folsom, CA",Sacramento County,473797.3912698762,-0.88,2056.080236660911,1.24,24672.96283993093,0.434,19.2,5.21,3.38,Moderate,535798,1.94,1611231,1.54,7.33,4.28,3.63,41.37,2026-08-31,2026-08-31
Elk Grove,CA,"Sacramento-Roseville-Folsom, CA",Sacramento County,626315.5070780078,-2.01,2715.7203703703703,1.78,32588.644444444442,0.434,19.2,5.2,3.38,Moderate,182797,3.52,1611231,1.54,7.33,4.28,3.63,41.37,2026-08-31,2026-08-31
Saint Charles,MO,"St. Louis, MO-IL",Saint Charles County,347660.581442122,2.35,1505.3862019248772,2.88,18064.634423098527,0.433,19.2,5.2,3.38,Moderate,NA,NA,NA,NA,NA,NA,NA,NA,2026-08-31,2026-08-31
Porterville,CA,"Visalia, CA",Tulare County,330292.6921975589,1.13,1430.5888888888887,4.85,17167.066666666666,0.433,19.2,5.2,3.38,Moderate,63517,0.81,483546,2.03,-1.06,6.89,2.76,41.38,2026-08-31,2026-08-31
Brentwood,CA,"San Francisco-Oakland-Berkeley, CA",Contra Costa County,785640.5217972929,-1.32,3406.404578754579,4,40876.85494505495,0.434,19.2,5.2,3.38,Moderate,66286,2.84,1172607,0.55,6.48,3.5,2.91,32.35,2026-08-31,2026-08-31
Medford,MA,"Boston-Cambridge-Newton, MA-NH",Middlesex County,826077.4425463885,0.67,3577.407967032967,3.53,42928.895604395606,0.433,19.2,5.2,3.38,Moderate,59898,0.64,1668956,2.54,11.63,4.52,2.96,38.37,2026-08-31,2026-08-31
Russellville,AR,"Russellville, AR",Pope County,219717.70907020732,3.72,950.7142857142856,4.15,11408.571428571428,0.433,19.3,5.19,3.38,Moderate,29442,1.71,64829,2.24,0.99,10.95,6.05,28.77,2026-08-31,2026-08-31
Midlothian,TX,"Dallas-Fort Worth-Arlington, TX",Ellis County,451268.84275267547,-0.34,1956.7607142857144,0.53,23481.128571428573,0.434,19.2,5.2,3.38,Moderate,44104,24.08,232387,19.58,34.12,5.09,4.27,23.75,2026-08-31,2026-08-31
Muscatine,IA,"Muscatine, IA",Muscatine County,195204.0184551735,6.04,845,NA,10140,0.433,19.3,5.19,3.38,Moderate,NA,NA,NA,NA,NA,NA,NA,NA,2026-08-31,2026-08-31
New Richmond,WI,"Minneapolis-St. Paul-Bloomington, MN-WI",Saint Croix County,376588.805994472,0.75,1630.8333333333333,NA,19570,0.433,19.2,5.2,3.38,Moderate,10879,7.14,NA,NA,NA,NA,NA,NA,2026-08-31,2026-08-31
Nokomis,FL,"North Port-Sarasota-Bradenton, FL",Sarasota County,493755.5706827313,-3.25,2142.5978835978835,0.04,25711.1746031746,0.434,19.2,5.21,3.38,Moderate,NA,NA,476604,9.25,17.16,21.04,7.8,23.66,2026-08-31,2026-08-31
Stonington,CT,"Norwich-New London, CT",New London County,646772.8322925393,8.32,2800.777777777778,NA,33609.333333333336,0.433,19.2,5.2,3.38,Moderate,NA,NA,NA,NA,NA,NA,NA,NA,2026-08-31,2026-08-31
Kirksville,MO,"Kirksville, MO",Adair County,155518.26581193646,2.32,672.9166666666667,NA,8075.000000000001,0.433,19.3,5.19,3.38,Moderate,NA,NA,NA,NA,NA,NA,NA,NA,2026-08-31,2026-08-31
Fairplay,CO,"Denver-Aurora-Lakewood, CO",Park County,595463.9419517367,-1.72,2583.333333333333,NA,30999.999999999996,0.434,19.2,5.21,3.38,Moderate,NA,NA,NA,NA,NA,NA,NA,NA,2026-08-31,2026-08-31
Moreno Valley,CA,"Riverside-San Bernardino-Ontario, CA",Riverside County,551273.3771650806,0.35,2382.379268292683,2.92,28588.551219512192,0.432,19.3,5.19,3.37,Moderate,213919,2.42,2529933,4.34,7.33,11.37,4.89,31.14,2026-08-31,2026-08-31
Waterford,MI,"Detroit-Warren-Dearborn, MI",Oakland County,277845.353731914,3.13,1202.109829059829,3.86,14425.317948717948,0.433,19.3,5.19,3.37,Moderate,NA,NA,1296888,1.91,10.58,5.25,6.51,27.73,2026-08-31,2026-08-31
Portland,ME,"Portland-South Portland, ME",Cumberland County,559175.3289596076,0,2418.5870517757808,3.08,29023.044621309367,0.433,19.3,5.19,3.37,Moderate,69568,1.57,313809,3.36,8.17,14.2,3.63,29.63,2026-08-31,2026-08-31
West Sacramento,CA,"Sacramento-Roseville-Folsom, CA",Yolo County,524204.7635132453,-2.07,2262.9248053181386,2.42,27155.097663817665,0.432,19.3,5.18,3.37,Moderate,55991,4.04,225251,3.44,8.98,6.01,4.8,46.44,2026-08-31,2026-08-31
Fuquay Varina,NC,"Fayetteville, NC",Harnett County,437695.447807038,-2.23,1891.14291005291,1.43,22693.71492063492,0.432,19.3,5.18,3.37,Moderate,NA,NA,146096,9.26,25.57,10.01,8.1,30.51,2026-08-31,2026-08-31
New Milford,CT,"Torrington, CT",Litchfield County,473506.48484558234,3.85,2044.4444444444443,NA,24533.333333333332,0.432,19.3,5.18,3.37,Moderate,NA,NA,NA,NA,NA,NA,NA,NA,2026-08-31,2026-08-31
Red Bank,NJ,"New York-Newark-Jersey City, NY-NJ-PA",Monmouth County,740492.7883808302,9.91,3196.2999999999997,3.71,38355.6,0.432,19.3,5.18,3.37,Moderate,12830,-0.58,647520,0.74,2.8,7.24,3.49,24.63,2026-08-31,2026-08-31
Saline,MI,"Ann Arbor, MI",Washtenaw County,468759.36651470367,2.58,2027.3333333333333,NA,24328,0.432,19.3,5.19,3.37,Moderate,NA,NA,NA,NA,NA,NA,NA,NA,2026-08-31,2026-08-31
Central,SC,"Greenville-Anderson, SC",Pickens County,292168.20090965956,0.9,1261.8,NA,15141.599999999999,0.432,19.3,5.18,3.37,Moderate,5339,1.31,138207,4.95,11.74,10.9,6.6,29.48,2026-08-31,2026-08-31
Worthington,OH,"Columbus, OH",Franklin County,488812.04055483727,4.72,2113.5,NA,25362,0.432,19.3,5.19,3.37,Moderate,14649,-0.92,1356303,2.4,7.58,6.96,3.98,47.03,2026-08-31,2026-08-31
Blanchard,OK,"Oklahoma City, OK",Grady County,321859.51496522775,2.51,1392.2222222222224,NA,16706.666666666668,0.433,19.3,5.19,3.37,Moderate,NA,NA,NA,NA,NA,NA,NA,NA,2026-08-31,2026-08-31
Frederickson,WA,"Seattle-Tacoma-Bellevue, WA",Pierce County,534891.7098857312,1.18,2312.3944444444446,0.64,27748.733333333337,0.432,19.3,5.19,3.37,Moderate,NA,NA,941170,1.9,6.6,5.21,4.02,35.21,2026-08-31,2026-08-31
Boston,MA,"Boston-Cambridge-Newton, MA-NH",Suffolk County,774723.325420576,-1.35,3338.194686697507,2.71,40058.33624037009,0.431,19.3,5.17,3.36,Moderate,673458,-0.31,793144,-0.51,10.02,8.97,4.43,63.39,2026-08-31,2026-08-31
Turlock,CA,"Modesto, CA",Stanislaus County,481652.6500818407,0.34,2075.1866096866097,1.09,24902.239316239316,0.431,19.3,5.17,3.36,Moderate,72888,0.16,556972,0.59,2.04,4.22,2.75,39,2026-08-31,2026-08-31
Beaufort,SC,"Hilton Head Island-Bluffton, SC",Beaufort County,413382.6124503824,1.33,1781.7579020979022,0.49,21381.094825174827,0.431,19.3,5.17,3.36,Moderate,14334,5.2,201775,7.42,14.95,22.12,17.97,24.27,2026-08-31,2026-08-31
Rockford,MI,"Grand Rapids-Kentwood, MI",Kent County,458379.11819874326,5.64,1975,NA,23700,0.431,19.3,5.17,3.36,Moderate,NA,NA,NA,NA,NA,NA,NA,NA,2026-08-31,2026-08-31
Menomonee Falls,WI,"Milwaukee-Waukesha, WI",Waukesha County,439642.4080385011,5.34,1895.472222222222,NA,22745.666666666664,0.431,19.3,5.17,3.36,Moderate,NA,NA,NA,NA,NA,NA,NA,NA,2026-08-31,2026-08-31
Manahawkin,NJ,"New York-Newark-Jersey City, NY-NJ-PA",Ocean County,604102.944178115,4.82,2600,NA,31200,0.43,19.4,5.16,3.36,Moderate,NA,NA,NA,NA,NA,NA,NA,NA,2026-08-31,2026-08-31
East Wenatchee,WA,"Wenatchee, WA",Douglas County,515689.8033884229,3,2220.396825396825,2.18,26644.7619047619,0.431,19.4,5.17,3.36,Moderate,14330,1.45,45795,6.42,13.84,11.36,2.63,31.59,2026-08-31,2026-08-31
Webster Groves,MO,"St. Louis, MO-IL",Saint Louis County,445013.8475942988,3.46,1915.355555555556,NA,22984.266666666674,0.43,19.4,5.16,3.36,Moderate,NA,NA,NA,NA,NA,NA,NA,NA,2026-08-31,2026-08-31
Leland,NC,"Myrtle Beach-Conway-North Myrtle Beach, SC-NC",Brunswick County,384363.5307513775,-0.08,1654.094486215539,3.7,19849.133834586468,0.43,19.4,5.16,3.36,Moderate,34451,36.91,167112,20.95,48.26,31.43,24.54,16.16,2026-08-31,2026-08-31
Centerville,OH,"Dayton-Kettering, OH",Montgomery County,389797.2202297973,2.36,1680.8686868686866,1.95,20170.42424242424,0.431,19.3,5.17,3.36,Moderate,26311,8.8,537443,0.06,5.01,8.84,4.22,37.67,2026-08-31,2026-08-31
Dayton,TN,"Dayton, TN",Rhea County,267289.45132666617,3.14,1150,NA,13800,0.43,19.4,5.16,3.36,Moderate,NA,NA,NA,NA,NA,NA,NA,NA,2026-08-31,2026-08-31
Truckee,CA,"Truckee-Grass Valley, CA",Nevada County,1032041.9229779288,1.99,4443.857142857142,8.14,53326.28571428571,0.431,19.4,5.17,3.36,Moderate,17240,2.81,102195,-0.07,4.94,22.43,3.91,25.56,2026-08-31,2026-08-31
Hawthorne,NJ,"New York-Newark-Jersey City, NY-NJ-PA",Passaic County,647131.7996926589,6.02,2786.6666666666665,NA,33440,0.431,19.4,5.17,3.36,Moderate,NA,NA,NA,NA,NA,NA,NA,NA,2026-08-31,2026-08-31
Hanahan,SC,"Charleston-North Charleston, SC",Berkeley County,411423.2431203358,-0.03,1771.711111111111,5,21260.533333333333,0.431,19.4,5.17,3.36,Moderate,21983,6.82,264276,14.15,27.06,7.35,5.97,25.9,2026-08-31,2026-08-31
Exeter,NH,"Boston-Cambridge-Newton, MA-NH",Rockingham County,616111.9441546128,3.48,2654.8611111111113,NA,31858.333333333336,0.431,19.3,5.17,3.36,Moderate,NA,NA,NA,NA,NA,NA,NA,NA,2026-08-31,2026-08-31
Melissa,TX,"Dallas-Fort Worth-Arlington, TX",Collin County,422270.8194794401,-5.72,1817.9456927450256,0.84,21815.348312940307,0.431,19.4,5.17,3.36,Moderate,26194,82.71,1254658,16.64,31.61,5.16,6.55,35.92,2026-08-31,2026-08-31
Duvall,WA,"Seattle-Tacoma-Bellevue, WA",King County,930831.6099896408,-2.32,4009.194444444445,NA,48110.333333333336,0.431,19.3,5.17,3.36,Moderate,NA,NA,NA,NA,NA,NA,NA,NA,2026-08-31,2026-08-31
Walkersville,MD,"Washington-Arlington-Alexandria, DC-VA-MD-WV",Frederick County,463971.2548677488,0.56,2000,NA,24000,0.431,19.3,5.17,3.36,Moderate,NA,NA,NA,NA,NA,NA,NA,NA,2026-08-31,2026-08-31
Hull,MA,"Boston-Cambridge-Newton, MA-NH",Plymouth County,718954.3738534283,3.22,3095.3333333333335,NA,37144,0.431,19.4,5.17,3.36,Moderate,NA,NA,NA,NA,NA,NA,NA,NA,2026-08-31,2026-08-31
Fort Atkinson,WI,"Watertown-Fort Atkinson, WI",Jefferson County,310570.5693573463,4.09,1338.888888888889,NA,16066.666666666668,0.431,19.3,5.17,3.36,Moderate,NA,NA,NA,NA,NA,NA,NA,NA,2026-08-31,2026-08-31
Midland Park,NJ,"New York-Newark-Jersey City, NY-NJ-PA",Bergen County,761241.1513807668,5.72,3275,NA,39300,0.43,19.4,5.16,3.36,Moderate,NA,NA,NA,NA,NA,NA,NA,NA,2026-08-31,2026-08-31
Madras,OR,NA,Jefferson County,360013.1348975618,0.35,1549.1666666666667,NA,18590,0.43,19.4,5.16,3.36,Moderate,NA,NA,NA,NA,NA,NA,NA,NA,2026-08-31,2026-08-31
North Topsail Beach,NC,"Jacksonville, NC",Onslow County,527542.2108884387,1.79,2275,NA,27300,0.431,19.3,5.17,3.36,Moderate,NA,NA,NA,NA,NA,NA,NA,NA,2026-08-31,2026-08-31
Clarksville,TN,"Clarksville, TN-KY",Montgomery County,319418.5242499298,0.28,1373.5557256765885,1.7,16482.66870811906,0.43,19.4,5.16,3.35,Moderate,185690,10.84,246025,11.17,14.09,6.54,5.89,37.06,2026-08-31,2026-08-31
Fishers,IN,"Indianapolis-Carmel-Anderson, IN",Hamilton County,444526.5855908748,1.78,1910.690054347826,4.59,22928.28065217391,0.43,19.4,5.16,3.35,Moderate,103986,4.51,379704,8.79,14.45,5.14,7.51,23.72,2026-08-31,2026-08-31
Dubuque,IA,"Dubuque, IA",Dubuque County,250357.53001924095,4.47,1075.5523504273503,3.09,12906.628205128203,0.43,19.4,5.16,3.35,Moderate,58987,-1.12,99242,-0.07,2.52,5.62,5.38,26.83,2026-08-31,2026-08-31
Malden,MA,"Boston-Cambridge-Newton, MA-NH",Middlesex County,674567.5580032979,1.94,2894.759546865567,1.79,34737.1145623868,0.429,19.4,5.15,3.35,Moderate,66693,0.92,1668956,2.54,11.63,4.52,2.96,38.37,2026-08-31,2026-08-31
Fond du Lac,WI,"Fond du Lac, WI",Fond du Lac County,264914.282877536,4.63,1138.233766233766,7.92,13658.80519480519,0.43,19.4,5.16,3.35,Moderate,44469,-0.46,104269,0.11,2.49,6.3,5.83,29.65,2026-08-31,2026-08-31
Downers Grove,IL,"Chicago-Naperville-Elgin, IL-IN-WI",DuPage County,509231.1932139204,6.01,2187.4084967320264,3.33,26248.901960784315,0.43,19.4,5.15,3.35,Moderate,50552,0.74,937142,0.6,5.3,4.53,5.6,26.87,2026-08-31,2026-08-31
Roseburg,OR,"Roseburg, OR",Douglas County,364060.7203885153,0.2,1561.8452380952378,0.39,18742.142857142855,0.429,19.4,5.15,3.35,Moderate,23795,0.53,112255,0.87,6.37,7.12,1.77,28.24,2026-08-31,2026-08-31
La Porte,IN,"Michigan City-La Porte, IN",La Porte County,280849.52827821596,3.74,1206.388888888889,NA,14476.666666666668,0.43,19.4,5.15,3.35,Moderate,22444,0.12,NA,NA,NA,NA,NA,NA,2026-08-31,2026-08-31
Yorktown,VA,"Virginia Beach-Norfolk-Newport News, VA-NC",York County,482012.75641040155,2.38,2067.9637626262625,4.49,24815.565151515148,0.429,19.4,5.15,3.35,Moderate,NA,NA,71410,1.67,4.99,6.26,7.91,28.82,2026-08-31,2026-08-31
Marion,IA,"Cedar Rapids, IA",Linn County,279823.0725851701,4.04,1203.095238095238,12.04,14437.142857142857,0.43,19.4,5.16,3.35,Moderate,42542,2.33,231762,0.58,8.41,6.8,8.73,26.69,2026-08-31,2026-08-31
Salem,NH,"Boston-Cambridge-Newton, MA-NH",Rockingham County,609044.7436451808,2.89,2618.9333333333334,1.07,31427.2,0.43,19.4,5.16,3.35,Moderate,NA,NA,322433,2.47,5.64,7.38,3.42,21.38,2026-08-31,2026-08-31
Trussville,AL,"Birmingham-Hoover, AL",Jefferson County,397012.7260898684,3.37,1702.9444444444443,3.06,20435.333333333332,0.429,19.4,5.15,3.35,Moderate,27079,3.34,664744,-1.48,0.68,13.13,7.2,36.28,2026-08-31,2026-08-31
Bedford,IN,"Bedford, IN",Lawrence County,209320.2023649447,1.94,900,NA,10800,0.43,19.4,5.16,3.35,Moderate,NA,NA,NA,NA,NA,NA,NA,NA,2026-08-31,2026-08-31
Hercules,CA,"San Francisco-Oakland-Berkeley, CA",Contra Costa County,736702.3947321636,-1.56,3168.5158730158732,5.71,38022.19047619048,0.43,19.4,5.16,3.35,Moderate,26499,1.46,1172607,0.55,6.48,3.5,2.91,32.35,2026-08-31,2026-08-31
Greater Northdale,FL,"Tampa-St. Petersburg-Clearwater, FL",Hillsborough County,449690.03484947927,0.32,1933.85,-2.36,23206.199999999997,0.43,19.4,5.16,3.35,Moderate,NA,NA,1581426,7.85,12.2,7.8,6.74,38.94,2026-08-31,2026-08-31
Jessup,MD,"Baltimore-Columbia-Towson, MD",Howard County,509047.1093537952,-0.02,2185.4166666666665,0.94,26225,0.429,19.4,5.15,3.35,Moderate,NA,NA,339668,2.06,3.73,3.55,5.06,28.29,2026-08-31,2026-08-31
Sterling,CO,"Sterling, CO",Logan County,246798.78144768983,0.71,1059.4444444444443,NA,12713.333333333332,0.429,19.4,5.15,3.35,Moderate,13114,-2.24,20755,-2.14,8.43,6.44,3.15,31.7,2026-08-31,2026-08-31
Waverly,IA,"Waterloo-Cedar Falls, IA",Bremer County,279728.28638777894,1.74,1200,NA,14400,0.429,19.4,5.15,3.35,Moderate,NA,NA,NA,NA,NA,NA,NA,NA,2026-08-31,2026-08-31
Lumberton Township,NJ,"Philadelphia-Camden-Wilmington, PA-NJ-DE-MD",Burlington County,499045.6701184441,3.17,2142.698412698413,NA,25712.380952380954,0.429,19.4,5.15,3.35,Moderate,NA,NA,475515,2.99,9.35,5.16,3.54,24.27,2026-08-31,2026-08-31
Kennebunk,ME,"Portland-South Portland, ME",York County,620522.224731895,1.8,2668.75,NA,32025,0.43,19.4,5.16,3.35,Moderate,NA,NA,NA,NA,NA,NA,NA,NA,2026-08-31,2026-08-31
Richmond,CA,"San Francisco-Oakland-Berkeley, CA",Contra Costa County,601802.214120816,-1.69,2575.08253968254,2.31,30900.990476190476,0.428,19.5,5.13,3.34,Moderate,115353,-0.71,1172607,0.55,6.48,3.5,2.91,32.35,2026-08-31,2026-08-31
Avondale,AZ,"Phoenix-Mesa-Chandler, AZ",Maricopa County,394128.96385719394,-1.34,1687.7157387955183,-1.24,20252.58886554622,0.428,19.5,5.14,3.34,Moderate,96609,7.86,4673096,5.12,9.38,8.29,5.4,34.99,2026-08-31,2026-08-31
Oviedo,FL,"Orlando-Kissimmee-Sanford, FL",Seminole County,505622.75822461373,0.05,2163.5875834851245,2.04,25963.05100182149,0.428,19.5,5.13,3.34,Moderate,41901,4.72,494605,4.91,9.63,5.97,6.62,34.24,2026-08-31,2026-08-31
Lodi,CA,"Stockton, CA",San Joaquin County,511715.48745590984,-1.71,2188.118686868687,3.28,26257.42424242424,0.428,19.5,5.13,3.34,Moderate,68642,3.31,816108,4.54,9.17,6.02,3.67,38.47,2026-08-31,2026-08-31
Greenfield,WI,"Milwaukee-Waukesha, WI",Milwaukee County,332828.09934450086,6.42,1425.8333333333333,NA,17110,0.428,19.5,5.14,3.34,Moderate,NA,NA,NA,NA,NA,NA,NA,NA,2026-08-31,2026-08-31
Havertown,PA,"Philadelphia-Camden-Wilmington, PA-NJ-DE-MD",Delaware County,538273.5696806494,4.77,2305.1388888888887,NA,27661.666666666664,0.428,19.5,5.14,3.34,Moderate,NA,NA,584882,1.45,5.58,5.55,4.21,30.36,2026-08-31,2026-08-31
Searcy,AR,"Searcy, AR",White County,223279.5134063435,5.07,956.5555555555557,4.26,11478.666666666668,0.428,19.5,5.14,3.34,Moderate,23997,4.51,79091,2.9,7.67,13.91,5.82,31.76,2026-08-31,2026-08-31
Menasha,WI,"Oshkosh-Neenah, WI",Winnebago County,314980.4132939759,5.17,1348.888888888889,11.51,16186.666666666668,0.428,19.5,5.14,3.34,Moderate,18433,0.85,173307,0.88,7.15,6.27,4.7,34.21,2026-08-31,2026-08-31
Beaver Dam,WI,"Beaver Dam, WI",Dodge County,297050.46575405105,4.54,1272.1666666666667,NA,15266,0.428,19.5,5.14,3.34,Moderate,NA,NA,NA,NA,NA,NA,NA,NA,2026-08-31,2026-08-31
Gardner,MA,"Worcester, MA-CT",Worcester County,373720.8861477862,1.51,1598.75,0.79,19185,0.428,19.5,5.13,3.34,Moderate,21381,0.75,881248,2.82,8.7,5.7,3.41,34.33,2026-08-31,2026-08-31
Bristol,RI,"Providence-Warwick, RI-MA",Bristol County,616277.2401758629,2.63,2639.5238095238096,5.18,31674.285714285717,0.428,19.5,5.14,3.34,Moderate,NA,NA,50145,-1.26,-0.08,9.91,5.05,26.74,2026-08-31,2026-08-31
Keaau,HI,"Hilo, HI",Hawaii County,464901.5352416292,2.31,1991.6666666666667,NA,23900,0.428,19.5,5.14,3.34,Moderate,NA,NA,209790,4.5,9.9,18.74,10.31,26.9,2026-08-31,2026-08-31
Beachwood,OH,"Cleveland-Elyria, OH",Cuyahoga County,505277.117592684,5.44,2165.020634920635,2.15,25980.247619047623,0.428,19.4,5.14,3.34,Moderate,13820,-1.43,1240594,-1.75,1.72,9.97,5.22,40.95,2026-08-31,2026-08-31
Knoxville,IA,"Pella, IA",Marion County,211086.09684259072,2.6,904.3333333333334,0.01,10852,0.428,19.5,5.14,3.34,Moderate,7440,-1.77,34048,1.9,10.4,6.02,4.97,22.25,2026-08-31,2026-08-31
Laughlin,NV,"Las Vegas-Henderson-Paradise, NV",Clark County,252304.87333365032,-2.91,1079.888888888889,0.43,12958.666666666668,0.428,19.5,5.14,3.34,Moderate,NA,NA,2398871,5.4,16.64,9.46,7.1,42.95,2026-08-31,2026-08-31
Eastampton Township,NJ,"Philadelphia-Camden-Wilmington, PA-NJ-DE-MD",Burlington County,477729.95855638216,2.28,2045.1111111111113,NA,24541.333333333336,0.428,19.5,5.14,3.34,Moderate,NA,NA,475515,2.99,9.35,5.16,3.54,24.27,2026-08-31,2026-08-31
Florence,CO,"Ca±on City, CO",Fremont County,280591.88958978764,-2.56,1200,NA,14400,0.428,19.5,5.13,3.34,Moderate,NA,NA,NA,NA,NA,NA,NA,NA,2026-08-31,2026-08-31
Everson,WA,"Bellingham, WA",Whatcom County,489875.94351406774,0.21,2100,NA,25200,0.429,19.4,5.14,3.34,Moderate,NA,NA,NA,NA,NA,NA,NA,NA,2026-08-31,2026-08-31
Nashville,TN,"Nashville-Davidson--Murfreesboro--Franklin, TN",Davidson County,429740.78489562933,-2.71,1834.2407851771989,0.23,22010.889422126387,0.427,19.5,5.12,3.33,Moderate,NA,NA,729505,1.87,8.29,8.82,6.95,46.58,2026-08-31,2026-08-31
Henrico,VA,"Richmond, VA",Henrico County,408107.5233887729,1.86,1744.445965978117,1.59,20933.351591737406,0.427,19.5,5.13,3.33,Moderate,NA,NA,338696,1.12,7.45,5.15,5.64,35.38,2026-08-31,2026-08-31
East Brunswick,NJ,"New York-Newark-Jersey City, NY-NJ-PA",Middlesex County,638577.1444826239,3.89,2726.873015873016,3.37,32722.47619047619,0.427,19.5,5.12,3.33,Moderate,NA,NA,890119,3.33,12.92,3.48,2.61,36.53,2026-08-31,2026-08-31
Lake Mary,FL,"Orlando-Kissimmee-Sanford, FL",Seminole County,465757.0547387579,-0.22,1987.5053824431716,3.44,23850.06458931806,0.427,19.5,5.12,3.33,Moderate,16989,0.91,494605,4.91,9.63,5.97,6.62,34.24,2026-08-31,2026-08-31
New Berlin,WI,"Milwaukee-Waukesha, WI",Waukesha County,455414.4723329943,5.29,1946.3888888888887,NA,23356.666666666664,0.427,19.5,5.13,3.33,Moderate,NA,NA,NA,NA,NA,NA,NA,NA,2026-08-31,2026-08-31
Park Ridge,IL,"Chicago-Naperville-Elgin, IL-IN-WI",Cook County,597561.8236260148,9.36,2549.3809523809523,NA,30592.571428571428,0.427,19.5,5.12,3.33,Moderate,38445,-2.68,5182617,-1.6,5.9,8.18,4.67,42.49,2026-08-31,2026-08-31
Lewiston,ID,"Lewiston, ID-WA",Nez Perce County,390769.5883709381,2.11,1670.5555555555554,NA,20046.666666666664,0.428,19.5,5.13,3.33,Moderate,NA,NA,NA,NA,NA,NA,NA,NA,2026-08-31,2026-08-31
Mount Vernon,VA,"Washington-Arlington-Alexandria, DC-VA-MD-WV",Fairfax County,583697.630313482,0.82,2489.035714285714,0.15,29868.428571428572,0.426,19.5,5.12,3.33,Moderate,NA,NA,1160925,1.07,6.94,3.66,4.16,31.65,2026-08-31,2026-08-31
Chatsworth,GA,"Dalton, GA",Murray County,245596.43733027647,1.82,1050,NA,12600,0.428,19.5,5.13,3.33,Moderate,NA,NA,NA,NA,NA,NA,NA,NA,2026-08-31,2026-08-31
Mercedes,TX,"McAllen-Edinburg-Mission, TX",Hidalgo County,143088.4462061595,0.77,610,NA,7320,0.426,19.5,5.12,3.33,Moderate,NA,NA,NA,NA,NA,NA,NA,NA,2026-08-31,2026-08-31
Garfield,NJ,"New York-Newark-Jersey City, NY-NJ-PA",Bergen County,588879.2880399724,2.54,2510.296296296296,8.13,30123.555555555555,0.426,19.5,5.12,3.33,Moderate,33530,2.98,978641,2.61,10.38,4.13,3.53,34.64,2026-08-31,2026-08-31
Stoughton,MA,"Boston-Cambridge-Newton, MA-NH",Norfolk County,606713.3898589172,1.68,2589.6666666666665,2.2,31076,0.427,19.5,5.12,3.33,Moderate,NA,NA,740754,2.35,9.81,4.09,3.95,31.48,2026-08-31,2026-08-31
Mahwah Township,NJ,"New York-Newark-Jersey City, NY-NJ-PA",Bergen County,723303.9379033986,5.63,3091.25,NA,37095,0.427,19.5,5.13,3.33,Moderate,NA,NA,NA,NA,NA,NA,NA,NA,2026-08-31,2026-08-31
Olney,MD,"Washington-Arlington-Alexandria, DC-VA-MD-WV",Montgomery County,658877.8028955424,0.37,2812.8333333333335,NA,33754,0.427,19.5,5.12,3.33,Moderate,NA,NA,NA,NA,NA,NA,NA,NA,2026-08-31,2026-08-31
Palmyra,PA,"Lebanon, PA",Lebanon County,352656.69118372846,4.77,1506.9166666666667,NA,18083,0.427,19.5,5.13,3.33,Moderate,7735,-1.11,145319,1.41,6.01,6.27,4.84,28.75,2026-08-31,2026-08-31
Ashland,MA,"Boston-Cambridge-Newton, MA-NH",Middlesex County,665893.0124689519,-0.17,2844.6904761904757,NA,34136.28571428571,0.427,19.5,5.13,3.33,Moderate,NA,NA,1668956,2.54,11.63,4.52,2.96,38.37,2026-08-31,2026-08-31
Saddle Brook,NJ,"New York-Newark-Jersey City, NY-NJ-PA",Bergen County,673487.5077852053,5.2,2877.1388888888887,NA,34525.666666666664,0.427,19.5,5.13,3.33,Moderate,NA,NA,978641,2.61,10.38,4.13,3.53,34.64,2026-08-31,2026-08-31
Ball Ground,GA,"Atlanta-Sandy Springs-Alpharetta, GA",Cherokee County,502416.4650266584,1.77,2143.722222222222,NA,25724.666666666664,0.427,19.5,5.12,3.33,Moderate,NA,NA,NA,NA,NA,NA,NA,NA,2026-08-31,2026-08-31
Waconia,MN,"Minneapolis-St. Paul-Bloomington, MN-WI",Carver County,463746.149032477,2.34,1980.0666666666664,NA,23760.799999999996,0.427,19.5,5.12,3.33,Moderate,13831,6.06,112628,4.96,8.5,2.81,3.46,18.29,2026-08-31,2026-08-31
Stoughton,WI,"Madison, WI",Dane County,435318.3188311411,4.57,1859.1666666666667,NA,22310,0.427,19.5,5.12,3.33,Moderate,13134,-0.22,588347,4.57,11.72,3.59,2.98,42.34,2026-08-31,2026-08-31
Ocean Shores,WA,"Aberdeen, WA",Grays Harbor County,340304.69760976156,-2.35,1452.7777777777776,NA,17433.333333333332,0.427,19.5,5.12,3.33,Moderate,NA,NA,NA,NA,NA,NA,NA,NA,2026-08-31,2026-08-31
Durham,NC,"Durham-Chapel Hill, NC",Durham County,389633.90804396686,-3.4,1659.2266118579012,1.81,19910.719342294815,0.426,19.6,5.11,3.32,Moderate,301870,7.17,343628,6.55,13.44,7.14,6.46,44.98,2026-08-31,2026-08-31
Anchorage,AK,"Anchorage, AK",Anchorage Borough,422784.74813972105,5.33,1802.0990277777776,4.25,21625.18833333333,0.426,19.6,5.11,3.32,Moderate,289600,-0.45,NA,NA,NA,NA,NA,NA,2026-08-31,2026-08-31
Fredericksburg,VA,"Washington-Arlington-Alexandria, DC-VA-MD-WV",Stafford County,480070.3590846982,0.96,2041.868956043956,3.06,24502.42747252747,0.425,19.6,5.1,3.32,Moderate,29992,7.13,168919,7.07,13.4,4.74,6.31,19.17,2026-08-31,2026-08-31
Vallejo,CA,"Vallejo, CA",Solano County,519460.50896571734,-2.82,2212.8297367445307,2.36,26553.95684093437,0.426,19.6,5.11,3.32,Moderate,123475,-1.95,455101,0.49,7.61,4.68,3.13,36.77,2026-08-31,2026-08-31
Union City,NJ,"New York-Newark-Jersey City, NY-NJ-PA",Hudson County,563753.8554684402,5.28,2396.4015151515155,4.2,28756.818181818184,0.425,19.6,5.1,3.32,Moderate,66918,-1.79,736185,1.98,14.43,6.78,4.46,68.82,2026-08-31,2026-08-31
Paramount,CA,"Los Angeles-Long Beach-Anaheim, CA",Los Angeles County,647067.9789768945,2.42,2753.17037037037,4.68,33038.044444444444,0.425,19.6,5.11,3.32,Moderate,51169,-4.49,9757179,-2.4,0.03,6.45,4.01,53.92,2026-08-31,2026-08-31
Plymouth,MA,"Boston-Cambridge-Newton, MA-NH",Plymouth County,656489.286566182,4.38,2794.435049019608,2.13,33533.220588235294,0.426,19.6,5.11,3.32,Moderate,NA,NA,542090,2.58,7.97,7.23,1.91,22.38,2026-08-31,2026-08-31
Fairport,NY,"Rochester, NY",Monroe County,410116.1430041604,4.68,1743.6507936507935,-0.79,20923.809523809523,0.425,19.6,5.1,3.32,Moderate,5341,-2.11,752202,-0.73,1.18,6.27,5.62,36.48,2026-08-31,2026-08-31
Oak Creek,WI,"Milwaukee-Waukesha, WI",Milwaukee County,414503.03424612904,5.18,1765.4564745196324,3.74,21185.47769423559,0.426,19.6,5.11,3.32,Moderate,38373,4.63,924740,-1.48,0.57,8.21,6.16,50.2,2026-08-31,2026-08-31
Tewksbury,MA,"Boston-Cambridge-Newton, MA-NH",Middlesex County,676924.8913986121,2.2,2883.8888888888887,2.94,34606.666666666664,0.426,19.6,5.11,3.32,Moderate,NA,NA,1668956,2.54,11.63,4.52,2.96,38.37,2026-08-31,2026-08-31
Lebanon,MO,"Lebanon, MO",Laclede County,237138.01587423903,5.61,1008.3333333333331,NA,12099.999999999998,0.425,19.6,5.1,3.32,Moderate,NA,NA,NA,NA,NA,NA,NA,NA,2026-08-31,2026-08-31
Saugus,MA,"Boston-Cambridge-Newton, MA-NH",Essex County,688523.6137313014,1.18,2933.624338624338,NA,35203.492063492056,0.426,19.6,5.11,3.32,Moderate,NA,NA,823938,2,7.8,5.11,2.53,36.04,2026-08-31,2026-08-31
Newtown Square,PA,"Philadelphia-Camden-Wilmington, PA-NJ-DE-MD",Delaware County,791253.3776957849,5.22,3370.220634920635,NA,40442.64761904762,0.426,19.6,5.11,3.32,Moderate,NA,NA,584882,1.45,5.58,5.55,4.21,30.36,2026-08-31,2026-08-31
Fulshear,TX,"Houston-The Woodlands-Sugar Land, TX",Fort Bend County,499161.6786948413,-3.16,2124.1027777777776,-2.17,25489.23333333333,0.426,19.6,5.11,3.32,Moderate,54629,210.09,958434,15.57,27.37,4.23,6.33,22.52,2026-08-31,2026-08-31
Laconia,NH,"Laconia, NH",Belknap County,442834.3751940303,2.38,1886.3260582010585,10.42,22635.9126984127,0.426,19.6,5.11,3.32,Moderate,17310,2.49,65257,2.33,9.09,32.54,2.11,21.31,2026-08-31,2026-08-31
Grafton,WI,"Milwaukee-Waukesha, WI",Ozaukee County,460061.97152198263,6.02,1961.1111111111113,NA,23533.333333333336,0.426,19.5,5.12,3.32,Moderate,12741,5.41,93956,2.54,4.53,4.18,2.49,27.22,2026-08-31,2026-08-31
Harrisonville,MO,"Kansas City, MO-KS",Cass County,299768.8647139581,4.77,1275,NA,15300,0.425,19.6,5.1,3.32,Moderate,NA,NA,NA,NA,NA,NA,NA,NA,2026-08-31,2026-08-31
Isanti,MN,"Minneapolis-St. Paul-Bloomington, MN-WI",Isanti County,334810.9818231472,2.1,1424.375,NA,17092.5,0.425,19.6,5.11,3.32,Moderate,NA,NA,NA,NA,NA,NA,NA,NA,2026-08-31,2026-08-31
Warren,RI,"Providence-Warwick, RI-MA",Bristol County,550131.8759587541,2.57,2340.8333333333335,NA,28090,0.426,19.6,5.11,3.32,Moderate,NA,NA,NA,NA,NA,NA,NA,NA,2026-08-31,2026-08-31
Marysville,MI,"Detroit-Warren-Dearborn, MI",Saint Clair County,235330.97297918668,4.05,1002.5,NA,12030,0.426,19.6,5.11,3.32,Moderate,NA,NA,NA,NA,NA,NA,NA,NA,2026-08-31,2026-08-31
Midland,WA,"Seattle-Tacoma-Bellevue, WA",Pierce County,482718.5545668805,0.16,2055.5555555555557,NA,24666.666666666668,0.426,19.6,5.11,3.32,Moderate,NA,NA,NA,NA,NA,NA,NA,NA,2026-08-31,2026-08-31
Goldendale,WA,NA,Klickitat County,317047.34151175333,0.7,1350,NA,16200,0.426,19.6,5.11,3.32,Moderate,NA,NA,NA,NA,NA,NA,NA,NA,2026-08-31,2026-08-31
Marlborough,MO,"St. Louis, MO-IL",Saint Louis County,240910.65256306125,2.56,1025.4444444444443,NA,12305.333333333332,0.426,19.6,5.11,3.32,Moderate,NA,NA,NA,NA,NA,NA,NA,NA,2026-08-31,2026-08-31
Ewa Beach,HI,"Urban Honolulu, HI",Honolulu County,831272.4414321268,1.85,3529.4714285714285,5.81,42353.65714285714,0.425,19.6,5.1,3.31,Moderate,NA,NA,998747,-1.35,1.96,9.47,5.27,40.46,2026-08-31,2026-08-31
Caldwell,ID,"Boise City, ID",Canyon County,399411.9191092455,1.18,1695.1908831908831,4.11,20342.290598290598,0.424,19.6,5.09,3.31,Moderate,73088,20.32,266892,14.53,25.29,3.18,3.05,24.91,2026-08-31,2026-08-31
Eagan,MN,"Minneapolis-St. Paul-Bloomington, MN-WI",Dakota County,401492.8969031982,1.77,1702.2508167508167,2.05,20427.0098010098,0.424,19.7,5.09,3.31,Moderate,67240,-2.19,453156,2.89,6.72,2.73,3.92,24.65,2026-08-31,2026-08-31
Bluffton,SC,"Hilton Head Island-Bluffton, SC",Beaufort County,500378.5729367731,-0.55,2126.532247765006,0.28,25518.386973180073,0.425,19.6,5.1,3.31,Moderate,36146,27.62,201775,7.42,14.95,22.12,17.97,24.27,2026-08-31,2026-08-31
Columbia,TN,"Nashville-Davidson--Murfreesboro--Franklin, TN",Maury County,371689.853640953,1.12,1576.1757294429708,2.37,18914.10875331565,0.424,19.7,5.09,3.31,Moderate,48812,16.24,113411,11.37,21.6,7.99,8.58,28.72,2026-08-31,2026-08-31
Hilliard,OH,"Columbus, OH",Franklin County,384950.20276370016,0.77,1635.891975308642,2.87,19630.703703703704,0.425,19.6,5.1,3.31,Moderate,38832,4.42,1356303,2.4,7.58,6.96,3.98,47.03,2026-08-31,2026-08-31
Wheaton,IL,"Chicago-Naperville-Elgin, IL-IN-WI",DuPage County,514751.1455544916,5.29,2182.2366622574955,1.92,26186.839947089946,0.424,19.7,5.09,3.31,Moderate,53741,-0.29,937142,0.6,5.3,4.53,5.6,26.87,2026-08-31,2026-08-31
Mason,OH,"Cincinnati, OH-KY-IN",Warren County,509626.2466458475,1.32,2165.7433862433863,2.02,25988.920634920636,0.425,19.6,5.1,3.31,Moderate,36046,3.33,256059,5.27,8.42,4.87,6.12,20.4,2026-08-31,2026-08-31
Tucker,GA,"Atlanta-Sandy Springs-Alpharetta, GA",Dekalb County,386064.6429946176,0.14,1638.531871345029,2.76,19662.38245614035,0.424,19.6,5.09,3.31,Moderate,37224,0.17,NA,NA,NA,NA,NA,NA,2026-08-31,2026-08-31
Bettendorf,IA,"Davenport-Moline-Rock Island, IA-IL",Scott County,339607.8900750088,6.13,1439.7575757575758,7.38,17277.090909090908,0.424,19.7,5.09,3.31,Moderate,40281,2.94,175601,0.56,4.16,6.98,5.79,30.4,2026-08-31,2026-08-31
Culpeper,VA,"Washington-Arlington-Alexandria, DC-VA-MD-WV",Culpeper County,458841.795626556,3.65,1948.4166666666667,4.94,23381,0.425,19.6,5.1,3.31,Moderate,21464,6.44,56125,6.37,16.37,4.84,1.7,25.48,2026-08-31,2026-08-31
Chillum,MD,"Washington-Arlington-Alexandria, DC-VA-MD-WV",Prince Georges County,398866.10108913254,-1.91,1691.9325396825398,2.73,20303.190476190477,0.424,19.6,5.09,3.31,Moderate,NA,NA,NA,NA,NA,NA,NA,NA,2026-08-31,2026-08-31
Buffalo,MN,"Minneapolis-St. Paul-Bloomington, MN-WI",Wright County,379434.6784252112,1.56,1608.3333333333337,NA,19300.000000000004,0.424,19.7,5.09,3.31,Moderate,NA,NA,NA,NA,NA,NA,NA,NA,2026-08-31,2026-08-31
Canyon,TX,"Amarillo, TX",Randall County,301024.87778288795,3.07,1275.6150793650793,5.09,15307.38095238095,0.424,19.7,5.09,3.31,Moderate,16457,10.29,150547,6.52,13.2,8.8,9.76,31.39,2026-08-31,2026-08-31
Loudon,TN,"Knoxville, TN",Loudon County,499639.894074958,-0.9,2123.333333333333,NA,25479.999999999996,0.425,19.6,5.1,3.31,Moderate,NA,NA,NA,NA,NA,NA,NA,NA,2026-08-31,2026-08-31
Gorham,ME,"Portland-South Portland, ME",Cumberland County,545645.7631464736,1.48,2316.6666666666665,NA,27800,0.425,19.6,5.09,3.31,Moderate,NA,NA,NA,NA,NA,NA,NA,NA,2026-08-31,2026-08-31
Anoka,MN,"Minneapolis-St. Paul-Bloomington, MN-WI",Anoka County,333171.7843948421,2.47,1412.2619047619046,4.38,16947.142857142855,0.424,19.7,5.09,3.31,Moderate,18068,0.93,376840,3.38,6.34,2.91,3.32,20.04,2026-08-31,2026-08-31
Sellersburg,IN,"Louisville/Jefferson County, KY-IN",Clark County,299280.36218026315,0.71,1270.2083333333333,NA,15242.5,0.424,19.6,5.09,3.31,Moderate,NA,NA,NA,NA,NA,NA,NA,NA,2026-08-31,2026-08-31
Camden,DE,"Dover, DE",Kent County,411647.3383288592,3.15,1747.5,NA,20970,0.425,19.6,5.09,3.31,Moderate,NA,NA,NA,NA,NA,NA,NA,NA,2026-08-31,2026-08-31
Little Falls,NJ,"New York-Newark-Jersey City, NY-NJ-PA",Passaic County,622605.3875315514,3.68,2641.8333333333335,NA,31702,0.424,19.6,5.09,3.31,Moderate,NA,NA,NA,NA,NA,NA,NA,NA,2026-08-31,2026-08-31
North Smithfield,RI,"Providence-Warwick, RI-MA",Providence County,519116.608480918,2.03,2201.3333333333335,NA,26416,0.424,19.7,5.09,3.31,Moderate,NA,NA,675912,2.4,11.33,7.44,4.46,43.38,2026-08-31,2026-08-31
Mount Kisco,NY,"New York-Newark-Jersey City, NY-NJ-PA",Westchester County,707048.6229515072,10.21,2997.5,NA,35970,0.424,19.7,5.09,3.31,Moderate,NA,NA,NA,NA,NA,NA,NA,NA,2026-08-31,2026-08-31
Austin,AR,"Little Rock-North Little Rock-Conway, AR",Lonoke County,246714.0751073257,4.71,1047.5,NA,12570,0.425,19.6,5.09,3.31,Moderate,NA,NA,NA,NA,NA,NA,NA,NA,2026-08-31,2026-08-31
Highlands,NJ,"New York-Newark-Jersey City, NY-NJ-PA",Monmouth County,620897.8922660131,6.88,2633.3333333333335,NA,31600,0.424,19.6,5.09,3.31,Moderate,NA,NA,NA,NA,NA,NA,NA,NA,2026-08-31,2026-08-31
Sterling,VA,"Washington-Arlington-Alexandria, DC-VA-MD-WV",Loudoun County,631359.6615993282,1.11,2667.9510975135977,0.95,32015.41317016317,0.423,19.7,5.07,3.3,Moderate,NA,NA,443380,4.89,7.24,2.75,4.35,22.08,2026-08-31,2026-08-31
Traverse City,MI,"Traverse City, MI",Grand Traverse County,446706.0430999486,1.85,1888.0313390313393,3.6,22656.37606837607,0.423,19.7,5.07,3.3,Moderate,15782,0.69,96625,1.26,3.28,14.73,7.65,23.47,2026-08-31,2026-08-31
Smyrna,TN,"Nashville-Davidson--Murfreesboro--Franklin, TN",Rutherford County,401594.87257470464,-0.77,1698.9066760475298,2.38,20386.880112570358,0.423,19.7,5.08,3.3,Moderate,60302,12.68,376996,9.81,14.23,7,7.53,34.99,2026-08-31,2026-08-31
Brookfield,WI,"Milwaukee-Waukesha, WI",Waukesha County,528293.7486318898,4.55,2237.194117647058,3.38,26846.3294117647,0.423,19.7,5.08,3.3,Moderate,41268,-0.51,417029,2.33,7.17,3.9,4.02,23.57,2026-08-31,2026-08-31
Mebane,NC,"Burlington, NC",Alamance County,350675.74047253374,-0.71,1483.3624338624338,1.52,17800.349206349205,0.423,19.7,5.08,3.3,Moderate,20654,13.25,183040,6.65,19.2,9.3,5.47,34.39,2026-08-31,2026-08-31
Carney,MD,"Baltimore-Columbia-Towson, MD",Baltimore County,343493.32366611104,0.62,1453.1296296296296,-0.42,17437.555555555555,0.423,19.7,5.08,3.3,Moderate,NA,NA,852425,-0.11,3.96,5.75,5.61,33.67,2026-08-31,2026-08-31
Thonotosassa,FL,"Tampa-St. Petersburg-Clearwater, FL",Hillsborough County,409902.071132591,-1.24,1736.6666666666667,NA,20840,0.424,19.7,5.08,3.3,Moderate,NA,NA,1581426,7.85,12.2,7.8,6.74,38.94,2026-08-31,2026-08-31
Morehead City,NC,"Morehead City, NC",Carteret County,415861.974260882,1.54,1760.5555555555554,5.93,21126.666666666664,0.423,19.7,5.08,3.3,Moderate,9963,3.97,70259,3.79,15.49,39.56,1.63,26.5,2026-08-31,2026-08-31
Pass Christian,MS,"Gulfport-Biloxi, MS",Harrison County,306753.99732728046,2.8,1296.6666666666667,NA,15560,0.423,19.7,5.07,3.3,Moderate,NA,NA,NA,NA,NA,NA,NA,NA,2026-08-31,2026-08-31
Van Alstyne,TX,"Sherman-Denison, TX",Grayson County,423855.82326228154,-3.03,1795.138888888889,NA,21541.666666666668,0.424,19.7,5.08,3.3,Moderate,NA,NA,NA,NA,NA,NA,NA,NA,2026-08-31,2026-08-31
Hickory Creek,TX,"Dallas-Fort Worth-Arlington, TX",Denton County,489711.3950138448,-0.93,2070.555555555555,NA,24846.666666666664,0.423,19.7,5.07,3.3,Moderate,NA,NA,NA,NA,NA,NA,NA,NA,2026-08-31,2026-08-31
Lees Summit,MO,"Kansas City, MO-KS",Jackson County,394208.0372202745,3.06,1660.7140522875816,3.71,19928.56862745098,0.421,19.8,5.06,3.29,Moderate,NA,NA,727362,1.35,6.69,9.2,4.42,41.15,2026-08-31,2026-08-31
Glen Burnie,MD,"Baltimore-Columbia-Towson, MD",Anne Arundel County,395059.8885808724,0.33,1665.863147605083,1.05,19990.357771260995,0.422,19.8,5.06,3.29,Moderate,NA,NA,602350,1.51,0.69,4.79,5.5,25.04,2026-08-31,2026-08-31
Woodland,CA,"Sacramento-Roseville-Folsom, CA",Yolo County,551675.9187639095,-0.68,2329.498737373737,2.68,27953.984848484848,0.422,19.7,5.07,3.29,Moderate,62983,3.31,225251,3.44,8.98,6.01,4.8,46.44,2026-08-31,2026-08-31
West Des Moines,IA,"Des Moines-West Des Moines, IA",Polk County,322185.311967648,0.46,1358.787215909091,1.7,16305.44659090909,0.422,19.8,5.06,3.29,Moderate,73664,6.88,516185,4.69,12.01,5.87,5,32.93,2026-08-31,2026-08-31
Carson City,NV,"Carson City, NV",Carson City,501614.35975445405,0.74,2112.809219126247,4.95,25353.710629514964,0.421,19.8,5.05,3.29,Moderate,NA,NA,58148,-0.91,3.44,5.02,3.46,36.79,2026-08-31,2026-08-31
West Orange,NJ,"New York-Newark-Jersey City, NY-NJ-PA",Essex County,695949.5131298125,9.51,2938.0639730639728,2.29,35256.767676767675,0.422,19.7,5.07,3.29,Moderate,NA,NA,881527,2.5,15.1,5.39,2.7,55.47,2026-08-31,2026-08-31
Grass Valley,CA,"Truckee-Grass Valley, CA",Nevada County,510345.25168598024,0.88,2155.555555555555,6.17,25866.666666666664,0.422,19.7,5.07,3.29,Moderate,14085,0.04,102195,-0.07,4.94,22.43,3.91,25.56,2026-08-31,2026-08-31
Panama City Beach,FL,"Panama City, FL",Bay County,414474.8587423328,-1.4,1747.7607685524351,1.81,20973.12922262922,0.422,19.8,5.06,3.29,Moderate,19955,10.94,199718,14.42,36.38,28.33,10.57,31.72,2026-08-31,2026-08-31
Montrose,CO,"Montrose, CO",Montrose County,467124.6916173511,2.13,1970.75,5.71,23649,0.422,19.8,5.06,3.29,Moderate,21646,6.19,44806,4.64,13.15,9.78,6.64,25.35,2026-08-31,2026-08-31
Langhorne,PA,"Philadelphia-Camden-Wilmington, PA-NJ-DE-MD",Bucks County,595923.9772873448,3.6,2511.119658119658,2.49,30133.4358974359,0.421,19.8,5.06,3.29,Moderate,1634,-0.37,650131,0.61,4.89,3.41,3.04,21.99,2026-08-31,2026-08-31
Byron Center,MI,"Grand Rapids-Kentwood, MI",Kent County,460750.13871694176,5.03,1942.1666666666667,NA,23306,0.422,19.8,5.06,3.29,Moderate,NA,NA,NA,NA,NA,NA,NA,NA,2026-08-31,2026-08-31
Walker,MI,"Grand Rapids-Kentwood, MI",Kent County,358708.40052900865,5.2,1512.4120370370372,NA,18148.944444444445,0.422,19.8,5.06,3.29,Moderate,25921,2.71,673002,2.2,7.09,4.57,4.07,29.64,2026-08-31,2026-08-31
Seymour,TN,"Sevierville, TN",Sevier County,373355.7493827849,1.9,1575.5317460317465,5.51,18906.380952380958,0.422,19.7,5.06,3.29,Moderate,NA,NA,100184,1.33,1.38,32.15,23.3,28.02,2026-08-31,2026-08-31
New Cumberland,PA,"York-Hanover, PA",York County,297650.22115167364,3.75,1257.3333333333333,NA,15088,0.422,19.7,5.07,3.29,Moderate,7625,1.4,471240,3.17,10.19,4.45,2.79,24.17,2026-08-31,2026-08-31
Baraboo,WI,"Baraboo, WI",Sauk County,310729.8778623001,2.8,1310,NA,15720,0.422,19.8,5.06,3.29,Moderate,NA,NA,NA,NA,NA,NA,NA,NA,2026-08-31,2026-08-31
Hastings,MN,"Minneapolis-St. Paul-Bloomington, MN-WI",Dakota County,382841.57907339063,3.24,1615.5,NA,19386,0.422,19.7,5.06,3.29,Moderate,22502,1.56,453156,2.89,6.72,2.73,3.92,24.65,2026-08-31,2026-08-31
Portsmouth,RI,"Providence-Warwick, RI-MA",Newport County,694758.2508548902,3.7,2934.3333333333335,NA,35212,0.422,19.7,5.07,3.29,Moderate,NA,NA,83468,-2.39,-1.38,16.92,7.6,32.56,2026-08-31,2026-08-31
Spanish Fort,AL,"Daphne-Fairhope-Foley, AL",Baldwin County,383474.68961020914,1.03,1617.0194444444444,3.67,19404.233333333334,0.422,19.8,5.06,3.29,Moderate,11118,9.44,261608,12.16,29.22,26.36,33.41,22.46,2026-08-31,2026-08-31
El Sobrante,CA,"San Francisco-Oakland-Berkeley, CA",Contra Costa County,668599.5816330408,-1.28,2818.3333333333335,NA,33820,0.422,19.8,5.06,3.29,Moderate,NA,NA,1172607,0.55,6.48,3.5,2.91,32.35,2026-08-31,2026-08-31
Wood Village,OR,"Portland-Vancouver-Hillsboro, OR-WA",Multnomah County,407778.6579623819,-2.49,1721.5,NA,20658,0.422,19.7,5.07,3.29,Moderate,NA,NA,NA,NA,NA,NA,NA,NA,2026-08-31,2026-08-31
Albuquerque,NM,"Albuquerque, NM",Bernalillo County,345502.86631482997,1.61,1454.5736079621895,1.06,17454.883295546275,0.421,19.8,5.05,3.28,Moderate,560326,-0.81,671747,-0.76,-1,5.86,5.24,35.73,2026-08-31,2026-08-31
Fayetteville,AR,"Fayetteville-Springdale-Rogers, AR",Washington County,383551.605366933,4.04,1612.3929865052294,2.33,19348.71583806275,0.42,19.8,5.04,3.28,Moderate,103134,8.81,266184,7.86,10.41,7.47,4.52,44.44,2026-08-31,2026-08-31
Haverhill,MA,"Boston-Cambridge-Newton, MA-NH",Essex County,548436.0774739782,2.15,2305.4578431372547,-0.11,27665.494117647057,0.42,19.8,5.04,3.28,Moderate,68291,0.97,823938,2,7.8,5.11,2.53,36.04,2026-08-31,2026-08-31
Blacksburg,VA,"Blacksburg-Christiansburg, VA",Montgomery County,416519.7502318493,2.5,1750.2373737373737,5.53,21002.848484848484,0.42,19.8,5.04,3.28,Moderate,45452,1.56,98998,-0.59,-0.17,13.02,3.29,45.26,2026-08-31,2026-08-31
Lindenhurst,NY,"New York-Newark-Jersey City, NY-NJ-PA",Suffolk County,658920.0747833789,-0.1,2768,NA,33216,0.42,19.8,5.04,3.28,Moderate,NA,NA,NA,NA,NA,NA,NA,NA,2026-08-31,2026-08-31
Northbrook,IL,"Chicago-Naperville-Elgin, IL-IN-WI",Cook County,715307.8542612441,9.99,3004.4166666666665,5.71,36053,0.42,19.8,5.04,3.28,Moderate,34546,-1.72,5182617,-1.6,5.9,8.18,4.67,42.49,2026-08-31,2026-08-31
Franklin,WI,"Milwaukee-Waukesha, WI",Milwaukee County,443182.83339491166,3.82,1864.7222222222224,NA,22376.666666666668,0.421,19.8,5.05,3.28,Moderate,36591,1.21,924740,-1.48,0.57,8.21,6.16,50.2,2026-08-31,2026-08-31
Orange,NJ,"New York-Newark-Jersey City, NY-NJ-PA",Essex County,475794.3812597944,-0.97,2002.2727272727273,-4.18,24027.272727272728,0.421,19.8,5.05,3.28,Moderate,NA,NA,881527,2.5,15.1,5.39,2.7,55.47,2026-08-31,2026-08-31
Dover,NH,"Boston-Cambridge-Newton, MA-NH",Strafford County,546301.8971225069,1.57,2297.476076555024,1.87,27569.71291866029,0.421,19.8,5.05,3.28,Moderate,33909,3.43,134202,2.39,5.98,7.97,5.97,33.02,2026-08-31,2026-08-31
Sewickley,PA,"Pittsburgh, PA",Allegheny County,504920.2894953124,3.43,2125.4166666666665,NA,25505,0.421,19.8,5.05,3.28,Moderate,3770,-3.36,1231814,-1.43,2.72,9.6,6.37,35.07,2026-08-31,2026-08-31
Dumont,NJ,"New York-Newark-Jersey City, NY-NJ-PA",Bergen County,677268.7643436302,8.76,2850,NA,34200,0.421,19.8,5.05,3.28,Moderate,NA,NA,NA,NA,NA,NA,NA,NA,2026-08-31,2026-08-31
Northborough,MA,"Worcester, MA-CT",Worcester County,697203.2082292096,1.7,2933.8333333333335,NA,35206,0.421,19.8,5.05,3.28,Moderate,NA,NA,NA,NA,NA,NA,NA,NA,2026-08-31,2026-08-31
Linthicum Heights,MD,"Baltimore-Columbia-Towson, MD",Anne Arundel County,433430.77705471293,1.62,1824,NA,21888,0.421,19.8,5.05,3.28,Moderate,NA,NA,NA,NA,NA,NA,NA,NA,2026-08-31,2026-08-31
Wyncote,PA,"Philadelphia-Camden-Wilmington, PA-NJ-DE-MD",Montgomery County,462727.1929333048,1.61,1946.0238095238096,4.24,23352.285714285717,0.421,19.8,5.05,3.28,Moderate,NA,NA,879190,2.6,7.92,4.35,5.68,28.27,2026-08-31,2026-08-31
Valley City,ND,NA,Barnes County,200821.30500551927,6.9,845,NA,10140,0.421,19.8,5.05,3.28,Moderate,NA,NA,NA,NA,NA,NA,NA,NA,2026-08-31,2026-08-31
Hemet,CA,"Riverside-San Bernardino-Ontario, CA",Riverside County,443910.1668099307,0.44,1859.264705882353,-1.41,22311.176470588234,0.419,19.9,5.03,3.27,Moderate,92912,3.38,2529933,4.34,7.33,11.37,4.89,31.14,2026-08-31,2026-08-31
Gaithersburg,MD,"Washington-Arlington-Alexandria, DC-VA-MD-WV",Montgomery County,517487.7188186837,-1.49,2167.192829301075,0.88,26006.3139516129,0.419,19.9,5.03,3.27,Moderate,70686,1.74,1082273,2.02,7.76,4.26,3.68,34.66,2026-08-31,2026-08-31
Lacey,WA,"Olympia-Lacey-Tumwater, WA",Thurston County,509746.6397505885,0.2,2136.7478494623656,0.84,25640.974193548387,0.419,19.9,5.03,3.27,Moderate,58644,3.31,302912,2.33,10.68,5,3.8,32.24,2026-08-31,2026-08-31
Grants Pass,OR,"Grants Pass, OR",Josephine County,399420.96822820115,0.14,1677.0238095238094,4.34,20124.285714285714,0.42,19.8,5.04,3.27,Moderate,39468,0.57,88276,0.05,10.27,7.35,2.67,28.31,2026-08-31,2026-08-31
Winter Garden,FL,"Orlando-Kissimmee-Sanford, FL",Orange County,566535.3109678034,-1.03,2374.4619876687007,-0.41,28493.543852024406,0.419,19.9,5.03,3.27,Moderate,48771,2.71,1533646,7.12,16.48,11.72,10.93,42.64,2026-08-31,2026-08-31
North Richland Hills,TX,"Dallas-Fort Worth-Arlington, TX",Tarrant County,367767.98432682926,0.55,1541.0952072155303,1.54,18493.142486586363,0.419,19.9,5.03,3.27,Moderate,71436,1.62,2230708,5.41,8.74,7.08,7.73,40.64,2026-08-31,2026-08-31
Carlisle,PA,"Harrisburg-Carlisle, PA",Cumberland County,334866.0545058125,3.31,1402.1780303030305,2.94,16826.136363636368,0.419,19.9,5.02,3.27,Moderate,22517,11.75,275516,5.86,13.9,4.61,1.99,28.63,2026-08-31,2026-08-31
Downingtown,PA,"Philadelphia-Camden-Wilmington, PA-NJ-DE-MD",Chester County,592823.0267600842,2.54,2488.6444444444446,2.62,29863.733333333337,0.42,19.9,5.04,3.27,Moderate,8463,5.56,560745,4.84,7.29,3.95,3.98,25.05,2026-08-31,2026-08-31
Peachtree City,GA,"Atlanta-Sandy Springs-Alpharetta, GA",Fayette County,568740.414052523,0,2386.1108776844067,2.75,28633.33053221288,0.42,19.9,5.03,3.27,Moderate,40758,6.23,125107,4.68,12.06,4.85,5.93,19.01,2026-08-31,2026-08-31
Grand Haven,MI,"Grand Rapids-Kentwood, MI",Ottawa County,401622.91182491207,4.18,1683.297619047619,6.32,20199.571428571428,0.419,19.9,5.03,3.27,Moderate,11045,0.27,306235,3.14,6.51,5.3,2.83,21.5,2026-08-31,2026-08-31
Central Falls,RI,"Providence-Warwick, RI-MA",Providence County,382685.49311654695,1.39,1606.3333333333333,3.71,19276,0.42,19.9,5.04,3.27,Moderate,23034,2.15,675912,2.4,11.33,7.44,4.46,43.38,2026-08-31,2026-08-31
Elkins Park,PA,"Philadelphia-Camden-Wilmington, PA-NJ-DE-MD",Montgomery County,417372.0733843396,2.12,1751.638888888889,3.58,21019.666666666668,0.42,19.9,5.04,3.27,Moderate,NA,NA,879190,2.6,7.92,4.35,5.68,28.27,2026-08-31,2026-08-31
Hooksett,NH,"Concord, NH",Merrimack County,532494.3246383398,2.33,2232.777777777778,NA,26793.333333333336,0.419,19.9,5.03,3.27,Moderate,NA,NA,157869,2.49,7.68,8.53,4.51,26.5,2026-08-31,2026-08-31
Hickory Hills,IL,"Chicago-Naperville-Elgin, IL-IN-WI",Cook County,345730.0702100634,6.59,1448.3333333333333,NA,17380,0.419,19.9,5.03,3.27,Moderate,NA,NA,NA,NA,NA,NA,NA,NA,2026-08-31,2026-08-31
Key Biscayne,FL,"Miami-Fort Lauderdale-Pompano Beach, FL",Miami-Dade County,1708156.3148096085,6.47,7161.927609427609,5.28,85943.1313131313,0.419,19.9,5.03,3.27,Moderate,15111,2.48,2838461,5.29,19.88,11.11,5.36,47.81,2026-08-31,2026-08-31
Red Bank,TN,"Chattanooga, TN-GA",Hamilton County,308574.1366493476,-2.15,1293.278409090909,0.3,15519.340909090908,0.419,19.9,5.03,3.27,Moderate,12073,1.23,386256,4.99,11.65,8.63,4.18,35.65,2026-08-31,2026-08-31
Pineville,NC,"Charlotte-Concord-Gastonia, NC-SC",Mecklenburg County,401840.73494658154,-0.67,1685.273148148148,1.42,20223.277777777777,0.419,19.9,5.03,3.27,Moderate,11567,8.73,1206285,8.06,18.3,7.37,7.33,44.5,2026-08-31,2026-08-31
Laurel,MD,"Washington-Arlington-Alexandria, DC-VA-MD-WV",Prince Georges County,473180.8169244873,-0.66,1975.100939383197,0.47,23701.211272598364,0.417,20,5.01,3.26,Lean Rent,30238,0.85,NA,NA,NA,NA,NA,NA,2026-08-31,2026-08-31
Iowa City,IA,"Iowa City, IA",Johnson County,303890.49449404347,3.37,1269.7260458839407,8.78,15236.712550607288,0.418,19.9,5.01,3.26,Moderate,76710,2.4,160080,4.59,6.75,7.43,6.54,41.16,2026-08-31,2026-08-31
Lake Elsinore,CA,"Riverside-San Bernardino-Ontario, CA",Riverside County,583715.2931106148,-0.05,2438.0178649237473,3.91,29256.214379084966,0.418,20,5.01,3.26,Lean Rent,73595,4.3,2529933,4.34,7.33,11.37,4.89,31.14,2026-08-31,2026-08-31
Twin Falls,ID,"Twin Falls, ID",Twin Falls County,372847.8084316651,3.28,1557.226851851852,2.9,18686.722222222223,0.418,20,5.01,3.26,Lean Rent,55589,6.66,96509,6.79,8.59,5.14,3.11,30.41,2026-08-31,2026-08-31
East Lansing,MI,"Lansing-East Lansing, MI",Ingham County,323325.8741555005,4.05,1350.6552706552704,4.91,16207.863247863246,0.418,19.9,5.01,3.26,Moderate,48964,1.96,290427,1.9,8.02,7.35,5.48,40.45,2026-08-31,2026-08-31
Westbury,NY,"New York-Newark-Jersey City, NY-NJ-PA",Nassau County,794468.6414618227,5.63,3319.5833333333335,NA,39835,0.418,19.9,5.01,3.26,Moderate,15871,0.39,1392438,0.13,2.32,4.56,4.6,18.07,2026-08-31,2026-08-31
Woonsocket,RI,"Providence-Warwick, RI-MA",Providence County,387095.7363973951,0.09,1616.3772893772891,3.03,19396.52747252747,0.418,20,5.01,3.26,Lean Rent,44508,3.12,675912,2.4,11.33,7.44,4.46,43.38,2026-08-31,2026-08-31
Wildomar,CA,"Riverside-San Bernardino-Ontario, CA",Riverside County,651486.7102562793,0.36,2723.8777777777777,2.59,32686.533333333333,0.418,19.9,5.02,3.26,Moderate,37736,2.19,2529933,4.34,7.33,11.37,4.89,31.14,2026-08-31,2026-08-31
Athens,TN,"Athens, TN",McMinn County,262695.40896113316,2.44,1097.0833333333333,-1.29,13165,0.418,20,5.01,3.26,Lean Rent,15050,6.81,56754,6.39,20.03,10.64,0.91,25.27,2026-08-31,2026-08-31
Gulf Breeze,FL,"Pensacola-Ferry Pass-Brent, FL",Santa Rosa County,478655.6379177625,0.65,2000.9703302373584,1.75,24011.643962848302,0.418,19.9,5.02,3.26,Moderate,6955,9.67,207653,9.86,19.76,8.97,3.52,20.02,2026-08-31,2026-08-31
Rhinelander,WI,NA,Oneida County,266230.0626251732,8.42,1111.6666666666667,NA,13340,0.418,20,5.01,3.26,Lean Rent,NA,NA,NA,NA,NA,NA,NA,NA,2026-08-31,2026-08-31
Havre de Grace,MD,"Baltimore-Columbia-Towson, MD",Harford County,408305.93448608555,0.51,1707.3333333333333,NA,20488,0.418,19.9,5.02,3.26,Moderate,NA,NA,NA,NA,NA,NA,NA,NA,2026-08-31,2026-08-31
Highland,NY,"Kingston, NY",Ulster County,437410.6878216657,3.89,1828.3333333333333,NA,21940,0.418,19.9,5.02,3.26,Moderate,NA,NA,NA,NA,NA,NA,NA,NA,2026-08-31,2026-08-31
Star,ID,"Boise City, ID",Ada County,579748.6675029786,-0.4,2419.3511904761904,5.01,29032.214285714283,0.417,20,5.01,3.26,Lean Rent,18208,58.8,535799,7.53,14.17,4.08,3.49,28.65,2026-08-31,2026-08-31
Robinwood,MD,"Hagerstown-Martinsburg, MD-WV",Washington County,377192.14137093374,1.04,1576.5,NA,18918,0.418,19.9,5.02,3.26,Moderate,NA,NA,NA,NA,NA,NA,NA,NA,2026-08-31,2026-08-31
Olathe,KS,"Kansas City, MO-KS",Johnson County,434936.88319172274,4.85,1810.074806949807,4.39,21720.897683397685,0.416,20,4.99,3.25,Lean Rent,149035,5.28,632276,3.45,6.72,4.13,5,31.44,2026-08-31,2026-08-31
Grand Junction,CO,"Grand Junction, CO",Mesa County,422820.9222059129,1.8,1759.3152542904406,1.94,21111.783051485287,0.416,20,4.99,3.25,Lean Rent,70554,7.29,161260,3.36,11.09,6.25,3.88,28.11,2026-08-31,2026-08-31
Springdale,AR,"Fayetteville-Springdale-Rogers, AR",Washington County,341759.6426354553,3.9,1425.5130471380471,1.53,17106.156565656565,0.417,20,5.01,3.25,Lean Rent,89368,2.33,266184,7.86,10.41,7.47,4.52,44.44,2026-08-31,2026-08-31
Weymouth,MA,"Boston-Cambridge-Newton, MA-NH",Norfolk County,621170.675644351,2.72,2588.9426955364456,1.55,31067.31234643735,0.417,20,5,3.25,Lean Rent,NA,NA,740754,2.35,9.81,4.09,3.95,31.48,2026-08-31,2026-08-31
Kapolei,HI,"Urban Honolulu, HI",Honolulu County,841057.0530654234,1.72,3509.2873015873015,6.55,42111.44761904762,0.417,20,5.01,3.25,Lean Rent,NA,NA,998747,-1.35,1.96,9.47,5.27,40.46,2026-08-31,2026-08-31
Powell,OH,"Columbus, OH",Delaware County,569764.6239884224,0.16,2377.0571428571425,4.36,28524.68571428571,0.417,20,5.01,3.25,Lean Rent,14613,2.55,237966,10.6,19.13,4.46,4.27,21.81,2026-08-31,2026-08-31
Bristow,VA,"Washington-Arlington-Alexandria, DC-VA-MD-WV",Prince William County,734764.1803439305,1.97,3058,NA,36696,0.416,20,4.99,3.25,Lean Rent,NA,NA,497003,2.93,3.17,3.52,5.04,25.62,2026-08-31,2026-08-31
Sherwood,OR,"Portland-Vancouver-Hillsboro, OR-WA",Washington County,623222.9364673157,-1.84,2599.1666666666665,1.72,31190,0.417,20,5,3.25,Lean Rent,20441,-0.05,611272,1.7,7.45,3.35,3.82,39.13,2026-08-31,2026-08-31
Lenoir City,TN,"Knoxville, TN",Loudon County,419006.1952465997,2.4,1746.761111111111,3.79,20961.13333333333,0.417,20,5,3.25,Lean Rent,12041,18.91,62129,12.68,29.63,7.78,3.77,19.05,2026-08-31,2026-08-31
Saint Simons Island,GA,"Brunswick, GA",Glynn County,677071.7343421598,2.31,2819.444444444445,7.91,33833.333333333336,0.416,20,5,3.25,Lean Rent,NA,NA,86540,2.43,5.74,19.34,10.55,32.96,2026-08-31,2026-08-31
North Arlington,NJ,"New York-Newark-Jersey City, NY-NJ-PA",Bergen County,634559.6611470464,3.89,2643.75,NA,31725,0.417,20,5,3.25,Lean Rent,NA,NA,NA,NA,NA,NA,NA,NA,2026-08-31,2026-08-31
Coto de Caza,CA,"Los Angeles-Long Beach-Anaheim, CA",Orange County,1979149.4400554777,2.35,8250,NA,99000,0.417,20,5,3.25,Lean Rent,NA,NA,NA,NA,NA,NA,NA,NA,2026-08-31,2026-08-31
Johnstown,CO,"Greeley, CO",Weld County,499376.6458664967,-3.12,2079.0555555555557,1.59,24948.666666666668,0.416,20,5,3.25,Lean Rent,20639,18.84,369745,11.55,19.05,4.01,5.91,24.45,2026-08-31,2026-08-31
Silverthorne,CO,"Breckenridge, CO",Summit County,830080.2731534764,-2.06,3461.888888888889,7.3,41542.66666666667,0.417,20,5,3.25,Lean Rent,5220,17.28,30882,-1.14,-3.89,61.23,39.16,30.78,2026-08-31,2026-08-31
Crozet,VA,"Charlottesville, VA",Albemarle County,585925.1730179737,2.46,2443.75,NA,29325,0.417,20,5,3.25,Lean Rent,NA,NA,117313,4.22,12.53,6.82,2.72,34.05,2026-08-31,2026-08-31
New Bedford,MA,"Providence-Warwick, RI-MA",Bristol County,442740.6084416048,3.59,1841.3437118437116,4.46,22096.12454212454,0.416,20,4.99,3.24,Lean Rent,101318,0.37,588593,2.05,7.41,4.9,2.27,37.75,2026-08-31,2026-08-31
Reston,VA,"Washington-Arlington-Alexandria, DC-VA-MD-WV",Fairfax County,624957.849499433,0.28,2597.8348439674023,2,31174.018127608826,0.416,20,4.99,3.24,Lean Rent,NA,NA,1160925,1.07,6.94,3.66,4.16,31.65,2026-08-31,2026-08-31
Klamath Falls,OR,"Klamath Falls, OR",Klamath County,306973.2230491045,0.56,1276.6194331983804,1.71,15319.433198380564,0.416,20,4.99,3.24,Lean Rent,22174,1.23,70438,1.16,4.66,12.62,1.52,31.27,2026-08-31,2026-08-31
Oak Park,IL,"Chicago-Naperville-Elgin, IL-IN-WI",Cook County,486880.06097781874,10.66,2025.0629629629632,5.31,24300.75555555556,0.416,20,4.99,3.24,Lean Rent,52947,-2.98,5182617,-1.6,5.9,8.18,4.67,42.49,2026-08-31,2026-08-31
Concord,NH,"Concord, NH",Merrimack County,455057.6360098049,2.7,1887.340909090909,3.75,22648.090909090908,0.415,20.1,4.98,3.24,Lean Rent,44674,1.44,157869,2.49,7.68,8.53,4.51,26.5,2026-08-31,2026-08-31
Dahlonega,GA,NA,Lumpkin County,384773.44544683624,0.87,1597.9166666666667,NA,19175,0.415,20.1,4.98,3.24,Lean Rent,7830,4.04,36016,7.08,22.32,14.64,11.51,21.63,2026-08-31,2026-08-31
Warrensburg,MO,"Warrensburg, MO",Johnson County,271402.4768304829,3.53,1126.53663003663,3.48,13518.43956043956,0.415,20.1,4.98,3.24,Lean Rent,19998,3.34,55880,3.41,9.47,8.75,3.55,36.14,2026-08-31,2026-08-31
Soddy-Daisy,TN,"Chattanooga, TN-GA",Hamilton County,358921.7773848967,-0.21,1491.3222222222223,NA,17895.86666666667,0.416,20.1,4.99,3.24,Lean Rent,13430,2.9,386256,4.99,11.65,8.63,4.18,35.65,2026-08-31,2026-08-31
Bay City,TX,"Bay City, TX",Matagorda County,203744.18168676377,0.29,845.5444444444444,3.32,10146.533333333333,0.415,20.1,4.98,3.24,Lean Rent,17471,-3.2,36391,0.26,-1.4,21.45,12.1,31.25,2026-08-31,2026-08-31
Warwick,NY,"Poughkeepsie-Newburgh-Middletown, NY",Orange County,581508.0234379029,4.99,2418.75,NA,29025,0.416,20,4.99,3.24,Lean Rent,NA,NA,NA,NA,NA,NA,NA,NA,2026-08-31,2026-08-31
Highland Park,NJ,"New York-Newark-Jersey City, NY-NJ-PA",Middlesex County,594393.4313424905,3.52,2472,4.7,29664,0.416,20,4.99,3.24,Lean Rent,15386,2.34,890119,3.33,12.92,3.48,2.61,36.53,2026-08-31,2026-08-31
Mohnton,PA,"Reading, PA",Berks County,399638.1341419229,4.35,1660,NA,19920,0.415,20.1,4.98,3.24,Lean Rent,NA,NA,NA,NA,NA,NA,NA,NA,2026-08-31,2026-08-31
East Rockaway,NY,"New York-Newark-Jersey City, NY-NJ-PA",Nassau County,745206.001625732,3.02,3100,NA,37200,0.416,20,4.99,3.24,Lean Rent,NA,NA,NA,NA,NA,NA,NA,NA,2026-08-31,2026-08-31
Clute,TX,"Houston-The Woodlands-Sugar Land, TX",Brazoria County,199426.0628027135,-1.43,828.1642857142857,NA,9937.971428571429,0.415,20.1,4.98,3.24,Lean Rent,10893,2.52,413224,10.63,23.74,10.51,11.33,26,2026-08-31,2026-08-31
East Hanover Township,NJ,"New York-Newark-Jersey City, NY-NJ-PA",Morris County,861682.7723323414,5.37,3579.3333333333335,-3.91,42952,0.415,20.1,4.98,3.24,Lean Rent,NA,NA,523053,2.87,8.07,3.41,3.25,26.1,2026-08-31,2026-08-31
Old Saybrook,CT,"Hartford-East Hartford-Middletown, CT",Middlesex County,708442.570462759,4.99,2946.8333333333335,NA,35362,0.416,20,4.99,3.24,Lean Rent,NA,NA,NA,NA,NA,NA,NA,NA,2026-08-31,2026-08-31
Delphi,IN,"Lafayette-West Lafayette, IN",Carroll County,230443.58472610524,3.34,958.5,NA,11502,0.416,20,4.99,3.24,Lean Rent,NA,NA,NA,NA,NA,NA,NA,NA,2026-08-31,2026-08-31
Savoy,IL,"Champaign-Urbana, IL",Champaign County,353160.73988738237,2.82,1465.611111111111,NA,17587.333333333332,0.415,20.1,4.98,3.24,Lean Rent,9260,4.46,212374,2.97,9.8,11.21,10.06,46.55,2026-08-31,2026-08-31
Marysville,WA,"Seattle-Tacoma-Bellevue, WA",Snohomish County,617385.5894893514,0.06,2554.0813564213563,1.81,30648.976277056274,0.414,20.1,4.96,3.23,Lean Rent,76209,7.37,864113,4.11,11.83,4.9,4.3,31.61,2026-08-31,2026-08-31
East Orange,NJ,"New York-Newark-Jersey City, NY-NJ-PA",Essex County,482834.58395371406,-0.17,2000.21754985755,0.14,24002.6105982906,0.414,20.1,4.97,3.23,Lean Rent,71850,3.5,881527,2.5,15.1,5.39,2.7,55.47,2026-08-31,2026-08-31
Papillion,NE,"Omaha-Council Bluffs, NE-IA",Sarpy County,411607.1151616406,2.29,1703.6266788766789,0.72,20443.520146520146,0.414,20.1,4.97,3.23,Lean Rent,25248,-1.21,204828,7.14,15.85,3.5,4.21,29.38,2026-08-31,2026-08-31
Maitland,FL,"Orlando-Kissimmee-Sanford, FL",Orange County,477579.0370518277,1.99,1980.4544786430315,4.69,23765.453743716378,0.415,20.1,4.98,3.23,Lean Rent,19776,1.6,1533646,7.12,16.48,11.72,10.93,42.64,2026-08-31,2026-08-31
Clifton,CO,"Grand Junction, CO",Mesa County,333082.17994265043,1.16,1380.25,3.11,16563,0.414,20.1,4.97,3.23,Lean Rent,NA,NA,161260,3.36,11.09,6.25,3.88,28.11,2026-08-31,2026-08-31
Haslett,MI,"Lansing-East Lansing, MI",Ingham County,310170.9023271268,3.14,1283.7777777777776,NA,15405.333333333332,0.414,20.1,4.97,3.23,Lean Rent,NA,NA,290427,1.9,8.02,7.35,5.48,40.45,2026-08-31,2026-08-31
Little Ferry,NJ,"New York-Newark-Jersey City, NY-NJ-PA",Bergen County,604933.778998969,4.6,2507.777777777778,NA,30093.333333333336,0.415,20.1,4.97,3.23,Lean Rent,11137,1.67,978641,2.61,10.38,4.13,3.53,34.64,2026-08-31,2026-08-31
Ruckersville,VA,"Charlottesville, VA",Greene County,398298.3660865589,1.25,1647,NA,19764,0.414,20.2,4.96,3.23,Lean Rent,NA,NA,NA,NA,NA,NA,NA,NA,2026-08-31,2026-08-31
Santa Clara,UT,"St. George, UT",Washington County,526876.1013583858,-1.66,2181.5833333333335,NA,26179,0.414,20.1,4.97,3.23,Lean Rent,NA,NA,NA,NA,NA,NA,NA,NA,2026-08-31,2026-08-31
Carrollton,TX,"Dallas-Fort Worth-Arlington, TX",Dallas County,400641.58598152624,-1.84,1654.8131868131868,1.45,19857.75824175824,0.413,20.2,4.96,3.22,Lean Rent,135456,1.42,2656028,1.73,0.15,7.76,8.95,49.22,2026-08-31,2026-08-31
Lakewood,CA,"Los Angeles-Long Beach-Anaheim, CA",Los Angeles County,872165.6288010293,2.62,3601.736111111111,8.04,43220.83333333333,0.413,20.2,4.96,3.22,Lean Rent,78494,-4.54,9757179,-2.4,0.03,6.45,4.01,53.92,2026-08-31,2026-08-31
Plainfield,NJ,"New York-Newark-Jersey City, NY-NJ-PA",Union County,519451.2938005321,0.62,2145.730158730159,NA,25748.76190476191,0.413,20.2,4.96,3.22,Lean Rent,56507,3.98,594160,3.57,15.84,4.55,3.18,42.39,2026-08-31,2026-08-31
Pahrump,NV,"Pahrump, NV",Nye County,366136.7191715864,0.92,1512.4761904761906,0.69,18149.714285714286,0.413,20.2,4.96,3.22,Lean Rent,NA,NA,55990,7.73,15.18,12.88,7.63,24.77,2026-08-31,2026-08-31
Port Angeles,WA,"Port Angeles, WA",Clallam County,453795.8243668548,-0.23,1870.8333333333333,NA,22450,0.412,20.2,4.95,3.22,Lean Rent,20112,0.55,77958,0.77,14.64,10.23,2.64,27.24,2026-08-31,2026-08-31
Sappington,MO,"St. Louis, MO-IL",Saint Louis County,361524.41601002467,3.04,1493.8333333333333,5.71,17926,0.413,20.2,4.96,3.22,Lean Rent,NA,NA,NA,NA,NA,NA,NA,NA,2026-08-31,2026-08-31
Adelphi,MD,"Washington-Arlington-Alexandria, DC-VA-MD-WV",Prince Georges County,443812.89967879566,-0.42,1831.6222222222225,NA,21979.46666666667,0.413,20.2,4.95,3.22,Lean Rent,NA,NA,NA,NA,NA,NA,NA,NA,2026-08-31,2026-08-31
Box Elder,SD,"Rapid City, SD",Meade County,366719.81266024656,2.33,1515.0416666666667,3.35,18180.5,0.413,20.2,4.96,3.22,Lean Rent,13887,16.25,30918,3.39,-1.42,6.7,3.91,27.29,2026-08-31,2026-08-31
Barrington,IL,"Chicago-Naperville-Elgin, IL-IN-WI",Cook County,645991.7755867164,8.35,2665.722222222222,NA,31988.666666666664,0.413,20.2,4.95,3.22,Lean Rent,10615,-0.85,5182617,-1.6,5.9,8.18,4.67,42.49,2026-08-31,2026-08-31
Hales Corners,WI,"Milwaukee-Waukesha, WI",Milwaukee County,410672.3138945529,8.26,1695,NA,20340,0.413,20.2,4.95,3.22,Lean Rent,NA,NA,NA,NA,NA,NA,NA,NA,2026-08-31,2026-08-31
Stevensville,MI,"Niles, MI",Berrien County,339136.21749544377,6.15,1400,NA,16800,0.413,20.2,4.95,3.22,Lean Rent,NA,NA,NA,NA,NA,NA,NA,NA,2026-08-31,2026-08-31
Medford,OR,"Medford, OR",Jackson County,408209.8866642608,1.06,1677.704623878537,3.07,20132.455486542443,0.411,20.3,4.93,3.21,Lean Rent,86301,-0.03,221331,-1.08,2.88,6.6,3.86,35.02,2026-08-31,2026-08-31
Apple Valley,CA,"Riverside-San Bernardino-Ontario, CA",San Bernardino County,433364.74106941937,1.17,1783.4968253968254,1.92,21401.961904761905,0.412,20.2,4.94,3.21,Lean Rent,75029,-1.09,2214281,1.41,1.68,9.55,3.22,38.46,2026-08-31,2026-08-31
Hendersonville,NC,"Asheville, NC",Henderson County,408296.0107512839,-1.7,1679.6004273504277,2.21,20155.205128205132,0.411,20.3,4.94,3.21,Lean Rent,15656,2.93,120771,3.6,13.84,12.06,6.26,25.79,2026-08-31,2026-08-31
Burke,VA,"Washington-Arlington-Alexandria, DC-VA-MD-WV",Fairfax County,722753.076925405,1,2975.025974025974,2.71,35700.31168831169,0.412,20.2,4.94,3.21,Lean Rent,NA,NA,1160925,1.07,6.94,3.66,4.16,31.65,2026-08-31,2026-08-31
Lorton,VA,"Washington-Arlington-Alexandria, DC-VA-MD-WV",Fairfax County,649706.4419621994,1.18,2671.258450046685,-0.66,32055.10140056022,0.411,20.3,4.93,3.21,Lean Rent,NA,NA,1160925,1.07,6.94,3.66,4.16,31.65,2026-08-31,2026-08-31
Cranberry Township,PA,"Pittsburgh, PA",Butler County,472693.4995870236,2.45,1946.0915032679736,4.64,23353.098039215685,0.412,20.2,4.94,3.21,Lean Rent,NA,NA,199341,2.72,5.8,7.12,5.23,23.63,2026-08-31,2026-08-31
Basking Ridge,NJ,"New York-Newark-Jersey City, NY-NJ-PA",Somerset County,951079.538946535,5.49,3918.055555555555,NA,47016.666666666664,0.412,20.2,4.94,3.21,Lean Rent,NA,NA,357467,3.68,12.99,2.54,1.98,25.53,2026-08-31,2026-08-31
Jefferson,GA,"Jefferson, GA",Jackson County,413411.40703756973,-1.52,1700.4497354497355,4.5,20405.396825396827,0.411,20.3,4.94,3.21,Lean Rent,16459,23.05,93825,22.26,52.1,8.21,1.14,20.21,2026-08-31,2026-08-31
Brawley,CA,"El Centro, CA",Imperial County,360329.18089092785,4.27,1483.3333333333333,NA,17800,0.412,20.2,4.94,3.21,Lean Rent,NA,NA,NA,NA,NA,NA,NA,NA,2026-08-31,2026-08-31
West Richland,WA,"Kennewick-Richland, WA",Benton County,494634.77054302953,-0.1,2034.877777777778,NA,24418.533333333336,0.411,20.3,4.94,3.21,Lean Rent,18820,14.85,218190,5.19,10.36,6.23,5.79,31.5,2026-08-31,2026-08-31
Webster,MA,"Worcester, MA-CT",Worcester County,443771.67133813584,2.25,1824.7222222222224,NA,21896.666666666668,0.411,20.3,4.93,3.21,Lean Rent,NA,NA,NA,NA,NA,NA,NA,NA,2026-08-31,2026-08-31
Plainfield,CT,"Worcester, MA-CT",Windham County,352031.55406496715,3.23,1450,NA,17400,0.412,20.2,4.94,3.21,Lean Rent,NA,NA,NA,NA,NA,NA,NA,NA,2026-08-31,2026-08-31
Belle Haven,VA,"Washington-Arlington-Alexandria, DC-VA-MD-WV",Fairfax County,508532.19874039106,0.6,2094.0555555555557,-0.13,25128.666666666668,0.412,20.2,4.94,3.21,Lean Rent,536,-0.56,1160925,1.07,6.94,3.66,4.16,31.65,2026-08-31,2026-08-31
Berlin,MA,"Worcester, MA-CT",Worcester County,667431.8827210004,1.19,2743.75,NA,32925,0.411,20.3,4.93,3.21,Lean Rent,NA,NA,NA,NA,NA,NA,NA,NA,2026-08-31,2026-08-31
College Station,TX,"College Station-Bryan, TX",Brazos County,345835.77332618734,-0.24,1419.3774687524758,0.65,17032.52962502971,0.41,20.3,4.93,3.2,Lean Rent,128023,6,249624,6.44,3.39,10.8,8.47,53.21,2026-08-31,2026-08-31
Rapid City,SD,"Rapid City, SD",Pennington County,361540.0339285957,2.01,1484.3504413699109,4.96,17812.20529643893,0.411,20.3,4.93,3.2,Lean Rent,79894,6.61,115979,5.85,-1.09,9.79,4.71,30.92,2026-08-31,2026-08-31
Fall River,MA,"Providence-Warwick, RI-MA",Bristol County,450310.7391535036,2.27,1849.954365079365,2.81,22199.45238095238,0.411,20.3,4.93,3.2,Lean Rent,94689,0.82,588593,2.05,7.41,4.9,2.27,37.75,2026-08-31,2026-08-31
Troy,MI,"Detroit-Warren-Dearborn, MI",Oakland County,458678.4818358088,2.16,1881.6685387864825,2.96,22580.02246543779,0.41,20.3,4.92,3.2,Lean Rent,89209,2.4,1296888,1.91,10.58,5.25,6.51,27.73,2026-08-31,2026-08-31
Lutz,FL,"Tampa-St. Petersburg-Clearwater, FL",Hillsborough County,488063.81718750834,-0.73,2004.9448863636364,-0.19,24059.33863636364,0.411,20.3,4.93,3.2,Lean Rent,NA,NA,1581426,7.85,12.2,7.8,6.74,38.94,2026-08-31,2026-08-31
Novi,MI,"Detroit-Warren-Dearborn, MI",Oakland County,470804.57788199093,2.96,1931.2123737373736,2.12,23174.548484848485,0.41,20.3,4.92,3.2,Lean Rent,67675,2.34,1296888,1.91,10.58,5.25,6.51,27.73,2026-08-31,2026-08-31
Peabody,MA,"Boston-Cambridge-Newton, MA-NH",Essex County,696552.2230404704,1.11,2857.3999999999996,1.35,34288.799999999996,0.41,20.3,4.92,3.2,Lean Rent,55418,1.87,823938,2,7.8,5.11,2.53,36.04,2026-08-31,2026-08-31
Marysville,OH,"Columbus, OH",Union County,368459.1669323407,2.01,1510.229992229992,-0.84,18122.759906759904,0.41,20.3,4.92,3.2,Lean Rent,29276,13.91,71721,13.68,24.29,3.3,1.04,20.63,2026-08-31,2026-08-31
Shelton,WA,"Shelton, WA",Mason County,423445.9743216249,0.11,1736.9444444444443,NA,20843.333333333332,0.41,20.3,4.92,3.2,Lean Rent,10737,2.88,69632,5.45,15.14,24.82,4.1,18.88,2026-08-31,2026-08-31
Livingston,NJ,"New York-Newark-Jersey City, NY-NJ-PA",Essex County,1102310.9574225664,5.79,4523.511904761905,1.3,54282.142857142855,0.41,20.3,4.92,3.2,Lean Rent,NA,NA,881527,2.5,15.1,5.39,2.7,55.47,2026-08-31,2026-08-31
Milford,MA,"Worcester, MA-CT",Worcester County,560052.6883456804,2.82,2300.3571428571427,-1.04,27604.28571428571,0.411,20.3,4.93,3.2,Lean Rent,NA,NA,881248,2.82,8.7,5.7,3.41,34.33,2026-08-31,2026-08-31
Saint Michael,MN,"Minneapolis-St. Paul-Bloomington, MN-WI",Wright County,434728.0748908667,-0.02,1784.2460317460318,6.95,21410.95238095238,0.41,20.3,4.93,3.2,Lean Rent,NA,NA,154593,8.96,15.08,6.05,2.93,15.74,2026-08-31,2026-08-31
Alexandria,KY,"Cincinnati, OH-KY-IN",Campbell County,345923.5260898828,5.63,1421.25,NA,17055,0.411,20.3,4.93,3.2,Lean Rent,NA,NA,NA,NA,NA,NA,NA,NA,2026-08-31,2026-08-31
Langley Park,MD,"Washington-Arlington-Alexandria, DC-VA-MD-WV",Prince Georges County,373203.3135445537,1.18,1533.4666666666665,NA,18401.6,0.411,20.3,4.93,3.2,Lean Rent,NA,NA,NA,NA,NA,NA,NA,NA,2026-08-31,2026-08-31
Sedro-Woolley,WA,"Mount Vernon-Anacortes, WA",Skagit County,495324.9744636203,-0.05,2030.5,NA,24366,0.41,20.3,4.92,3.2,Lean Rent,13215,6.04,132736,2.18,8.04,8.77,1.09,29.36,2026-08-31,2026-08-31
Garden City,ID,"Boise City, ID",Ada County,476419.70991129446,-1.56,1954.6416666666669,11.27,23455.700000000004,0.41,20.3,4.92,3.2,Lean Rent,12936,5.19,535799,7.53,14.17,4.08,3.49,28.65,2026-08-31,2026-08-31
Kings Beach,CA,"Sacramento-Roseville-Folsom, CA",Placer County,852560.1115591695,5.21,3500,NA,42000,0.411,20.3,4.93,3.2,Lean Rent,NA,NA,NA,NA,NA,NA,NA,NA,2026-08-31,2026-08-31
Las Vegas,NV,"Las Vegas-Henderson-Paradise, NV",Clark County,419143.9353509809,-2.99,1711.523422341703,0.22,20538.281068100438,0.408,20.4,4.9,3.19,Lean Rent,678922,4.81,2398871,5.4,16.64,9.46,7.1,42.95,2026-08-31,2026-08-31
Stamford,CT,"Bridgeport-Stamford-Norwalk, CT",Fairfield County,724387.0390264606,7.75,2965.95371124031,2.11,35591.44453488372,0.409,20.4,4.91,3.19,Lean Rent,139134,2.7,NA,NA,NA,NA,NA,NA,2026-08-31,2026-08-31
Elizabeth,NJ,"New York-Newark-Jersey City, NY-NJ-PA",Union County,548919.6929803039,2.45,2243.298642533937,1.57,26919.58371040724,0.409,20.4,4.9,3.19,Lean Rent,140413,2.73,594160,3.57,15.84,4.55,3.18,42.39,2026-08-31,2026-08-31
Frankfort,KY,"Frankfort, KY",Franklin County,250122.0341367272,-0.35,1023.7045454545456,0.38,12284.454545454548,0.409,20.4,4.91,3.19,Lean Rent,28610,-0.01,52442,1.63,16.06,6.37,2.81,35.63,2026-08-31,2026-08-31
Moses Lake,WA,"Moses Lake, WA",Grant County,362448.47568743746,-0.17,1482.6532239690134,-2.96,17791.838687628162,0.409,20.4,4.91,3.19,Lean Rent,26969,6.04,104717,5.3,10.97,12.64,4.24,34.35,2026-08-31,2026-08-31
Redmond,OR,"Bend, OR",Deschutes County,510853.8747500402,-0.47,2089.584126984127,4.09,25075.009523809524,0.409,20.4,4.91,3.19,Lean Rent,37626,11.41,211535,6.05,12.57,14.29,3.27,29.26,2026-08-31,2026-08-31
Woodstock,IL,"Chicago-Naperville-Elgin, IL-IN-WI",McHenry County,335289.5633340148,4.02,1373.0555555555557,3.93,16476.666666666668,0.41,20.3,4.91,3.19,Lean Rent,25892,0.93,315959,1.93,5.95,3.55,3.04,17.42,2026-08-31,2026-08-31
Belgrade,MT,"Bozeman, MT",Gallatin County,551965.6191377427,-0.6,2256.1111111111113,3,27073.333333333336,0.409,20.4,4.9,3.19,Lean Rent,12741,19.15,126984,6.17,4.63,10,5.16,38.48,2026-08-31,2026-08-31
Canfield,OH,"Youngstown-Warren-Boardman, OH-PA",Mahoning County,330245.5272051135,4.53,1350,NA,16200,0.409,20.4,4.91,3.19,Lean Rent,NA,NA,NA,NA,NA,NA,NA,NA,2026-08-31,2026-08-31
Sevierville,TN,"Sevierville, TN",Sevier County,420848.7707977118,-0.08,1718.9814814814815,8.96,20627.777777777777,0.408,20.4,4.9,3.19,Lean Rent,18231,-1.25,100184,1.33,1.38,32.15,23.3,28.02,2026-08-31,2026-08-31
Nevada City,CA,"Truckee-Grass Valley, CA",Nevada County,556322.4746590097,0.18,2274.1666666666665,NA,27290,0.409,20.4,4.91,3.19,Lean Rent,3195,1.36,102195,-0.07,4.94,22.43,3.91,25.56,2026-08-31,2026-08-31
Winchester,TN,"Tullahoma-Manchester, TN",Franklin County,363745.221935008,1.73,1487.5,NA,17850,0.409,20.4,4.91,3.19,Lean Rent,NA,NA,NA,NA,NA,NA,NA,NA,2026-08-31,2026-08-31
Highland Village,TX,"Dallas-Fort Worth-Arlington, TX",Denton County,586436.1661962584,0.23,2395.8333333333335,NA,28750,0.409,20.4,4.9,3.19,Lean Rent,16137,1.15,1045120,14.28,23.72,4.75,5.09,34.63,2026-08-31,2026-08-31
Winters,CA,"Sacramento-Roseville-Folsom, CA",Yolo County,616140.3415778768,-0.08,2522.5,NA,30270,0.409,20.4,4.91,3.19,Lean Rent,NA,NA,NA,NA,NA,NA,NA,NA,2026-08-31,2026-08-31
Hampton,MI,"Bay City, MI",Bay County,238163.10831515017,8.51,975.25,NA,11703,0.409,20.4,4.91,3.19,Lean Rent,NA,NA,NA,NA,NA,NA,NA,NA,2026-08-31,2026-08-31
Tuckahoe,NY,"New York-Newark-Jersey City, NY-NJ-PA",Westchester County,878418.841116741,8.16,3596.875,NA,43162.5,0.409,20.4,4.91,3.19,Lean Rent,NA,NA,NA,NA,NA,NA,NA,NA,2026-08-31,2026-08-31
Winsted,CT,"Torrington, CT",Litchfield County,286343.2033152795,1.18,1172.5,NA,14070,0.409,20.4,4.91,3.19,Lean Rent,NA,NA,NA,NA,NA,NA,NA,NA,2026-08-31,2026-08-31
Wilmington,NC,"Wilmington, NC",New Hanover County,419037.7113665117,-0.07,1706.1959378115178,4.33,20474.351253738212,0.407,20.5,4.89,3.18,Lean Rent,125284,8.11,243333,7.46,13.87,12.68,6.83,39.3,2026-08-31,2026-08-31
Quincy,MA,"Boston-Cambridge-Newton, MA-NH",Norfolk County,679586.8531422372,1.85,2770.2377521303883,0.82,33242.85302556466,0.408,20.4,4.89,3.18,Lean Rent,103434,1.91,740754,2.35,9.81,4.09,3.95,31.48,2026-08-31,2026-08-31
Coatesville,PA,"Philadelphia-Camden-Wilmington, PA-NJ-DE-MD",Chester County,393530.64368287736,2.88,1604.079365079365,2.57,19248.95238095238,0.408,20.4,4.89,3.18,Lean Rent,13390,0.44,560745,4.84,7.29,3.95,3.98,25.05,2026-08-31,2026-08-31
Collegeville,PA,"Philadelphia-Camden-Wilmington, PA-NJ-DE-MD",Montgomery County,580831.0532647033,2.33,2366.9406593406597,5.02,28403.287912087915,0.408,20.4,4.89,3.18,Lean Rent,5308,5.23,879190,2.6,7.92,4.35,5.68,28.27,2026-08-31,2026-08-31
Westfield,IN,"Indianapolis-Carmel-Anderson, IN",Hamilton County,473286.15620226384,3.16,1927.7821370967745,4.29,23133.385645161296,0.407,20.5,4.89,3.18,Lean Rent,62994,33.96,379704,8.79,14.45,5.14,7.51,23.72,2026-08-31,2026-08-31
Woodburn,OR,"Salem, OR",Marion County,424089.3789262602,0.54,1730.4234432234432,-1.1,20765.081318681317,0.408,20.4,4.9,3.18,Lean Rent,30449,16.81,352867,1.89,7.06,3.97,4.07,37.76,2026-08-31,2026-08-31
Canon City,CO,"Ca±on City, CO",Fremont County,332061.44788977684,-1.88,1351.7904761904765,2.62,16221.485714285718,0.407,20.5,4.89,3.18,Lean Rent,NA,NA,50093,2.46,-0.14,13.47,2.31,23.85,2026-08-31,2026-08-31
King George,VA,NA,King George County,473960.5729755688,2.91,1931.6666666666667,NA,23180,0.408,20.4,4.89,3.18,Lean Rent,NA,NA,NA,NA,NA,NA,NA,NA,2026-08-31,2026-08-31
Lyndhurst,NJ,"New York-Newark-Jersey City, NY-NJ-PA",Bergen County,654531.9997385534,4.16,2666.5,0.91,31998,0.407,20.5,4.89,3.18,Lean Rent,NA,NA,978641,2.61,10.38,4.13,3.53,34.64,2026-08-31,2026-08-31
Pembroke,MA,"Boston-Cambridge-Newton, MA-NH",Plymouth County,675944.6995209359,4.74,2751.8888888888887,NA,33022.666666666664,0.407,20.5,4.89,3.18,Lean Rent,NA,NA,NA,NA,NA,NA,NA,NA,2026-08-31,2026-08-31
Hershey,PA,"Harrisburg-Carlisle, PA",Dauphin County,409905.007357979,2.63,1672.7777777777776,0.69,20073.333333333332,0.408,20.4,4.9,3.18,Lean Rent,NA,NA,NA,NA,NA,NA,NA,NA,2026-08-31,2026-08-31
Ephrata,WA,"Moses Lake, WA",Grant County,322058.7826733202,0.1,1315,NA,15780,0.408,20.4,4.9,3.18,Lean Rent,NA,NA,NA,NA,NA,NA,NA,NA,2026-08-31,2026-08-31
Saint Pete Beach,FL,"Tampa-St. Petersburg-Clearwater, FL",Pinellas County,600774.2198968465,-3.81,2446.825396825397,2.48,29361.904761904763,0.407,20.5,4.89,3.18,Lean Rent,NA,NA,965870,0.63,3.8,18.32,8.78,30.56,2026-08-31,2026-08-31
Summit,WA,"Seattle-Tacoma-Bellevue, WA",Pierce County,583445.8879187751,-0.11,2378.75,NA,28545,0.408,20.4,4.89,3.18,Lean Rent,NA,NA,NA,NA,NA,NA,NA,NA,2026-08-31,2026-08-31
Port Royal,SC,"Hilton Head Island-Bluffton, SC",Beaufort County,366809.3030987352,7.23,1493.5925925925924,5.42,17923.11111111111,0.407,20.5,4.89,3.18,Lean Rent,16507,13.21,201775,7.42,14.95,22.12,17.97,24.27,2026-08-31,2026-08-31
Auburn,AL,"Auburn-Opelika, AL",Lee County,419162.2728654879,4.3,1704.8186274509806,4.46,20457.823529411766,0.407,20.5,4.88,3.17,Lean Rent,83757,8.68,187847,7.43,16.52,12.34,6.97,34.27,2026-08-31,2026-08-31
Janesville,WI,"Janesville-Beloit, WI",Rock County,298166.4458746151,5.63,1211.071428571429,6.4,14532.857142857147,0.406,20.5,4.87,3.17,Lean Rent,66428,1.18,165461,1.04,5.98,5.72,3.48,29.36,2026-08-31,2026-08-31
Methuen,MA,"Boston-Cambridge-Newton, MA-NH",Essex County,623219.628189173,2.14,2534.9206349206347,2.16,30419.04761904762,0.407,20.5,4.88,3.17,Lean Rent,54272,2.45,823938,2,7.8,5.11,2.53,36.04,2026-08-31,2026-08-31
Waianae,HI,"Urban Honolulu, HI",Honolulu County,577037.7778757211,3.48,2343.351648351648,-0.77,28120.219780219773,0.406,20.5,4.87,3.17,Lean Rent,NA,NA,998747,-1.35,1.96,9.47,5.27,40.46,2026-08-31,2026-08-31
New Hyde Park,NY,"New York-Newark-Jersey City, NY-NJ-PA",Nassau County,977129.6487850852,4.64,3975,NA,47700,0.407,20.5,4.88,3.17,Lean Rent,NA,NA,NA,NA,NA,NA,NA,NA,2026-08-31,2026-08-31
Saratoga Springs,UT,"Provo-Orem, UT",Utah County,552914.0220014276,0.43,2247.805023923445,2.2,26973.660287081337,0.407,20.5,4.88,3.17,Lean Rent,57411,49.9,747234,12.6,17.51,3.79,2.69,31.87,2026-08-31,2026-08-31
Fredericksburg,TX,"Fredericksburg, TX",Gillespie County,521744.87191077415,-3.96,2117.6666666666665,NA,25412,0.406,20.5,4.87,3.17,Lean Rent,11766,6.65,28159,5.2,17.29,20.93,7.89,28.99,2026-08-31,2026-08-31
Fairview,TN,"Nashville-Davidson--Murfreesboro--Franklin, TN",Williamson County,545321.3315687478,0.25,2218.5,NA,26622,0.407,20.5,4.88,3.17,Lean Rent,NA,NA,NA,NA,NA,NA,NA,NA,2026-08-31,2026-08-31
Webster,TX,"Houston-The Woodlands-Sugar Land, TX",Harris County,331128.537839113,-1.5,1345.647473560517,-1.36,16147.769682726204,0.406,20.5,4.88,3.17,Lean Rent,12548,0.8,5009302,5.78,13.97,8.3,8.76,45.24,2026-08-31,2026-08-31
Sleepy Hollow,NY,"New York-Newark-Jersey City, NY-NJ-PA",Westchester County,1065139.9750137308,10.28,4331.333333333333,5.59,51976,0.407,20.5,4.88,3.17,Lean Rent,11427,14.65,1006447,0.5,6.23,5.51,2.35,37.8,2026-08-31,2026-08-31
Sugarcreek,OH,"Dayton-Kettering, OH",Greene County,512838.1815876295,2.96,2087.277777777778,NA,25047.333333333336,0.407,20.5,4.88,3.17,Lean Rent,2316,-2.69,172347,2.51,11.6,6.18,4.42,32.42,2026-08-31,2026-08-31
Sherrills Ford,NC,"Hickory-Lenoir-Morganton, NC",Catawba County,497831.06940961146,-1.51,2025.3333333333333,NA,24304,0.407,20.5,4.88,3.17,Lean Rent,NA,NA,167054,3.83,14.62,9.48,5.52,27.28,2026-08-31,2026-08-31
Deerfield,WI,"Madison, WI",Dane County,424694.8229322418,2.66,1725,NA,20700,0.406,20.5,4.87,3.17,Lean Rent,NA,NA,NA,NA,NA,NA,NA,NA,2026-08-31,2026-08-31
Citrus Heights,CA,"Sacramento-Roseville-Folsom, CA",Sacramento County,470693.64129000175,-0.71,1904.2569444444448,0.86,22851.083333333336,0.405,20.6,4.85,3.16,Lean Rent,86909,-0.73,1611231,1.54,7.33,4.28,3.63,41.37,2026-08-31,2026-08-31
Norwalk,CT,"Bridgeport-Stamford-Norwalk, CT",Fairfield County,676843.3635988674,5.57,2742.9023261065945,1.66,32914.827913279136,0.405,20.6,4.86,3.16,Lean Rent,93661,3.04,NA,NA,NA,NA,NA,NA,2026-08-31,2026-08-31
Springfield,OR,"Eugene-Springfield, OR",Lane County,416581.18366453185,0.98,1686.7786283891546,2.61,20241.343540669855,0.405,20.6,4.86,3.16,Lean Rent,61182,-1.1,382396,-0.47,4.1,5.23,2.88,40.62,2026-08-31,2026-08-31
Palm Beach Gardens,FL,"Miami-Fort Lauderdale-Pompano Beach, FL",Palm Beach County,695799.3096471956,3.24,2814.4463937621836,4.25,33773.3567251462,0.404,20.6,4.85,3.16,Lean Rent,63284,6.81,1582055,5.87,15.98,16.36,6.94,30.14,2026-08-31,2026-08-31
Greensburg,PA,"Pittsburgh, PA",Westmoreland County,251928.73309340677,1.13,1021.2440476190476,8.03,12254.92857142857,0.405,20.6,4.86,3.16,Lean Rent,14586,-2.26,350935,-0.96,3.65,8.33,4.09,21.75,2026-08-31,2026-08-31
Bayonne,NJ,"New York-Newark-Jersey City, NY-NJ-PA",Hudson County,592916.1926134622,2.02,2401.1633712478833,2.17,28813.9604549746,0.405,20.6,4.86,3.16,Lean Rent,74532,4.09,736185,1.98,14.43,6.78,4.46,68.82,2026-08-31,2026-08-31
Catonsville,MD,"Baltimore-Columbia-Towson, MD",Baltimore County,419242.81752027984,1.26,1699.876923076923,2.77,20398.523076923077,0.405,20.6,4.87,3.16,Lean Rent,NA,NA,852425,-0.11,3.96,5.75,5.61,33.67,2026-08-31,2026-08-31
Brighton,CO,"Denver-Aurora-Lakewood, CO",Adams County,490018.20715024456,-2.47,1986.532484948002,-0.31,23838.389819376025,0.405,20.6,4.86,3.16,Lean Rent,43473,7.89,542973,4.31,8.16,3.55,3.6,31.13,2026-08-31,2026-08-31
Lutherville Timonium,MD,"Baltimore-Columbia-Towson, MD",Baltimore County,508493.34340342536,1.41,2060.8333333333335,1.78,24730,0.405,20.6,4.86,3.16,Lean Rent,NA,NA,852425,-0.11,3.96,5.75,5.61,33.67,2026-08-31,2026-08-31
Media,PA,"Philadelphia-Camden-Wilmington, PA-NJ-DE-MD",Delaware County,635196.4705427656,3.35,2571.637896825397,1.53,30859.654761904763,0.405,20.6,4.86,3.16,Lean Rent,5938,0.99,584882,1.45,5.58,5.55,4.21,30.36,2026-08-31,2026-08-31
Quakertown,PA,"Philadelphia-Camden-Wilmington, PA-NJ-DE-MD",Bucks County,449843.2697596117,4.18,1824.4444444444443,1.64,21893.333333333332,0.406,20.5,4.87,3.16,Lean Rent,9302,-0.69,650131,0.61,4.89,3.41,3.04,21.99,2026-08-31,2026-08-31
Chamblee,GA,"Atlanta-Sandy Springs-Alpharetta, GA",Dekalb County,476005.2379873565,1.36,1927.8349496930732,0.93,23134.01939631688,0.405,20.6,4.86,3.16,Lean Rent,32321,6.98,NA,NA,NA,NA,NA,NA,2026-08-31,2026-08-31
Mandan,ND,"Bismarck, ND",Morton County,346742.5031520744,5.36,1406.2666666666669,5.85,16875.200000000004,0.406,20.5,4.87,3.16,Lean Rent,24788,2.33,34194,2.62,1.2,11.77,6.36,24.94,2026-08-31,2026-08-31
Dedham,MA,"Boston-Cambridge-Newton, MA-NH",Norfolk County,765040.269263988,2.29,3098.9690476190476,3.37,37187.62857142857,0.405,20.6,4.86,3.16,Lean Rent,NA,NA,740754,2.35,9.81,4.09,3.95,31.48,2026-08-31,2026-08-31
Winthrop,MA,"Boston-Cambridge-Newton, MA-NH",Suffolk County,684075.7976027625,0.65,2768.035714285714,7.83,33216.42857142857,0.405,20.6,4.86,3.16,Lean Rent,NA,NA,793144,-0.51,10.02,8.97,4.43,63.39,2026-08-31,2026-08-31
Dennis,MA,"Barnstable Town, MA",Barnstable County,678667.5067456987,3.43,2747.5,NA,32970,0.405,20.6,4.86,3.16,Lean Rent,NA,NA,NA,NA,NA,NA,NA,NA,2026-08-31,2026-08-31
Gold Canyon,AZ,"Phoenix-Mesa-Chandler, AZ",Pinal County,477944.44496153033,-2.35,1937,NA,23244,0.405,20.6,4.86,3.16,Lean Rent,NA,NA,NA,NA,NA,NA,NA,NA,2026-08-31,2026-08-31
Dobbs Ferry,NY,"New York-Newark-Jersey City, NY-NJ-PA",Westchester County,1040564.7663969004,11.29,4215.266666666666,13.93,50583.2,0.405,20.6,4.86,3.16,Lean Rent,11513,0.33,1006447,0.5,6.23,5.51,2.35,37.8,2026-08-31,2026-08-31
Puyallup,WA,"Seattle-Tacoma-Bellevue, WA",Pierce County,565156.4796715224,0.15,2285.8401190932836,1.89,27430.081429119404,0.404,20.6,4.85,3.15,Lean Rent,42552,-1.13,941170,1.9,6.6,5.21,4.02,35.21,2026-08-31,2026-08-31
White Plains,NY,"New York-Newark-Jersey City, NY-NJ-PA",Westchester County,808180.1774865721,5.85,3262.2865424430643,6.01,39147.43850931677,0.404,20.6,4.84,3.15,Lean Rent,62561,4.98,1006447,0.5,6.23,5.51,2.35,37.8,2026-08-31,2026-08-31
Great Falls,MT,"Great Falls, MT",Cascade County,340160.095877191,2.98,1373.5858906525573,4.88,16483.030687830687,0.404,20.6,4.85,3.15,Lean Rent,60013,-0.73,84523,0.13,-0.25,11.06,6.27,29.85,2026-08-31,2026-08-31
Massapequa,NY,"New York-Newark-Jersey City, NY-NJ-PA",Nassau County,832505.6439474071,5.59,3358.3333333333335,NA,40300,0.403,20.7,4.84,3.15,Lean Rent,NA,NA,NA,NA,NA,NA,NA,NA,2026-08-31,2026-08-31
Saint Charles,IL,"Chicago-Naperville-Elgin, IL-IN-WI",Kane County,480165.8657217079,6.25,1937.813725490196,3.56,23253.764705882353,0.404,20.6,4.84,3.15,Lean Rent,NA,NA,520997,0.89,3.7,3.54,3.6,24.26,2026-08-31,2026-08-31
Braintree,MA,"Boston-Cambridge-Newton, MA-NH",Norfolk County,735654.2637332208,2.78,2972.1688034188032,2.42,35666.02564102564,0.404,20.6,4.85,3.15,Lean Rent,NA,NA,740754,2.35,9.81,4.09,3.95,31.48,2026-08-31,2026-08-31
Litchfield Park,AZ,"Phoenix-Mesa-Chandler, AZ",Maricopa County,514723.1104218115,0.25,2080.582799145299,-0.79,24966.993589743586,0.404,20.6,4.85,3.15,Lean Rent,6863,-0.49,4673096,5.12,9.38,8.29,5.4,34.99,2026-08-31,2026-08-31
Rock Springs,WY,"Rock Springs, WY",Sweetwater County,290316.47521703626,-1.79,1172.0185185185185,-0.29,14064.222222222223,0.404,20.6,4.84,3.15,Lean Rent,22967,-2.25,41273,-2.19,-1.33,12.29,15.52,26.02,2026-08-31,2026-08-31
Jackson,MO,"Cape Girardeau, MO-IL",Cape Girardeau County,275543.9448044551,4.82,1111.309523809524,2.37,13335.71428571429,0.403,20.7,4.84,3.15,Lean Rent,15929,3.08,83658,2.24,5.31,9.33,6.31,34.05,2026-08-31,2026-08-31
Lewes,DE,"Salisbury, MD-DE",Sussex County,587282.7176024074,0.32,2368.2936507936506,7.38,28419.52380952381,0.403,20.7,4.84,3.15,Lean Rent,3702,11.51,271134,13.61,29.11,30.22,5.78,18.73,2026-08-31,2026-08-31
Troy,MO,"St. Louis, MO-IL",Lincoln County,321121.89157962106,5.38,1297.5,NA,15570,0.404,20.6,4.85,3.15,Lean Rent,NA,NA,NA,NA,NA,NA,NA,NA,2026-08-31,2026-08-31
Ashland,VA,"Richmond, VA",Hanover County,468262.1820256837,4.29,1893.25,NA,22719,0.404,20.6,4.85,3.15,Lean Rent,7910,4.04,115309,4.63,10.7,4.48,3.54,17.19,2026-08-31,2026-08-31
Glen Carbon,IL,"St. Louis, MO-IL",Madison County,336568.26769872184,4.04,1361.25,NA,16335,0.404,20.6,4.85,3.15,Lean Rent,NA,NA,NA,NA,NA,NA,NA,NA,2026-08-31,2026-08-31
Fairhaven,MA,"Providence-Warwick, RI-MA",Bristol County,510883.126152013,3.14,2062.25,NA,24747,0.404,20.6,4.84,3.15,Lean Rent,NA,NA,NA,NA,NA,NA,NA,NA,2026-08-31,2026-08-31
Bound Brook,NJ,"New York-Newark-Jersey City, NY-NJ-PA",Somerset County,519449.83768231986,1.34,2098.827380952381,11.52,25185.928571428572,0.404,20.6,4.85,3.15,Lean Rent,12643,5.78,357467,3.68,12.99,2.54,1.98,25.53,2026-08-31,2026-08-31
North Mankato,MN,"Mankato, MN",Nicollet County,313736.1727395782,3.24,1267,NA,15204,0.404,20.6,4.85,3.15,Lean Rent,NA,NA,NA,NA,NA,NA,NA,NA,2026-08-31,2026-08-31
Chelan,WA,"Wenatchee, WA",Chelan County,496175.70806657267,-8.22,2001.25,NA,24015,0.403,20.7,4.84,3.15,Lean Rent,NA,NA,NA,NA,NA,NA,NA,NA,2026-08-31,2026-08-31
Frisco,CO,"Breckenridge, CO",Summit County,978175.8219941772,2.72,3947.222222222222,NA,47366.666666666664,0.404,20.7,4.84,3.15,Lean Rent,2732,-6.5,30882,-1.14,-3.89,61.23,39.16,30.78,2026-08-31,2026-08-31
Lewisville,TX,"Dallas-Fort Worth-Arlington, TX",Denton County,387165.6222330045,-2.78,1557.0574599299314,0.1,18684.689519159176,0.402,20.7,4.83,3.14,Lean Rent,135983,7.56,1045120,14.28,23.72,4.75,5.09,34.63,2026-08-31,2026-08-31
Baldwin Park,CA,"Los Angeles-Long Beach-Anaheim, CA",Los Angeles County,711395.8011572977,0.95,2863.888888888889,NA,34366.66666666667,0.403,20.7,4.83,3.14,Lean Rent,69247,-3.78,9757179,-2.4,0.03,6.45,4.01,53.92,2026-08-31,2026-08-31
Burnsville,MN,"Minneapolis-St. Paul-Bloomington, MN-WI",Dakota County,368875.0679188217,2.45,1486.3430799220275,0.94,17836.11695906433,0.403,20.7,4.84,3.14,Lean Rent,64864,0.53,453156,2.89,6.72,2.73,3.92,24.65,2026-08-31,2026-08-31
Delaware,OH,"Columbus, OH",Delaware County,413290.6427166273,0.43,1663.9470588235297,1.56,19967.364705882355,0.403,20.7,4.83,3.14,Lean Rent,46521,11.53,237966,10.6,19.13,4.46,4.27,21.81,2026-08-31,2026-08-31
Eureka,CA,"Eureka-Arcata, CA",Humboldt County,411182.1649824044,-1.89,1653.6666666666667,1.48,19844,0.402,20.7,4.83,3.14,Lean Rent,25412,-4,132380,-2.89,-8.38,12.37,2.47,43.73,2026-08-31,2026-08-31
Moorhead,MN,"Fargo, ND-MN",Clay County,288806.1816551593,2.09,1164.3402777777776,2.74,13972.083333333332,0.403,20.7,4.84,3.14,Lean Rent,45726,2.65,66848,2.28,8.56,4.78,7.37,33.36,2026-08-31,2026-08-31
Leominster,MA,"Worcester, MA-CT",Worcester County,471837.1857954831,1.71,1899.474206349206,3.08,22793.690476190473,0.403,20.7,4.83,3.14,Lean Rent,44209,1.04,881248,2.82,8.7,5.7,3.41,34.33,2026-08-31,2026-08-31
Ukiah,CA,"Ukiah, CA",Mendocino County,481447.192373841,-1.73,1939.861111111111,6.88,23278.333333333332,0.403,20.7,4.84,3.14,Lean Rent,16067,-2.92,89175,-2.39,0.53,16.69,3.25,39.13,2026-08-31,2026-08-31
Martinsville,IN,"Indianapolis-Carmel-Anderson, IN",Morgan County,298763.9740039987,2.46,1202,NA,14424,0.402,20.7,4.83,3.14,Lean Rent,NA,NA,NA,NA,NA,NA,NA,NA,2026-08-31,2026-08-31
Glasgow,KY,"Glasgow, KY",Barren County,217566.3600947512,-0.58,875,NA,10500,0.402,20.7,4.83,3.14,Lean Rent,NA,NA,NA,NA,NA,NA,NA,NA,2026-08-31,2026-08-31
Lakewood Ranch,FL,"North Port-Sarasota-Bradenton, FL",Manatee County,585198.8236905376,-3.69,2354.715805819183,-0.75,28256.589669830195,0.402,20.7,4.83,3.14,Lean Rent,NA,NA,458352,14.12,32.53,21.45,16.3,25.31,2026-08-31,2026-08-31
Huntingdon Valley,PA,"Philadelphia-Camden-Wilmington, PA-NJ-DE-MD",Montgomery County,636684.9279102549,2.12,2561.9166666666665,NA,30743,0.402,20.7,4.83,3.14,Lean Rent,NA,NA,879190,2.6,7.92,4.35,5.68,28.27,2026-08-31,2026-08-31
Elmwood Park,NJ,"New York-Newark-Jersey City, NY-NJ-PA",Bergen County,622018.3546292171,3.75,2500.555555555555,0.31,30006.666666666664,0.402,20.7,4.82,3.14,Lean Rent,21680,1.48,978641,2.61,10.38,4.13,3.53,34.64,2026-08-31,2026-08-31
Lynbrook,NY,"New York-Newark-Jersey City, NY-NJ-PA",Nassau County,763959.8721229504,5.28,3077.3333333333335,NA,36928,0.403,20.7,4.83,3.14,Lean Rent,NA,NA,NA,NA,NA,NA,NA,NA,2026-08-31,2026-08-31
Morrison,CO,"Denver-Aurora-Lakewood, CO",Jefferson County,708708.1318650699,-2.16,2856.433333333333,NA,34277.2,0.403,20.7,4.84,3.14,Lean Rent,394,-1.01,578533,-0.79,0.75,4.44,4.86,29.39,2026-08-31,2026-08-31
Penfield,NY,"Rochester, NY",Monroe County,399848.2276260249,5.33,1610.5,NA,19326,0.403,20.7,4.83,3.14,Lean Rent,NA,NA,752202,-0.73,1.18,6.27,5.62,36.48,2026-08-31,2026-08-31
Abington,PA,"Philadelphia-Camden-Wilmington, PA-NJ-DE-MD",Montgomery County,415170.9110007889,2.18,1669.1944444444443,NA,20030.333333333332,0.402,20.7,4.82,3.14,Lean Rent,NA,NA,NA,NA,NA,NA,NA,NA,2026-08-31,2026-08-31
Holmen,WI,"La Crosse-Onalaska, WI-MN",La Crosse County,422349.74231045606,3.94,1700,NA,20400,0.403,20.7,4.83,3.14,Lean Rent,NA,NA,NA,NA,NA,NA,NA,NA,2026-08-31,2026-08-31
Kingston,WA,"Bremerton-Silverdale-Port Orchard, WA",Kitsap County,662920.4758165107,0.47,2666.6666666666665,NA,32000,0.402,20.7,4.83,3.14,Lean Rent,NA,NA,NA,NA,NA,NA,NA,NA,2026-08-31,2026-08-31
Hollister,MO,"Branson, MO",Taney County,298121.4287461519,0.38,1200,NA,14400,0.403,20.7,4.83,3.14,Lean Rent,NA,NA,NA,NA,NA,NA,NA,NA,2026-08-31,2026-08-31
Comstock Park,MI,"Grand Rapids-Kentwood, MI",Kent County,307426.204395345,3.61,1237.25,NA,14847,0.402,20.7,4.83,3.14,Lean Rent,NA,NA,NA,NA,NA,NA,NA,NA,2026-08-31,2026-08-31
Kill Devil Hills,NC,"Kill Devil Hills, NC",Dare County,524221.1087740776,1.65,2112.5,NA,25350,0.403,20.7,4.84,3.14,Lean Rent,NA,NA,NA,NA,NA,NA,NA,NA,2026-08-31,2026-08-31
Victoria,MN,"Minneapolis-St. Paul-Bloomington, MN-WI",Carver County,618937.6935439875,3.23,2493.5,NA,29922,0.403,20.7,4.83,3.14,Lean Rent,11937,11.86,112628,4.96,8.5,2.81,3.46,18.29,2026-08-31,2026-08-31
Tracy,CA,"Stockton, CA",San Joaquin County,672627.4776721803,-4.42,2701.2794639947865,0.43,32415.35356793744,0.402,20.8,4.82,3.13,Lean Rent,100136,6.96,816108,4.54,9.17,6.02,3.67,38.47,2026-08-31,2026-08-31
Eastvale,CA,"Riverside-San Bernardino-Ontario, CA",Riverside County,930341.3998367032,0.76,3730.170995670995,0.95,44762.05194805194,0.401,20.8,4.81,3.13,Lean Rent,70751,1.02,2529933,4.34,7.33,11.37,4.89,31.14,2026-08-31,2026-08-31
Taunton,MA,"Providence-Warwick, RI-MA",Bristol County,521740.2392375501,4.05,2096.0582010582007,6.09,25152.69841269841,0.402,20.7,4.82,3.13,Lean Rent,61936,4.26,588593,2.05,7.41,4.9,2.27,37.75,2026-08-31,2026-08-31
Mount Vernon,WA,"Mount Vernon-Anacortes, WA",Skagit County,584081.6683314651,1.27,2344.940476190476,3.96,28139.285714285714,0.401,20.8,4.82,3.13,Lean Rent,35344,0.09,132736,2.18,8.04,8.77,1.09,29.36,2026-08-31,2026-08-31
Wauwatosa,WI,"Milwaukee-Waukesha, WI",Milwaukee County,427593.88077914965,4.5,1713.4432870370372,4.47,20561.319444444445,0.401,20.8,4.81,3.13,Lean Rent,48794,0.95,924740,-1.48,0.57,8.21,6.16,50.2,2026-08-31,2026-08-31
Placerville,CA,"Sacramento-Roseville-Folsom, CA",El Dorado County,528853.230347267,0.51,2119.888888888889,-2.25,25438.66666666667,0.401,20.8,4.81,3.13,Lean Rent,10695,-0.34,192823,0.82,3.5,19.67,6.98,23.61,2026-08-31,2026-08-31
Floresville,TX,"San Antonio-New Braunfels, TX",Wilson County,353418.7594668791,-0.73,1419.4444444444443,NA,17033.333333333332,0.402,20.7,4.82,3.13,Lean Rent,NA,NA,NA,NA,NA,NA,NA,NA,2026-08-31,2026-08-31
Chanhassen,MN,"Minneapolis-St. Paul-Bloomington, MN-WI",Carver County,561960.0420740285,2.69,2251.8650793650795,NA,27022.380952380954,0.401,20.8,4.81,3.13,Lean Rent,25746,-0.91,112628,4.96,8.5,2.81,3.46,18.29,2026-08-31,2026-08-31
Bourne,MA,"Barnstable Town, MA",Barnstable County,682794.7245332226,3.42,2737.5,NA,32850,0.401,20.8,4.81,3.13,Lean Rent,NA,NA,NA,NA,NA,NA,NA,NA,2026-08-31,2026-08-31
Hudson,MA,"Boston-Cambridge-Newton, MA-NH",Middlesex County,621187.6392988465,1.77,2495.3333333333335,7.74,29944,0.402,20.7,4.82,3.13,Lean Rent,NA,NA,1668956,2.54,11.63,4.52,2.96,38.37,2026-08-31,2026-08-31
Owens Cross Roads,AL,"Huntsville, AL",Madison County,433188.9629377502,1.92,1737.3333333333333,1.72,20848,0.401,20.8,4.81,3.13,Lean Rent,3164,18.9,423355,8.41,20.5,7.01,5.85,31.22,2026-08-31,2026-08-31
Newbury,MA,"Boston-Cambridge-Newton, MA-NH",Essex County,948884.0508006932,2.88,3808.3333333333335,NA,45700,0.401,20.8,4.82,3.13,Lean Rent,NA,NA,NA,NA,NA,NA,NA,NA,2026-08-31,2026-08-31
Ocean City,MD,"Salisbury, MD-DE",Worcester County,443759.3485176617,-1.02,1780.7142857142858,NA,21368.571428571428,0.401,20.8,4.82,3.13,Lean Rent,NA,NA,NA,NA,NA,NA,NA,NA,2026-08-31,2026-08-31
Salisbury,CT,"Torrington, CT",Litchfield County,940581.8126773108,4.44,3775,NA,45300,0.401,20.8,4.82,3.13,Lean Rent,NA,NA,NA,NA,NA,NA,NA,NA,2026-08-31,2026-08-31
Winter Park,CO,NA,Grand County,773191.8987994678,0.41,3100,NA,37200,0.401,20.8,4.81,3.13,Lean Rent,NA,NA,NA,NA,NA,NA,NA,NA,2026-08-31,2026-08-31
Sparks,NV,"Reno, NV",Washoe County,535221.3108877488,1.89,2139.562386861918,9.25,25674.748642343016,0.4,20.8,4.8,3.12,Lean Rent,111520,2.42,507280,4.01,13.63,8.28,5.88,40.53,2026-08-31,2026-08-31
Arlington Heights,IL,"Chicago-Naperville-Elgin, IL-IN-WI",Cook County,495519.7999636824,8.85,1984.8275729646696,1.3,23817.930875576036,0.401,20.8,4.81,3.12,Lean Rent,75596,-2.33,5182617,-1.6,5.9,8.18,4.67,42.49,2026-08-31,2026-08-31
Albany,OR,"Albany-Lebanon, OR",Linn County,434334.8730789139,0.22,1737.59391124871,1.35,20851.126934984517,0.4,20.8,4.8,3.12,Lean Rent,57156,1.11,132474,2.72,8.21,4.18,2.4,32.95,2026-08-31,2026-08-31
Fairhope,AL,"Daphne-Fairhope-Foley, AL",Baldwin County,469997.5146977878,1.35,1880.284656084656,1.92,22563.415873015874,0.4,20.8,4.8,3.12,Lean Rent,26044,14.69,261608,12.16,29.22,26.36,33.41,22.46,2026-08-31,2026-08-31
Neptune Township,NJ,"New York-Newark-Jersey City, NY-NJ-PA",Monmouth County,628429.5110403378,6.31,2517.18253968254,4.58,30206.19047619048,0.401,20.8,4.81,3.12,Lean Rent,NA,NA,647520,0.74,2.8,7.24,3.49,24.63,2026-08-31,2026-08-31
Clearfield,UT,"Ogden-Clearfield, UT",Davis County,418545.6431567352,1.77,1674.1427015250545,0.65,20089.712418300653,0.4,20.8,4.8,3.12,Lean Rent,34778,8.97,378470,4.04,4.18,3.29,3.85,22.6,2026-08-31,2026-08-31
Fallon,NV,"Fallon, NV",Churchill County,394901.3025204314,2.89,1581.25,NA,18975,0.4,20.8,4.8,3.12,Lean Rent,NA,NA,NA,NA,NA,NA,NA,NA,2026-08-31,2026-08-31
Lincoln,RI,"Providence-Warwick, RI-MA",Providence County,554636.5392389676,5.3,2221.6666666666665,NA,26660,0.401,20.8,4.81,3.12,Lean Rent,NA,NA,675912,2.4,11.33,7.44,4.46,43.38,2026-08-31,2026-08-31
Bogart,GA,"Athens-Clarke County, GA",Oconee County,477907.7095554182,1.17,1912.5,NA,22950,0.4,20.8,4.8,3.12,Lean Rent,NA,NA,NA,NA,NA,NA,NA,NA,2026-08-31,2026-08-31
Roseville,CA,"Sacramento-Roseville-Folsom, CA",Placer County,645119.3475885888,0.47,2568.562532603026,0.39,30822.75039123631,0.398,20.9,4.78,3.11,Lean Rent,163304,9.95,433822,6.87,21.94,11.81,3.91,25.72,2026-08-31,2026-08-31
Temecula,CA,"Riverside-San Bernardino-Ontario, CA",Riverside County,756786.6187171348,-0.04,3019.853734061931,3.2,36238.24480874317,0.399,20.9,4.79,3.11,Lean Rent,112431,2.13,2529933,4.34,7.33,11.37,4.89,31.14,2026-08-31,2026-08-31
Fairfield,CA,"Vallejo, CA",Solano County,599252.5753913772,-1.25,2389.1345189238486,2.12,28669.614227086182,0.399,20.9,4.78,3.11,Lean Rent,122646,2.3,455101,0.49,7.61,4.68,3.13,36.77,2026-08-31,2026-08-31
Lynn,MA,"Boston-Cambridge-Newton, MA-NH",Essex County,580377.1264934369,0.73,2312.983669108669,2.28,27755.804029304025,0.399,20.9,4.78,3.11,Lean Rent,103489,2.39,823938,2,7.8,5.11,2.53,36.04,2026-08-31,2026-08-31
Flower Mound,TX,"Dallas-Fort Worth-Arlington, TX",Denton County,604722.6397472938,-0.15,2410.1636500754153,1.25,28921.96380090498,0.399,20.9,4.78,3.11,Lean Rent,79990,4.57,1045120,14.28,23.72,4.75,5.09,34.63,2026-08-31,2026-08-31
Chantilly,VA,"Washington-Arlington-Alexandria, DC-VA-MD-WV",Fairfax County,802511.1876370808,0.46,3196.33137254902,4.1,38355.97647058824,0.398,20.9,4.78,3.11,Lean Rent,NA,NA,1160925,1.07,6.94,3.66,4.16,31.65,2026-08-31,2026-08-31
Butler,PA,"Pittsburgh, PA",Butler County,255545.8056345257,2.54,1018.0555555555557,12.46,12216.666666666668,0.398,20.9,4.78,3.11,Lean Rent,13010,-3.53,199341,2.72,5.8,7.12,5.23,23.63,2026-08-31,2026-08-31
Bonney Lake,WA,"Seattle-Tacoma-Bellevue, WA",Pierce County,667317.0037296669,-0.31,2658.6464646464647,6.01,31903.757575757576,0.398,20.9,4.78,3.11,Lean Rent,22145,0.55,941170,1.9,6.6,5.21,4.02,35.21,2026-08-31,2026-08-31
Bloomfield,NJ,"New York-Newark-Jersey City, NY-NJ-PA",Essex County,611870.114136035,2.67,2440.243593051255,2.71,29282.923116615064,0.399,20.9,4.79,3.11,Lean Rent,NA,NA,881527,2.5,15.1,5.39,2.7,55.47,2026-08-31,2026-08-31
Prescott Valley,AZ,"Prescott Valley-Prescott, AZ",Yavapai County,457058.5663311083,0.01,1824.9964312198736,-0.55,21899.957174638483,0.399,20.9,4.79,3.11,Lean Rent,51440,9.51,252013,6.23,16.63,12.2,4.45,26.49,2026-08-31,2026-08-31
San Pablo,CA,"San Francisco-Oakland-Berkeley, CA",Contra Costa County,555390.2375778706,-1.42,2217.5,NA,26610,0.399,20.9,4.79,3.11,Lean Rent,31562,-1.67,1172607,0.55,6.48,3.5,2.91,32.35,2026-08-31,2026-08-31
Richfield,MN,"Minneapolis-St. Paul-Bloomington, MN-WI",Hennepin County,346826.681877709,1.7,1383.5338768115942,-0.48,16602.40652173913,0.399,20.9,4.79,3.11,Lean Rent,36491,-1.18,1273334,-0.65,4.24,5.29,5.38,37.05,2026-08-31,2026-08-31
Smithtown,NY,"New York-Newark-Jersey City, NY-NJ-PA",Suffolk County,828648.9878309163,7,3300,NA,39600,0.398,20.9,4.78,3.11,Lean Rent,NA,NA,NA,NA,NA,NA,NA,NA,2026-08-31,2026-08-31
Seaside,CA,"Salinas, CA",Monterey County,788873.5084458655,-1.11,3142.2222222222226,4.68,37706.66666666667,0.398,20.9,4.78,3.11,Lean Rent,31524,-2.51,436251,-0.97,-4.66,8.72,2.33,47.72,2026-08-31,2026-08-31
Woodridge,IL,"Chicago-Naperville-Elgin, IL-IN-WI",DuPage County,414563.6734300584,3.32,1653.5690235690236,0.88,19842.828282828283,0.399,20.9,4.79,3.11,Lean Rent,34103,-0.04,937142,0.6,5.3,4.53,5.6,26.87,2026-08-31,2026-08-31
Chaska,MN,"Minneapolis-St. Paul-Bloomington, MN-WI",Carver County,481369.9266672612,2.6,1918.5819805194808,0.75,23022.98376623377,0.399,20.9,4.78,3.11,Lean Rent,30167,8.22,112628,4.96,8.5,2.81,3.46,18.29,2026-08-31,2026-08-31
Newberg,OR,"Portland-Vancouver-Hillsboro, OR-WA",Yamhill County,525118.6676988628,-1.16,2090.4857142857145,-0.45,25085.828571428574,0.398,20.9,4.78,3.11,Lean Rent,27136,6.34,110886,2.92,16.32,4.68,2.84,30.06,2026-08-31,2026-08-31
Holbrook,NY,"New York-Newark-Jersey City, NY-NJ-PA",Suffolk County,692225.6931232143,6.17,2762.8444444444444,8.51,33154.13333333333,0.399,20.9,4.79,3.11,Lean Rent,NA,NA,1535909,0.9,2.22,11.64,3.67,18.09,2026-08-31,2026-08-31
Westchase,FL,"Tampa-St. Petersburg-Clearwater, FL",Hillsborough County,552746.4433738685,-1.04,2201.722222222222,-2.54,26420.666666666664,0.398,20.9,4.78,3.11,Lean Rent,NA,NA,1581426,7.85,12.2,7.8,6.74,38.94,2026-08-31,2026-08-31
Hampstead,NC,"Wilmington, NC",Pender County,488641.749854153,0.38,1949.2791666666665,8.52,23391.35,0.399,20.9,4.79,3.11,Lean Rent,NA,NA,70077,15.59,25.5,22.11,9.76,18.18,2026-08-31,2026-08-31
Deerfield,IL,"Chicago-Naperville-Elgin, IL-IN-WI",Lake County,661754.4411531353,7.55,2640.1833333333334,5.5,31682.2,0.399,20.9,4.79,3.11,Lean Rent,19138,0.04,718604,0.73,3.75,4.97,4.19,25.6,2026-08-31,2026-08-31
Morganville,NJ,"New York-Newark-Jersey City, NY-NJ-PA",Monmouth County,880254.0209256284,4.37,3511.7999999999997,NA,42141.6,0.399,20.9,4.79,3.11,Lean Rent,NA,NA,647520,0.74,2.8,7.24,3.49,24.63,2026-08-31,2026-08-31
Souderton,PA,"Philadelphia-Camden-Wilmington, PA-NJ-DE-MD",Montgomery County,467986.65820644615,2.33,1863.3333333333333,NA,22360,0.398,20.9,4.78,3.11,Lean Rent,NA,NA,NA,NA,NA,NA,NA,NA,2026-08-31,2026-08-31
Budd Lake,NJ,"New York-Newark-Jersey City, NY-NJ-PA",Morris County,543710.4026584066,2.26,2170.8952380952383,8.72,26050.74285714286,0.399,20.9,4.79,3.11,Lean Rent,NA,NA,523053,2.87,8.07,3.41,3.25,26.1,2026-08-31,2026-08-31
Duson,LA,"Lafayette, LA",Lafayette Parish,216654.064285348,4.06,862.5,NA,10350,0.398,20.9,4.78,3.11,Lean Rent,NA,NA,NA,NA,NA,NA,NA,NA,2026-08-31,2026-08-31
Blue Ash,OH,"Cincinnati, OH-KY-IN",Hamilton County,450935.64392923034,1.72,1796.5107142857144,1.54,21558.128571428573,0.398,20.9,4.78,3.11,Lean Rent,13616,1.57,837359,0.84,4.18,7.42,4.2,41.01,2026-08-31,2026-08-31
Escalon,CA,"Stockton, CA",San Joaquin County,596227.9679087957,1.36,2375,NA,28500,0.398,20.9,4.78,3.11,Lean Rent,NA,NA,NA,NA,NA,NA,NA,NA,2026-08-31,2026-08-31
Richmond Heights,MO,"St. Louis, MO-IL",Saint Louis County,394220.7826726612,2.02,1570.409090909091,1.37,18844.909090909092,0.398,20.9,4.78,3.11,Lean Rent,9096,-1.93,NA,NA,NA,NA,NA,NA,2026-08-31,2026-08-31
Lincoln City,OR,"Newport, OR",Lincoln County,492880.3641375496,0.83,1967.2222222222224,5.04,23606.666666666668,0.399,20.9,4.79,3.11,Lean Rent,10034,1.9,51212,1.38,6.7,29.48,8.28,28.63,2026-08-31,2026-08-31
Topanga,CA,"Los Angeles-Long Beach-Anaheim, CA",Los Angeles County,1397109.0892044303,-3.27,5575,NA,66900,0.399,20.9,4.79,3.11,Lean Rent,NA,NA,NA,NA,NA,NA,NA,NA,2026-08-31,2026-08-31
Jamesburg,NJ,"New York-Newark-Jersey City, NY-NJ-PA",Middlesex County,464426.35666592023,3.09,1849,NA,22188,0.398,20.9,4.78,3.11,Lean Rent,NA,NA,NA,NA,NA,NA,NA,NA,2026-08-31,2026-08-31
Cheverly,MD,"Washington-Arlington-Alexandria, DC-VA-MD-WV",Prince Georges County,458443.2225113643,-3.13,1827.8333333333333,NA,21934,0.399,20.9,4.78,3.11,Lean Rent,NA,NA,NA,NA,NA,NA,NA,NA,2026-08-31,2026-08-31
Tahoma,CA,"Sacramento-Roseville-Folsom, CA",El Dorado County,939309.4721038804,4.94,3750,NA,45000,0.399,20.9,4.79,3.11,Lean Rent,NA,NA,NA,NA,NA,NA,NA,NA,2026-08-31,2026-08-31
San Bernardino,CA,"Riverside-San Bernardino-Ontario, CA",San Bernardino County,492161.209755629,1.99,1954.1518518518517,2.52,23449.82222222222,0.397,21,4.76,3.1,Lean Rent,224775,1.2,2214281,1.41,1.68,9.55,3.22,38.46,2026-08-31,2026-08-31
Appleton,WI,"Appleton, WI",Outagamie County,305667.24589468626,5.64,1214.9188034188037,8.16,14579.025641025644,0.397,21,4.77,3.1,Lean Rent,75344,-0.33,195390,2.31,5.33,3.33,2.2,28.26,2026-08-31,2026-08-31
Valparaiso,IN,"Chicago-Naperville-Elgin, IL-IN-WI",Porter County,362138.8747441801,2.67,1437.3400641025644,4.07,17248.08076923077,0.397,21,4.76,3.1,Lean Rent,35065,2.62,175860,1.45,4.29,5.62,4.57,22.79,2026-08-31,2026-08-31
Glen Allen,VA,"Richmond, VA",Henrico County,516046.99770534184,1.21,2052.5104084321474,1.82,24630.12490118577,0.398,21,4.77,3.1,Lean Rent,NA,NA,338696,1.12,7.45,5.15,5.64,35.38,2026-08-31,2026-08-31
Barnstable,MA,"Barnstable Town, MA",Barnstable County,718735.0095409234,1.53,2859.944444444445,1.2,34319.333333333336,0.398,20.9,4.77,3.1,Lean Rent,NA,NA,232570,1.98,6.7,37.84,5.62,19.45,2026-08-31,2026-08-31
Phoenixville,PA,"Philadelphia-Camden-Wilmington, PA-NJ-DE-MD",Chester County,528679.6567713757,1.6,2098.189849624061,4.36,25178.278195488732,0.397,21,4.76,3.1,Lean Rent,20286,9.15,560745,4.84,7.29,3.95,3.98,25.05,2026-08-31,2026-08-31
Gainesville,VA,"Washington-Arlington-Alexandria, DC-VA-MD-WV",Prince William County,754532.5647258343,1.78,2999.2222222222226,1.49,35990.66666666667,0.397,21,4.77,3.1,Lean Rent,NA,NA,497003,2.93,3.17,3.52,5.04,25.62,2026-08-31,2026-08-31
Chelmsford,MA,"Boston-Cambridge-Newton, MA-NH",Middlesex County,681778.0992507421,1.2,2711.4444444444443,1.4,32537.333333333332,0.398,21,4.77,3.1,Lean Rent,NA,NA,1668956,2.54,11.63,4.52,2.96,38.37,2026-08-31,2026-08-31
Orangevale,CA,"Sacramento-Roseville-Folsom, CA",Sacramento County,556065.7706656586,0.48,2207.1666666666665,5.1,26486,0.397,21,4.76,3.1,Lean Rent,NA,NA,1611231,1.54,7.33,4.28,3.63,41.37,2026-08-31,2026-08-31
Randallstown,MD,"Baltimore-Columbia-Towson, MD",Baltimore County,371186.2845003302,0.69,1475.8194139194138,-0.77,17709.832967032966,0.398,21,4.77,3.1,Lean Rent,NA,NA,852425,-0.11,3.96,5.75,5.61,33.67,2026-08-31,2026-08-31
Flemington,NJ,"New York-Newark-Jersey City, NY-NJ-PA",Hunterdon County,643877.2637753608,2.86,2558.616666666667,-3.36,30703.4,0.397,21,4.77,3.1,Lean Rent,NA,NA,NA,NA,NA,NA,NA,NA,2026-08-31,2026-08-31
Sandy,OR,"Portland-Vancouver-Hillsboro, OR-WA",Clackamas County,520434.61954379623,0.07,2065.1190476190477,1.71,24781.428571428572,0.397,21,4.76,3.1,Lean Rent,12990,2.6,425857,0.79,3.92,5.7,4.07,28.66,2026-08-31,2026-08-31
Kensington,MD,"Washington-Arlington-Alexandria, DC-VA-MD-WV",Montgomery County,793519.8861313869,-0.36,3150,NA,37800,0.397,21,4.76,3.1,Lean Rent,2155,1.27,1082273,2.02,7.76,4.26,3.68,34.66,2026-08-31,2026-08-31
South Ogden,UT,"Ogden-Clearfield, UT",Weber County,424241.09517323185,0.17,1684.4682539682535,2.69,20213.619047619042,0.397,21,4.76,3.1,Lean Rent,17749,1.48,276118,4.99,7.11,6.33,4.96,25.45,2026-08-31,2026-08-31
Burlington,WA,"Mount Vernon-Anacortes, WA",Skagit County,538792.5311179301,0.87,2144.362637362637,6.3,25732.351648351643,0.398,20.9,4.78,3.1,Lean Rent,10945,18.41,132736,2.18,8.04,8.77,1.09,29.36,2026-08-31,2026-08-31
Babylon,NY,"New York-Newark-Jersey City, NY-NJ-PA",Suffolk County,771116.9139382091,0.63,3062.5,NA,36750,0.397,21,4.77,3.1,Lean Rent,NA,NA,NA,NA,NA,NA,NA,NA,2026-08-31,2026-08-31
Flat Rock,NC,"Asheville, NC",Henderson County,452829.9566280789,-1.98,1801.75,NA,21621,0.398,20.9,4.77,3.1,Lean Rent,NA,NA,NA,NA,NA,NA,NA,NA,2026-08-31,2026-08-31
Wood Ridge,NJ,"New York-Newark-Jersey City, NY-NJ-PA",Bergen County,704119.8641967737,5.71,2796.7777777777774,NA,33561.33333333333,0.397,21,4.77,3.1,Lean Rent,NA,NA,NA,NA,NA,NA,NA,NA,2026-08-31,2026-08-31
Ann Arbor,MI,"Ann Arbor, MI",Washtenaw County,526592.263775901,3.17,2085.6287384537654,0.85,25027.544861445185,0.396,21,4.75,3.09,Lean Rent,122925,-0.67,373875,0.54,7.38,5.6,3.61,38.37,2026-08-31,2026-08-31
Manassas,VA,"Washington-Arlington-Alexandria, DC-VA-MD-WV",Prince William County,550431.5241695758,0.79,2178.0390675763483,1.73,26136.46881091618,0.396,21.1,4.75,3.09,Lean Rent,43616,2.16,497003,2.93,3.17,3.52,5.04,25.62,2026-08-31,2026-08-31
Rockville,MD,"Washington-Arlington-Alexandria, DC-VA-MD-WV",Montgomery County,608002.0455605817,-0.39,2405.001637201329,-0.43,28860.019646415945,0.396,21.1,4.75,3.09,Lean Rent,68417,1.6,1082273,2.02,7.76,4.26,3.68,34.66,2026-08-31,2026-08-31
Pasco,WA,"Kennewick-Richland, WA",Franklin County,416722.7125462656,0.32,1650.262417898194,-0.71,19803.149014778326,0.396,21,4.75,3.09,Lean Rent,81724,5.2,101238,4.21,8,4.49,3.9,29.92,2026-08-31,2026-08-31
Maple Valley,WA,"Seattle-Tacoma-Bellevue, WA",King County,770917.5544906295,-2.23,3056.0740740740744,1.37,36672.88888888889,0.396,21,4.76,3.09,Lean Rent,28553,1.66,2340211,2.9,15.35,6.12,5.05,43.91,2026-08-31,2026-08-31
Matawan,NJ,"New York-Newark-Jersey City, NY-NJ-PA",Middlesex County,664786.2128766997,4.61,2635.1428571428573,-2.09,31621.71428571429,0.396,21,4.76,3.09,Lean Rent,9739,2.04,890119,3.33,12.92,3.48,2.61,36.53,2026-08-31,2026-08-31
Celina,TX,"Dallas-Fort Worth-Arlington, TX",Collin County,511902.68602955784,-9.16,2028.111242800408,-1.39,24337.334913604896,0.396,21,4.75,3.09,Lean Rent,51661,189.97,1254658,16.64,31.61,5.16,6.55,35.92,2026-08-31,2026-08-31
Gretna,NE,"Omaha-Council Bluffs, NE-IA",Sarpy County,428058.4356157288,1.73,1698,4.23,20376,0.397,21,4.76,3.09,Lean Rent,9207,-1.16,204828,7.14,15.85,3.5,4.21,29.38,2026-08-31,2026-08-31
Lampasas,TX,"Killeen-Temple, TX",Lampasas County,296315.1210531528,1.64,1173.75,NA,14085,0.396,21,4.75,3.09,Lean Rent,NA,NA,NA,NA,NA,NA,NA,NA,2026-08-31,2026-08-31
White Salmon,WA,NA,Klickitat County,706923.3886917816,1.81,2800,NA,33600,0.396,21,4.75,3.09,Lean Rent,NA,NA,NA,NA,NA,NA,NA,NA,2026-08-31,2026-08-31
Stateline,NV,"Gardnerville Ranchos, NV",Douglas County,768271.1958453344,-0.45,3047.9166666666665,NA,36575,0.397,21,4.76,3.09,Lean Rent,NA,NA,NA,NA,NA,NA,NA,NA,2026-08-31,2026-08-31
Towson,MD,"Baltimore-Columbia-Towson, MD",Baltimore County,474404.34778877994,2.65,1872.1408340247324,1.56,22465.690008296788,0.395,21.1,4.74,3.08,Lean Rent,NA,NA,852425,-0.11,3.96,5.75,5.61,33.67,2026-08-31,2026-08-31
Delano,CA,"Bakersfield, CA",Kern County,334193.20740484283,1.2,1317.5,NA,15810,0.394,21.1,4.73,3.08,Lean Rent,NA,NA,NA,NA,NA,NA,NA,NA,2026-08-31,2026-08-31
Levittown,NY,"New York-Newark-Jersey City, NY-NJ-PA",Nassau County,737380.0156008382,4.25,2911.1111111111113,NA,34933.333333333336,0.395,21.1,4.74,3.08,Lean Rent,NA,NA,NA,NA,NA,NA,NA,NA,2026-08-31,2026-08-31
Fenton,MI,"Detroit-Warren-Dearborn, MI",Livingston County,365975.29736029985,3.06,1446.0416666666667,3.25,17352.5,0.395,21.1,4.74,3.08,Lean Rent,11882,-1.22,196976,1.54,1.07,4.78,4.45,13.38,2026-08-31,2026-08-31
Elizabethtown,PA,"Lancaster, PA",Lancaster County,366964.8642847607,4.78,1449.3888888888887,4.15,17392.666666666664,0.395,21.1,4.74,3.08,Lean Rent,11993,2.83,563293,1.89,3.04,3.36,2.54,30.06,2026-08-31,2026-08-31
Sequim,WA,"Port Angeles, WA",Clallam County,562842.7358606588,-2.02,2223.055555555555,NA,26676.666666666664,0.395,21.1,4.74,3.08,Lean Rent,8199,1.6,77958,0.77,14.64,10.23,2.64,27.24,2026-08-31,2026-08-31
Menomonie,WI,"Menomonie, WI",Dunn County,308708.60566940025,3.11,1220.5,4.7,14646,0.395,21.1,4.74,3.08,Lean Rent,16709,-0.9,46135,1.5,4.92,7.67,4.01,33.48,2026-08-31,2026-08-31
Hutchinson,MN,"Hutchinson, MN",McLeod County,299893.5111625006,2.04,1183.3333333333333,NA,14200,0.395,21.1,4.74,3.08,Lean Rent,NA,NA,NA,NA,NA,NA,NA,NA,2026-08-31,2026-08-31
Perry Hall,MD,"Baltimore-Columbia-Towson, MD",Baltimore County,428056.7773790799,0.06,1688.361111111111,NA,20260.333333333332,0.394,21.1,4.73,3.08,Lean Rent,NA,NA,NA,NA,NA,NA,NA,NA,2026-08-31,2026-08-31
Camano Island,WA,"Oak Harbor, WA",Island County,725405.5064127343,-0.6,2865.833333333333,NA,34390,0.395,21.1,4.74,3.08,Lean Rent,NA,NA,NA,NA,NA,NA,NA,NA,2026-08-31,2026-08-31
Woodland Park,CO,"Colorado Springs, CO",Teller County,531192.1797682001,-0.49,2096.3166666666666,9.82,25155.8,0.395,21.1,4.74,3.08,Lean Rent,8043,1.59,24862,0.47,6.6,16.74,2.58,17.79,2026-08-31,2026-08-31
Southern Pines,NC,"Pinehurst-Southern Pines, NC",Moore County,458384.1713224678,0.57,1808,-1.17,21696,0.394,21.1,4.73,3.08,Lean Rent,16987,8.29,108417,8.1,14.51,13.37,3.35,23.67,2026-08-31,2026-08-31
Woods Cross,UT,"Ogden-Clearfield, UT",Davis County,524388.1068735378,1.91,2068.944444444445,NA,24827.333333333336,0.395,21.1,4.73,3.08,Lean Rent,NA,NA,NA,NA,NA,NA,NA,NA,2026-08-31,2026-08-31
Boulder Creek,CA,"Santa Cruz-Watsonville, CA",Santa Cruz County,740849.4409937002,0.81,2925,NA,35100,0.395,21.1,4.74,3.08,Lean Rent,NA,NA,NA,NA,NA,NA,NA,NA,2026-08-31,2026-08-31
Gray,ME,"Portland-South Portland, ME",Cumberland County,524844.9066001297,7.11,2075,NA,24900,0.395,21.1,4.74,3.08,Lean Rent,NA,NA,NA,NA,NA,NA,NA,NA,2026-08-31,2026-08-31
Colorado Springs,CO,"Colorado Springs, CO",El Paso County,441552.6683898261,-1.5,1740.0767641654631,2.08,20880.92116998556,0.394,21.1,4.73,3.07,Lean Rent,493554,2.46,752772,2.58,3.46,4.58,3.67,33.62,2026-08-31,2026-08-31
Murfreesboro,TN,"Nashville-Davidson--Murfreesboro--Franklin, TN",Rutherford County,426156.23450322746,-0.44,1674.8614557485523,1.73,20098.337468982627,0.393,21.2,4.72,3.07,Lean Rent,168387,9.47,376996,9.81,14.23,7,7.53,34.99,2026-08-31,2026-08-31
Bremerton,WA,"Bremerton-Silverdale-Port Orchard, WA",Kitsap County,482409.55946728046,1.09,1898.2680263472612,2.03,22779.216316167134,0.393,21.2,4.72,3.07,Lean Rent,45291,3.82,281420,2.03,11.34,6.99,3.99,29.85,2026-08-31,2026-08-31
Collierville,TN,"Memphis, TN-MS-AR",Shelby County,505746.1852811537,-1.42,1992.3059764309764,1.29,23907.671717171717,0.394,21.2,4.73,3.07,Lean Rent,51951,1.21,910530,-2.07,-7.65,10.56,7.81,45.42,2026-08-31,2026-08-31
Ballwin,MO,"St. Louis, MO-IL",Saint Louis County,414140.2414603478,2.22,1631.7811771561771,3.53,19581.374125874125,0.394,21.1,4.73,3.07,Lean Rent,31036,-1.99,NA,NA,NA,NA,NA,NA,2026-08-31,2026-08-31
Roseville,MN,"Minneapolis-St. Paul-Bloomington, MN-WI",Ramsey County,376637.48314694496,2.88,1484.315692832317,2.29,17811.788313987803,0.394,21.1,4.73,3.07,Lean Rent,35637,-1.62,542015,-1.76,3.41,5.41,6.16,38.97,2026-08-31,2026-08-31
Dartmouth,MA,"Providence-Warwick, RI-MA",Bristol County,616653.2197383578,5.55,2423.75,NA,29085,0.393,21.2,4.72,3.07,Lean Rent,NA,NA,NA,NA,NA,NA,NA,NA,2026-08-31,2026-08-31
Dracut,MA,"Boston-Cambridge-Newton, MA-NH",Middlesex County,576945.3622886571,1.15,2268.5666666666666,NA,27222.8,0.393,21.2,4.72,3.07,Lean Rent,NA,NA,1668956,2.54,11.63,4.52,2.96,38.37,2026-08-31,2026-08-31
Sachse,TX,"Dallas-Fort Worth-Arlington, TX",Dallas County,427561.1523769416,-3.11,1682.0444444444445,0.85,20184.533333333333,0.393,21.2,4.72,3.07,Lean Rent,33008,21.88,2656028,1.73,0.15,7.76,8.95,49.22,2026-08-31,2026-08-31
Amelia,OH,"Cincinnati, OH-KY-IN",Clermont County,310925.1722677568,3.4,1225.4166666666667,5.51,14705,0.394,21.1,4.73,3.07,Lean Rent,NA,NA,214123,2.57,8.81,3.66,1.81,26.62,2026-08-31,2026-08-31
Jacksonville,AL,"Anniston-Oxford, AL",Calhoun County,216781.0133150427,5.13,852.7777777777778,3.81,10233.333333333334,0.393,21.2,4.72,3.07,Lean Rent,14651,2.45,116427,0.16,3.01,15.29,5.39,29.61,2026-08-31,2026-08-31
Yardley,PA,"Philadelphia-Camden-Wilmington, PA-NJ-DE-MD",Bucks County,701096.5080943544,4.06,2755.777777777778,3.76,33069.333333333336,0.393,21.2,4.72,3.07,Lean Rent,2591,-0.46,650131,0.61,4.89,3.41,3.04,21.99,2026-08-31,2026-08-31
Big Lake,MN,"Minneapolis-St. Paul-Bloomington, MN-WI",Sherburne County,376679.3807052348,2.22,1480.3333333333333,NA,17764,0.393,21.2,4.72,3.07,Lean Rent,NA,NA,NA,NA,NA,NA,NA,NA,2026-08-31,2026-08-31
Plymouth Meeting,PA,"Philadelphia-Camden-Wilmington, PA-NJ-DE-MD",Montgomery County,542963.5197349591,2.67,2137.692063492064,5.11,25652.304761904765,0.394,21.2,4.72,3.07,Lean Rent,NA,NA,879190,2.6,7.92,4.35,5.68,28.27,2026-08-31,2026-08-31
Bellmore,NY,"New York-Newark-Jersey City, NY-NJ-PA",Nassau County,839388.7545682625,5.55,3300,NA,39600,0.393,21.2,4.72,3.07,Lean Rent,NA,NA,NA,NA,NA,NA,NA,NA,2026-08-31,2026-08-31
Newmarket,NH,"Boston-Cambridge-Newton, MA-NH",Rockingham County,570063.9205937842,4.84,2246.6666666666665,NA,26960,0.394,21.1,4.73,3.07,Lean Rent,NA,NA,NA,NA,NA,NA,NA,NA,2026-08-31,2026-08-31
Montesano,WA,"Aberdeen, WA",Grays Harbor County,390262.9391554631,0.1,1535.5,NA,18426,0.393,21.2,4.72,3.07,Lean Rent,NA,NA,NA,NA,NA,NA,NA,NA,2026-08-31,2026-08-31
Coupeville,WA,"Oak Harbor, WA",Island County,641182.2447544293,2.23,2521.6666666666665,NA,30260,0.393,21.2,4.72,3.07,Lean Rent,NA,NA,NA,NA,NA,NA,NA,NA,2026-08-31,2026-08-31
Sioux Falls,SD,"Sioux Falls, SD",Minnehaha County,332295.31422240357,1.28,1301.8764770275927,3.89,15622.517724331112,0.392,21.3,4.7,3.06,Lean Rent,209289,8.19,208639,5.52,4.31,5.34,6.42,36.49,2026-08-31,2026-08-31
Watsonville,CA,"Santa Cruz-Watsonville, CA",Santa Cruz County,823847.3242415838,1.31,3229.4920634920636,4.92,38753.90476190476,0.392,21.3,4.7,3.06,Lean Rent,51320,-2.19,262406,-3.44,-6,9.15,3.39,40.02,2026-08-31,2026-08-31
Rogers,AR,"Fayetteville-Springdale-Rogers, AR",Benton County,385478.36194050586,3.01,1513.3202050512627,1.31,18159.842460615153,0.393,21.2,4.71,3.06,Lean Rent,75639,7.5,321566,12.19,23.43,9.14,4.86,32.8,2026-08-31,2026-08-31
Ames,IA,"Ames, IA",Story County,303901.8574953721,2.8,1192.9583333333333,2.25,14315.5,0.393,21.2,4.71,3.06,Lean Rent,69026,3.81,102498,3.9,7.35,7.05,6.39,44.02,2026-08-31,2026-08-31
Lansdale,PA,"Philadelphia-Camden-Wilmington, PA-NJ-DE-MD",Montgomery County,502626.5248990416,2,1971.0726120857696,1.06,23652.871345029234,0.392,21.3,4.71,3.06,Lean Rent,19154,1.7,879190,2.6,7.92,4.35,5.68,28.27,2026-08-31,2026-08-31
Spanish Fork,UT,"Provo-Orem, UT",Utah County,513714.7938572685,1.73,2014.227272727273,3.77,24170.727272727276,0.392,21.3,4.71,3.06,Lean Rent,47809,11.81,747234,12.6,17.51,3.79,2.69,31.87,2026-08-31,2026-08-31
Cockeysville,MD,"Baltimore-Columbia-Towson, MD",Baltimore County,479263.6627766255,1.36,1878.5555555555557,1.75,22542.666666666668,0.392,21.3,4.7,3.06,Lean Rent,NA,NA,852425,-0.11,3.96,5.75,5.61,33.67,2026-08-31,2026-08-31
New Hope,MN,"Minneapolis-St. Paul-Bloomington, MN-WI",Hennepin County,349789.7729548542,2.28,1371.8584656084658,2.52,16462.30158730159,0.392,21.2,4.71,3.06,Lean Rent,20745,-5.3,1273334,-0.65,4.24,5.29,5.38,37.05,2026-08-31,2026-08-31
Troutdale,OR,"Portland-Vancouver-Hillsboro, OR-WA",Multnomah County,484479.8492635838,-1.27,1901.2222222222224,NA,22814.666666666668,0.392,21.2,4.71,3.06,Lean Rent,NA,NA,NA,NA,NA,NA,NA,NA,2026-08-31,2026-08-31
Saint Helens,OR,"Portland-Vancouver-Hillsboro, OR-WA",Columbia County,422380.8081303546,-0.66,1659.5555555555557,2.49,19914.666666666668,0.393,21.2,4.71,3.06,Lean Rent,NA,NA,54063,2.56,5.09,5.78,1.31,24.29,2026-08-31,2026-08-31
Metuchen,NJ,"New York-Newark-Jersey City, NY-NJ-PA",Middlesex County,687805.3840584332,2.42,2701.944444444445,3.82,32423.333333333336,0.393,21.2,4.71,3.06,Lean Rent,15470,2.76,890119,3.33,12.92,3.48,2.61,36.53,2026-08-31,2026-08-31
Manistee,MI,"Ludington, MI",Manistee County,267273.5239344213,9.52,1050,NA,12600,0.393,21.2,4.71,3.06,Lean Rent,NA,NA,NA,NA,NA,NA,NA,NA,2026-08-31,2026-08-31
Topsham,ME,"Portland-South Portland, ME",Sagadahoc County,471626.9569152862,0.36,1850,NA,22200,0.392,21.2,4.71,3.06,Lean Rent,NA,NA,NA,NA,NA,NA,NA,NA,2026-08-31,2026-08-31
La Grande,OR,"La Grande, OR",Union County,301372.26700250315,4,1184.1666666666667,NA,14210,0.393,21.2,4.72,3.06,Lean Rent,13058,0.4,26058,-0.42,5.3,7.89,1.69,35.42,2026-08-31,2026-08-31
Charleston,SC,"Charleston-North Charleston, SC",Charleston County,591820.7745793891,1.31,2311.7210476190476,5.04,27740.65257142857,0.391,21.3,4.69,3.05,Lean Rent,157665,4.37,431001,5.13,9.27,14.93,11.6,36.51,2026-08-31,2026-08-31
Nampa,ID,"Boise City, ID",Canyon County,415249.02155503986,1.48,1624.422566137566,5.24,19493.070793650793,0.391,21.3,4.69,3.05,Lean Rent,117350,15.7,266892,14.53,25.29,3.18,3.05,24.91,2026-08-31,2026-08-31
Cheyenne,WY,"Cheyenne, WY",Laramie County,392133.5197589793,3.47,1531.515424430642,5.76,18378.185093167704,0.391,21.3,4.69,3.05,Lean Rent,65704,0.64,101783,1.04,5.7,5.62,1.65,29.2,2026-08-31,2026-08-31
Mansfield,TX,"Dallas-Fort Worth-Arlington, TX",Tarrant County,443697.0824745586,-0.37,1735.4892832995267,0.11,20825.87139959432,0.391,21.3,4.69,3.05,Lean Rent,80803,10.98,2230708,5.41,8.74,7.08,7.73,40.64,2026-08-31,2026-08-31
Loveland,OH,"Cincinnati, OH-KY-IN",Clermont County,448527.6611594362,2.64,1752.5619658119658,3.81,21030.74358974359,0.391,21.3,4.69,3.05,Lean Rent,13277,-0.2,214123,2.57,8.81,3.66,1.81,26.62,2026-08-31,2026-08-31
Mankato,MN,"Mankato, MN",Blue Earth County,305115.36025929294,1.62,1192.0341880341878,5.13,14304.410256410254,0.391,21.3,4.69,3.05,Lean Rent,46459,4.08,70700,2.17,2.46,7.99,6.56,38.24,2026-08-31,2026-08-31
Hilo,HI,"Hilo, HI",Hawaii County,557172.6020482,5.46,2176.8333333333335,NA,26122,0.391,21.3,4.69,3.05,Lean Rent,NA,NA,209790,4.5,9.9,18.74,10.31,26.9,2026-08-31,2026-08-31
Billerica,MA,"Boston-Cambridge-Newton, MA-NH",Middlesex County,702658.928395545,2.48,2749.5703703703707,0.31,32994.84444444445,0.391,21.3,4.7,3.05,Lean Rent,NA,NA,1668956,2.54,11.63,4.52,2.96,38.37,2026-08-31,2026-08-31
Bardstown,KY,"Bardstown, KY",Nelson County,261850.3391777024,3.65,1024.3333333333333,NA,12292,0.391,21.3,4.69,3.05,Lean Rent,NA,NA,NA,NA,NA,NA,NA,NA,2026-08-31,2026-08-31
Kirkwood,MO,"St. Louis, MO-IL",Saint Louis County,468648.4210285056,3.74,1830.621794871795,4.19,21967.46153846154,0.391,21.3,4.69,3.05,Lean Rent,29348,-0.37,NA,NA,NA,NA,NA,NA,2026-08-31,2026-08-31
Crawfordsville,IN,"Crawfordsville, IN",Montgomery County,231178.23662265172,3.7,904.8555555555556,4.18,10858.266666666666,0.391,21.3,4.7,3.05,Lean Rent,16594,1.52,38633,1.82,1.55,6.11,5.12,22.19,2026-08-31,2026-08-31
River Falls,WI,"Minneapolis-St. Paul-Bloomington, MN-WI",Pierce County,415012.7670842323,3.04,1623.7575757575758,3.62,19485.090909090908,0.391,21.3,4.7,3.05,Lean Rent,17802,9.11,43380,2.73,4.15,7.55,6.65,24.22,2026-08-31,2026-08-31
Prineville,OR,"Prineville, OR",Crook County,430225.8302128196,0.67,1681.722222222222,1.33,20180.666666666664,0.391,21.3,4.69,3.05,Lean Rent,NA,NA,NA,NA,NA,NA,NA,NA,2026-08-31,2026-08-31
Signal Mountain,TN,"Chattanooga, TN-GA",Sequatchie County,634620.0824532091,1.78,2481.25,NA,29775,0.391,21.3,4.69,3.05,Lean Rent,NA,NA,NA,NA,NA,NA,NA,NA,2026-08-31,2026-08-31
Coopersburg,PA,"Allentown-Bethlehem-Easton, PA-NJ",Lehigh County,522043.3186361336,4.49,2040.8333333333333,NA,24490,0.391,21.3,4.69,3.05,Lean Rent,NA,NA,NA,NA,NA,NA,NA,NA,2026-08-31,2026-08-31
Swampscott,MA,"Boston-Cambridge-Newton, MA-NH",Essex County,828460.8020923702,2.5,3244.055555555555,NA,38928.666666666664,0.392,21.3,4.7,3.05,Lean Rent,NA,NA,NA,NA,NA,NA,NA,NA,2026-08-31,2026-08-31
Weston,WI,"Wausau-Weston, WI",Marathon County,310192.8412778654,7.58,1213.75,NA,14565,0.391,21.3,4.7,3.05,Lean Rent,NA,NA,NA,NA,NA,NA,NA,NA,2026-08-31,2026-08-31
Charles City,IA,NA,Floyd County,147115.35866932,9.18,575,NA,6900,0.391,21.3,4.69,3.05,Lean Rent,NA,NA,NA,NA,NA,NA,NA,NA,2026-08-31,2026-08-31
Old Orchard Beach,ME,"Portland-South Portland, ME",York County,507767.13058190834,1.79,1983.9743589743591,2.74,23807.69230769231,0.391,21.3,4.69,3.05,Lean Rent,NA,NA,220143,3.71,8.2,20.73,4.36,23.86,2026-08-31,2026-08-31
Yonkers,NY,"New York-Newark-Jersey City, NY-NJ-PA",Westchester County,706054.7480416518,7,2754.669172499918,5.33,33056.03006999902,0.39,21.4,4.68,3.04,Lean Rent,211040,0.02,1006447,0.5,6.23,5.51,2.35,37.8,2026-08-31,2026-08-31
Ontario,CA,"Riverside-San Bernardino-Ontario, CA",San Bernardino County,661917.5626639724,-0.36,2580.3230081974366,1.2,30963.87609836924,0.39,21.4,4.68,3.04,Lean Rent,185285,5.44,2214281,1.41,1.68,9.55,3.22,38.46,2026-08-31,2026-08-31
Winter Park,FL,"Orlando-Kissimmee-Sanford, FL",Orange County,464563.2031014793,1.54,1812.095690174804,1.44,21745.14828209765,0.39,21.4,4.68,3.04,Lean Rent,30835,2.72,1533646,7.12,16.48,11.72,10.93,42.64,2026-08-31,2026-08-31
Mount Prospect,IL,"Chicago-Naperville-Elgin, IL-IN-WI",Cook County,453638.6488661906,7.45,1768.488936988937,0.44,21221.867243867244,0.39,21.4,4.68,3.04,Lean Rent,55460,-2.2,5182617,-1.6,5.9,8.18,4.67,42.49,2026-08-31,2026-08-31
Winona,MN,"Winona, MN",Winona County,262085.28300159192,3.75,1020.5,NA,12246,0.389,21.4,4.67,3.04,Lean Rent,NA,NA,NA,NA,NA,NA,NA,NA,2026-08-31,2026-08-31
Geneva,IL,"Chicago-Naperville-Elgin, IL-IN-WI",Kane County,553229.8911831031,6.95,2158.3333333333335,5.17,25900,0.39,21.4,4.68,3.04,Lean Rent,21168,-0.79,520997,0.89,3.7,3.54,3.6,24.26,2026-08-31,2026-08-31
Graham,WA,"Seattle-Tacoma-Bellevue, WA",Pierce County,596750.4101371829,0.08,2326.5833333333335,0.82,27919,0.39,21.4,4.68,3.04,Lean Rent,NA,NA,941170,1.9,6.6,5.21,4.02,35.21,2026-08-31,2026-08-31
Sonora,CA,"Sonora, CA",Tuolumne County,402935.32436028565,-1.74,1567.9166666666667,NA,18815,0.389,21.4,4.67,3.04,Lean Rent,NA,NA,NA,NA,NA,NA,NA,NA,2026-08-31,2026-08-31
Ashland,OR,"Medford, OR",Jackson County,550673.8488136939,2.1,2143.078703703704,5.37,25716.944444444445,0.389,21.4,4.67,3.04,Lean Rent,20935,-1.97,221331,-1.08,2.88,6.6,3.86,35.02,2026-08-31,2026-08-31
Beaver,PA,"Pittsburgh, PA",Beaver County,279727.7586450951,3.88,1090,NA,13080,0.39,21.4,4.68,3.04,Lean Rent,4336,-2.01,165540,-1.38,4.65,9.08,7.23,25.47,2026-08-31,2026-08-31
Asbury Park,NJ,"New York-Newark-Jersey City, NY-NJ-PA",Monmouth County,710056.2211016215,6.54,2771.5811965811968,3.55,33258.97435897436,0.39,21.3,4.68,3.04,Lean Rent,15473,2.02,647520,0.74,2.8,7.24,3.49,24.63,2026-08-31,2026-08-31
Sandwich,MA,"Barnstable Town, MA",Barnstable County,690201.949602028,2.9,2687.5,NA,32250,0.389,21.4,4.67,3.04,Lean Rent,NA,NA,NA,NA,NA,NA,NA,NA,2026-08-31,2026-08-31
Gypsum,CO,"Glenwood Springs, CO",Garfield County,705023.9982418861,1.42,2751.25,NA,33015,0.39,21.4,4.68,3.04,Lean Rent,NA,NA,NA,NA,NA,NA,NA,NA,2026-08-31,2026-08-31
Maywood,NJ,"New York-Newark-Jersey City, NY-NJ-PA",Bergen County,702058.3377845833,7.02,2737,NA,32844,0.39,21.4,4.68,3.04,Lean Rent,NA,NA,NA,NA,NA,NA,NA,NA,2026-08-31,2026-08-31
De Forest,WI,"Madison, WI",Dane County,451041.42281740456,2.84,1757.28253968254,3.07,21087.390476190478,0.39,21.4,4.68,3.04,Lean Rent,NA,NA,588347,4.57,11.72,3.59,2.98,42.34,2026-08-31,2026-08-31
Phoenix,AZ,"Phoenix-Mesa-Chandler, AZ",Maricopa County,405689.45234179456,-1.47,1573.724944232619,0.62,18884.699330791427,0.388,21.5,4.65,3.03,Lean Rent,1673164,3.76,4673096,5.12,9.38,8.29,5.4,34.99,2026-08-31,2026-08-31
Aurora,CO,"Denver-Aurora-Lakewood, CO",Arapahoe County,452698.0564053319,-2.77,1758.1847273938429,-1.77,21098.216728726115,0.388,21.5,4.66,3.03,Lean Rent,403130,4.22,666918,1.77,3.13,4.55,5.64,34.88,2026-08-31,2026-08-31
Peoria,AZ,"Phoenix-Mesa-Chandler, AZ",Maricopa County,480595.70599502354,-0.82,1869.8565059399025,0.55,22438.27807127883,0.389,21.4,4.67,3.03,Lean Rent,199924,4.13,4673096,5.12,9.38,8.29,5.4,34.99,2026-08-31,2026-08-31
Murrieta,CA,"Riverside-San Bernardino-Ontario, CA",Riverside County,687307.6584289678,0.07,2671.687420625352,1.45,32060.24904750422,0.389,21.4,4.66,3.03,Lean Rent,112539,1.26,2529933,4.34,7.33,11.37,4.89,31.14,2026-08-31,2026-08-31
Meridian,ID,"Boise City, ID",Ada County,535975.654196331,0.88,2083.9955208477736,4.69,25007.946250173285,0.389,21.4,4.67,3.03,Lean Rent,139740,16.94,535799,7.53,14.17,4.08,3.49,28.65,2026-08-31,2026-08-31
Kennewick,WA,"Kennewick-Richland, WA",Benton County,430999.5201391202,0.64,1676.371073160447,1.38,20116.452877925363,0.389,21.4,4.67,3.03,Lean Rent,86728,3.25,218190,5.19,10.36,6.23,5.79,31.5,2026-08-31,2026-08-31
Loveland,CO,"Fort Collins, CO",Larimer County,496108.6879097156,-0.8,1924.6322136616257,1.81,23095.58656393951,0.388,21.5,4.66,3.03,Lean Rent,81102,6.19,374574,4.07,7.03,6.37,3.02,35.68,2026-08-31,2026-08-31
Centreville,VA,"Washington-Arlington-Alexandria, DC-VA-MD-WV",Fairfax County,618763.0941346373,0.62,2406.5511051373956,-0.12,28878.613261648745,0.389,21.4,4.67,3.03,Lean Rent,NA,NA,1160925,1.07,6.94,3.66,4.16,31.65,2026-08-31,2026-08-31
West Bend,WI,"Milwaukee-Waukesha, WI",Washington County,358742.36066291324,6.3,1394.2222222222224,7.81,16730.666666666668,0.389,21.4,4.66,3.03,Lean Rent,32149,1.27,138727,1.4,2.18,3.89,2.97,21.9,2026-08-31,2026-08-31
Ashland,OH,"Ashland, OH",Ashland County,238540.75592508377,5.19,925.7142857142856,5.73,11108.571428571428,0.388,21.5,4.66,3.03,Lean Rent,18770,-2.38,52420,-0.11,5.88,8.27,9.39,21.12,2026-08-31,2026-08-31
Miami Lakes,FL,"Miami-Fort Lauderdale-Pompano Beach, FL",Miami-Dade County,650116.7164031361,0.65,2522.3235867446397,1.56,30267.883040935674,0.388,21.5,4.66,3.03,Lean Rent,33247,9.22,2838461,5.29,19.88,11.11,5.36,47.81,2026-08-31,2026-08-31
Danvers,MA,"Boston-Cambridge-Newton, MA-NH",Essex County,733751.6160757551,2.11,2853.4345238095243,0.3,34241.21428571429,0.389,21.4,4.67,3.03,Lean Rent,NA,NA,823938,2,7.8,5.11,2.53,36.04,2026-08-31,2026-08-31
Cranford,NJ,"New York-Newark-Jersey City, NY-NJ-PA",Union County,776543.1971034132,6.81,3011.904761904762,2.1,36142.857142857145,0.388,21.5,4.65,3.03,Lean Rent,NA,NA,594160,3.57,15.84,4.55,3.18,42.39,2026-08-31,2026-08-31
Scarborough,ME,"Portland-South Portland, ME",Cumberland County,690402.9433153463,-0.62,2683.430555555555,5.46,32201.166666666664,0.389,21.4,4.66,3.03,Lean Rent,NA,NA,313809,3.36,8.17,14.2,3.63,29.63,2026-08-31,2026-08-31
Blue Bell,PA,"Philadelphia-Camden-Wilmington, PA-NJ-DE-MD",Montgomery County,699675.8440745362,3.7,2716.285714285714,2.39,32595.428571428572,0.388,21.5,4.66,3.03,Lean Rent,NA,NA,879190,2.6,7.92,4.35,5.68,28.27,2026-08-31,2026-08-31
Caledonia,MI,"Grand Rapids-Kentwood, MI",Kent County,468869.13406059286,4.91,1818.75,NA,21825,0.388,21.5,4.65,3.03,Lean Rent,NA,NA,NA,NA,NA,NA,NA,NA,2026-08-31,2026-08-31
Amesbury,MA,"Boston-Cambridge-Newton, MA-NH",Essex County,628338.270944243,2.47,2440.444444444445,3.64,29285.333333333336,0.388,21.5,4.66,3.03,Lean Rent,NA,NA,NA,NA,NA,NA,NA,NA,2026-08-31,2026-08-31
Milford,NH,"Manchester-Nashua, NH",Hillsborough County,516768.97905412264,2.37,2006.111111111111,NA,24073.333333333332,0.388,21.5,4.66,3.03,Lean Rent,NA,NA,NA,NA,NA,NA,NA,NA,2026-08-31,2026-08-31
Junction City,OR,"Eugene-Springfield, OR",Lane County,482801.25930238207,1.43,1875,NA,22500,0.388,21.5,4.66,3.03,Lean Rent,NA,NA,NA,NA,NA,NA,NA,NA,2026-08-31,2026-08-31
Verona,NJ,"New York-Newark-Jersey City, NY-NJ-PA",Essex County,770790.3398353514,7.07,2993.3333333333335,NA,35920,0.388,21.5,4.66,3.03,Lean Rent,NA,NA,NA,NA,NA,NA,NA,NA,2026-08-31,2026-08-31
Black Mountain,NC,"Asheville, NC",Buncombe County,456389.578877426,-3.64,1775.2777777777776,NA,21303.333333333332,0.389,21.4,4.67,3.03,Lean Rent,8572,1.55,279210,3.52,10.34,22.33,12.88,35.56,2026-08-31,2026-08-31
Sumner,WA,"Seattle-Tacoma-Bellevue, WA",Pierce County,589721.8482548571,0.7,2288.170238095238,3.18,27458.042857142857,0.388,21.5,4.66,3.03,Lean Rent,10885,2.1,941170,1.9,6.6,5.21,4.02,35.21,2026-08-31,2026-08-31
Elmwood,LA,"New Orleans-Metairie, LA",Jefferson Parish,424725.34206974035,3.79,1652.5,2.38,19830,0.389,21.4,4.67,3.03,Lean Rent,NA,NA,427253,-2.84,2.2,8.82,5.5,37.69,2026-08-31,2026-08-31
Riverton-Boulevard Park,WA,"Seattle-Tacoma-Bellevue, WA",King County,518777.92870775657,0.32,2013.3333333333333,NA,24160,0.388,21.5,4.66,3.03,Lean Rent,NA,NA,2340211,2.9,15.35,6.12,5.05,43.91,2026-08-31,2026-08-31
Johnson,AR,"Fayetteville-Springdale-Rogers, AR",Washington County,347264.6249433973,4.01,1348.9027777777776,NA,16186.833333333332,0.388,21.5,4.66,3.03,Lean Rent,NA,NA,NA,NA,NA,NA,NA,NA,2026-08-31,2026-08-31
Pinedale,WY,NA,Sublette County,448844.188472254,3.6,1741.6666666666663,NA,20899.999999999996,0.388,21.5,4.66,3.03,Lean Rent,NA,NA,NA,NA,NA,NA,NA,NA,2026-08-31,2026-08-31
Lehi,UT,"Provo-Orem, UT",Utah County,569889.0278135178,1.57,2203.1912442396315,2.05,26438.294930875578,0.387,21.6,4.64,3.02,Lean Rent,93446,21.57,747234,12.6,17.51,3.79,2.69,31.87,2026-08-31,2026-08-31
Spring Hill,TN,"Nashville-Davidson--Murfreesboro--Franklin, TN",Maury County,520957.8976616198,0.2,2019.1461696374472,0.84,24229.754035649366,0.388,21.5,4.65,3.02,Lean Rent,59398,15.76,113411,11.37,21.6,7.99,8.58,28.72,2026-08-31,2026-08-31
Clarkston,MI,"Detroit-Warren-Dearborn, MI",Oakland County,431063.0429942329,3.21,1669.6455026455026,2.53,20035.74603174603,0.387,21.5,4.65,3.02,Lean Rent,NA,NA,1296888,1.91,10.58,5.25,6.51,27.73,2026-08-31,2026-08-31
Elmhurst,IL,"Chicago-Naperville-Elgin, IL-IN-WI",DuPage County,642279.6445592721,8.45,2484.75,2.55,29817,0.387,21.5,4.64,3.02,Lean Rent,46108,0.83,937142,0.6,5.3,4.53,5.6,26.87,2026-08-31,2026-08-31
Bridgewater Township,NJ,"New York-Newark-Jersey City, NY-NJ-PA",Somerset County,749300.5358442995,2.75,2899.419047619047,2.26,34793.028571428564,0.387,21.5,4.64,3.02,Lean Rent,NA,NA,357467,3.68,12.99,2.54,1.98,25.53,2026-08-31,2026-08-31
Centralia,WA,"Centralia, WA",Lewis County,392169.6593274009,0.28,1518.9880952380954,6.16,18227.857142857145,0.387,21.5,4.65,3.02,Lean Rent,19061,3.61,87049,5.43,11.18,10.33,4.27,25.84,2026-08-31,2026-08-31
Erie,CO,"Greeley, CO",Weld County,721457.7113841932,-1.4,2790.8730898730896,3.21,33490.47707847707,0.387,21.5,4.64,3.02,Lean Rent,38594,26.9,369745,11.55,19.05,4.01,5.91,24.45,2026-08-31,2026-08-31
Birmingham,MI,"Detroit-Warren-Dearborn, MI",Oakland County,749410.5960292682,6.5,2906.30303030303,4.89,34875.63636363636,0.388,21.5,4.65,3.02,Lean Rent,22198,1.98,1296888,1.91,10.58,5.25,6.51,27.73,2026-08-31,2026-08-31
Watkinsville,GA,"Athens-Clarke County, GA",Oconee County,517353.9029861239,0.79,2004.1666666666663,NA,24049.999999999996,0.387,21.5,4.65,3.02,Lean Rent,NA,NA,NA,NA,NA,NA,NA,NA,2026-08-31,2026-08-31
Tumwater,WA,"Olympia-Lacey-Tumwater, WA",Thurston County,522304.92120748665,0.85,2022.790064102564,1.95,24273.480769230766,0.387,21.5,4.65,3.02,Lean Rent,27826,6.44,302912,2.33,10.68,5,3.8,32.24,2026-08-31,2026-08-31
Point Pleasant,NJ,"New York-Newark-Jersey City, NY-NJ-PA",Ocean County,768939.7839437897,10.26,2980.555555555555,NA,35766.666666666664,0.388,21.5,4.65,3.02,Lean Rent,NA,NA,NA,NA,NA,NA,NA,NA,2026-08-31,2026-08-31
Burley,ID,"Burley, ID",Cassia County,335524.095262343,4.77,1300,NA,15600,0.387,21.5,4.65,3.02,Lean Rent,NA,NA,NA,NA,NA,NA,NA,NA,2026-08-31,2026-08-31
Hurricane,UT,"St. George, UT",Washington County,500643.4163583068,-1.56,1940.0972222222224,-1.17,23281.166666666668,0.388,21.5,4.65,3.02,Lean Rent,24753,22.47,207943,14.24,22.34,15.29,9.04,27.41,2026-08-31,2026-08-31
Grove City,PA,"Youngstown-Warren-Boardman, OH-PA",Mercer County,231447.89865388957,-5.37,896.6666666666666,-0.32,10760,0.387,21.5,4.65,3.02,Lean Rent,7749,-1.62,108140,-2.18,1.68,9.36,3.66,27.48,2026-08-31,2026-08-31
Prince Frederick,MD,"Washington-Arlington-Alexandria, DC-VA-MD-WV",Calvert County,478303.0354181986,1.64,1850.1666666666663,NA,22201.999999999996,0.387,21.5,4.64,3.02,Lean Rent,NA,NA,NA,NA,NA,NA,NA,NA,2026-08-31,2026-08-31
Marco Island,FL,"Naples-Marco Island, FL",Collier County,844329.9038613952,0.14,3265.8333333333335,20.64,39190,0.387,21.5,4.64,3.02,Lean Rent,16554,5.01,416233,10.31,17.5,31.47,9.54,24.02,2026-08-31,2026-08-31
Olivette,MO,"St. Louis, MO-IL",Saint Louis County,499122.7851166157,3.73,1930.5444444444445,4.72,23166.533333333333,0.387,21.5,4.64,3.02,Lean Rent,8960,5.29,NA,NA,NA,NA,NA,NA,2026-08-31,2026-08-31
Oakland,CA,"San Francisco-Oakland-Berkeley, CA",Alameda County,708610.3863626387,-0.87,2735.221505935298,10.13,32822.658071223574,0.386,21.6,4.63,3.01,Lean Rent,443554,0.58,1649060,-1.88,3.29,5.96,5.26,45.93,2026-08-31,2026-08-31
Jurupa Valley,CA,"Riverside-San Bernardino-Ontario, CA",Riverside County,675289.8186946375,1.78,2609.8571428571427,1.62,31318.28571428571,0.386,21.6,4.64,3.01,Lean Rent,108154,2.66,2529933,4.34,7.33,11.37,4.89,31.14,2026-08-31,2026-08-31
Canton,GA,"Atlanta-Sandy Springs-Alpharetta, GA",Cherokee County,513709.7476003039,-0.21,1985.5649776149776,-0.86,23826.77973137973,0.387,21.6,4.64,3.01,Lean Rent,38049,13.94,293513,9.45,18.15,4.61,5.09,22.59,2026-08-31,2026-08-31
Rochester Hills,MI,"Detroit-Warren-Dearborn, MI",Oakland County,469977.435891124,3.51,1812.0842731829573,1.05,21745.01127819549,0.386,21.6,4.63,3.01,Lean Rent,78330,2.87,1296888,1.91,10.58,5.25,6.51,27.73,2026-08-31,2026-08-31
Lititz,PA,"Lancaster, PA",Lancaster County,466934.28380452265,4.44,1799.1666666666667,NA,21590,0.385,21.6,4.62,3.01,Lean Rent,NA,NA,NA,NA,NA,NA,NA,NA,2026-08-31,2026-08-31
Gillette,WY,"Gillette, WY",Campbell County,339180.7148515212,-4.26,1310.8948412698412,5.93,15730.738095238095,0.386,21.6,4.64,3.01,Lean Rent,33846,1.05,47946,1.7,3.84,10.39,18.32,21.59,2026-08-31,2026-08-31
Biddeford,ME,"Portland-South Portland, ME",York County,511133.05277657835,0.36,1973.4444444444443,1.76,23681.333333333332,0.386,21.6,4.63,3.01,Lean Rent,22370,-0.76,220143,3.71,8.2,20.73,4.36,23.86,2026-08-31,2026-08-31
Covington,WA,"Seattle-Tacoma-Bellevue, WA",King County,652688.7158839401,-1.87,2518.314574314574,5.89,30219.77489177489,0.386,21.6,4.63,3.01,Lean Rent,21567,3.38,2340211,2.9,15.35,6.12,5.05,43.91,2026-08-31,2026-08-31
Pinehurst,NC,"Pinehurst-Southern Pines, NC",Moore County,537060.9234556565,0.29,2071.414141414142,0.97,24856.969696969703,0.386,21.6,4.63,3.01,Lean Rent,18502,4.64,108417,8.1,14.51,13.37,3.35,23.67,2026-08-31,2026-08-31
Norwalk,IA,"Des Moines-West Des Moines, IA",Warren County,334184.4796148097,1.02,1289.511111111111,NA,15474.133333333331,0.386,21.6,4.63,3.01,Lean Rent,NA,NA,NA,NA,NA,NA,NA,NA,2026-08-31,2026-08-31
Kingston,MA,"Boston-Cambridge-Newton, MA-NH",Plymouth County,701734.198894851,4.26,2706.3611111111113,NA,32476.333333333336,0.386,21.6,4.63,3.01,Lean Rent,NA,NA,542090,2.58,7.97,7.23,1.91,22.38,2026-08-31,2026-08-31
Maynard,MA,"Boston-Cambridge-Newton, MA-NH",Middlesex County,609231.2190098203,1.07,2354.6031746031745,NA,28255.23809523809,0.386,21.6,4.64,3.01,Lean Rent,NA,NA,NA,NA,NA,NA,NA,NA,2026-08-31,2026-08-31
Clarendon Hills,IL,"Chicago-Naperville-Elgin, IL-IN-WI",DuPage County,695190.3342496059,8.36,2680.555555555555,NA,32166.666666666664,0.386,21.6,4.63,3.01,Lean Rent,8703,0.16,937142,0.6,5.3,4.53,5.6,26.87,2026-08-31,2026-08-31
West Milwaukee,WI,"Milwaukee-Waukesha, WI",Milwaukee County,257998.9855767556,3.72,995,NA,11940,0.386,21.6,4.63,3.01,Lean Rent,NA,NA,NA,NA,NA,NA,NA,NA,2026-08-31,2026-08-31
Georgetown,TX,"Austin-Round Rock-Georgetown, TX",Williamson County,420930.1247952101,-4.32,1621.048424138424,1.88,19452.58108966109,0.385,21.6,4.62,3,Lean Rent,101344,47.49,727480,18.17,29.75,3.91,3.51,32.92,2026-08-31,2026-08-31
Grand Forks,ND,"Grand Forks, ND-MN",Grand Forks County,304143.2272066888,7.62,1171.6555383022774,6,14059.866459627328,0.385,21.6,4.62,3,Lean Rent,59845,1.18,73771,0.87,4.2,7.98,7.28,47.94,2026-08-31,2026-08-31
Riverton,UT,"Salt Lake City, UT",Salt Lake County,620008.6087785867,1,2387.555555555555,3.86,28650.666666666664,0.385,21.6,4.62,3,Lean Rent,46680,3.06,1216274,2.46,7.39,5.36,5.82,33,2026-08-31,2026-08-31
Sykesville,MD,"Baltimore-Columbia-Towson, MD",Carroll County,557440.4595491653,0.64,2144.527777777778,NA,25734.333333333336,0.385,21.7,4.62,3,Lean Rent,4622,6.84,177108,2.43,2.28,4.05,4.89,16.15,2026-08-31,2026-08-31
Portsmouth,NH,"Boston-Cambridge-Newton, MA-NH",Rockingham County,797662.2661946156,3.38,3068.4487179487182,0.08,36821.38461538462,0.385,21.7,4.62,3,Lean Rent,22938,4.31,322433,2.47,5.64,7.38,3.42,21.38,2026-08-31,2026-08-31
Saco,ME,"Portland-South Portland, ME",York County,524609.924679582,0.93,2016.1111111111113,-0.28,24193.333333333336,0.384,21.7,4.61,3,Lean Rent,21064,3.16,220143,3.71,8.2,20.73,4.36,23.86,2026-08-31,2026-08-31
Hauppauge,NY,"New York-Newark-Jersey City, NY-NJ-PA",Suffolk County,814374.9469397744,6.85,3134.773809523809,2.99,37617.28571428571,0.385,21.6,4.62,3,Lean Rent,NA,NA,1535909,0.9,2.22,11.64,3.67,18.09,2026-08-31,2026-08-31
Lake Saint Louis,MO,"St. Louis, MO-IL",Saint Charles County,432912.3840480295,0.65,1665.522222222222,2.5,19986.266666666663,0.385,21.7,4.62,3,Lean Rent,NA,NA,NA,NA,NA,NA,NA,NA,2026-08-31,2026-08-31
Atoka,TN,"Memphis, TN-MS-AR",Tipton County,350873.2877077935,0.85,1350,NA,16200,0.385,21.7,4.62,3,Lean Rent,NA,NA,NA,NA,NA,NA,NA,NA,2026-08-31,2026-08-31
Signal Hill,CA,"Los Angeles-Long Beach-Anaheim, CA",Los Angeles County,698818.1268265255,-0.21,2683.472222222222,NA,32201.666666666664,0.384,21.7,4.61,3,Lean Rent,11279,-4.53,9757179,-2.4,0.03,6.45,4.01,53.92,2026-08-31,2026-08-31
New Castle,CO,"Glenwood Springs, CO",Garfield County,648777.1984923562,3.86,2495,NA,29940,0.385,21.7,4.61,3,Lean Rent,NA,NA,NA,NA,NA,NA,NA,NA,2026-08-31,2026-08-31
Wausau,WI,"Wausau-Weston, WI",Marathon County,250228.52917982265,8.39,960.7083333333334,6.92,11528.5,0.384,21.7,4.61,2.99,Lean Rent,40262,0.55,139091,0.71,1.64,5.68,4.07,26.58,2026-08-31,2026-08-31
Roy,UT,"Ogden-Clearfield, UT",Weber County,432697.85932094016,1.25,1658.344696969697,-0.45,19900.136363636364,0.383,21.7,4.6,2.99,Lean Rent,38719,-1.54,276118,4.99,7.11,6.33,4.96,25.45,2026-08-31,2026-08-31
Owatonna,MN,"Owatonna, MN",Steele County,298885.3926302236,2.18,1147.2222222222224,NA,13766.666666666668,0.384,21.7,4.61,2.99,Lean Rent,26626,0.81,37434,0.14,-2.22,5.52,4.29,20.1,2026-08-31,2026-08-31
Neenah,WI,"Oshkosh-Neenah, WI",Winnebago County,309592.83012402547,3.49,1184.888888888889,3.72,14218.666666666668,0.383,21.8,4.59,2.99,Lean Rent,27502,0.4,173307,0.88,7.15,6.27,4.7,34.21,2026-08-31,2026-08-31
Dickinson,ND,"Dickinson, ND",Stark County,330430.416322575,4.16,1266.7388888888888,2.72,15200.866666666665,0.383,21.7,4.6,2.99,Lean Rent,25695,-0.45,33767,-0.2,12.59,14.48,9.19,35.05,2026-08-31,2026-08-31
Horsham,PA,"Philadelphia-Camden-Wilmington, PA-NJ-DE-MD",Montgomery County,442739.7205132791,1.86,1695.2777777777776,-0.2,20343.333333333332,0.383,21.8,4.59,2.99,Lean Rent,NA,NA,879190,2.6,7.92,4.35,5.68,28.27,2026-08-31,2026-08-31
Dallastown,PA,"York-Hanover, PA",York County,281633.6446077383,3.96,1078.75,NA,12945,0.383,21.8,4.6,2.99,Lean Rent,NA,NA,NA,NA,NA,NA,NA,NA,2026-08-31,2026-08-31
Closter,NJ,"New York-Newark-Jersey City, NY-NJ-PA",Bergen County,1207578.8039022607,8.79,4625,NA,55500,0.383,21.8,4.6,2.99,Lean Rent,NA,NA,NA,NA,NA,NA,NA,NA,2026-08-31,2026-08-31
Oakland,FL,"Orlando-Kissimmee-Sanford, FL",Orange County,568861.6045502746,1.52,2179.25,NA,26151,0.383,21.8,4.6,2.99,Lean Rent,NA,NA,NA,NA,NA,NA,NA,NA,2026-08-31,2026-08-31
Thornton,CO,"Denver-Aurora-Lakewood, CO",Adams County,492295.3209589707,-2.25,1880.640744601638,-1.15,22567.688935219656,0.382,21.8,4.58,2.98,Lean Rent,146689,3.16,542973,4.31,8.16,3.55,3.6,31.13,2026-08-31,2026-08-31
Annapolis,MD,"Baltimore-Columbia-Towson, MD",Anne Arundel County,624635.1757406587,2.41,2389.0535885167465,3.77,28668.643062200958,0.382,21.8,4.59,2.98,Lean Rent,40689,-0.41,602350,1.51,0.69,4.79,5.5,25.04,2026-08-31,2026-08-31
Redlands,CA,"Riverside-San Bernardino-Ontario, CA",San Bernardino County,635662.6257811695,1.17,2429.9011826953006,2.89,29158.814192343605,0.382,21.8,4.59,2.98,Lean Rent,74279,1.41,2214281,1.41,1.68,9.55,3.22,38.46,2026-08-31,2026-08-31
Gallatin,TN,"Nashville-Davidson--Murfreesboro--Franklin, TN",Sumner County,434846.2871834196,0.59,1660.408190799495,1.45,19924.89828959394,0.382,21.8,4.58,2.98,Lean Rent,52489,17.1,211721,7.24,14.08,5.74,5.01,27.78,2026-08-31,2026-08-31
Hollister,CA,"San Jose-Sunnyvale-Santa Clara, CA",San Benito County,760274.0362647764,-0.51,2900.694444444445,6.13,34808.333333333336,0.382,21.8,4.58,2.98,Lean Rent,45033,7.52,69159,7.17,6.85,3.58,0.48,32.57,2026-08-31,2026-08-31
Yucaipa,CA,"Riverside-San Bernardino-Ontario, CA",San Bernardino County,573372.8108989747,2.01,2191.0582010582016,4.36,26292.698412698417,0.382,21.8,4.59,2.98,Lean Rent,54465,-0.26,2214281,1.41,1.68,9.55,3.22,38.46,2026-08-31,2026-08-31
East Meadow,NY,"New York-Newark-Jersey City, NY-NJ-PA",Nassau County,820882.1983561189,6.6,3137.5,NA,37650,0.382,21.8,4.59,2.98,Lean Rent,NA,NA,NA,NA,NA,NA,NA,NA,2026-08-31,2026-08-31
Watertown,WI,"Beaver Dam, WI",Dodge County,330726.46571147715,6.27,1264.7222222222224,NA,15176.666666666668,0.382,21.8,4.59,2.98,Lean Rent,22617,-1.38,88635,-0.79,5.08,6.7,2.74,28.74,2026-08-31,2026-08-31
Willmar,MN,"Willmar, MN",Kandiyohi County,243378.176557026,0.68,928.875,NA,11146.5,0.382,21.8,4.58,2.98,Lean Rent,NA,NA,NA,NA,NA,NA,NA,NA,2026-08-31,2026-08-31
Mansfield,MA,"Providence-Warwick, RI-MA",Bristol County,714862.1945475765,3.2,2726.746031746032,4.52,32720.95238095238,0.381,21.8,4.58,2.98,Lean Rent,NA,NA,588593,2.05,7.41,4.9,2.27,37.75,2026-08-31,2026-08-31
Jacksonville Beach,FL,"Jacksonville, FL",Duval County,638241.0463365897,2.57,2436.414673046252,1.23,29236.976076555024,0.382,21.8,4.58,2.98,Lean Rent,23630,-0.77,1055159,5.75,12.67,9.15,6.97,41.93,2026-08-31,2026-08-31
Cinco Ranch,TX,"Houston-The Woodlands-Sugar Land, TX",Fort Bend County,533738.6696507131,-0.54,2038.547619047619,-0.08,24462.571428571428,0.382,21.8,4.58,2.98,Lean Rent,NA,NA,958434,15.57,27.37,4.23,6.33,22.52,2026-08-31,2026-08-31
Colonia,NJ,"New York-Newark-Jersey City, NY-NJ-PA",Middlesex County,646433.2192319491,4.7,2471.875,NA,29662.5,0.382,21.8,4.59,2.98,Lean Rent,NA,NA,NA,NA,NA,NA,NA,NA,2026-08-31,2026-08-31
Rockport,TX,"Rockport, TX",Aransas County,305868.4640482362,-4.94,1168.4687830687828,-3.67,14021.625396825395,0.382,21.8,4.58,2.98,Lean Rent,11069,8.97,25595,6.92,17.97,25.69,1.8,22.33,2026-08-31,2026-08-31
Firestone,CO,"Greeley, CO",Weld County,569500.9207096983,-2.54,2174.5833333333335,30.65,26095,0.382,21.8,4.58,2.98,Lean Rent,NA,NA,NA,NA,NA,NA,NA,NA,2026-08-31,2026-08-31
Wilton Manors,FL,"Miami-Fort Lauderdale-Pompano Beach, FL",Broward County,579529.8630391067,0.3,2213.692592592593,4.3,26564.311111111114,0.382,21.8,4.58,2.98,Lean Rent,11788,3.08,2037472,4.84,14.84,13.18,6.08,36.74,2026-08-31,2026-08-31
Port Townsend,WA,NA,Jefferson County,632544.8152739144,-0.15,2415.8333333333335,NA,28990,0.382,21.8,4.58,2.98,Lean Rent,NA,NA,NA,NA,NA,NA,NA,NA,2026-08-31,2026-08-31
Milton,WA,"Seattle-Tacoma-Bellevue, WA",Pierce County,564514.924301615,0.06,2153.133333333333,-3.04,25837.6,0.381,21.8,4.58,2.98,Lean Rent,8833,1.51,941170,1.9,6.6,5.21,4.02,35.21,2026-08-31,2026-08-31
Spokane,WA,"Spokane-Spokane Valley, WA",Spokane County,396120.9241405902,-0.32,1506.533908428033,3.91,18078.406901136397,0.38,21.9,4.56,2.97,Lean Rent,230609,0.61,555947,2.73,4.76,5.38,3.55,36.11,2026-08-31,2026-08-31
Santa Maria,CA,"Santa Maria-Santa Barbara, CA",Santa Barbara County,665728.8049633675,3.73,2537.2324361628707,2.9,30446.78923395445,0.381,21.9,4.57,2.97,Lean Rent,111346,1.42,444500,-0.8,-2.53,6.76,3.08,47.13,2026-08-31,2026-08-31
Charlottesville,VA,"Charlottesville, VA",Albemarle County,515055.8699117997,1.05,1959.35729788817,1.09,23512.28757465804,0.38,21.9,4.56,2.97,Lean Rent,44767,-3.59,117313,4.22,12.53,6.82,2.72,34.05,2026-08-31,2026-08-31
Richardson,TX,"Dallas-Fort Worth-Arlington, TX",Dallas County,438610.63812469103,0.33,1668.8605889756116,0.56,20026.327067707338,0.38,21.9,4.57,2.97,Lean Rent,118221,-0.91,2656028,1.73,0.15,7.76,8.95,49.22,2026-08-31,2026-08-31
Ashburn,VA,"Washington-Arlington-Alexandria, DC-VA-MD-WV",Loudoun County,798579.9385869125,0.2,3038.8444540312535,-0.6,36466.13344837504,0.381,21.9,4.57,2.97,Lean Rent,NA,NA,443380,4.89,7.24,2.75,4.35,22.08,2026-08-31,2026-08-31
Carson,CA,"Los Angeles-Long Beach-Anaheim, CA",Los Angeles County,785721.4485743106,1.21,2989.137566137566,1.11,35869.65079365079,0.38,21.9,4.57,2.97,Lean Rent,91358,-4.26,9757179,-2.4,0.03,6.45,4.01,53.92,2026-08-31,2026-08-31
Colton,CA,"Riverside-San Bernardino-Ontario, CA",San Bernardino County,495001.1160331475,0.95,1883.1875,2.02,22598.25,0.38,21.9,4.57,2.97,Lean Rent,53528,-0.83,2214281,1.41,1.68,9.55,3.22,38.46,2026-08-31,2026-08-31
Fort Washington,MD,"Washington-Arlington-Alexandria, DC-VA-MD-WV",Prince Georges County,448667.77032580465,-0.66,1708.186628186628,2.77,20498.239538239537,0.381,21.9,4.57,2.97,Lean Rent,NA,NA,NA,NA,NA,NA,NA,NA,2026-08-31,2026-08-31
Huntington,NY,"New York-Newark-Jersey City, NY-NJ-PA",Suffolk County,936059.8624062088,2.62,3568.6904761904757,1.7,42824.28571428571,0.381,21.9,4.57,2.97,Lean Rent,NA,NA,1535909,0.9,2.22,11.64,3.67,18.09,2026-08-31,2026-08-31
Nazareth,PA,"Allentown-Bethlehem-Easton, PA-NJ",Northampton County,459951.5287475684,4.16,1751.6666666666667,1.54,21020,0.381,21.9,4.57,2.97,Lean Rent,6088,0.78,322989,3.25,8.06,5.53,2.64,28.88,2026-08-31,2026-08-31
Kelso,WA,"Longview, WA",Cowlitz County,386610.8956750719,-0.22,1469.861111111111,4.77,17638.333333333332,0.38,21.9,4.56,2.97,Lean Rent,12737,0.04,113982,2.67,8.67,5.39,2.32,33.85,2026-08-31,2026-08-31
Exton,PA,"Philadelphia-Camden-Wilmington, PA-NJ-DE-MD",Chester County,624007.1056268573,2.72,2379.0778227620335,5.54,28548.9338731444,0.381,21.9,4.58,2.97,Lean Rent,NA,NA,560745,4.84,7.29,3.95,3.98,25.05,2026-08-31,2026-08-31
Nyack,NY,"New York-Newark-Jersey City, NY-NJ-PA",Rockland County,782288.0316439824,7.39,2980.7083333333335,6.18,35768.5,0.381,21.9,4.57,2.97,Lean Rent,7369,1.82,348144,3.19,1.26,4.87,2.49,31.75,2026-08-31,2026-08-31
Ammon,ID,"Idaho Falls, ID",Bonneville County,418249.8545610079,1.67,1595.0277777777776,3.42,19140.333333333332,0.381,21.9,4.58,2.97,Lean Rent,20095,12.41,133644,7.14,10.04,6.56,4.3,28.39,2026-08-31,2026-08-31
Estacada,OR,"Portland-Vancouver-Hillsboro, OR-WA",Clackamas County,537366.5400013477,-1.43,2047.5,NA,24570,0.381,21.9,4.57,2.97,Lean Rent,NA,NA,NA,NA,NA,NA,NA,NA,2026-08-31,2026-08-31
Seabrook,NH,"Boston-Cambridge-Newton, MA-NH",Rockingham County,664914.976184043,3.01,2533.3333333333335,NA,30400,0.381,21.9,4.57,2.97,Lean Rent,NA,NA,NA,NA,NA,NA,NA,NA,2026-08-31,2026-08-31
Clover Creek,WA,"Seattle-Tacoma-Bellevue, WA",Pierce County,529068.045601592,0.9,2012.95,NA,24155.4,0.38,21.9,4.57,2.97,Lean Rent,NA,NA,941170,1.9,6.6,5.21,4.02,35.21,2026-08-31,2026-08-31
Riverside,CA,"Riverside-San Bernardino-Ontario, CA",Riverside County,645109.8614752636,0.47,2444.283618226306,2.1,29331.403418715672,0.379,22,4.55,2.96,Lean Rent,323757,2.61,2529933,4.34,7.33,11.37,4.89,31.14,2026-08-31,2026-08-31
Madison,WI,"Madison, WI",Dane County,426336.46069344576,2.47,1616.3992453521223,1.77,19396.790944225468,0.379,22,4.55,2.96,Lean Rent,285300,3.79,588347,4.57,11.72,3.59,2.98,42.34,2026-08-31,2026-08-31
Eugene,OR,"Eugene-Springfield, OR",Lane County,475563.4135255032,0.79,1806.2176799244687,2.47,21674.612159093624,0.38,21.9,4.56,2.96,Lean Rent,178786,0.2,382396,-0.47,4.1,5.23,2.88,40.62,2026-08-31,2026-08-31
Asheville,NC,"Asheville, NC",Buncombe County,448687.96382434416,-5.02,1703.5543701538588,0.12,20442.652441846305,0.38,21.9,4.56,2.96,Lean Rent,94992,0.68,279210,3.52,10.34,22.33,12.88,35.56,2026-08-31,2026-08-31
Hillsboro,OR,"Portland-Vancouver-Hillsboro, OR-WA",Washington County,512473.94005409494,-2.61,1943.9494681129493,-0.86,23327.393617355392,0.379,22,4.55,2.96,Lean Rent,110337,3.04,611272,1.7,7.45,3.35,3.82,39.13,2026-08-31,2026-08-31
Richmond,KY,"Richmond-Berea, KY",Madison County,301436.09729033354,1.41,1144.8354838709677,1.5,13738.025806451613,0.38,21.9,4.56,2.96,Lean Rent,39581,12.14,99582,7.09,18.92,8.01,4.84,37.6,2026-08-31,2026-08-31
Valley Stream,NY,"New York-Newark-Jersey City, NY-NJ-PA",Nassau County,769546.722813569,5.09,2919.444444444445,-2.36,35033.333333333336,0.379,22,4.55,2.96,Lean Rent,40232,-0.66,1392438,0.13,2.32,4.56,4.6,18.07,2026-08-31,2026-08-31
Prior Lake,MN,"Minneapolis-St. Paul-Bloomington, MN-WI",Scott County,530205.5277823283,1.81,2010.5396825396824,3.25,24126.47619047619,0.379,22,4.55,2.96,Lean Rent,28018,1.41,157206,3.87,2.74,2.6,1.89,15.7,2026-08-31,2026-08-31
Lebanon,OR,"Albany-Lebanon, OR",Linn County,392910.6879157398,0.47,1493.501984126984,1.15,17922.02380952381,0.38,21.9,4.56,2.96,Lean Rent,19950,7.59,132474,2.72,8.21,4.18,2.4,32.95,2026-08-31,2026-08-31
Indianola,IA,"Des Moines-West Des Moines, IA",Warren County,312612.20152101386,2.38,1185.4166666666667,NA,14225,0.379,22,4.55,2.96,Lean Rent,NA,NA,NA,NA,NA,NA,NA,NA,2026-08-31,2026-08-31
Clive,IA,"Des Moines-West Des Moines, IA",Polk County,430769.57363662665,0.86,1635,NA,19620,0.38,22,4.55,2.96,Lean Rent,NA,NA,NA,NA,NA,NA,NA,NA,2026-08-31,2026-08-31
Pearl River,NY,"New York-Newark-Jersey City, NY-NJ-PA",Rockland County,723775.3121636146,5.95,2744.444444444445,NA,32933.333333333336,0.379,22,4.55,2.96,Lean Rent,NA,NA,NA,NA,NA,NA,NA,NA,2026-08-31,2026-08-31
Northport,NY,"New York-Newark-Jersey City, NY-NJ-PA",Suffolk County,1010808.1274400594,3.87,3841.6666666666665,NA,46100,0.38,21.9,4.56,2.96,Lean Rent,NA,NA,NA,NA,NA,NA,NA,NA,2026-08-31,2026-08-31
Ayer,MA,"Boston-Cambridge-Newton, MA-NH",Middlesex County,575270.8238033064,2.83,2183.3333333333335,NA,26200,0.38,22,4.55,2.96,Lean Rent,NA,NA,NA,NA,NA,NA,NA,NA,2026-08-31,2026-08-31
Philomath,OR,"Corvallis, OR",Benton County,526289.0166938541,0.52,1997.7222222222224,NA,23972.666666666668,0.38,22,4.56,2.96,Lean Rent,5795,8.48,98899,5.64,3.22,5.62,4.76,43.97,2026-08-31,2026-08-31
Southport,NC,"Myrtle Beach-Conway-North Myrtle Beach, SC-NC",Brunswick County,546699.3956235521,1.17,2074.8333333333335,NA,24898,0.38,22,4.55,2.96,Lean Rent,NA,NA,NA,NA,NA,NA,NA,NA,2026-08-31,2026-08-31
Carnelian Bay,CA,"Sacramento-Roseville-Folsom, CA",Placer County,1086032.2990840003,0.23,4115,NA,49380,0.379,22,4.55,2.96,Lean Rent,NA,NA,NA,NA,NA,NA,NA,NA,2026-08-31,2026-08-31
Cumming,GA,"Atlanta-Sandy Springs-Alpharetta, GA",Forsyth County,595136.8402151302,-2.3,2252.8951941778028,1.43,27034.74233013363,0.379,22,4.54,2.95,Lean Rent,10175,38.27,280096,10.75,17.09,4.25,7.47,15.03,2026-08-31,2026-08-31
Duluth,GA,"Atlanta-Sandy Springs-Alpharetta, GA",Gwinnett County,437769.7500781301,-2.52,1657.8735344969991,-0.37,19894.48241396399,0.379,22,4.54,2.95,Lean Rent,33157,3.76,1003869,4.75,5.96,3.94,4.99,33.31,2026-08-31,2026-08-31
Olympia,WA,"Olympia-Lacey-Tumwater, WA",Thurston County,529479.2660558281,-0.2,2005.477688568967,2.26,24065.732262827605,0.379,22,4.55,2.95,Lean Rent,56271,1.19,302912,2.33,10.68,5,3.8,32.24,2026-08-31,2026-08-31
Bloomfield Hills,MI,"Detroit-Warren-Dearborn, MI",Oakland County,677439.9359374646,4.51,2558.190476190476,4.09,30698.285714285714,0.378,22.1,4.53,2.95,Lean Rent,4444,-0.02,1296888,1.91,10.58,5.25,6.51,27.73,2026-08-31,2026-08-31
Watertown,MA,"Boston-Cambridge-Newton, MA-NH",Middlesex County,819282.688801699,1.02,3093.577444771012,2.23,37122.92933725214,0.378,22.1,4.53,2.95,Lean Rent,35985,1.74,1668956,2.54,11.63,4.52,2.96,38.37,2026-08-31,2026-08-31
Davison,MI,"Flint, MI",Genesee County,260312.49385419744,4.84,985.7407407407408,NA,11828.888888888889,0.379,22,4.54,2.95,Lean Rent,NA,NA,NA,NA,NA,NA,NA,NA,2026-08-31,2026-08-31
Libertyville,IL,"Chicago-Naperville-Elgin, IL-IN-WI",Lake County,635027.9889683983,7.96,2398.8888888888887,NA,28786.666666666664,0.378,22.1,4.53,2.95,Lean Rent,NA,NA,NA,NA,NA,NA,NA,NA,2026-08-31,2026-08-31
East Palo Alto,CA,"San Francisco-Oakland-Berkeley, CA",San Mateo County,1012661.7530080136,-1.16,3836.3333333333335,NA,46036,0.379,22,4.55,2.95,Lean Rent,NA,NA,NA,NA,NA,NA,NA,NA,2026-08-31,2026-08-31
Windsor,CO,"Greeley, CO",Weld County,578070.3617887505,-1.28,2186.174074074074,0.25,26234.088888888888,0.378,22,4.54,2.95,Lean Rent,41734,25.55,369745,11.55,19.05,4.01,5.91,24.45,2026-08-31,2026-08-31
Marina,CA,"Salinas, CA",Monterey County,858881.3351692646,-0.27,3252.121693121693,6.91,39025.46031746032,0.379,22,4.54,2.95,Lean Rent,23047,3,436251,-0.97,-4.66,8.72,2.33,47.72,2026-08-31,2026-08-31
Stoneham,MA,"Boston-Cambridge-Newton, MA-NH",Middlesex County,805488.3514055175,2.82,3050.4607984607987,3.43,36605.52958152958,0.379,22,4.54,2.95,Lean Rent,NA,NA,1668956,2.54,11.63,4.52,2.96,38.37,2026-08-31,2026-08-31
Hood River,OR,"Hood River, OR",Hood River County,713732.9595477987,2.44,2698.055555555555,37.18,32376.666666666664,0.378,22,4.54,2.95,Lean Rent,NA,NA,NA,NA,NA,NA,NA,NA,2026-08-31,2026-08-31
Federal Heights,CO,"Denver-Aurora-Lakewood, CO",Adams County,385102.12345479854,-3.77,1454.8296296296296,1.07,17457.955555555556,0.378,22.1,4.53,2.95,Lean Rent,13971,-2.95,542973,4.31,8.16,3.55,3.6,31.13,2026-08-31,2026-08-31
Payette,ID,"Ontario, OR-ID",Payette County,372879.04728275584,5.05,1408.3333333333337,NA,16900.000000000004,0.378,22.1,4.53,2.95,Lean Rent,NA,NA,NA,NA,NA,NA,NA,NA,2026-08-31,2026-08-31
Williamsburg,MI,"Traverse City, MI",Grand Traverse County,465661.40503144154,3.13,1759.5,NA,21114,0.378,22.1,4.53,2.95,Lean Rent,NA,NA,NA,NA,NA,NA,NA,NA,2026-08-31,2026-08-31
Knob Noster,MO,"Warrensburg, MO",Johnson County,270469.3203508114,3.79,1022.2222222222224,NA,12266.666666666668,0.378,22,4.54,2.95,Lean Rent,NA,NA,NA,NA,NA,NA,NA,NA,2026-08-31,2026-08-31
Sheridan,CO,"Denver-Aurora-Lakewood, CO",Arapahoe County,424058.5309886695,-4.07,1601.6666666666667,-6.49,19220,0.378,22.1,4.53,2.95,Lean Rent,5932,-2.82,666918,1.77,3.13,4.55,5.64,34.88,2026-08-31,2026-08-31
North Redington Beach,FL,"Tampa-St. Petersburg-Clearwater, FL",Pinellas County,667370.1579748387,-1.92,2525,NA,30300,0.378,22,4.54,2.95,Lean Rent,NA,NA,NA,NA,NA,NA,NA,NA,2026-08-31,2026-08-31
Henderson,NV,"Las Vegas-Henderson-Paradise, NV",Clark County,479262.55234744895,-2.41,1805.6656797397416,-0.01,21667.988156876898,0.377,22.1,4.52,2.94,Lean Rent,350039,9.85,2398871,5.4,16.64,9.46,7.1,42.95,2026-08-31,2026-08-31
Oxnard,CA,"Oxnard-Thousand Oaks-Ventura, CA",Ventura County,759572.5592702035,0.96,2863.885185185185,0.71,34366.62222222222,0.377,22.1,4.52,2.94,Lean Rent,200616,-0.64,835427,-0.99,0.32,5.64,3.81,35.84,2026-08-31,2026-08-31
Spokane Valley,WA,"Spokane-Spokane Valley, WA",Spokane County,410897.4894446627,0.41,1546.6180511962057,1.7,18559.416614354468,0.376,22.1,4.52,2.94,Lean Rent,108267,4.46,555947,2.73,4.76,5.38,3.55,36.11,2026-08-31,2026-08-31
Plymouth,MN,"Minneapolis-St. Paul-Bloomington, MN-WI",Hennepin County,509530.94455240614,1.87,1921.941195741196,3.74,23063.294348894353,0.377,22.1,4.53,2.94,Lean Rent,78551,-2.98,1273334,-0.65,4.24,5.29,5.38,37.05,2026-08-31,2026-08-31
Passaic,NJ,"New York-Newark-Jersey City, NY-NJ-PA",Passaic County,555874.772841693,2.09,2093.1666666666665,0.36,25118,0.377,22.1,4.52,2.94,Lean Rent,70722,0.57,526597,0.6,7.33,4.03,2.2,47.17,2026-08-31,2026-08-31
Weatherford,TX,"Dallas-Fort Worth-Arlington, TX",Parker County,397128.3541897391,0.34,1497.4211720867208,4.01,17969.05406504065,0.377,22.1,4.52,2.94,Lean Rent,39397,26.36,179707,20.16,32.26,7.74,10.08,17.92,2026-08-31,2026-08-31
Mount Juliet,TN,"Nashville-Davidson--Murfreesboro--Franklin, TN",Wilson County,563601.8659158935,0.52,2124.966541306919,2.79,25499.59849568303,0.377,22.1,4.52,2.94,Lean Rent,44066,11.03,169948,14.33,30.62,7.16,7.44,23.17,2026-08-31,2026-08-31
Goshen,IN,"Elkhart-Goshen, IN",Elkhart County,282902.90249196446,5.25,1067.5833333333333,1.32,12811,0.377,22.1,4.53,2.94,Lean Rent,34458,-0.14,207436,0.21,-2.63,10.41,12.12,28.75,2026-08-31,2026-08-31
Washington,PA,"Pittsburgh, PA",Washington County,238528.2394275676,3.5,898.1119047619048,7.65,10777.342857142858,0.377,22.1,4.52,2.94,Lean Rent,13334,1.46,210434,0.49,4.53,10.07,6.42,23.56,2026-08-31,2026-08-31
Kearny,NJ,"New York-Newark-Jersey City, NY-NJ-PA",Hudson County,576640.6321877675,1.98,2173.850815850816,1.76,26086.209790209796,0.377,22.1,4.52,2.94,Lean Rent,40866,-2.02,736185,1.98,14.43,6.78,4.46,68.82,2026-08-31,2026-08-31
Morrisville,PA,"Philadelphia-Camden-Wilmington, PA-NJ-DE-MD",Bucks County,450235.6286311811,3.08,1699.5555555555557,NA,20394.666666666668,0.377,22.1,4.53,2.94,Lean Rent,9745,-0.53,650131,0.61,4.89,3.41,3.04,21.99,2026-08-31,2026-08-31
Poulsbo,WA,"Bremerton-Silverdale-Port Orchard, WA",Kitsap County,664608.7213788867,0.7,2503.711111111111,2.65,30044.533333333333,0.377,22.1,4.52,2.94,Lean Rent,12562,4.9,281420,2.03,11.34,6.99,3.99,29.85,2026-08-31,2026-08-31
Hudson,WI,"Minneapolis-St. Paul-Bloomington, MN-WI",Saint Croix County,498576.631641183,1.78,1878.2,5.05,22538.4,0.377,22.1,4.52,2.94,Lean Rent,15031,1.42,NA,NA,NA,NA,NA,NA,2026-08-31,2026-08-31
Pecan Grove,TX,"Houston-The Woodlands-Sugar Land, TX",Fort Bend County,396709.84801083786,-0.99,1494.7373737373737,-1.59,17936.848484848484,0.377,22.1,4.52,2.94,Lean Rent,NA,NA,958434,15.57,27.37,4.23,6.33,22.52,2026-08-31,2026-08-31
Mitchell,SD,"Mitchell, SD",Davison County,254780.40938822957,1.59,959.5,NA,11514,0.377,22.1,4.52,2.94,Lean Rent,15621,-0.34,19907,-0.24,-1.81,8.75,9.34,36.96,2026-08-31,2026-08-31
Larchmont,NY,"New York-Newark-Jersey City, NY-NJ-PA",Westchester County,1776924.2736471633,12.93,6700,NA,80400,0.377,22.1,4.52,2.94,Lean Rent,NA,NA,NA,NA,NA,NA,NA,NA,2026-08-31,2026-08-31
Caldwell,NJ,"New York-Newark-Jersey City, NY-NJ-PA",Essex County,740789.4290187882,5.48,2787.5,NA,33450,0.376,22.1,4.52,2.94,Lean Rent,NA,NA,NA,NA,NA,NA,NA,NA,2026-08-31,2026-08-31
Washington Terrace,UT,"Ogden-Clearfield, UT",Weber County,390908.1547502053,-0.55,1474.3333333333333,NA,17692,0.377,22.1,4.53,2.94,Lean Rent,NA,NA,NA,NA,NA,NA,NA,NA,2026-08-31,2026-08-31
Carolina Beach,NC,"Wilmington, NC",New Hanover County,603766.8859352383,1.52,2276.3888888888887,6.48,27316.666666666664,0.377,22.1,4.52,2.94,Lean Rent,NA,NA,NA,NA,NA,NA,NA,NA,2026-08-31,2026-08-31
Saint Augustine Beach,FL,"Jacksonville, FL",Saint Johns County,590984.9916682714,0.55,2225,0.06,26700,0.376,22.1,4.52,2.94,Lean Rent,NA,NA,NA,NA,NA,NA,NA,NA,2026-08-31,2026-08-31
Moriches,NY,"New York-Newark-Jersey City, NY-NJ-PA",Suffolk County,648036.272318818,4.56,2438.5,3.32,29262,0.376,22.1,4.52,2.94,Lean Rent,NA,NA,1535909,0.9,2.22,11.64,3.67,18.09,2026-08-31,2026-08-31
Georgetown,CO,"Denver-Aurora-Lakewood, CO",Clear Creek County,471410.205570074,-0.59,1775,NA,21300,0.377,22.1,4.52,2.94,Lean Rent,NA,NA,NA,NA,NA,NA,NA,NA,2026-08-31,2026-08-31
Glendale,AZ,"Phoenix-Mesa-Chandler, AZ",Maricopa County,401810.6199439783,-1.39,1507.1847312159523,0.76,18086.216774591427,0.375,22.2,4.5,2.93,Lean Rent,258143,3.7,4673096,5.12,9.38,8.29,5.4,34.99,2026-08-31,2026-08-31
McKinney,TX,"Dallas-Fort Worth-Arlington, TX",Collin County,472118.295615711,-5.57,1772.8046531805023,-2.14,21273.65583816603,0.376,22.2,4.51,2.93,Lean Rent,227526,15.2,1254658,16.64,31.61,5.16,6.55,35.92,2026-08-31,2026-08-31
Smyrna,GA,"Atlanta-Sandy Springs-Alpharetta, GA",Cobb County,443309.3598228665,-2.24,1665.3282312768954,3.41,19983.938775322746,0.376,22.2,4.51,2.93,Lean Rent,57177,1.8,787538,2.76,2.77,5.82,5.06,33.01,2026-08-31,2026-08-31
La Crosse,WI,"La Crosse-Onalaska, WI-MN",La Crosse County,287923.5125421279,4.44,1079.967320261438,5.33,12959.607843137257,0.375,22.2,4.5,2.93,Lean Rent,51049,-3.06,121060,0.1,2.94,5.06,3.75,37.51,2026-08-31,2026-08-31
Minnetonka,MN,"Minneapolis-St. Paul-Bloomington, MN-WI",Hennepin County,485326.7701830782,3,1824.5340311679931,4.48,21894.40837401592,0.376,22.2,4.51,2.93,Lean Rent,52651,-2.69,1273334,-0.65,4.24,5.29,5.38,37.05,2026-08-31,2026-08-31
Glen Ellyn,IL,"Chicago-Naperville-Elgin, IL-IN-WI",DuPage County,578698.1748156332,6.48,2172.6222222222223,NA,26071.466666666667,0.375,22.2,4.51,2.93,Lean Rent,NA,NA,NA,NA,NA,NA,NA,NA,2026-08-31,2026-08-31
Franklin,MA,"Boston-Cambridge-Newton, MA-NH",Norfolk County,707859.9428167454,2.72,2663.45,3.41,31961.399999999998,0.376,22.1,4.52,2.93,Lean Rent,NA,NA,740754,2.35,9.81,4.09,3.95,31.48,2026-08-31,2026-08-31
Onalaska,WI,"La Crosse-Onalaska, WI-MN",La Crosse County,369937.86800064176,3.87,1390,NA,16680,0.376,22.2,4.51,2.93,Lean Rent,19898,5.46,121060,0.1,2.94,5.06,3.75,37.51,2026-08-31,2026-08-31
Middleborough,MA,"Boston-Cambridge-Newton, MA-NH",Plymouth County,572560.0903626193,4.07,2148.8888888888887,NA,25786.666666666664,0.375,22.2,4.5,2.93,Lean Rent,NA,NA,542090,2.58,7.97,7.23,1.91,22.38,2026-08-31,2026-08-31
Rocky River,OH,"Cleveland-Elyria, OH",Cuyahoga County,403580.5198025729,5.22,1515.388888888889,NA,18184.666666666668,0.375,22.2,4.51,2.93,Lean Rent,21468,-1.17,1240594,-1.75,1.72,9.97,5.22,40.95,2026-08-31,2026-08-31
Roanoke,TX,"Dallas-Fort Worth-Arlington, TX",Denton County,425009.1101008149,-1.1,1596.3224133224132,0.75,19155.86895986896,0.376,22.2,4.51,2.93,Lean Rent,10895,11.62,1045120,14.28,23.72,4.75,5.09,34.63,2026-08-31,2026-08-31
Grimes,IA,"Des Moines-West Des Moines, IA",Polk County,349320.82244070945,-0.85,1310.0109890109889,2.54,15720.131868131866,0.375,22.2,4.5,2.93,Lean Rent,17266,9.85,516185,4.69,12.01,5.87,5,32.93,2026-08-31,2026-08-31
Bronxville,NY,"New York-Newark-Jersey City, NY-NJ-PA",Westchester County,1486780.6903645347,-4.31,5588.444444444444,NA,67061.33333333333,0.376,22.2,4.51,2.93,Lean Rent,NA,NA,NA,NA,NA,NA,NA,NA,2026-08-31,2026-08-31
Boise,ID,"Boise City, ID",Ada County,503851.8120881978,1.77,1885.3007934733464,7.18,22623.609521680155,0.374,22.3,4.49,2.92,Lean Rent,NA,NA,535799,7.53,14.17,4.08,3.49,28.65,2026-08-31,2026-08-31
Highlands Ranch,CO,"Denver-Aurora-Lakewood, CO",Douglas County,694233.7312764977,-1.82,2596.7535081665515,0.73,31161.042097998616,0.374,22.3,4.49,2.92,Lean Rent,NA,NA,393995,9.34,17.82,3.14,4.54,22.23,2026-08-31,2026-08-31
Cedar Park,TX,"Austin-Round Rock-Georgetown, TX",Williamson County,461619.6355322245,-3.62,1727.2938822543474,2.02,20727.52658705217,0.374,22.3,4.49,2.92,Lean Rent,78380,0.44,727480,18.17,29.75,3.91,3.51,32.92,2026-08-31,2026-08-31
Shelby Township,MI,"Detroit-Warren-Dearborn, MI",Macomb County,406302.67917592224,2.31,1519.1177156177157,3.71,18229.41258741259,0.374,22.3,4.49,2.92,Lean Rent,NA,NA,886175,0.67,8.17,4.12,3.23,25.04,2026-08-31,2026-08-31
Madison,AL,"Huntsville, AL",Limestone County,376375.4649816919,0.9,1411.0187370118963,1.33,16932.224844142755,0.375,22.2,4.5,2.92,Lean Rent,64029,11.72,118942,14.14,33.45,7.97,6.79,22.5,2026-08-31,2026-08-31
South Milwaukee,WI,"Milwaukee-Waukesha, WI",Milwaukee County,307215.0262650395,3.68,1148.1555555555558,6.61,13777.866666666669,0.374,22.3,4.48,2.92,Lean Rent,20233,-2.59,924740,-1.48,0.57,8.21,6.16,50.2,2026-08-31,2026-08-31
Chippewa Falls,WI,"Eau Claire, WI",Chippewa County,341342.94936527195,2.55,1279.4166666666667,4.85,15353,0.375,22.2,4.5,2.92,Lean Rent,15075,2.33,67323,1.47,5.93,8.44,1.62,25.38,2026-08-31,2026-08-31
Lake Forest,IL,"Chicago-Naperville-Elgin, IL-IN-WI",Lake County,1248039.8711341613,10.78,4667.75,NA,56013,0.374,22.3,4.49,2.92,Lean Rent,NA,NA,NA,NA,NA,NA,NA,NA,2026-08-31,2026-08-31
Marble Falls,TX,"Austin-Round Rock-Georgetown, TX",Burnet County,398887.9187145917,-2.54,1494.9345238095236,-0.05,17939.214285714283,0.375,22.2,4.5,2.92,Lean Rent,9413,33.01,55722,12.62,25.54,20.26,4.76,22.75,2026-08-31,2026-08-31
Locust Valley,NY,"New York-Newark-Jersey City, NY-NJ-PA",Nassau County,1242885.4363876043,5.05,4650,NA,55800,0.374,22.3,4.49,2.92,Lean Rent,NA,NA,NA,NA,NA,NA,NA,NA,2026-08-31,2026-08-31
Dresher,PA,"Philadelphia-Camden-Wilmington, PA-NJ-DE-MD",Montgomery County,718714.1416016469,4.12,2688.3333333333335,NA,32260,0.374,22.3,4.49,2.92,Lean Rent,NA,NA,NA,NA,NA,NA,NA,NA,2026-08-31,2026-08-31
Surfside,FL,"Miami-Fort Lauderdale-Pompano Beach, FL",Miami-Dade County,1351564.2486438686,9.65,5061.507936507936,5.6,60738.09523809524,0.374,22.3,4.49,2.92,Lean Rent,5719,1.19,2838461,5.29,19.88,11.11,5.36,47.81,2026-08-31,2026-08-31
Lakewood,NJ,"New York-Newark-Jersey City, NY-NJ-PA",Ocean County,589570.7274098786,8.03,2199.5833333333335,NA,26395,0.373,22.3,4.48,2.91,Lean Rent,NA,NA,666434,4.37,4.36,18.18,2.79,19.83,2026-08-31,2026-08-31
Green Bay,WI,"Green Bay, WI",Brown County,285361.16147818515,5.36,1065.7956590193432,3.9,12789.547908232118,0.373,22.3,4.48,2.91,Lean Rent,106311,-0.92,273909,1.84,4.22,3.4,2.45,35.38,2026-08-31,2026-08-31
Hacienda Heights,CA,"Los Angeles-Long Beach-Anaheim, CA",Los Angeles County,943820.9984205444,2.04,3523.8888888888887,2.45,42286.666666666664,0.373,22.3,4.48,2.91,Lean Rent,NA,NA,9757179,-2.4,0.03,6.45,4.01,53.92,2026-08-31,2026-08-31
La Mirada,CA,"Los Angeles-Long Beach-Anaheim, CA",Los Angeles County,879253.9369519862,2.3,3275.522222222222,2.29,39306.26666666666,0.373,22.4,4.47,2.91,Lean Rent,46367,-4.47,9757179,-2.4,0.03,6.45,4.01,53.92,2026-08-31,2026-08-31
Burlington,MA,"Boston-Cambridge-Newton, MA-NH",Middlesex County,877363.0527739689,1.93,3271.3852258852257,1.59,39256.62271062271,0.373,22.3,4.47,2.91,Lean Rent,NA,NA,1668956,2.54,11.63,4.52,2.96,38.37,2026-08-31,2026-08-31
Lodi,NJ,"New York-Newark-Jersey City, NY-NJ-PA",Bergen County,630258.6364643103,5.79,2348.0158730158732,4.68,28176.19047619048,0.373,22.4,4.47,2.91,Lean Rent,26358,0.9,978641,2.61,10.38,4.13,3.53,34.64,2026-08-31,2026-08-31
Vinings,GA,"Atlanta-Sandy Springs-Alpharetta, GA",Cobb County,485394.46807014226,-1.83,1811.9925438596492,-0.78,21743.91052631579,0.373,22.3,4.48,2.91,Lean Rent,NA,NA,787538,2.76,2.77,5.82,5.06,33.01,2026-08-31,2026-08-31
Little Canada,MN,"Minneapolis-St. Paul-Bloomington, MN-WI",Ramsey County,363004.58850961336,1.37,1354.7824074074074,-0.09,16257.388888888889,0.373,22.3,4.48,2.91,Lean Rent,10590,-1.89,542015,-1.76,3.41,5.41,6.16,38.97,2026-08-31,2026-08-31
Belfast,ME,NA,Waldo County,400600.8509326431,5.35,1492.5,NA,17910,0.373,22.4,4.47,2.91,Lean Rent,NA,NA,NA,NA,NA,NA,NA,NA,2026-08-31,2026-08-31
Walla Walla,WA,"Walla Walla, WA",Walla Walla County,416340.798279479,0.71,1550.2214285714283,3.11,18602.65714285714,0.372,22.4,4.47,2.9,Lean Rent,33901,-1.09,62068,-0.9,8.18,7.25,6.15,34.06,2026-08-31,2026-08-31
Woburn,MA,"Boston-Cambridge-Newton, MA-NH",Middlesex County,759094.6919657029,2.16,2821.066432748538,0.36,33852.797192982456,0.372,22.4,4.46,2.9,Lean Rent,43895,7.51,1668956,2.54,11.63,4.52,2.96,38.37,2026-08-31,2026-08-31
Battle Ground,WA,"Portland-Vancouver-Hillsboro, OR-WA",Clark County,604364.1235874131,0.12,2247.287037037037,3.91,26967.444444444445,0.372,22.4,4.46,2.9,Lean Rent,22959,10.03,527269,4.33,6.69,3.84,3.08,33.79,2026-08-31,2026-08-31
Glen Mills,PA,"Philadelphia-Camden-Wilmington, PA-NJ-DE-MD",Delaware County,707400.3773289043,3.18,2625.6,14.53,31507.199999999997,0.371,22.5,4.45,2.9,Lean Rent,NA,NA,584882,1.45,5.58,5.55,4.21,30.36,2026-08-31,2026-08-31
Benbrook,TX,"Dallas-Fort Worth-Arlington, TX",Tarrant County,318307.4273318527,0.04,1184.6971326164874,4.91,14216.365591397847,0.372,22.4,4.47,2.9,Lean Rent,24542,0.2,2230708,5.41,8.74,7.08,7.73,40.64,2026-08-31,2026-08-31
Madison Heights,VA,"Lynchburg, VA",Amherst County,248187.6225059843,0.6,923.0555555555557,NA,11076.666666666668,0.372,22.4,4.46,2.9,Lean Rent,NA,NA,31650,1.08,6.16,11.18,3.07,21.6,2026-08-31,2026-08-31
Lander,WY,"Riverton, WY",Fremont County,388382.120851364,1.74,1445.8333333333333,NA,17350,0.372,22.4,4.47,2.9,Lean Rent,NA,NA,NA,NA,NA,NA,NA,NA,2026-08-31,2026-08-31
Rochester,MI,"Detroit-Warren-Dearborn, MI",Oakland County,493920.1795685718,4.12,1834.0166666666669,5.08,22008.200000000004,0.371,22.4,4.46,2.9,Lean Rent,12978,-0.15,1296888,1.91,10.58,5.25,6.51,27.73,2026-08-31,2026-08-31
Plover,WI,"Stevens Point, WI",Portage County,355885.4100730189,6.77,1323.1611111111113,NA,15877.933333333334,0.372,22.4,4.46,2.9,Lean Rent,14208,4.77,72040,2.31,8.66,5.91,4.14,30.68,2026-08-31,2026-08-31
Clear Lake,IA,"Mason City, IA",Cerro Gordo County,338227.8195066136,4.73,1257.5,NA,15090,0.372,22.4,4.46,2.9,Lean Rent,NA,NA,NA,NA,NA,NA,NA,NA,2026-08-31,2026-08-31
Westminster,MD,"Baltimore-Columbia-Towson, MD",Carroll County,463314.8371661925,1.13,1718.8373015873017,3.43,20626.04761904762,0.371,22.5,4.45,2.89,Lean Rent,20662,2.64,177108,2.43,2.28,4.05,4.89,16.15,2026-08-31,2026-08-31
Richland,WA,"Kennewick-Richland, WA",Benton County,466478.1433721728,0.32,1730.6811752786225,-1.06,20768.17410334347,0.371,22.5,4.45,2.89,Lean Rent,64372,5.72,218190,5.19,10.36,6.23,5.79,31.5,2026-08-31,2026-08-31
Rockwall,TX,"Dallas-Fort Worth-Arlington, TX",Rockwall County,474988.950005535,-0.97,1762.067426147077,1.42,21144.809113764924,0.371,22.5,4.45,2.89,Lean Rent,53547,12.15,137044,25.5,35.89,4.62,4.94,17.44,2026-08-31,2026-08-31
Englewood,CO,"Denver-Aurora-Lakewood, CO",Arapahoe County,501779.9917719828,-2.24,1861.008176369863,-0.25,22332.098116438356,0.371,22.5,4.45,2.89,Lean Rent,35238,4.81,666918,1.77,3.13,4.55,5.64,34.88,2026-08-31,2026-08-31
Oak Harbor,WA,"Oak Harbor, WA",Island County,531079.1394066738,1.53,1966.191885964912,5.51,23594.302631578943,0.37,22.5,4.44,2.89,Lean Rent,24163,-1.89,86478,-0.61,3.08,16.2,8.47,25.35,2026-08-31,2026-08-31
Parkland,WA,"Seattle-Tacoma-Bellevue, WA",Pierce County,464187.4334884896,0.16,1721.636111111111,-1.09,20659.63333333333,0.371,22.5,4.45,2.89,Lean Rent,NA,NA,941170,1.9,6.6,5.21,4.02,35.21,2026-08-31,2026-08-31
Kennett Square,PA,"Philadelphia-Camden-Wilmington, PA-NJ-DE-MD",Chester County,629223.2410684855,2.7,2329.777777777778,3.6,27957.333333333336,0.37,22.5,4.44,2.89,Lean Rent,6713,13.07,560745,4.84,7.29,3.95,3.98,25.05,2026-08-31,2026-08-31
Jamul,CA,"San Diego-Chula Vista-Carlsbad, CA",San Diego County,1024308.050720437,1.86,3800,NA,45600,0.371,22.5,4.45,2.89,Lean Rent,NA,NA,NA,NA,NA,NA,NA,NA,2026-08-31,2026-08-31
East Helena,MT,"Helena, MT",Broadwater County,445404.8990713472,2.58,1650,NA,19800,0.37,22.5,4.45,2.89,Lean Rent,NA,NA,NA,NA,NA,NA,NA,NA,2026-08-31,2026-08-31
Garden Home-Whitford,OR,"Portland-Vancouver-Hillsboro, OR-WA",Washington County,631339.4377084515,-0.12,2338.722222222222,4.22,28064.666666666664,0.37,22.5,4.45,2.89,Lean Rent,NA,NA,611272,1.7,7.45,3.35,3.82,39.13,2026-08-31,2026-08-31
Farmington Hills,MI,"Detroit-Warren-Dearborn, MI",Oakland County,389782.783210451,2.39,1439.6724537037037,6.37,17276.069444444445,0.369,22.6,4.43,2.88,Lean Rent,84173,0.42,1296888,1.91,10.58,5.25,6.51,27.73,2026-08-31,2026-08-31
Westerville,OH,"Columbus, OH",Franklin County,451260.49154656334,1.62,1668.75763193672,3.16,20025.09158324064,0.37,22.5,4.44,2.88,Lean Rent,38612,-1.6,1356303,2.4,7.58,6.96,3.98,47.03,2026-08-31,2026-08-31
Somerville,MA,"Boston-Cambridge-Newton, MA-NH",Middlesex County,923850.1040268613,0.39,3414.4899626440333,3.9,40973.8795517284,0.37,22.5,4.44,2.88,Lean Rent,82149,1.54,1668956,2.54,11.63,4.52,2.96,38.37,2026-08-31,2026-08-31
Loma Linda,CA,"Riverside-San Bernardino-Ontario, CA",San Bernardino County,639051.5720948969,1.65,2361.7555555555555,1.07,28341.066666666666,0.37,22.5,4.43,2.88,Lean Rent,25197,1.12,2214281,1.41,1.68,9.55,3.22,38.46,2026-08-31,2026-08-31
Ripon,CA,"Stockton, CA",San Joaquin County,679901.8795276328,-0.01,2507.25,NA,30087,0.369,22.6,4.43,2.88,Lean Rent,NA,NA,NA,NA,NA,NA,NA,NA,2026-08-31,2026-08-31
Denver,PA,"Lancaster, PA",Lancaster County,396292.5909566038,5,1464.8333333333333,NA,17578,0.37,22.5,4.44,2.88,Lean Rent,NA,NA,NA,NA,NA,NA,NA,NA,2026-08-31,2026-08-31
Newman,CA,"Modesto, CA",Stanislaus County,433715.238236542,-2.08,1600,NA,19200,0.369,22.6,4.43,2.88,Lean Rent,NA,NA,NA,NA,NA,NA,NA,NA,2026-08-31,2026-08-31
Poquoson,VA,"Virginia Beach-Norfolk-Newport News, VA-NC",Poquoson City,463661.74133770337,1.61,1712.5,NA,20550,0.369,22.6,4.43,2.88,Lean Rent,NA,NA,NA,NA,NA,NA,NA,NA,2026-08-31,2026-08-31
Black Diamond,WA,"Seattle-Tacoma-Bellevue, WA",King County,750277.0961312907,-2.96,2769.1666666666665,2.87,33230,0.369,22.6,4.43,2.88,Lean Rent,6787,40.05,2340211,2.9,15.35,6.12,5.05,43.91,2026-08-31,2026-08-31
De Soto,KS,"Kansas City, MO-KS",Johnson County,431170.01532149775,4.49,1591.6666666666663,NA,19099.999999999996,0.369,22.6,4.43,2.88,Lean Rent,NA,NA,NA,NA,NA,NA,NA,NA,2026-08-31,2026-08-31
Dillon,CO,"Breckenridge, CO",Summit County,827871.2462100344,-0.86,3059.722222222222,NA,36716.666666666664,0.37,22.5,4.44,2.88,Lean Rent,1013,-4.88,30882,-1.14,-3.89,61.23,39.16,30.78,2026-08-31,2026-08-31
Raleigh,NC,"Raleigh-Cary, NC",Wake County,428671.0816788534,-1.75,1577.1918006879507,0.45,18926.30160825541,0.368,22.6,4.42,2.87,Lean Rent,499825,7.29,1232444,9,18.32,7.54,9.49,35.57,2026-08-31,2026-08-31
Fernandina Beach,FL,"Jacksonville, FL",Nassau County,610614.6475143372,-0.34,2248.019943019943,3.6,26976.23931623932,0.368,22.6,4.42,2.87,Lean Rent,13672,4.45,104376,14.65,29.77,12.52,7.09,17.02,2026-08-31,2026-08-31
Sun Prairie,WI,"Madison, WI",Dane County,443196.0580311566,3.53,1631.9957264957266,4.78,19583.94871794872,0.368,22.6,4.42,2.87,Lean Rent,39253,9.01,588347,4.57,11.72,3.59,2.98,42.34,2026-08-31,2026-08-31
South Lake Tahoe,CA,"Sacramento-Roseville-Folsom, CA",El Dorado County,658838.3562166272,1.55,2425.148822911981,4.8,29101.785874943773,0.368,22.6,4.42,2.87,Lean Rent,21225,-0.37,192823,0.82,3.5,19.67,6.98,23.61,2026-08-31,2026-08-31
Forest,VA,"Lynchburg, VA",Bedford County,414856.7356805632,2.25,1524.4444444444443,1.25,18293.333333333332,0.367,22.7,4.41,2.87,Lean Rent,NA,NA,82182,3.27,10.01,12.53,5.79,15.79,2026-08-31,2026-08-31
Berea,KY,"Richmond-Berea, KY",Madison County,250875.01653889223,0.39,923.1944444444443,NA,11078.333333333332,0.368,22.6,4.42,2.87,Lean Rent,16436,5.37,99582,7.09,18.92,8.01,4.84,37.6,2026-08-31,2026-08-31
Springfield,NJ,"New York-Newark-Jersey City, NY-NJ-PA",Union County,707483.3150818,0.47,2598.938888888889,NA,31187.266666666666,0.367,22.7,4.41,2.87,Lean Rent,NA,NA,594160,3.57,15.84,4.55,3.18,42.39,2026-08-31,2026-08-31
Forest Acres,SC,"Columbia, SC",Richland County,336670.001019722,5.18,1240.638888888889,-1.71,14887.666666666668,0.369,22.6,4.42,2.87,Lean Rent,10438,-1.72,430651,3.6,10.35,10.74,5.98,39.63,2026-08-31,2026-08-31
Medical Lake,WA,"Spokane-Spokane Valley, WA",Spokane County,425087.0938301056,1.52,1561.6666666666667,NA,18740,0.367,22.7,4.41,2.87,Lean Rent,NA,NA,NA,NA,NA,NA,NA,NA,2026-08-31,2026-08-31
Fairview,OR,"Portland-Vancouver-Hillsboro, OR-WA",Multnomah County,471529.45221821713,-1.14,1737.4444444444443,-2.74,20849.333333333332,0.368,22.6,4.42,2.87,Lean Rent,10796,3.84,795897,-2.5,1.19,5.52,4.7,45.9,2026-08-31,2026-08-31
Yakima,WA,"Yakima, WA",Yakima County,361999.2002770525,0.81,1329.03961352657,1.86,15948.47536231884,0.367,22.7,4.41,2.86,Lean Rent,97390,0.32,258523,0.7,1.67,5.41,2.76,37.58,2026-08-31,2026-08-31
Johns Creek,GA,"Atlanta-Sandy Springs-Alpharetta, GA",Fulton County,695041.0625194772,0.59,2548.0468579899475,0.55,30576.56229587937,0.367,22.7,4.4,2.86,Lean Rent,81167,-1.72,1090354,1.97,1.33,8.52,7.69,45.86,2026-08-31,2026-08-31
Lebanon,TN,"Nashville-Davidson--Murfreesboro--Franklin, TN",Wilson County,447310.63451062824,1.33,1639.1084415584417,2.16,19669.3012987013,0.366,22.7,4.4,2.86,Lean Rent,51501,32.41,169948,14.33,30.62,7.16,7.44,23.17,2026-08-31,2026-08-31
Port Orchard,WA,"Bremerton-Silverdale-Port Orchard, WA",Kitsap County,556369.7407457203,1.84,2042.3400793650792,4.45,24508.08095238095,0.367,22.7,4.4,2.86,Lean Rent,19122,22.35,281420,2.03,11.34,6.99,3.99,29.85,2026-08-31,2026-08-31
Novato,CA,"San Francisco-Oakland-Berkeley, CA",Marin County,1061653.6131308142,1.49,3889.15,4.96,46669.8,0.366,22.7,4.4,2.86,Lean Rent,52311,-1.57,256400,-1.89,2.96,7.74,3.07,36.12,2026-08-31,2026-08-31
Lake Havasu City,AZ,"Lake Havasu City-Kingman, AZ",Mohave County,462037.2700758409,0.45,1694.3077248677248,2.98,20331.6926984127,0.367,22.7,4.4,2.86,Lean Rent,59037,2.91,226479,5.75,21.83,18.98,2.42,26.37,2026-08-31,2026-08-31
Grand Blanc,MI,"Flint, MI",Genesee County,292724.7835567411,4,1073.029605263158,1.49,12876.355263157895,0.367,22.7,4.4,2.86,Lean Rent,7924,-1.91,402279,-0.87,3.33,9.45,3.6,29.16,2026-08-31,2026-08-31
Brookings,SD,"Brookings, SD",Brookings County,325400.9681297477,5.51,1194.2943722943726,3.7,14331.53246753247,0.367,22.7,4.4,2.86,Lean Rent,24555,5.07,36359,5.85,8.36,10.22,5.18,41.13,2026-08-31,2026-08-31
Crestwood,KY,"Louisville/Jefferson County, KY-IN",Oldham County,489356.2439242991,2.72,1795.5,NA,21546,0.367,22.7,4.4,2.86,Lean Rent,NA,NA,NA,NA,NA,NA,NA,NA,2026-08-31,2026-08-31
Cottage Grove,OR,"Eugene-Springfield, OR",Lane County,399713.3719931916,0.52,1467.5,NA,17610,0.367,22.7,4.41,2.86,Lean Rent,NA,NA,NA,NA,NA,NA,NA,NA,2026-08-31,2026-08-31
Selah,WA,"Yakima, WA",Yakima County,438154.8322609475,0.6,1605.6944444444443,7.61,19268.333333333332,0.366,22.7,4.4,2.86,Lean Rent,8653,5.67,258523,0.7,1.67,5.41,2.76,37.58,2026-08-31,2026-08-31
Cotati,CA,"Santa Rosa-Petaluma, CA",Sonoma County,725754.9069511439,-0.58,2661.6666666666665,NA,31940,0.367,22.7,4.4,2.86,Lean Rent,NA,NA,NA,NA,NA,NA,NA,NA,2026-08-31,2026-08-31
Gilbert,AZ,"Phoenix-Mesa-Chandler, AZ",Maricopa County,566873.4406160485,-0.34,2074.5745617899524,0.78,24894.89474147943,0.366,22.8,4.39,2.85,Lean Rent,288790,7.19,4673096,5.12,9.38,8.29,5.4,34.99,2026-08-31,2026-08-31
Naperville,IL,"Chicago-Naperville-Elgin, IL-IN-WI",DuPage County,625493.595940433,4.42,2288.9916335248195,2.73,27467.89960229783,0.366,22.8,4.39,2.85,Lean Rent,153124,2.47,937142,0.6,5.3,4.53,5.6,26.87,2026-08-31,2026-08-31
Westminster,CO,"Denver-Aurora-Lakewood, CO",Jefferson County,514932.50269603875,-1.89,1883.5636745492732,0.59,22602.76409459128,0.366,22.8,4.39,2.85,Lean Rent,115302,-1.16,578533,-0.79,0.75,4.44,4.86,29.39,2026-08-31,2026-08-31
Lompoc,CA,"Santa Maria-Santa Barbara, CA",Santa Barbara County,594682.904325537,3.56,2169.452380952381,3.44,26033.428571428572,0.365,22.8,4.38,2.85,Lean Rent,43594,-1.36,444500,-0.8,-2.53,6.76,3.08,47.13,2026-08-31,2026-08-31
Paso Robles,CA,"San Luis Obispo-Paso Robles, CA",San Luis Obispo County,767974.7851569433,1.73,2803.4067460317456,2,33640.88095238095,0.365,22.8,4.38,2.85,Lean Rent,NA,NA,281843,-0.03,0.58,12.79,4.74,38.1,2026-08-31,2026-08-31
Magna,UT,"Salt Lake City, UT",Salt Lake County,439173.1691658313,0.04,1606.4501831501832,NA,19277.4021978022,0.366,22.8,4.39,2.85,Lean Rent,NA,NA,1216274,2.46,7.39,5.36,5.82,33,2026-08-31,2026-08-31
Westford,MA,"Boston-Cambridge-Newton, MA-NH",Middlesex County,837956.7155709293,0,3062.125,1.97,36745.5,0.365,22.8,4.39,2.85,Lean Rent,NA,NA,1668956,2.54,11.63,4.52,2.96,38.37,2026-08-31,2026-08-31
Gulf Shores,AL,"Daphne-Fairhope-Foley, AL",Baldwin County,451402.8781790682,-0.39,1649.2200435729849,2.4,19790.64052287582,0.365,22.8,4.38,2.85,Lean Rent,17431,13.52,261608,12.16,29.22,26.36,33.41,22.46,2026-08-31,2026-08-31
Alamosa,CO,NA,Alamosa County,311580.50965882634,2.8,1136.6666666666667,NA,13640,0.365,22.8,4.38,2.85,Lean Rent,9906,0.96,16689,1.92,-1.32,8.09,3.05,43.61,2026-08-31,2026-08-31
Northview,MI,"Grand Rapids-Kentwood, MI",Kent County,360848.7326567301,5.88,1316.388888888889,NA,15796.666666666668,0.365,22.8,4.38,2.85,Lean Rent,NA,NA,673002,2.2,7.09,4.57,4.07,29.64,2026-08-31,2026-08-31
Plattsmouth,NE,"Omaha-Council Bluffs, NE-IA",Cass County,311640.59462886566,4.1,1138.888888888889,NA,13666.666666666668,0.365,22.8,4.39,2.85,Lean Rent,NA,NA,NA,NA,NA,NA,NA,NA,2026-08-31,2026-08-31
Freeport,ME,"Portland-South Portland, ME",Cumberland County,688763.2321221418,3.35,2515.277777777778,NA,30183.333333333336,0.365,22.8,4.38,2.85,Lean Rent,NA,NA,NA,NA,NA,NA,NA,NA,2026-08-31,2026-08-31
Northlake,TX,"Dallas-Fort Worth-Arlington, TX",Denton County,487358.1060083302,-3.31,1783.7777777777776,NA,21405.333333333332,0.366,22.8,4.39,2.85,Lean Rent,10746,95.06,1045120,14.28,23.72,4.75,5.09,34.63,2026-08-31,2026-08-31
Smithfield,UT,"Logan, UT-ID",Cache County,466829.6644961291,2.47,1708.25,NA,20499,0.366,22.8,4.39,2.85,Lean Rent,NA,NA,NA,NA,NA,NA,NA,NA,2026-08-31,2026-08-31
Vancouver,WA,"Portland-Vancouver-Hillsboro, OR-WA",Clark County,501695.6859814967,-0.08,1828.154091356132,0.59,21937.849096273585,0.364,22.9,4.37,2.84,Lean Rent,198992,4.03,527269,4.33,6.69,3.84,3.08,33.79,2026-08-31,2026-08-31
Goodyear,AZ,"Phoenix-Mesa-Chandler, AZ",Maricopa County,462929.0981781419,-0.84,1683.3729785773958,0.55,20200.47574292875,0.364,22.9,4.36,2.84,Lean Rent,118186,20.83,4673096,5.12,9.38,8.29,5.4,34.99,2026-08-31,2026-08-31
Beverly,MA,"Boston-Cambridge-Newton, MA-NH",Essex County,763088.4135796605,3.42,2774.970899470899,4.33,33299.650793650784,0.364,22.9,4.36,2.84,Lean Rent,43223,1.53,823938,2,7.8,5.11,2.53,36.04,2026-08-31,2026-08-31
Waxhaw,NC,"Charlotte-Concord-Gastonia, NC-SC",Union County,709981.5188118359,-0.09,2581.7532859297567,5.22,30981.039431157078,0.364,22.9,4.36,2.84,Lean Rent,23178,11.54,263386,9.89,19.55,5.19,2.44,18.15,2026-08-31,2026-08-31
North Attleboro,MA,"Providence-Warwick, RI-MA",Bristol County,609963.2403357552,2.86,2222.1677489177487,4.07,26666.012987012982,0.364,22.9,4.37,2.84,Lean Rent,NA,NA,588593,2.05,7.41,4.9,2.27,37.75,2026-08-31,2026-08-31
Foxborough,MA,"Boston-Cambridge-Newton, MA-NH",Norfolk County,718908.1430091261,1.5,2620.277777777778,NA,31443.333333333336,0.364,22.9,4.37,2.84,Lean Rent,NA,NA,740754,2.35,9.81,4.09,3.95,31.48,2026-08-31,2026-08-31
Fort Morgan,CO,"Fort Morgan, CO",Morgan County,329227.42057639855,0.14,1200,NA,14400,0.364,22.9,4.37,2.84,Lean Rent,NA,NA,NA,NA,NA,NA,NA,NA,2026-08-31,2026-08-31
Cottage Grove,WI,"Madison, WI",Dane County,479168.5352464467,3.07,1744.8333333333333,1.36,20938,0.364,22.9,4.37,2.84,Lean Rent,8974,21.5,588347,4.57,11.72,3.59,2.98,42.34,2026-08-31,2026-08-31
Ivins,UT,"St. George, UT",Washington County,595300.3238295582,-0.22,2170.8333333333335,NA,26050,0.365,22.9,4.38,2.84,Lean Rent,NA,NA,NA,NA,NA,NA,NA,NA,2026-08-31,2026-08-31
Paoli,PA,"Philadelphia-Camden-Wilmington, PA-NJ-DE-MD",Chester County,634169.3068014215,3.22,2307.1055555555554,NA,27685.266666666663,0.364,22.9,4.37,2.84,Lean Rent,NA,NA,560745,4.84,7.29,3.95,3.98,25.05,2026-08-31,2026-08-31
Chandler,AZ,"Phoenix-Mesa-Chandler, AZ",Maricopa County,515350.963630323,-1.34,1867.771404055955,1.37,22413.25684867146,0.362,23,4.35,2.83,Lean Rent,281231,1.37,4673096,5.12,9.38,8.29,5.4,34.99,2026-08-31,2026-08-31
Salem,OR,"Salem, OR",Marion County,435094.98921618005,0.38,1581.005968709653,0.41,18972.071624515836,0.363,22.9,4.36,2.83,Lean Rent,180406,2.52,352867,1.89,7.06,3.97,4.07,37.76,2026-08-31,2026-08-31
Overland Park,KS,"Kansas City, MO-KS",Johnson County,483939.80979078606,5.47,1756.6446347526678,3.15,21079.735617032013,0.363,23,4.36,2.83,Lean Rent,202893,2.55,632276,3.45,6.72,4.13,5,31.44,2026-08-31,2026-08-31
Azusa,CA,"Los Angeles-Long Beach-Anaheim, CA",Los Angeles County,708526.6529041235,0.67,2569.3146367521367,4.87,30831.77564102564,0.363,23,4.35,2.83,Lean Rent,48383,-3.63,9757179,-2.4,0.03,6.45,4.01,53.92,2026-08-31,2026-08-31
Logan,UT,"Logan, UT-ID",Cache County,389638.45484798454,2.66,1415.329594017094,4.25,16983.95512820513,0.363,22.9,4.36,2.83,Lean Rent,56770,7.38,145487,8.87,6.35,5.14,3.62,36.38,2026-08-31,2026-08-31
Cedar City,UT,"Cedar City, UT",Iron County,405026.0760913017,1.73,1467.1547619047617,-0.14,17605.85714285714,0.362,23,4.35,2.83,Lean Rent,40885,15.26,65936,14.25,14.62,13.87,8.7,32.57,2026-08-31,2026-08-31
Feasterville Trevose,PA,"Philadelphia-Camden-Wilmington, PA-NJ-DE-MD",Bucks County,491775.24755311664,2.62,1786.8333333333333,NA,21442,0.363,22.9,4.36,2.83,Lean Rent,NA,NA,NA,NA,NA,NA,NA,NA,2026-08-31,2026-08-31
North Potomac,MD,"Washington-Arlington-Alexandria, DC-VA-MD-WV",Montgomery County,882571.9833630504,-0.64,3206.055555555555,1.37,38472.666666666664,0.363,22.9,4.36,2.83,Lean Rent,NA,NA,1082273,2.02,7.76,4.26,3.68,34.66,2026-08-31,2026-08-31
Weaverville,NC,"Asheville, NC",Buncombe County,462547.53368284187,-3.45,1678.986772486773,-2.25,20147.841269841276,0.363,23,4.36,2.83,Lean Rent,4799,4.69,279210,3.52,10.34,22.33,12.88,35.56,2026-08-31,2026-08-31
Floral Park,NY,"New York-Newark-Jersey City, NY-NJ-PA",Nassau County,880426.6032045241,5.8,3200,NA,38400,0.363,22.9,4.36,2.83,Lean Rent,NA,NA,NA,NA,NA,NA,NA,NA,2026-08-31,2026-08-31
Nolensville,TN,"Nashville-Davidson--Murfreesboro--Franklin, TN",Williamson County,843614.1566796171,3.31,3061.1111111111113,NA,36733.333333333336,0.363,23,4.35,2.83,Lean Rent,NA,NA,NA,NA,NA,NA,NA,NA,2026-08-31,2026-08-31
McKinleyville,CA,"Eureka-Arcata, CA",Humboldt County,487519.2843652936,-3.63,1769.0277777777776,0.43,21228.333333333332,0.363,23,4.35,2.83,Lean Rent,NA,NA,132380,-2.89,-8.38,12.37,2.47,43.73,2026-08-31,2026-08-31
Salado,TX,"Killeen-Temple, TX",Bell County,487849.2595236281,-1.28,1771.9444444444443,NA,21263.333333333332,0.363,22.9,4.36,2.83,Lean Rent,NA,NA,NA,NA,NA,NA,NA,NA,2026-08-31,2026-08-31
Old Lyme,CT,"Norwich-New London, CT",New London County,688433.5575914547,11.96,2500,NA,30000,0.363,22.9,4.36,2.83,Lean Rent,NA,NA,NA,NA,NA,NA,NA,NA,2026-08-31,2026-08-31
Jacksonville,OR,"Medford, OR",Jackson County,602692.675326617,2.55,2184.6666666666665,NA,26216,0.362,23,4.35,2.83,Lean Rent,NA,NA,NA,NA,NA,NA,NA,NA,2026-08-31,2026-08-31
Bonsall,CA,"San Diego-Chula Vista-Carlsbad, CA",San Diego County,1010251.437606112,-0.24,3668.8888888888887,NA,44026.666666666664,0.363,22.9,4.36,2.83,Lean Rent,NA,NA,NA,NA,NA,NA,NA,NA,2026-08-31,2026-08-31
Silver Spring,MD,"Washington-Arlington-Alexandria, DC-VA-MD-WV",Montgomery County,542237.8702718719,-0.33,1961.9402398211096,-0.81,23543.282877853315,0.362,23,4.34,2.82,Lean Rent,NA,NA,1082273,2.02,7.76,4.26,3.68,34.66,2026-08-31,2026-08-31
Ellicott City,MD,"Baltimore-Columbia-Towson, MD",Howard County,735462.8514437197,0.67,2660.4421264367816,2.5,31925.30551724138,0.362,23,4.34,2.82,Lean Rent,NA,NA,339668,2.06,3.73,3.55,5.06,28.29,2026-08-31,2026-08-31
Jefferson City,MO,"Jefferson City, MO",Cole County,280965.54827124387,7.72,1016.6428571428572,5.59,12199.714285714286,0.362,23,4.34,2.82,Lean Rent,42564,0.08,77625,1.31,3.66,7.9,5.56,32.64,2026-08-31,2026-08-31
Marquette,MI,"Marquette, MI",Marquette County,342507.5295518542,9.4,1236.9444444444446,2.83,14843.333333333336,0.361,23.1,4.33,2.82,Lean Rent,21845,3.33,67979,2.16,7.52,16.89,4.13,28.77,2026-08-31,2026-08-31
Johnston,IA,"Des Moines-West Des Moines, IA",Polk County,399596.6035280532,0.64,1443.6333333333332,4.22,17323.6,0.361,23.1,4.34,2.82,Lean Rent,25022,4.29,516185,4.69,12.01,5.87,5,32.93,2026-08-31,2026-08-31
Tukwila,WA,"Seattle-Tacoma-Bellevue, WA",King County,566489.0983559679,-0.32,2049.6121794871797,3.47,24595.346153846156,0.362,23,4.34,2.82,Lean Rent,21636,-0.51,2340211,2.9,15.35,6.12,5.05,43.91,2026-08-31,2026-08-31
Sauk Rapids,MN,"St. Cloud, MN",Benton County,303905.4995040186,1.92,1097.5,NA,13170,0.361,23.1,4.33,2.82,Lean Rent,NA,NA,NA,NA,NA,NA,NA,NA,2026-08-31,2026-08-31
Centerville,UT,"Ogden-Clearfield, UT",Davis County,579740.0867424695,3.29,2099.1666666666665,NA,25190,0.362,23,4.35,2.82,Lean Rent,NA,NA,NA,NA,NA,NA,NA,NA,2026-08-31,2026-08-31
La Grange,IL,"Chicago-Naperville-Elgin, IL-IN-WI",Cook County,673589.0795836769,12.17,2437.555555555555,3.63,29250.666666666664,0.362,23,4.34,2.82,Lean Rent,15943,-2.18,5182617,-1.6,5.9,8.18,4.67,42.49,2026-08-31,2026-08-31
Santa Rosa,CA,"Santa Rosa-Petaluma, CA",Sonoma County,709774.6448549171,-0.21,2560.1251658469246,3.14,30721.501990163095,0.361,23.1,4.33,2.81,Lean Rent,177524,-0.25,485375,-0.64,4.42,7.67,2.55,37.8,2026-08-31,2026-08-31
Eden Prairie,MN,"Minneapolis-St. Paul-Bloomington, MN-WI",Hennepin County,502325.70116580854,2.66,1810.8788583509513,4.56,21730.546300211416,0.36,23.1,4.33,2.81,Lean Rent,62905,-1.99,1273334,-0.65,4.24,5.29,5.38,37.05,2026-08-31,2026-08-31
Bedford,TX,"Dallas-Fort Worth-Arlington, TX",Tarrant County,374670.41783267935,0.89,1349.6586596515438,0.37,16195.903915818526,0.36,23.1,4.32,2.81,Lean Rent,48728,-2.19,2230708,5.41,8.74,7.08,7.73,40.64,2026-08-31,2026-08-31
Franklin Square,NY,"New York-Newark-Jersey City, NY-NJ-PA",Nassau County,818859.5445398199,5,2950,NA,35400,0.36,23.1,4.32,2.81,Lean Rent,NA,NA,NA,NA,NA,NA,NA,NA,2026-08-31,2026-08-31
Highland Park,IL,"Chicago-Naperville-Elgin, IL-IN-WI",Lake County,807637.769941067,9.21,2908.25,6.42,34899,0.36,23.1,4.32,2.81,Lean Rent,30794,2.11,718604,0.73,3.75,4.97,4.19,25.6,2026-08-31,2026-08-31
Arden,NC,"Asheville, NC",Buncombe County,432338.9808018796,-4.15,1556.7833067517277,-0.93,18681.39968102073,0.36,23.1,4.32,2.81,Lean Rent,NA,NA,279210,3.52,10.34,22.33,12.88,35.56,2026-08-31,2026-08-31
Forest Lake,MN,"Minneapolis-St. Paul-Bloomington, MN-WI",Washington County,429006.6340521407,3.54,1547.675925925926,5.09,18572.111111111113,0.361,23.1,4.33,2.81,Lean Rent,20700,-0.01,283960,5.8,13.75,3.39,4.74,18.85,2026-08-31,2026-08-31
Molalla,OR,"Portland-Vancouver-Hillsboro, OR-WA",Clackamas County,492266.87393682025,0.41,1775.75,NA,21309,0.361,23.1,4.33,2.81,Lean Rent,NA,NA,NA,NA,NA,NA,NA,NA,2026-08-31,2026-08-31
Hampton,NH,"Boston-Cambridge-Newton, MA-NH",Rockingham County,631067.6591015755,4.83,2272.544283413849,1.42,27270.53140096619,0.36,23.1,4.32,2.81,Lean Rent,NA,NA,322433,2.47,5.64,7.38,3.42,21.38,2026-08-31,2026-08-31
Hardeeville,SC,"Hilton Head Island-Bluffton, SC",Jasper County,414553.58379631024,-6.82,1493.6666666666667,-2.51,17924,0.36,23.1,4.32,2.81,Lean Rent,13862,79.26,35618,22.2,56.21,10.44,3.87,24.01,2026-08-31,2026-08-31
Plainville,MA,"Boston-Cambridge-Newton, MA-NH",Norfolk County,603817.0034435876,1.47,2174.444444444444,NA,26093.33333333333,0.36,23.1,4.32,2.81,Lean Rent,NA,NA,740754,2.35,9.81,4.09,3.95,31.48,2026-08-31,2026-08-31
Cape Elizabeth,ME,"Portland-South Portland, ME",Cumberland County,891699.7546874903,2.9,3216.6666666666665,NA,38600,0.361,23.1,4.33,2.81,Lean Rent,NA,NA,NA,NA,NA,NA,NA,NA,2026-08-31,2026-08-31
Brush,CO,"Fort Morgan, CO",Morgan County,299176.07621537626,-1.25,1079.1666666666663,NA,12949.999999999996,0.361,23.1,4.33,2.81,Lean Rent,NA,NA,NA,NA,NA,NA,NA,NA,2026-08-31,2026-08-31
Denver,CO,"Denver-Aurora-Lakewood, CO",Denver County,524694.9408334699,-2.09,1880.5223309195576,-0.45,22566.267971034693,0.358,23.3,4.3,2.8,Lean Rent,729019,1.59,729019,1.59,5.87,6.53,4.98,50.87,2026-08-31,2026-08-31
Marietta,GA,"Atlanta-Sandy Springs-Alpharetta, GA",Cobb County,471116.9628274128,-1.17,1689.0206818310337,1.59,20268.248181972405,0.359,23.2,4.3,2.8,Lean Rent,63122,3.42,787538,2.76,2.77,5.82,5.06,33.01,2026-08-31,2026-08-31
Rancho Cucamonga,CA,"Riverside-San Bernardino-Ontario, CA",San Bernardino County,781865.1791737735,-0.13,2802.4757720282373,2.17,33629.709264338846,0.358,23.2,4.3,2.8,Lean Rent,176675,1.14,2214281,1.41,1.68,9.55,3.22,38.46,2026-08-31,2026-08-31
Wake Forest,NC,"Raleigh-Cary, NC",Wake County,507239.7004499719,-0.98,1823.3578904991948,3.65,21880.29468599034,0.359,23.2,4.31,2.8,Lean Rent,56764,14.16,1232444,9,18.32,7.54,9.49,35.57,2026-08-31,2026-08-31
Castle Rock,CO,"Denver-Aurora-Lakewood, CO",Douglas County,660519.2797999174,-1.24,2369.898493850323,1.76,28438.781926203876,0.359,23.2,4.31,2.8,Lean Rent,83213,12.62,393995,9.34,17.82,3.14,4.54,22.23,2026-08-31,2026-08-31
Rocklin,CA,"Sacramento-Roseville-Folsom, CA",Placer County,690121.1983585889,0.28,2478.4921146953407,3.15,29741.90537634409,0.359,23.2,4.31,2.8,Lean Rent,75129,4.68,433822,6.87,21.94,11.81,3.91,25.72,2026-08-31,2026-08-31
Waltham,MA,"Boston-Cambridge-Newton, MA-NH",Middlesex County,819327.7413671046,1.07,2939.142912659089,2.41,35269.71495190907,0.359,23.2,4.3,2.8,Lean Rent,65849,2.51,1668956,2.54,11.63,4.52,2.96,38.37,2026-08-31,2026-08-31
Des Moines,WA,"Seattle-Tacoma-Bellevue, WA",King County,597963.9490067078,-0.49,2149.252525252525,4.71,25791.030303030304,0.359,23.2,4.31,2.8,Lean Rent,33207,0.97,2340211,2.9,15.35,6.12,5.05,43.91,2026-08-31,2026-08-31
Moneta,VA,"Lynchburg, VA",Bedford County,555783.3395610702,3.87,1995,NA,23940,0.359,23.2,4.31,2.8,Lean Rent,NA,NA,NA,NA,NA,NA,NA,NA,2026-08-31,2026-08-31
Bargersville,IN,"Indianapolis-Carmel-Anderson, IN",Johnson County,456859.576426893,3.55,1639.8888888888887,NA,19678.666666666664,0.359,23.2,4.31,2.8,Lean Rent,NA,NA,NA,NA,NA,NA,NA,NA,2026-08-31,2026-08-31
West Miami,FL,"Miami-Fort Lauderdale-Pompano Beach, FL",Miami-Dade County,659221.1347068597,-0.06,2367.839285714286,-0.35,28414.071428571428,0.359,23.2,4.31,2.8,Lean Rent,7247,0.46,2838461,5.29,19.88,11.11,5.36,47.81,2026-08-31,2026-08-31
Hiawatha,IA,"Cedar Rapids, IA",Linn County,262180.4308240026,5.35,940.6666666666666,NA,11288,0.359,23.2,4.31,2.8,Lean Rent,7347,2.33,231762,0.58,8.41,6.8,8.73,26.69,2026-08-31,2026-08-31
Mesa,AZ,"Phoenix-Mesa-Chandler, AZ",Maricopa County,429657.2133551335,-0.92,1537.549846867136,0.24,18450.598162405633,0.358,23.3,4.29,2.79,Lean Rent,517151,2.21,4673096,5.12,9.38,8.29,5.4,34.99,2026-08-31,2026-08-31
Beaverton,OR,"Portland-Vancouver-Hillsboro, OR-WA",Washington County,523970.14630591095,-2.32,1873.969739057239,-1.08,22487.636868686866,0.358,23.3,4.29,2.79,Lean Rent,98302,0.76,611272,1.7,7.45,3.35,3.82,39.13,2026-08-31,2026-08-31
Tempe,AZ,"Phoenix-Mesa-Chandler, AZ",Maricopa County,461342.06640566984,-0.6,1648.9984716321017,0.39,19787.98165958522,0.357,23.3,4.29,2.79,Lean Rent,190114,2.59,4673096,5.12,9.38,8.29,5.4,34.99,2026-08-31,2026-08-31
Arvada,CO,"Denver-Aurora-Lakewood, CO",Jefferson County,600934.4097662149,-2.07,2149.889162535653,0.59,25798.669950427837,0.358,23.3,4.29,2.79,Lean Rent,121873,-2,578533,-0.79,0.75,4.44,4.86,29.39,2026-08-31,2026-08-31
Santee,CA,"San Diego-Chula Vista-Carlsbad, CA",San Diego County,795469.887337556,-1.47,2849.5297110297106,2.28,34194.35653235653,0.358,23.3,4.3,2.79,Lean Rent,59104,-1.26,3298799,-0.07,0.09,6.51,4.02,45.49,2026-08-31,2026-08-31
Rohnert Park,CA,"Santa Rosa-Petaluma, CA",Sonoma County,708208.8645377004,0.3,2535.9746588693956,5.26,30431.695906432746,0.358,23.3,4.3,2.79,Lean Rent,44894,0.96,485375,-0.64,4.42,7.67,2.55,37.8,2026-08-31,2026-08-31
North Andover,MA,"Boston-Cambridge-Newton, MA-NH",Essex County,810812.0967129897,1.34,2903.1111111111113,4.77,34837.333333333336,0.358,23.3,4.3,2.79,Lean Rent,NA,NA,823938,2,7.8,5.11,2.53,36.04,2026-08-31,2026-08-31
Syracuse,UT,"Ogden-Clearfield, UT",Davis County,581474.9002575525,2.73,2076.7151515151513,NA,24920.581818181818,0.357,23.3,4.29,2.79,Lean Rent,38999,20.4,378470,4.04,4.18,3.29,3.85,22.6,2026-08-31,2026-08-31
Beltsville,MD,"Washington-Arlington-Alexandria, DC-VA-MD-WV",Prince Georges County,454137.2865335806,-0.38,1621.550925925926,-1.86,19458.611111111113,0.357,23.3,4.28,2.79,Lean Rent,NA,NA,NA,NA,NA,NA,NA,NA,2026-08-31,2026-08-31
South Kingstown,RI,"Providence-Warwick, RI-MA",Washington County,726025.5262525646,6.46,2598.055555555555,8.01,31176.666666666664,0.358,23.3,4.29,2.79,Lean Rent,NA,NA,130333,0.43,4.25,21.22,4.07,23.17,2026-08-31,2026-08-31
Walpole,MA,"Boston-Cambridge-Newton, MA-NH",Norfolk County,783392.8328688378,2.45,2800.3444444444444,1.2,33604.13333333333,0.357,23.3,4.29,2.79,Lean Rent,NA,NA,740754,2.35,9.81,4.09,3.95,31.48,2026-08-31,2026-08-31
Prospect,KY,"Louisville/Jefferson County, KY-IN",Oldham County,632362.6698750464,3.74,2261.504761904762,7.54,27138.057142857142,0.358,23.3,4.29,2.79,Lean Rent,4696,2.22,70525,4.18,2.31,4.49,7.35,11.95,2026-08-31,2026-08-31
Monmouth Junction,NJ,"New York-Newark-Jersey City, NY-NJ-PA",Middlesex County,697013.7142689093,1.15,2491.1492063492065,1.34,29893.79047619048,0.357,23.3,4.29,2.79,Lean Rent,NA,NA,890119,3.33,12.92,3.48,2.61,36.53,2026-08-31,2026-08-31
Grand Terrace,CA,"Riverside-San Bernardino-Ontario, CA",San Bernardino County,587277.4083180897,0.84,2099.805555555555,2.32,25197.666666666664,0.358,23.3,4.29,2.79,Lean Rent,12979,-1.34,2214281,1.41,1.68,9.55,3.22,38.46,2026-08-31,2026-08-31
Tacoma,WA,"Seattle-Tacoma-Bellevue, WA",Pierce County,488462.6074553886,0.12,1739.7373549396614,2.33,20876.848259275936,0.356,23.4,4.27,2.78,Lean Rent,228202,3.84,941170,1.9,6.6,5.21,4.02,35.21,2026-08-31,2026-08-31
Billings,MT,"Billings, MT",Yellowstone County,400818.844212813,2.52,1425.9969445476693,3.16,17111.963334572032,0.356,23.4,4.27,2.78,Lean Rent,121483,3.63,171583,3.86,3.93,5.58,4.69,30.69,2026-08-31,2026-08-31
Concord,CA,"San Francisco-Oakland-Berkeley, CA",Contra Costa County,722165.4178456323,-0.46,2571.6539575740585,2.84,30859.8474908887,0.356,23.4,4.27,2.78,Lean Rent,124016,-1.01,1172607,0.55,6.48,3.5,2.91,32.35,2026-08-31,2026-08-31
Norwalk,CA,"Los Angeles-Long Beach-Anaheim, CA",Los Angeles County,756743.8507707408,1.49,2696.6363636363635,0.23,32359.63636363636,0.356,23.4,4.28,2.78,Lean Rent,98230,-4.08,9757179,-2.4,0.03,6.45,4.01,53.92,2026-08-31,2026-08-31
Princeton,NJ,"Trenton-Princeton, NJ",Mercer County,970831.2002016891,3.28,3456.2696969696967,2.69,41475.23636363636,0.356,23.4,4.27,2.78,Lean Rent,31445,2.66,392138,1.46,11.79,6.07,3.03,38.11,2026-08-31,2026-08-31
Lockport,NY,"Buffalo-Cheektowaga, NY",Niagara County,272216.34525317565,5.68,971.4666666666668,7.27,11657.600000000002,0.357,23.4,4.28,2.78,Lean Rent,20394,-2.09,209570,-1.21,2.67,8.81,4.61,29.1,2026-08-31,2026-08-31
Bell Gardens,CA,"Los Angeles-Long Beach-Anaheim, CA",Los Angeles County,685371.2717655654,1.07,2440,NA,29280,0.356,23.4,4.27,2.78,Lean Rent,NA,NA,NA,NA,NA,NA,NA,NA,2026-08-31,2026-08-31
Westborough,MA,"Worcester, MA-CT",Worcester County,733105.5042197587,0.28,2613.186868686869,5.01,31358.242424242424,0.356,23.4,4.28,2.78,Lean Rent,NA,NA,881248,2.82,8.7,5.7,3.41,34.33,2026-08-31,2026-08-31
Anacortes,WA,"Mount Vernon-Anacortes, WA",Skagit County,715464.3376177697,1.01,2550.674603174603,4.48,30608.095238095237,0.357,23.4,4.28,2.78,Lean Rent,18148,2.63,132736,2.18,8.04,8.77,1.09,29.36,2026-08-31,2026-08-31
Bluffdale,UT,"Salt Lake City, UT",Salt Lake County,611341.6977964282,-0.59,2178.111111111111,3.78,26137.33333333333,0.356,23.4,4.28,2.78,Lean Rent,19393,11.71,1216274,2.46,7.39,5.36,5.82,33,2026-08-31,2026-08-31
Fort Thomas,KY,"Cincinnati, OH-KY-IN",Campbell County,377280.9224244298,6.74,1343,4.9,16116,0.356,23.4,4.27,2.78,Lean Rent,16914,-2.89,94008,0.94,0.59,6.11,5.78,28.97,2026-08-31,2026-08-31
Plain City,OH,"Columbus, OH",Madison County,539413.8996195676,0.78,1925.5,-0.09,23106,0.357,23.3,4.28,2.78,Lean Rent,4374,5.37,45531,3.81,18.95,6.11,5.67,24.05,2026-08-31,2026-08-31
Sunbury,OH,"Columbus, OH",Delaware County,490593.7198200465,1.74,1746.2666666666669,1.38,20955.200000000004,0.356,23.4,4.27,2.78,Lean Rent,9705,44.31,237966,10.6,19.13,4.46,4.27,21.81,2026-08-31,2026-08-31
Medway,MA,"Boston-Cambridge-Newton, MA-NH",Norfolk County,720580.6505619829,1.31,2572,NA,30864,0.357,23.3,4.28,2.78,Lean Rent,NA,NA,NA,NA,NA,NA,NA,NA,2026-08-31,2026-08-31
Castroville,TX,"San Antonio-New Braunfels, TX",Medina County,425588.8795685545,-2.32,1514.1666666666667,NA,18170,0.356,23.4,4.27,2.78,Lean Rent,NA,NA,NA,NA,NA,NA,NA,NA,2026-08-31,2026-08-31
Pacific,WA,"Seattle-Tacoma-Bellevue, WA",King County,545354.5216251834,-0.52,1940.7777777777776,NA,23289.333333333332,0.356,23.4,4.27,2.78,Lean Rent,7085,-2.11,2340211,2.9,15.35,6.12,5.05,43.91,2026-08-31,2026-08-31
Corona,CA,"Riverside-San Bernardino-Ontario, CA",Riverside County,754203.3832226476,-0.08,2674.272218373997,3.22,32091.266620487964,0.355,23.5,4.25,2.77,Lean Rent,161540,2.66,2529933,4.34,7.33,11.37,4.89,31.14,2026-08-31,2026-08-31
Framingham,MA,"Boston-Cambridge-Newton, MA-NH",Middlesex County,663061.4314111246,0.53,2353.520655270655,-2.6,28242.24786324786,0.355,23.5,4.26,2.77,Lean Rent,73361,1.71,1668956,2.54,11.63,4.52,2.96,38.37,2026-08-31,2026-08-31
Oro Valley,AZ,"Tucson, AZ",Pima County,499052.9264044513,-1.28,1771.9561403508771,4.78,21263.473684210527,0.355,23.5,4.26,2.77,Lean Rent,48855,3.45,1080149,3.34,11.47,9.34,5.65,35.19,2026-08-31,2026-08-31
Morrisville,NC,"Raleigh-Cary, NC",Wake County,470562.8938321693,-4.77,1668.9757479195002,1.04,20027.708975034002,0.355,23.5,4.26,2.77,Lean Rent,32628,8.5,1232444,9,18.32,7.54,9.49,35.57,2026-08-31,2026-08-31
New Brighton,MN,"Minneapolis-St. Paul-Bloomington, MN-WI",Ramsey County,382052.8779183957,2.05,1358.5183982683982,3.23,16302.220779220777,0.356,23.4,4.27,2.77,Lean Rent,22374,-4.66,542015,-1.76,3.41,5.41,6.16,38.97,2026-08-31,2026-08-31
Mendota Heights,MN,"Minneapolis-St. Paul-Bloomington, MN-WI",Dakota County,572102.7617577297,3.53,2028.3333333333333,NA,24340,0.355,23.5,4.25,2.77,Lean Rent,NA,NA,NA,NA,NA,NA,NA,NA,2026-08-31,2026-08-31
Madeira Beach,FL,"Tampa-St. Petersburg-Clearwater, FL",Pinellas County,629092.1090906499,-2.55,2232.083333333333,NA,26784.999999999996,0.355,23.5,4.26,2.77,Lean Rent,NA,NA,NA,NA,NA,NA,NA,NA,2026-08-31,2026-08-31
Plano,TX,"Dallas-Fort Worth-Arlington, TX",Collin County,493092.1457794936,-3.83,1742.2802335484478,0.29,20907.362802581374,0.353,23.6,4.24,2.76,Lean Rent,293286,2.4,1254658,16.64,31.61,5.16,6.55,35.92,2026-08-31,2026-08-31
Santa Clarita,CA,"Los Angeles-Long Beach-Anaheim, CA",Los Angeles County,787699.7088879055,-0.93,2787.4325914527085,0.37,33449.1910974325,0.354,23.5,4.25,2.76,Lean Rent,229159,-1.4,9757179,-2.4,0.03,6.45,4.01,53.92,2026-08-31,2026-08-31
National City,CA,"San Diego-Chula Vista-Carlsbad, CA",San Diego County,695171.0732567558,2.37,2456.509935897436,1.86,29478.119230769233,0.353,23.6,4.24,2.76,Lean Rent,58460,-4.91,3298799,-0.07,0.09,6.51,4.02,45.49,2026-08-31,2026-08-31
Aliso Viejo,CA,"Los Angeles-Long Beach-Anaheim, CA",Orange County,997196.4408327471,1.8,3530.490350528809,3.88,42365.884206345705,0.354,23.5,4.25,2.76,Lean Rent,50457,-3.11,3170435,-0.5,2.33,5.61,4.39,43.55,2026-08-31,2026-08-31
Auburn,CA,"Sacramento-Roseville-Folsom, CA",Placer County,627775.6666455752,1.01,2222.2916666666665,5.85,26667.5,0.354,23.5,4.25,2.76,Lean Rent,13780,-0.1,433822,6.87,21.94,11.81,3.91,25.72,2026-08-31,2026-08-31
El Dorado Hills,CA,"Sacramento-Roseville-Folsom, CA",El Dorado County,905566.1566327967,0.88,3198.805555555555,5.43,38385.666666666664,0.353,23.6,4.24,2.76,Lean Rent,NA,NA,192823,0.82,3.5,19.67,6.98,23.61,2026-08-31,2026-08-31
Hilton Head Island,SC,"Hilton Head Island-Bluffton, SC",Beaufort County,782931.350765043,3.9,2774.2619047619046,3.42,33291.142857142855,0.354,23.5,4.25,2.76,Lean Rent,38158,1.52,201775,7.42,14.95,22.12,17.97,24.27,2026-08-31,2026-08-31
Watertown,SD,"Watertown, SD",Codington County,315176.5632627387,4.24,1114.670634920635,NA,13376.047619047618,0.354,23.6,4.24,2.76,Lean Rent,23492,3.57,29278,3.26,9.26,7.67,4.62,32.59,2026-08-31,2026-08-31
Wexford,PA,"Pittsburgh, PA",Allegheny County,558985.8210399025,3.23,1980.6720779220775,2.68,23768.06493506493,0.354,23.5,4.25,2.76,Lean Rent,NA,NA,1231814,-1.43,2.72,9.6,6.37,35.07,2026-08-31,2026-08-31
Duarte,CA,"Los Angeles-Long Beach-Anaheim, CA",Los Angeles County,786383.2420017625,1.03,2778.125356125356,-1.04,33337.50427350427,0.353,23.6,4.24,2.76,Lean Rent,23493,8.42,9757179,-2.4,0.03,6.45,4.01,53.92,2026-08-31,2026-08-31
Waunakee,WI,"Madison, WI",Dane County,585776.4218951613,2.29,2075.694444444445,NA,24908.333333333336,0.354,23.5,4.25,2.76,Lean Rent,NA,NA,NA,NA,NA,NA,NA,NA,2026-08-31,2026-08-31
Hanover,MA,"Boston-Cambridge-Newton, MA-NH",Plymouth County,834751.9687438831,5.29,2948.555555555555,NA,35382.666666666664,0.353,23.6,4.24,2.76,Lean Rent,NA,NA,542090,2.58,7.97,7.23,1.91,22.38,2026-08-31,2026-08-31
Carrboro,NC,"Durham-Chapel Hill, NC",Orange County,424336.9533927625,-3.24,1502.0038295038296,-0.39,18024.045954045956,0.354,23.5,4.25,2.76,Lean Rent,21079,-0.95,152877,6.36,2.62,9.13,5.91,35.76,2026-08-31,2026-08-31
Lakeland,TN,"Memphis, TN-MS-AR",Shelby County,448503.23676827777,-1.1,1586.8452380952378,NA,19042.142857142855,0.354,23.6,4.25,2.76,Lean Rent,14416,2.77,910530,-2.07,-7.65,10.56,7.81,45.42,2026-08-31,2026-08-31
Estes Park,CO,"Fort Collins, CO",Larimer County,684611.5703751222,0.84,2425,NA,29100,0.354,23.5,4.25,2.76,Lean Rent,NA,NA,NA,NA,NA,NA,NA,NA,2026-08-31,2026-08-31
Trophy Club,TX,"Dallas-Fort Worth-Arlington, TX",Denton County,692927.3870044611,-0.77,2451.527777777778,NA,29418.333333333336,0.354,23.6,4.25,2.76,Lean Rent,13704,-0.2,1045120,14.28,23.72,4.75,5.09,34.63,2026-08-31,2026-08-31
Oceano,CA,"San Luis Obispo-Paso Robles, CA",San Luis Obispo County,678310.8758913996,3.19,2400,NA,28800,0.354,23.6,4.25,2.76,Lean Rent,NA,NA,NA,NA,NA,NA,NA,NA,2026-08-31,2026-08-31
Centennial,CO,"Denver-Aurora-Lakewood, CO",Arapahoe County,632941.4143272792,-1.26,2231.06507936508,-0.45,26772.780952380956,0.352,23.6,4.23,2.75,Lean Rent,108853,0.6,666918,1.77,3.13,4.55,5.64,34.88,2026-08-31,2026-08-31
Longmont,CO,"Boulder, CO",Boulder County,544847.9550827353,-1.57,1923.0093765524095,1.15,23076.112518628914,0.353,23.6,4.24,2.75,Lean Rent,99818,0.62,330262,-0.21,4.58,5.31,3.67,37.54,2026-08-31,2026-08-31
Allen,TX,"Dallas-Fort Worth-Arlington, TX",Collin County,485393.0539712777,-5.45,1713.8921885521886,0.27,20566.706262626263,0.353,23.6,4.24,2.75,Lean Rent,113746,7.76,1254658,16.64,31.61,5.16,6.55,35.92,2026-08-31,2026-08-31
Lenexa,KS,"Kansas City, MO-KS",Johnson County,480410.7587026851,3.94,1693.755005005005,3,20325.06006006006,0.353,23.6,4.23,2.75,Lean Rent,59427,3.3,632276,3.45,6.72,4.13,5,31.44,2026-08-31,2026-08-31
Lawndale,CA,"Los Angeles-Long Beach-Anaheim, CA",Los Angeles County,774950.9397919205,0.73,2728.75,5.09,32745,0.352,23.7,4.23,2.75,Lean Rent,30160,-4.95,9757179,-2.4,0.03,6.45,4.01,53.92,2026-08-31,2026-08-31
Matthews,NC,"Charlotte-Concord-Gastonia, NC-SC",Mecklenburg County,509343.0803534356,0.24,1796.7266522988505,-0.19,21560.719827586207,0.353,23.6,4.23,2.75,Lean Rent,32048,8.56,1206285,8.06,18.3,7.37,7.33,44.5,2026-08-31,2026-08-31
Harleysville,PA,"Philadelphia-Camden-Wilmington, PA-NJ-DE-MD",Montgomery County,544427.8791467278,2.84,1921.5912698412696,NA,23059.095238095237,0.353,23.6,4.24,2.75,Lean Rent,NA,NA,NA,NA,NA,NA,NA,NA,2026-08-31,2026-08-31
Sharon,MA,"Boston-Cambridge-Newton, MA-NH",Norfolk County,879234.5581520108,1.89,3100.3611111111113,0.87,37204.333333333336,0.353,23.6,4.23,2.75,Lean Rent,NA,NA,740754,2.35,9.81,4.09,3.95,31.48,2026-08-31,2026-08-31
Bishop,CA,NA,Mono County,594917.5886090383,5.55,2095,NA,25140,0.352,23.7,4.23,2.75,Lean Rent,NA,NA,NA,NA,NA,NA,NA,NA,2026-08-31,2026-08-31
Brandon,SD,"Sioux Falls, SD",Minnehaha County,394982.00649579446,1.98,1393.75,NA,16725,0.353,23.6,4.23,2.75,Lean Rent,NA,NA,NA,NA,NA,NA,NA,NA,2026-08-31,2026-08-31
Indian Rocks Beach,FL,"Tampa-St. Petersburg-Clearwater, FL",Pinellas County,788599.8470699657,1.06,2781.25,NA,33375,0.353,23.6,4.23,2.75,Lean Rent,NA,NA,NA,NA,NA,NA,NA,NA,2026-08-31,2026-08-31
Honolulu,HI,"Urban Honolulu, HI",Honolulu County,776861.3232591354,2.05,2732.8781928871103,4.63,32794.538314645324,0.352,23.7,4.22,2.74,Lean Rent,NA,NA,998747,-1.35,1.96,9.47,5.27,40.46,2026-08-31,2026-08-31
Idaho Falls,ID,"Idaho Falls, ID",Bonneville County,395713.87073112,1.36,1387.9303096199649,2.25,16655.16371543958,0.351,23.8,4.21,2.74,Lean Rent,69523,5.45,133644,7.14,10.04,6.56,4.3,28.39,2026-08-31,2026-08-31
Sonoma,CA,"Santa Rosa-Petaluma, CA",Sonoma County,929237.4973239726,-2.16,3260.777777777778,4.54,39129.333333333336,0.351,23.7,4.21,2.74,Lean Rent,10606,-1.12,485375,-0.64,4.42,7.67,2.55,37.8,2026-08-31,2026-08-31
Ellensburg,WA,"Ellensburg, WA",Kittitas County,453398.90813873784,0.23,1593.9327485380118,2.97,19127.19298245614,0.352,23.7,4.22,2.74,Lean Rent,20996,-2.92,48172,2.88,6.08,19.42,5.95,37.65,2026-08-31,2026-08-31
Wailuku,HI,"Kahului-Wailuku-Lahaina, HI",Maui County,910855.7738994164,-2.04,3193.888888888889,3.28,38326.66666666667,0.351,23.8,4.21,2.74,Lean Rent,NA,NA,163688,-0.68,-8.08,23.26,22.16,35.01,2026-08-31,2026-08-31
Lemon Grove,CA,"San Diego-Chula Vista-Carlsbad, CA",San Diego County,756970.2944591452,-0.08,2660.963888888889,5.02,31931.566666666666,0.352,23.7,4.22,2.74,Lean Rent,27867,0.41,3298799,-0.07,0.09,6.51,4.02,45.49,2026-08-31,2026-08-31
Canton,MA,"Boston-Cambridge-Newton, MA-NH",Norfolk County,806925.2750739226,2.73,2833.609523809524,1.12,34003.31428571429,0.351,23.7,4.21,2.74,Lean Rent,NA,NA,740754,2.35,9.81,4.09,3.95,31.48,2026-08-31,2026-08-31
Fountain Hills,AZ,"Phoenix-Mesa-Chandler, AZ",Maricopa County,660662.6589678813,1.2,2322.5642135642133,5.58,27870.770562770558,0.352,23.7,4.22,2.74,Lean Rent,23696,-0.74,4673096,5.12,9.38,8.29,5.4,34.99,2026-08-31,2026-08-31
Key West,FL,"Key West, FL",Monroe County,1007373.9779014796,-0.72,3537.305555555555,-2.22,42447.666666666664,0.351,23.7,4.21,2.74,Lean Rent,25240,-4.25,80908,-2.35,-5.34,36.36,20.39,36.61,2026-08-31,2026-08-31
Laurel,MT,"Billings, MT",Yellowstone County,378210.5600486857,1.22,1328.75,NA,15945,0.351,23.7,4.22,2.74,Lean Rent,NA,NA,NA,NA,NA,NA,NA,NA,2026-08-31,2026-08-31
Collingswood,NJ,"Philadelphia-Camden-Wilmington, PA-NJ-DE-MD",Camden County,460221.063117832,5.93,1614.2363636363636,6,19370.836363636365,0.351,23.8,4.21,2.74,Lean Rent,14344,1.29,533988,2.07,5.74,5.92,4.3,34.97,2026-08-31,2026-08-31
Pagosa Springs,CO,NA,Archuleta County,566004.753716994,-0.86,1987.5,NA,23850,0.351,23.7,4.21,2.74,Lean Rent,NA,NA,NA,NA,NA,NA,NA,NA,2026-08-31,2026-08-31
Wells,ME,"Portland-South Portland, ME",York County,592451.8592820314,2.64,2079.375,NA,24952.5,0.351,23.7,4.21,2.74,Lean Rent,NA,NA,NA,NA,NA,NA,NA,NA,2026-08-31,2026-08-31
Greenville,OH,"Greenville, OH",Darke County,205027.27112257644,7.58,719.4444444444445,NA,8633.333333333334,0.351,23.7,4.21,2.74,Lean Rent,NA,NA,NA,NA,NA,NA,NA,NA,2026-08-31,2026-08-31
Littleton,MA,"Boston-Cambridge-Newton, MA-NH",Middlesex County,785162.6132721542,1.55,2757.7777777777774,NA,33093.33333333333,0.351,23.7,4.21,2.74,Lean Rent,NA,NA,NA,NA,NA,NA,NA,NA,2026-08-31,2026-08-31
Brigantine,NJ,"Atlantic City-Hammonton, NJ",Atlantic County,730471.6599461323,6.8,2570,NA,30840,0.352,23.7,4.22,2.74,Lean Rent,NA,NA,NA,NA,NA,NA,NA,NA,2026-08-31,2026-08-31
Jersey Village,TX,"Houston-The Woodlands-Sugar Land, TX",Harris County,382892.34657408326,-1.04,1346.4444444444443,-5.63,16157.333333333332,0.352,23.7,4.22,2.74,Lean Rent,7791,-1.91,5009302,5.78,13.97,8.3,8.76,45.24,2026-08-31,2026-08-31
Metzger,OR,"Portland-Vancouver-Hillsboro, OR-WA",Washington County,528673.4461094242,-1.59,1853.75,NA,22245,0.351,23.8,4.21,2.74,Lean Rent,NA,NA,NA,NA,NA,NA,NA,NA,2026-08-31,2026-08-31
Fort Collins,CO,"Fort Collins, CO",Larimer County,560192.1651899805,-0.22,1960.416394335512,1.52,23524.996732026142,0.35,23.8,4.2,2.73,Lean Rent,170924,0.55,374574,4.07,7.03,6.37,3.02,35.68,2026-08-31,2026-08-31
Paterson,NJ,"New York-Newark-Jersey City, NY-NJ-PA",Passaic County,536736.9284226974,4.78,1878.3901284651793,1,22540.68154158215,0.35,23.8,4.2,2.73,Lean Rent,160463,0.71,526597,0.6,7.33,4.03,2.2,47.17,2026-08-31,2026-08-31
Greeley,CO,"Greeley, CO",Weld County,415215.8592615745,-1.25,1455.4997688979963,-0.99,17465.997226775955,0.351,23.8,4.21,2.73,Lean Rent,114363,4.64,369745,11.55,19.05,4.01,5.91,24.45,2026-08-31,2026-08-31
San Marcos,CA,"San Diego-Chula Vista-Carlsbad, CA",San Diego County,958381.4537451796,0.28,3357.3765432098767,2.31,40288.51851851852,0.35,23.8,4.2,2.73,Lean Rent,96620,1.77,3298799,-0.07,0.09,6.51,4.02,45.49,2026-08-31,2026-08-31
Waukesha,WI,"Milwaukee-Waukesha, WI",Waukesha County,423253.6322527745,6.5,1481.056267806268,5.26,17772.675213675215,0.35,23.8,4.2,2.73,Lean Rent,71461,0.45,417029,2.33,7.17,3.9,4.02,23.57,2026-08-31,2026-08-31
Keizer,OR,"Salem, OR",Marion County,447557.3771680876,0.21,1566.9380952380952,1.9,18803.257142857143,0.35,23.8,4.2,2.73,Lean Rent,39152,-0.44,352867,1.89,7.06,3.97,4.07,37.76,2026-08-31,2026-08-31
Gloucester,MA,"Boston-Cambridge-Newton, MA-NH",Essex County,776813.6327830078,2.26,2715.452380952381,8.24,32585.428571428572,0.35,23.8,4.19,2.73,Lean Rent,30491,2.5,823938,2,7.8,5.11,2.53,36.04,2026-08-31,2026-08-31
Sheridan,WY,"Sheridan, WY",Sheridan County,440819.01977997454,0.58,1543.3333333333333,NA,18520,0.35,23.8,4.2,2.73,Lean Rent,NA,NA,NA,NA,NA,NA,NA,NA,2026-08-31,2026-08-31
Fruita,CO,"Grand Junction, CO",Mesa County,486183.96549231466,2.73,1703.727777777778,2.31,20444.733333333337,0.35,23.8,4.21,2.73,Lean Rent,13912,3.64,161260,3.36,11.09,6.25,3.88,28.11,2026-08-31,2026-08-31
Big Bear Lake,CA,"Riverside-San Bernardino-Ontario, CA",San Bernardino County,530327.8555955882,-3.07,1858.690476190476,4.46,22304.28571428571,0.35,23.8,4.21,2.73,Lean Rent,5044,0.04,2214281,1.41,1.68,9.55,3.22,38.46,2026-08-31,2026-08-31
Folsom,CA,"Sacramento-Roseville-Folsom, CA",Sacramento County,753275.9020802896,-0.55,2627.0206581117295,4.06,31524.247897340756,0.349,23.9,4.18,2.72,Lean Rent,88091,8.94,1611231,1.54,7.33,4.28,3.63,41.37,2026-08-31,2026-08-31
Queen Creek,AZ,"Phoenix-Mesa-Chandler, AZ",Pinal County,627354.8619038201,0.05,2189.859477124183,0.98,26278.313725490196,0.349,23.9,4.19,2.72,Lean Rent,83781,37.63,513862,19.44,51.32,12.6,6.32,19.48,2026-08-31,2026-08-31
McMinnville,OR,"Portland-Vancouver-Hillsboro, OR-WA",Yamhill County,479384.72825281386,-1.16,1668.9388888888889,1.89,20027.266666666666,0.348,23.9,4.18,2.72,Lean Rent,35255,2.89,110886,2.92,16.32,4.68,2.84,30.06,2026-08-31,2026-08-31
Reisterstown,MD,"Baltimore-Columbia-Towson, MD",Baltimore County,414274.9450238583,0.85,1445.9047619047622,2.21,17350.857142857145,0.349,23.9,4.19,2.72,Lean Rent,NA,NA,852425,-0.11,3.96,5.75,5.61,33.67,2026-08-31,2026-08-31
Norco,CA,"Riverside-San Bernardino-Ontario, CA",Riverside County,919926.0173638518,3.72,3210,NA,38520,0.349,23.9,4.19,2.72,Lean Rent,NA,NA,NA,NA,NA,NA,NA,NA,2026-08-31,2026-08-31
Soledad,CA,"Salinas, CA",Monterey County,638731.5314815155,3.85,2225,NA,26700,0.348,23.9,4.18,2.72,Lean Rent,NA,NA,NA,NA,NA,NA,NA,NA,2026-08-31,2026-08-31
Ridgefield,WA,"Portland-Vancouver-Hillsboro, OR-WA",Clark County,665482.8915661435,-0.29,2318.96632996633,2.68,27827.595959595958,0.348,23.9,4.18,2.72,Lean Rent,15359,41.27,527269,4.33,6.69,3.84,3.08,33.79,2026-08-31,2026-08-31
Bala-Cynwyd,PA,"Philadelphia-Camden-Wilmington, PA-NJ-DE-MD",Montgomery County,695424.0873466671,4.85,2421.09126984127,2.08,29053.095238095237,0.348,23.9,4.18,2.72,Lean Rent,NA,NA,879190,2.6,7.92,4.35,5.68,28.27,2026-08-31,2026-08-31
Kittery,ME,"Portland-South Portland, ME",York County,694411.954551384,4.11,2419.3333333333335,-1.35,29032,0.348,23.9,4.18,2.72,Lean Rent,NA,NA,220143,3.71,8.2,20.73,4.36,23.86,2026-08-31,2026-08-31
Avon,CO,"Edwards, CO",Eagle County,1256899.770869171,0.29,4375,NA,52500,0.348,23.9,4.18,2.72,Lean Rent,NA,NA,NA,NA,NA,NA,NA,NA,2026-08-31,2026-08-31
Gresham,OR,"Portland-Vancouver-Hillsboro, OR-WA",Multnomah County,464686.9862511608,-0.54,1617.4018250036024,-0.9,19408.82190004323,0.348,23.9,4.18,2.71,Lean Rent,111507,-2.61,795897,-2.5,1.19,5.52,4.7,45.9,2026-08-31,2026-08-31
Saint George,UT,"St. George, UT",Washington County,517704.8128050433,-0.81,1796.3090034965037,0.56,21555.708041958045,0.347,24,4.16,2.71,Lean Rent,NA,NA,207943,14.24,22.34,15.29,9.04,27.41,2026-08-31,2026-08-31
Gig Harbor,WA,"Seattle-Tacoma-Bellevue, WA",Pierce County,818706.0779667269,0.61,2843.9476190476184,2.5,34127.37142857142,0.347,24,4.17,2.71,Lean Rent,12643,4.6,941170,1.9,6.6,5.21,4.02,35.21,2026-08-31,2026-08-31
Palm Springs,CA,"Riverside-San Bernardino-Ontario, CA",Riverside County,608373.2783905067,-0.72,2109.83815681445,2.05,25318.0578817734,0.347,24,4.16,2.71,Lean Rent,45453,1.81,2529933,4.34,7.33,11.37,4.89,31.14,2026-08-31,2026-08-31
Moorpark,CA,"Oxnard-Thousand Oaks-Ventura, CA",Ventura County,930984.8881908176,2.07,3240.531746031746,-2.37,38886.380952380954,0.348,23.9,4.18,2.71,Lean Rent,35621,-1.73,835427,-0.99,0.32,5.64,3.81,35.84,2026-08-31,2026-08-31
South Salt Lake,UT,"Salt Lake City, UT",Salt Lake County,438981.40408063144,0.52,1526.675392750168,0.29,18320.104713002016,0.348,24,4.17,2.71,Lean Rent,26561,-0.55,1216274,2.46,7.39,5.36,5.82,33,2026-08-31,2026-08-31
Deer Park,NY,"New York-Newark-Jersey City, NY-NJ-PA",Suffolk County,687221.817610592,-0.75,2391.6666666666665,NA,28700,0.348,23.9,4.18,2.71,Lean Rent,NA,NA,NA,NA,NA,NA,NA,NA,2026-08-31,2026-08-31
Hayden,ID,"Coeur d'Alene, ID",Kootenai County,646914.5240300832,2.62,2244.6111111111113,1.2,26935.333333333336,0.347,24,4.16,2.71,Lean Rent,16924,8.14,188323,8.99,15.6,11.42,3.93,27.79,2026-08-31,2026-08-31
Mesquite,NV,"Las Vegas-Henderson-Paradise, NV",Lincoln County,373548.0001893039,-2.77,1297.3333333333333,1.04,15568,0.347,24,4.17,2.71,Lean Rent,23599,14.51,4345,-2.1,-8.52,29.97,3.17,26.26,2026-08-31,2026-08-31
Lakeway,TX,"Austin-Round Rock-Georgetown, TX",Travis County,739129.7090402314,-0.18,2571.6111111111113,2.73,30859.333333333336,0.348,24,4.18,2.71,Lean Rent,19056,-1.01,1363767,5.18,4.41,5.57,4.27,46.97,2026-08-31,2026-08-31
Smithfield,RI,"Providence-Warwick, RI-MA",Providence County,525566.7682944791,5.05,1825,NA,21900,0.347,24,4.17,2.71,Lean Rent,NA,NA,NA,NA,NA,NA,NA,NA,2026-08-31,2026-08-31
Fife,WA,"Seattle-Tacoma-Bellevue, WA",Pierce County,550476.5246148976,-0.24,1911.4545454545455,3.3,22937.454545454544,0.347,24,4.17,2.71,Lean Rent,11077,0.12,941170,1.9,6.6,5.21,4.02,35.21,2026-08-31,2026-08-31
Palm Beach,FL,"Miami-Fort Lauderdale-Pompano Beach, FL",Palm Beach County,2140266.453651411,2.09,7432.222222222223,22.43,89186.66666666667,0.347,24,4.17,2.71,Lean Rent,9493,2.67,1582055,5.87,15.98,16.36,6.94,30.14,2026-08-31,2026-08-31
Minnetrista,MN,"Minneapolis-St. Paul-Bloomington, MN-WI",Hennepin County,684699.9820586671,2.67,2379.6666666666665,NA,28556,0.348,24,4.17,2.71,Lean Rent,NA,NA,NA,NA,NA,NA,NA,NA,2026-08-31,2026-08-31
Harrisburg,SD,"Sioux Falls, SD",Lincoln County,362813.3403555434,0.47,1260.7547619047618,7.84,15129.057142857142,0.347,24,4.17,2.71,Lean Rent,10203,49.01,75244,14.62,25.42,3.29,3.76,28.02,2026-08-31,2026-08-31
Staatsburg,NY,"Poughkeepsie-Newburgh-Middletown, NY",Dutchess County,518227.0385707528,6.65,1800,NA,21600,0.347,24,4.17,2.71,Lean Rent,NA,NA,NA,NA,NA,NA,NA,NA,2026-08-31,2026-08-31
Chula Vista,CA,"San Diego-Chula Vista-Carlsbad, CA",San Diego County,849526.2350101086,0.81,2944.631553629177,1.54,35335.57864355012,0.347,24,4.16,2.7,Lean Rent,278546,0.99,3298799,-0.07,0.09,6.51,4.02,45.49,2026-08-31,2026-08-31
Compton,CA,"Los Angeles-Long Beach-Anaheim, CA",Los Angeles County,638376.3649874396,2.66,2209.0833333333335,0.47,26509,0.346,24.1,4.15,2.7,Lean Rent,91129,-4.48,9757179,-2.4,0.03,6.45,4.01,53.92,2026-08-31,2026-08-31
Bismarck,ND,"Bismarck, ND",Burleigh County,377820.651930061,5.46,1305.928292721771,3.38,15671.139512661252,0.346,24.1,4.15,2.7,Lean Rent,77772,5.47,103107,4.58,12.45,6.97,8.8,28.43,2026-08-31,2026-08-31
Mooresville,NC,"Charlotte-Concord-Gastonia, NC-SC",Iredell County,478099.4332235784,-0.27,1654.7405130524533,0.69,19856.88615662944,0.346,24.1,4.15,2.7,Lean Rent,52884,4.59,206361,9.94,28.47,9.63,3.66,28.53,2026-08-31,2026-08-31
Eau Claire,WI,"Eau Claire, WI",Eau Claire County,318287.28394106234,1.81,1100.3397660818714,0.14,13204.077192982457,0.346,24.1,4.15,2.7,Lean Rent,72331,4.09,108830,2.79,5.81,5.58,4.51,37.17,2026-08-31,2026-08-31
Wayne,NJ,"New York-Newark-Jersey City, NY-NJ-PA",Passaic County,748274.7428650229,7.19,2593.1481481481483,1.85,31117.77777777778,0.347,24,4.16,2.7,Lean Rent,NA,NA,526597,0.6,7.33,4.03,2.2,47.17,2026-08-31,2026-08-31
Fallbrook,CA,"San Diego-Chula Vista-Carlsbad, CA",San Diego County,882212.2983926873,0.79,3055.347222222222,4.85,36664.166666666664,0.346,24.1,4.16,2.7,Lean Rent,NA,NA,3298799,-0.07,0.09,6.51,4.02,45.49,2026-08-31,2026-08-31
Seatac,WA,"Seattle-Tacoma-Bellevue, WA",King County,577720.1604593945,-0.22,2002.9940745528984,3.71,24035.92889463478,0.347,24,4.16,2.7,Lean Rent,NA,NA,2340211,2.9,15.35,6.12,5.05,43.91,2026-08-31,2026-08-31
Cornelius,NC,"Charlotte-Concord-Gastonia, NC-SC",Mecklenburg County,522002.3890623613,1,1806.422514619883,-0.77,21677.070175438595,0.346,24.1,4.15,2.7,Lean Rent,34366,9.02,1206285,8.06,18.3,7.37,7.33,44.5,2026-08-31,2026-08-31
Grafton,MA,"Worcester, MA-CT",Worcester County,612828.0561755438,2.51,2125,NA,25500,0.347,24,4.16,2.7,Lean Rent,NA,NA,NA,NA,NA,NA,NA,NA,2026-08-31,2026-08-31
Clemson,SC,"Greenville-Anderson, SC",Pickens County,407704.7087217274,1.66,1411.388888888889,12.42,16936.666666666668,0.346,24.1,4.15,2.7,Lean Rent,18610,4.82,138207,4.95,11.74,10.9,6.6,29.48,2026-08-31,2026-08-31
Pawleys Island,SC,"Georgetown, SC",Georgetown County,553402.6651719484,0.68,1913,NA,22956,0.346,24.1,4.15,2.7,Lean Rent,NA,NA,NA,NA,NA,NA,NA,NA,2026-08-31,2026-08-31
Wallington,NJ,"New York-Newark-Jersey City, NY-NJ-PA",Bergen County,692117.6769031725,10.52,2391.6666666666665,NA,28700,0.346,24.1,4.15,2.7,Lean Rent,12060,1.81,978641,2.61,10.38,4.13,3.53,34.64,2026-08-31,2026-08-31
Atlantic Beach,FL,"Jacksonville, FL",Duval County,712935.6692045241,1.97,2472.3333333333335,5.52,29668,0.347,24,4.16,2.7,Lean Rent,13279,-1.59,1055159,5.75,12.67,9.15,6.97,41.93,2026-08-31,2026-08-31
Pomona,CA,"Los Angeles-Long Beach-Anaheim, CA",Los Angeles County,682283.296953707,-0.14,2352.673633156967,1.14,28232.083597883604,0.345,24.2,4.14,2.69,Lean Rent,147966,-2.05,9757179,-2.4,0.03,6.45,4.01,53.92,2026-08-31,2026-08-31
Montebello,CA,"Los Angeles-Long Beach-Anaheim, CA",Los Angeles County,817744.0253036376,1.49,2819.297619047619,3.47,33831.57142857143,0.345,24.2,4.14,2.69,Lean Rent,60617,-2.92,9757179,-2.4,0.03,6.45,4.01,53.92,2026-08-31,2026-08-31
Rockville Centre,NY,"New York-Newark-Jersey City, NY-NJ-PA",Nassau County,992022.3340854548,6.34,3422.222222222222,NA,41066.666666666664,0.345,24.2,4.14,2.69,Lean Rent,25718,-0.68,1392438,0.13,2.32,4.56,4.6,18.07,2026-08-31,2026-08-31
Silverdale,WA,"Bremerton-Silverdale-Port Orchard, WA",Kitsap County,602343.1226582876,1.41,2077.7430555555557,2.55,24932.916666666668,0.345,24.2,4.14,2.69,Lean Rent,NA,NA,281420,2.03,11.34,6.99,3.99,29.85,2026-08-31,2026-08-31
North Kingstown,RI,"Providence-Warwick, RI-MA",Washington County,683705.946722746,6.85,2358.333333333333,NA,28299.999999999996,0.345,24.2,4.14,2.69,Lean Rent,NA,NA,NA,NA,NA,NA,NA,NA,2026-08-31,2026-08-31
Merrill,WI,"Wausau-Weston, WI",Lincoln County,224171.59978757123,7.5,772.5,NA,9270,0.345,24.2,4.14,2.69,Lean Rent,NA,NA,NA,NA,NA,NA,NA,NA,2026-08-31,2026-08-31
Rathdrum,ID,"Coeur d'Alene, ID",Kootenai County,580624.7134967415,2.82,1999.9047619047624,NA,23998.85714285715,0.344,24.2,4.13,2.69,Lean Rent,12626,35.89,188323,8.99,15.6,11.42,3.93,27.79,2026-08-31,2026-08-31
North Ogden,UT,"Ogden-Clearfield, UT",Weber County,527471.1412229476,1.3,1819.6666666666667,NA,21836,0.345,24.2,4.14,2.69,Lean Rent,NA,NA,NA,NA,NA,NA,NA,NA,2026-08-31,2026-08-31
Destin,FL,"Crestview-Fort Walton Beach-Destin, FL",Okaloosa County,612080.4438400496,1.32,2109.6563467492256,1.97,25315.87616099071,0.345,24.2,4.14,2.69,Lean Rent,13991,0.38,220483,3.95,1.51,17.91,14.17,32.25,2026-08-31,2026-08-31
Ashwaubenon,WI,"Green Bay, WI",Brown County,345951.7823770587,2.82,1194,NA,14328,0.345,24.1,4.14,2.69,Lean Rent,NA,NA,NA,NA,NA,NA,NA,NA,2026-08-31,2026-08-31
York,ME,"Portland-South Portland, ME",York County,762315.9268353251,2.14,2631.746031746032,NA,31580.95238095238,0.345,24.1,4.14,2.69,Lean Rent,NA,NA,NA,NA,NA,NA,NA,NA,2026-08-31,2026-08-31
Maryville,IL,"St. Louis, MO-IL",Madison County,331736.08378959674,3.58,1142.5,NA,13710,0.344,24.2,4.13,2.69,Lean Rent,NA,NA,NA,NA,NA,NA,NA,NA,2026-08-31,2026-08-31
Neptune Beach,FL,"Jacksonville, FL",Duval County,791218.9783045308,6.66,2733.444444444445,10.79,32801.333333333336,0.345,24.1,4.15,2.69,Lean Rent,7032,-2.29,1055159,5.75,12.67,9.15,6.97,41.93,2026-08-31,2026-08-31
Reno,NV,"Reno, NV",Washoe County,573359.6896364256,1.42,1966.8400615621135,7.08,23602.08073874536,0.343,24.3,4.12,2.68,Lean Rent,281714,6.31,507280,4.01,13.63,8.28,5.88,40.53,2026-08-31,2026-08-31
Alexandria,VA,"Washington-Arlington-Alexandria, DC-VA-MD-WV",Fairfax County,666030.604597919,0.87,2284.8218175193633,-1.35,27417.86181023236,0.343,24.3,4.12,2.68,Lean Rent,159102,-0.03,1160925,1.07,6.94,3.66,4.16,31.65,2026-08-31,2026-08-31
Kalispell,MT,"Kalispell, MT",Flathead County,562374.1135190855,1.54,1931.1906491818772,3.52,23174.287790182527,0.343,24.3,4.12,2.68,Lean Rent,31296,23.86,114527,9.2,7.48,14.49,7.26,25.96,2026-08-31,2026-08-31
Glenview,IL,"Chicago-Naperville-Elgin, IL-IN-WI",Cook County,697923.0330814687,10.38,2400.5673585673585,2.02,28806.808302808302,0.344,24.2,4.13,2.68,Lean Rent,47634,-1.89,5182617,-1.6,5.9,8.18,4.67,42.49,2026-08-31,2026-08-31
Mililani,HI,"Urban Honolulu, HI",Honolulu County,879638.1890557456,1.97,3017.856209150327,5.84,36214.27450980392,0.343,24.3,4.12,2.68,Lean Rent,NA,NA,998747,-1.35,1.96,9.47,5.27,40.46,2026-08-31,2026-08-31
Potomac,MD,"Washington-Arlington-Alexandria, DC-VA-MD-WV",Montgomery County,1350962.0571359796,0.48,4648.809523809524,6,55785.71428571429,0.344,24.2,4.13,2.68,Lean Rent,NA,NA,1082273,2.02,7.76,4.26,3.68,34.66,2026-08-31,2026-08-31
De Pere,WI,"Green Bay, WI",Brown County,407512.8590402819,5.36,1399.9666666666665,NA,16799.6,0.344,24.3,4.12,2.68,Lean Rent,25453,0.18,273909,1.84,4.22,3.4,2.45,35.38,2026-08-31,2026-08-31
Oakdale,CA,"Modesto, CA",Stanislaus County,554158.3667989532,1.28,1901.8333333333333,0.35,22822,0.343,24.3,4.12,2.68,Lean Rent,23209,0,556972,0.59,2.04,4.22,2.75,39,2026-08-31,2026-08-31
Farmingdale,NY,"New York-Newark-Jersey City, NY-NJ-PA",Suffolk County,752915.0145905303,7.17,2584.6666666666665,NA,31016,0.343,24.3,4.12,2.68,Lean Rent,NA,NA,NA,NA,NA,NA,NA,NA,2026-08-31,2026-08-31
Bedford,NH,"Manchester-Nashua, NH",Hillsborough County,772644.2027331894,2.09,2657.055555555555,NA,31884.666666666664,0.344,24.2,4.13,2.68,Lean Rent,NA,NA,430462,1.78,5.81,5.1,3.09,32.47,2026-08-31,2026-08-31
Boone,IA,"Ames, IA",Boone County,213280.1087076521,1.93,731.6666666666666,NA,8780,0.343,24.3,4.12,2.68,Lean Rent,12461,0.1,26729,0.1,7.97,8.91,10.5,18.95,2026-08-31,2026-08-31
Oak Island,NC,"Myrtle Beach-Conway-North Myrtle Beach, SC-NC",Brunswick County,604000.2327873342,4.47,2077.777777777778,NA,24933.333333333336,0.344,24.2,4.13,2.68,Lean Rent,NA,NA,NA,NA,NA,NA,NA,NA,2026-08-31,2026-08-31
Montpelier,VT,"Barre, VT",Washington County,423230.43886513374,0.81,1455,NA,17460,0.344,24.2,4.13,2.68,Lean Rent,NA,NA,NA,NA,NA,NA,NA,NA,2026-08-31,2026-08-31
Alamo Heights,TX,"San Antonio-New Braunfels, TX",Bexar County,733584.4396649947,1.39,2523.0833333333335,NA,30277,0.344,24.2,4.13,2.68,Lean Rent,7557,2.43,2127737,5.56,8.6,8.27,8.16,40.89,2026-08-31,2026-08-31
Fort Washington,PA,"Philadelphia-Camden-Wilmington, PA-NJ-DE-MD",Montgomery County,761520.1913845191,2.06,2617.511111111111,NA,31410.13333333333,0.344,24.2,4.12,2.68,Lean Rent,NA,NA,NA,NA,NA,NA,NA,NA,2026-08-31,2026-08-31
Milwaukie,OR,"Portland-Vancouver-Hillsboro, OR-WA",Clackamas County,517998.0915058852,0.85,1774.9306418219464,1.77,21299.167701863356,0.343,24.3,4.11,2.67,Lean Rent,21620,2.12,425857,0.79,3.92,5.7,4.07,28.66,2026-08-31,2026-08-31
Natick,MA,"Boston-Cambridge-Newton, MA-NH",Middlesex County,888947.1110506406,1.49,3043.2555555555555,4.24,36519.066666666666,0.342,24.3,4.11,2.67,Lean Rent,NA,NA,1668956,2.54,11.63,4.52,2.96,38.37,2026-08-31,2026-08-31
Tooele,UT,"Salt Lake City, UT",Tooele County,430286.1765745201,-0.35,1474.3194444444443,NA,17691.833333333332,0.343,24.3,4.11,2.67,Lean Rent,40919,13.55,84488,15.18,20.8,4.51,6.32,17.36,2026-08-31,2026-08-31
Rolla,MO,"Rolla, MO",Phelps County,243244.32611031993,4.5,833.0037037037036,6.5,9996.044444444444,0.342,24.3,4.11,2.67,Lean Rent,20660,3.71,45672,2.48,4.73,12.85,5.27,38.09,2026-08-31,2026-08-31
Gardnerville,NV,"Gardnerville Ranchos, NV",Douglas County,612501.6809922865,2.21,2093.75,NA,25125,0.342,24.4,4.1,2.67,Lean Rent,NA,NA,49564,0.07,9.74,14.24,5.94,21.63,2026-08-31,2026-08-31
Park Ridge,NJ,"New York-Newark-Jersey City, NY-NJ-PA",Bergen County,862242.6112654344,5.52,2947,NA,35364,0.342,24.4,4.1,2.67,Lean Rent,9634,8.7,978641,2.61,10.38,4.13,3.53,34.64,2026-08-31,2026-08-31
West Valley City,UT,"Salt Lake City, UT",Salt Lake County,465915.1992149202,0.45,1586.4645186721098,-0.23,19037.574224065316,0.341,24.5,4.09,2.66,Lean Rent,138144,-1.32,1216274,2.46,7.39,5.36,5.82,33,2026-08-31,2026-08-31
West Chester,PA,"Philadelphia-Camden-Wilmington, PA-NJ-DE-MD",Chester County,664134.3988751493,3.14,2260.9371196754564,2.97,27131.245436105477,0.34,24.5,4.09,2.66,Lean Rent,22758,21.94,560745,4.84,7.29,3.95,3.98,25.05,2026-08-31,2026-08-31
Huntersville,NC,"Charlotte-Concord-Gastonia, NC-SC",Mecklenburg County,546643.5352894397,0.48,1862.7969122429424,-0.14,22353.56294691531,0.341,24.5,4.09,2.66,Lean Rent,67087,8.89,1206285,8.06,18.3,7.37,7.33,44.5,2026-08-31,2026-08-31
Longview,WA,"Longview, WA",Cowlitz County,385699.29619670793,-0.13,1313.84126984127,0.14,15766.09523809524,0.341,24.5,4.09,2.66,Lean Rent,38294,1.12,113982,2.67,8.67,5.39,2.32,33.85,2026-08-31,2026-08-31
Glenside,PA,"Philadelphia-Camden-Wilmington, PA-NJ-DE-MD",Montgomery County,463934.02900399297,2.33,1583.388888888889,NA,19000.666666666668,0.341,24.4,4.1,2.66,Lean Rent,NA,NA,879190,2.6,7.92,4.35,5.68,28.27,2026-08-31,2026-08-31
Gettysburg,PA,"Gettysburg, PA",Adams County,370404.1911847613,2.94,1265,NA,15180,0.342,24.4,4.1,2.66,Lean Rent,8647,21.72,107914,3.96,9.05,6.84,3.96,20.94,2026-08-31,2026-08-31
Pittsboro,NC,"Durham-Chapel Hill, NC",Chatham County,554189.1390419169,0.52,1887.5,3.72,22650,0.341,24.5,4.09,2.66,Lean Rent,4989,9.14,83874,9.41,23.99,7.88,6.4,19.59,2026-08-31,2026-08-31
Newburyport,MA,"Boston-Cambridge-Newton, MA-NH",Essex County,938245.1857700098,4.31,3205.555555555555,6.22,38466.666666666664,0.342,24.4,4.1,2.66,Lean Rent,19163,4.72,823938,2,7.8,5.11,2.53,36.04,2026-08-31,2026-08-31
New Holland,PA,"Lancaster, PA",Lancaster County,418477.6570300397,4.81,1425.8333333333333,NA,17110,0.341,24.5,4.09,2.66,Lean Rent,NA,NA,NA,NA,NA,NA,NA,NA,2026-08-31,2026-08-31
Boulder City,NV,"Las Vegas-Henderson-Paradise, NV",Clark County,470765.84989259933,-1.68,1608.3333333333333,3.05,19300,0.342,24.4,4.1,2.66,Lean Rent,15029,0.87,2398871,5.4,16.64,9.46,7.1,42.95,2026-08-31,2026-08-31
Salida,CO,NA,Chaffee County,717548.5605106825,0.41,2451.190476190476,NA,29414.285714285714,0.342,24.4,4.1,2.66,Lean Rent,6007,5.16,20780,6.63,11.36,18.74,4.89,27.06,2026-08-31,2026-08-31
West Fargo,ND,"Fargo, ND-MN",Cass County,358714.9665585204,2.96,1219.1161387631976,7.11,14629.393665158372,0.34,24.5,4.08,2.65,Lean Rent,41027,5.47,200945,8.68,8.16,6.66,6.56,48,2026-08-31,2026-08-31
Fitchburg,WI,"Madison, WI",Dane County,506722.5366602984,0.29,1722.202890247008,1.95,20666.434682964096,0.34,24.5,4.08,2.65,Lean Rent,34357,9.77,588347,4.57,11.72,3.59,2.98,42.34,2026-08-31,2026-08-31
Stanton,CA,"Los Angeles-Long Beach-Anaheim, CA",Orange County,786972.6007670965,1.86,2671.0096153846152,2.42,32052.115384615383,0.339,24.6,4.07,2.65,Lean Rent,41188,8.15,3170435,-0.5,2.33,5.61,4.39,43.55,2026-08-31,2026-08-31
Seal Beach,CA,"Los Angeles-Long Beach-Anaheim, CA",Orange County,830594.3702661315,4.42,2825.8333333333335,-1.38,33910,0.34,24.5,4.08,2.65,Lean Rent,24421,-3.06,3170435,-0.5,2.33,5.61,4.39,43.55,2026-08-31,2026-08-31
Fulton,MO,"Jefferson City, MO",Callaway County,254450.6228472444,7.18,865.625,NA,10387.5,0.34,24.5,4.08,2.65,Lean Rent,NA,NA,NA,NA,NA,NA,NA,NA,2026-08-31,2026-08-31
Eatontown,NJ,"New York-Newark-Jersey City, NY-NJ-PA",Monmouth County,657360.0547279335,8.11,2231.5,NA,26778,0.339,24.5,4.07,2.65,Lean Rent,13582,0.03,647520,0.74,2.8,7.24,3.49,24.63,2026-08-31,2026-08-31
Gladstone,OR,"Portland-Vancouver-Hillsboro, OR-WA",Clackamas County,512432.4903403663,0.2,1741.7619047619046,5.41,20901.142857142855,0.34,24.5,4.08,2.65,Lean Rent,11898,-1.23,425857,0.79,3.92,5.7,4.07,28.66,2026-08-31,2026-08-31
Vineyard,UT,"Provo-Orem, UT",Utah County,523987.9028288197,1.19,1783.2666666666669,-0.31,21399.200000000004,0.34,24.5,4.08,2.65,Lean Rent,16077,24.54,747234,12.6,17.51,3.79,2.69,31.87,2026-08-31,2026-08-31
Templeton,CA,"San Luis Obispo-Paso Robles, CA",San Luis Obispo County,933015.8050177144,1.8,3175,NA,38100,0.34,24.5,4.08,2.65,Lean Rent,NA,NA,NA,NA,NA,NA,NA,NA,2026-08-31,2026-08-31
Lighthouse Point,FL,"Miami-Fort Lauderdale-Pompano Beach, FL",Broward County,774429.0262953319,2.14,2629.1666666666665,11.23,31550,0.339,24.5,4.07,2.65,Lean Rent,10878,3.91,2037472,4.84,14.84,13.18,6.08,36.74,2026-08-31,2026-08-31
Saint Leonard,MD,"Washington-Arlington-Alexandria, DC-VA-MD-WV",Calvert County,471293.5528835798,1.21,1600,NA,19200,0.339,24.5,4.07,2.65,Lean Rent,NA,NA,NA,NA,NA,NA,NA,NA,2026-08-31,2026-08-31
Oceanside,CA,"San Diego-Chula Vista-Carlsbad, CA",San Diego County,867313.8354908634,1.24,2931.152731809824,2.63,35173.832781717894,0.338,24.7,4.06,2.64,Lean Rent,170941,-1.8,3298799,-0.07,0.09,6.51,4.02,45.49,2026-08-31,2026-08-31
Lakewood,WA,"Seattle-Tacoma-Bellevue, WA",Pierce County,515726.9189551549,0.33,1747.866668406493,1.5,20974.400020877918,0.339,24.6,4.07,2.64,Lean Rent,62709,-1.43,941170,1.9,6.6,5.21,4.02,35.21,2026-08-31,2026-08-31
Windermere,FL,"Orlando-Kissimmee-Sanford, FL",Orange County,707470.8554813643,0.08,2394.200420168067,-0.13,28730.405042016806,0.338,24.6,4.06,2.64,Lean Rent,3223,6.33,1533646,7.12,16.48,11.72,10.93,42.64,2026-08-31,2026-08-31
South Lyon,MI,"Detroit-Warren-Dearborn, MI",Oakland County,474752.50109278737,2.58,1609.6666666666667,NA,19316,0.339,24.6,4.07,2.64,Lean Rent,NA,NA,NA,NA,NA,NA,NA,NA,2026-08-31,2026-08-31
Westmont,CA,"Los Angeles-Long Beach-Anaheim, CA",Los Angeles County,696822.2898344044,0.88,2357.1071428571427,-0.63,28285.28571428571,0.338,24.6,4.06,2.64,Lean Rent,NA,NA,9757179,-2.4,0.03,6.45,4.01,53.92,2026-08-31,2026-08-31
Enumclaw,WA,"Seattle-Tacoma-Bellevue, WA",King County,665794.6009599894,-0.31,2252.452380952381,1.15,27029.428571428572,0.338,24.6,4.06,2.64,Lean Rent,13173,4.38,941170,1.9,6.6,5.21,4.02,35.21,2026-08-31,2026-08-31
Purcellville,VA,"Washington-Arlington-Alexandria, DC-VA-MD-WV",Loudoun County,905665.2666715692,3.33,3062.5,NA,36750,0.338,24.6,4.06,2.64,Lean Rent,NA,NA,NA,NA,NA,NA,NA,NA,2026-08-31,2026-08-31
River Forest,IL,"Chicago-Naperville-Elgin, IL-IN-WI",Cook County,738289.8921967037,11.28,2500,NA,30000,0.339,24.6,4.06,2.64,Lean Rent,NA,NA,NA,NA,NA,NA,NA,NA,2026-08-31,2026-08-31
New Freedom,PA,"York-Hanover, PA",York County,428155.8501415632,3.88,1450,NA,17400,0.339,24.6,4.06,2.64,Lean Rent,NA,NA,NA,NA,NA,NA,NA,NA,2026-08-31,2026-08-31
Atlantic Highlands,NJ,"New York-Newark-Jersey City, NY-NJ-PA",Monmouth County,870677.9681147253,8.34,2947.3333333333335,NA,35368,0.339,24.6,4.06,2.64,Lean Rent,4402,-0.27,647520,0.74,2.8,7.24,3.49,24.63,2026-08-31,2026-08-31
Warrenton,OR,"Astoria, OR",Clatsop County,502191.8386449279,-0.85,1702.5,NA,20430,0.339,24.6,4.07,2.64,Lean Rent,NA,NA,NA,NA,NA,NA,NA,NA,2026-08-31,2026-08-31
Surf City,NC,"Wilmington, NC",Pender County,638490.9560080933,3.49,2160.4166666666665,6.63,25925,0.338,24.6,4.06,2.64,Lean Rent,4961,27.43,70077,15.59,25.5,22.11,9.76,18.18,2026-08-31,2026-08-31
Cambridge,MA,"Boston-Cambridge-Newton, MA-NH",Middlesex County,1031739.487263934,-0.59,3475.9859757388745,2.74,41711.83170886649,0.337,24.7,4.04,2.63,Lean Rent,121186,2.52,1668956,2.54,11.63,4.52,2.96,38.37,2026-08-31,2026-08-31
Herndon,VA,"Washington-Arlington-Alexandria, DC-VA-MD-WV",Fairfax County,725534.4349367572,0.66,2445.6197900574375,0.79,29347.437480689252,0.337,24.7,4.04,2.63,Lean Rent,25180,2.41,1160925,1.07,6.94,3.66,4.16,31.65,2026-08-31,2026-08-31
Broomfield,CO,"Denver-Aurora-Lakewood, CO",Broomfield County,620898.504834497,-0.73,2096.115711669283,0.07,25153.388540031396,0.338,24.7,4.05,2.63,Lean Rent,78323,5.14,78323,5.14,14.71,4.15,3.46,37.41,2026-08-31,2026-08-31
Waipahu,HI,"Urban Honolulu, HI",Honolulu County,863949.7360968705,3.22,2911.683404558404,6.06,34940.20085470085,0.337,24.7,4.04,2.63,Lean Rent,NA,NA,998747,-1.35,1.96,9.47,5.27,40.46,2026-08-31,2026-08-31
Fairfield,CT,"Bridgeport-Stamford-Norwalk, CT",Fairfield County,991581.9606589228,8.44,3346.772222222222,2.68,40161.26666666666,0.338,24.7,4.05,2.63,Lean Rent,NA,NA,NA,NA,NA,NA,NA,NA,2026-08-31,2026-08-31
Wenatchee,WA,"Wenatchee, WA",Chelan County,494357.461871616,0.21,1665.9472291840714,1.15,19991.366750208857,0.337,24.7,4.04,2.63,Lean Rent,35401,-0.57,81228,2.42,11.45,19.16,4.16,36.67,2026-08-31,2026-08-31
Aiea,HI,"Urban Honolulu, HI",Honolulu County,824721.6923595428,1.34,2782.818181818182,5.17,33393.818181818184,0.337,24.7,4.05,2.63,Lean Rent,NA,NA,998747,-1.35,1.96,9.47,5.27,40.46,2026-08-31,2026-08-31
Shrewsbury,MA,"Worcester, MA-CT",Worcester County,691135.4887011822,0.65,2326.2252192982455,-0.85,27914.702631578948,0.337,24.8,4.04,2.63,Lean Rent,NA,NA,881248,2.82,8.7,5.7,3.41,34.33,2026-08-31,2026-08-31
Norwood,MA,"Boston-Cambridge-Newton, MA-NH",Norfolk County,737322.8940482099,1.94,2490.637786774629,0.46,29887.65344129555,0.338,24.7,4.05,2.63,Lean Rent,NA,NA,740754,2.35,9.81,4.09,3.95,31.48,2026-08-31,2026-08-31
Washington,UT,"St. George, UT",Washington County,540326.2476114309,-0.79,1819.3013888888888,3.34,21831.616666666665,0.337,24.7,4.04,2.63,Lean Rent,35501,23.96,207943,14.24,22.34,15.29,9.04,27.41,2026-08-31,2026-08-31
North Wales,PA,"Philadelphia-Camden-Wilmington, PA-NJ-DE-MD",Montgomery County,538696.9330653162,2.27,1815.011111111111,2.65,21780.13333333333,0.337,24.7,4.04,2.63,Lean Rent,3450,0.64,879190,2.6,7.92,4.35,5.68,28.27,2026-08-31,2026-08-31
Valley Center,CA,"San Diego-Chula Vista-Carlsbad, CA",San Diego County,925512.4545435308,0.28,3123.8888888888887,NA,37486.666666666664,0.338,24.7,4.05,2.63,Lean Rent,NA,NA,NA,NA,NA,NA,NA,NA,2026-08-31,2026-08-31
Fairview,NJ,"New York-Newark-Jersey City, NY-NJ-PA",Bergen County,668018.9766675701,6.11,2250,NA,27000,0.337,24.7,4.04,2.63,Lean Rent,15606,4.16,978641,2.61,10.38,4.13,3.53,34.64,2026-08-31,2026-08-31
Tarrytown,NY,"New York-Newark-Jersey City, NY-NJ-PA",Westchester County,896766.7561755051,12.57,3021.7666666666664,NA,36261.2,0.337,24.7,4.04,2.63,Lean Rent,NA,NA,NA,NA,NA,NA,NA,NA,2026-08-31,2026-08-31
Windcrest,TX,"San Antonio-New Braunfels, TX",Bexar County,309631.3525190046,-1.32,1042.5277777777778,NA,12510.333333333334,0.337,24.8,4.04,2.63,Lean Rent,NA,NA,NA,NA,NA,NA,NA,NA,2026-08-31,2026-08-31
Bentonville,AR,"Fayetteville-Springdale-Rogers, AR",Benton County,492753.04839379987,2.82,1656.0177205308353,1.99,19872.212646370022,0.336,24.8,4.03,2.62,Lean Rent,61791,12.72,321566,12.19,23.43,9.14,4.86,32.8,2026-08-31,2026-08-31
Helena,MT,"Helena, MT",Lewis and Clark County,480407.2437067428,3,1616.440476190476,2.65,19397.28571428571,0.336,24.8,4.04,2.62,Lean Rent,34729,7.67,75129,5.55,4.15,9.4,4.39,30.31,2026-08-31,2026-08-31
West Hollywood,CA,"Los Angeles-Long Beach-Anaheim, CA",Los Angeles County,975189.212744431,-1.26,3280.6771016081875,1.29,39368.12521929825,0.336,24.8,4.04,2.62,Lean Rent,34371,-3.71,9757179,-2.4,0.03,6.45,4.01,53.92,2026-08-31,2026-08-31
Midvale,UT,"Salt Lake City, UT",Salt Lake County,485327.372530723,0.53,1627.6697722567287,-0.88,19532.037267080745,0.335,24.8,4.02,2.62,Lean Rent,36219,0.29,1216274,2.46,7.39,5.36,5.82,33,2026-08-31,2026-08-31
Warrenton,VA,"Washington-Arlington-Alexandria, DC-VA-MD-WV",Fauquier County,682558.8255733969,2.24,2291.555555555555,NA,27498.666666666664,0.336,24.8,4.03,2.62,Lean Rent,10224,1.75,75865,3.91,6.25,7.69,2.13,21.87,2026-08-31,2026-08-31
Nutley,NJ,"New York-Newark-Jersey City, NY-NJ-PA",Essex County,658079.8854814974,3.05,2212.5515873015875,NA,26550.61904761905,0.336,24.8,4.03,2.62,Lean Rent,NA,NA,881527,2.5,15.1,5.39,2.7,55.47,2026-08-31,2026-08-31
Ferndale,WA,"Bellingham, WA",Whatcom County,613331.672286034,0.81,2058.1468253968255,4.21,24697.76190476191,0.336,24.8,4.03,2.62,Lean Rent,16706,10.3,234954,3.3,9.58,9.34,3.08,36.47,2026-08-31,2026-08-31
Cheney,WA,"Spokane-Spokane Valley, WA",Spokane County,418750.40213076497,-0.54,1408.921568627451,3.73,16907.058823529413,0.336,24.8,4.04,2.62,Lean Rent,12700,-5.08,555947,2.73,4.76,5.38,3.55,36.11,2026-08-31,2026-08-31
Dripping Springs,TX,"Austin-Round Rock-Georgetown, TX",Hays County,691126.8726712163,-0.21,2323.9365079365075,4.73,27887.23809523809,0.336,24.8,4.04,2.62,Lean Rent,10165,98.88,292029,19.69,29.92,5.29,3.58,35.89,2026-08-31,2026-08-31
Middletown,MD,"Washington-Arlington-Alexandria, DC-VA-MD-WV",Frederick County,564301.7772789386,0.58,1892.8333333333333,NA,22714,0.335,24.8,4.03,2.62,Lean Rent,NA,NA,NA,NA,NA,NA,NA,NA,2026-08-31,2026-08-31
Falmouth,ME,"Portland-South Portland, ME",Cumberland County,897259.9844425678,2.82,3011.1111111111113,NA,36133.333333333336,0.336,24.8,4.03,2.62,Lean Rent,NA,NA,313809,3.36,8.17,14.2,3.63,29.63,2026-08-31,2026-08-31
Glen Ridge,NJ,"New York-Newark-Jersey City, NY-NJ-PA",Essex County,1185243.7108309353,7.21,3987.5,NA,47850,0.336,24.8,4.04,2.62,Lean Rent,NA,NA,NA,NA,NA,NA,NA,NA,2026-08-31,2026-08-31
Carmel Valley,CA,"Salinas, CA",Monterey County,1412968.6313196744,-0.47,4750,NA,57000,0.336,24.8,4.03,2.62,Lean Rent,NA,NA,NA,NA,NA,NA,NA,NA,2026-08-31,2026-08-31
Arlington,VA,"Washington-Arlington-Alexandria, DC-VA-MD-WV",Arlington County,806571.2014467819,0.83,2701.9680734951953,0.35,32423.616881942344,0.335,24.9,4.02,2.61,Lean Rent,NA,NA,239807,0.41,13.23,7.63,4.68,58.15,2026-08-31,2026-08-31
Salinas,CA,"Salinas, CA",Monterey County,748417.5510448978,1.4,2501.452680652681,5.49,30017.432167832172,0.334,24.9,4.01,2.61,Lean Rent,160783,-1.6,436251,-0.97,-4.66,8.72,2.33,47.72,2026-08-31,2026-08-31
Chico,CA,"Chico, CA",Butte County,460839.20073911105,0.57,1543.7011904761905,1.07,18524.414285714287,0.335,24.9,4.02,2.61,Lean Rent,102911,-0.37,208334,-0.9,6.92,9.69,5.88,41.72,2026-08-31,2026-08-31
Auburn,WA,"Seattle-Tacoma-Bellevue, WA",King County,598169.8775607141,-0.29,2001.3764427217911,2.94,24016.517312661494,0.335,24.9,4.01,2.61,Lean Rent,85513,-1.76,2340211,2.9,15.35,6.12,5.05,43.91,2026-08-31,2026-08-31
Parker,CO,"Denver-Aurora-Lakewood, CO",Douglas County,676202.7179652513,-1.6,2266.487694380064,-2.92,27197.852332560768,0.335,24.9,4.02,2.61,Lean Rent,65473,11.25,393995,9.34,17.82,3.14,4.54,22.23,2026-08-31,2026-08-31
Fort Mill,SC,"Charlotte-Concord-Gastonia, NC-SC",York County,523378.90220148,-1.63,1749.7306255835665,1.4,20996.767507002798,0.334,24.9,4.01,2.61,Lean Rent,36244,43.8,303001,6.74,13.44,5.45,4.52,26.57,2026-08-31,2026-08-31
Apex,NC,"Raleigh-Cary, NC",Wake County,592990.6106474956,-1.73,1981.23353629898,0.53,23774.80243558776,0.334,24.9,4.01,2.61,Lean Rent,75977,16.51,1232444,9,18.32,7.54,9.49,35.57,2026-08-31,2026-08-31
Littleton,CO,"Denver-Aurora-Lakewood, CO",Jefferson County,617466.617208509,-1.75,2067.338095882449,-1.25,24808.05715058939,0.335,24.9,4.02,2.61,Lean Rent,44879,-1.58,578533,-0.79,0.75,4.44,4.86,29.39,2026-08-31,2026-08-31
Williston,ND,"Williston, ND",Williams County,375621.78890580265,5.63,1258.7857142857144,-4.72,15105.428571428572,0.335,24.9,4.02,2.61,Lean Rent,28821,-1.7,40763,-1.03,25.64,24.56,26.91,42.76,2026-08-31,2026-08-31
Monroe,WA,"Seattle-Tacoma-Bellevue, WA",Snohomish County,709256.014195867,-0.49,2369.565476190476,5.7,28434.785714285714,0.334,24.9,4.01,2.61,Lean Rent,19927,-0.48,864113,4.11,11.83,4.9,4.3,31.61,2026-08-31,2026-08-31
Oconomowoc,WI,"Milwaukee-Waukesha, WI",Waukesha County,553179.3746616137,6.29,1853.6426166426163,4.34,22243.711399711396,0.335,24.9,4.02,2.61,Lean Rent,20002,9.83,417029,2.33,7.17,3.9,4.02,23.57,2026-08-31,2026-08-31
Berkeley Heights,NJ,"New York-Newark-Jersey City, NY-NJ-PA",Union County,964140.2559313468,7.63,3220,NA,38640,0.334,25,4.01,2.61,Rent Favored,NA,NA,NA,NA,NA,NA,NA,NA,2026-08-31,2026-08-31
Vashon,WA,"Seattle-Tacoma-Bellevue, WA",King County,885743.8069504503,-2.06,2966.5,NA,35598,0.335,24.9,4.02,2.61,Lean Rent,NA,NA,NA,NA,NA,NA,NA,NA,2026-08-31,2026-08-31
Fargo,ND,"Fargo, ND-MN",Cass County,324126.0955747085,4.18,1078.9381613756614,2.51,12947.257936507936,0.333,25,3.99,2.6,Rent Favored,136285,8.17,200945,8.68,8.16,6.66,6.56,48,2026-08-31,2026-08-31
Provo,UT,"Provo-Orem, UT",Utah County,480829.27940528904,1.57,1601.5514354436798,3.89,19218.617225324157,0.333,25,4,2.6,Rent Favored,115479,0.33,747234,12.6,17.51,3.79,2.69,31.87,2026-08-31,2026-08-31
Annandale,VA,"Washington-Arlington-Alexandria, DC-VA-MD-WV",Fairfax County,748628.4464890807,1.54,2493.5175120772947,0.25,29922.210144927536,0.333,25,4,2.6,Rent Favored,NA,NA,1160925,1.07,6.94,3.66,4.16,31.65,2026-08-31,2026-08-31
Oregon City,OR,"Portland-Vancouver-Hillsboro, OR-WA",Clackamas County,597974.390812152,0.44,1990.5763071895424,-1.82,23886.915686274508,0.333,25,3.99,2.6,Rent Favored,38327,1.46,425857,0.79,3.92,5.7,4.07,28.66,2026-08-31,2026-08-31
Fair Oaks,CA,"Sacramento-Roseville-Folsom, CA",Sacramento County,613294.1873153336,0.33,2046.6826923076924,2.43,24560.19230769231,0.334,25,4,2.6,Rent Favored,NA,NA,1611231,1.54,7.33,4.28,3.63,41.37,2026-08-31,2026-08-31
Coppell,TX,"Dallas-Fort Worth-Arlington, TX",Dallas County,611817.5609545403,-0.24,2041.816129032258,-0.71,24501.793548387097,0.334,25,4,2.6,Rent Favored,41785,-2.46,2656028,1.73,0.15,7.76,8.95,49.22,2026-08-31,2026-08-31
Melrose,MA,"Boston-Cambridge-Newton, MA-NH",Middlesex County,915287.7494405604,4.1,3054.75,3.7,36657,0.334,25,4,2.6,Rent Favored,29938,0.67,1668956,2.54,11.63,4.52,2.96,38.37,2026-08-31,2026-08-31
Denver,NC,"Charlotte-Concord-Gastonia, NC-SC",Lincoln County,552080.5014867331,-0.57,1838.074074074074,1.31,22056.888888888887,0.333,25,4,2.6,Rent Favored,NA,NA,97611,11.98,19.15,7.54,3.05,21.53,2026-08-31,2026-08-31
Verona,WI,"Madison, WI",Dane County,593445.3846925824,0.93,1981.7811447811448,6,23781.37373737374,0.334,25,4.01,2.6,Rent Favored,16825,20.34,588347,4.57,11.72,3.59,2.98,42.34,2026-08-31,2026-08-31
College Place,WA,"Walla Walla, WA",Walla Walla County,405399.3026927011,0.32,1350.648148148148,NA,16207.777777777777,0.333,25,4,2.6,Rent Favored,9846,-1.23,62068,-0.9,8.18,7.25,6.15,34.06,2026-08-31,2026-08-31
Odessa,MO,"Kansas City, MO-KS",Lafayette County,262875.974158559,7.65,875,NA,10500,0.333,25,3.99,2.6,Rent Favored,NA,NA,NA,NA,NA,NA,NA,NA,2026-08-31,2026-08-31
Inglewood,CA,"Los Angeles-Long Beach-Anaheim, CA",Los Angeles County,749827.2264076615,2.3,2491.8439476061426,-0.8,29902.12737127371,0.332,25.1,3.99,2.59,Rent Favored,102774,-4.31,9757179,-2.4,0.03,6.45,4.01,53.92,2026-08-31,2026-08-31
Falls Church,VA,"Washington-Arlington-Alexandria, DC-VA-MD-WV",Fairfax County,773771.1671166652,0.96,2574.193129459735,1.32,30890.31755351682,0.333,25,3.99,2.59,Rent Favored,15034,2.43,1160925,1.07,6.94,3.66,4.16,31.65,2026-08-31,2026-08-31
Napa,CA,"Napa, CA",Napa County,862725.0729643098,-2.03,2862.845239178572,0.47,34354.14287014286,0.332,25.1,3.98,2.59,Rent Favored,76921,-3.05,132727,-3.45,-4.02,10.68,4.97,35.6,2026-08-31,2026-08-31
Petaluma,CA,"Santa Rosa-Petaluma, CA",Sonoma County,899397.5210176554,0.38,2986.4552429667515,5.11,35837.46291560102,0.332,25.1,3.98,2.59,Rent Favored,59393,-0.6,485375,-0.64,4.42,7.67,2.55,37.8,2026-08-31,2026-08-31
Wakefield,MA,"Boston-Cambridge-Newton, MA-NH",Middlesex County,819252.3531188751,2.27,2720.7685185185182,2.7,32649.22222222222,0.332,25.1,3.99,2.59,Rent Favored,NA,NA,1668956,2.54,11.63,4.52,2.96,38.37,2026-08-31,2026-08-31
Imperial Beach,CA,"San Diego-Chula Vista-Carlsbad, CA",San Diego County,835326.7828010876,2.78,2778.034782608696,-0.51,33336.41739130435,0.333,25.1,3.99,2.59,Rent Favored,25568,-2.04,3298799,-0.07,0.09,6.51,4.02,45.49,2026-08-31,2026-08-31
Marshfield,MA,"Boston-Cambridge-Newton, MA-NH",Plymouth County,804817.6451584925,4.77,2669.0444444444443,NA,32028.533333333333,0.332,25.1,3.98,2.59,Rent Favored,NA,NA,542090,2.58,7.97,7.23,1.91,22.38,2026-08-31,2026-08-31
Canby,OR,"Portland-Vancouver-Hillsboro, OR-WA",Clackamas County,592232.8134951589,1.88,1966.8333333333333,1.31,23602,0.332,25.1,3.99,2.59,Rent Favored,18027,-1.05,425857,0.79,3.92,5.7,4.07,28.66,2026-08-31,2026-08-31
Spearfish,SD,"Spearfish, SD",Lawrence County,455618.70795513154,-0.65,1513.7222222222224,NA,18164.666666666668,0.332,25.1,3.99,2.59,Rent Favored,NA,NA,NA,NA,NA,NA,NA,NA,2026-08-31,2026-08-31
La Grange Park,IL,"Chicago-Naperville-Elgin, IL-IN-WI",Cook County,502906.1014441468,10.62,1670.388888888889,NA,20044.666666666668,0.332,25.1,3.99,2.59,Rent Favored,NA,NA,NA,NA,NA,NA,NA,NA,2026-08-31,2026-08-31
Flanders,NJ,"New York-Newark-Jersey City, NY-NJ-PA",Morris County,661567.8288640464,1.43,2195.944444444445,NA,26351.333333333336,0.332,25.1,3.98,2.59,Rent Favored,NA,NA,NA,NA,NA,NA,NA,NA,2026-08-31,2026-08-31
Sandwich,IL,"Chicago-Naperville-Elgin, IL-IN-WI",DeKalb County,330471.2086855551,5.65,1097.5,NA,13170,0.332,25.1,3.99,2.59,Rent Favored,NA,NA,NA,NA,NA,NA,NA,NA,2026-08-31,2026-08-31
Rockport,MA,"Boston-Cambridge-Newton, MA-NH",Essex County,885481.2870268595,3.83,2938.8888888888887,NA,35266.666666666664,0.332,25.1,3.98,2.59,Rent Favored,NA,NA,NA,NA,NA,NA,NA,NA,2026-08-31,2026-08-31
Harpswell,ME,"Portland-South Portland, ME",Cumberland County,728459.7665957017,2.81,2416.6666666666665,NA,29000,0.332,25.1,3.98,2.59,Rent Favored,NA,NA,NA,NA,NA,NA,NA,NA,2026-08-31,2026-08-31
Santa Fe,NM,"Santa Fe, NM",Santa Fe County,581278.6251784345,0.8,1925.293992557151,0.42,23103.52791068581,0.331,25.2,3.97,2.58,Rent Favored,90551,3.2,157765,1.75,10.83,10.73,4.43,29.38,2026-08-31,2026-08-31
Simi Valley,CA,"Oxnard-Thousand Oaks-Ventura, CA",Ventura County,833306.503413445,-0.29,2760.1081349206347,1.31,33121.29761904762,0.331,25.2,3.97,2.58,Rent Favored,125778,-0.45,835427,-0.99,0.32,5.64,3.81,35.84,2026-08-31,2026-08-31
Arlington,WA,"Seattle-Tacoma-Bellevue, WA",Snohomish County,654572.0634105672,0.69,2166.325641025641,2.59,25995.90769230769,0.331,25.2,3.97,2.58,Rent Favored,21959,9.55,864113,4.11,11.83,4.9,4.3,31.61,2026-08-31,2026-08-31
Northglenn,CO,"Denver-Aurora-Lakewood, CO",Adams County,452833.35082498303,-2.57,1495.7805966643175,-2.66,17949.36715997181,0.33,25.2,3.96,2.58,Rent Favored,38287,0.65,542973,4.31,8.16,3.55,3.6,31.13,2026-08-31,2026-08-31
Vestavia Hills,AL,"Birmingham-Hoover, AL",Jefferson County,567089.9786742696,4.32,1879.2083333333333,7.29,22550.5,0.331,25.1,3.98,2.58,Rent Favored,38151,-2.47,664744,-1.48,0.68,13.13,7.2,36.28,2026-08-31,2026-08-31
Springville,UT,"Provo-Orem, UT",Utah County,504733.7486045526,1.92,1667.1,2.99,20005.199999999997,0.33,25.2,3.96,2.58,Rent Favored,36027,1.93,747234,12.6,17.51,3.79,2.69,31.87,2026-08-31,2026-08-31
Forest Grove,OR,"Portland-Vancouver-Hillsboro, OR-WA",Washington County,519763.5874937096,-1.32,1721.477777777778,-0.76,20657.733333333337,0.331,25.2,3.97,2.58,Rent Favored,27076,3.79,611272,1.7,7.45,3.35,3.82,39.13,2026-08-31,2026-08-31
Dallas,OR,"Salem, OR",Polk County,477214.0157865773,1.5,1577.0833333333333,0.53,18925,0.33,25.2,3.97,2.58,Rent Favored,17911,5.36,90549,2.89,3.24,5.43,3.94,35.41,2026-08-31,2026-08-31
Payson,UT,"Provo-Orem, UT",Utah County,471306.5926889288,1.63,1561.5873015873017,NA,18739.04761904762,0.331,25.2,3.98,2.58,Rent Favored,24666,15.61,747234,12.6,17.51,3.79,2.69,31.87,2026-08-31,2026-08-31
Flagstaff,AZ,"Flagstaff, AZ",Coconino County,656450.9316630616,0.08,2165.885951209352,-0.83,25990.631414512223,0.33,25.3,3.96,2.57,Rent Favored,77539,0.58,145161,-0.02,-0.3,23.27,6.63,41.16,2026-08-31,2026-08-31
Ogden,UT,"Ogden-Clearfield, UT",Weber County,395517.356560064,-0.28,1304.9642857142858,1.36,15659.57142857143,0.33,25.3,3.96,2.57,Rent Favored,88656,1.55,276118,4.99,7.11,6.33,4.96,25.45,2026-08-31,2026-08-31
Shawnee,KS,"Kansas City, MO-KS",Johnson County,426972.0170847226,4.7,1408.2521367521367,-3.06,16899.02564102564,0.33,25.3,3.96,2.57,Rent Favored,69724,3.4,632276,3.45,6.72,4.13,5,31.44,2026-08-31,2026-08-31
South San Francisco,CA,"San Francisco-Oakland-Berkeley, CA",San Mateo County,1222898.969972968,2.9,4027.0147695441815,16.52,48324.17723453018,0.329,25.3,3.95,2.57,Rent Favored,64660,-1.89,742893,-2.6,8.67,7.4,7.73,40.91,2026-08-31,2026-08-31
Morristown,NJ,"New York-Newark-Jersey City, NY-NJ-PA",Morris County,910456.0801825996,6.61,2995.146320662768,2.12,35941.755847953216,0.329,25.3,3.95,2.57,Rent Favored,20732,3.04,523053,2.87,8.07,3.41,3.25,26.1,2026-08-31,2026-08-31
Plymouth,MI,"Detroit-Warren-Dearborn, MI",Wayne County,481892.5237231716,4.04,1586.7083333333333,3.06,19040.5,0.329,25.3,3.95,2.57,Rent Favored,9185,-1.59,1771063,-1.04,3.75,12.9,4.58,35.52,2026-08-31,2026-08-31
Walnut,CA,"Los Angeles-Long Beach-Anaheim, CA",Los Angeles County,1170403.14811896,1.78,3851.6666666666665,3.81,46220,0.329,25.3,3.95,2.57,Rent Favored,27250,-3.88,9757179,-2.4,0.03,6.45,4.01,53.92,2026-08-31,2026-08-31
Ridgewood,NJ,"New York-Newark-Jersey City, NY-NJ-PA",Bergen County,1269475.266011167,10.75,4181.25,NA,50175,0.329,25.3,3.95,2.57,Rent Favored,26701,3.1,978641,2.61,10.38,4.13,3.53,34.64,2026-08-31,2026-08-31
Jenkintown,PA,"Philadelphia-Camden-Wilmington, PA-NJ-DE-MD",Montgomery County,516127.4987712952,2.64,1700.9722222222224,NA,20411.666666666668,0.33,25.3,3.95,2.57,Rent Favored,4740,0.47,879190,2.6,7.92,4.35,5.68,28.27,2026-08-31,2026-08-31
Astoria,OR,"Astoria, OR",Clatsop County,481663.16384394234,0.39,1588.9583333333333,-0.16,19067.5,0.33,25.3,3.96,2.57,Rent Favored,9906,-2.79,41043,-0.28,3.02,22.18,2.03,38.33,2026-08-31,2026-08-31
Snoqualmie,WA,"Seattle-Tacoma-Bellevue, WA",King County,1061471.572617533,-2.68,3499.2916666666665,3.59,41991.5,0.33,25.3,3.96,2.57,Rent Favored,13748,-2.39,2340211,2.9,15.35,6.12,5.05,43.91,2026-08-31,2026-08-31
Romeo,MI,"Detroit-Warren-Dearborn, MI",Macomb County,429036.98247314506,2.95,1411,NA,16932,0.329,25.3,3.95,2.57,Rent Favored,NA,NA,NA,NA,NA,NA,NA,NA,2026-08-31,2026-08-31
West Point,UT,"Ogden-Clearfield, UT",Davis County,553506.6232482967,3.72,1820.3777777777775,NA,21844.53333333333,0.329,25.3,3.95,2.57,Rent Favored,NA,NA,NA,NA,NA,NA,NA,NA,2026-08-31,2026-08-31
Yarmouth,ME,"Portland-South Portland, ME",Cumberland County,768373.6085027629,3.47,2535.277777777778,NA,30423.333333333336,0.33,25.3,3.96,2.57,Rent Favored,NA,NA,NA,NA,NA,NA,NA,NA,2026-08-31,2026-08-31
Oakmont,PA,"Pittsburgh, PA",Allegheny County,346254.9032790885,-0.19,1139.1666666666667,NA,13670,0.329,25.3,3.95,2.57,Rent Favored,NA,NA,NA,NA,NA,NA,NA,NA,2026-08-31,2026-08-31
San Francisco,CA,"San Francisco-Oakland-Berkeley, CA",San Francisco County,1424766.589245885,13.65,4682.499558887302,25.22,56189.994706647616,0.329,25.4,3.94,2.56,Rent Favored,827526,-5.41,827526,-5.41,9.13,11.88,6.12,61.5,2026-08-31,2026-08-31
Portland,OR,"Portland-Vancouver-Hillsboro, OR-WA",Multnomah County,527359.3787837737,0.28,1732.3522739041082,0.87,20788.2272868493,0.328,25.4,3.94,2.56,Rent Favored,635749,-2.67,795897,-2.5,1.19,5.52,4.7,45.9,2026-08-31,2026-08-31
Rosemead,CA,"Los Angeles-Long Beach-Anaheim, CA",Los Angeles County,899016.8880369775,1.08,2954.9603174603176,4.74,35459.52380952381,0.329,25.4,3.94,2.56,Rent Favored,49582,-2.85,9757179,-2.4,0.03,6.45,4.01,53.92,2026-08-31,2026-08-31
Holly Springs,NC,"Raleigh-Cary, NC",Wake County,574699.2813458574,-0.79,1889.18860342556,2.38,22670.263241106717,0.329,25.4,3.94,2.56,Rent Favored,48674,17.08,1232444,9,18.32,7.54,9.49,35.57,2026-08-31,2026-08-31
Lafayette,CO,"Boulder, CO",Boulder County,668333.0688061487,-1.3,2189.2803174603177,0.5,26271.363809523813,0.328,25.4,3.93,2.56,Rent Favored,30587,0.61,330262,-0.21,4.58,5.31,3.67,37.54,2026-08-31,2026-08-31
Lynden,WA,"Bellingham, WA",Whatcom County,622035.7628219066,2.17,2043.148148148148,0.81,24517.777777777777,0.328,25.4,3.94,2.56,Rent Favored,16783,6.18,234954,3.3,9.58,9.34,3.08,36.47,2026-08-31,2026-08-31
Westerly,RI,"Providence-Warwick, RI-MA",Washington County,638610.4872695588,8.7,2096.6666666666665,4.15,25160,0.328,25.4,3.94,2.56,Rent Favored,NA,NA,130333,0.43,4.25,21.22,4.07,23.17,2026-08-31,2026-08-31
Makawao,HI,"Kahului-Wailuku-Lahaina, HI",Maui County,1113615.7582989002,-0.86,3650,NA,43800,0.328,25.4,3.93,2.56,Rent Favored,NA,NA,NA,NA,NA,NA,NA,NA,2026-08-31,2026-08-31
Tahoe City,CA,"Sacramento-Roseville-Folsom, CA",Placer County,1297737.0046404062,8.37,4253.333333333333,NA,51040,0.328,25.4,3.93,2.56,Rent Favored,NA,NA,NA,NA,NA,NA,NA,NA,2026-08-31,2026-08-31
Crockett,CA,"San Francisco-Oakland-Berkeley, CA",Contra Costa County,660355.6626648243,-2.45,2165,NA,25980,0.328,25.4,3.93,2.56,Rent Favored,NA,NA,NA,NA,NA,NA,NA,NA,2026-08-31,2026-08-31
Martinez,CA,"San Francisco-Oakland-Berkeley, CA",Contra Costa County,753716.4706071651,-1.73,2464.212962962963,2.72,29570.555555555555,0.327,25.5,3.92,2.55,Rent Favored,37006,-0.49,1172607,0.55,6.48,3.5,2.91,32.35,2026-08-31,2026-08-31
Voorhees Township,NJ,"Philadelphia-Camden-Wilmington, PA-NJ-DE-MD",Camden County,555619.4644258466,8.89,1816.815476190476,1.91,21801.78571428571,0.327,25.5,3.92,2.55,Rent Favored,NA,NA,533988,2.07,5.74,5.92,4.3,34.97,2026-08-31,2026-08-31
Port Washington,NY,"New York-Newark-Jersey City, NY-NJ-PA",Nassau County,1303909.011323373,7.85,4261.25,12.34,51135,0.327,25.5,3.92,2.55,Rent Favored,NA,NA,1392438,0.13,2.32,4.56,4.6,18.07,2026-08-31,2026-08-31
Agoura Hills,CA,"Los Angeles-Long Beach-Anaheim, CA",Los Angeles County,1234397.8705413293,1.89,4030.1142857142854,2.38,48361.37142857142,0.326,25.5,3.92,2.55,Rent Favored,19429,-3.96,9757179,-2.4,0.03,6.45,4.01,53.92,2026-08-31,2026-08-31
Scappoose,OR,"Portland-Vancouver-Hillsboro, OR-WA",Columbia County,481388.4963198865,-1.36,1573,NA,18876,0.327,25.5,3.92,2.55,Rent Favored,NA,NA,NA,NA,NA,NA,NA,NA,2026-08-31,2026-08-31
Watford City,ND,NA,McKenzie County,382846.3339173629,6.34,1253.6666666666667,NA,15044,0.327,25.4,3.93,2.55,Rent Favored,6207,-0.69,14782,0.04,25.77,23.16,19.07,44.89,2026-08-31,2026-08-31
Ventura,CA,"Oxnard-Thousand Oaks-Ventura, CA",Ventura County,887152.3534689021,1.05,2888.1889768728,2.61,34658.2677224736,0.326,25.6,3.91,2.54,Rent Favored,NA,NA,835427,-0.99,0.32,5.64,3.81,35.84,2026-08-31,2026-08-31
Federal Way,WA,"Seattle-Tacoma-Bellevue, WA",King County,586171.8264157724,-0.53,1906.5565371796552,1.57,22878.678446155864,0.325,25.6,3.9,2.54,Rent Favored,100252,-0.73,2340211,2.9,15.35,6.12,5.05,43.91,2026-08-31,2026-08-31
Ramona,CA,"San Diego-Chula Vista-Carlsbad, CA",San Diego County,807824.3494574785,0.22,2631.2555555555555,4.23,31575.066666666666,0.326,25.6,3.91,2.54,Rent Favored,NA,NA,3298799,-0.07,0.09,6.51,4.02,45.49,2026-08-31,2026-08-31
Santa Paula,CA,"Oxnard-Thousand Oaks-Ventura, CA",Ventura County,710193.7609401579,1.35,2312.5,NA,27750,0.326,25.6,3.91,2.54,Rent Favored,NA,NA,NA,NA,NA,NA,NA,NA,2026-08-31,2026-08-31
Shingle Springs,CA,"Sacramento-Roseville-Folsom, CA",El Dorado County,662062.5380293957,0.38,2154.516666666667,4.9,25854.200000000004,0.325,25.6,3.91,2.54,Rent Favored,NA,NA,192823,0.82,3.5,19.67,6.98,23.61,2026-08-31,2026-08-31
Arcata,CA,"Eureka-Arcata, CA",Humboldt County,486079.8476978307,-3.49,1584.4179894179897,2.89,19013.015873015876,0.326,25.6,3.91,2.54,Rent Favored,18748,-0.47,132380,-2.89,-8.38,12.37,2.47,43.73,2026-08-31,2026-08-31
Hartford,WI,"Milwaukee-Waukesha, WI",Washington County,384603.30822619074,4.64,1250,NA,15000,0.325,25.6,3.9,2.54,Rent Favored,NA,NA,NA,NA,NA,NA,NA,NA,2026-08-31,2026-08-31
Narragansett,RI,"Providence-Warwick, RI-MA",Washington County,867161.8092526643,5.3,2825,NA,33900,0.326,25.6,3.91,2.54,Rent Favored,NA,NA,NA,NA,NA,NA,NA,NA,2026-08-31,2026-08-31
Tea,SD,"Sioux Falls, SD",Lincoln County,388858.12780722656,0.16,1266.095238095238,NA,15193.142857142857,0.326,25.6,3.91,2.54,Rent Favored,NA,NA,NA,NA,NA,NA,NA,NA,2026-08-31,2026-08-31
Santa Ana,CA,"Los Angeles-Long Beach-Anaheim, CA",Orange County,868002.229167197,3.29,2812.424630009107,1.69,33749.09556010929,0.324,25.7,3.89,2.53,Rent Favored,316184,1.59,3170435,-0.5,2.33,5.61,4.39,43.55,2026-08-31,2026-08-31
Thousand Oaks,CA,"Oxnard-Thousand Oaks-Ventura, CA",Ventura County,1035290.9633335174,1.62,3360.8624787775893,1.61,40330.34974533107,0.325,25.7,3.9,2.53,Rent Favored,124229,-2.04,835427,-0.99,0.32,5.64,3.81,35.84,2026-08-31,2026-08-31
Kailua Kona,HI,"Hilo, HI",Hawaii County,874963.8023343022,-0.64,2842.777777777778,11.47,34113.333333333336,0.325,25.6,3.9,2.53,Rent Favored,NA,NA,NA,NA,NA,NA,NA,NA,2026-08-31,2026-08-31
Wilmette,IL,"Chicago-Naperville-Elgin, IL-IN-WI",Cook County,1014121.3777971702,13.4,3290.6388888888887,NA,39487.666666666664,0.324,25.7,3.89,2.53,Rent Favored,NA,NA,NA,NA,NA,NA,NA,NA,2026-08-31,2026-08-31
Lahaina,HI,"Kahului-Wailuku-Lahaina, HI",Maui County,965129.4715351062,-7.18,3130.555555555556,6.57,37566.66666666667,0.324,25.7,3.89,2.53,Rent Favored,NA,NA,163688,-0.68,-8.08,23.26,22.16,35.01,2026-08-31,2026-08-31
Malibu,CA,"Los Angeles-Long Beach-Anaheim, CA",Los Angeles County,3155913.923397253,2.1,10250.897435897436,5.51,123010.76923076922,0.325,25.7,3.9,2.53,Rent Favored,10298,-3.07,9757179,-2.4,0.03,6.45,4.01,53.92,2026-08-31,2026-08-31
Tenafly,NJ,"New York-Newark-Jersey City, NY-NJ-PA",Bergen County,1330225.0294487586,10.25,4323,NA,51876,0.325,25.6,3.9,2.53,Rent Favored,15455,0.7,978641,2.61,10.38,4.13,3.53,34.64,2026-08-31,2026-08-31
La Palma,CA,"Los Angeles-Long Beach-Anaheim, CA",Orange County,1187497.7529527291,4,3850,NA,46200,0.324,25.7,3.89,2.53,Rent Favored,NA,NA,NA,NA,NA,NA,NA,NA,2026-08-31,2026-08-31
Ipswich,MA,"Boston-Cambridge-Newton, MA-NH",Essex County,852025.3012302407,1.9,2764.4,NA,33172.8,0.324,25.7,3.89,2.53,Rent Favored,NA,NA,NA,NA,NA,NA,NA,NA,2026-08-31,2026-08-31
Terrell,NC,"Hickory-Lenoir-Morganton, NC",Catawba County,521607.4536587324,0.91,1693.8333333333333,NA,20326,0.325,25.7,3.9,2.53,Rent Favored,NA,NA,NA,NA,NA,NA,NA,NA,2026-08-31,2026-08-31
Lakewood,CO,"Denver-Aurora-Lakewood, CO",Jefferson County,556597.4890319281,-1.98,1799.5543347310029,-1.27,21594.652016772034,0.323,25.8,3.88,2.52,Rent Favored,156868,0.38,578533,-0.79,0.75,4.44,4.86,29.39,2026-08-31,2026-08-31
Spring Valley,CA,"San Diego-Chula Vista-Carlsbad, CA",San Diego County,772222.4745818079,0.31,2491.526570048309,1.41,29898.318840579712,0.323,25.8,3.87,2.52,Rent Favored,NA,NA,3298799,-0.07,0.09,6.51,4.02,45.49,2026-08-31,2026-08-31
Hendersonville,TN,"Nashville-Davidson--Murfreesboro--Franklin, TN",Sumner County,518233.97547659226,0.66,1673.5529802182984,2.5,20082.635762619582,0.323,25.8,3.88,2.52,Rent Favored,63947,2.94,211721,7.24,14.08,5.74,5.01,27.78,2026-08-31,2026-08-31
Dublin,OH,"Columbus, OH",Franklin County,564896.1596204262,1.49,1827.9961111111113,3.79,21935.953333333335,0.324,25.8,3.88,2.52,Rent Favored,49456,0.23,1356303,2.4,7.58,6.96,3.98,47.03,2026-08-31,2026-08-31
Washougal,WA,"Portland-Vancouver-Hillsboro, OR-WA",Skamania County,637680.4297678502,1.09,2061.6111111111113,-1.43,24739.333333333336,0.323,25.8,3.88,2.52,Rent Favored,17944,5.24,12660,5.11,2.05,15.83,3.6,19.42,2026-08-31,2026-08-31
Rutherford,NJ,"New York-Newark-Jersey City, NY-NJ-PA",Bergen County,766496.2906546661,6.38,2480.2555555555555,-2.47,29763.066666666666,0.324,25.8,3.88,2.52,Rent Favored,19214,2.26,978641,2.61,10.38,4.13,3.53,34.64,2026-08-31,2026-08-31
Silverton,OR,"Salem, OR",Marion County,550031.9995402087,-0.55,1779.8777777777775,NA,21358.53333333333,0.324,25.8,3.88,2.52,Rent Favored,NA,NA,NA,NA,NA,NA,NA,NA,2026-08-31,2026-08-31
Clark,NJ,"New York-Newark-Jersey City, NY-NJ-PA",Union County,726333.4560406604,1.79,2350,NA,28200,0.324,25.8,3.88,2.52,Rent Favored,NA,NA,NA,NA,NA,NA,NA,NA,2026-08-31,2026-08-31
Spring City,PA,"Philadelphia-Camden-Wilmington, PA-NJ-DE-MD",Chester County,509556.01477269706,2.49,1647.5,NA,19770,0.323,25.8,3.88,2.52,Rent Favored,NA,NA,NA,NA,NA,NA,NA,NA,2026-08-31,2026-08-31
Kasson,MN,"Rochester, MN",Dodge County,332842.444689872,4.6,1075,NA,12900,0.323,25.8,3.88,2.52,Rent Favored,NA,NA,NA,NA,NA,NA,NA,NA,2026-08-31,2026-08-31
Pismo Beach,CA,"San Luis Obispo-Paso Robles, CA",San Luis Obispo County,1095617.7003855798,2.45,3538.5,8.43,42462,0.323,25.8,3.88,2.52,Rent Favored,7984,-0.98,281843,-0.03,0.58,12.79,4.74,38.1,2026-08-31,2026-08-31
Hayward,CA,"San Francisco-Oakland-Berkeley, CA",Alameda County,820843.599494853,-3.24,2636.844791666667,2.97,31642.137500000004,0.321,25.9,3.85,2.51,Rent Favored,158440,-2.63,1649060,-1.88,3.29,5.96,5.26,45.93,2026-08-31,2026-08-31
South Gate,CA,"Los Angeles-Long Beach-Anaheim, CA",Los Angeles County,692930.3331700666,2.11,2228.2936507936506,3.35,26739.52380952381,0.322,25.9,3.86,2.51,Rent Favored,90805,-2,9757179,-2.4,0.03,6.45,4.01,53.92,2026-08-31,2026-08-31
Suwanee,GA,"Atlanta-Sandy Springs-Alpharetta, GA",Gwinnett County,594672.1220363631,-2.53,1914.63444741533,-0.15,22975.61336898396,0.322,25.9,3.86,2.51,Rent Favored,23062,9.71,1003869,4.75,5.96,3.94,4.99,33.31,2026-08-31,2026-08-31
Edina,MN,"Minneapolis-St. Paul-Bloomington, MN-WI",Hennepin County,626258.4899559353,4.06,2015.2724724724724,3.33,24183.26966966967,0.322,25.9,3.86,2.51,Rent Favored,53564,0.37,1273334,-0.65,4.24,5.29,5.38,37.05,2026-08-31,2026-08-31
Cerritos,CA,"Los Angeles-Long Beach-Anaheim, CA",Los Angeles County,1088827.375553226,3.54,3503.0833333333335,3.56,42037,0.322,25.9,3.86,2.51,Rent Favored,46851,-5.15,9757179,-2.4,0.03,6.45,4.01,53.92,2026-08-31,2026-08-31
Saratoga Springs,NY,"Albany-Schenectady-Troy, NY",Saratoga County,660781.5467375166,7.04,2122.6140350877195,5.43,25471.368421052633,0.321,25.9,3.85,2.51,Rent Favored,28741,0.67,240360,1.93,6.74,10.16,5.99,27.83,2026-08-31,2026-08-31
Long Branch,NJ,"New York-Newark-Jersey City, NY-NJ-PA",Monmouth County,849446.0681610819,7.65,2729.92905982906,7.87,32759.14871794872,0.321,25.9,3.86,2.51,Rent Favored,33214,4.87,647520,0.74,2.8,7.24,3.49,24.63,2026-08-31,2026-08-31
North Bend,WA,"Seattle-Tacoma-Bellevue, WA",King County,989636.7058259364,-1.04,3181.2222222222226,3.8,38174.66666666667,0.321,25.9,3.86,2.51,Rent Favored,8553,14.01,2340211,2.9,15.35,6.12,5.05,43.91,2026-08-31,2026-08-31
West Haven,UT,"Ogden-Clearfield, UT",Weber County,524762.1195306553,0.56,1688.431746031746,-1.14,20261.18095238095,0.322,25.9,3.86,2.51,Rent Favored,24617,43.46,276118,4.99,7.11,6.33,4.96,25.45,2026-08-31,2026-08-31
Wayland,MA,"Boston-Cambridge-Newton, MA-NH",Middlesex County,1150677.461070242,1.61,3709.0833333333335,NA,44509,0.322,25.9,3.87,2.51,Rent Favored,NA,NA,NA,NA,NA,NA,NA,NA,2026-08-31,2026-08-31
East Greenwich,RI,"Providence-Warwick, RI-MA",Kent County,812974.7589398702,3.63,2618.75,11.65,31425,0.322,25.9,3.87,2.51,Rent Favored,NA,NA,172450,1.19,6.54,4.69,3.57,27.85,2026-08-31,2026-08-31
Tremonton,UT,"Ogden-Clearfield, UT",Box Elder County,423650.03575321374,1.09,1361.6666666666667,NA,16340,0.321,25.9,3.86,2.51,Rent Favored,NA,NA,NA,NA,NA,NA,NA,NA,2026-08-31,2026-08-31
Carmel,IN,"Indianapolis-Carmel-Anderson, IN",Hamilton County,574219.9140803142,4.64,1838.164006393518,8.06,22057.968076722216,0.32,26,3.84,2.5,Rent Favored,103606,3.7,379704,8.79,14.45,5.14,7.51,23.72,2026-08-31,2026-08-31
Grapevine,TX,"Dallas-Fort Worth-Arlington, TX",Tarrant County,553269.9342178181,2.19,1771.0661430119178,1.08,21252.793716143013,0.32,26,3.84,2.5,Rent Favored,51320,1.09,2230708,5.41,8.74,7.08,7.73,40.64,2026-08-31,2026-08-31
Malvern,PA,"Philadelphia-Camden-Wilmington, PA-NJ-DE-MD",Chester County,796321.3474462709,2.43,2554.0055555555555,4.68,30648.066666666666,0.321,26,3.85,2.5,Rent Favored,3454,1.08,560745,4.84,7.29,3.95,3.98,25.05,2026-08-31,2026-08-31
Heber City,UT,"Heber, UT",Wasatch County,808374.2102945424,0.82,2586.6704545454545,4.53,31040.045454545456,0.32,26,3.84,2.5,Rent Favored,NA,NA,37858,7.97,9.14,22.41,5.5,21.09,2026-08-31,2026-08-31
Wilton,CT,"Bridgeport-Stamford-Norwalk, CT",Fairfield County,1276945.28738307,8.12,4087.4666666666662,NA,49049.59999999999,0.32,26,3.84,2.5,Rent Favored,NA,NA,NA,NA,NA,NA,NA,NA,2026-08-31,2026-08-31
Mechanicville,NY,"Albany-Schenectady-Troy, NY",Saratoga County,497922.748126193,5.27,1595.6666666666667,NA,19148,0.32,26,3.85,2.5,Rent Favored,5083,-1.53,240360,1.93,6.74,10.16,5.99,27.83,2026-08-31,2026-08-31
Los Osos,CA,"San Luis Obispo-Paso Robles, CA",San Luis Obispo County,868717.7278220333,2.62,2786.1111111111113,NA,33433.333333333336,0.321,26,3.85,2.5,Rent Favored,NA,NA,NA,NA,NA,NA,NA,NA,2026-08-31,2026-08-31
Liberty Lake,WA,"Spokane-Spokane Valley, WA",Spokane County,564560.6333462753,1.03,1808.0820512820512,4.12,21696.984615384616,0.32,26,3.84,2.5,Rent Favored,13353,10.02,555947,2.73,4.76,5.38,3.55,36.11,2026-08-31,2026-08-31
Manorville,NY,"New York-Newark-Jersey City, NY-NJ-PA",Suffolk County,731972.5464549634,7.05,2348.133333333333,NA,28177.6,0.321,26,3.85,2.5,Rent Favored,NA,NA,1535909,0.9,2.22,11.64,3.67,18.09,2026-08-31,2026-08-31
Morro Bay,CA,"San Luis Obispo-Paso Robles, CA",San Luis Obispo County,934300.631178554,1.1,2998.5,11.53,35982,0.321,26,3.85,2.5,Rent Favored,10591,-1.58,281843,-0.03,0.58,12.79,4.74,38.1,2026-08-31,2026-08-31
Austin,TX,"Austin-Round Rock-Georgetown, TX",Travis County,497417.9088793834,-3.71,1585.6009665876345,-0.31,19027.211599051614,0.319,26.1,3.83,2.49,Rent Favored,993588,2.87,1363767,5.18,4.41,5.57,4.27,46.97,2026-08-31,2026-08-31
Camarillo,CA,"Oxnard-Thousand Oaks-Ventura, CA",Ventura County,909235.4531770778,1.39,2906.0937062937064,0.9,34873.12447552448,0.32,26.1,3.84,2.49,Rent Favored,69881,-1.19,835427,-0.99,0.32,5.64,3.81,35.84,2026-08-31,2026-08-31
American Fork,UT,"Provo-Orem, UT",Utah County,523873.0082308762,2.13,1672.2200936568752,0.5,20066.641123882502,0.319,26.1,3.83,2.49,Rent Favored,41298,23.06,747234,12.6,17.51,3.79,2.69,31.87,2026-08-31,2026-08-31
Lincolnia,VA,"Washington-Arlington-Alexandria, DC-VA-MD-WV",Fairfax County,697887.600532637,0.56,2229.9365079365075,4.18,26759.23809523809,0.32,26.1,3.83,2.49,Rent Favored,NA,NA,1160925,1.07,6.94,3.66,4.16,31.65,2026-08-31,2026-08-31
Hailey,ID,"Hailey, ID",Blaine County,911501.8220367818,14.24,2913.3333333333335,NA,34960,0.32,26.1,3.84,2.49,Rent Favored,NA,NA,NA,NA,NA,NA,NA,NA,2026-08-31,2026-08-31
Mount Rainier,MD,"Washington-Arlington-Alexandria, DC-VA-MD-WV",Prince Georges County,450472.6343212899,-2,1438.4444444444446,NA,17261.333333333336,0.319,26.1,3.83,2.49,Rent Favored,8269,-0.51,NA,NA,NA,NA,NA,NA,2026-08-31,2026-08-31
Hastings on Hudson,NY,"New York-Newark-Jersey City, NY-NJ-PA",Westchester County,1159901.467659562,12.19,3700,NA,44400,0.319,26.1,3.83,2.49,Rent Favored,NA,NA,NA,NA,NA,NA,NA,NA,2026-08-31,2026-08-31
Seaside,OR,"Astoria, OR",Clatsop County,470477.4774732255,-0.76,1500,NA,18000,0.319,26.1,3.83,2.49,Rent Favored,NA,NA,NA,NA,NA,NA,NA,NA,2026-08-31,2026-08-31
Diamond Bar,CA,"Los Angeles-Long Beach-Anaheim, CA",Los Angeles County,1007680.4923825955,1.19,3202.373426573426,2.54,38428.481118881115,0.318,26.2,3.81,2.48,Rent Favored,52292,-4.94,9757179,-2.4,0.03,6.45,4.01,53.92,2026-08-31,2026-08-31
Kaneohe,HI,"Urban Honolulu, HI",Honolulu County,1091274.5621195978,3.48,3473.4659090909095,2.12,41681.59090909091,0.318,26.2,3.82,2.48,Rent Favored,NA,NA,998747,-1.35,1.96,9.47,5.27,40.46,2026-08-31,2026-08-31
Keller,TX,"Dallas-Fort Worth-Arlington, TX",Tarrant County,653855.8620960781,1.79,2080.3981900452486,5.82,24964.77828054298,0.318,26.2,3.82,2.48,Rent Favored,46643,2.02,2230708,5.41,8.74,7.08,7.73,40.64,2026-08-31,2026-08-31
Manalapan Township,NJ,"New York-Newark-Jersey City, NY-NJ-PA",Monmouth County,812497.2794212281,4.44,2585.633333333333,5.18,31027.6,0.318,26.2,3.82,2.48,Rent Favored,NA,NA,647520,0.74,2.8,7.24,3.49,24.63,2026-08-31,2026-08-31
San Juan Capistrano,CA,"Los Angeles-Long Beach-Anaheim, CA",Orange County,1337086.460461012,3.9,4248.833333333333,6.63,50986,0.318,26.2,3.81,2.48,Rent Favored,35469,0.88,3170435,-0.5,2.33,5.61,4.39,43.55,2026-08-31,2026-08-31
Wheat Ridge,CO,"Denver-Aurora-Lakewood, CO",Jefferson County,591554.070559389,-2.27,1882.9503086419752,1.15,22595.4037037037,0.318,26.2,3.82,2.48,Rent Favored,31999,-1.19,578533,-0.79,0.75,4.44,4.86,29.39,2026-08-31,2026-08-31
Newport,RI,"Providence-Warwick, RI-MA",Newport County,965073.8838738007,8.51,3072.5202429149795,8.81,36870.24291497975,0.318,26.2,3.82,2.48,Rent Favored,24482,-2.52,83468,-2.39,-1.38,16.92,7.6,32.56,2026-08-31,2026-08-31
Hatfield,PA,"Philadelphia-Camden-Wilmington, PA-NJ-DE-MD",Montgomery County,484858.9872336746,2.14,1539.2857142857144,0.34,18471.428571428572,0.317,26.2,3.81,2.48,Rent Favored,3514,0.75,879190,2.6,7.92,4.35,5.68,28.27,2026-08-31,2026-08-31
Lowell,MI,"Grand Rapids-Kentwood, MI",Kent County,409387.4908671516,4.94,1300,NA,15600,0.318,26.2,3.81,2.48,Rent Favored,NA,NA,NA,NA,NA,NA,NA,NA,2026-08-31,2026-08-31
Lake Bluff,IL,"Chicago-Naperville-Elgin, IL-IN-WI",Lake County,666450.9634256695,9.53,2118.1666666666665,NA,25418,0.318,26.2,3.81,2.48,Rent Favored,5600,-0.16,718604,0.73,3.75,4.97,4.19,25.6,2026-08-31,2026-08-31
Montecito,CA,"Santa Maria-Santa Barbara, CA",Santa Barbara County,5604594.732273422,13.38,17832.777777777777,NA,213993.3333333333,0.318,26.2,3.82,2.48,Rent Favored,NA,NA,444500,-0.8,-2.53,6.76,3.08,47.13,2026-08-31,2026-08-31
Granby,CO,NA,Grand County,775033.5032014953,0.26,2462.3333333333335,NA,29548,0.318,26.2,3.81,2.48,Rent Favored,2305,10.6,16154,2.58,9.04,62.08,29.35,23.62,2026-08-31,2026-08-31
Fairfax,VA,"Washington-Arlington-Alexandria, DC-VA-MD-WV",Fairfax County,779697.9313481906,1.15,2471.7917062361503,-0.48,29661.500474833803,0.317,26.3,3.8,2.47,Rent Favored,26340,8.94,1160925,1.07,6.94,3.66,4.16,31.65,2026-08-31,2026-08-31
East Los Angeles,CA,"Los Angeles-Long Beach-Anaheim, CA",Los Angeles County,666566.4413706239,0.19,2111.190476190476,2.3,25334.285714285714,0.317,26.3,3.8,2.47,Rent Favored,NA,NA,9757179,-2.4,0.03,6.45,4.01,53.92,2026-08-31,2026-08-31
Brookline,MA,"Boston-Cambridge-Newton, MA-NH",Norfolk County,1122975.076927442,-5.45,3558.996218578348,1.97,42707.954622940175,0.317,26.3,3.8,2.47,Rent Favored,NA,NA,740754,2.35,9.81,4.09,3.95,31.48,2026-08-31,2026-08-31
Glendora,CA,"Los Angeles-Long Beach-Anaheim, CA",Los Angeles County,878755.6629422465,0.97,2783.835978835979,-0.97,33406.031746031746,0.317,26.3,3.8,2.47,Rent Favored,50101,-4.4,9757179,-2.4,0.03,6.45,4.01,53.92,2026-08-31,2026-08-31
Great Neck,NY,"New York-Newark-Jersey City, NY-NJ-PA",Nassau County,1489357.2753317568,6.29,4717.5,0.63,56610,0.317,26.3,3.8,2.47,Rent Favored,11075,-0.27,1392438,0.13,2.32,4.56,4.6,18.07,2026-08-31,2026-08-31
Urbandale,IA,"Des Moines-West Des Moines, IA",Polk County,351514.7109065529,0.25,1112.7285714285715,1.77,13352.742857142857,0.317,26.3,3.8,2.47,Rent Favored,47759,4.79,516185,4.69,12.01,5.87,5,32.93,2026-08-31,2026-08-31
West Linn,OR,"Portland-Vancouver-Hillsboro, OR-WA",Clackamas County,775545.1504892157,1.47,2455.8867243867244,2.73,29470.640692640693,0.317,26.3,3.8,2.47,Rent Favored,26597,-2.83,425857,0.79,3.92,5.7,4.07,28.66,2026-08-31,2026-08-31
Evergreen,CO,"Denver-Aurora-Lakewood, CO",Clear Creek County,880323.3660228633,-1.57,2787.549603174603,3.04,33450.59523809524,0.317,26.3,3.8,2.47,Rent Favored,NA,NA,9076,-3.03,-3.42,21.78,10.97,17.44,2026-08-31,2026-08-31
Kihei,HI,"Kahului-Wailuku-Lahaina, HI",Maui County,990166.7740679804,-7.35,3141.3598484848485,4.69,37696.318181818184,0.317,26.3,3.81,2.47,Rent Favored,NA,NA,163688,-0.68,-8.08,23.26,22.16,35.01,2026-08-31,2026-08-31
Mountlake Terrace,WA,"Seattle-Tacoma-Bellevue, WA",Snohomish County,665278.646192006,-1.89,2104.693260930103,1.24,25256.319131161235,0.316,26.3,3.8,2.47,Rent Favored,25198,18.38,864113,4.11,11.83,4.9,4.3,31.61,2026-08-31,2026-08-31
Madison,NJ,"New York-Newark-Jersey City, NY-NJ-PA",Morris County,1032851.6017074506,8.16,3275.1388888888887,3.19,39301.666666666664,0.317,26.3,3.81,2.47,Rent Favored,16555,-2.05,523053,2.87,8.07,3.41,3.25,26.1,2026-08-31,2026-08-31
Paola,KS,"Kansas City, MO-KS",Miami County,378952.015341274,5.69,1200,NA,14400,0.317,26.3,3.8,2.47,Rent Favored,NA,NA,NA,NA,NA,NA,NA,NA,2026-08-31,2026-08-31
Rancho Mission Viejo,CA,"Los Angeles-Long Beach-Anaheim, CA",Orange County,1187403.8904368617,0.5,3761.957671957672,2.42,45143.49206349206,0.317,26.3,3.8,2.47,Rent Favored,NA,NA,3170435,-0.5,2.33,5.61,4.39,43.55,2026-08-31,2026-08-31
Grand Chute,WI,"Appleton, WI",Outagamie County,464248.255309372,4.06,1469.5,NA,17634,0.317,26.3,3.8,2.47,Rent Favored,NA,NA,NA,NA,NA,NA,NA,NA,2026-08-31,2026-08-31
Falcon Heights,MN,"Minneapolis-St. Paul-Bloomington, MN-WI",Ramsey County,413838.5898627573,2.39,1311.6666666666667,NA,15740,0.317,26.3,3.8,2.47,Rent Favored,NA,NA,NA,NA,NA,NA,NA,NA,2026-08-31,2026-08-31
Layton,UT,"Ogden-Clearfield, UT",Davis County,523007.5515672552,2.77,1652.039719029374,0.69,19824.476628352488,0.316,26.4,3.79,2.46,Rent Favored,84348,2.8,378470,4.04,4.18,3.29,3.85,22.6,2026-08-31,2026-08-31
Carmichael,CA,"Sacramento-Roseville-Folsom, CA",Sacramento County,552774.308693284,0.14,1741.2424242424242,2.08,20894.909090909092,0.315,26.5,3.78,2.46,Rent Favored,NA,NA,1611231,1.54,7.33,4.28,3.63,41.37,2026-08-31,2026-08-31
Post Falls,ID,"Coeur d'Alene, ID",Kootenai County,534581.5139028106,2.69,1689.23772159256,1.82,20270.852659110722,0.316,26.4,3.79,2.46,Rent Favored,45800,16.53,188323,8.99,15.6,11.42,3.93,27.79,2026-08-31,2026-08-31
Claremont,CA,"Los Angeles-Long Beach-Anaheim, CA",Los Angeles County,1017826.4287359932,2.25,3209.375,1.91,38512.5,0.315,26.4,3.78,2.46,Rent Favored,36139,-3.44,9757179,-2.4,0.03,6.45,4.01,53.92,2026-08-31,2026-08-31
Altadena,CA,"Los Angeles-Long Beach-Anaheim, CA",Los Angeles County,1126414.3298716906,-7.5,3556.25,NA,42675,0.316,26.4,3.79,2.46,Rent Favored,NA,NA,9757179,-2.4,0.03,6.45,4.01,53.92,2026-08-31,2026-08-31
Odessa,FL,"Tampa-St. Petersburg-Clearwater, FL",Hillsborough County,687195.2542493796,-0.08,2165.277777777778,-1.74,25983.333333333336,0.315,26.4,3.78,2.46,Rent Favored,NA,NA,1581426,7.85,12.2,7.8,6.74,38.94,2026-08-31,2026-08-31
Benicia,CA,"Vallejo, CA",Solano County,783191.078974429,1.72,2471.2833333333333,0.09,29655.4,0.316,26.4,3.79,2.46,Rent Favored,26477,-2.32,455101,0.49,7.61,4.68,3.13,36.77,2026-08-31,2026-08-31
Hillsborough,NC,"Durham-Chapel Hill, NC",Orange County,471836.39997512096,-2.52,1489,0.73,17868,0.316,26.4,3.79,2.46,Rent Favored,9773,1.2,152877,6.36,2.62,9.13,5.91,35.76,2026-08-31,2026-08-31
Cody,WY,NA,Park County,476920.0800265064,-4.65,1505.9166666666667,NA,18071,0.316,26.4,3.79,2.46,Rent Favored,10391,2.62,31082,4.77,10.39,11.03,6.92,25.32,2026-08-31,2026-08-31
Narberth,PA,"Philadelphia-Camden-Wilmington, PA-NJ-DE-MD",Montgomery County,860674.463850682,6.55,2715.625,NA,32587.5,0.316,26.4,3.79,2.46,Rent Favored,NA,NA,NA,NA,NA,NA,NA,NA,2026-08-31,2026-08-31
Bend,OR,"Bend, OR",Deschutes County,729189.3134440813,-0.81,2288.3439889183096,3.25,27460.127867019713,0.314,26.6,3.77,2.45,Rent Favored,106926,7.26,211535,6.05,12.57,14.29,3.27,29.26,2026-08-31,2026-08-31
El Monte,CA,"Los Angeles-Long Beach-Anaheim, CA",Los Angeles County,752694.4144420391,1.19,2360.983333333333,1.19,28331.799999999996,0.314,26.6,3.76,2.45,Rent Favored,104639,-4.11,9757179,-2.4,0.03,6.45,4.01,53.92,2026-08-31,2026-08-31
South Jordan,UT,"Salt Lake City, UT",Salt Lake County,661471.0608523986,1.38,2073.985306958924,3.09,24887.823683507086,0.314,26.6,3.76,2.45,Rent Favored,86156,10.52,1216274,2.46,7.39,5.36,5.82,33,2026-08-31,2026-08-31
Herriman,UT,"Salt Lake City, UT",Salt Lake County,601498.5974868234,0.81,1892.0744075021312,0.91,22704.892890025574,0.315,26.5,3.77,2.45,Rent Favored,62352,10.93,1216274,2.46,7.39,5.36,5.82,33,2026-08-31,2026-08-31
Pleasant Grove,UT,"Provo-Orem, UT",Utah County,551599.7833749423,2.18,1734.7777777777776,4.66,20817.333333333332,0.314,26.5,3.77,2.45,Rent Favored,38127,1.05,747234,12.6,17.51,3.79,2.69,31.87,2026-08-31,2026-08-31
San Lorenzo,CA,"San Francisco-Oakland-Berkeley, CA",Alameda County,801931.3966202146,-2.03,2517.722222222222,NA,30212.666666666664,0.314,26.5,3.77,2.45,Rent Favored,NA,NA,1649060,-1.88,3.29,5.96,5.26,45.93,2026-08-31,2026-08-31
Ridgefield,CT,"Bridgeport-Stamford-Norwalk, CT",Fairfield County,1013834.9656390236,7.66,3188.8888888888887,NA,38266.666666666664,0.315,26.5,3.77,2.45,Rent Favored,NA,NA,NA,NA,NA,NA,NA,NA,2026-08-31,2026-08-31
Half Moon Bay,CA,"San Francisco-Oakland-Berkeley, CA",San Mateo County,1535358.0361277305,1.73,4816.666666666667,NA,57800,0.314,26.6,3.76,2.45,Rent Favored,NA,NA,NA,NA,NA,NA,NA,NA,2026-08-31,2026-08-31
Wimberley,TX,"Austin-Round Rock-Georgetown, TX",Hays County,598846.3388687543,1.19,1882.111111111111,NA,22585.333333333332,0.314,26.5,3.77,2.45,Rent Favored,NA,NA,NA,NA,NA,NA,NA,NA,2026-08-31,2026-08-31
Scituate,MA,"Boston-Cambridge-Newton, MA-NH",Plymouth County,1037067.7986818895,7.18,3260,NA,39120,0.314,26.5,3.77,2.45,Rent Favored,NA,NA,NA,NA,NA,NA,NA,NA,2026-08-31,2026-08-31
El Portal,FL,"Miami-Fort Lauderdale-Pompano Beach, FL",Miami-Dade County,857327.0909900805,3.29,2697.233333333333,NA,32366.799999999996,0.315,26.5,3.78,2.45,Rent Favored,NA,NA,NA,NA,NA,NA,NA,NA,2026-08-31,2026-08-31
Pocatello,ID,"Pocatello, ID",Bannock County,343158.6754239884,1.61,1073.7689275494151,0.84,12885.227130592983,0.313,26.6,3.75,2.44,Rent Favored,58231,3.18,91010,4.27,2.9,6.57,4.12,31.37,2026-08-31,2026-08-31
Laramie,WY,"Laramie, WY",Albany County,382105.09928455093,-0.08,1196.404531425365,1.27,14356.854377104379,0.313,26.6,3.76,2.44,Rent Favored,32957,4.85,39288,5.85,13.54,11.35,4.56,50.64,2026-08-31,2026-08-31
Brigham City,UT,"Ogden-Clearfield, UT",Box Elder County,409652.5239858187,1.87,1280,NA,15360,0.312,26.7,3.75,2.44,Rent Favored,NA,NA,NA,NA,NA,NA,NA,NA,2026-08-31,2026-08-31
Addison,TX,"Dallas-Fort Worth-Arlington, TX",Dallas County,499363.42450558016,-0.61,1563.1460178744826,0.01,18757.75221449379,0.313,26.6,3.76,2.44,Rent Favored,17257,0.98,2656028,1.73,0.15,7.76,8.95,49.22,2026-08-31,2026-08-31
Wildwood,NJ,"Ocean City, NJ",Cape May County,639305.4689749252,8.89,2000,NA,24000,0.313,26.6,3.75,2.44,Rent Favored,NA,NA,NA,NA,NA,NA,NA,NA,2026-08-31,2026-08-31
Helotes,TX,"San Antonio-New Braunfels, TX",Bexar County,466276.12627855525,0.32,1456.7777777777776,NA,17481.333333333332,0.312,26.7,3.75,2.44,Rent Favored,NA,NA,NA,NA,NA,NA,NA,NA,2026-08-31,2026-08-31
Breckenridge,CO,"Breckenridge, CO",Summit County,1186951.177185317,1.47,3711.904761904762,NA,44542.857142857145,0.313,26.6,3.75,2.44,Rent Favored,4892,-3.24,30882,-1.14,-3.89,61.23,39.16,30.78,2026-08-31,2026-08-31
Alondra Park,CA,"Los Angeles-Long Beach-Anaheim, CA",Los Angeles County,858321.288260397,2.22,2680.6666666666665,NA,32168,0.312,26.7,3.75,2.44,Rent Favored,NA,NA,NA,NA,NA,NA,NA,NA,2026-08-31,2026-08-31
Waimea,HI,"Hilo, HI",Hawaii County,1024364.2902371556,3.46,3200,NA,38400,0.312,26.7,3.75,2.44,Rent Favored,NA,NA,NA,NA,NA,NA,NA,NA,2026-08-31,2026-08-31
Lynwood,CA,"Los Angeles-Long Beach-Anaheim, CA",Los Angeles County,684689.5384077914,3.28,2128.75,5.03,25545,0.311,26.8,3.73,2.43,Rent Favored,63596,-4.78,9757179,-2.4,0.03,6.45,4.01,53.92,2026-08-31,2026-08-31
Brainerd,MN,"Brainerd, MN",Crow Wing County,315173.96170180367,3.61,981.9444444444443,NA,11783.333333333332,0.312,26.7,3.74,2.43,Rent Favored,14400,0.17,68642,3.56,6.88,31.79,1.87,22.63,2026-08-31,2026-08-31
Mint Hill,NC,"Charlotte-Concord-Gastonia, NC-SC",Mecklenburg County,511593.39276438067,0.71,1593.888888888889,-2.93,19126.666666666668,0.312,26.7,3.74,2.43,Rent Favored,28825,8.64,1206285,8.06,18.3,7.37,7.33,44.5,2026-08-31,2026-08-31
Davidson,NC,"Charlotte-Concord-Gastonia, NC-SC",Mecklenburg County,652185.9472151542,0.53,2032.3333333333333,-0.19,24388,0.312,26.7,3.74,2.43,Rent Favored,16276,9.62,1206285,8.06,18.3,7.37,7.33,44.5,2026-08-31,2026-08-31
Sunset Beach,NC,"Myrtle Beach-Conway-North Myrtle Beach, SC-NC",Brunswick County,439311.5621289455,0.45,1367.75,NA,16413,0.311,26.8,3.74,2.43,Rent Favored,NA,NA,NA,NA,NA,NA,NA,NA,2026-08-31,2026-08-31
Kent,WA,"Seattle-Tacoma-Bellevue, WA",King County,635964.8550257458,-1.1,1972.8722479275111,1.07,23674.466975130134,0.31,26.9,3.72,2.42,Rent Favored,136588,-0,2340211,2.9,15.35,6.12,5.05,43.91,2026-08-31,2026-08-31
Vista,CA,"San Diego-Chula Vista-Carlsbad, CA",San Diego County,877415.369931025,1,2724.4869696969695,1.59,32693.843636363636,0.311,26.8,3.73,2.42,Rent Favored,99322,0.49,3298799,-0.07,0.09,6.51,4.02,45.49,2026-08-31,2026-08-31
Covina,CA,"Los Angeles-Long Beach-Anaheim, CA",Los Angeles County,793863.0725439818,1.04,2466.146214896215,0.78,29593.754578754582,0.311,26.8,3.73,2.42,Rent Favored,49245,-3.76,9757179,-2.4,0.03,6.45,4.01,53.92,2026-08-31,2026-08-31
Hoover,AL,"Birmingham-Hoover, AL",Jefferson County,438571.3048738699,3.06,1361.8074074074077,0.63,16341.688888888893,0.311,26.8,3.73,2.42,Rent Favored,93013,0.35,664744,-1.48,0.68,13.13,7.2,36.28,2026-08-31,2026-08-31
New Rochelle,NY,"New York-Newark-Jersey City, NY-NJ-PA",Westchester County,948708.8704706896,7.74,2941.4644329473595,4.06,35297.57319536831,0.31,26.9,3.72,2.42,Rent Favored,85512,6.61,1006447,0.5,6.23,5.51,2.35,37.8,2026-08-31,2026-08-31
San Fernando,CA,"Los Angeles-Long Beach-Anaheim, CA",Los Angeles County,736477.6668956099,0.47,2282.8333333333335,NA,27394,0.31,26.9,3.72,2.42,Rent Favored,NA,NA,NA,NA,NA,NA,NA,NA,2026-08-31,2026-08-31
Oxford,MI,"Detroit-Warren-Dearborn, MI",Oakland County,410151.9526370626,2.75,1274,NA,15288,0.311,26.8,3.73,2.42,Rent Favored,NA,NA,NA,NA,NA,NA,NA,NA,2026-08-31,2026-08-31
Scotts Valley,CA,"Santa Cruz-Watsonville, CA",Santa Cruz County,1248334.1479144304,2.61,3875.555555555555,NA,46506.666666666664,0.31,26.8,3.73,2.42,Rent Favored,11828,-3.23,262406,-3.44,-6,9.15,3.39,40.02,2026-08-31,2026-08-31
Chubbuck,ID,"Pocatello, ID",Bannock County,385512.751307786,1.51,1196.8174603174602,-1.22,14361.809523809523,0.31,26.8,3.73,2.42,Rent Favored,16577,5.81,91010,4.27,2.9,6.57,4.12,31.37,2026-08-31,2026-08-31
West Covina,CA,"Los Angeles-Long Beach-Anaheim, CA",Los Angeles County,835554.9830107313,0.88,2579.647321428571,2.24,30955.767857142855,0.309,27,3.7,2.41,Rent Favored,106920,-2.05,9757179,-2.4,0.03,6.45,4.01,53.92,2026-08-31,2026-08-31
San Leandro,CA,"San Francisco-Oakland-Berkeley, CA",Alameda County,797857.3374737679,-1.21,2462.905339105339,3.65,29554.86406926407,0.309,27,3.7,2.41,Rent Favored,86571,-4.58,1649060,-1.88,3.29,5.96,5.26,45.93,2026-08-31,2026-08-31
Chino Hills,CA,"Riverside-San Bernardino-Ontario, CA",San Bernardino County,972592.729891892,1.58,3010.816010786599,0.91,36129.792129439185,0.31,26.9,3.71,2.41,Rent Favored,77418,-1.32,2214281,1.41,1.68,9.55,3.22,38.46,2026-08-31,2026-08-31
Newark,CA,"San Francisco-Oakland-Berkeley, CA",Alameda County,1187012.8919591575,-2.76,3675.155465587045,4.69,44101.86558704454,0.31,26.9,3.72,2.41,Rent Favored,46254,-2.66,1649060,-1.88,3.29,5.96,5.26,45.93,2026-08-31,2026-08-31
La Verne,CA,"Los Angeles-Long Beach-Anaheim, CA",Los Angeles County,939384.7165075978,1.68,2901.2314814814818,1.06,34814.77777777778,0.309,27,3.71,2.41,Rent Favored,30192,-4.09,9757179,-2.4,0.03,6.45,4.01,53.92,2026-08-31,2026-08-31
Atascadero,CA,"San Luis Obispo-Paso Robles, CA",San Luis Obispo County,780294.416626982,2.26,2408.194444444445,2.74,28898.333333333336,0.309,27,3.7,2.41,Rent Favored,29743,-0.01,281843,-0.03,0.58,12.79,4.74,38.1,2026-08-31,2026-08-31
Scotch Plains,NJ,"New York-Newark-Jersey City, NY-NJ-PA",Union County,845739.4086881587,5.75,2615,NA,31380,0.309,27,3.71,2.41,Rent Favored,NA,NA,NA,NA,NA,NA,NA,NA,2026-08-31,2026-08-31
Decatur,TX,"Dallas-Fort Worth-Arlington, TX",Wise County,440261.0873119996,1.11,1357.7,-3.47,16292.400000000001,0.308,27,3.7,2.41,Rent Favored,8266,24,81275,17.9,38.83,9.62,6.66,17.46,2026-08-31,2026-08-31
Ventnor City,NJ,"Atlantic City-Hammonton, NJ",Atlantic County,652866.2570709632,10.78,2018.0555555555557,39.23,24216.666666666668,0.309,27,3.71,2.41,Rent Favored,9372,1.97,279114,1.79,8.62,17.71,4.68,32.16,2026-08-31,2026-08-31
Turpin Hills,OH,"Cincinnati, OH-KY-IN",Hamilton County,502394.21662267233,3.94,1554.3055555555557,NA,18651.666666666668,0.309,26.9,3.71,2.41,Rent Favored,NA,NA,837359,0.84,4.18,7.42,4.2,41.01,2026-08-31,2026-08-31
San Diego,CA,"San Diego-Chula Vista-Carlsbad, CA",San Diego County,985158.456207804,-0.36,3036.010995904258,1.99,36432.13195085109,0.308,27,3.7,2.4,Rent Favored,1404452,1.42,3298799,-0.07,0.09,6.51,4.02,45.49,2026-08-31,2026-08-31
Snohomish,WA,"Seattle-Tacoma-Bellevue, WA",Snohomish County,911318.4544424808,-1.24,2804.2559523809523,1.1,33651.07142857143,0.308,27.1,3.69,2.4,Rent Favored,10534,3.55,864113,4.11,11.83,4.9,4.3,31.61,2026-08-31,2026-08-31
Tigard,OR,"Portland-Vancouver-Hillsboro, OR-WA",Washington County,602382.3281993255,-1.37,1852.1685807656395,0.2,22226.022969187674,0.307,27.1,3.69,2.4,Rent Favored,57301,4.12,611272,1.7,7.45,3.35,3.82,39.13,2026-08-31,2026-08-31
New Albany,OH,"Columbus, OH",Franklin County,636583.4032614129,1.72,1955.500925925926,4.83,23466.01111111111,0.307,27.1,3.69,2.4,Rent Favored,11604,4.8,1356303,2.4,7.58,6.96,3.98,47.03,2026-08-31,2026-08-31
Healdsburg,CA,"Santa Rosa-Petaluma, CA",Sonoma County,1094954.8860494078,-0.14,3373.3333333333335,9.58,40480,0.308,27,3.7,2.4,Rent Favored,11231,-1.07,485375,-0.64,4.42,7.67,2.55,37.8,2026-08-31,2026-08-31
Bryn Mawr-Skyway,WA,"Seattle-Tacoma-Bellevue, WA",King County,651042.7557776438,-2.18,2006.4047619047624,2.61,24076.85714285715,0.308,27,3.7,2.4,Rent Favored,NA,NA,2340211,2.9,15.35,6.12,5.05,43.91,2026-08-31,2026-08-31
Whitefish,MT,"Kalispell, MT",Flathead County,871592.1726165665,1.41,2676.984126984127,4.69,32123.809523809527,0.307,27.1,3.69,2.4,Rent Favored,9256,17.51,114527,9.2,7.48,14.49,7.26,25.96,2026-08-31,2026-08-31
New Providence,NJ,"New York-Newark-Jersey City, NY-NJ-PA",Union County,1011471.0365235446,8.46,3110.444444444445,NA,37325.333333333336,0.308,27.1,3.69,2.4,Rent Favored,13957,1.85,594160,3.57,15.84,4.55,3.18,42.39,2026-08-31,2026-08-31
Rehoboth Beach,DE,"Salisbury, MD-DE",Sussex County,796302.4617064412,3.17,2450,NA,29400,0.308,27.1,3.69,2.4,Rent Favored,NA,NA,NA,NA,NA,NA,NA,NA,2026-08-31,2026-08-31
Ridgefield,NJ,"New York-Newark-Jersey City, NY-NJ-PA",Bergen County,785864.9126661577,7.53,2419.3333333333335,NA,29032,0.308,27.1,3.69,2.4,Rent Favored,NA,NA,NA,NA,NA,NA,NA,NA,2026-08-31,2026-08-31
Pine Brook,NJ,"New York-Newark-Jersey City, NY-NJ-PA",Morris County,924652.2219310644,4.98,2847,NA,34164,0.308,27.1,3.69,2.4,Rent Favored,NA,NA,523053,2.87,8.07,3.41,3.25,26.1,2026-08-31,2026-08-31
Indian River Shores,FL,"Sebastian-Vero Beach, FL",Indian River County,1379826.78917846,-2.9,4250,NA,51000,0.308,27.1,3.7,2.4,Rent Favored,NA,NA,NA,NA,NA,NA,NA,NA,2026-08-31,2026-08-31
Corvallis,OR,"Corvallis, OR",Benton County,560116.5481969195,0.3,1717.8846628045158,1.95,20614.61595365419,0.307,27.2,3.68,2.39,Rent Favored,61993,6.25,98899,5.64,3.22,5.62,4.76,43.97,2026-08-31,2026-08-31
La Habra,CA,"Los Angeles-Long Beach-Anaheim, CA",Orange County,901495.0564781292,2.02,2759.3098290598296,1.45,33111.71794871795,0.306,27.2,3.67,2.39,Rent Favored,61391,-2.57,3170435,-0.5,2.33,5.61,4.39,43.55,2026-08-31,2026-08-31
Coeur d'Alene,ID,"Coeur d'Alene, ID",Kootenai County,607048.0795502733,3.13,1861.1524364542672,3.48,22333.829237451206,0.307,27.2,3.68,2.39,Rent Favored,57355,4.37,188323,8.99,15.6,11.42,3.93,27.79,2026-08-31,2026-08-31
Chesterfield,MO,"St. Louis, MO-IL",Saint Louis County,576404.0425717293,3.68,1766.6547619047622,5.73,21199.857142857145,0.306,27.2,3.68,2.39,Rent Favored,49465,-0.97,NA,NA,NA,NA,NA,NA,2026-08-31,2026-08-31
Pleasant Hill,CA,"San Francisco-Oakland-Berkeley, CA",Contra Costa County,974811.2949277954,0.75,2991.6939499484,4.01,35900.3273993808,0.307,27.2,3.68,2.39,Rent Favored,34169,-1.21,1172607,0.55,6.48,3.5,2.91,32.35,2026-08-31,2026-08-31
University Place,WA,"Seattle-Tacoma-Bellevue, WA",Pierce County,653879.6270105509,-0.34,2001.4226475279108,4.05,24017.07177033493,0.306,27.2,3.67,2.39,Rent Favored,35160,0.73,941170,1.9,6.6,5.21,4.02,35.21,2026-08-31,2026-08-31
Clackamas,OR,"Portland-Vancouver-Hillsboro, OR-WA",Clackamas County,581703.2167657218,-0.55,1783.4833333333331,0.7,21401.799999999996,0.307,27.2,3.68,2.39,Rent Favored,NA,NA,425857,0.79,3.92,5.7,4.07,28.66,2026-08-31,2026-08-31
Wynnewood,PA,"Philadelphia-Camden-Wilmington, PA-NJ-DE-MD",Montgomery County,822309.1507032345,5.51,2517.0333333333333,2.97,30204.4,0.306,27.2,3.67,2.39,Rent Favored,NA,NA,879190,2.6,7.92,4.35,5.68,28.27,2026-08-31,2026-08-31
Everett,WA,"Seattle-Tacoma-Bellevue, WA",Snohomish County,636751.0218732505,-1.61,1946.4166128880397,2,23356.999354656476,0.306,27.3,3.67,2.38,Rent Favored,113011,1.91,864113,4.11,11.83,4.9,4.3,31.61,2026-08-31,2026-08-31
Renton,WA,"Seattle-Tacoma-Bellevue, WA",King County,731653.7827824292,-1.92,2236.3525620280475,2.69,26836.23074433657,0.306,27.3,3.67,2.38,Rent Favored,105543,-1.12,2340211,2.9,15.35,6.12,5.05,43.91,2026-08-31,2026-08-31
Lomita,CA,"Los Angeles-Long Beach-Anaheim, CA",Los Angeles County,906796.820691836,1.48,2763.1507936507933,2.98,33157.80952380952,0.305,27.3,3.66,2.38,Rent Favored,19841,-4.96,9757179,-2.4,0.03,6.45,4.01,53.92,2026-08-31,2026-08-31
West Jordan,UT,"Salt Lake City, UT",Salt Lake County,554732.7398129529,1.31,1686.993027716712,0.05,20243.916332600544,0.304,27.4,3.65,2.37,Rent Favored,116688,-0.3,1216274,2.46,7.39,5.36,5.82,33,2026-08-31,2026-08-31
Upper Arlington,OH,"Columbus, OH",Franklin County,644596.6837372902,4.49,1958.5676767676769,1.58,23502.812121212122,0.304,27.4,3.65,2.37,Rent Favored,36140,-1.69,1356303,2.4,7.58,6.96,3.98,47.03,2026-08-31,2026-08-31
Temple City,CA,"Los Angeles-Long Beach-Anaheim, CA",Los Angeles County,1075392.751074659,0.55,3272.3796296296296,-3.33,39268.555555555555,0.304,27.4,3.65,2.37,Rent Favored,34989,-3.78,9757179,-2.4,0.03,6.45,4.01,53.92,2026-08-31,2026-08-31
Hingham,MA,"Boston-Cambridge-Newton, MA-NH",Plymouth County,1352390.492132751,8.53,4104.416666666667,8.41,49253,0.303,27.5,3.64,2.37,Rent Favored,NA,NA,542090,2.58,7.97,7.23,1.91,22.38,2026-08-31,2026-08-31
Louisville,CO,"Boulder, CO",Boulder County,824820.9827312449,0.29,2511.287037037037,4.73,30135.444444444445,0.304,27.4,3.65,2.37,Rent Favored,20811,-1.86,330262,-0.21,4.58,5.31,3.67,37.54,2026-08-31,2026-08-31
Monmouth,OR,"Salem, OR",Polk County,475714.2094826637,2.01,1447.111111111111,4.24,17365.333333333332,0.304,27.4,3.65,2.37,Rent Favored,11651,4.55,90549,2.89,3.24,5.43,3.94,35.41,2026-08-31,2026-08-31
Seaside Heights,NJ,"New York-Newark-Jersey City, NY-NJ-PA",Ocean County,729007.956038053,9.79,2218.0555555555557,NA,26616.666666666668,0.304,27.4,3.65,2.37,Rent Favored,NA,NA,NA,NA,NA,NA,NA,NA,2026-08-31,2026-08-31
Escondido,CA,"San Diego-Chula Vista-Carlsbad, CA",San Diego County,842305.2987078155,0.44,2546.5677815570675,0.25,30558.813378684812,0.302,27.6,3.63,2.36,Rent Favored,148847,-1.46,3298799,-0.07,0.09,6.51,4.02,45.49,2026-08-31,2026-08-31
Orem,UT,"Provo-Orem, UT",Utah County,501606.4340694286,2.96,1517.0035273368603,2.77,18204.042328042324,0.302,27.6,3.63,2.36,Rent Favored,96646,-1.81,747234,12.6,17.51,3.79,2.69,31.87,2026-08-31,2026-08-31
Prescott,AZ,"Prescott Valley-Prescott, AZ",Yavapai County,597306.6292793765,-0.37,1804.867425810904,1.51,21658.40910973085,0.302,27.6,3.63,2.36,Rent Favored,48224,4.66,252013,6.23,16.63,12.2,4.45,26.49,2026-08-31,2026-08-31
Pico Rivera,CA,"Los Angeles-Long Beach-Anaheim, CA",Los Angeles County,747421.8294942154,0.98,2265.7444444444445,2.7,27188.933333333334,0.303,27.5,3.64,2.36,Rent Favored,59363,-4.08,9757179,-2.4,0.03,6.45,4.01,53.92,2026-08-31,2026-08-31
Gardena,CA,"Los Angeles-Long Beach-Anaheim, CA",Los Angeles County,779150.199648064,2.33,2353.5367965367964,4.27,28242.441558441555,0.302,27.6,3.62,2.36,Rent Favored,58921,-3.14,9757179,-2.4,0.03,6.45,4.01,53.92,2026-08-31,2026-08-31
Tualatin,OR,"Portland-Vancouver-Hillsboro, OR-WA",Washington County,631966.842012939,-0.58,1914.7642195767196,4.18,22977.170634920636,0.303,27.5,3.64,2.36,Rent Favored,28036,0.55,611272,1.7,7.45,3.35,3.82,39.13,2026-08-31,2026-08-31
Ojai,CA,"Oxnard-Thousand Oaks-Ventura, CA",Ventura County,1152667.3880411366,1.47,3494.523809523809,NA,41934.28571428571,0.303,27.5,3.64,2.36,Rent Favored,7563,-0.96,835427,-0.99,0.32,5.64,3.81,35.84,2026-08-31,2026-08-31
Sandpoint,ID,"Sandpoint, ID",Bonner County,639455.6042838261,3.17,1932.9166666666667,NA,23195,0.302,27.6,3.63,2.36,Rent Favored,10444,19.62,53955,13.8,24.89,26.38,5.13,22.35,2026-08-31,2026-08-31
Edgewood,WA,"Seattle-Tacoma-Bellevue, WA",Pierce County,730618.5838185492,0.09,2211.94246031746,3.71,26543.30952380952,0.303,27.5,3.63,2.36,Rent Favored,13496,8.65,941170,1.9,6.6,5.21,4.02,35.21,2026-08-31,2026-08-31
Davis,CA,"Sacramento-Roseville-Folsom, CA",Yolo County,837981.6117327902,-1.24,2528.970588235294,2.48,30347.64705882353,0.302,27.6,3.62,2.35,Rent Favored,67125,0.33,225251,3.44,8.98,6.01,4.8,46.44,2026-08-31,2026-08-31
Camas,WA,"Portland-Vancouver-Hillsboro, OR-WA",Clark County,746743.692355385,-0.36,2248.091478696742,1.56,26977.0977443609,0.301,27.7,3.61,2.35,Rent Favored,27313,3.08,527269,4.33,6.69,3.84,3.08,33.79,2026-08-31,2026-08-31
Chehalis,WA,"Centralia, WA",Lewis County,480039.98778968287,2.04,1443.5333333333335,NA,17322.4,0.301,27.7,3.61,2.35,Rent Favored,7717,3.18,87049,5.43,11.18,10.33,4.27,25.84,2026-08-31,2026-08-31
Granite Bay,CA,"Sacramento-Roseville-Folsom, CA",Placer County,1171262.7649097326,3.44,3533.3333333333335,NA,42400,0.302,27.6,3.62,2.35,Rent Favored,NA,NA,NA,NA,NA,NA,NA,NA,2026-08-31,2026-08-31
Short Hills,NJ,"New York-Newark-Jersey City, NY-NJ-PA",Essex County,2387541.1460434813,8.63,7203.472222222223,NA,86441.66666666667,0.302,27.6,3.62,2.35,Rent Favored,NA,NA,881527,2.5,15.1,5.39,2.7,55.47,2026-08-31,2026-08-31
Spring Branch,TX,"San Antonio-New Braunfels, TX",Comal County,575013.315345853,0.1,1732.2222222222224,NA,20786.666666666668,0.301,27.7,3.61,2.35,Rent Favored,NA,NA,NA,NA,NA,NA,NA,NA,2026-08-31,2026-08-31
Key Largo,FL,"Key West, FL",Monroe County,1096667.6408569703,3.49,3303.9682539682544,4.18,39647.61904761905,0.301,27.7,3.62,2.35,Rent Favored,NA,NA,80908,-2.35,-5.34,36.36,20.39,36.61,2026-08-31,2026-08-31
Northville,MI,"Detroit-Warren-Dearborn, MI",Wayne County,594891.9549975978,4.78,1787.8265993265993,5.89,21453.91919191919,0.301,27.7,3.61,2.34,Rent Favored,6047,-1.39,1771063,-1.04,3.75,12.9,4.58,35.52,2026-08-31,2026-08-31
Stanwood,WA,"Seattle-Tacoma-Bellevue, WA",Snohomish County,701357.7900947336,0.47,2108.3333333333335,NA,25300,0.301,27.7,3.61,2.34,Rent Favored,NA,NA,NA,NA,NA,NA,NA,NA,2026-08-31,2026-08-31
Hinsdale,IL,"Chicago-Naperville-Elgin, IL-IN-WI",DuPage County,1298278.513586426,9.65,3900,NA,46800,0.3,27.7,3.6,2.34,Rent Favored,NA,NA,NA,NA,NA,NA,NA,NA,2026-08-31,2026-08-31
Pelham,NY,"New York-Newark-Jersey City, NY-NJ-PA",Westchester County,1440865.5293864117,12.69,4324.666666666667,NA,51896,0.3,27.8,3.6,2.34,Rent Favored,7579,3.79,1006447,0.5,6.23,5.51,2.35,37.8,2026-08-31,2026-08-31
Meridian,CO,"Denver-Aurora-Lakewood, CO",Douglas County,641874.5467938441,-4.54,1923.85101010101,-2.14,23086.21212121212,0.3,27.8,3.6,2.34,Rent Favored,NA,NA,393995,9.34,17.82,3.14,4.54,22.23,2026-08-31,2026-08-31
Los Angeles,CA,"Los Angeles-Long Beach-Anaheim, CA",Los Angeles County,929571.7078166112,-0.37,2778.38788070894,0.74,33340.65456850728,0.299,27.9,3.59,2.33,Rent Favored,3878704,-0.45,9757179,-2.4,0.03,6.45,4.01,53.92,2026-08-31,2026-08-31
Walnut Creek,CA,"San Francisco-Oakland-Berkeley, CA",Contra Costa County,992644.9306565598,1.07,2959.113581156691,5.06,35509.36297388029,0.298,28,3.58,2.33,Rent Favored,70817,0.85,1172607,0.55,6.48,3.5,2.91,32.35,2026-08-31,2026-08-31
Alpharetta,GA,"Atlanta-Sandy Springs-Alpharetta, GA",Fulton County,716628.5168465282,-0.19,2137.04298245614,-0.12,25644.515789473684,0.298,27.9,3.58,2.33,Rent Favored,67275,1.98,1090354,1.97,1.33,8.52,7.69,45.86,2026-08-31,2026-08-31
La Mesa,CA,"San Diego-Chula Vista-Carlsbad, CA",San Diego County,885050.9353640774,1.51,2645.236961451247,0.36,31742.843537414967,0.299,27.9,3.59,2.33,Rent Favored,60767,-0.54,3298799,-0.07,0.09,6.51,4.02,45.49,2026-08-31,2026-08-31
Taylorsville,UT,"Salt Lake City, UT",Salt Lake County,492973.6834058524,0.95,1469.8365079365078,-0.39,17638.038095238095,0.298,27.9,3.58,2.33,Rent Favored,57819,-4.24,1216274,2.46,7.39,5.36,5.82,33,2026-08-31,2026-08-31
San Dimas,CA,"Los Angeles-Long Beach-Anaheim, CA",Los Angeles County,908558.7026282976,0.32,2719.2546296296296,2.09,32631.055555555555,0.299,27.8,3.59,2.33,Rent Favored,33226,-4.51,9757179,-2.4,0.03,6.45,4.01,53.92,2026-08-31,2026-08-31
East Northport,NY,"New York-Newark-Jersey City, NY-NJ-PA",Suffolk County,823104.1068675021,2.41,2455.555555555555,NA,29466.666666666664,0.298,27.9,3.58,2.33,Rent Favored,NA,NA,NA,NA,NA,NA,NA,NA,2026-08-31,2026-08-31
Bedford,MA,"Boston-Cambridge-Newton, MA-NH",Middlesex County,1035035.2228084822,1.93,3093.5833333333335,-2.99,37123,0.299,27.9,3.59,2.33,Rent Favored,NA,NA,1668956,2.54,11.63,4.52,2.96,38.37,2026-08-31,2026-08-31
Marina del Rey,CA,"Los Angeles-Long Beach-Anaheim, CA",Los Angeles County,1329106.1103614734,-1.59,3962.680808080808,1.87,47552.1696969697,0.298,28,3.58,2.33,Rent Favored,NA,NA,9757179,-2.4,0.03,6.45,4.01,53.92,2026-08-31,2026-08-31
Pella,IA,"Pella, IA",Marion County,360344.74982550816,2.26,1077.5,4.11,12930,0.299,27.9,3.59,2.33,Rent Favored,10965,4.71,34048,1.9,10.4,6.02,4.97,22.25,2026-08-31,2026-08-31
Glenmoore,PA,"Philadelphia-Camden-Wilmington, PA-NJ-DE-MD",Chester County,686862.064282237,5.42,2055,NA,24660,0.299,27.9,3.59,2.33,Rent Favored,NA,NA,NA,NA,NA,NA,NA,NA,2026-08-31,2026-08-31
Grand Lake,CO,NA,Grand County,763095.4711671699,-1.86,2275,NA,27300,0.298,28,3.58,2.33,Rent Favored,NA,NA,NA,NA,NA,NA,NA,NA,2026-08-31,2026-08-31
Morgan Hill,CA,"San Jose-Sunnyvale-Santa Clara, CA",Santa Clara County,1320636.7250183562,2.85,3926.998168498169,7.49,47123.97802197803,0.297,28,3.57,2.32,Rent Favored,45952,0.58,1926325,0.08,11.74,5.72,5.29,44.7,2026-08-31,2026-08-31
Pullman,WA,"Pullman, WA",Whitman County,433771.94722093554,-1.88,1288.7380952380952,1.99,15464.857142857141,0.297,28,3.57,2.32,Rent Favored,33543,2.09,48399,1.21,8.95,15.45,15.47,53.4,2026-08-31,2026-08-31
Orinda,CA,"San Francisco-Oakland-Berkeley, CA",Contra Costa County,1930671.452877814,1.97,5754.722222222223,NA,69056.66666666667,0.298,28,3.58,2.32,Rent Favored,NA,NA,NA,NA,NA,NA,NA,NA,2026-08-31,2026-08-31
Hopkinton,MA,"Boston-Cambridge-Newton, MA-NH",Middlesex County,963356.3869386438,3.34,2870.571428571429,2.73,34446.857142857145,0.298,28,3.58,2.32,Rent Favored,NA,NA,1668956,2.54,11.63,4.52,2.96,38.37,2026-08-31,2026-08-31
Sumrall,MS,"Hattiesburg, MS",Lamar County,269230.3894794642,3.42,800,NA,9600,0.297,28,3.57,2.32,Rent Favored,NA,NA,NA,NA,NA,NA,NA,NA,2026-08-31,2026-08-31
Nappanee,IN,"Elkhart-Goshen, IN",Elkhart County,301402.5356592527,6.32,895,NA,10740,0.297,28.1,3.56,2.32,Rent Favored,NA,NA,NA,NA,NA,NA,NA,NA,2026-08-31,2026-08-31
La Center,WA,"Portland-Vancouver-Hillsboro, OR-WA",Clark County,661893.6058892544,0.65,1970.1666666666663,NA,23641.999999999996,0.298,28,3.57,2.32,Rent Favored,NA,NA,NA,NA,NA,NA,NA,NA,2026-08-31,2026-08-31
Parkville,MO,"Kansas City, MO-KS",Platte County,591345.9585200317,3.33,1756.0833333333333,NA,21073,0.297,28.1,3.56,2.32,Rent Favored,8980,20.25,113207,5.61,6.94,5.93,6.25,32.98,2026-08-31,2026-08-31
Edgewater,CO,"Denver-Aurora-Lakewood, CO",Jefferson County,581622.4853045447,-1.14,1726.857142857143,NA,20722.285714285714,0.297,28.1,3.56,2.32,Rent Favored,4880,-2.54,578533,-0.79,0.75,4.44,4.86,29.39,2026-08-31,2026-08-31
Bozeman,MT,"Bozeman, MT",Gallatin County,725769.1872309394,0.4,2149.2202516619186,3.84,25790.643019943025,0.296,28.1,3.55,2.31,Rent Favored,57894,7.48,126984,6.17,4.63,10,5.16,38.48,2026-08-31,2026-08-31
Aptos,CA,"Santa Cruz-Watsonville, CA",Santa Cruz County,1340950.306198167,2.38,3975.0259259259255,9.83,47700.31111111111,0.296,28.1,3.56,2.31,Rent Favored,NA,NA,262406,-3.44,-6,9.15,3.39,40.02,2026-08-31,2026-08-31
Bellingham,WA,"Bellingham, WA",Whatcom County,661763.2011028362,-0.27,1950.9026672109956,2.45,23410.832006531946,0.295,28.3,3.54,2.3,Rent Favored,95860,4.34,234954,3.3,9.58,9.34,3.08,36.47,2026-08-31,2026-08-31
Bountiful,UT,"Ogden-Clearfield, UT",Davis County,570821.128524863,3.14,1679.9758241758243,3.77,20159.70989010989,0.294,28.3,3.53,2.3,Rent Favored,45024,-1.65,378470,4.04,4.18,3.29,3.85,22.6,2026-08-31,2026-08-31
Wixom,MI,"Detroit-Warren-Dearborn, MI",Oakland County,385437.4475240503,1.53,1139.0052910052912,NA,13668.063492063495,0.296,28.2,3.55,2.3,Rent Favored,NA,NA,NA,NA,NA,NA,NA,NA,2026-08-31,2026-08-31
Sedona,AZ,"Prescott Valley-Prescott, AZ",Yavapai County,899296.1140214158,0.08,2657.3888888888887,4.88,31888.666666666664,0.295,28.2,3.55,2.3,Rent Favored,9778,0.88,252013,6.23,16.63,12.2,4.45,26.49,2026-08-31,2026-08-31
Willoughby Hills,OH,"Cleveland-Elyria, OH",Lake County,367398.4876288087,4.31,1084.1222222222225,NA,13009.46666666667,0.295,28.2,3.54,2.3,Rent Favored,NA,NA,NA,NA,NA,NA,NA,NA,2026-08-31,2026-08-31
Riverdale,UT,"Ogden-Clearfield, UT",Weber County,455977.8547126784,0.95,1346.5833333333333,NA,16159,0.295,28.2,3.54,2.3,Rent Favored,9184,-2.06,276118,4.99,7.11,6.33,4.96,25.45,2026-08-31,2026-08-31
Fort Mitchell,KY,"Cincinnati, OH-KY-IN",Kenton County,421634.54284889606,5.21,1244.7777777777776,NA,14937.333333333332,0.295,28.2,3.54,2.3,Rent Favored,NA,NA,NA,NA,NA,NA,NA,NA,2026-08-31,2026-08-31
Steilacoom,WA,"Seattle-Tacoma-Bellevue, WA",Pierce County,636520.0300847138,0.45,1874.2666666666669,NA,22491.200000000004,0.294,28.3,3.53,2.3,Rent Favored,6649,-1.34,941170,1.9,6.6,5.21,4.02,35.21,2026-08-31,2026-08-31
Frisco,TX,"Dallas-Fort Worth-Arlington, TX",Collin County,638511.9269593857,-4.14,1874.3457248493137,-0.88,22492.148698191762,0.294,28.4,3.52,2.29,Rent Favored,235208,16,1254658,16.64,31.61,5.16,6.55,35.92,2026-08-31,2026-08-31
Yorba Linda,CA,"Los Angeles-Long Beach-Anaheim, CA",Orange County,1399669.3801684752,3.01,4118.178240740741,1.98,49418.13888888889,0.294,28.3,3.53,2.29,Rent Favored,66489,-2.55,3170435,-0.5,2.33,5.61,4.39,43.55,2026-08-31,2026-08-31
Acton,MA,"Boston-Cambridge-Newton, MA-NH",Middlesex County,870334.7189812042,0.45,2552.295238095238,NA,30627.542857142857,0.293,28.4,3.52,2.29,Rent Favored,NA,NA,1668956,2.54,11.63,4.52,2.96,38.37,2026-08-31,2026-08-31
Artesia,CA,"Los Angeles-Long Beach-Anaheim, CA",Los Angeles County,868250.4380017024,2.98,2549.1666666666665,NA,30590,0.294,28.4,3.52,2.29,Rent Favored,NA,NA,NA,NA,NA,NA,NA,NA,2026-08-31,2026-08-31
Holliston,MA,"Boston-Cambridge-Newton, MA-NH",Middlesex County,744372.3980122525,2.07,2183.3333333333335,NA,26200,0.293,28.4,3.52,2.29,Rent Favored,NA,NA,NA,NA,NA,NA,NA,NA,2026-08-31,2026-08-31
Whitefish Bay,WI,"Milwaukee-Waukesha, WI",Milwaukee County,662000.7816615631,6.04,1939.6666666666667,NA,23276,0.293,28.4,3.52,2.29,Rent Favored,NA,NA,NA,NA,NA,NA,NA,NA,2026-08-31,2026-08-31
Superior,CO,"Boulder, CO",Boulder County,812594.6986765772,-1.01,2384.15756302521,1.24,28609.89075630252,0.293,28.4,3.52,2.29,Rent Favored,13654,4.17,330262,-0.21,4.58,5.31,3.67,37.54,2026-08-31,2026-08-31
Upland,CA,"Riverside-San Bernardino-Ontario, CA",San Bernardino County,815031.5935550373,0.98,2384.639826839827,3.52,28615.677922077924,0.293,28.5,3.51,2.28,Rent Favored,79684,0.81,2214281,1.41,1.68,9.55,3.22,38.46,2026-08-31,2026-08-31
Vienna,VA,"Washington-Arlington-Alexandria, DC-VA-MD-WV",Fairfax County,1165193.5871303016,2.01,3411.788961794406,1.82,40941.467541532875,0.293,28.5,3.51,2.28,Rent Favored,16562,0.69,1160925,1.07,6.94,3.66,4.16,31.65,2026-08-31,2026-08-31
Moscow,ID,"Moscow, ID",Latah County,480588.7522959398,-0.09,1402.361111111111,-0.2,16828.333333333332,0.292,28.6,3.5,2.28,Rent Favored,26894,5.38,42180,6.41,7.87,7.87,1.74,39.36,2026-08-31,2026-08-31
North Salt Lake,UT,"Ogden-Clearfield, UT",Davis County,568572.5870548586,1.45,1664.2348484848485,2.07,19970.818181818184,0.293,28.5,3.51,2.28,Rent Favored,23593,2.18,378470,4.04,4.18,3.29,3.85,22.6,2026-08-31,2026-08-31
Lynnfield,MA,"Boston-Cambridge-Newton, MA-NH",Essex County,1105556.529927507,2.13,3238.1666666666665,NA,38858,0.293,28.5,3.51,2.28,Rent Favored,NA,NA,NA,NA,NA,NA,NA,NA,2026-08-31,2026-08-31
Grosse Pointe Park,MI,"Detroit-Warren-Dearborn, MI",Wayne County,519663.402592146,2.85,1522.222222222222,NA,18266.666666666664,0.293,28.4,3.52,2.28,Rent Favored,NA,NA,NA,NA,NA,NA,NA,NA,2026-08-31,2026-08-31
Bal Harbour,FL,"Miami-Fort Lauderdale-Pompano Beach, FL",Miami-Dade County,1944948.8351337689,6.04,5676.0317460317465,11.07,68112.38095238096,0.292,28.6,3.5,2.28,Rent Favored,3099,0.75,2838461,5.29,19.88,11.11,5.36,47.81,2026-08-31,2026-08-31
Anaheim,CA,"Los Angeles-Long Beach-Anaheim, CA",Orange County,946371.4770691616,2.67,2759.1605732294543,2.25,33109.92687875345,0.292,28.6,3.5,2.27,Rent Favored,344561,-0.61,3170435,-0.5,2.33,5.61,4.39,43.55,2026-08-31,2026-08-31
Whittier,CA,"Los Angeles-Long Beach-Anaheim, CA",Los Angeles County,815757.8436826925,1.7,2372.309766573296,0.68,28467.717198879553,0.291,28.7,3.49,2.27,Rent Favored,85589,-2.36,9757179,-2.4,0.03,6.45,4.01,53.92,2026-08-31,2026-08-31
Lynnwood,WA,"Seattle-Tacoma-Bellevue, WA",Snohomish County,746039.9335070625,-2.63,2170.0706648400105,1.11,26040.847978080128,0.291,28.6,3.49,2.27,Rent Favored,41597,7.91,864113,4.11,11.83,4.9,4.3,31.61,2026-08-31,2026-08-31
McCall,ID,NA,Valley County,784383.644756925,2.83,2284.5833333333335,NA,27415,0.291,28.6,3.5,2.27,Rent Favored,NA,NA,NA,NA,NA,NA,NA,NA,2026-08-31,2026-08-31
Sisters,OR,"Albany-Lebanon, OR",Linn County,782741.6582377111,-2.43,2276.845238095238,NA,27322.142857142855,0.291,28.6,3.49,2.27,Rent Favored,2957,-3.77,132474,2.72,8.21,4.18,2.4,32.95,2026-08-31,2026-08-31
Goleta,CA,"Santa Maria-Santa Barbara, CA",Santa Barbara County,1348428.6219488755,0.88,3910.414141414142,2.76,46924.9696969697,0.29,28.7,3.48,2.26,Rent Favored,32611,-0.46,444500,-0.8,-2.53,6.76,3.08,47.13,2026-08-31,2026-08-31
Palisades Park,NJ,"New York-Newark-Jersey City, NY-NJ-PA",Bergen County,1016315.8354096664,9.57,2938.308333333333,NA,35259.7,0.289,28.8,3.47,2.26,Rent Favored,NA,NA,NA,NA,NA,NA,NA,NA,2026-08-31,2026-08-31
Thompsons Station,TN,"Nashville-Davidson--Murfreesboro--Franklin, TN",Williamson County,740364.9331616942,1.36,2141.7738095238096,0.51,25701.285714285717,0.289,28.8,3.47,2.26,Rent Favored,NA,NA,269136,7.82,11.28,3.92,6.75,20.22,2026-08-31,2026-08-31
Eagle,CO,"Edwards, CO",Eagle County,1030907.1723945854,1.1,2981.5,5.08,35778,0.289,28.8,3.47,2.26,Rent Favored,7349,-2.17,54330,-2.39,-11.87,37.5,16.85,32.43,2026-08-31,2026-08-31
Gilroy,CA,"San Jose-Sunnyvale-Santa Clara, CA",Santa Clara County,1049220.510734176,0.6,3023.9920634920636,4.31,36287.90476190476,0.288,28.9,3.46,2.25,Rent Favored,60390,1.67,1926325,0.08,11.74,5.72,5.29,44.7,2026-08-31,2026-08-31
Happy Valley,OR,"Portland-Vancouver-Hillsboro, OR-WA",Clackamas County,678673.6030309978,-0.33,1957.914814814815,0.06,23494.977777777778,0.288,28.9,3.46,2.25,Rent Favored,28969,20.21,425857,0.79,3.92,5.7,4.07,28.66,2026-08-31,2026-08-31
Wilsonville,OR,"Portland-Vancouver-Hillsboro, OR-WA",Clackamas County,623949.1245369745,-1.27,1801.84,0.77,21622.079999999998,0.289,28.9,3.47,2.25,Rent Favored,27895,4.39,425857,0.79,3.92,5.7,4.07,28.66,2026-08-31,2026-08-31
North Logan,UT,"Logan, UT-ID",Cache County,554780.2951589013,6.65,1600,NA,19200,0.288,28.9,3.46,2.25,Rent Favored,NA,NA,NA,NA,NA,NA,NA,NA,2026-08-31,2026-08-31
Leesburg,VA,"Washington-Arlington-Alexandria, DC-VA-MD-WV",Loudoun County,851239.3665586021,2.59,2440.2466422466423,4.25,29282.959706959708,0.287,29.1,3.44,2.24,Rent Favored,49831,2.87,443380,4.89,7.24,2.75,4.35,22.08,2026-08-31,2026-08-31
Monterey Park,CA,"Los Angeles-Long Beach-Anaheim, CA",Los Angeles County,911771.454668643,1.49,2615.610317460317,1.29,31387.323809523805,0.287,29,3.44,2.24,Rent Favored,57996,-4.77,9757179,-2.4,0.03,6.45,4.01,53.92,2026-08-31,2026-08-31
Monrovia,CA,"Los Angeles-Long Beach-Anaheim, CA",Los Angeles County,979520.4924706497,1.92,2809.847902364607,1.06,33718.17482837528,0.287,29.1,3.44,2.24,Rent Favored,37787,-0.56,9757179,-2.4,0.03,6.45,4.01,53.92,2026-08-31,2026-08-31
Aldie,VA,"Washington-Arlington-Alexandria, DC-VA-MD-WV",Loudoun County,1115710.2392655716,4.41,3206.8888888888887,NA,38482.666666666664,0.287,29,3.45,2.24,Rent Favored,NA,NA,443380,4.89,7.24,2.75,4.35,22.08,2026-08-31,2026-08-31
Kaysville,UT,"Ogden-Clearfield, UT",Davis County,682854.6534999394,2.95,1957.8333333333333,NA,23494,0.287,29.1,3.44,2.24,Rent Favored,NA,NA,NA,NA,NA,NA,NA,NA,2026-08-31,2026-08-31
Maplewood,NJ,"New York-Newark-Jersey City, NY-NJ-PA",Essex County,974137.7289787252,7.06,2797.1666666666665,NA,33566,0.287,29,3.45,2.24,Rent Favored,NA,NA,881527,2.5,15.1,5.39,2.7,55.47,2026-08-31,2026-08-31
New Canaan,CT,"Bridgeport-Stamford-Norwalk, CT",Fairfield County,2228794.2540263734,13.1,6410,NA,76920,0.288,29,3.45,2.24,Rent Favored,NA,NA,NA,NA,NA,NA,NA,NA,2026-08-31,2026-08-31
Great Falls,VA,"Washington-Arlington-Alexandria, DC-VA-MD-WV",Fairfax County,1692669.3676587103,2.34,4853.222222222222,NA,58238.66666666666,0.287,29.1,3.44,2.24,Rent Favored,NA,NA,NA,NA,NA,NA,NA,NA,2026-08-31,2026-08-31
Midway,UT,"Heber, UT",Wasatch County,939462.7098126276,3.65,2700,NA,32400,0.287,29,3.45,2.24,Rent Favored,NA,NA,NA,NA,NA,NA,NA,NA,2026-08-31,2026-08-31
Cary,NC,"Raleigh-Cary, NC",Wake County,619635.8299712468,-1.43,1774.4942305568866,0.98,21293.93076668264,0.286,29.1,3.44,2.23,Rent Favored,182659,4.49,1232444,9,18.32,7.54,9.49,35.57,2026-08-31,2026-08-31
Livermore,CA,"San Francisco-Oakland-Berkeley, CA",Alameda County,1075801.5255914454,-3.1,3078.7773737373736,4.01,36945.328484848484,0.286,29.1,3.43,2.23,Rent Favored,84867,-3.42,1649060,-1.88,3.29,5.96,5.26,45.93,2026-08-31,2026-08-31
Bellflower,CA,"Los Angeles-Long Beach-Anaheim, CA",Los Angeles County,798073.9931346405,1.64,2280.759259259259,1.05,27369.11111111111,0.286,29.2,3.43,2.23,Rent Favored,75716,-4.12,9757179,-2.4,0.03,6.45,4.01,53.92,2026-08-31,2026-08-31
Cypress,CA,"Los Angeles-Long Beach-Anaheim, CA",Orange County,1070083.6582973336,3.44,3062.8688552188555,3.5,36754.426262626264,0.286,29.1,3.43,2.23,Rent Favored,49286,-1.53,3170435,-0.5,2.33,5.61,4.39,43.55,2026-08-31,2026-08-31
Wahiawa,HI,"Urban Honolulu, HI",Honolulu County,860041.5490544677,3.35,2457.222222222222,10.16,29486.666666666664,0.286,29.2,3.43,2.23,Rent Favored,NA,NA,998747,-1.35,1.96,9.47,5.27,40.46,2026-08-31,2026-08-31
Rancho Santa Margarita,CA,"Los Angeles-Long Beach-Anaheim, CA",Orange County,1004696.700843254,-0.43,2870.89076923077,4.95,34450.68923076924,0.286,29.2,3.43,2.23,Rent Favored,46353,-3.16,3170435,-0.5,2.33,5.61,4.39,43.55,2026-08-31,2026-08-31
Polson,MT,NA,Lake County,578626.14084634,1.33,1651.8333333333333,NA,19822,0.285,29.2,3.43,2.23,Rent Favored,NA,NA,NA,NA,NA,NA,NA,NA,2026-08-31,2026-08-31
Long Beach,CA,"Los Angeles-Long Beach-Anaheim, CA",Los Angeles County,850916.536732796,2.48,2422.305059847815,2,29067.660718173778,0.285,29.3,3.42,2.22,Rent Favored,450901,-3.16,9757179,-2.4,0.03,6.45,4.01,53.92,2026-08-31,2026-08-31
Alhambra,CA,"Los Angeles-Long Beach-Anaheim, CA",Los Angeles County,916065.0837816704,1.58,2606.770046082949,0.95,31281.24055299539,0.285,29.3,3.41,2.22,Rent Favored,80279,-2.87,9757179,-2.4,0.03,6.45,4.01,53.92,2026-08-31,2026-08-31
Andover,MA,"Boston-Cambridge-Newton, MA-NH",Essex County,999919.2490505849,2.77,2850.3247863247866,3.96,34203.89743589744,0.285,29.2,3.42,2.22,Rent Favored,NA,NA,823938,2,7.8,5.11,2.53,36.04,2026-08-31,2026-08-31
Arroyo Grande,CA,"San Luis Obispo-Paso Robles, CA",San Luis Obispo County,1033546.0112714996,0.87,2940,NA,35280,0.284,29.3,3.41,2.22,Rent Favored,18249,-1.01,281843,-0.03,0.58,12.79,4.74,38.1,2026-08-31,2026-08-31
Rigby,ID,"Idaho Falls, ID",Jefferson County,479710.1517339421,2.58,1365,NA,16380,0.285,29.3,3.41,2.22,Rent Favored,5683,12.02,34854,12.14,10.04,5.71,0.68,17.63,2026-08-31,2026-08-31
Alamo,CA,"San Francisco-Oakland-Berkeley, CA",Contra Costa County,2510406.1084267115,4.6,7150,NA,85800,0.285,29.3,3.42,2.22,Rent Favored,NA,NA,NA,NA,NA,NA,NA,NA,2026-08-31,2026-08-31
Brewster,MA,"Barnstable Town, MA",Barnstable County,790221.9277558533,1.56,2249.5,NA,26994,0.285,29.3,3.42,2.22,Rent Favored,NA,NA,NA,NA,NA,NA,NA,NA,2026-08-31,2026-08-31
Eagle,ID,"Boise City, ID",Ada County,792637.5494285171,-0.01,2244.112044817927,9.55,26929.344537815126,0.283,29.4,3.4,2.21,Rent Favored,33451,5.85,535799,7.53,14.17,4.08,3.49,28.65,2026-08-31,2026-08-31
Carpinteria,CA,"Santa Maria-Santa Barbara, CA",Santa Barbara County,1522468.7622771284,8.44,4315.694444444444,15.4,51788.33333333333,0.283,29.4,3.4,2.21,Rent Favored,12876,-2.76,444500,-0.8,-2.53,6.76,3.08,47.13,2026-08-31,2026-08-31
Glenwood Springs,CO,"Glenwood Springs, CO",Garfield County,863804.91519321,3.47,2448.534965034965,0.03,29382.419580419577,0.283,29.4,3.4,2.21,Rent Favored,10311,3.03,63167,2.21,-0.81,6.37,3.48,30.28,2026-08-31,2026-08-31
Marblehead,MA,"Boston-Cambridge-Newton, MA-NH",Essex County,1053886.848186641,2.85,2985.694444444445,5.36,35828.333333333336,0.283,29.4,3.4,2.21,Rent Favored,NA,NA,823938,2,7.8,5.11,2.53,36.04,2026-08-31,2026-08-31
Shepherdstown,WV,"Washington-Arlington-Alexandria, DC-VA-MD-WV",Jefferson County,487806.6982487105,4.04,1385,NA,16620,0.284,29.4,3.41,2.21,Rent Favored,NA,NA,NA,NA,NA,NA,NA,NA,2026-08-31,2026-08-31
Burien,WA,"Seattle-Tacoma-Bellevue, WA",King County,631187.8071276626,-0.35,1783.3066666666666,2.93,21399.68,0.283,29.5,3.39,2.2,Rent Favored,52046,0.1,2340211,2.9,15.35,6.12,5.05,43.91,2026-08-31,2026-08-31
Castle Pines,CO,"Denver-Aurora-Lakewood, CO",Douglas County,885470.8309535935,-0.59,2501.8611111111113,2.34,30022.333333333336,0.283,29.5,3.39,2.2,Rent Favored,15162,35.22,393995,9.34,17.82,3.14,4.54,22.23,2026-08-31,2026-08-31
Salt Lake City,UT,"Salt Lake City, UT",Salt Lake County,572002.770327709,2.37,1602.6832499471757,0.49,19232.198999366108,0.28,29.7,3.36,2.19,Rent Favored,217783,8.53,1216274,2.46,7.39,5.36,5.82,33,2026-08-31,2026-08-31
Fullerton,CA,"Los Angeles-Long Beach-Anaheim, CA",Orange County,1039798.0367104616,2.44,2917.3477622377627,3.43,35008.17314685315,0.281,29.7,3.37,2.19,Rent Favored,140054,-2.33,3170435,-0.5,2.33,5.61,4.39,43.55,2026-08-31,2026-08-31
Stephenville,TX,"Stephenville, TX",Erath County,324289.70276828256,-0.74,910.574074074074,0.95,10926.888888888889,0.281,29.7,3.37,2.19,Rent Favored,22147,4.89,44496,4.16,-1.64,11.54,7.52,36.2,2026-08-31,2026-08-31
Incline Village,NV,"Reno, NV",Washoe County,1526778.5502948717,5.78,4290.277777777778,4.16,51483.33333333334,0.281,29.7,3.37,2.19,Rent Favored,NA,NA,507280,4.01,13.63,8.28,5.88,40.53,2026-08-31,2026-08-31
Millburn,NJ,"New York-Newark-Jersey City, NY-NJ-PA",Essex County,1308510.016699789,10.52,3672.222222222222,NA,44066.666666666664,0.281,29.7,3.37,2.19,Rent Favored,NA,NA,NA,NA,NA,NA,NA,NA,2026-08-31,2026-08-31
Mount Pleasant,SC,"Charleston-North Charleston, SC",Charleston County,874006.1679645862,1.3,2446.0903846153847,3.88,29353.084615384614,0.28,29.8,3.36,2.18,Rent Favored,95604,4.77,431001,5.13,9.27,14.93,11.6,36.51,2026-08-31,2026-08-31
Pacifica,CA,"San Francisco-Oakland-Berkeley, CA",San Mateo County,1255192.7150959056,1.5,3502.523809523809,5,42030.28571428571,0.279,29.9,3.35,2.18,Rent Favored,37056,-3.85,742893,-2.6,8.67,7.4,7.73,40.91,2026-08-31,2026-08-31
El Cajon,CA,"San Diego-Chula Vista-Carlsbad, CA",San Diego County,817308.9014881862,-0.45,2275.0241666666666,0.17,27300.29,0.278,29.9,3.34,2.17,Rent Favored,103291,-2.64,3298799,-0.07,0.09,6.51,4.02,45.49,2026-08-31,2026-08-31
Ambler,PA,"Philadelphia-Camden-Wilmington, PA-NJ-DE-MD",Montgomery County,698946.0935479958,3.82,1940.4444444444443,8.8,23285.333333333332,0.278,30,3.33,2.17,Rent Favored,6900,1.34,879190,2.6,7.92,4.35,5.68,28.27,2026-08-31,2026-08-31
Westlake Village,CA,"Oxnard-Thousand Oaks-Ventura, CA",Ventura County,1570506.6686454432,4.11,4360.208333333333,3.03,52322.5,0.278,30,3.33,2.17,Rent Favored,7593,-5.08,835427,-0.99,0.32,5.64,3.81,35.84,2026-08-31,2026-08-31
Columbia Falls,MT,"Kalispell, MT",Flathead County,610243.1406430035,1.71,1698.1666666666667,NA,20378,0.278,29.9,3.34,2.17,Rent Favored,NA,NA,NA,NA,NA,NA,NA,NA,2026-08-31,2026-08-31
Calistoga,CA,"Napa, CA",Napa County,1065148.2687307,-1.04,2961.25,NA,35535,0.278,30,3.34,2.17,Rent Favored,NA,NA,NA,NA,NA,NA,NA,NA,2026-08-31,2026-08-31
Orange,CA,"Los Angeles-Long Beach-Anaheim, CA",Orange County,1125987.7552394357,2.65,3116.495685795686,3.08,37397.94822954823,0.277,30.1,3.32,2.16,Rent Favored,137941,-1.1,3170435,-0.5,2.33,5.61,4.39,43.55,2026-08-31,2026-08-31
Lakeside,CA,"San Diego-Chula Vista-Carlsbad, CA",San Diego County,812705.4932459682,1.17,2255.2559523809523,4.69,27063.071428571428,0.277,30,3.33,2.16,Rent Favored,NA,NA,3298799,-0.07,0.09,6.51,4.02,45.49,2026-08-31,2026-08-31
Farragut,TN,"Knoxville, TN",Knox County,691335.8822284356,1.88,1916.827380952381,1.04,23001.928571428572,0.277,30.1,3.33,2.16,Rent Favored,25242,7.09,506748,5.46,9.51,8.07,5.28,35.05,2026-08-31,2026-08-31
Highland,UT,"Provo-Orem, UT",Utah County,974274.152812746,5.16,2685.444444444445,NA,32225.333333333336,0.276,30.2,3.31,2.15,Rent Favored,21146,9.12,747234,12.6,17.51,3.79,2.69,31.87,2026-08-31,2026-08-31
Haiku,HI,"Kahului-Wailuku-Lahaina, HI",Maui County,1281602.2989223332,-1.15,3525,NA,42300,0.275,30.3,3.3,2.15,Rent Favored,NA,NA,NA,NA,NA,NA,NA,NA,2026-08-31,2026-08-31
Corte Madera,CA,"San Francisco-Oakland-Berkeley, CA",Marin County,1845967.6967811016,9.44,5088.333333333333,NA,61060,0.276,30.2,3.31,2.15,Rent Favored,10006,-1.96,256400,-1.89,2.96,7.74,3.07,36.12,2026-08-31,2026-08-31
Rockcreek,OR,"Portland-Vancouver-Hillsboro, OR-WA",Washington County,613183.3002726898,-1.59,1687.4333333333332,-4.5,20249.199999999997,0.275,30.3,3.3,2.15,Rent Favored,NA,NA,611272,1.7,7.45,3.35,3.82,39.13,2026-08-31,2026-08-31
Point Pleasant Beach,NJ,"New York-Newark-Jersey City, NY-NJ-PA",Ocean County,1129240.4296289885,14.1,3118.8888888888887,NA,37426.666666666664,0.276,30.2,3.31,2.15,Rent Favored,NA,NA,NA,NA,NA,NA,NA,NA,2026-08-31,2026-08-31
Hudson Oaks,TX,"Dallas-Fort Worth-Arlington, TX",Parker County,546664.4580460823,1.04,1510.3333333333333,2.1,18124,0.276,30.2,3.32,2.15,Rent Favored,2741,13.41,179707,20.16,32.26,7.74,10.08,17.92,2026-08-31,2026-08-31
Atlantic Beach,NC,"Morehead City, NC",Carteret County,543327.3364122936,4.23,1500,NA,18000,0.276,30.2,3.31,2.15,Rent Favored,NA,NA,NA,NA,NA,NA,NA,NA,2026-08-31,2026-08-31
Garden Grove,CA,"Los Angeles-Long Beach-Anaheim, CA",Orange County,1007401.3825840798,4.38,2766.966666666667,4.37,33203.600000000006,0.275,30.3,3.3,2.14,Rent Favored,172361,0.29,3170435,-0.5,2.33,5.61,4.39,43.55,2026-08-31,2026-08-31
San Luis Obispo,CA,"San Luis Obispo-Paso Robles, CA",San Luis Obispo County,1086044.8671899245,1.83,2972.725415070243,1.2,35672.704980842915,0.274,30.4,3.28,2.14,Rent Favored,49729,5.38,281843,-0.03,0.58,12.79,4.74,38.1,2026-08-31,2026-08-31
Peachtree Corners,GA,"Atlanta-Sandy Springs-Alpharetta, GA",Gwinnett County,542915.2643554462,-2.34,1487.2044117647058,0.22,17846.45294117647,0.274,30.4,3.29,2.14,Rent Favored,42638,0.93,1003869,4.75,5.96,3.94,4.99,33.31,2026-08-31,2026-08-31
Monument,CO,"Colorado Springs, CO",El Paso County,747979.7809081337,-1.1,2053.1799533799535,1.96,24638.159440559444,0.274,30.4,3.29,2.14,Rent Favored,13408,28.56,752772,2.58,3.46,4.58,3.67,33.62,2026-08-31,2026-08-31
Creswell,OR,"Eugene-Springfield, OR",Lane County,472490.7895295744,1.87,1295,NA,15540,0.274,30.4,3.29,2.14,Rent Favored,NA,NA,NA,NA,NA,NA,NA,NA,2026-08-31,2026-08-31
Colbert,WA,"Spokane-Spokane Valley, WA",Spokane County,596613.8535978632,0.3,1633.783068783069,NA,19605.396825396827,0.274,30.4,3.29,2.14,Rent Favored,NA,NA,NA,NA,NA,NA,NA,NA,2026-08-31,2026-08-31
Arlington,MA,"Boston-Cambridge-Newton, MA-NH",Middlesex County,1071127.7608430802,2.88,2920.325462084476,2.72,35043.90554501371,0.273,30.6,3.27,2.13,Rent Favored,NA,NA,1668956,2.54,11.63,4.52,2.96,38.37,2026-08-31,2026-08-31
Culver City,CA,"Los Angeles-Long Beach-Anaheim, CA",Los Angeles County,1271790.075071146,2.36,3476.726406926407,1.03,41720.71688311688,0.273,30.5,3.28,2.13,Rent Favored,39883,-2.06,9757179,-2.4,0.03,6.45,4.01,53.92,2026-08-31,2026-08-31
Prosper,TX,"Dallas-Fort Worth-Arlington, TX",Collin County,757803.8923880347,-5.39,2072.8244047619046,-0.63,24873.892857142855,0.274,30.5,3.28,2.13,Rent Favored,44503,44.41,1254658,16.64,31.61,5.16,6.55,35.92,2026-08-31,2026-08-31
La Canada Flintridge,CA,"Los Angeles-Long Beach-Anaheim, CA",Los Angeles County,2459679.2832737383,4.47,6726.964285714285,NA,80723.57142857142,0.273,30.5,3.28,2.13,Rent Favored,NA,NA,NA,NA,NA,NA,NA,NA,2026-08-31,2026-08-31
South Orange,NJ,"New York-Newark-Jersey City, NY-NJ-PA",Essex County,1090490.5914595898,5.21,2974.6444444444446,4.11,35695.73333333334,0.273,30.5,3.27,2.13,Rent Favored,NA,NA,881527,2.5,15.1,5.39,2.7,55.47,2026-08-31,2026-08-31
Oak Park,CA,"Oxnard-Thousand Oaks-Ventura, CA",Ventura County,1121812.7124370232,1.33,3065.726190476191,5.15,36788.71428571429,0.273,30.5,3.28,2.13,Rent Favored,NA,NA,835427,-0.99,0.32,5.64,3.81,35.84,2026-08-31,2026-08-31
Waialua,HI,"Urban Honolulu, HI",Honolulu County,1048888.744390852,3.17,2859.444444444445,NA,34313.333333333336,0.273,30.6,3.27,2.13,Rent Favored,NA,NA,998747,-1.35,1.96,9.47,5.27,40.46,2026-08-31,2026-08-31
Tustin,CA,"Los Angeles-Long Beach-Anaheim, CA",Orange County,1157866.3567562168,0.24,3152.209339774557,1.34,37826.51207729468,0.272,30.6,3.27,2.12,Rent Favored,78863,-1.28,3170435,-0.5,2.33,5.61,4.39,43.55,2026-08-31,2026-08-31
Solvang,CA,"Santa Maria-Santa Barbara, CA",Santa Barbara County,1417734.3456634562,8.18,3850,NA,46200,0.272,30.7,3.26,2.12,Rent Favored,NA,NA,NA,NA,NA,NA,NA,NA,2026-08-31,2026-08-31
Victor,ID,"Idaho Falls, ID",Bonneville County,912148.9563020456,4.98,2483.3333333333335,NA,29800,0.272,30.6,3.27,2.12,Rent Favored,NA,NA,NA,NA,NA,NA,NA,NA,2026-08-31,2026-08-31
Missoula,MT,"Missoula, MT",Missoula County,568490.4369719749,1.16,1536.8813235294117,2.21,18442.57588235294,0.27,30.8,3.24,2.11,Rent Favored,78204,5.1,122546,3.54,5.87,7.8,3.82,40.34,2026-08-31,2026-08-31
Bethesda,MD,"Washington-Arlington-Alexandria, DC-VA-MD-WV",Montgomery County,1121468.3708917212,0.68,3038.1070296302496,1.27,36457.284355562995,0.271,30.8,3.25,2.11,Rent Favored,NA,NA,1082273,2.02,7.76,4.26,3.68,34.66,2026-08-31,2026-08-31
Lake Forest,CA,"Los Angeles-Long Beach-Anaheim, CA",Orange County,1179160.4313288904,0.71,3194.9653524492237,3.28,38339.58422939068,0.271,30.8,3.25,2.11,Rent Favored,87159,1.43,3170435,-0.5,2.33,5.61,4.39,43.55,2026-08-31,2026-08-31
Murray,UT,"Salt Lake City, UT",Salt Lake County,546865.5708717535,1.77,1482.351254480287,1.58,17788.215053763444,0.271,30.7,3.25,2.11,Rent Favored,50817,0.59,1216274,2.46,7.39,5.36,5.82,33,2026-08-31,2026-08-31
Oakton,VA,"Washington-Arlington-Alexandria, DC-VA-MD-WV",Fairfax County,1097425.9285930234,2.3,2964.444444444445,NA,35573.333333333336,0.27,30.8,3.24,2.11,Rent Favored,NA,NA,NA,NA,NA,NA,NA,NA,2026-08-31,2026-08-31
Steamboat Springs,CO,"Steamboat Springs, CO",Routt County,1313949.993524099,4.76,3550.873015873016,5.58,42610.47619047619,0.27,30.8,3.24,2.11,Rent Favored,13620,3.01,25243,1.62,1.15,37.21,27.74,24.12,2026-08-31,2026-08-31
Livingston,MT,NA,Park County,535478.9856075566,-0.3,1447.6666666666667,NA,17372,0.27,30.8,3.24,2.11,Rent Favored,9021,6.34,18074,4.9,11.45,13.96,5.82,30.39,2026-08-31,2026-08-31
Carnation,WA,"Seattle-Tacoma-Bellevue, WA",King County,979197.587972814,-1.05,2645,NA,31740,0.27,30.9,3.24,2.11,Rent Favored,NA,NA,NA,NA,NA,NA,NA,NA,2026-08-31,2026-08-31
Buena Park,CA,"Los Angeles-Long Beach-Anaheim, CA",Orange County,931549.6412595296,2.34,2512.827380952381,0.55,30153.928571428572,0.27,30.9,3.24,2.1,Rent Favored,82611,-1.5,3170435,-0.5,2.33,5.61,4.39,43.55,2026-08-31,2026-08-31
Blackfoot,ID,"Blackfoot, ID",Bingham County,375807.8807600285,3.33,1010,NA,12120,0.269,31,3.23,2.1,Rent Favored,NA,NA,NA,NA,NA,NA,NA,NA,2026-08-31,2026-08-31
Seattle,WA,"Seattle-Tacoma-Bellevue, WA",King County,833191.627511117,-1.59,2233.770219955704,0.3,26805.242639468444,0.268,31.1,3.22,2.09,Rent Favored,780995,5.45,2340211,2.9,15.35,6.12,5.05,43.91,2026-08-31,2026-08-31
Chapel Hill,NC,"Durham-Chapel Hill, NC",Orange County,631034.0532013768,-0.67,1690.4506657687175,0.51,20285.407989224608,0.268,31.1,3.21,2.09,Rent Favored,64028,12.3,152877,6.36,2.62,9.13,5.91,35.76,2026-08-31,2026-08-31
Dublin,CA,"San Francisco-Oakland-Berkeley, CA",Alameda County,1230547.6511937222,-6.04,3299.157904245709,3.9,39589.894850948505,0.268,31.1,3.22,2.09,Rent Favored,70544,-2.4,1649060,-1.88,3.29,5.96,5.26,45.93,2026-08-31,2026-08-31
Sebastopol,CA,"Santa Rosa-Petaluma, CA",Sonoma County,1089509.7667533937,1.49,2912.3777777777777,6.1,34948.53333333333,0.267,31.2,3.21,2.09,Rent Favored,7388,-1.74,485375,-0.64,4.42,7.67,2.55,37.8,2026-08-31,2026-08-31
Bainbridge Island,WA,"Bremerton-Silverdale-Port Orchard, WA",Kitsap County,1177754.0796297092,0.47,3158.8649350649353,3.78,37906.37922077922,0.268,31.1,3.22,2.09,Rent Favored,24618,-0.88,281420,2.03,11.34,6.99,3.99,29.85,2026-08-31,2026-08-31
Mukilteo,WA,"Seattle-Tacoma-Bellevue, WA",Snohomish County,895454.4392778516,-1.82,2403.5,3.66,28842,0.268,31,3.22,2.09,Rent Favored,21299,-0.97,864113,4.11,11.83,4.9,4.3,31.61,2026-08-31,2026-08-31
Bonita,CA,"San Diego-Chula Vista-Carlsbad, CA",San Diego County,1128504.2633196006,3.9,3024.083333333333,NA,36289,0.268,31.1,3.22,2.09,Rent Favored,NA,NA,NA,NA,NA,NA,NA,NA,2026-08-31,2026-08-31
Shorewood,WI,"Milwaukee-Waukesha, WI",Milwaukee County,547978.2740767497,4.7,1468.6375661375662,3.5,17623.650793650795,0.268,31.1,3.22,2.09,Rent Favored,13521,-2.26,924740,-1.48,0.57,8.21,6.16,50.2,2026-08-31,2026-08-31
Capitola,CA,"Santa Cruz-Watsonville, CA",Santa Cruz County,1237690.2798601736,6.83,3318.75,5.82,39825,0.268,31.1,3.22,2.09,Rent Favored,9503,-4.11,262406,-3.44,-6,9.15,3.39,40.02,2026-08-31,2026-08-31
Camden,ME,NA,Knox County,691398.3974537468,5.55,1850,NA,22200,0.268,31.1,3.21,2.09,Rent Favored,NA,NA,NA,NA,NA,NA,NA,NA,2026-08-31,2026-08-31
Lakeside,MT,"Kalispell, MT",Flathead County,894875.4924901478,4.08,2395,NA,28740,0.268,31.1,3.21,2.09,Rent Favored,NA,NA,NA,NA,NA,NA,NA,NA,2026-08-31,2026-08-31
Torrance,CA,"Los Angeles-Long Beach-Anaheim, CA",Los Angeles County,1104854.7442915214,1.97,2952.1345755693583,4.14,35425.6149068323,0.267,31.2,3.21,2.08,Rent Favored,139576,-4.69,9757179,-2.4,0.03,6.45,4.01,53.92,2026-08-31,2026-08-31
Milpitas,CA,"San Jose-Sunnyvale-Santa Clara, CA",Santa Clara County,1386077.279161079,-1.13,3702.331844344345,9.48,44427.982132132136,0.267,31.2,3.21,2.08,Rent Favored,79746,-0.05,1926325,0.08,11.74,5.72,5.29,44.7,2026-08-31,2026-08-31
Greenwich,CT,"Bridgeport-Stamford-Norwalk, CT",Fairfield County,2376619.6158008147,13.71,6331.545584045583,7.13,75978.547008547,0.266,31.3,3.2,2.08,Rent Favored,NA,NA,NA,NA,NA,NA,NA,NA,2026-08-31,2026-08-31
River Edge,NJ,"New York-Newark-Jersey City, NY-NJ-PA",Bergen County,861280.1575086961,12.57,2301.6666666666665,NA,27620,0.267,31.2,3.21,2.08,Rent Favored,NA,NA,NA,NA,NA,NA,NA,NA,2026-08-31,2026-08-31
Point Lookout,NY,"New York-Newark-Jersey City, NY-NJ-PA",Nassau County,1460486.2048423288,11.17,3900,NA,46800,0.267,31.2,3.2,2.08,Rent Favored,NA,NA,NA,NA,NA,NA,NA,NA,2026-08-31,2026-08-31
Daly City,CA,"San Francisco-Oakland-Berkeley, CA",San Mateo County,1115940.6455454498,3.16,2962.3161764705887,9.76,35547.79411764706,0.265,31.4,3.19,2.07,Rent Favored,101418,-3.36,742893,-2.6,8.67,7.4,7.73,40.91,2026-08-31,2026-08-31
Huntington Park,CA,"Los Angeles-Long Beach-Anaheim, CA",Los Angeles County,663723.9829840554,0.86,1761.9444444444446,7.06,21143.333333333336,0.265,31.4,3.19,2.07,Rent Favored,52166,-4.64,9757179,-2.4,0.03,6.45,4.01,53.92,2026-08-31,2026-08-31
Castro Valley,CA,"San Francisco-Oakland-Berkeley, CA",Alameda County,1089663.4252797363,0.79,2888.5062530062532,7.3,34662.07503607504,0.265,31.4,3.18,2.07,Rent Favored,NA,NA,1649060,-1.88,3.29,5.96,5.26,45.93,2026-08-31,2026-08-31
Boerne,TX,"San Antonio-New Braunfels, TX",Kendall County,557428.1772516052,-0.27,1477.090569561158,-1.35,17725.086834733895,0.265,31.4,3.18,2.07,Rent Favored,22712,25.57,51828,16.28,26.82,8.24,3.37,22.11,2026-08-31,2026-08-31
Issaquah,WA,"Seattle-Tacoma-Bellevue, WA",King County,1106442.4984319014,-2.31,2940.165728580363,1.45,35281.98874296436,0.266,31.4,3.19,2.07,Rent Favored,39664,-1.09,2340211,2.9,15.35,6.12,5.05,43.91,2026-08-31,2026-08-31
Pearl City,HI,"Urban Honolulu, HI",Honolulu County,936391.0989525224,3.08,2487.777777777778,4.94,29853.333333333336,0.266,31.4,3.19,2.07,Rent Favored,NA,NA,998747,-1.35,1.96,9.47,5.27,40.46,2026-08-31,2026-08-31
Ponte Vedra Beach,FL,"Jacksonville, FL",Saint Johns County,821628.0806832454,1.46,2184.1194638694637,1.92,26209.433566433567,0.266,31.3,3.19,2.07,Rent Favored,NA,NA,NA,NA,NA,NA,NA,NA,2026-08-31,2026-08-31
Mountain Brook,AL,"Birmingham-Hoover, AL",Jefferson County,1049043.1844480406,8.2,2782.3333333333335,NA,33388,0.265,31.4,3.18,2.07,Rent Favored,NA,NA,NA,NA,NA,NA,NA,NA,2026-08-31,2026-08-31
Verdi,NV,"Reno, NV",Washoe County,821965.5522680003,1.15,2177.8888888888887,NA,26134.666666666664,0.265,31.5,3.18,2.07,Rent Favored,NA,NA,507280,4.01,13.63,8.28,5.88,40.53,2026-08-31,2026-08-31
Roswell,GA,"Atlanta-Sandy Springs-Alpharetta, GA",Fulton County,653146.0748233554,1.26,1724.3393567251462,1.2,20692.072280701756,0.264,31.6,3.17,2.06,Rent Favored,92227,-0.77,1090354,1.97,1.33,8.52,7.69,45.86,2026-08-31,2026-08-31
Rexburg,ID,"Rexburg, ID",Madison County,431088.21217489446,5.25,1136.962962962963,1.27,13643.555555555557,0.264,31.6,3.16,2.06,Rent Favored,40695,2.34,55549,4.98,-8.52,13.48,7.58,59.77,2026-08-31,2026-08-31
Fairview,TX,"Dallas-Fort Worth-Arlington, TX",Collin County,654544.6111561101,-4.59,1725.5,-0.69,20706,0.264,31.6,3.16,2.06,Rent Favored,10922,4.75,1254658,16.64,31.61,5.16,6.55,35.92,2026-08-31,2026-08-31
Bigfork,MT,"Kalispell, MT",Lake County,810278.1996711139,2.77,2137.5,NA,25650,0.264,31.6,3.17,2.06,Rent Favored,NA,NA,NA,NA,NA,NA,NA,NA,2026-08-31,2026-08-31
Downey,CA,"Los Angeles-Long Beach-Anaheim, CA",Los Angeles County,878881.5674183861,2.28,2304.6454156223895,3.44,27655.74498746867,0.262,31.8,3.15,2.05,Rent Favored,109368,-4.03,9757179,-2.4,0.03,6.45,4.01,53.92,2026-08-31,2026-08-31
Bothell,WA,"Seattle-Tacoma-Bellevue, WA",Snohomish County,994964.3606636658,-5.26,2613.3530729833547,2,31360.236875800256,0.263,31.7,3.15,2.05,Rent Favored,51770,7.46,864113,4.11,11.83,4.9,4.3,31.61,2026-08-31,2026-08-31
Poway,CA,"San Diego-Chula Vista-Carlsbad, CA",San Diego County,1207884.7258036789,-0.55,3176.96218487395,1.9,38123.5462184874,0.263,31.7,3.16,2.05,Rent Favored,49435,1.33,3298799,-0.07,0.09,6.51,4.02,45.49,2026-08-31,2026-08-31
Belmar,NJ,"New York-Newark-Jersey City, NY-NJ-PA",Monmouth County,1042511.4346080776,7.09,2741.6666666666665,NA,32900,0.263,31.7,3.16,2.05,Rent Favored,NA,NA,NA,NA,NA,NA,NA,NA,2026-08-31,2026-08-31
Islamorada,FL,"Key West, FL",Monroe County,1238865.8196379778,4.04,3250,NA,39000,0.262,31.8,3.15,2.05,Rent Favored,NA,NA,NA,NA,NA,NA,NA,NA,2026-08-31,2026-08-31
San Jose,CA,"San Jose-Sunnyvale-Santa Clara, CA",Santa Clara County,1362808.0232284684,-0.63,3562.9033430091517,6.46,42754.84011610982,0.261,31.9,3.14,2.04,Rent Favored,997368,-1.22,1926325,0.08,11.74,5.72,5.29,44.7,2026-08-31,2026-08-31
Santa Cruz,CA,"Santa Cruz-Watsonville, CA",Santa Cruz County,1348968.291306215,5.73,3531.6298893187195,2.82,42379.558671824634,0.262,31.8,3.14,2.04,Rent Favored,62581,-2.55,262406,-3.44,-6,9.15,3.39,40.02,2026-08-31,2026-08-31
Dunwoody,GA,"Atlanta-Sandy Springs-Alpharetta, GA",Dekalb County,672388.7542714163,2.6,1758.0890102420017,2.27,21097.06812290402,0.261,31.9,3.14,2.04,Rent Favored,51795,0.39,NA,NA,NA,NA,NA,NA,2026-08-31,2026-08-31
Zionsville,IN,"Indianapolis-Carmel-Anderson, IN",Boone County,704147.9316723999,6.38,1840.4954415954417,5.46,22085.9452991453,0.261,31.9,3.14,2.04,Rent Favored,33161,7.54,78773,10.74,29.2,3.69,3.7,20.69,2026-08-31,2026-08-31
Mapleton,UT,"Provo-Orem, UT",Utah County,723282.8315867515,2.72,1887.5,NA,22650,0.261,31.9,3.13,2.04,Rent Favored,NA,NA,NA,NA,NA,NA,NA,NA,2026-08-31,2026-08-31
Mission Viejo,CA,"Los Angeles-Long Beach-Anaheim, CA",Orange County,1206543.09168968,2.36,3144.4822060123784,8.31,37733.78647214854,0.261,32,3.13,2.03,Rent Favored,NA,NA,NA,NA,NA,NA,NA,NA,2026-08-31,2026-08-31
San Bruno,CA,"San Francisco-Oakland-Berkeley, CA",San Mateo County,1288154.3025439885,3.16,3358.746438746439,9.48,40304.957264957266,0.261,32,3.13,2.03,Rent Favored,42035,-3.92,742893,-2.6,8.67,7.4,7.73,40.91,2026-08-31,2026-08-31
Montclair,NJ,"New York-Newark-Jersey City, NY-NJ-PA",Essex County,1171407.1345354158,8.65,3043.797720797721,2.16,36525.572649572656,0.26,32.1,3.12,2.03,Rent Favored,NA,NA,881527,2.5,15.1,5.39,2.7,55.47,2026-08-31,2026-08-31
San Anselmo,CA,"San Francisco-Oakland-Berkeley, CA",Marin County,1665523.8482480764,5.75,4338.933333333333,NA,52067.2,0.261,32,3.13,2.03,Rent Favored,12645,-1.33,256400,-1.89,2.96,7.74,3.07,36.12,2026-08-31,2026-08-31
Spring Lake,NJ,"New York-Newark-Jersey City, NY-NJ-PA",Monmouth County,1529580.9518106736,16.29,3977,37.32,47724,0.26,32.1,3.12,2.03,Rent Favored,2781,-0.22,647520,0.74,2.8,7.24,3.49,24.63,2026-08-31,2026-08-31
Wayzata,MN,"Minneapolis-St. Paul-Bloomington, MN-WI",Hennepin County,945011.8729625004,5.71,2462.5,NA,29550,0.261,32,3.13,2.03,Rent Favored,4308,-2.53,1273334,-0.65,4.24,5.29,5.38,37.05,2026-08-31,2026-08-31
Alameda,CA,"San Francisco-Oakland-Berkeley, CA",Alameda County,1137620.1073530691,1.17,2952.8084594858788,6.22,35433.70151383054,0.26,32.1,3.11,2.02,Rent Favored,78795,0.87,1649060,-1.88,3.29,5.96,5.26,45.93,2026-08-31,2026-08-31
Edmonds,WA,"Seattle-Tacoma-Bellevue, WA",Snohomish County,906912.2608166283,-0.72,2349.131313131313,4.17,28189.57575757576,0.259,32.2,3.11,2.02,Rent Favored,42871,0.08,864113,4.11,11.83,4.9,4.3,31.61,2026-08-31,2026-08-31
Placentia,CA,"Los Angeles-Long Beach-Anaheim, CA",Orange County,1101905.534043052,2.41,2853.339756592292,3.16,34240.077079107505,0.259,32.2,3.11,2.02,Rent Favored,53395,1.38,3170435,-0.5,2.33,5.61,4.39,43.55,2026-08-31,2026-08-31
Mill Creek,WA,"Seattle-Tacoma-Bellevue, WA",Snohomish County,933409.617135528,-3.59,2416.452743378053,0.71,28997.432920536638,0.259,32.2,3.11,2.02,Rent Favored,20993,0.39,864113,4.11,11.83,4.9,4.3,31.61,2026-08-31,2026-08-31
La Crescenta-Montrose,CA,"Los Angeles-Long Beach-Anaheim, CA",Los Angeles County,1287935.5776967497,0.59,3335.555555555555,0.63,40026.666666666664,0.259,32.2,3.11,2.02,Rent Favored,NA,NA,9757179,-2.4,0.03,6.45,4.01,53.92,2026-08-31,2026-08-31
Lake Forest Park,WA,"Seattle-Tacoma-Bellevue, WA",King County,1001405.6935562711,-1.51,2591.6190476190477,0.25,31099.428571428572,0.259,32.2,3.11,2.02,Rent Favored,NA,NA,NA,NA,NA,NA,NA,NA,2026-08-31,2026-08-31
Sausalito,CA,"San Francisco-Oakland-Berkeley, CA",Marin County,1534906.6276889397,2.95,3983.8888888888887,6.28,47806.666666666664,0.26,32.1,3.11,2.02,Rent Favored,7075,-2.51,256400,-1.89,2.96,7.74,3.07,36.12,2026-08-31,2026-08-31
Fairfax,CA,"San Francisco-Oakland-Berkeley, CA",Marin County,1214267.3747899816,4.94,3150,NA,37800,0.259,32.1,3.11,2.02,Rent Favored,NA,NA,NA,NA,NA,NA,NA,NA,2026-08-31,2026-08-31
Fort Belvoir,VA,"Washington-Arlington-Alexandria, DC-VA-MD-WV",Fairfax County,790658.2612028496,1.21,2043.888888888889,NA,24526.666666666668,0.259,32.2,3.1,2.02,Rent Favored,NA,NA,NA,NA,NA,NA,NA,NA,2026-08-31,2026-08-31
Rowland Heights,CA,"Los Angeles-Long Beach-Anaheim, CA",Los Angeles County,970879.1120029069,0.82,2495.928571428571,9.57,29951.142857142855,0.257,32.4,3.08,2.01,Rent Favored,NA,NA,9757179,-2.4,0.03,6.45,4.01,53.92,2026-08-31,2026-08-31
Golden,CO,"Denver-Aurora-Lakewood, CO",Jefferson County,857136.3356761547,0.26,2205.4182594505173,-0.56,26465.019113406208,0.257,32.4,3.09,2.01,Rent Favored,20151,-1.22,578533,-0.79,0.75,4.44,4.86,29.39,2026-08-31,2026-08-31
Leawood,KS,"Kansas City, MO-KS",Johnson County,797430.4919240568,7.51,2051.0666666666666,-2.94,24612.8,0.257,32.4,3.09,2.01,Rent Favored,34013,0.39,632276,3.45,6.72,4.13,5,31.44,2026-08-31,2026-08-31
Berwyn,PA,"Philadelphia-Camden-Wilmington, PA-NJ-DE-MD",Chester County,981565.5937393656,6.01,2528.9166666666665,NA,30347,0.258,32.3,3.09,2.01,Rent Favored,NA,NA,560745,4.84,7.29,3.95,3.98,25.05,2026-08-31,2026-08-31
Sandy,UT,"Salt Lake City, UT",Salt Lake County,659400.5478401374,2.16,1691.2942291128338,-2.28,20295.530749354006,0.256,32.5,3.08,2,Rent Favored,92840,-4.25,1216274,2.46,7.39,5.36,5.82,33,2026-08-31,2026-08-31
Brea,CA,"Los Angeles-Long Beach-Anaheim, CA",Orange County,1117626.0411336897,1.68,2871.0726120857703,3.11,34452.87134502924,0.257,32.4,3.08,2,Rent Favored,47844,1.27,3170435,-0.5,2.33,5.61,4.39,43.55,2026-08-31,2026-08-31
Bryn Mawr,PA,"Philadelphia-Camden-Wilmington, PA-NJ-DE-MD",Delaware County,920910.9379020716,6.7,2366.2074074074076,3.43,28394.48888888889,0.257,32.4,3.08,2,Rent Favored,NA,NA,584882,1.45,5.58,5.55,4.21,30.36,2026-08-31,2026-08-31
Jackson,WY,"Jackson, WY-ID",Teton County,2014169.2329369988,2.67,5161.111111111111,NA,61933.333333333336,0.256,32.5,3.07,2,Rent Favored,10680,-0.96,23272,-0.48,-7.39,30.51,11.37,38.47,2026-08-31,2026-08-31
Pasadena,CA,"Los Angeles-Long Beach-Anaheim, CA",Los Angeles County,1187354.3931474977,0.53,3022.3233576885864,0.93,36267.880292263035,0.255,32.7,3.05,1.99,Rent Favored,137195,-1.56,9757179,-2.4,0.03,6.45,4.01,53.92,2026-08-31,2026-08-31
Westminster,CA,"Los Angeles-Long Beach-Anaheim, CA",Orange County,1095037.0143990142,4.93,2786.731682146543,4.26,33440.780185758515,0.254,32.7,3.05,1.99,Rent Favored,89537,-1.36,3170435,-0.5,2.33,5.61,4.39,43.55,2026-08-31,2026-08-31
Shoreline,WA,"Seattle-Tacoma-Bellevue, WA",King County,785497.8595699258,-2.41,2003.276183574879,1.84,24039.31420289855,0.255,32.7,3.06,1.99,Rent Favored,66251,12.63,2340211,2.9,15.35,6.12,5.05,43.91,2026-08-31,2026-08-31
Kailua,HI,"Urban Honolulu, HI",Honolulu County,1522188.4130668126,2.29,3889.554659498208,5.71,46674.655913978495,0.256,32.6,3.07,1.99,Rent Favored,NA,NA,998747,-1.35,1.96,9.47,5.27,40.46,2026-08-31,2026-08-31
Durango,CO,"Durango, CO",La Plata County,765056.2489009821,3.6,1955.246212121212,0.45,23462.954545454544,0.256,32.6,3.07,1.99,Rent Favored,19811,3.68,56823,2.06,7.9,18.92,7.43,29.04,2026-08-31,2026-08-31
Kenmore,WA,"Seattle-Tacoma-Bellevue, WA",King County,987284.3007793572,-4.06,2520.7916666666665,1.84,30249.5,0.255,32.6,3.06,1.99,Rent Favored,24166,1.14,2340211,2.9,15.35,6.12,5.05,43.91,2026-08-31,2026-08-31
Pleasantville,NY,"New York-Newark-Jersey City, NY-NJ-PA",Westchester County,1057961.5374223369,5.05,2700,NA,32400,0.255,32.7,3.06,1.99,Rent Favored,NA,NA,NA,NA,NA,NA,NA,NA,2026-08-31,2026-08-31
Mill Valley,CA,"San Francisco-Oakland-Berkeley, CA",Marin County,2128616.5683679515,9.26,5394.455026455026,9.15,64733.46031746031,0.253,32.9,3.04,1.98,Rent Favored,13904,-2.11,256400,-1.89,2.96,7.74,3.07,36.12,2026-08-31,2026-08-31
Westport,CT,"Bridgeport-Stamford-Norwalk, CT",Fairfield County,2077131.2603019644,10.97,5276.944444444444,10.3,63323.33333333333,0.254,32.8,3.05,1.98,Rent Favored,NA,NA,NA,NA,NA,NA,NA,NA,2026-08-31,2026-08-31
Boulder,CO,"Boulder, CO",Boulder County,948692.8647273396,0.94,2399.4802854238387,1.36,28793.763425086065,0.253,32.9,3.04,1.97,Rent Favored,106803,-1.49,330262,-0.21,4.58,5.31,3.67,37.54,2026-08-31,2026-08-31
Rancho Palos Verdes,CA,"Los Angeles-Long Beach-Anaheim, CA",Los Angeles County,1786582.5039227677,1.7,4505.171717171717,7.48,54062.06060606061,0.252,33,3.03,1.97,Rent Favored,40064,-4.91,9757179,-2.4,0.03,6.45,4.01,53.92,2026-08-31,2026-08-31
Laguna Hills,CA,"Los Angeles-Long Beach-Anaheim, CA",Orange County,1232305.8244156733,3.41,3105.8184523809523,2.04,37269.82142857143,0.252,33.1,3.02,1.97,Rent Favored,30378,-2.98,3170435,-0.5,2.33,5.61,4.39,43.55,2026-08-31,2026-08-31
Ladera Ranch,CA,"Los Angeles-Long Beach-Anaheim, CA",Orange County,1366092.767281159,1.28,3443.767973856209,2.67,41325.21568627451,0.252,33.1,3.03,1.97,Rent Favored,NA,NA,3170435,-0.5,2.33,5.61,4.39,43.55,2026-08-31,2026-08-31
Middleton,WI,"Madison, WI",Dane County,619009.430137727,2.04,1559.6556591556591,2.27,18715.86790986791,0.252,33.1,3.02,1.97,Rent Favored,22566,2.44,588347,4.57,11.72,3.59,2.98,42.34,2026-08-31,2026-08-31
Bexley,OH,"Columbus, OH",Franklin County,582566.9826541318,3.68,1475,NA,17700,0.253,32.9,3.04,1.97,Rent Favored,NA,NA,NA,NA,NA,NA,NA,NA,2026-08-31,2026-08-31
Carbondale,CO,"Glenwood Springs, CO",Garfield County,1465714.1463402165,5.37,3685.8333333333335,NA,44230,0.251,33.1,3.02,1.96,Rent Favored,NA,NA,NA,NA,NA,NA,NA,NA,2026-08-31,2026-08-31
Leavenworth,WA,"Wenatchee, WA",Chelan County,663724.0971463002,-1.3,1665.9722222222224,-0.58,19991.666666666668,0.251,33.2,3.01,1.96,Rent Favored,2908,23.38,81228,2.42,11.45,19.16,4.16,36.67,2026-08-31,2026-08-31
Scottsdale,AZ,"Phoenix-Mesa-Chandler, AZ",Maricopa County,851106.8059714101,2.94,2126.8063081920377,2.24,25521.675698304454,0.25,33.3,3,1.95,Rent Favored,246170,1.78,4673096,5.12,9.38,8.29,5.4,34.99,2026-08-31,2026-08-31
Farmington,UT,"Ogden-Clearfield, UT",Davis County,685022.8269539775,3.76,1711.1136363636365,6.07,20533.36363636364,0.25,33.4,3,1.95,Rent Favored,26163,6.48,378470,4.04,4.18,3.29,3.85,22.6,2026-08-31,2026-08-31
Manasquan,NJ,"New York-Newark-Jersey City, NY-NJ-PA",Monmouth County,1245478.6854501904,12.85,3119.444444444444,NA,37433.33333333333,0.25,33.3,3.01,1.95,Rent Favored,NA,NA,NA,NA,NA,NA,NA,NA,2026-08-31,2026-08-31
Seaside Park,NJ,"New York-Newark-Jersey City, NY-NJ-PA",Ocean County,878637.3604763631,7.95,2200,NA,26400,0.25,33.3,3,1.95,Rent Favored,NA,NA,NA,NA,NA,NA,NA,NA,2026-08-31,2026-08-31
Lake Oswego,OR,"Portland-Vancouver-Hillsboro, OR-WA",Clackamas County,884631.4623773679,1.41,2195.715937657114,-0.2,26348.591251885366,0.248,33.6,2.98,1.94,Rent Favored,40029,-2.1,425857,0.79,3.92,5.7,4.07,28.66,2026-08-31,2026-08-31
Hawthorne,CA,"Los Angeles-Long Beach-Anaheim, CA",Los Angeles County,868407.5168910067,1.86,2146.9176334776334,1.88,25763.011601731603,0.247,33.7,2.97,1.93,Rent Favored,83633,-4.74,9757179,-2.4,0.03,6.45,4.01,53.92,2026-08-31,2026-08-31
Arcadia,CA,"Los Angeles-Long Beach-Anaheim, CA",Los Angeles County,1381933.0718880962,1.83,3413.7791537667695,1.41,40965.349845201235,0.247,33.7,2.96,1.93,Rent Favored,54472,-3.61,9757179,-2.4,0.03,6.45,4.01,53.92,2026-08-31,2026-08-31
Lexington,MA,"Boston-Cambridge-Newton, MA-NH",Middlesex County,1574814.145427417,2.88,3901.630158730158,NA,46819.5619047619,0.248,33.6,2.97,1.93,Rent Favored,NA,NA,1668956,2.54,11.63,4.52,2.96,38.37,2026-08-31,2026-08-31
Westwood,MA,"Boston-Cambridge-Newton, MA-NH",Norfolk County,1240315.5096735884,3.42,3062.6388888888887,NA,36751.666666666664,0.247,33.7,2.96,1.93,Rent Favored,NA,NA,740754,2.35,9.81,4.09,3.95,31.48,2026-08-31,2026-08-31
Rye,NH,"Boston-Cambridge-Newton, MA-NH",Rockingham County,1299335.7688306428,5.66,3220,NA,38640,0.248,33.6,2.97,1.93,Rent Favored,NA,NA,NA,NA,NA,NA,NA,NA,2026-08-31,2026-08-31
Sandy Springs,GA,"Atlanta-Sandy Springs-Alpharetta, GA",Fulton County,692395.724703221,3.54,1705.729229699183,0.64,20468.750756390196,0.246,33.8,2.96,1.92,Rent Favored,105505,-2.5,1090354,1.97,1.33,8.52,7.69,45.86,2026-08-31,2026-08-31
Union City,CA,"San Francisco-Oakland-Berkeley, CA",Alameda County,1198719.6141370258,-2.78,2945.125396825397,6.26,35341.50476190476,0.246,33.9,2.95,1.92,Rent Favored,66196,-5.34,1649060,-1.88,3.29,5.96,5.26,45.93,2026-08-31,2026-08-31
San Gabriel,CA,"Los Angeles-Long Beach-Anaheim, CA",Los Angeles County,1098282.6790588908,3.14,2699.944037444038,2.16,32399.328449328452,0.246,33.9,2.95,1.92,Rent Favored,37926,-3.91,9757179,-2.4,0.03,6.45,4.01,53.92,2026-08-31,2026-08-31
Brookhaven,GA,"Atlanta-Sandy Springs-Alpharetta, GA",Dekalb County,744797.863893731,3.22,1830.813075787652,1.08,21969.756909451826,0.246,33.9,2.95,1.92,Rent Favored,59370,4.57,NA,NA,NA,NA,NA,NA,2026-08-31,2026-08-31
Dana Point,CA,"Los Angeles-Long Beach-Anaheim, CA",Orange County,1755567.1993729456,6.2,4324.36088336784,5.82,51892.330600414076,0.246,33.8,2.96,1.92,Rent Favored,32585,-1.46,3170435,-0.5,2.33,5.61,4.39,43.55,2026-08-31,2026-08-31
Hebron,TX,"Dallas-Fort Worth-Arlington, TX",Denton County,652211.0654509295,-4.03,1606.4166666666667,NA,19277,0.246,33.8,2.96,1.92,Rent Favored,NA,NA,NA,NA,NA,NA,NA,NA,2026-08-31,2026-08-31
San Rafael,CA,"San Francisco-Oakland-Berkeley, CA",Marin County,1298041.3889041448,2.49,3181.7787037037037,4.42,38181.34444444445,0.245,34,2.94,1.91,Rent Favored,59961,-1.93,256400,-1.89,2.96,7.74,3.07,36.12,2026-08-31,2026-08-31
Carmel-by-the-Sea,CA,"Salinas, CA",Monterey County,2424951.8517565853,6.57,5933.333333333333,42.34,71200,0.245,34.1,2.94,1.91,Rent Favored,3124,-2.68,436251,-0.97,-4.66,8.72,2.33,47.72,2026-08-31,2026-08-31
Haddonfield,NJ,"Philadelphia-Camden-Wilmington, PA-NJ-DE-MD",Camden County,860159.5317903672,7.55,2103.875,10.66,25246.5,0.245,34.1,2.94,1.91,Rent Favored,12707,1.28,533988,2.07,5.74,5.92,4.3,34.97,2026-08-31,2026-08-31
Westfield,NJ,"New York-Newark-Jersey City, NY-NJ-PA",Union County,1315130.8947597158,9.66,3211.4166666666665,2.54,38537,0.244,34.1,2.93,1.9,Rent Favored,32050,3.73,594160,3.57,15.84,4.55,3.18,42.39,2026-08-31,2026-08-31
East Sandwich,MA,"Barnstable Town, MA",Barnstable County,861230.0722826319,3.49,2100,NA,25200,0.244,34.2,2.93,1.9,Rent Favored,NA,NA,NA,NA,NA,NA,NA,NA,2026-08-31,2026-08-31
Alpine,CA,"San Diego-Chula Vista-Carlsbad, CA",San Diego County,959877.34048232,2.1,2328.6666666666665,2.89,27944,0.243,34.4,2.91,1.89,Rent Favored,NA,NA,3298799,-0.07,0.09,6.51,4.02,45.49,2026-08-31,2026-08-31
Buena Vista,CO,"Denver-Aurora-Lakewood, CO",Chaffee County,669274.0701367223,1.59,1625,NA,19500,0.243,34.3,2.91,1.89,Rent Favored,NA,NA,NA,NA,NA,NA,NA,NA,2026-08-31,2026-08-31
Foster City,CA,"San Francisco-Oakland-Berkeley, CA",San Mateo County,1835176.6109658463,1.3,4416.825,11.01,53001.899999999994,0.241,34.6,2.89,1.88,Rent Favored,32657,-3.2,742893,-2.6,8.67,7.4,7.73,40.91,2026-08-31,2026-08-31
Takoma Park,MD,"Washington-Arlington-Alexandria, DC-VA-MD-WV",Montgomery County,674378.9675364125,-0.57,1622.7592592592594,-2.25,19473.111111111113,0.241,34.6,2.89,1.88,Rent Favored,17856,1.38,1082273,2.02,7.76,4.26,3.68,34.66,2026-08-31,2026-08-31
Homewood,AL,"Birmingham-Hoover, AL",Jefferson County,570601.5219537785,6.52,1373.1414112203586,5.02,16477.696934644304,0.241,34.6,2.89,1.88,Rent Favored,27919,1.87,664744,-1.48,0.68,13.13,7.2,36.28,2026-08-31,2026-08-31
Santa Clara,CA,"San Jose-Sunnyvale-Santa Clara, CA",Santa Clara County,1646715.477694413,0.42,3957.185647435623,7.3,47486.22776922748,0.24,34.7,2.88,1.87,Rent Favored,133132,3.52,1926325,0.08,11.74,5.72,5.29,44.7,2026-08-31,2026-08-31
Millcreek,UT,"Salt Lake City, UT",Salt Lake County,633137.16220748,3.38,1515.7011154011154,1.57,18188.413384813386,0.239,34.8,2.87,1.87,Rent Favored,64217,0.85,1216274,2.46,7.39,5.36,5.82,33,2026-08-31,2026-08-31
Creve Coeur,MO,"St. Louis, MO-IL",Saint Louis County,623226.6255928023,4.07,1492.5416666666667,4.18,17910.5,0.239,34.8,2.87,1.87,Rent Favored,18533,-1.5,NA,NA,NA,NA,NA,NA,2026-08-31,2026-08-31
Bellaire,TX,"Houston-The Woodlands-Sugar Land, TX",Harris County,1177017.6482774855,3.81,2814.8333333333335,NA,33778,0.239,34.8,2.87,1.87,Rent Favored,17439,1.47,5009302,5.78,13.97,8.3,8.76,45.24,2026-08-31,2026-08-31
Redondo Beach,CA,"Los Angeles-Long Beach-Anaheim, CA",Los Angeles County,1473182.3449084118,2.82,3520.8966537655215,2.15,42250.75984518626,0.239,34.9,2.87,1.86,Rent Favored,68075,-4.6,9757179,-2.4,0.03,6.45,4.01,53.92,2026-08-31,2026-08-31
Calabasas,CA,"Los Angeles-Long Beach-Anaheim, CA",Los Angeles County,1688460.664252256,1.29,4022.5833333333335,3.73,48271,0.238,35,2.86,1.86,Rent Favored,22256,-4.25,9757179,-2.4,0.03,6.45,4.01,53.92,2026-08-31,2026-08-31
Sammamish,WA,"Seattle-Tacoma-Bellevue, WA",King County,1516014.4432888003,-5.35,3587.387438905181,4.03,43048.64926686217,0.237,35.2,2.84,1.85,Rent Favored,66474,-1.45,2340211,2.9,15.35,6.12,5.05,43.91,2026-08-31,2026-08-31
Milton,GA,"Atlanta-Sandy Springs-Alpharetta, GA",Fulton County,946504.170027609,2.83,2246.0222073578593,1.02,26952.266488294314,0.237,35.1,2.85,1.85,Rent Favored,41490,0.22,1090354,1.97,1.33,8.52,7.69,45.86,2026-08-31,2026-08-31
El Cerrito,CA,"San Francisco-Oakland-Berkeley, CA",Contra Costa County,1137204.5687147258,2.73,2690.6891025641025,6.4,32288.26923076923,0.237,35.2,2.84,1.85,Rent Favored,26409,1.79,1172607,0.55,6.48,3.5,2.91,32.35,2026-08-31,2026-08-31
Winchester,MA,"Boston-Cambridge-Newton, MA-NH",Middlesex County,1548862.1269798102,2.42,3681.472222222222,-0.19,44177.666666666664,0.238,35.1,2.85,1.85,Rent Favored,NA,NA,1668956,2.54,11.63,4.52,2.96,38.37,2026-08-31,2026-08-31
Chatham,NJ,"New York-Newark-Jersey City, NY-NJ-PA",Morris County,1377106.6606429273,10.78,3266.088888888889,3.33,39193.066666666666,0.237,35.1,2.85,1.85,Rent Favored,10062,9.48,523053,2.87,8.07,3.41,3.25,26.1,2026-08-31,2026-08-31
Manitou Springs,CO,"Colorado Springs, CO",Teller County,544926.2890724576,1.01,1289.888888888889,4.43,15478.666666666668,0.237,35.2,2.84,1.85,Rent Favored,4607,-5.54,24862,0.47,6.6,16.74,2.58,17.79,2026-08-31,2026-08-31
Irvine,CA,"Los Angeles-Long Beach-Anaheim, CA",Orange County,1492449.017844543,-1.82,3526.947593070842,1.12,42323.3711168501,0.236,35.3,2.84,1.84,Rent Favored,318683,3.32,3170435,-0.5,2.33,5.61,4.39,43.55,2026-08-31,2026-08-31
Glendale,CA,"Los Angeles-Long Beach-Anaheim, CA",Los Angeles County,1180773.1510742928,1.42,2789.7049693408276,0.21,33476.45963208993,0.236,35.3,2.84,1.84,Rent Favored,187823,-4.15,9757179,-2.4,0.03,6.45,4.01,53.92,2026-08-31,2026-08-31
Burbank,CA,"Los Angeles-Long Beach-Anaheim, CA",Los Angeles County,1176932.0624795048,0.04,2782.6754716981136,0.9,33392.10566037736,0.236,35.2,2.84,1.84,Rent Favored,103533,-3.25,9757179,-2.4,0.03,6.45,4.01,53.92,2026-08-31,2026-08-31
Darien,CT,"Bridgeport-Stamford-Norwalk, CT",Fairfield County,2468826.7362159803,13.7,5827.285714285715,NA,69927.42857142858,0.236,35.3,2.83,1.84,Rent Favored,NA,NA,NA,NA,NA,NA,NA,NA,2026-08-31,2026-08-31
San Mateo,CA,"San Francisco-Oakland-Berkeley, CA",San Mateo County,1672328.6983963277,4.64,3916.8398692810456,9.58,47002.078431372545,0.234,35.6,2.81,1.83,Rent Favored,103006,-2.51,742893,-2.6,8.67,7.4,7.73,40.91,2026-08-31,2026-08-31
Mountain View,CA,"San Jose-Sunnyvale-Santa Clara, CA",Santa Clara County,1931886.0433179329,2.42,4536.181589224692,9.99,54434.17907069631,0.235,35.5,2.82,1.83,Rent Favored,87316,5.49,1926325,0.08,11.74,5.72,5.29,44.7,2026-08-31,2026-08-31
Monterey,CA,"Salinas, CA",Monterey County,1159526.3383133372,0.77,2713.5465838509317,3.37,32562.55900621118,0.234,35.6,2.81,1.83,Rent Favored,29015,-3.91,436251,-0.97,-4.66,8.72,2.33,47.72,2026-08-31,2026-08-31
Irvington,NY,"New York-Newark-Jersey City, NY-NJ-PA",Westchester County,1324924.9819426397,11.75,3100,NA,37200,0.234,35.6,2.81,1.83,Rent Favored,NA,NA,NA,NA,NA,NA,NA,NA,2026-08-31,2026-08-31
Oakhurst,NJ,"New York-Newark-Jersey City, NY-NJ-PA",Monmouth County,1100163.6565743769,11.22,2583.3333333333335,NA,31000,0.235,35.5,2.82,1.83,Rent Favored,NA,NA,NA,NA,NA,NA,NA,NA,2026-08-31,2026-08-31
Fremont,CA,"San Francisco-Oakland-Berkeley, CA",Alameda County,1447775.536774912,-1.96,3374.632916666667,5.17,40495.595,0.233,35.8,2.8,1.82,Rent Favored,228192,-0.98,1649060,-1.88,3.29,5.96,5.26,45.93,2026-08-31,2026-08-31
Holladay,UT,"Salt Lake City, UT",Salt Lake County,846092.6067063821,5.19,1969.9,4.62,23638.800000000003,0.233,35.8,2.79,1.82,Rent Favored,30588,-4.01,1216274,2.46,7.39,5.36,5.82,33,2026-08-31,2026-08-31
Solana Beach,CA,"San Diego-Chula Vista-Carlsbad, CA",San Diego County,2214965.482288657,7.62,5178.625,7.1,62143.5,0.234,35.6,2.81,1.82,Rent Favored,12868,-0.44,3298799,-0.07,0.09,6.51,4.02,45.49,2026-08-31,2026-08-31
Rolling Hills Estates,CA,"Los Angeles-Long Beach-Anaheim, CA",Los Angeles County,1860849.6855018623,1.43,4338.88888888889,NA,52066.66666666667,0.233,35.7,2.8,1.82,Rent Favored,NA,NA,NA,NA,NA,NA,NA,NA,2026-08-31,2026-08-31
Tortolita,AZ,"Tucson, AZ",Pima County,618612.2167513026,0.91,1444.3333333333333,NA,17332,0.233,35.7,2.8,1.82,Rent Favored,NA,NA,1080149,3.34,11.47,9.34,5.65,35.19,2026-08-31,2026-08-31
Concord,MA,"Boston-Cambridge-Newton, MA-NH",Middlesex County,1435296.673229587,0.47,3333.8333333333335,NA,40006,0.232,35.9,2.79,1.81,Rent Favored,NA,NA,1668956,2.54,11.63,4.52,2.96,38.37,2026-08-31,2026-08-31
Rumson,NJ,"New York-Newark-Jersey City, NY-NJ-PA",Monmouth County,2377522.306784335,13.19,5525,NA,66300,0.232,35.9,2.79,1.81,Rent Favored,NA,NA,NA,NA,NA,NA,NA,NA,2026-08-31,2026-08-31
Huntington Beach,CA,"Los Angeles-Long Beach-Anaheim, CA",Orange County,1351762.172959766,5.41,3081.0963077984816,3.5,36973.15569358178,0.228,36.6,2.74,1.78,Rent Favored,193151,-2.66,3170435,-0.5,2.33,5.61,4.39,43.55,2026-08-31,2026-08-31
Laguna Niguel,CA,"Los Angeles-Long Beach-Anaheim, CA",Orange County,1485606.343683525,4.84,3383.3066239316236,7.23,40599.679487179485,0.228,36.6,2.73,1.78,Rent Favored,64185,-0.55,3170435,-0.5,2.33,5.61,4.39,43.55,2026-08-31,2026-08-31
Village of Palmetto Bay,FL,"Miami-Fort Lauderdale-Pompano Beach, FL",Miami-Dade County,1112735.5682095494,3.11,2533.6712121212117,0.29,30404.054545454543,0.228,36.6,2.73,1.78,Rent Favored,NA,NA,2838461,5.29,19.88,11.11,5.36,47.81,2026-08-31,2026-08-31
West Slope,OR,"Portland-Vancouver-Hillsboro, OR-WA",Washington County,768870.3592653903,0.6,1753.7404761904763,-0.22,21044.885714285716,0.228,36.5,2.74,1.78,Rent Favored,NA,NA,611272,1.7,7.45,3.35,3.82,39.13,2026-08-31,2026-08-31
Wayne,PA,"Philadelphia-Camden-Wilmington, PA-NJ-DE-MD",Chester County,954568.3158167768,7.68,2165.649350649351,3.14,25987.792207792212,0.227,36.7,2.72,1.77,Rent Favored,NA,NA,560745,4.84,7.29,3.95,3.98,25.05,2026-08-31,2026-08-31
Park City,UT,"Heber, UT",Summit County,1607175.5782736216,5.02,3638.402777777778,12.17,43660.833333333336,0.226,36.8,2.72,1.77,Rent Favored,NA,NA,NA,NA,NA,NA,NA,NA,2026-08-31,2026-08-31
Franklin Lakes,NJ,"New York-Newark-Jersey City, NY-NJ-PA",Bergen County,1642902.066023609,12.7,3734.7222222222226,NA,44816.66666666667,0.227,36.7,2.73,1.77,Rent Favored,NA,NA,NA,NA,NA,NA,NA,NA,2026-08-31,2026-08-31
Woodbury,NY,"New York-Newark-Jersey City, NY-NJ-PA",Nassau County,1546342.1408228723,7.92,3510,NA,42120,0.227,36.7,2.72,1.77,Rent Favored,NA,NA,NA,NA,NA,NA,NA,NA,2026-08-31,2026-08-31
Newton,MA,"Boston-Cambridge-Newton, MA-NH",Middlesex County,1509054.541213162,2.28,3407.9470166056853,2.21,40895.364199268224,0.226,36.9,2.71,1.76,Rent Favored,90700,2.08,1668956,2.54,11.63,4.52,2.96,38.37,2026-08-31,2026-08-31
Encinitas,CA,"San Diego-Chula Vista-Carlsbad, CA",San Diego County,1919733.4574512464,5.64,4324.381366459627,5.78,51892.57639751553,0.225,37,2.7,1.76,Rent Favored,61137,-1.39,3298799,-0.07,0.09,6.51,4.02,45.49,2026-08-31,2026-08-31
Danville,CA,"San Francisco-Oakland-Berkeley, CA",Contra Costa County,1824794.0617768448,-0.43,4112.002308802309,3.37,49344.02770562771,0.225,37,2.7,1.76,Rent Favored,43410,-0.35,1172607,0.55,6.48,3.5,2.91,32.35,2026-08-31,2026-08-31
Sea Bright,NJ,"New York-Newark-Jersey City, NY-NJ-PA",Monmouth County,1116208.8863945715,7.64,2524.5,NA,30294,0.226,36.8,2.71,1.76,Rent Favored,NA,NA,NA,NA,NA,NA,NA,NA,2026-08-31,2026-08-31
Franklin,TN,"Nashville-Davidson--Murfreesboro--Franklin, TN",Williamson County,925869.6538877002,2.6,2074.0920153162874,1.5,24889.104183795447,0.224,37.2,2.69,1.75,Rent Favored,89142,5.93,269136,7.82,11.28,3.92,6.75,20.22,2026-08-31,2026-08-31
Chevy Chase,MD,"Washington-Arlington-Alexandria, DC-VA-MD-WV",Montgomery County,1209552.0891270663,0.56,2714.066658978203,-0.98,32568.799907738437,0.224,37.1,2.69,1.75,Rent Favored,2927,1.11,1082273,2.02,7.76,4.26,3.68,34.66,2026-08-31,2026-08-31
Pacific Grove,CA,"Salinas, CA",Monterey County,1364029.86997702,1.57,3054.509259259259,6.9,36654.11111111111,0.224,37.2,2.69,1.75,Rent Favored,14851,-1.58,436251,-0.97,-4.66,8.72,2.33,47.72,2026-08-31,2026-08-31
Carlsbad,CA,"San Diego-Chula Vista-Carlsbad, CA",San Diego County,1593240.8893634863,-15.86,3556.116741414234,4.74,42673.40089697081,0.223,37.3,2.68,1.74,Rent Favored,113575,-1.18,3298799,-0.07,0.09,6.51,4.02,45.49,2026-08-31,2026-08-31
Costa Mesa,CA,"Los Angeles-Long Beach-Anaheim, CA",Orange County,1411695.6073586205,6.3,3147.7603832688415,2.85,37773.124599226096,0.223,37.4,2.68,1.74,Rent Favored,109131,-2.61,3170435,-0.5,2.33,5.61,4.39,43.55,2026-08-31,2026-08-31
San Ramon,CA,"San Francisco-Oakland-Berkeley, CA",Contra Costa County,1451173.975911808,-3.61,3246.122163722164,4.09,38953.465964665964,0.224,37.3,2.68,1.74,Rent Favored,85924,-0.53,1172607,0.55,6.48,3.5,2.91,32.35,2026-08-31,2026-08-31
Horseshoe Bay,TX,NA,Llano County,703842.6038647302,-3.88,1573.3333333333333,NA,18880,0.224,37.3,2.68,1.74,Rent Favored,NA,NA,NA,NA,NA,NA,NA,NA,2026-08-31,2026-08-31
Inlet Beach,FL,"Crestview-Fort Walton Beach-Destin, FL",Walton County,1433150.076050776,2.17,3202.6666666666665,9.45,38432,0.223,37.3,2.68,1.74,Rent Favored,NA,NA,89666,18.15,36.1,44.55,32.56,22.85,2026-08-31,2026-08-31
Coral Gables,FL,"Miami-Fort Lauderdale-Pompano Beach, FL",Miami-Dade County,1558867.1889456746,6.88,3460.2491761318192,3.1,41522.99011358183,0.222,37.5,2.66,1.73,Rent Favored,50379,1.26,2838461,5.29,19.88,11.11,5.36,47.81,2026-08-31,2026-08-31
Needham,MA,"Boston-Cambridge-Newton, MA-NH",Norfolk County,1560108.5368056782,6.23,3452.740740740741,1.54,41432.88888888889,0.221,37.7,2.66,1.73,Rent Favored,NA,NA,740754,2.35,9.81,4.09,3.95,31.48,2026-08-31,2026-08-31
Redwood City,CA,"San Francisco-Oakland-Berkeley, CA",San Mateo County,1878297.5184102592,5.57,4145.891057192739,9.86,49750.69268631287,0.221,37.8,2.65,1.72,Rent Favored,82982,-1.06,742893,-2.6,8.67,7.4,7.73,40.91,2026-08-31,2026-08-31
Kirkland,WA,"Seattle-Tacoma-Bellevue, WA",King County,1178290.693020719,-5.17,2603.0914171473164,2.91,31237.0970057678,0.221,37.7,2.65,1.72,Rent Favored,95499,2.97,2340211,2.9,15.35,6.12,5.05,43.91,2026-08-31,2026-08-31
Cottonwood Heights,UT,"Salt Lake City, UT",Salt Lake County,778589.2230576454,3.34,1712.35110211426,0.89,20548.213225371117,0.22,37.9,2.64,1.72,Rent Favored,32437,-3.23,1216274,2.46,7.39,5.36,5.82,33,2026-08-31,2026-08-31
Edwards,CO,"Edwards, CO",Eagle County,1735265.1758163602,4.09,3825,NA,45900,0.22,37.8,2.65,1.72,Rent Favored,NA,NA,NA,NA,NA,NA,NA,NA,2026-08-31,2026-08-31
Santa Rosa Beach,FL,"Crestview-Fort Walton Beach-Destin, FL",Walton County,858899.8786330302,0.44,1880.4660653356304,-0.71,22565.592784027565,0.219,38.1,2.63,1.71,Rent Favored,NA,NA,89666,18.15,36.1,44.55,32.56,22.85,2026-08-31,2026-08-31
Albany,CA,"San Francisco-Oakland-Berkeley, CA",Alameda County,1245398.0804200263,5.66,2709.3055555555557,6.82,32511.666666666668,0.218,38.3,2.61,1.7,Rent Favored,19439,-3.89,1649060,-1.88,3.29,5.96,5.26,45.93,2026-08-31,2026-08-31
Tiburon,CA,"San Francisco-Oakland-Berkeley, CA",Marin County,3050304.823180286,8.23,6640.155555555556,28.37,79681.86666666667,0.218,38.3,2.61,1.7,Rent Favored,8933,-2.24,256400,-1.89,2.96,7.74,3.07,36.12,2026-08-31,2026-08-31
Summit,NJ,"New York-Newark-Jersey City, NY-NJ-PA",Union County,1410097.9511268763,13.12,3047.3148148148152,2.21,36567.77777777778,0.216,38.6,2.59,1.69,Rent Favored,23102,2.05,594160,3.57,15.84,4.55,3.18,42.39,2026-08-31,2026-08-31
Coronado,CA,"San Diego-Chula Vista-Carlsbad, CA",San Diego County,2559052.5437728246,6.8,5549.559829059829,6.08,66594.71794871795,0.217,38.4,2.6,1.69,Rent Favored,18031,-10.65,3298799,-0.07,0.09,6.51,4.02,45.49,2026-08-31,2026-08-31
Pleasanton,CA,"San Francisco-Oakland-Berkeley, CA",Alameda County,1511108.6556171791,-3.85,3264.2066169828363,6.79,39170.47940379404,0.216,38.6,2.59,1.68,Rent Favored,75664,-5.03,1649060,-1.88,3.29,5.96,5.26,45.93,2026-08-31,2026-08-31
Belmont,MA,"Boston-Cambridge-Newton, MA-NH",Middlesex County,1446989.2549588606,1.53,3116.373321123321,2.01,37396.479853479854,0.215,38.7,2.58,1.68,Rent Favored,NA,NA,1668956,2.54,11.63,4.52,2.96,38.37,2026-08-31,2026-08-31
Vail,CO,"Edwards, CO",Eagle County,1731532.5567232862,4.72,3726.7380952380954,NA,44720.857142857145,0.215,38.7,2.58,1.68,Rent Favored,4466,-7.38,54330,-2.39,-11.87,37.5,16.85,32.43,2026-08-31,2026-08-31
Saint Helena,CA,"Napa, CA",Napa County,1621120.619742978,-0.75,3491.666666666667,NA,41900,0.215,38.7,2.58,1.68,Rent Favored,NA,NA,NA,NA,NA,NA,NA,NA,2026-08-31,2026-08-31
Palm Beach Shores,FL,"Miami-Fort Lauderdale-Pompano Beach, FL",Palm Beach County,865331.8084147638,6.74,1850,NA,22200,0.214,39,2.57,1.67,Rent Favored,NA,NA,NA,NA,NA,NA,NA,NA,2026-08-31,2026-08-31
Sierra Madre,CA,"Los Angeles-Long Beach-Anaheim, CA",Los Angeles County,1389137.2211016773,-0.27,2950.1388888888887,-0.56,35401.666666666664,0.212,39.2,2.55,1.66,Rent Favored,10775,-4.1,9757179,-2.4,0.03,6.45,4.01,53.92,2026-08-31,2026-08-31
Fountain Valley,CA,"Los Angeles-Long Beach-Anaheim, CA",Orange County,1382590.6546504053,5.65,2931.7374999999997,4.17,35180.85,0.212,39.3,2.54,1.65,Rent Favored,56036,-1.64,3170435,-0.5,2.33,5.61,4.39,43.55,2026-08-31,2026-08-31
Cherry Creek,CO,"Denver-Aurora-Lakewood, CO",Arapahoe County,859097.7235168122,-0.76,1817.7239427239429,-5.74,21812.687312687314,0.212,39.4,2.54,1.65,Rent Favored,NA,NA,666918,1.77,3.13,4.55,5.64,34.88,2026-08-31,2026-08-31
Draper,UT,"Salt Lake City, UT",Salt Lake County,811597.9748874237,2.93,1703.8915384615384,1.93,20446.69846153846,0.21,39.7,2.52,1.64,Rent Favored,50166,-1.68,1216274,2.46,7.39,5.36,5.82,33,2026-08-31,2026-08-31
Nichols Hills,OK,"Oklahoma City, OK",Oklahoma County,995861.3258337822,3.9,2100,NA,25200,0.211,39.5,2.53,1.64,Rent Favored,NA,NA,NA,NA,NA,NA,NA,NA,2026-08-31,2026-08-31
Santa Monica,CA,"Los Angeles-Long Beach-Anaheim, CA",Los Angeles County,1667059.7463063558,1.79,3438.272463955797,1.4,41259.269567469564,0.206,40.4,2.47,1.61,Rent Favored,90729,-2.36,9757179,-2.4,0.03,6.45,4.01,53.92,2026-08-31,2026-08-31
Manhattan Beach,CA,"Los Angeles-Long Beach-Anaheim, CA",Los Angeles County,3286680.0922030117,9.83,6801.359649122806,7.42,81616.31578947368,0.207,40.3,2.48,1.61,Rent Favored,33453,-5.45,9757179,-2.4,0.03,6.45,4.01,53.92,2026-08-31,2026-08-31
Haleiwa,HI,"Urban Honolulu, HI",Honolulu County,1764381.4132107887,4.83,3643.3333333333335,NA,43720,0.206,40.4,2.48,1.61,Rent Favored,NA,NA,998747,-1.35,1.96,9.47,5.27,40.46,2026-08-31,2026-08-31
Wellesley,MA,"Boston-Cambridge-Newton, MA-NH",Norfolk County,2022165.33263022,5.08,4143.11111111111,5.64,49717.33333333333,0.205,40.7,2.46,1.6,Rent Favored,NA,NA,740754,2.35,9.81,4.09,3.95,31.48,2026-08-31,2026-08-31
Santa Barbara,CA,"Santa Maria-Santa Barbara, CA",Santa Barbara County,1824406.4013885465,4.55,3691.905766778256,3.07,44302.86920133907,0.202,41.2,2.43,1.58,Rent Favored,87291,-1.66,444500,-0.8,-2.53,6.76,3.08,47.13,2026-08-31,2026-08-31
Bradley Beach,NJ,"New York-Newark-Jersey City, NY-NJ-PA",Monmouth County,1141430.1614548506,8.01,2292.777777777778,NA,27513.333333333336,0.201,41.5,2.41,1.57,Rent Favored,NA,NA,NA,NA,NA,NA,NA,NA,2026-08-31,2026-08-31
Bellevue,WA,"Seattle-Tacoma-Bellevue, WA",King County,1418230.7221779097,-3.93,2827.639296749274,1.57,33931.671560991286,0.199,41.8,2.39,1.56,Rent Favored,154377,1.71,2340211,2.9,15.35,6.12,5.05,43.91,2026-08-31,2026-08-31
Redmond,WA,"Seattle-Tacoma-Bellevue, WA",King County,1315883.9510125753,-3.89,2639.474304661108,3.41,31673.691655933297,0.201,41.5,2.41,1.56,Rent Favored,82195,12.02,2340211,2.9,15.35,6.12,5.05,43.91,2026-08-31,2026-08-31
Clayton,MO,"St. Louis, MO-IL",Saint Louis County,887160.9375362446,7.59,1774.475,5.47,21293.699999999997,0.2,41.7,2.4,1.56,Rent Favored,17512,0.88,NA,NA,NA,NA,NA,NA,2026-08-31,2026-08-31
Hillsborough,CA,"San Francisco-Oakland-Berkeley, CA",San Mateo County,5470751.313266702,12.68,10940.833333333332,NA,131290,0.2,41.7,2.4,1.56,Rent Favored,NA,NA,NA,NA,NA,NA,NA,NA,2026-08-31,2026-08-31
Ladera Heights,CA,"Los Angeles-Long Beach-Anaheim, CA",Los Angeles County,1685456.2062885128,3.88,3368,NA,40416,0.2,41.7,2.4,1.56,Rent Favored,NA,NA,NA,NA,NA,NA,NA,NA,2026-08-31,2026-08-31
Sunnyvale,CA,"San Jose-Sunnyvale-Santa Clara, CA",Santa Clara County,1994915.7425215424,1.19,3932.3699027229145,8.77,47188.438832674976,0.197,42.3,2.37,1.54,Rent Favored,156792,0.99,1926325,0.08,11.74,5.72,5.29,44.7,2026-08-31,2026-08-31
Rancho Santa Fe,CA,"San Diego-Chula Vista-Carlsbad, CA",San Diego County,4424524.816577716,6.62,8748.75,NA,104985,0.198,42.1,2.37,1.54,Rent Favored,NA,NA,NA,NA,NA,NA,NA,NA,2026-08-31,2026-08-31
San Clemente,CA,"Los Angeles-Long Beach-Anaheim, CA",Orange County,1743951.3218021316,5.05,3425.9137736815155,5.53,41110.965284178186,0.196,42.4,2.36,1.53,Rent Favored,62627,-2.48,3170435,-0.5,2.33,5.61,4.39,43.55,2026-08-31,2026-08-31
Berkeley,CA,"San Francisco-Oakland-Berkeley, CA",Alameda County,1445049.1068806443,6.9,2817.853431937363,3.03,33814.241183248356,0.195,42.7,2.34,1.52,Rent Favored,121749,-1.99,1649060,-1.88,3.29,5.96,5.26,45.93,2026-08-31,2026-08-31
Larkspur,CA,"San Francisco-Oakland-Berkeley, CA",Marin County,2129682.0052408255,8.6,4114.638888888889,16.82,49375.666666666664,0.193,43.1,2.32,1.51,Rent Favored,12807,-1.75,256400,-1.89,2.96,7.74,3.07,36.12,2026-08-31,2026-08-31
Woodinville,WA,"Seattle-Tacoma-Bellevue, WA",King County,1316777.9293371213,-3.26,2530.424185463659,3.44,30365.09022556391,0.192,43.4,2.31,1.5,Rent Favored,13942,3.47,2340211,2.9,15.35,6.12,5.05,43.91,2026-08-31,2026-08-31
Devon,PA,"Philadelphia-Camden-Wilmington, PA-NJ-DE-MD",Chester County,1024244.2593063368,7.92,1953.611111111111,NA,23443.333333333332,0.191,43.7,2.29,1.49,Rent Favored,NA,NA,560745,4.84,7.29,3.95,3.98,25.05,2026-08-31,2026-08-31
Los Alamitos,CA,"Los Angeles-Long Beach-Anaheim, CA",Orange County,1572019.0914078571,4.95,2979.8333333333335,3.32,35758,0.19,44,2.27,1.48,Rent Favored,11846,0.59,3170435,-0.5,2.33,5.61,4.39,43.55,2026-08-31,2026-08-31
Campbell,CA,"San Jose-Sunnyvale-Santa Clara, CA",Santa Clara County,1843263.247433794,2.91,3470.5183533589334,7.63,41646.2202403072,0.188,44.3,2.26,1.47,Rent Favored,42895,-2.04,1926325,0.08,11.74,5.72,5.29,44.7,2026-08-31,2026-08-31
McLean,VA,"Washington-Arlington-Alexandria, DC-VA-MD-WV",Fairfax County,1459672.0367295642,2.47,2730.842422752809,2.41,32770.10907303371,0.187,44.5,2.25,1.46,Rent Favored,NA,NA,1160925,1.07,6.94,3.66,4.16,31.65,2026-08-31,2026-08-31
University Park,TX,"Dallas-Fort Worth-Arlington, TX",Dallas County,2472652.438981298,8.63,4624.603174603174,NA,55495.23809523809,0.187,44.6,2.24,1.46,Rent Favored,25268,0.11,2656028,1.73,0.15,7.76,8.95,49.22,2026-08-31,2026-08-31
Millbrae,CA,"San Francisco-Oakland-Berkeley, CA",San Mateo County,2047945.981526674,7.04,3843.016594516595,13.97,46116.19913419914,0.188,44.4,2.25,1.46,Rent Favored,23321,0.79,742893,-2.6,8.67,7.4,7.73,40.91,2026-08-31,2026-08-31
El Segundo,CA,"Los Angeles-Long Beach-Anaheim, CA",Los Angeles County,1720531.3298215277,4.5,3204.180555555555,2.07,38450.166666666664,0.186,44.7,2.23,1.45,Rent Favored,16544,-3.91,9757179,-2.4,0.03,6.45,4.01,53.92,2026-08-31,2026-08-31
Moraga,CA,"San Francisco-Oakland-Berkeley, CA",Contra Costa County,1605261.42579142,2.79,2988.055555555555,NA,35856.666666666664,0.186,44.8,2.23,1.45,Rent Favored,NA,NA,NA,NA,NA,NA,NA,NA,2026-08-31,2026-08-31
San Carlos,CA,"San Francisco-Oakland-Berkeley, CA",San Mateo County,2432476.385223988,7.42,4477.189033189033,9.5,53726.268398268396,0.184,45.3,2.21,1.44,Rent Favored,29403,-4.06,742893,-2.6,8.67,7.4,7.73,40.91,2026-08-31,2026-08-31
Del Mar,CA,"San Diego-Chula Vista-Carlsbad, CA",San Diego County,3837023.7123140222,10.3,7096.666666666667,9.73,85160,0.185,45.1,2.22,1.44,Rent Favored,3902,-1.09,3298799,-0.07,0.09,6.51,4.02,45.49,2026-08-31,2026-08-31
Purchase,NY,"New York-Newark-Jersey City, NY-NJ-PA",Westchester County,2341798.5202200734,7.52,4210.055555555556,2.64,50520.66666666667,0.18,46.4,2.16,1.4,Rent Favored,NA,NA,1006447,0.5,6.23,5.51,2.35,37.8,2026-08-31,2026-08-31
Hermosa Beach,CA,"Los Angeles-Long Beach-Anaheim, CA",Los Angeles County,2256891.1094146622,6.13,4028.087962962963,6.67,48337.055555555555,0.178,46.7,2.14,1.39,Rent Favored,18687,-4.96,9757179,-2.4,0.03,6.45,4.01,53.92,2026-08-31,2026-08-31
Lafayette,CA,"San Francisco-Oakland-Berkeley, CA",Contra Costa County,1884078.5971950947,2.87,3337.998941798942,-1.1,40055.9873015873,0.177,47,2.13,1.38,Rent Favored,25371,-0.06,1172607,0.55,6.48,3.5,2.91,32.35,2026-08-31,2026-08-31
Laguna Beach,CA,"Los Angeles-Long Beach-Anaheim, CA",Orange County,2990806.132619882,6.52,5303.185185185185,2.2,63638.22222222222,0.177,47,2.13,1.38,Rent Favored,22564,-1.92,3170435,-0.5,2.33,5.61,4.39,43.55,2026-08-31,2026-08-31
Ladue,MO,"St. Louis, MO-IL",Saint Louis County,1381286.526812518,8.59,2436,NA,29232,0.176,47.3,2.12,1.38,Rent Favored,NA,NA,NA,NA,NA,NA,NA,NA,2026-08-31,2026-08-31
Raleigh Hills,OR,"Portland-Vancouver-Hillsboro, OR-WA",Washington County,918293.5871637284,0.7,1604.6,NA,19255.199999999997,0.175,47.7,2.1,1.36,Rent Favored,NA,NA,611272,1.7,7.45,3.35,3.82,39.13,2026-08-31,2026-08-31
Lavallette,NJ,"New York-Newark-Jersey City, NY-NJ-PA",Ocean County,1244263.2386761464,12,2150,NA,25800,0.173,48.2,2.07,1.35,Rent Favored,NA,NA,NA,NA,NA,NA,NA,NA,2026-08-31,2026-08-31
Lake Hart,FL,"Orlando-Kissimmee-Sanford, FL",Orange County,1229003.5695760455,1.59,2124.116161616161,1.18,25489.393939393936,0.173,48.2,2.07,1.35,Rent Favored,NA,NA,1533646,7.12,16.48,11.72,10.93,42.64,2026-08-31,2026-08-31
View Park-Windsor Hills,CA,"Los Angeles-Long Beach-Anaheim, CA",Los Angeles County,1184499.9438615944,-0.85,2032,NA,24384,0.172,48.6,2.06,1.34,Rent Favored,NA,NA,NA,NA,NA,NA,NA,NA,2026-08-31,2026-08-31
Newcastle,WA,"Seattle-Tacoma-Bellevue, WA",King County,1348575.8993253857,-1.52,2291.5740740740744,1.19,27498.88888888889,0.17,49,2.04,1.33,Rent Favored,13072,-0.56,2340211,2.9,15.35,6.12,5.05,43.91,2026-08-31,2026-08-31
Mantoloking,NJ,"New York-Newark-Jersey City, NY-NJ-PA",Ocean County,2115654.870775789,11.69,3550,NA,42600,0.168,49.7,2.01,1.31,Rent Favored,NA,NA,NA,NA,NA,NA,NA,NA,2026-08-31,2026-08-31
Los Altos,CA,"San Jose-Sunnyvale-Santa Clara, CA",Santa Clara County,4530964.30579098,8.15,7523.821428571428,20.72,90285.85714285714,0.166,50.2,1.99,1.3,Rent Favored,30864,-1.55,1926325,0.08,11.74,5.72,5.29,44.7,2026-08-31,2026-08-31
Ocean City,NJ,"Ocean City, NJ",Cape May County,1128692.0067998662,10.12,1880,NA,22560,0.167,50,2,1.3,Rent Favored,NA,NA,NA,NA,NA,NA,NA,NA,2026-08-31,2026-08-31
Los Gatos,CA,"San Jose-Sunnyvale-Santa Clara, CA",Santa Clara County,2574478.2876555,4.67,4235.651629072682,5.75,50827.81954887218,0.165,50.7,1.97,1.28,Rent Favored,32952,-1.39,1926325,0.08,11.74,5.72,5.29,44.7,2026-08-31,2026-08-31
Pinecrest,FL,"Miami-Fort Lauderdale-Pompano Beach, FL",Miami-Dade County,2212375.970021855,5.58,3619.8412698412703,8.69,43438.095238095244,0.164,50.9,1.96,1.28,Rent Favored,18981,3.62,2838461,5.29,19.88,11.11,5.36,47.81,2026-08-31,2026-08-31
Belmont,CA,"San Francisco-Oakland-Berkeley, CA",San Mateo County,2251024.0979446326,4.92,3676.5541125541126,9.8,44118.64935064935,0.163,51,1.96,1.27,Rent Favored,27132,-4.01,742893,-2.6,8.67,7.4,7.73,40.91,2026-08-31,2026-08-31
Saratoga,CA,"San Jose-Sunnyvale-Santa Clara, CA",Santa Clara County,3950106.5333538335,4.32,6339.583333333333,5.28,76075,0.16,51.9,1.93,1.25,Rent Favored,30486,-1.4,1926325,0.08,11.74,5.72,5.29,44.7,2026-08-31,2026-08-31
South Pasadena,CA,"Los Angeles-Long Beach-Anaheim, CA",Los Angeles County,1693232.7700224817,5.31,2694.7000000000003,0.42,32336.4,0.159,52.4,1.91,1.24,Rent Favored,25656,-4.4,9757179,-2.4,0.03,6.45,4.01,53.92,2026-08-31,2026-08-31
Greenwood Village,CO,"Denver-Aurora-Lakewood, CO",Arapahoe County,1402776.379064855,2.17,2201.5088937621836,0.98,26418.1067251462,0.157,53.1,1.88,1.22,Rent Favored,15288,-2.26,666918,1.77,3.13,4.55,5.64,34.88,2026-08-31,2026-08-31
Margate City,NJ,"Atlantic City-Hammonton, NJ",Atlantic County,1138700.520270608,12.18,1720.4166666666667,28.61,20645,0.151,55.2,1.81,1.18,Rent Favored,5239,-1.09,279114,1.79,8.62,17.71,4.68,32.16,2026-08-31,2026-08-31
Menlo Park,CA,"San Francisco-Oakland-Berkeley, CA",San Mateo County,2866713.1781559843,9.16,4305.022500995618,9.58,51660.27001194742,0.15,55.5,1.8,1.17,Rent Favored,33040,-1.93,742893,-2.6,8.67,7.4,7.73,40.91,2026-08-31,2026-08-31
Cupertino,CA,"San Jose-Sunnyvale-Santa Clara, CA",Santa Clara County,2965725.460978271,3.3,4374.713102199944,8.02,52496.55722639932,0.148,56.5,1.77,1.15,Rent Favored,58710,-2.11,1926325,0.08,11.74,5.72,5.29,44.7,2026-08-31,2026-08-31
Brentwood,TN,"Nashville-Davidson--Murfreesboro--Franklin, TN",Williamson County,1404388.4370322826,3.18,2031.0700854700856,-0.31,24372.841025641028,0.145,57.6,1.74,1.13,Rent Favored,45525,0.17,269136,7.82,11.28,3.92,6.75,20.22,2026-08-31,2026-08-31
Burlingame,CA,"San Francisco-Oakland-Berkeley, CA",San Mateo County,2811801.6647593323,10.59,3903.211111111111,11.63,46838.53333333333,0.139,60,1.67,1.08,Rent Favored,30885,-1.26,742893,-2.6,8.67,7.4,7.73,40.91,2026-08-31,2026-08-31
Avon by the Sea,NJ,"New York-Newark-Jersey City, NY-NJ-PA",Monmouth County,1872557.6403948388,10.28,2500,NA,30000,0.134,62.4,1.6,1.04,Rent Favored,NA,NA,NA,NA,NA,NA,NA,NA,2026-08-31,2026-08-31
Palo Alto,CA,"San Jose-Sunnyvale-Santa Clara, CA",Santa Clara County,3563762.6991363517,5.47,4678.157386363637,8.29,56137.88863636364,0.131,63.5,1.58,1.02,Rent Favored,67658,-1.02,1926325,0.08,11.74,5.72,5.29,44.7,2026-08-31,2026-08-31
Mercer Island,WA,"Seattle-Tacoma-Bellevue, WA",King County,2257925.853822731,-0.82,2826.844611528822,3,33922.13533834586,0.125,66.6,1.5,0.98,Rent Favored,25302,-1.74,2340211,2.9,15.35,6.12,5.05,43.91,2026-08-31,2026-08-31
Newport Beach,CA,"Los Angeles-Long Beach-Anaheim, CA",Orange County,3697219.2948027193,10.68,4375.079163059163,5.83,52500.949956709956,0.118,70.4,1.42,0.92,Rent Favored,82970,-2.58,3170435,-0.5,2.33,5.61,4.39,43.55,2026-08-31,2026-08-31
Beverly Hills,CA,"Los Angeles-Long Beach-Anaheim, CA",Los Angeles County,3667785.072190575,9.01,4193.442959001783,3.97,50321.31550802139,0.114,72.9,1.37,0.89,Rent Favored,31027,-4.77,9757179,-2.4,0.03,6.45,4.01,53.92,2026-08-31,2026-08-31
Paradise Valley,AZ,"Phoenix-Mesa-Chandler, AZ",Maricopa County,3522707.474373221,11.71,1618.3555555555556,1.58,19420.266666666666,0.046,181.4,0.55,0.36,Rent Favored,12523,-1.28,4673096,5.12,9.38,8.29,5.4,34.99,2026-08-31,2026-08-31
