city,state,metro,county,zhvi,zhvi_yoy_pct,zori,zori_yoy_pct,annual_rent,rent_to_price_pct,price_to_rent,gross_yield_pct,est_cap_rate_pct,tier,pop_2024,pop_growth_pct,county_pop_2024,county_pop_growth_pct,net_mig_rate_per1k,vacancy_rate_pct,rental_vacancy_pct,renter_pct,zhvi_date,zori_date
Cahokia Heights,IL,"St. Louis, MO-IL",Saint Clair County,51488.77106296728,-2.14,1191.111111111111,NA,14293.333333333332,2.313,3.6,27.76,18.04,Strong Buy,NA,NA,NA,NA,NA,NA,NA,NA,2026-06-30,2026-06-30
Prichard,AL,"Mobile, AL",Mobile County,56512.826583077614,-4.14,1200,NA,14400,2.123,3.9,25.48,16.56,Strong Buy,NA,NA,NA,NA,NA,NA,NA,NA,2026-06-30,2026-06-30
Sag Harbor,NY,"New York-Newark-Jersey City, NY-NJ-PA",Suffolk County,2293334.629929641,4.78,47569.333333333336,23.25,570832,2.074,4,24.89,16.18,Strong Buy,2816,2.33,1535909,0.9,2.22,11.64,3.67,18.09,2026-06-30,2026-06-30
Water Mill,NY,"New York-Newark-Jersey City, NY-NJ-PA",Suffolk County,4757802.705711757,5.55,96166.66666666669,NA,1154000.0000000002,2.021,4.1,24.25,15.77,Strong Buy,NA,NA,1535909,0.9,2.22,11.64,3.67,18.09,2026-06-30,2026-06-30
Southampton,NY,"New York-Newark-Jersey City, NY-NJ-PA",Suffolk County,2249793.132715784,6.03,42218.2380952381,21.31,506618.85714285716,1.877,4.4,22.52,14.64,Strong Buy,4693,3.28,1535909,0.9,2.22,11.64,3.67,18.09,2026-06-30,2026-06-30
Braddock,PA,"Pittsburgh, PA",Allegheny County,56791.312354026384,-3.35,1037.5,NA,12450,1.827,4.6,21.92,14.25,Strong Buy,NA,NA,NA,NA,NA,NA,NA,NA,2026-06-30,2026-06-30
East Hampton,NY,"New York-Newark-Jersey City, NY-NJ-PA",Suffolk County,2129771.7434689845,-0.88,37724.45014245014,16.97,452693.40170940175,1.771,4.7,21.26,13.82,Strong Buy,1556,3.73,1535909,0.9,2.22,11.64,3.67,18.09,2026-06-30,2026-06-30
Detroit,MI,"Detroit-Warren-Dearborn, MI",Wayne County,77245.27019631972,-5.1,1356.0923634617914,2.98,16273.108361541497,1.756,4.7,21.07,13.69,Strong Buy,645705,1.15,1771063,-1.04,3.75,12.9,4.58,35.52,2026-06-30,2026-06-30
Duquesne,PA,"Pittsburgh, PA",Allegheny County,60238.33621419474,-6.74,1000,NA,12000,1.66,5,19.92,12.95,Strong Buy,NA,NA,NA,NA,NA,NA,NA,NA,2026-06-30,2026-06-30
Castle Point,MO,"St. Louis, MO-IL",Saint Louis County,80932.3931612874,3.08,1324.5,NA,15894,1.637,5.1,19.64,12.77,Strong Buy,NA,NA,NA,NA,NA,NA,NA,NA,2026-06-30,2026-06-30
Homestead,PA,"Pittsburgh, PA",Allegheny County,78905.31877787983,-5.13,1285.1555555555558,NA,15421.866666666669,1.629,5.1,19.54,12.7,Strong Buy,2852,-1.01,1231814,-1.43,2.72,9.6,6.37,35.07,2026-06-30,2026-06-30
Riverview,MO,"St. Louis, MO-IL",Saint Louis County,78593.38039216121,-0.85,1273.75,NA,15285,1.621,5.1,19.45,12.64,Strong Buy,NA,NA,NA,NA,NA,NA,NA,NA,2026-06-30,2026-06-30
Glasgow Village,MO,"St. Louis, MO-IL",Saint Louis County,85352.857814089,1.78,1362.7142857142856,0.55,16352.571428571428,1.597,5.2,19.16,12.45,Strong Buy,NA,NA,NA,NA,NA,NA,NA,NA,2026-06-30,2026-06-30
Century Village,FL,"Miami-Fort Lauderdale-Pompano Beach, FL",Palm Beach County,90112.59323262614,-15.1,1405.5555555555554,2.1,16866.666666666664,1.56,5.3,18.72,12.17,Strong Buy,NA,NA,1582055,5.87,15.98,16.36,6.94,30.14,2026-06-30,2026-06-30
Youngstown,OH,"Youngstown-Warren-Boardman, OH-PA",Mahoning County,72648.37408055918,8.01,1087.1296296296296,9.28,13045.555555555555,1.496,5.6,17.96,11.67,Strong Buy,59123,-1.28,225786,-0.98,2.29,9.15,4.52,29.72,2026-06-30,2026-06-30
Jennings,MO,"St. Louis, MO-IL",Saint Louis County,75193.75301279432,0.59,1123.8333333333333,-0.72,13486,1.495,5.6,17.94,11.66,Strong Buy,13024,0.95,NA,NA,NA,NA,NA,NA,2026-06-30,2026-06-30
Gary,IN,"Chicago-Naperville-Elgin, IL-IN-WI",Lake County,91950.09029928315,-3.75,1366.049881491058,5.89,16392.598577892695,1.486,5.6,17.83,11.59,Strong Buy,67555,-2.1,502955,0.8,4.19,10.57,4.92,29.14,2026-06-30,2026-06-30
Jackson,MS,"Jackson, MS",Hinds County,85739.28042263798,1.24,1270.431116712383,4.31,15245.173400548596,1.482,5.6,17.78,11.56,Strong Buy,141449,-7.55,211975,-6.53,-12.73,15.54,7.94,42.12,2026-06-30,2026-06-30
Flint,MI,"Flint, MI",Genesee County,66504.17452602083,0.35,969.045066045066,6.38,11628.540792540793,1.457,5.7,17.49,11.37,Strong Buy,79735,-1.69,402279,-0.87,3.33,9.45,3.6,29.16,2026-06-30,2026-06-30
Turtle Creek,PA,"Pittsburgh, PA",Allegheny County,99761.79391807209,-7.84,1442,NA,17304,1.445,5.8,17.35,11.27,Strong Buy,NA,NA,NA,NA,NA,NA,NA,NA,2026-06-30,2026-06-30
Dolton,IL,"Chicago-Naperville-Elgin, IL-IN-WI",Cook County,162068.6851054215,3.05,2337.0833333333335,5.71,28045,1.442,5.8,17.3,11.25,Strong Buy,20697,-2.99,5182617,-1.6,5.9,8.18,4.67,42.49,2026-06-30,2026-06-30
Lauderdale Lakes,FL,"Miami-Fort Lauderdale-Pompano Beach, FL",Broward County,137834.28061973114,-10.81,1920.068181818182,1.16,23040.818181818184,1.393,6,16.72,10.87,Strong Buy,37333,3.55,2037472,4.84,14.84,13.18,6.08,36.74,2026-06-30,2026-06-30
Midfield,AL,"Birmingham-Hoover, AL",Jefferson County,82694.02602552353,2.01,1145.4166666666667,NA,13745,1.385,6,16.62,10.8,Strong Buy,4930,-4.92,664744,-1.48,0.68,13.13,7.2,36.28,2026-06-30,2026-06-30
Hampton Bays,NY,"New York-Newark-Jersey City, NY-NJ-PA",Suffolk County,955737.8880215744,6.02,13025.866666666669,21.98,156310.40000000002,1.363,6.1,16.35,10.63,Strong Buy,NA,NA,1535909,0.9,2.22,11.64,3.67,18.09,2026-06-30,2026-06-30
Berkeley,MO,"St. Louis, MO-IL",Saint Louis County,98147.54945741144,5.55,1336.2777777777776,9.72,16035.333333333332,1.361,6.1,16.34,10.62,Strong Buy,8058,-1.99,NA,NA,NA,NA,NA,NA,2026-06-30,2026-06-30
Sharon,PA,"Youngstown-Warren-Boardman, OH-PA",Mercer County,75177.808794864,-3.61,1022.5,NA,12270,1.36,6.1,16.32,10.61,Strong Buy,NA,NA,NA,NA,NA,NA,NA,NA,2026-06-30,2026-06-30
Fort Myers Beach,FL,"Cape Coral-Fort Myers, FL",Lee County,495294.0059163708,-5.21,6614.166666666667,NA,79370,1.335,6.2,16.02,10.42,Strong Buy,NA,NA,NA,NA,NA,NA,NA,NA,2026-06-30,2026-06-30
Tarrant,AL,"Birmingham-Hoover, AL",Jefferson County,80602.58341284595,4.28,1073.7777777777778,NA,12885.333333333334,1.332,6.3,15.99,10.39,Strong Buy,NA,NA,NA,NA,NA,NA,NA,NA,2026-06-30,2026-06-30
Bellefontaine Neighbors,MO,"St. Louis, MO-IL",Saint Louis County,105684.15199483695,-3.98,1404.25,3.81,16851,1.329,6.3,15.94,10.36,Strong Buy,10401,-2.76,NA,NA,NA,NA,NA,NA,2026-06-30,2026-06-30
Hazel Crest,IL,"Chicago-Naperville-Elgin, IL-IN-WI",Cook County,188568.56020673816,2.6,2502.5,NA,30030,1.327,6.3,15.93,10.35,Strong Buy,NA,NA,NA,NA,NA,NA,NA,NA,2026-06-30,2026-06-30
South Holland,IL,"Chicago-Naperville-Elgin, IL-IN-WI",Cook County,235461.5443832356,1.78,2995,NA,35940,1.272,6.6,15.26,9.92,Strong Buy,NA,NA,NA,NA,NA,NA,NA,NA,2026-06-30,2026-06-30
Meridian,MS,"Meridian, MS",Lauderdale County,114436.94902296788,0.92,1422.9722222222224,NA,17075.666666666668,1.243,6.7,14.92,9.7,Strong Buy,33549,-3.79,70588,-2.87,-4.45,14.91,7.9,36.77,2026-06-30,2026-06-30
Park Forest,IL,"Chicago-Naperville-Elgin, IL-IN-WI",Cook County,160931.63072337842,4.46,1980.8333333333333,NA,23770,1.231,6.8,14.77,9.6,Strong Buy,21016,-2.78,5182617,-1.6,5.9,8.18,4.67,42.49,2026-06-30,2026-06-30
Muskegon Heights,MI,"Muskegon, MI",Muskegon County,91922.54962619116,2.18,1125,NA,13500,1.224,6.8,14.69,9.55,Strong Buy,NA,NA,NA,NA,NA,NA,NA,NA,2026-06-30,2026-06-30
Camden,NJ,"Philadelphia-Camden-Wilmington, PA-NJ-DE-MD",Camden County,150576.2393248496,-7.14,1811.4848484848485,4.1,21737.818181818184,1.203,6.9,14.44,9.38,Strong Buy,71749,0.01,533988,2.07,5.74,5.92,4.3,34.97,2026-06-30,2026-06-30
Country Club Hills,IL,"Chicago-Naperville-Elgin, IL-IN-WI",Cook County,217384.6426002639,3.63,2575,NA,30900,1.185,7,14.21,9.24,Strong Buy,NA,NA,NA,NA,NA,NA,NA,NA,2026-06-30,2026-06-30
Arnold,PA,"Pittsburgh, PA",Westmoreland County,80671.28173366493,-13.23,950,NA,11400,1.178,7.1,14.13,9.19,Strong Buy,NA,NA,NA,NA,NA,NA,NA,NA,2026-06-30,2026-06-30
Cleveland,OH,"Cleveland-Elyria, OH",Cuyahoga County,121435.1742711747,-2.01,1429.777655504871,4.17,17157.331866058452,1.177,7.1,14.13,9.18,Strong Buy,365379,-1.74,1240594,-1.75,1.72,9.97,5.22,40.95,2026-06-30,2026-06-30
Ojus,FL,"Miami-Fort Lauderdale-Pompano Beach, FL",Miami-Dade County,214277.33778541852,-9.07,2512.141025641026,0.16,30145.692307692312,1.172,7.1,14.07,9.14,Strong Buy,NA,NA,2838461,5.29,19.88,11.11,5.36,47.81,2026-06-30,2026-06-30
Ferguson,MO,"St. Louis, MO-IL",Saint Louis County,119836.0362855614,-1.71,1384.8703703703704,5.16,16618.444444444445,1.156,7.2,13.87,9.01,Strong Buy,18043,-2.38,NA,NA,NA,NA,NA,NA,2026-06-30,2026-06-30
Inkster,MI,"Detroit-Warren-Dearborn, MI",Wayne County,112123.44857431222,5.73,1293.3593073593072,2.54,15520.311688311685,1.154,7.2,13.84,9,Strong Buy,25108,-3.36,1771063,-1.04,3.75,12.9,4.58,35.52,2026-06-30,2026-06-30
Woodward,OK,"Woodward, OK",Woodward County,135879.2742205483,3.89,1566.6666666666667,NA,18800,1.153,7.2,13.84,8.99,Strong Buy,NA,NA,NA,NA,NA,NA,NA,NA,2026-06-30,2026-06-30
South Palm Beach,FL,"Miami-Fort Lauderdale-Pompano Beach, FL",Palm Beach County,373218.78768761805,-5.11,4244.444444444444,NA,50933.33333333333,1.137,7.3,13.65,8.87,Strong Buy,NA,NA,NA,NA,NA,NA,NA,NA,2026-06-30,2026-06-30
Maple Heights,OH,"Cleveland-Elyria, OH",Cuyahoga County,136898.439808257,3.9,1541.40462962963,7.34,18496.85555555556,1.126,7.4,13.51,8.78,Strong Buy,23081,-2.34,1240594,-1.75,1.72,9.97,5.22,40.95,2026-06-30,2026-06-30
Danville,IL,"Danville, IL",Vermilion County,78858.73402863485,-1.29,867.4603174603175,4.05,10409.52380952381,1.1,7.6,13.2,8.58,Strong Buy,27981,-3.93,71106,-3.92,-1.21,12.23,9.41,30.76,2026-06-30,2026-06-30
Pine Bluff,AR,"Pine Bluff, AR",Jefferson County,77733.95876119276,-0.91,852.7777777777778,NA,10233.333333333334,1.097,7.6,13.16,8.56,Strong Buy,NA,NA,NA,NA,NA,NA,NA,NA,2026-06-30,2026-06-30
Port Arthur,TX,"Beaumont-Port Arthur, TX",Jefferson County,126888.135670932,2.02,1328.2666666666669,10.02,15939.200000000003,1.047,8,12.56,8.17,Strong Buy,55799,-0.38,253948,-0.87,-0.33,14.36,5.93,38.16,2026-06-30,2026-06-30
Monroe,LA,"Monroe, LA",Ouachita Parish,155594.65220597494,0.72,1621.957671957672,31.31,19463.492063492064,1.042,8,12.51,8.13,Strong Buy,46622,-2.1,157874,-1.4,0.32,13.96,9.76,40.5,2026-06-30,2026-06-30
McKeesport,PA,"Pittsburgh, PA",Allegheny County,98923.97068924918,-3.92,1030.5555555555557,4.55,12366.666666666668,1.042,8,12.5,8.13,Strong Buy,17119,-3.32,1231814,-1.43,2.72,9.6,6.37,35.07,2026-06-30,2026-06-30
Bessemer,AL,"Birmingham-Hoover, AL",Jefferson County,135560.12339112326,2.36,1399.6190476190477,4.88,16795.428571428572,1.032,8.1,12.39,8.05,Strong Buy,25079,-3.61,664744,-1.48,0.68,13.13,7.2,36.28,2026-06-30,2026-06-30
Calumet City,IL,"Chicago-Naperville-Elgin, IL-IN-WI",Cook County,158805.24561115378,-2.75,1629.3055555555557,6.13,19551.666666666668,1.026,8.1,12.31,8,Strong Buy,34855,-2.92,5182617,-1.6,5.9,8.18,4.67,42.49,2026-06-30,2026-06-30
Garfield Heights,OH,"Cleveland-Elyria, OH",Cuyahoga County,139455.6108872824,2.34,1423.4212962962963,8.42,17081.055555555555,1.021,8.2,12.25,7.96,Strong Buy,29014,-2.41,1240594,-1.75,1.72,9.97,5.22,40.95,2026-06-30,2026-06-30
Hornell,NY,"Corning, NY",Steuben County,115355.28432085329,-0.6,1157.5555555555554,NA,13890.666666666664,1.003,8.3,12.04,7.83,Strong Buy,NA,NA,NA,NA,NA,NA,NA,NA,2026-06-30,2026-06-30
Riverdale,IL,"Chicago-Naperville-Elgin, IL-IN-WI",Cook County,122762.33378039612,3.92,1232.0833333333337,NA,14785.000000000004,1.004,8.3,12.04,7.83,Strong Buy,NA,NA,NA,NA,NA,NA,NA,NA,2026-06-30,2026-06-30
Homewood,IL,"Chicago-Naperville-Elgin, IL-IN-WI",Cook County,256625.30043384535,5.9,2523.5,NA,30282,0.983,8.5,11.8,7.67,Strong Buy,NA,NA,NA,NA,NA,NA,NA,NA,2026-06-30,2026-06-30
Richton Park,IL,"Chicago-Naperville-Elgin, IL-IN-WI",Cook County,228368.5594340757,7.47,2243.888888888889,NA,26926.66666666667,0.983,8.5,11.79,7.66,Strong Buy,NA,NA,NA,NA,NA,NA,NA,NA,2026-06-30,2026-06-30
Kingsville,TX,"Kingsville, TX",Kleberg County,145508.765604159,2.42,1426.1944444444443,9.67,17114.333333333332,0.98,8.5,11.76,7.65,Strong Buy,24884,-1.73,30442,-1.76,-1.18,15.66,6.03,46.07,2026-06-30,2026-06-30
Birmingham,AL,"Birmingham-Hoover, AL",Jefferson County,139502.36207983375,-2.18,1359.4914439263896,0.54,16313.897327116676,0.975,8.6,11.69,7.6,Strong Buy,196357,-1.95,664744,-1.48,0.68,13.13,7.2,36.28,2026-06-30,2026-06-30
Sault Sainte Marie,MI,"Sault Ste. Marie, MI",Chippewa County,200026.98709064012,6.11,1950,NA,23400,0.975,8.5,11.7,7.6,Strong Buy,NA,NA,NA,NA,NA,NA,NA,NA,2026-06-30,2026-06-30
Munhall,PA,"Pittsburgh, PA",Allegheny County,155780.61767188387,1.31,1512.5277777777776,5.79,18150.333333333332,0.971,8.6,11.65,7.57,Strong Buy,10371,-3.65,1231814,-1.43,2.72,9.6,6.37,35.07,2026-06-30,2026-06-30
East Cleveland,OH,"Cleveland-Elyria, OH",Cuyahoga County,80067.86343707354,-9.83,770.7222222222222,3.64,9248.666666666666,0.963,8.7,11.55,7.51,Strong Buy,13402,-2.55,1240594,-1.75,1.72,9.97,5.22,40.95,2026-06-30,2026-06-30
Decatur,IL,"Decatur, IL",Macon County,107595.59121022932,7.27,1019.3148148148148,0.66,12231.777777777777,0.947,8.8,11.37,7.39,Strong Buy,68763,-3.12,100737,-2.92,1.03,12.81,13.01,30.15,2026-06-30,2026-06-30
Matteson,IL,"Chicago-Naperville-Elgin, IL-IN-WI",Cook County,277508.98099995335,5.59,2621.1111111111113,NA,31453.333333333336,0.945,8.8,11.33,7.37,Strong Buy,18566,-2.39,5182617,-1.6,5.9,8.18,4.67,42.49,2026-06-30,2026-06-30
Warrensville Heights,OH,"Cleveland-Elyria, OH",Cuyahoga County,137084.38519482632,3.68,1295,NA,15540,0.945,8.8,11.34,7.37,Strong Buy,NA,NA,NA,NA,NA,NA,NA,NA,2026-06-30,2026-06-30
Baltimore,MD,"Baltimore-Columbia-Towson, MD",Baltimore City,192669.44391052463,-2.29,1798.88720043573,2.41,21586.64640522876,0.934,8.9,11.2,7.28,Strong Buy,568271,-2.56,NA,NA,NA,NA,NA,NA,2026-06-30,2026-06-30
Mount Olive,NC,"Goldsboro, NC",Duplin County,134622.94262406472,-0.61,1247.5,NA,14970,0.927,9,11.12,7.23,Strong Buy,NA,NA,NA,NA,NA,NA,NA,NA,2026-06-30,2026-06-30
Hazel Park,MI,"Detroit-Warren-Dearborn, MI",Oakland County,162002.71134613384,-4.86,1496.2050264550264,0.21,17954.460317460318,0.924,9,11.08,7.2,Strong Buy,15064,0.78,1296888,1.91,10.58,5.25,6.51,27.73,2026-06-30,2026-06-30
Alton,IL,"St. Louis, MO-IL",Madison County,107516.4898815299,6.25,985.0833333333334,4.71,11821,0.916,9.1,10.99,7.15,Strong Buy,24967,-2.61,263017,-1.03,1.59,8.04,3.83,26.39,2026-06-30,2026-06-30
Dayton,KY,"Cincinnati, OH-KY-IN",Campbell County,204013.0670042145,-0.36,1869.342857142857,-0.85,22432.114285714284,0.916,9.1,11,7.15,Strong Buy,5854,3.39,94008,0.94,0.59,6.11,5.78,28.97,2026-06-30,2026-06-30
Folcroft,PA,"Philadelphia-Camden-Wilmington, PA-NJ-DE-MD",Delaware County,221752.08064950412,1.24,2025,NA,24300,0.913,9.1,10.96,7.12,Strong Buy,NA,NA,NA,NA,NA,NA,NA,NA,2026-06-30,2026-06-30
Enid,OK,"Enid, OK",Garfield County,138537.89715585564,3.65,1259.048076923077,2.69,15108.576923076922,0.909,9.2,10.91,7.09,Strong Buy,50519,-1.25,62007,-1.11,-2.24,13.94,8.95,35.42,2026-06-30,2026-06-30
Pontiac,MI,"Detroit-Warren-Dearborn, MI",Oakland County,143117.8790321543,2.44,1296.4940476190477,2.51,15557.928571428572,0.906,9.2,10.87,7.07,Strong Buy,62528,1.11,1296888,1.91,10.58,5.25,6.51,27.73,2026-06-30,2026-06-30
South Euclid,OH,"Cleveland-Elyria, OH",Cuyahoga County,186859.24590718668,0.11,1694.3630952380954,4.74,20332.357142857145,0.907,9.2,10.88,7.07,Strong Buy,21363,-2.21,1240594,-1.75,1.72,9.97,5.22,40.95,2026-06-30,2026-06-30
Harper Woods,MI,"Detroit-Warren-Dearborn, MI",Wayne County,159855.8294146173,1.9,1444.857142857143,9.02,17338.285714285714,0.904,9.2,10.85,7.05,Strong Buy,14936,-3.23,1771063,-1.04,3.75,12.9,4.58,35.52,2026-06-30,2026-06-30
Lake Station,IN,"Chicago-Naperville-Elgin, IL-IN-WI",Lake County,160809.49361445897,-1.13,1450,NA,17400,0.902,9.2,10.82,7.03,Strong Buy,NA,NA,NA,NA,NA,NA,NA,NA,2026-06-30,2026-06-30
Eastpointe,MI,"Detroit-Warren-Dearborn, MI",Macomb County,156355.75379797467,3.34,1407.5666666666666,0.91,16890.8,0.9,9.3,10.8,7.02,Strong Buy,33943,-0.92,886175,0.67,8.17,4.12,3.23,25.04,2026-06-30,2026-06-30
Altus,OK,"Altus, OK",Jackson County,108958.2570239498,-2.6,980.4166666666666,NA,11765,0.9,9.3,10.8,7.02,Strong Buy,NA,NA,NA,NA,NA,NA,NA,NA,2026-06-30,2026-06-30
Peoria,IL,"Peoria, IL",Peoria County,137410.02436635716,6.34,1235.5357142857144,3.58,14826.428571428572,0.899,9.3,10.79,7.01,Strong Buy,111696,-1.1,179630,-1.04,4.71,9.32,7.26,33.01,2026-06-30,2026-06-30
Lauderhill,FL,"Miami-Fort Lauderdale-Pompano Beach, FL",Broward County,210360.78333804096,-7.46,1891.8382961124896,-2.75,22702.059553349874,0.899,9.3,10.79,7.01,Strong Buy,76627,3.08,2037472,4.84,14.84,13.18,6.08,36.74,2026-06-30,2026-06-30
Ozark,AL,"Ozark, AL",Dale County,150213.53963819038,1.88,1350,NA,16200,0.899,9.3,10.78,7.01,Strong Buy,NA,NA,NA,NA,NA,NA,NA,NA,2026-06-30,2026-06-30
Deerfield Beach,FL,"Miami-Fort Lauderdale-Pompano Beach, FL",Broward County,272664.46146569046,-5.02,2439.512399860676,0.66,29274.14879832811,0.895,9.3,10.74,6.98,Strong Buy,90507,4.3,2037472,4.84,14.84,13.18,6.08,36.74,2026-06-30,2026-06-30
Hazelwood,MO,"St. Louis, MO-IL",Saint Louis County,165568.0166831779,1.41,1481.9444444444443,1.7,17783.333333333332,0.895,9.3,10.74,6.98,Strong Buy,24951,-1.82,NA,NA,NA,NA,NA,NA,2026-06-30,2026-06-30
Siesta Key,FL,"North Port-Sarasota-Bradenton, FL",Sarasota County,825673.4543498472,-5.41,7296.777777777778,NA,87561.33333333334,0.884,9.4,10.6,6.89,Strong Buy,NA,NA,476604,9.25,17.16,21.04,7.8,23.66,2026-06-30,2026-06-30
Trotwood,OH,"Dayton-Kettering, OH",Montgomery County,141775.21433980783,8.54,1249.095238095238,NA,14989.142857142857,0.881,9.5,10.57,6.87,Strong Buy,23073,-0.03,537443,0.06,5.01,8.84,4.22,37.67,2026-06-30,2026-06-30
Redford,MI,"Detroit-Warren-Dearborn, MI",Wayne County,179203.318409658,1.59,1575.7777777777776,4.68,18909.333333333332,0.879,9.5,10.55,6.86,Strong Buy,NA,NA,1771063,-1.04,3.75,12.9,4.58,35.52,2026-06-30,2026-06-30
Elmira,NY,"Elmira, NY",Chemung County,131598.2405888588,4.49,1157.9166666666667,NA,13895,0.88,9.5,10.56,6.86,Strong Buy,26255,-0.22,81115,-3.06,1.55,10.8,7.19,30.16,2026-06-30,2026-06-30
Spanish Lake,MO,"St. Louis, MO-IL",Saint Louis County,150663.9732270017,3.54,1324.2666666666669,1.69,15891.200000000003,0.879,9.5,10.55,6.86,Strong Buy,NA,NA,NA,NA,NA,NA,NA,NA,2026-06-30,2026-06-30
Abilene,TX,"Abilene, TX",Taylor County,222042.64511922095,7.57,1947.3633030447952,41.38,23368.35963653754,0.877,9.5,10.52,6.84,Strong Buy,130501,4.21,148813,3.71,6.63,11.68,3.05,40.24,2026-06-30,2026-06-30
Adamsville,AL,"Birmingham-Hoover, AL",Jefferson County,143341.44139572667,4.74,1255,NA,15060,0.876,9.5,10.51,6.83,Strong Buy,NA,NA,NA,NA,NA,NA,NA,NA,2026-06-30,2026-06-30
Granite City,IL,"St. Louis, MO-IL",Madison County,115883.2304270697,1.9,1012.8611111111112,NA,12154.333333333334,0.874,9.5,10.49,6.82,Strong Buy,26854,-2.41,263017,-1.03,1.59,8.04,3.83,26.39,2026-06-30,2026-06-30
Montgomery,AL,"Montgomery, AL",Montgomery County,153884.89534621037,2.41,1342.861363448333,2.82,16114.336361379996,0.873,9.5,10.47,6.81,Strong Buy,195818,-2.11,225894,-1.08,-2.72,14.19,7.21,42.3,2026-06-30,2026-06-30
Overland,MO,"St. Louis, MO-IL",Saint Louis County,158381.69364026518,2.8,1382.5555555555557,NA,16590.666666666668,0.873,9.5,10.48,6.81,Strong Buy,15547,-2.32,NA,NA,NA,NA,NA,NA,2026-06-30,2026-06-30
Memphis,TN,"Memphis, TN-MS-AR",Shelby County,146746.1210151514,-2.96,1279.6881528294196,0.77,15356.257833953034,0.872,9.6,10.46,6.8,Strong Buy,610919,-2.78,910530,-2.07,-7.65,10.56,7.81,45.42,2026-06-30,2026-06-30
Euclid,OH,"Cleveland-Elyria, OH",Cuyahoga County,150219.07738466436,2.57,1309.5166666666669,2.3,15714.200000000003,0.872,9.6,10.46,6.8,Strong Buy,48421,-2.35,1240594,-1.75,1.72,9.97,5.22,40.95,2026-06-30,2026-06-30
California,PA,"Pittsburgh, PA",Washington County,122222.37710919091,-5.42,1063.888888888889,NA,12766.666666666668,0.87,9.6,10.45,6.79,Strong Buy,NA,NA,NA,NA,NA,NA,NA,NA,2026-06-30,2026-06-30
Herrin,IL,"Carbondale-Marion, IL",Williamson County,115815.81483060964,-3.92,1006.25,NA,12075,0.869,9.6,10.43,6.78,Strong Buy,NA,NA,NA,NA,NA,NA,NA,NA,2026-06-30,2026-06-30
Clarksburg,WV,"Clarksburg, WV",Harrison County,122306.26199175142,-1.21,1061.904761904762,NA,12742.857142857143,0.868,9.6,10.42,6.77,Strong Buy,15262,-4.09,64472,-2.08,4.08,14.79,16.18,26.36,2026-06-30,2026-06-30
Batavia,NY,"Batavia, NY",Genesee County,208726.6365064193,6.55,1812.5,NA,21750,0.868,9.6,10.42,6.77,Strong Buy,NA,NA,NA,NA,NA,NA,NA,NA,2026-06-30,2026-06-30
Clairton,PA,"Pittsburgh, PA",Allegheny County,165072.24408594574,-1.84,1433.1666666666667,16.51,17198,0.868,9.6,10.42,6.77,Strong Buy,5945,-3.68,1231814,-1.43,2.72,9.6,6.37,35.07,2026-06-30,2026-06-30
Hallandale,FL,"Miami-Fort Lauderdale-Pompano Beach, FL",Broward County,278703.98267751816,-6.45,2407.608771929825,2.54,28891.305263157898,0.864,9.6,10.37,6.74,Strong Buy,NA,NA,2037472,4.84,14.84,13.18,6.08,36.74,2026-06-30,2026-06-30
Marshall,TX,"Longview, TX",Harrison County,157812.5626924421,0.93,1359.7777777777776,NA,16317.333333333332,0.862,9.7,10.34,6.72,Strong Buy,NA,NA,NA,NA,NA,NA,NA,NA,2026-06-30,2026-06-30
Everman,TX,"Dallas-Fort Worth-Arlington, TX",Tarrant County,222439.47587315715,-3.37,1916.25,NA,22995,0.861,9.7,10.34,6.72,Strong Buy,NA,NA,NA,NA,NA,NA,NA,NA,2026-06-30,2026-06-30
Palmetto,GA,"Atlanta-Sandy Springs-Alpharetta, GA",Fulton County,243272.8098539509,1.96,2095,NA,25140,0.861,9.7,10.33,6.72,Strong Buy,NA,NA,NA,NA,NA,NA,NA,NA,2026-06-30,2026-06-30
Dayton,OH,"Dayton-Kettering, OH",Montgomery County,141446.42124931127,1.25,1207.3244690874828,3.38,14487.893629049795,0.854,9.8,10.24,6.66,Strong Buy,136346,-0.88,537443,0.06,5.01,8.84,4.22,37.67,2026-06-30,2026-06-30
Weaver,AL,"Anniston-Oxford, AL",Calhoun County,179928.17760082896,4,1535,NA,18420,0.853,9.8,10.24,6.65,Strong Buy,NA,NA,NA,NA,NA,NA,NA,NA,2026-06-30,2026-06-30
Laurel,MS,"Laurel, MS",Jones County,149406.826517686,-1.67,1271,NA,15252,0.851,9.8,10.21,6.64,Strong Buy,NA,NA,NA,NA,NA,NA,NA,NA,2026-06-30,2026-06-30
Normandy,MO,"St. Louis, MO-IL",Saint Louis County,95459.22886392532,0.15,810,NA,9720,0.849,9.8,10.18,6.62,Strong Buy,NA,NA,NA,NA,NA,NA,NA,NA,2026-06-30,2026-06-30
Del City,OK,"Oklahoma City, OK",Oklahoma County,143694.21346453746,0.64,1213.4529914529917,1.12,14561.4358974359,0.844,9.9,10.13,6.59,Strong Buy,21272,-2.44,816490,2.28,2.8,9.49,7.85,41.39,2026-06-30,2026-06-30
Livingston,TX,NA,Polk County,197858.42930460713,-2.3,1670.8333333333333,NA,20050,0.844,9.9,10.13,6.59,Strong Buy,5562,-2.93,54258,7.45,6.51,27.66,10.74,22.5,2026-06-30,2026-06-30
Millvale,PA,"Pittsburgh, PA",Allegheny County,134663.0343467452,-7.54,1134.7222222222224,NA,13616.666666666668,0.843,9.9,10.11,6.57,Strong Buy,3255,-3.41,1231814,-1.43,2.72,9.6,6.37,35.07,2026-06-30,2026-06-30
Saginaw,MI,"Saginaw, MI",Saginaw County,135512.66352030766,6.71,1137.145845004669,6.1,13645.750140056027,0.839,9.9,10.07,6.55,Strong Buy,43001,-2.52,187714,-1.14,2.57,9.92,13.5,26.48,2026-06-30,2026-06-30
Lansing,IL,"Chicago-Naperville-Elgin, IL-IN-WI",Cook County,204228.384547609,1.25,1715.111111111111,NA,20581.333333333332,0.84,9.9,10.08,6.55,Strong Buy,NA,NA,NA,NA,NA,NA,NA,NA,2026-06-30,2026-06-30
Hopkins,SC,"Columbia, SC",Richland County,200782.0363313444,-0.03,1686.8888888888887,NA,20242.666666666664,0.84,9.9,10.08,6.55,Strong Buy,NA,NA,430651,3.6,10.35,10.74,5.98,39.63,2026-06-30,2026-06-30
Bonanza,GA,"Atlanta-Sandy Springs-Alpharetta, GA",Clayton County,225323.97886615168,-3.52,1891.388888888889,NA,22696.666666666668,0.839,9.9,10.07,6.55,Strong Buy,NA,NA,297703,-0.58,-9.79,8.01,9.9,46.81,2026-06-30,2026-06-30
Conley,GA,"Atlanta-Sandy Springs-Alpharetta, GA",Dekalb County,229234.873029473,-4.39,1921.4444444444448,7.55,23057.333333333336,0.838,9.9,10.06,6.54,Strong Buy,NA,NA,NA,NA,NA,NA,NA,NA,2026-06-30,2026-06-30
Center Point,AL,"Birmingham-Hoover, AL",Jefferson County,159587.0978944803,2.6,1333.111111111111,6.48,15997.333333333332,0.835,10,10.02,6.52,Strong Buy,15603,-4.41,664744,-1.48,0.68,13.13,7.2,36.28,2026-06-30,2026-06-30
Chickasha,OK,"Oklahoma City, OK",Grady County,160705.12259173885,5.24,1339.25,5.67,16071,0.833,10,10,6.5,Strong Buy,17014,5.92,58353,6.32,15.27,11.97,6.66,24.72,2026-06-30,2026-06-30
Wilmer,TX,"Dallas-Fort Worth-Arlington, TX",Dallas County,226418.93912611177,-2.64,1887.5,NA,22650,0.834,10,10,6.5,Strong Buy,NA,NA,NA,NA,NA,NA,NA,NA,2026-06-30,2026-06-30
New Iberia,LA,"Lafayette, LA",Iberia Parish,152968.7884452124,1.38,1273.5,NA,15282,0.833,10,9.99,6.49,Strong Buy,26849,-5.47,67540,-3.6,-2.62,13.92,10.97,32.01,2026-06-30,2026-06-30
Coconut Creek,FL,"Miami-Fort Lauderdale-Pompano Beach, FL",Broward County,279711.0102567375,-8.08,2328.8056493993995,1.25,27945.667792792796,0.833,10,9.99,6.49,Strong Buy,59721,3.45,2037472,4.84,14.84,13.18,6.08,36.74,2026-06-30,2026-06-30
Toledo,OH,"Toledo, OH",Lucas County,135475.9469094187,5.32,1125.0968430684763,4.66,13501.162116821717,0.83,10,9.97,6.48,Strong Buy,265638,-1.72,426291,-1.06,-0.51,9.27,4.76,38.34,2026-06-30,2026-06-30
Fountainbleau,FL,"Miami-Fort Lauderdale-Pompano Beach, FL",Miami-Dade County,299638.26062835864,-5.57,2491.124537037037,-0.9,29893.494444444445,0.831,10,9.98,6.48,Strong Buy,NA,NA,2838461,5.29,19.88,11.11,5.36,47.81,2026-06-30,2026-06-30
Lyndhurst,OH,"Cleveland-Elyria, OH",Cuyahoga County,241051.24502145543,2.42,2001.5555555555557,NA,24018.666666666668,0.83,10,9.96,6.48,Strong Buy,NA,NA,NA,NA,NA,NA,NA,NA,2026-06-30,2026-06-30
Hammond,IN,"Chicago-Naperville-Elgin, IL-IN-WI",Lake County,178515.8647882746,0.71,1479.0438034188037,4.45,17748.525641025644,0.829,10.1,9.94,6.46,Strong Buy,76030,-2.22,502955,0.8,4.19,10.57,4.92,29.14,2026-06-30,2026-06-30
Johnstown,PA,"Johnstown, PA",Cambria County,104494.82950301988,-0.03,863.6957671957671,8.01,10364.349206349205,0.827,10.1,9.92,6.45,Strong Buy,17853,-2.8,130108,-2.32,1.2,13.65,4.75,24.19,2026-06-30,2026-06-30
Midland,PA,"Pittsburgh, PA",Beaver County,114267.41009433533,-2.2,945,NA,11340,0.827,10.1,9.92,6.45,Strong Buy,NA,NA,NA,NA,NA,NA,NA,NA,2026-06-30,2026-06-30
Macomb,IL,"Macomb, IL",McDonough County,111290.82504335446,1.45,918.75,NA,11025,0.826,10.1,9.91,6.44,Strong Buy,NA,NA,NA,NA,NA,NA,NA,NA,2026-06-30,2026-06-30
Lancaster,TX,"Dallas-Fort Worth-Arlington, TX",Dallas County,273548.3173691331,-2.87,2253.4647435897436,4.56,27041.576923076922,0.824,10.1,9.89,6.43,Strong Buy,40780,-1.17,2656028,1.73,0.15,7.76,8.95,49.22,2026-06-30,2026-06-30
Moss Point,MS,"Gulfport-Biloxi, MS",Jackson County,150633.46740329216,-0.71,1241.6666666666663,NA,14899.999999999996,0.824,10.1,9.89,6.43,Strong Buy,NA,NA,NA,NA,NA,NA,NA,NA,2026-06-30,2026-06-30
Round Lake Beach,IL,"Chicago-Naperville-Elgin, IL-IN-WI",Lake County,260609.4973394149,4.49,2142.222222222222,7.7,25706.666666666664,0.822,10.1,9.86,6.41,Strong Buy,27091,-0.43,718604,0.73,3.75,4.97,4.19,25.6,2026-06-30,2026-06-30
Rex,GA,"Atlanta-Sandy Springs-Alpharetta, GA",Clayton County,235063.65371129848,-4.31,1929.4214285714288,2.51,23153.057142857146,0.821,10.2,9.85,6.4,Strong Buy,NA,NA,297703,-0.58,-9.79,8.01,9.9,46.81,2026-06-30,2026-06-30
Liverpool,NY,"Syracuse, NY",Onondaga County,296192.31713101186,6.83,2420.634920634921,4.8,29047.619047619053,0.817,10.2,9.81,6.37,Strong Buy,2257,-1.78,469812,-0.93,1.17,7.9,4.94,34.34,2026-06-30,2026-06-30
Channelview,TX,"Houston-The Woodlands-Sugar Land, TX",Harris County,214560.25237848825,0.2,1751.6666666666667,2.88,21020,0.816,10.2,9.8,6.37,Strong Buy,NA,NA,5009302,5.78,13.97,8.3,8.76,45.24,2026-06-30,2026-06-30
Florissant,MO,"St. Louis, MO-IL",Saint Louis County,197930.8885415035,0.85,1612.919631093544,5.84,19355.035573122528,0.815,10.2,9.78,6.36,Strong Buy,51290,-2.23,NA,NA,NA,NA,NA,NA,2026-06-30,2026-06-30
Pine Hill,NJ,"Philadelphia-Camden-Wilmington, PA-NJ-DE-MD",Camden County,288326.64910342713,3.89,2350,NA,28200,0.815,10.2,9.78,6.36,Strong Buy,NA,NA,NA,NA,NA,NA,NA,NA,2026-06-30,2026-06-30
Delray Beach,FL,"Miami-Fort Lauderdale-Pompano Beach, FL",Palm Beach County,342428.5438204667,-2.8,2787.7569335426474,3.47,33453.08320251177,0.814,10.2,9.77,6.35,Strong Buy,70140,4.98,1582055,5.87,15.98,16.36,6.94,30.14,2026-06-30,2026-06-30
Hartford,CT,"Hartford-East Hartford-Middletown, CT",Hartford County,205552.29724112817,2.8,1671.726676939972,1.54,20060.720123279665,0.813,10.2,9.76,6.34,Strong Buy,122129,1.38,NA,NA,NA,NA,NA,NA,2026-06-30,2026-06-30
Taylor,MI,"Detroit-Warren-Dearborn, MI",Wayne County,182226.59535515236,2.23,1481.777777777778,3.66,17781.333333333336,0.813,10.2,9.76,6.34,Strong Buy,61544,-2.57,1771063,-1.04,3.75,12.9,4.58,35.52,2026-06-30,2026-06-30
Southgate,MI,"Detroit-Warren-Dearborn, MI",Wayne County,199299.5991067211,2.75,1620.8333333333333,4.58,19450,0.813,10.2,9.76,6.34,Strong Buy,29081,-2.75,1771063,-1.04,3.75,12.9,4.58,35.52,2026-06-30,2026-06-30
La Place,LA,"New Orleans-Metairie, LA",Saint John the Baptist Parish,213127.52537951703,-2.23,1720.2777777777776,0.07,20643.333333333332,0.807,10.3,9.69,6.3,Strong Buy,NA,NA,NA,NA,NA,NA,NA,NA,2026-06-30,2026-06-30
Lincoln Park,MI,"Detroit-Warren-Dearborn, MI",Wayne County,156457.90758013807,2.24,1262.638888888889,2.56,15151.666666666668,0.807,10.3,9.68,6.29,Strong Buy,38774,-3.32,1771063,-1.04,3.75,12.9,4.58,35.52,2026-06-30,2026-06-30
La Marque,TX,"Houston-The Woodlands-Sugar Land, TX",Galveston County,233576.7365476933,-3.64,1883.3809523809523,4.46,22600.571428571428,0.806,10.3,9.68,6.29,Strong Buy,20194,9.39,367407,4.49,11.39,13,8.22,32.51,2026-06-30,2026-06-30
Palm Springs,FL,"Miami-Fort Lauderdale-Pompano Beach, FL",Palm Beach County,269559.5168760246,-2.23,2168.474358974359,-3.46,26021.692307692305,0.804,10.4,9.65,6.27,Strong Buy,28548,6.2,1582055,5.87,15.98,16.36,6.94,30.14,2026-06-30,2026-06-30
Waycross,GA,"Waycross, GA",Ware County,149873.72559041707,1.71,1200,NA,14400,0.801,10.4,9.61,6.25,Strong Buy,NA,NA,NA,NA,NA,NA,NA,NA,2026-06-30,2026-06-30
Westlake,LA,"Lake Charles, LA",Calcasieu Parish,186949.84891240197,3.7,1498.8333333333333,NA,17986,0.802,10.4,9.62,6.25,Strong Buy,4735,-4.42,206861,-4.45,9.82,18.49,13.5,27.76,2026-06-30,2026-06-30
Blythe,CA,"Riverside-San Bernardino-Ontario, CA",Riverside County,218667.5729093256,-8.11,1750,NA,21000,0.8,10.4,9.6,6.24,Strong Buy,NA,NA,NA,NA,NA,NA,NA,NA,2026-06-30,2026-06-30
Shannon Hills,AR,"Little Rock-North Little Rock-Conway, AR",Saline County,196915.68324225748,3.02,1575,NA,18900,0.8,10.4,9.6,6.24,Strong Buy,NA,NA,NA,NA,NA,NA,NA,NA,2026-06-30,2026-06-30
Pascagoula,MS,"Gulfport-Biloxi, MS",Jackson County,146072.36009027154,-0.58,1166.0317460317465,21.03,13992.380952380958,0.798,10.4,9.58,6.23,Strong Buy,21476,-2.24,147002,2.53,6.19,9.47,10.9,28.03,2026-06-30,2026-06-30
Woodlawn,OH,"Cincinnati, OH-KY-IN",Hamilton County,201962.0762560556,0.44,1613.9444444444446,5.26,19367.333333333336,0.799,10.4,9.59,6.23,Strong Buy,3913,0.13,837359,0.84,4.18,7.42,4.2,41.01,2026-06-30,2026-06-30
Atlantic City,NJ,"Atlantic City-Hammonton, NJ",Atlantic County,221431.75990750297,1.65,1765.138888888889,1.69,21181.666666666668,0.797,10.5,9.57,6.22,Strong Buy,38959,1.41,279114,1.79,8.62,17.71,4.68,32.16,2026-06-30,2026-06-30
Brownsville,TX,"Brownsville-Harlingen, TX",Cameron County,196963.91036338257,2.17,1568.8220211161388,5.46,18825.864253393665,0.797,10.5,9.56,6.21,Strong Buy,191967,2.85,431874,2.44,0.98,14.04,5.55,34.76,2026-06-30,2026-06-30
Shreveport,LA,"Shreveport-Bossier City, LA",Caddo Parish,147050.8402731369,2.14,1169.8392531876136,3.69,14038.071038251364,0.796,10.5,9.55,6.21,Strong Buy,176578,-5.47,224893,-5.07,-5.18,15.68,9.02,39.35,2026-06-30,2026-06-30
Roswell,NM,"Roswell, NM",Chaves County,175685.0619600742,0.71,1398.7619047619046,6.87,16785.142857142855,0.796,10.5,9.55,6.21,Strong Buy,47176,-2.61,63697,-2.23,0.17,11.9,6.07,31.31,2026-06-30,2026-06-30
Charleston,WV,"Charleston, WV",Kanawha County,172277.6701001462,2.23,1369.809523809524,4.79,16437.71428571429,0.795,10.5,9.54,6.2,Strong Buy,46482,-4.43,173906,-3.5,0.74,15.03,9.26,29.83,2026-06-30,2026-06-30
Warren,OH,"Youngstown-Warren-Boardman, OH-PA",Trumbull County,129849.08230560948,8.71,1032.4444444444446,11.76,12389.333333333336,0.795,10.5,9.54,6.2,Strong Buy,38683,-1.23,200300,-0.69,3.66,8.86,6.18,28.5,2026-06-30,2026-06-30
Evergreen Park,IL,"Chicago-Naperville-Elgin, IL-IN-WI",Cook County,296153.1635976568,5.43,2352.5,NA,28230,0.794,10.5,9.53,6.2,Strong Buy,NA,NA,NA,NA,NA,NA,NA,NA,2026-06-30,2026-06-30
Loves Park,IL,"Rockford, IL",Winnebago County,204324.54077653136,7.7,1615.6944444444443,NA,19388.333333333332,0.791,10.5,9.49,6.17,Strong Buy,NA,NA,NA,NA,NA,NA,NA,NA,2026-06-30,2026-06-30
West Reading,PA,"Reading, PA",Berks County,247297.99967639495,-0.69,1955.5555555555552,NA,23466.666666666664,0.791,10.5,9.49,6.17,Strong Buy,NA,NA,NA,NA,NA,NA,NA,NA,2026-06-30,2026-06-30
Plainview,TX,"Plainview, TX",Hale County,120203.0647454369,-1.82,947,NA,11364,0.788,10.6,9.45,6.15,Strong Buy,NA,NA,NA,NA,NA,NA,NA,NA,2026-06-30,2026-06-30
Tamaqua,PA,"Pottsville, PA",Schuylkill County,162753.5998956575,2.62,1282.5,NA,15390,0.788,10.6,9.46,6.15,Strong Buy,NA,NA,NA,NA,NA,NA,NA,NA,2026-06-30,2026-06-30
Sun City Center,FL,"Tampa-St. Petersburg-Clearwater, FL",Hillsborough County,272127.01639195817,-6.91,2143.25641025641,-0.09,25719.076923076922,0.788,10.6,9.45,6.14,Strong Buy,NA,NA,1581426,7.85,12.2,7.8,6.74,38.94,2026-06-30,2026-06-30
Pottsville,PA,"Pottsville, PA",Schuylkill County,156914.81356830252,5.45,1235.8333333333333,4.9,14830,0.788,10.6,9.45,6.14,Strong Buy,13404,0.46,144523,1.09,8.84,14.6,4.32,23.74,2026-06-30,2026-06-30
Borger,TX,"Borger, TX",Hutchinson County,114302.4137854129,2.4,900,NA,10800,0.787,10.6,9.45,6.14,Strong Buy,NA,NA,NA,NA,NA,NA,NA,NA,2026-06-30,2026-06-30
Holly Hill,FL,"Deltona-Daytona Beach-Ormond Beach, FL",Volusia County,201308.41269814665,-4.11,1581.8055555555557,13.76,18981.666666666668,0.786,10.6,9.43,6.13,Strong Buy,13183,1.6,602772,8.46,21.72,14.56,6.51,27.2,2026-06-30,2026-06-30
Fresno,TX,"Houston-The Woodlands-Sugar Land, TX",Fort Bend County,274094.9124438274,-2.19,2150.4166666666665,2.64,25805,0.785,10.6,9.41,6.12,Strong Buy,NA,NA,958434,15.57,27.37,4.23,6.33,22.52,2026-06-30,2026-06-30
Freeport,IL,"Freeport, IL",Stephenson County,129296.51287854312,7.36,1012.5,NA,12150,0.783,10.6,9.4,6.11,Strong Buy,23140,-3.42,43088,-3.33,-0.12,8.92,2.49,28.99,2026-06-30,2026-06-30
Union City,GA,"Atlanta-Sandy Springs-Alpharetta, GA",Fulton County,232968.9868254587,-4.47,1826.2041666666669,3.92,21914.450000000004,0.784,10.6,9.41,6.11,Strong Buy,28195,4.11,1090354,1.97,1.33,8.52,7.69,45.86,2026-06-30,2026-06-30
Hypoluxo,FL,"Miami-Fort Lauderdale-Pompano Beach, FL",Palm Beach County,299192.1901648456,-7.67,2341.6666666666665,NA,28100,0.783,10.6,9.39,6.1,Strong Buy,2941,9.21,1582055,5.87,15.98,16.36,6.94,30.14,2026-06-30,2026-06-30
Akron,OH,"Akron, OH",Summit County,144687.40824753567,3.46,1130.0238780513805,4.59,13560.286536616566,0.781,10.7,9.37,6.09,Strong Buy,189664,-0.25,538370,-0.27,4.33,7.17,3.55,32.71,2026-06-30,2026-06-30
Alexandria,LA,"Alexandria, LA",Rapides Parish,148189.9993868823,1.28,1157.4583333333333,1.28,13889.5,0.781,10.7,9.37,6.09,Strong Buy,43133,-4.37,125899,-2.9,-3.65,16.57,7.31,34.71,2026-06-30,2026-06-30
Columbus,MS,"Columbus, MS",Lowndes County,177680.99617343416,1.69,1388.111111111111,5.3,16657.333333333332,0.781,10.7,9.37,6.09,Strong Buy,22820,-4.9,57210,-2.68,-3.57,15.59,6.55,37.69,2026-06-30,2026-06-30
Altoona,PA,"Altoona, PA",Blair County,145886.85896419996,4.68,1137.6944444444443,8.62,13652.333333333332,0.78,10.7,9.36,6.08,Strong Buy,42719,-2.64,120269,-1.95,2.66,9.39,6.47,27.55,2026-06-30,2026-06-30
East Chicago,IN,"Chicago-Naperville-Elgin, IL-IN-WI",Lake County,131018.94666901174,-5.66,1018.690476190476,7.47,12224.285714285712,0.778,10.7,9.33,6.06,Strong Buy,25768,-2.19,502955,0.8,4.19,10.57,4.92,29.14,2026-06-30,2026-06-30
Vestal,NY,"Binghamton, NY",Broome County,262848.4888549082,6.9,2037.5,NA,24450,0.775,10.8,9.3,6.05,Strong Buy,NA,NA,NA,NA,NA,NA,NA,NA,2026-06-30,2026-06-30
Palestine,TX,"Palestine, TX",Anderson County,199528.684263458,0.4,1546.3333333333333,NA,18556,0.775,10.8,9.3,6.04,Strong Buy,NA,NA,NA,NA,NA,NA,NA,NA,2026-06-30,2026-06-30
Haughton,LA,"Shreveport-Bossier City, LA",Bossier Parish,257545.620430152,1.86,1993.75,NA,23925,0.774,10.8,9.29,6.04,Strong Buy,NA,NA,NA,NA,NA,NA,NA,NA,2026-06-30,2026-06-30
Pleasantville,NJ,"Atlantic City-Hammonton, NJ",Atlantic County,247524.49701816737,3.82,1917.388888888889,NA,23008.666666666668,0.775,10.8,9.3,6.04,Strong Buy,20924,1.61,279114,1.79,8.62,17.71,4.68,32.16,2026-06-30,2026-06-30
Vandergrift,PA,"Pittsburgh, PA",Armstrong County,109916.62912863489,-4.2,850,NA,10200,0.773,10.8,9.28,6.03,Strong Buy,NA,NA,NA,NA,NA,NA,NA,NA,2026-06-30,2026-06-30
Newberry,SC,"Newberry, SC",Newberry County,173248.55928249573,0.47,1337.5,NA,16050,0.772,10.8,9.26,6.02,Strong Buy,NA,NA,NA,NA,NA,NA,NA,NA,2026-06-30,2026-06-30
Fort Valley,GA,"Warner Robins, GA",Peach County,162538.96078043603,3.04,1255,NA,15060,0.772,10.8,9.27,6.02,Strong Buy,NA,NA,NA,NA,NA,NA,NA,NA,2026-06-30,2026-06-30
Freeport,TX,"Houston-The Woodlands-Sugar Land, TX",Brazoria County,164233.93492980555,6.99,1267.25,NA,15207,0.772,10.8,9.26,6.02,Strong Buy,NA,NA,NA,NA,NA,NA,NA,NA,2026-06-30,2026-06-30
Girard,OH,"Youngstown-Warren-Boardman, OH-PA",Trumbull County,153495.33428617744,7.87,1183.3333333333333,NA,14200,0.771,10.8,9.25,6.01,Strong Buy,9454,-1.25,200300,-0.69,3.66,8.86,6.18,28.5,2026-06-30,2026-06-30
Garden City,MI,"Detroit-Warren-Dearborn, MI",Wayne County,209304.64663026232,2.6,1606.3888888888887,NA,19276.666666666664,0.767,10.9,9.21,5.99,Strong Buy,26410,-3.21,1771063,-1.04,3.75,12.9,4.58,35.52,2026-06-30,2026-06-30
North Bay Village,FL,"Miami-Fort Lauderdale-Pompano Beach, FL",Miami-Dade County,390287.114801986,-0.9,2999.6068376068374,0.89,35995.28205128205,0.769,10.8,9.22,5.99,Strong Buy,8286,2.03,2838461,5.29,19.88,11.11,5.36,47.81,2026-06-30,2026-06-30
Arcola,TX,"Houston-The Woodlands-Sugar Land, TX",Fort Bend County,309755.290688635,-0.85,2380,NA,28560,0.768,10.8,9.22,5.99,Strong Buy,NA,NA,NA,NA,NA,NA,NA,NA,2026-06-30,2026-06-30
Ellenwood,GA,"Atlanta-Sandy Springs-Alpharetta, GA",Dekalb County,281337.4212426881,-2.84,2156.58658008658,7.51,25879.03896103896,0.767,10.9,9.2,5.98,Strong Buy,NA,NA,NA,NA,NA,NA,NA,NA,2026-06-30,2026-06-30
Seagoville,TX,"Dallas-Fort Worth-Arlington, TX",Dallas County,273284.4693758392,-3.77,2094.3333333333335,-0.02,25132,0.766,10.9,9.2,5.98,Strong Buy,20124,8.46,2656028,1.73,0.15,7.76,8.95,49.22,2026-06-30,2026-06-30
Gautier,MS,"Gulfport-Biloxi, MS",Jackson County,192267.5724458222,0.66,1473.0833333333333,NA,17677,0.766,10.9,9.19,5.98,Strong Buy,19055,0.2,147002,2.53,6.19,9.47,10.9,28.03,2026-06-30,2026-06-30
Horn Lake,MS,"Memphis, TN-MS-AR",DeSoto County,205360.0670058302,0.62,1571.3611111111113,0.53,18856.333333333336,0.765,10.9,9.18,5.97,Strong Buy,26574,-0.62,195871,5.23,10.71,6.4,13.83,22.2,2026-06-30,2026-06-30
Browns Mills,NJ,"Philadelphia-Camden-Wilmington, PA-NJ-DE-MD",Burlington County,338076.67470569623,1.81,2588.1349206349205,NA,31057.619047619046,0.766,10.9,9.19,5.97,Strong Buy,NA,NA,NA,NA,NA,NA,NA,NA,2026-06-30,2026-06-30
Albion,MI,"Battle Creek, MI",Calhoun County,142998.11123780665,0.1,1094.75,NA,13137,0.766,10.9,9.19,5.97,Strong Buy,NA,NA,NA,NA,NA,NA,NA,NA,2026-06-30,2026-06-30
Port Isabel,TX,"Brownsville-Harlingen, TX",Cameron County,266145.24763044534,2.49,2037.5,NA,24450,0.766,10.9,9.19,5.97,Strong Buy,NA,NA,NA,NA,NA,NA,NA,NA,2026-06-30,2026-06-30
Philadelphia,PA,"Philadelphia-Camden-Wilmington, PA-NJ-DE-MD",Philadelphia County,237458.54192729967,0.36,1813.932795842147,3.39,21767.193550105763,0.764,10.9,9.17,5.96,Strong Buy,1573916,-1.68,1573916,-1.68,3.81,9.53,5.4,47.68,2026-06-30,2026-06-30
Lawton,OK,"Lawton, OK",Comanche County,142203.8058295458,5.64,1085.7260553344145,5.12,13028.712664012974,0.763,10.9,9.16,5.96,Strong Buy,90027,-0.38,121396,0.21,-7.24,15.06,5.7,45.03,2026-06-30,2026-06-30
Lumberton,NC,"Lumberton, NC",Robeson County,154458.19060408077,1.2,1180.8333333333337,NA,14170.000000000004,0.765,10.9,9.17,5.96,Strong Buy,NA,NA,NA,NA,NA,NA,NA,NA,2026-06-30,2026-06-30
Ardmore,OK,"Ardmore, OK",Carter County,157124.25694373678,-0.57,1200.2777777777776,6.17,14403.333333333332,0.764,10.9,9.17,5.96,Strong Buy,25064,1.35,49135,2.28,5.54,12.64,6,32.34,2026-06-30,2026-06-30
Ludowici,GA,"Hinesville, GA",Long County,293455.7207998329,2.31,2239.777777777778,NA,26877.333333333336,0.763,10.9,9.16,5.95,Strong Buy,NA,NA,NA,NA,NA,NA,NA,NA,2026-06-30,2026-06-30
Burlington,IA,"Burlington, IA-IL",Des Moines County,128940.35073097168,1.32,982.5,NA,11790,0.762,10.9,9.14,5.94,Strong Buy,NA,NA,NA,NA,NA,NA,NA,NA,2026-06-30,2026-06-30
Brentwood,PA,"Pittsburgh, PA",Allegheny County,179099.09004234182,-4.29,1363.9444444444443,10.18,16367.333333333332,0.762,10.9,9.14,5.94,Strong Buy,9704,-3.68,1231814,-1.43,2.72,9.6,6.37,35.07,2026-06-30,2026-06-30
River Grove,IL,"Chicago-Naperville-Elgin, IL-IN-WI",Cook County,324969.5057000508,4.98,2471.3888888888887,NA,29656.666666666664,0.76,11,9.13,5.93,Strong Buy,NA,NA,NA,NA,NA,NA,NA,NA,2026-06-30,2026-06-30
Bacliff,TX,"Houston-The Woodlands-Sugar Land, TX",Galveston County,216795.19106476905,-0.36,1647.9166666666667,NA,19775,0.76,11,9.12,5.93,Strong Buy,NA,NA,367407,4.49,11.39,13,8.22,32.51,2026-06-30,2026-06-30
South Pasadena,FL,"Tampa-St. Petersburg-Clearwater, FL",Pinellas County,296524.0115315204,-7.37,2256.111111111111,NA,27073.33333333333,0.761,11,9.13,5.93,Strong Buy,5280,-1.27,965870,0.63,3.8,18.32,8.78,30.56,2026-06-30,2026-06-30
Anderson,IN,"Indianapolis-Carmel-Anderson, IN",Madison County,138938.14128820153,3.81,1053.8333333333333,5.29,12646,0.758,11,9.1,5.92,Strong Buy,55851,1.88,134222,3.12,12.05,10.55,6.46,30.03,2026-06-30,2026-06-30
Cayce,SC,"Columbia, SC",Lexington County,215186.69843527183,2.33,1632.9166666666667,1.89,19595,0.759,11,9.11,5.92,Strong Buy,13645,-0.81,313774,6.37,11.83,7.71,3.5,23.15,2026-06-30,2026-06-30
Grayson Valley,AL,"Birmingham-Hoover, AL",Jefferson County,177162.54218799787,0.55,1344.1944444444443,NA,16130.333333333332,0.759,11,9.1,5.92,Strong Buy,NA,NA,664744,-1.48,0.68,13.13,7.2,36.28,2026-06-30,2026-06-30
Bay City,MI,"Bay City, MI",Bay County,127230.6796984425,5.27,964.1666666666666,2.75,11570,0.758,11,9.09,5.91,Strong Buy,32086,-1.64,102651,-1.06,2.39,7.62,4.25,23.64,2026-06-30,2026-06-30
Crest Hill,IL,"Chicago-Naperville-Elgin, IL-IN-WI",Will County,285381.9137378452,0.91,2162.25,NA,25947,0.758,11,9.09,5.91,Strong Buy,NA,NA,NA,NA,NA,NA,NA,NA,2026-06-30,2026-06-30
Parker,FL,"Panama City, FL",Bay County,238540.1415326771,0.64,1807.638888888889,1.63,21691.666666666668,0.758,11,9.09,5.91,Strong Buy,4801,20.6,199718,14.42,36.38,28.33,10.57,31.72,2026-06-30,2026-06-30
Duncan,OK,"Duncan, OK",Stephens County,139849.95685509717,2.41,1058.3333333333333,NA,12700,0.757,11,9.08,5.9,Strong Buy,23174,2.3,44075,2.92,4.13,15.18,3.6,25.5,2026-06-30,2026-06-30
Cheviot,OH,"Cincinnati, OH-KY-IN",Hamilton County,188175.6628688429,0.28,1424.1666666666667,NA,17090,0.757,11,9.08,5.9,Strong Buy,8640,-1.26,837359,0.84,4.18,7.42,4.2,41.01,2026-06-30,2026-06-30
Lawnside,NJ,"Philadelphia-Camden-Wilmington, PA-NJ-DE-MD",Camden County,310824.0814628415,3.82,2350,NA,28200,0.756,11,9.07,5.9,Strong Buy,NA,NA,NA,NA,NA,NA,NA,NA,2026-06-30,2026-06-30
Balch Springs,TX,"Dallas-Fort Worth-Arlington, TX",Dallas County,225611.535051955,-4.18,1703.571428571429,2.63,20442.857142857145,0.755,11,9.06,5.89,Strong Buy,27307,-1.17,2656028,1.73,0.15,7.76,8.95,49.22,2026-06-30,2026-06-30
Mays Landing,NJ,"Atlantic City-Hammonton, NJ",Atlantic County,315345.12927458104,1.43,2381.3888888888887,NA,28576.666666666664,0.755,11,9.06,5.89,Strong Buy,NA,NA,279114,1.79,8.62,17.71,4.68,32.16,2026-06-30,2026-06-30
El Reno,OK,"Oklahoma City, OK",Canadian County,184587.3610810679,2.55,1394.9444444444443,4.9,16739.333333333332,0.756,11,9.07,5.89,Strong Buy,20041,16.99,181760,16.93,26.01,5.78,5.62,25.24,2026-06-30,2026-06-30
Southwick,MA,"Springfield, MA",Hampden County,421779.95258515613,3.68,3185,NA,38220,0.755,11,9.06,5.89,Strong Buy,NA,NA,NA,NA,NA,NA,NA,NA,2026-06-30,2026-06-30
Lima,OH,"Lima, OH",Allen County,155891.36530506893,6.16,1176.1261904761905,5.05,14113.514285714286,0.754,11,9.05,5.88,Strong Buy,34690,-2.23,100866,-1.24,0.08,8.43,2.83,31.68,2026-06-30,2026-06-30
Los Fresnos,TX,"Brownsville-Harlingen, TX",Cameron County,218760.0790608713,1.54,1650,NA,19800,0.754,11,9.05,5.88,Strong Buy,NA,NA,NA,NA,NA,NA,NA,NA,2026-06-30,2026-06-30
Holiday,FL,"Tampa-St. Petersburg-Clearwater, FL",Pasco County,222166.88232742265,-3.06,1672.4799220272905,0.67,20069.759064327485,0.753,11.1,9.03,5.87,Strong Buy,NA,NA,659114,16.41,37.43,13.3,5.54,24.5,2026-06-30,2026-06-30
Mount Pleasant,TX,"Mount Pleasant, TX",Titus County,223678.24596508793,-3.69,1684.6666666666667,NA,20216,0.753,11.1,9.04,5.87,Strong Buy,16238,0.71,31547,0.81,0.1,9.08,5.61,31.01,2026-06-30,2026-06-30
Deridder,LA,"DeRidder, LA",Beauregard Parish,178735.10889477076,-3.5,1345.2777777777776,NA,16143.333333333332,0.753,11.1,9.03,5.87,Strong Buy,NA,NA,36695,0.24,-6.46,14.26,3.84,16.83,2026-06-30,2026-06-30
Diamondhead,MS,"Gulfport-Biloxi, MS",Hancock County,249249.51987051495,1,1875,NA,22500,0.752,11.1,9.03,5.87,Strong Buy,NA,NA,NA,NA,NA,NA,NA,NA,2026-06-30,2026-06-30
Riverdale,GA,"Atlanta-Sandy Springs-Alpharetta, GA",Clayton County,216673.14039546097,-4.42,1628.4459588713537,1.62,19541.351506456245,0.752,11.1,9.02,5.86,Strong Buy,14586,-2.83,297703,-0.58,-9.79,8.01,9.9,46.81,2026-06-30,2026-06-30
Orangeburg,SC,"Orangeburg, SC",Orangeburg County,168811.63821402637,2.63,1268.1666666666667,0.18,15218,0.751,11.1,9.01,5.86,Strong Buy,13378,1.52,83129,-1,4.43,20.62,6.06,34.09,2026-06-30,2026-06-30
Westwego,LA,"New Orleans-Metairie, LA",Jefferson Parish,188482.6163792829,1,1416.6666666666667,3.59,17000,0.752,11.1,9.02,5.86,Strong Buy,NA,NA,NA,NA,NA,NA,NA,NA,2026-06-30,2026-06-30
Saint Ann,MO,"St. Louis, MO-IL",Saint Louis County,164537.77835699628,1.42,1236,4.83,14832,0.751,11.1,9.01,5.86,Strong Buy,NA,NA,NA,NA,NA,NA,NA,NA,2026-06-30,2026-06-30
Beckley,WV,"Beckley, WV",Raleigh County,154440.11328543333,-0.02,1158.3333333333333,NA,13900,0.75,11.1,9,5.85,Strong Buy,16515,-4.06,72379,-2.73,3.55,16.1,7.19,25.35,2026-06-30,2026-06-30
Verona,PA,"Pittsburgh, PA",Allegheny County,179543.99812780882,0.52,1346.5277777777776,NA,16158.333333333332,0.75,11.1,9,5.85,Strong Buy,2403,-3.65,1231814,-1.43,2.72,9.6,6.37,35.07,2026-06-30,2026-06-30
Truth or Consequences,NM,NA,Sierra County,159997.89137407867,1.65,1200,NA,14400,0.75,11.1,9,5.85,Strong Buy,NA,NA,NA,NA,NA,NA,NA,NA,2026-06-30,2026-06-30
West Mifflin,PA,"Pittsburgh, PA",Allegheny County,167381.79302591685,1.85,1252.888888888889,NA,15034.666666666668,0.749,11.1,8.98,5.84,Strong Buy,18902,-3.42,1231814,-1.43,2.72,9.6,6.37,35.07,2026-06-30,2026-06-30
Roseville,MI,"Detroit-Warren-Dearborn, MI",Macomb County,175590.23134059855,3.15,1312.9217032967033,2.09,15755.060439560439,0.748,11.1,8.97,5.83,Strong Buy,47047,-1.2,886175,0.67,8.17,4.12,3.23,25.04,2026-06-30,2026-06-30
Austintown,OH,"Youngstown-Warren-Boardman, OH-PA",Mahoning County,183896.83777101888,7.69,1375,NA,16500,0.748,11.1,8.97,5.83,Strong Buy,NA,NA,NA,NA,NA,NA,NA,NA,2026-06-30,2026-06-30
Melvindale,MI,"Detroit-Warren-Dearborn, MI",Wayne County,144278.84091199015,1.76,1077.6111111111113,5.41,12931.333333333336,0.747,11.2,8.96,5.83,Strong Buy,12401,-3.19,1771063,-1.04,3.75,12.9,4.58,35.52,2026-06-30,2026-06-30
Irondale,AL,"Birmingham-Hoover, AL",Jefferson County,294406.5728736764,1.92,2197.2916666666665,2.36,26367.5,0.746,11.2,8.96,5.82,Strong Buy,13545,0.51,664744,-1.48,0.68,13.13,7.2,36.28,2026-06-30,2026-06-30
Highland Heights,KY,"Cincinnati, OH-KY-IN",Campbell County,211503.4177170244,-1.03,1577.9166666666663,NA,18934.999999999996,0.746,11.2,8.95,5.82,Strong Buy,NA,NA,NA,NA,NA,NA,NA,NA,2026-06-30,2026-06-30
Willingboro Township,NJ,"Philadelphia-Camden-Wilmington, PA-NJ-DE-MD",Burlington County,364249.8501218252,1.19,2711.1111111111113,NA,32533.333333333336,0.744,11.2,8.93,5.81,Strong Buy,NA,NA,NA,NA,NA,NA,NA,NA,2026-06-30,2026-06-30
Theodore,AL,"Mobile, AL",Mobile County,204851.10985185704,0.27,1525,NA,18300,0.744,11.2,8.93,5.81,Strong Buy,NA,NA,NA,NA,NA,NA,NA,NA,2026-06-30,2026-06-30
Oelwein,IA,NA,Fayette County,114838.37041876382,4.39,856,NA,10272,0.745,11.2,8.94,5.81,Strong Buy,NA,NA,NA,NA,NA,NA,NA,NA,2026-06-30,2026-06-30
Edwardsville,PA,"Scranton--Wilkes-Barre, PA",Luzerne County,171042.96677766365,-2.44,1275,NA,15300,0.745,11.2,8.95,5.81,Strong Buy,NA,NA,NA,NA,NA,NA,NA,NA,2026-06-30,2026-06-30
Pennsauken,NJ,"Philadelphia-Camden-Wilmington, PA-NJ-DE-MD",Camden County,318413.7065737804,6.7,2368.9555555555557,3.58,28427.466666666667,0.744,11.2,8.93,5.8,Strong Buy,NA,NA,533988,2.07,5.74,5.92,4.3,34.97,2026-06-30,2026-06-30
Kankakee,IL,"Kankakee, IL",Kankakee County,156134.96713267246,3.89,1160,6.2,13920,0.743,11.2,8.92,5.79,Strong Buy,23535,-1.97,106410,-0.92,0.69,9.91,3.26,31.23,2026-06-30,2026-06-30
Clovis,NM,"Clovis, NM",Curry County,162727.39095554277,-0.69,1206.0370370370372,5.25,14472.444444444445,0.741,11.2,8.89,5.78,Strong Buy,37555,-2.48,47156,-2.52,-6.6,13.14,5.67,38.74,2026-06-30,2026-06-30
Atco,NJ,"Philadelphia-Camden-Wilmington, PA-NJ-DE-MD",Camden County,371363.1410142963,4.68,2750,NA,33000,0.741,11.3,8.89,5.78,Strong Buy,NA,NA,NA,NA,NA,NA,NA,NA,2026-06-30,2026-06-30
Ray City,GA,"Valdosta, GA",Berrien County,236053.23296895123,2.91,1750,NA,21000,0.741,11.2,8.9,5.78,Strong Buy,NA,NA,NA,NA,NA,NA,NA,NA,2026-06-30,2026-06-30
Wilkes-Barre,PA,"Scranton--Wilkes-Barre, PA",Luzerne County,183599.76035468015,1.37,1357.542328042328,4.13,16290.507936507936,0.739,11.3,8.87,5.77,Strong Buy,44661,0.87,331379,1.89,10.61,11.64,4.79,32.25,2026-06-30,2026-06-30
Splendora,TX,"Houston-The Woodlands-Sugar Land, TX",Montgomery County,246356.17250175867,-1.25,1822.1944444444443,NA,21866.333333333332,0.74,11.3,8.88,5.77,Strong Buy,2063,21.57,749613,19.86,40.55,7.22,7.84,28.27,2026-06-30,2026-06-30
Aventura,FL,"Miami-Fort Lauderdale-Pompano Beach, FL",Miami-Dade County,417155.9166910139,-7.86,3072.9122807017543,0.48,36874.94736842105,0.737,11.3,8.84,5.75,Strong Buy,40531,1.22,2838461,5.29,19.88,11.11,5.36,47.81,2026-06-30,2026-06-30
Texarkana,AR,"Texarkana, TX-AR",Miller County,168119.61680027467,2.28,1239.1666666666663,NA,14869.999999999996,0.737,11.3,8.84,5.75,Strong Buy,NA,NA,NA,NA,NA,NA,NA,NA,2026-06-30,2026-06-30
Greenbelt,MD,"Washington-Arlington-Alexandria, DC-VA-MD-WV",Prince Georges County,282665.0801014172,-2.36,2082.5526251526253,2.12,24990.631501831504,0.737,11.3,8.84,5.75,Strong Buy,24843,-0.09,NA,NA,NA,NA,NA,NA,2026-06-30,2026-06-30
Horizon City,TX,"El Paso, TX",El Paso County,223115.1820980544,0.76,1643.3333333333333,1.03,19720,0.737,11.3,8.84,5.75,Strong Buy,24802,9.49,875784,1.05,-3.46,7.63,7.18,36.32,2026-06-30,2026-06-30
Iowa Colony,TX,"Houston-The Woodlands-Sugar Land, TX",Brazoria County,338154.72062082886,-4.57,2492.946428571429,0.08,29915.357142857145,0.737,11.3,8.85,5.75,Strong Buy,17240,101.07,413224,10.63,23.74,10.51,11.33,26,2026-06-30,2026-06-30
Cleveland,TX,"Houston-The Woodlands-Sugar Land, TX",Liberty County,227990.4696933746,-1.41,1678.736507936508,-0.05,20144.838095238094,0.736,11.3,8.84,5.74,Strong Buy,9757,29.7,115042,24.36,46.81,13.68,4.23,19.22,2026-06-30,2026-06-30
Thomasville,GA,"Thomasville, GA",Thomas County,236327.48305867496,4.32,1738.3333333333333,5.56,20860,0.736,11.3,8.83,5.74,Strong Buy,18604,-1.39,46054,0.59,9.23,12.35,1.33,38.09,2026-06-30,2026-06-30
Clearlake,CA,"Clearlake, CA",Lake County,210490.21422203816,-3.61,1550,NA,18600,0.736,11.3,8.84,5.74,Strong Buy,NA,NA,NA,NA,NA,NA,NA,NA,2026-06-30,2026-06-30
Dundee,FL,"Lakeland-Winter Haven, FL",Polk County,266929.3607010485,-4.14,1964.1666666666667,NA,23570,0.736,11.3,8.83,5.74,Strong Buy,NA,NA,NA,NA,NA,NA,NA,NA,2026-06-30,2026-06-30
Augusta,GA,"Augusta-Richmond County, GA-SC",Richmond County,189299.18775998775,1.9,1391.550740306644,1.49,16698.608883679728,0.735,11.3,8.82,5.73,Strong Buy,NA,NA,206303,-0.12,0.59,19.03,11.98,48.58,2026-06-30,2026-06-30
Huntington,WV,"Huntington-Ashland, WV-KY-OH",Cabell County,145251.9280619008,4.74,1066.5534188034187,6.37,12798.641025641024,0.734,11.3,8.81,5.73,Strong Buy,44942,-3.87,91489,-2.92,-0.57,15.07,5.29,36.49,2026-06-30,2026-06-30
Tamarac,FL,"Miami-Fort Lauderdale-Pompano Beach, FL",Broward County,293569.8884340668,-5.89,2155.294117647059,-0.67,25863.529411764706,0.734,11.4,8.81,5.73,Strong Buy,75147,4.5,2037472,4.84,14.84,13.18,6.08,36.74,2026-06-30,2026-06-30
Streamwood,IL,"Chicago-Naperville-Elgin, IL-IN-WI",Cook County,336684.30736660963,3.49,2475.34126984127,1.3,29704.095238095237,0.735,11.3,8.82,5.73,Strong Buy,38360,-2.76,5182617,-1.6,5.9,8.18,4.67,42.49,2026-06-30,2026-06-30
Taylor,TX,"Austin-Round Rock-Georgetown, TX",Williamson County,285462.3974197277,-4.52,2097.746031746032,3.46,25172.95238095238,0.735,11.3,8.82,5.73,Strong Buy,17872,8.72,727480,18.17,29.75,3.91,3.51,32.92,2026-06-30,2026-06-30
Greenacres,FL,"Miami-Fort Lauderdale-Pompano Beach, FL",Palm Beach County,281650.9145546153,-4.35,2066.5238416554207,1.44,24798.28609986505,0.734,11.4,8.8,5.72,Strong Buy,45197,2.76,1582055,5.87,15.98,16.36,6.94,30.14,2026-06-30,2026-06-30
Barberton,OH,"Akron, OH",Summit County,159801.07839304564,4.63,1171.5333333333333,NA,14058.4,0.733,11.4,8.8,5.72,Strong Buy,24624,-2.05,538370,-0.27,4.33,7.17,3.55,32.71,2026-06-30,2026-06-30
Forest Park,GA,"Atlanta-Sandy Springs-Alpharetta, GA",Clayton County,167448.4851029068,-6.38,1227.2147166558932,0.07,14726.576599870717,0.733,11.4,8.79,5.72,Strong Buy,19301,-2.41,297703,-0.58,-9.79,8.01,9.9,46.81,2026-06-30,2026-06-30
Wood River,IL,"St. Louis, MO-IL",Madison County,136459.2444380975,4.01,1000,NA,12000,0.733,11.4,8.79,5.72,Strong Buy,NA,NA,NA,NA,NA,NA,NA,NA,2026-06-30,2026-06-30
Shiloh,OH,"Dayton-Kettering, OH",Montgomery County,153939.133250468,3.98,1129.5666666666666,2.96,13554.8,0.734,11.4,8.81,5.72,Strong Buy,612,-0.65,537443,0.06,5.01,8.84,4.22,37.67,2026-06-30,2026-06-30
Obetz,OH,"Columbus, OH",Franklin County,277349.8545441632,-0.61,2034.277777777778,NA,24411.333333333336,0.733,11.4,8.8,5.72,Strong Buy,NA,NA,NA,NA,NA,NA,NA,NA,2026-06-30,2026-06-30
Port Richey,FL,"Tampa-St. Petersburg-Clearwater, FL",Pasco County,229015.2533095104,-1.17,1677.858412898814,0.24,20134.30095478577,0.733,11.4,8.79,5.71,Strong Buy,3637,17.93,659114,16.41,37.43,13.3,5.54,24.5,2026-06-30,2026-06-30
Watertown,NY,"Watertown-Fort Drum, NY",Jefferson County,207759.99830900785,3.65,1517.4143356643356,8.03,18208.972027972028,0.73,11.4,8.76,5.7,Strong Buy,24038,-2.1,113140,-2.53,-9.97,24.34,5.43,45.87,2026-06-30,2026-06-30
Eatonton,GA,NA,Putnam County,410179.7373649332,1.97,3000,NA,36000,0.731,11.4,8.78,5.7,Strong Buy,NA,NA,NA,NA,NA,NA,NA,NA,2026-06-30,2026-06-30
West Columbia,SC,"Columbia, SC",Lexington County,232905.73348502975,0.98,1703.4690235690234,5.88,20441.628282828282,0.731,11.4,8.78,5.7,Strong Buy,18418,5.15,313774,6.37,11.83,7.71,3.5,23.15,2026-06-30,2026-06-30
Hapeville,GA,"Atlanta-Sandy Springs-Alpharetta, GA",Fulton County,267646.50086840935,-6.07,1954.795238095238,1.71,23457.542857142857,0.73,11.4,8.76,5.7,Strong Buy,6712,2.25,1090354,1.97,1.33,8.52,7.69,45.86,2026-06-30,2026-06-30
Eagle Lake,FL,"Lakeland-Winter Haven, FL",Polk County,282277.6539200018,-2.21,2063.75,NA,24765,0.731,11.4,8.77,5.7,Strong Buy,NA,NA,NA,NA,NA,NA,NA,NA,2026-06-30,2026-06-30
Pharr,TX,"McAllen-Edinburg-Mission, TX",Hidalgo County,165494.5381100255,-1.26,1206.909090909091,-0.15,14482.909090909092,0.729,11.4,8.75,5.69,Strong Buy,81142,1.62,914820,4.8,3.41,12.59,6.81,32.43,2026-06-30,2026-06-30
Jamestown,NY,"Jamestown-Dunkirk-Fredonia, NY",Chautauqua County,127313.2798483196,2.86,929.1666666666666,NA,11150,0.73,11.4,8.76,5.69,Strong Buy,27699,-3.4,124105,-2.56,-1.2,19.19,5.35,30.94,2026-06-30,2026-06-30
Graniteville,SC,"Augusta-Richmond County, GA-SC",Aiken County,284276.9900899416,3.65,2074,NA,24888,0.73,11.4,8.75,5.69,Strong Buy,NA,NA,NA,NA,NA,NA,NA,NA,2026-06-30,2026-06-30
Saint Louis,MO,"St. Louis, MO-IL",Saint Louis City,191643.91396104873,-0.58,1394.9567743238133,4.73,16739.48129188576,0.728,11.4,8.73,5.68,Strong Buy,NA,NA,NA,NA,NA,NA,NA,NA,2026-06-30,2026-06-30
Orland Park,IL,"Chicago-Naperville-Elgin, IL-IN-WI",Cook County,414681.7176885421,5.48,3018.136111111111,3.73,36217.63333333333,0.728,11.4,8.73,5.68,Strong Buy,58020,-0.9,5182617,-1.6,5.9,8.18,4.67,42.49,2026-06-30,2026-06-30
Watauga,TX,"Dallas-Fort Worth-Arlington, TX",Tarrant County,279065.6429489693,-0.54,2030.5,-1.61,24366,0.728,11.5,8.73,5.68,Strong Buy,23120,-2.01,2230708,5.41,8.74,7.08,7.73,40.64,2026-06-30,2026-06-30
White Plains,MD,"Washington-Arlington-Alexandria, DC-VA-MD-WV",Charles County,467432.3701149652,-1.92,3395,NA,40740,0.726,11.5,8.72,5.67,Strong Buy,NA,NA,NA,NA,NA,NA,NA,NA,2026-06-30,2026-06-30
Highland Beach,FL,"Miami-Fort Lauderdale-Pompano Beach, FL",Palm Beach County,914454.8991735288,-1.15,6641.666666666667,15.78,79700,0.726,11.5,8.72,5.67,Strong Buy,4368,1.75,1582055,5.87,15.98,16.36,6.94,30.14,2026-06-30,2026-06-30
Danville,VA,"Danville, VA",Pittsylvania County,160922.43525341808,1.13,1167.4074074074076,8.2,14008.88888888889,0.725,11.5,8.71,5.66,Strong Buy,41993,-1.37,59410,-1.61,3.37,16.41,4.87,21.26,2026-06-30,2026-06-30
Indian Head,MD,"Washington-Arlington-Alexandria, DC-VA-MD-WV",Charles County,352029.22694672184,-1.12,2550,NA,30600,0.724,11.5,8.69,5.65,Strong Buy,NA,NA,NA,NA,NA,NA,NA,NA,2026-06-30,2026-06-30
Vernon,NJ,"New York-Newark-Jersey City, NY-NJ-PA",Sussex County,300442.2605355342,1.08,2175,NA,26100,0.724,11.5,8.69,5.65,Strong Buy,NA,NA,NA,NA,NA,NA,NA,NA,2026-06-30,2026-06-30
Arabi,LA,"New Orleans-Metairie, LA",Saint Bernard Parish,224210.89832877656,-4.15,1623.75,NA,19485,0.724,11.5,8.69,5.65,Strong Buy,NA,NA,NA,NA,NA,NA,NA,NA,2026-06-30,2026-06-30
Gulfport,MS,"Gulfport-Biloxi, MS",Harrison County,205549.6307585273,1.13,1485.844513243894,4.51,17830.13415892673,0.723,11.5,8.67,5.64,Strong Buy,74621,2.39,213730,2.34,10.31,13.14,7.09,39.41,2026-06-30,2026-06-30
Midwest City,OK,"Oklahoma City, OK",Oklahoma County,171854.96492741024,0.25,1241.6617149758454,3.73,14899.940579710144,0.723,11.5,8.67,5.64,Strong Buy,58505,0.07,816490,2.28,2.8,9.49,7.85,41.39,2026-06-30,2026-06-30
Defuniak Springs,FL,"Crestview-Fort Walton Beach-Destin, FL",Walton County,236111.0150846908,0.09,1708.3333333333333,NA,20500,0.724,11.5,8.68,5.64,Strong Buy,NA,NA,NA,NA,NA,NA,NA,NA,2026-06-30,2026-06-30
San Juan,TX,"McAllen-Edinburg-Mission, TX",Hidalgo County,183486.65507304017,-0.17,1323.75,NA,15885,0.721,11.6,8.66,5.63,Strong Buy,NA,NA,NA,NA,NA,NA,NA,NA,2026-06-30,2026-06-30
Crosby,TX,"Houston-The Woodlands-Sugar Land, TX",Harris County,263929.81803774694,-2.21,1905.7698412698412,2.18,22869.238095238095,0.722,11.5,8.66,5.63,Strong Buy,NA,NA,5009302,5.78,13.97,8.3,8.76,45.24,2026-06-30,2026-06-30
Crandall,TX,"Dallas-Fort Worth-Arlington, TX",Kaufman County,268303.3090667567,-5.16,1935.888888888889,NA,23230.666666666668,0.722,11.5,8.66,5.63,Strong Buy,5950,51.98,197829,34.42,49.26,5.77,8.22,21.41,2026-06-30,2026-06-30
Beaumont,TX,"Beaumont-Port Arthur, TX",Jefferson County,174707.02133931813,2.79,1258.6838624338625,0.92,15104.20634920635,0.72,11.6,8.65,5.62,Strong Buy,112893,-1.73,253948,-0.87,-0.33,14.36,5.93,38.16,2026-06-30,2026-06-30
Forestdale,AL,"Birmingham-Hoover, AL",Jefferson County,175657.2003575136,2.83,1265,NA,15180,0.72,11.6,8.64,5.62,Strong Buy,NA,NA,NA,NA,NA,NA,NA,NA,2026-06-30,2026-06-30
Etna,PA,"Pittsburgh, PA",Allegheny County,147533.765992231,-5.6,1062.5,NA,12750,0.72,11.6,8.64,5.62,Strong Buy,NA,NA,NA,NA,NA,NA,NA,NA,2026-06-30,2026-06-30
Sharpsburg,PA,"Pittsburgh, PA",Allegheny County,143339.47457191444,-7.06,1033.3333333333333,NA,12400,0.721,11.6,8.65,5.62,Strong Buy,NA,NA,NA,NA,NA,NA,NA,NA,2026-06-30,2026-06-30
Columbus,GA,"Columbus, GA-AL",Muscogee County,177244.21767226575,2.35,1275.4378972653365,2.79,15305.254767184037,0.72,11.6,8.64,5.61,Strong Buy,201830,-2.5,201830,-2.5,-3.14,11.71,4.88,49.76,2026-06-30,2026-06-30
Hinesville,GA,"Hinesville, GA",Liberty County,240373.59933139823,-0.85,1730.1940476190475,5.16,20762.32857142857,0.72,11.6,8.64,5.61,Strong Buy,36583,4.31,68607,5,-6.97,14.04,8.85,50.06,2026-06-30,2026-06-30
Hanover Park,IL,"Chicago-Naperville-Elgin, IL-IN-WI",DuPage County,339184.1709347177,3.77,2439.555555555555,5.31,29274.666666666664,0.719,11.6,8.63,5.61,Strong Buy,36685,-1.76,937142,0.6,5.3,4.53,5.6,26.87,2026-06-30,2026-06-30
Kings Mountain,NC,"Shelby, NC",Cleveland County,249152.7987227004,0.16,1793.3333333333333,NA,21520,0.72,11.6,8.64,5.61,Strong Buy,11797,5.36,102194,2.25,9.82,15.41,5.45,29.35,2026-06-30,2026-06-30
Hueytown,AL,"Birmingham-Hoover, AL",Jefferson County,167679.34118050264,0.97,1205.4166666666667,2.23,14465,0.719,11.6,8.63,5.61,Strong Buy,16185,-3.55,664744,-1.48,0.68,13.13,7.2,36.28,2026-06-30,2026-06-30
Ranlo,NC,"Charlotte-Concord-Gastonia, NC-SC",Gaston County,268360.08681527345,0.15,1930,NA,23160,0.719,11.6,8.63,5.61,Strong Buy,NA,NA,NA,NA,NA,NA,NA,NA,2026-06-30,2026-06-30
Chicago,IL,"Chicago-Naperville-Elgin, IL-IN-WI",Cook County,335521.30848730466,3.94,2408.8001426611772,6.09,28905.601711934127,0.718,11.6,8.62,5.6,Strong Buy,2721308,-0.87,5182617,-1.6,5.9,8.18,4.67,42.49,2026-06-30,2026-06-30
Lansing,MI,"Lansing-East Lansing, MI",Ingham County,171396.50186731594,2.25,1229.5118805477498,3.53,14754.142566572998,0.717,11.6,8.61,5.6,Strong Buy,114336,1.58,290427,1.9,8.02,7.35,5.48,40.45,2026-06-30,2026-06-30
Wichita Falls,TX,"Wichita Falls, TX",Clay County,178136.96055862427,0.96,1279.1172488111133,4.98,15349.40698573336,0.718,11.6,8.62,5.6,Strong Buy,102372,-0.11,10730,4.63,8.11,17.99,1.56,19.47,2026-06-30,2026-06-30
Wayne,MI,"Detroit-Warren-Dearborn, MI",Wayne County,178320.81765758072,0.74,1281.0833333333333,6.12,15373,0.718,11.6,8.62,5.6,Strong Buy,17129,-2.92,1771063,-1.04,3.75,12.9,4.58,35.52,2026-06-30,2026-06-30
Emeryville,CA,"San Francisco-Oakland-Berkeley, CA",Alameda County,442419.52171396225,-11.26,3178.9272937710434,4.25,38147.12752525252,0.719,11.6,8.62,5.6,Strong Buy,13912,7.67,1649060,-1.88,3.29,5.96,5.26,45.93,2026-06-30,2026-06-30
San Leon,TX,"Houston-The Woodlands-Sugar Land, TX",Galveston County,247161.70629638655,-4.53,1775,NA,21300,0.718,11.6,8.62,5.6,Strong Buy,NA,NA,NA,NA,NA,NA,NA,NA,2026-06-30,2026-06-30
Covington,KY,"Cincinnati, OH-KY-IN",Kenton County,225549.81008648095,-0.69,1615.076923076923,3.81,19380.923076923078,0.716,11.6,8.59,5.59,Strong Buy,41611,1.63,174862,3.3,10.73,7.27,5.15,29.96,2026-06-30,2026-06-30
Aspen,CO,"Glenwood Springs, CO",Pitkin County,3450206.749036089,6.69,24732.55555555556,12.46,296790.6666666667,0.717,11.6,8.6,5.59,Strong Buy,6556,-6.24,16643,-4.16,-8.05,32.35,11.46,32.5,2026-06-30,2026-06-30
Bolingbrook,IL,"Chicago-Naperville-Elgin, IL-IN-WI",Will County,376397.03694318706,2.49,2692.6079365079363,3.08,32311.295238095234,0.715,11.6,8.58,5.58,Strong Buy,74756,1.26,708583,1.68,4.83,4.5,3.98,17.48,2026-06-30,2026-06-30
Bedford,OH,"Cleveland-Elyria, OH",Cuyahoga County,160173.57070994072,2.97,1146.7444444444443,4.99,13760.93333333333,0.716,11.6,8.59,5.58,Strong Buy,12834,-2.22,1240594,-1.75,1.72,9.97,5.22,40.95,2026-06-30,2026-06-30
Pinson,AL,"Birmingham-Hoover, AL",Jefferson County,219692.24647342772,0.09,1571.111111111111,NA,18853.333333333332,0.715,11.7,8.58,5.58,Strong Buy,NA,NA,NA,NA,NA,NA,NA,NA,2026-06-30,2026-06-30
Edgewater,FL,"Deltona-Daytona Beach-Ormond Beach, FL",Volusia County,295549.63663228374,-1.8,2112,5.61,25344,0.715,11.7,8.58,5.57,Strong Buy,24334,5.13,602772,8.46,21.72,14.56,6.51,27.2,2026-06-30,2026-06-30
Johnson City,NY,"Binghamton, NY",Broome County,171205.53847613046,7.41,1222,8.73,14664,0.714,11.7,8.57,5.57,Strong Buy,14698,-2.84,196397,-0.9,3.49,11.96,7.64,35.43,2026-06-30,2026-06-30
Longs,SC,"Myrtle Beach-Conway-North Myrtle Beach, SC-NC",Horry County,286662.8935942839,-2.41,2046.0555555555557,0.52,24552.666666666668,0.714,11.7,8.56,5.57,Strong Buy,NA,NA,413391,16.85,39.46,28.98,22.81,24.16,2026-06-30,2026-06-30
Grand Island,FL,"Orlando-Kissimmee-Sanford, FL",Lake County,320057.8276681419,-4.34,2285,NA,27420,0.714,11.7,8.57,5.57,Strong Buy,NA,NA,NA,NA,NA,NA,NA,NA,2026-06-30,2026-06-30
Rock Island,IL,"Davenport-Moline-Rock Island, IA-IL",Rock Island County,128846.8322182551,0.93,917.6666666666666,0.97,11012,0.712,11.7,8.55,5.56,Strong Buy,36434,-1.56,142731,-1.13,6.16,8.32,6.67,31.37,2026-06-30,2026-06-30
Warr Acres,OK,"Oklahoma City, OK",Oklahoma County,183710.74279540588,-1.7,1310,NA,15720,0.713,11.7,8.56,5.56,Strong Buy,10456,0.11,816490,2.28,2.8,9.49,7.85,41.39,2026-06-30,2026-06-30
Lake Worth,TX,"Dallas-Fort Worth-Arlington, TX",Tarrant County,238029.87127126617,1.58,1695.5,5.69,20346,0.712,11.7,8.55,5.56,Strong Buy,NA,NA,NA,NA,NA,NA,NA,NA,2026-06-30,2026-06-30
Dania Beach,FL,"Miami-Fort Lauderdale-Pompano Beach, FL",Broward County,335606.7691025178,-4.27,2388.6020733652313,-3.12,28663.224880382775,0.712,11.7,8.54,5.55,Strong Buy,33076,4.24,2037472,4.84,14.84,13.18,6.08,36.74,2026-06-30,2026-06-30
Dundalk,MD,"Baltimore-Columbia-Towson, MD",Baltimore County,227014.2791279578,-1.13,1613.7135076252723,2.43,19364.562091503267,0.711,11.7,8.53,5.54,Strong Buy,NA,NA,852425,-0.11,3.96,5.75,5.61,33.67,2026-06-30,2026-06-30
Kinston,NC,"Kinston, NC",Lenoir County,151518.77142222706,5.91,1075.8333333333337,NA,12910.000000000004,0.71,11.7,8.52,5.54,Strong Buy,NA,NA,NA,NA,NA,NA,NA,NA,2026-06-30,2026-06-30
Royse City,TX,"Dallas-Fort Worth-Arlington, TX",Rockwall County,313456.5694615019,-4.94,2227.862962962963,0.06,26734.355555555558,0.711,11.7,8.53,5.54,Strong Buy,26387,91.82,137044,25.5,35.89,4.62,4.94,17.44,2026-06-30,2026-06-30
Gibsonton,FL,"Tampa-St. Petersburg-Clearwater, FL",Hillsborough County,318748.3041793466,-4.27,2262.3888888888887,2.04,27148.666666666664,0.71,11.7,8.52,5.54,Strong Buy,NA,NA,1581426,7.85,12.2,7.8,6.74,38.94,2026-06-30,2026-06-30
Tarentum,PA,"Pittsburgh, PA",Allegheny County,158341.76346241336,3.08,1125,NA,13500,0.71,11.7,8.53,5.54,Strong Buy,NA,NA,NA,NA,NA,NA,NA,NA,2026-06-30,2026-06-30
Alamo,TX,"McAllen-Edinburg-Mission, TX",Hidalgo County,173838.87762382368,3.42,1233.3333333333333,NA,14800,0.709,11.7,8.51,5.53,Strong Buy,NA,NA,NA,NA,NA,NA,NA,NA,2026-06-30,2026-06-30
Black Jack,MO,"St. Louis, MO-IL",Saint Louis County,225495.47442565215,3.71,1597.9444444444443,NA,19175.333333333332,0.709,11.8,8.5,5.53,Strong Buy,6575,-1.01,NA,NA,NA,NA,NA,NA,2026-06-30,2026-06-30
Macon,GA,"Macon-Bibb County, GA",Bibb County,175956.28733500684,2.31,1244.2667608286254,1.96,14931.201129943503,0.707,11.8,8.49,5.52,Strong Buy,NA,NA,157056,0.01,1.57,16.96,11.19,48.48,2026-06-30,2026-06-30
Marrero,LA,"New Orleans-Metairie, LA",Jefferson Parish,235581.02054711865,7.77,1667.5,0.23,20010,0.708,11.8,8.49,5.52,Strong Buy,NA,NA,427253,-2.84,2.2,8.82,5.5,37.69,2026-06-30,2026-06-30
Converse,TX,"San Antonio-New Braunfels, TX",Bexar County,244272.08877992953,-3.83,1729.831083440791,0.04,20757.97300128949,0.708,11.8,8.5,5.52,Strong Buy,31400,12.69,2127737,5.56,8.6,8.27,8.16,40.89,2026-06-30,2026-06-30
Round Lake,IL,"Chicago-Naperville-Elgin, IL-IN-WI",Lake County,332194.69377975556,4.47,2350,NA,28200,0.707,11.8,8.49,5.52,Strong Buy,NA,NA,NA,NA,NA,NA,NA,NA,2026-06-30,2026-06-30
Sunrise,FL,"Miami-Fort Lauderdale-Pompano Beach, FL",Broward County,363431.0828121919,-4.11,2566.352298136646,0.35,30796.22757763975,0.706,11.8,8.47,5.51,Strong Buy,100128,3.12,2037472,4.84,14.84,13.18,6.08,36.74,2026-06-30,2026-06-30
Pine Hills,FL,"Orlando-Kissimmee-Sanford, FL",Orange County,274798.4586995341,-4.43,1941.3333333333333,5.7,23296,0.706,11.8,8.48,5.51,Strong Buy,NA,NA,1533646,7.12,16.48,11.72,10.93,42.64,2026-06-30,2026-06-30
Labelle,FL,"Clewiston, FL",Hendry County,286482.33460762777,-3.97,2024.1666666666663,NA,24289.999999999996,0.707,11.8,8.48,5.51,Strong Buy,NA,NA,NA,NA,NA,NA,NA,NA,2026-06-30,2026-06-30
Sumter,SC,"Sumter, SC",Sumter County,216974.5708123012,0.91,1529.6923076923076,4.11,18356.30769230769,0.705,11.8,8.46,5.5,Strong Buy,42958,-1.12,104776,-0.68,2.83,12.91,4.61,33.25,2026-06-30,2026-06-30
Ponchatoula,LA,"Hammond, LA",Tangipahoa Parish,250797.9439310976,1.62,1768.5416666666667,1.85,21222.5,0.705,11.8,8.46,5.5,Strong Buy,7735,-1.19,139823,4.63,10.29,14.44,8.3,28.48,2026-06-30,2026-06-30
Mattoon,IL,"Charleston-Mattoon, IL",Coles County,125401.22907627694,4.39,883.5,NA,10602,0.705,11.8,8.45,5.5,Strong Buy,NA,NA,NA,NA,NA,NA,NA,NA,2026-06-30,2026-06-30
Gilberts,IL,"Chicago-Naperville-Elgin, IL-IN-WI",Kane County,424206.3666084826,4.48,2990,NA,35880,0.705,11.8,8.46,5.5,Strong Buy,NA,NA,NA,NA,NA,NA,NA,NA,2026-06-30,2026-06-30
Fort Pierce,FL,"Port St. Lucie, FL",Saint Lucie County,278153.58565848327,-2.57,1954.710307017544,2.75,23456.52368421053,0.703,11.9,8.43,5.48,Strong Buy,50805,6.6,NA,NA,NA,NA,NA,NA,2026-06-30,2026-06-30
Riverside,OH,"Dayton-Kettering, OH",Montgomery County,177909.0286277495,4.27,1250.5555555555557,NA,15006.666666666668,0.703,11.9,8.44,5.48,Strong Buy,24472,-0,537443,0.06,5.01,8.84,4.22,37.67,2026-06-30,2026-06-30
Willowick,OH,"Cleveland-Elyria, OH",Lake County,200664.0947307337,1.51,1411,NA,16932,0.703,11.9,8.44,5.48,Strong Buy,NA,NA,NA,NA,NA,NA,NA,NA,2026-06-30,2026-06-30
Pearl,MS,"Jackson, MS",Rankin County,212026.40839154497,3.89,1487.0310541310544,6.85,17844.37264957265,0.701,11.9,8.42,5.47,Strong Buy,28458,5.05,160573,2.16,0.45,6.95,6.63,22.38,2026-06-30,2026-06-30
Affton,MO,"St. Louis, MO-IL",Saint Louis County,251043.7027260616,1.9,1759.1666666666667,NA,21110,0.701,11.9,8.41,5.47,Strong Buy,NA,NA,NA,NA,NA,NA,NA,NA,2026-06-30,2026-06-30
Moody,AL,"Birmingham-Hoover, AL",Saint Clair County,265942.59520676784,2.61,1866,1.36,22392,0.702,11.9,8.42,5.47,Strong Buy,13596,2.8,NA,NA,NA,NA,NA,NA,2026-06-30,2026-06-30
Dalzell,SC,"Sumter, SC",Sumter County,224480.97673826964,3.06,1575,NA,18900,0.702,11.9,8.42,5.47,Strong Buy,NA,NA,NA,NA,NA,NA,NA,NA,2026-06-30,2026-06-30
Maxwell,TX,"Austin-Round Rock-Georgetown, TX",Caldwell County,264986.96079462644,-5.28,1858.2083333333333,-5.17,22298.5,0.701,11.9,8.41,5.47,Strong Buy,NA,NA,52430,14.11,40.84,7.48,5.19,26.83,2026-06-30,2026-06-30
Goldsboro,NC,"Goldsboro, NC",Wayne County,198759.10572234655,1.86,1388.0833333333333,5.78,16657,0.698,11.9,8.38,5.45,Strong Buy,34629,0.39,120338,2.18,4.92,11.76,1.6,38.48,2026-06-30,2026-06-30
Cleveland Heights,OH,"Cleveland-Elyria, OH",Cuyahoga County,213349.02296295296,0.42,1490.028280911583,4.09,17880.339370938993,0.698,11.9,8.38,5.45,Strong Buy,44064,-2.56,1240594,-1.75,1.72,9.97,5.22,40.95,2026-06-30,2026-06-30
Bluefield,WV,"Bluefield, WV-VA",Mercer County,120979.16396245292,-6,845.8333333333333,NA,10150,0.699,11.9,8.39,5.45,Strong Buy,NA,NA,NA,NA,NA,NA,NA,NA,2026-06-30,2026-06-30
Jefferson,LA,"New Orleans-Metairie, LA",Jefferson Parish,263004.8907927525,-5.41,1837.7777777777776,6.13,22053.333333333332,0.699,11.9,8.39,5.45,Strong Buy,NA,NA,427253,-2.84,2.2,8.82,5.5,37.69,2026-06-30,2026-06-30
Aurora,IL,"Chicago-Naperville-Elgin, IL-IN-WI",Kane County,327931.7880337382,2.82,2287.3080869422975,2.54,27447.69704330757,0.697,11.9,8.37,5.44,Strong Buy,180710,0.25,520997,0.89,3.7,3.54,3.6,24.26,2026-06-30,2026-06-30
Marion,OH,"Marion, OH",Marion County,172685.73135452837,6.56,1205.25,NA,14463,0.698,11.9,8.38,5.44,Strong Buy,35576,-1.32,64976,-0.63,2.92,10.43,4,32.19,2026-06-30,2026-06-30
White Settlement,TX,"Dallas-Fort Worth-Arlington, TX",Tarrant County,221205.85336279715,-3.26,1541.3611111111113,3.92,18496.333333333336,0.697,12,8.36,5.44,Strong Buy,18099,-0.94,2230708,5.41,8.74,7.08,7.73,40.64,2026-06-30,2026-06-30
Del Rio,TX,"Del Rio, TX",Val Verde County,212529.06218746057,-3.64,1478.3333333333333,-7.19,17740,0.696,12,8.35,5.43,Strong Buy,34678,-0.12,47999,0.83,-4.52,10.33,2.35,33.15,2026-06-30,2026-06-30
Machesney Park,IL,"Rockford, IL",Winnebago County,211243.14776525355,10.79,1469.375,NA,17632.5,0.696,12,8.35,5.43,Strong Buy,NA,NA,NA,NA,NA,NA,NA,NA,2026-06-30,2026-06-30
Beverly Hills,FL,"Homosassa Springs, FL",Citrus County,237723.51551526412,-3.15,1655,NA,19860,0.696,12,8.35,5.43,Strong Buy,NA,NA,170174,10.1,32.17,16.44,8.93,15.17,2026-06-30,2026-06-30
Morgans Point Resort,TX,"Killeen-Temple, TX",Bell County,257745.8708107964,-0.92,1795,NA,21540,0.696,12,8.36,5.43,Strong Buy,NA,NA,NA,NA,NA,NA,NA,NA,2026-06-30,2026-06-30
Rome,NY,"Utica-Rome, NY",Oneida County,215878.20013570145,7.64,1500,NA,18000,0.695,12,8.34,5.42,Strong Buy,31990,0.32,228347,-1.19,3.34,10.38,5.43,32.21,2026-06-30,2026-06-30
Fairborn,OH,"Dayton-Kettering, OH",Greene County,210274.21889111123,4.38,1462.0753968253969,7.98,17544.904761904763,0.695,12,8.34,5.42,Strong Buy,35105,1.53,172347,2.51,11.6,6.18,4.42,32.42,2026-06-30,2026-06-30
Joshua,TX,"Dallas-Fort Worth-Arlington, TX",Johnson County,360049.8975128773,-1.06,2500,NA,30000,0.694,12,8.33,5.42,Strong Buy,NA,NA,NA,NA,NA,NA,NA,NA,2026-06-30,2026-06-30
Cedar Lake,IN,"Chicago-Naperville-Elgin, IL-IN-WI",Lake County,337756.39642713004,1.95,2348.75,NA,28185,0.695,12,8.34,5.42,Strong Buy,NA,NA,NA,NA,NA,NA,NA,NA,2026-06-30,2026-06-30
Ocklawaha,FL,"Ocala, FL",Marion County,243181.0508006243,-0.89,1690.5,NA,20286,0.695,12,8.34,5.42,Strong Buy,NA,NA,NA,NA,NA,NA,NA,NA,2026-06-30,2026-06-30
Albany,GA,"Albany, GA",Dougherty County,134986.18989372277,-0.16,936.9309523809524,0.58,11243.171428571428,0.694,12,8.33,5.41,Strong Buy,66705,-3.47,82418,-3.22,-2.56,15.63,8.68,53.45,2026-06-30,2026-06-30
Rockmart,GA,"Cedartown, GA",Polk County,259639.0863381171,0.25,1799.5555555555557,NA,21594.666666666668,0.693,12,8.32,5.41,Strong Buy,NA,NA,NA,NA,NA,NA,NA,NA,2026-06-30,2026-06-30
Cambridge,MD,"Cambridge, MD",Dorchester County,266817.966438249,0.04,1850,NA,22200,0.693,12,8.32,5.41,Strong Buy,NA,NA,NA,NA,NA,NA,NA,NA,2026-06-30,2026-06-30
Youngsville,LA,"Lafayette, LA",Lafayette Parish,278350.8212370611,2.05,1926.1465608465608,1.64,23113.75873015873,0.692,12,8.3,5.4,Strong Buy,19038,18.72,254241,4.98,9.97,10,6.1,33.9,2026-06-30,2026-06-30
Glassboro,NJ,"Philadelphia-Camden-Wilmington, PA-NJ-DE-MD",Gloucester County,376345.1102438099,2.96,2603.2083333333335,2.26,31238.5,0.692,12,8.3,5.4,Strong Buy,24322,4.93,311783,3.04,8.48,4.88,3.06,20.57,2026-06-30,2026-06-30
Montevallo,AL,"Birmingham-Hoover, AL",Shelby County,252154.5311863688,2.84,1745.2777777777776,NA,20943.333333333332,0.692,12,8.31,5.4,Strong Buy,NA,NA,NA,NA,NA,NA,NA,NA,2026-06-30,2026-06-30
Ridgeland,SC,"Hilton Head Island-Bluffton, SC",Jasper County,320926.305284004,-2.82,2222.6666666666665,NA,26672,0.693,12,8.31,5.4,Strong Buy,NA,NA,NA,NA,NA,NA,NA,NA,2026-06-30,2026-06-30
Fairview Heights,IL,"St. Louis, MO-IL",Saint Clair County,199316.64608415603,0.93,1378.75,NA,16545,0.692,12,8.3,5.4,Strong Buy,16115,-3.31,NA,NA,NA,NA,NA,NA,2026-06-30,2026-06-30
Glenn Heights,TX,"Dallas-Fort Worth-Arlington, TX",Dallas County,331185.0061965,-2.89,2290.9055555555556,0.82,27490.86666666667,0.692,12,8.3,5.4,Strong Buy,19752,22.84,2656028,1.73,0.15,7.76,8.95,49.22,2026-06-30,2026-06-30
Pinellas Park,FL,"Tampa-St. Petersburg-Clearwater, FL",Pinellas County,303946.00616423803,-3.85,2101.001179558745,-2.04,25212.014154704942,0.691,12.1,8.29,5.39,Strong Buy,53503,0.21,965870,0.63,3.8,18.32,8.78,30.56,2026-06-30,2026-06-30
Gadsden,AL,"Gadsden, AL",Etowah County,120359.67829584156,4.89,831.25,NA,9975,0.691,12.1,8.29,5.39,Strong Buy,NA,NA,NA,NA,NA,NA,NA,NA,2026-06-30,2026-06-30
Alamogordo,NM,"Alamogordo, NM",Otero County,223635.15559985404,-3.74,1546.4325304325305,1.16,18557.190365190367,0.691,12.1,8.3,5.39,Strong Buy,31667,2.34,69711,2.72,4.49,25.05,7.77,34.96,2026-06-30,2026-06-30
Mount Clemens,MI,"Detroit-Warren-Dearborn, MI",Macomb County,180428.7107202635,2.36,1247.2222222222224,11.05,14966.666666666668,0.691,12.1,8.3,5.39,Strong Buy,NA,NA,NA,NA,NA,NA,NA,NA,2026-06-30,2026-06-30
Haverstraw,NY,"New York-Newark-Jersey City, NY-NJ-PA",Rockland County,458565.6085092095,2.66,3168.2777777777774,7.31,38019.33333333333,0.691,12.1,8.29,5.39,Strong Buy,12445,1.46,348144,3.19,1.26,4.87,2.49,31.75,2026-06-30,2026-06-30
Jarrell,TX,"Austin-Round Rock-Georgetown, TX",Williamson County,255669.18982208995,-5.68,1768.0548433048432,-1.26,21216.658119658117,0.692,12.1,8.3,5.39,Strong Buy,5151,184.43,727480,18.17,29.75,3.91,3.51,32.92,2026-06-30,2026-06-30
Chandler,TX,"Athens, TX",Henderson County,267718.24377856986,-3.43,1850,NA,22200,0.691,12.1,8.29,5.39,Strong Buy,NA,NA,NA,NA,NA,NA,NA,NA,2026-06-30,2026-06-30
Warner Robins,GA,"Warner Robins, GA",Houston County,216088.01032766883,3.15,1491.780196886447,1.72,17901.362362637363,0.69,12.1,8.28,5.38,Strong Buy,86199,6.97,174897,6.41,13.28,9.04,8.05,32.9,2026-06-30,2026-06-30
Houma,LA,"Houma-Thibodaux, LA",Terrebonne Parish,189830.9812328273,-5.84,1308.2389060887513,4.81,15698.866873065015,0.689,12.1,8.27,5.38,Strong Buy,31671,-5.02,103864,-5.07,-2.96,11.42,3.27,26.37,2026-06-30,2026-06-30
Louisville,OH,"Canton-Massillon, OH",Stark County,250214.581848614,4.91,1725.0166666666669,12.44,20700.200000000004,0.689,12.1,8.27,5.38,Strong Buy,9793,3.03,374091,-0.12,4.1,7.26,2.95,31.43,2026-06-30,2026-06-30
Old Town,ME,"Bangor, ME",Penobscot County,260918.38856535,-0.18,1800.6944444444443,NA,21608.333333333332,0.69,12.1,8.28,5.38,Strong Buy,7511,1.08,156840,3.06,7.33,14.11,6.32,29.72,2026-06-30,2026-06-30
Ruskin,FL,"Tampa-St. Petersburg-Clearwater, FL",Hillsborough County,313553.73490679584,-4.7,2156.9418171031443,-1.43,25883.30180523773,0.688,12.1,8.25,5.37,Strong Buy,NA,NA,1581426,7.85,12.2,7.8,6.74,38.94,2026-06-30,2026-06-30
McKees Rocks,PA,"Pittsburgh, PA",Allegheny County,198766.5414014659,1.94,1368.5648148148148,2.71,16422.777777777777,0.689,12.1,8.26,5.37,Strong Buy,5694,-3.64,1231814,-1.43,2.72,9.6,6.37,35.07,2026-06-30,2026-06-30
Lake Placid,FL,"Sebring-Avon Park, FL",Highlands County,240816.86227665015,-2.09,1658.5555555555557,-2.33,19902.666666666668,0.689,12.1,8.26,5.37,Strong Buy,2561,7.65,109778,8.33,24.45,20.91,3.81,21.08,2026-06-30,2026-06-30
Lindenhurst,IL,"Chicago-Naperville-Elgin, IL-IN-WI",Lake County,362959.27838093974,4.27,2500,NA,30000,0.689,12.1,8.27,5.37,Strong Buy,NA,NA,NA,NA,NA,NA,NA,NA,2026-06-30,2026-06-30
Ferris,TX,"Dallas-Fort Worth-Arlington, TX",Ellis County,293986.2978563955,-1.03,2025,NA,24300,0.689,12.1,8.27,5.37,Strong Buy,NA,NA,NA,NA,NA,NA,NA,NA,2026-06-30,2026-06-30
Walled Lake,MI,"Detroit-Warren-Dearborn, MI",Oakland County,246960.4634861262,0.13,1700,NA,20400,0.688,12.1,8.26,5.37,Strong Buy,NA,NA,NA,NA,NA,NA,NA,NA,2026-06-30,2026-06-30
Niagara Falls,NY,"Buffalo-Cheektowaga, NY",Niagara County,176530.01776075162,7.14,1212.051282051282,6.62,14544.615384615383,0.687,12.1,8.24,5.36,Strong Buy,47512,-2.08,209570,-1.21,2.67,8.81,4.61,29.1,2026-06-30,2026-06-30
Hobbs,NM,"Hobbs, NM",Lea County,217745.7432642885,3,1496.977777777778,3.74,17963.733333333337,0.687,12.1,8.25,5.36,Strong Buy,41061,0.99,75151,0.68,18.63,12.65,8.8,30.51,2026-06-30,2026-06-30
Quincy,IL,"Quincy, IL-MO",Adams County,182837.91541644177,4,1255.5555555555554,5.19,15066.666666666664,0.687,12.1,8.24,5.36,Strong Buy,38786,-1.99,64109,-2.31,-3.59,8.3,6.55,27.5,2026-06-30,2026-06-30
Socorro,TX,"El Paso, TX",El Paso County,209854.5633658004,1.57,1443.1666666666667,NA,17318,0.688,12.1,8.25,5.36,Strong Buy,38642,11.56,875784,1.05,-3.46,7.63,7.18,36.32,2026-06-30,2026-06-30
Springdale,OH,"Cincinnati, OH-KY-IN",Hamilton County,241619.99257474323,1.21,1660.952380952381,-1.46,19931.428571428572,0.687,12.1,8.25,5.36,Strong Buy,11183,1.59,837359,0.84,4.18,7.42,4.2,41.01,2026-06-30,2026-06-30
East Rochester,NY,"Rochester, NY",Monroe County,245171.84279973293,2.56,1685.2777777777776,NA,20223.333333333332,0.687,12.1,8.25,5.36,Strong Buy,NA,NA,NA,NA,NA,NA,NA,NA,2026-06-30,2026-06-30
Brackenridge,PA,"Pittsburgh, PA",Allegheny County,123637.1614128698,9.48,850,NA,10200,0.687,12.1,8.25,5.36,Strong Buy,NA,NA,NA,NA,NA,NA,NA,NA,2026-06-30,2026-06-30
Rocky Mount,NC,"Rocky Mount, NC",Nash County,189755.92730216272,-0.56,1300.479797979798,-1.57,15605.757575757576,0.685,12.2,8.22,5.35,Strong Buy,54541,0.29,97990,2.98,12.99,12.44,3.47,36.3,2026-06-30,2026-06-30
Prattville,AL,"Montgomery, AL",Autauga County,268037.1370183918,3.16,1837.7063492063492,5.53,22052.47619047619,0.686,12.2,8.23,5.35,Strong Buy,40139,6.08,61464,4.34,14.04,8.93,3.6,25.09,2026-06-30,2026-06-30
Hephzibah,GA,"Augusta-Richmond County, GA-SC",Richmond County,219838.617631052,2.42,1508.190476190476,1.55,18098.28571428571,0.686,12.1,8.23,5.35,Strong Buy,3827,0.05,206303,-0.12,0.59,19.03,11.98,48.58,2026-06-30,2026-06-30
Locust Grove,GA,"Atlanta-Sandy Springs-Alpharetta, GA",Henry County,326173.28518653364,-2.24,2238.037518037518,2.99,26856.45021645022,0.686,12.1,8.23,5.35,Strong Buy,11749,27.89,259315,7.21,13.48,5.36,6.33,27.46,2026-06-30,2026-06-30
Trenton,OH,"Cincinnati, OH-KY-IN",Butler County,286920.28207559517,2.48,1968.75,NA,23625,0.686,12.1,8.23,5.35,Strong Buy,NA,NA,NA,NA,NA,NA,NA,NA,2026-06-30,2026-06-30
Syracuse,NY,"Syracuse, NY",Onondaga County,225918.3695706036,5.28,1546.2827210884352,3.51,18555.392653061223,0.684,12.2,8.21,5.34,Strong Buy,146097,-0.57,469812,-0.93,1.17,7.9,4.94,34.34,2026-06-30,2026-06-30
Waco,TX,"Waco, TX",McLennan County,200114.95184565257,-2.11,1369.3553545449188,0.36,16432.264254539026,0.684,12.2,8.21,5.34,Strong Buy,146608,4.32,270358,3.51,2.79,10.47,4.56,38.83,2026-06-30,2026-06-30
Poinciana,FL,"Orlando-Kissimmee-Sanford, FL",Osceola County,282131.6405901452,-4.67,1931.911096491228,2.95,23182.933157894735,0.685,12.2,8.22,5.34,Strong Buy,NA,NA,468058,19.66,40.25,19.99,6.97,33.77,2026-06-30,2026-06-30
Moore,OK,"Oklahoma City, OK",Cleveland County,224317.19786508856,0.59,1536.5021367521367,2.72,18438.02564102564,0.685,12.2,8.22,5.34,Strong Buy,63845,1.25,303952,2.6,5.34,6.41,5.83,35.92,2026-06-30,2026-06-30
Anniston,AL,"Anniston-Oxford, AL",Calhoun County,150124.99124525607,4.38,1026.9444444444446,NA,12323.333333333336,0.684,12.2,8.21,5.34,Strong Buy,21127,-1.83,116427,0.16,3.01,15.29,5.39,29.61,2026-06-30,2026-06-30
Chalmette,LA,"New Orleans-Metairie, LA",Saint Bernard Parish,213569.0395553901,0.37,1461.111111111111,4.54,17533.333333333332,0.684,12.2,8.21,5.34,Strong Buy,NA,NA,NA,NA,NA,NA,NA,NA,2026-06-30,2026-06-30
Bloomfield,CT,"Hartford-East Hartford-Middletown, CT",Hartford County,370737.7024395344,3.32,2538.9277777777775,3.98,30467.13333333333,0.685,12.2,8.22,5.34,Strong Buy,NA,NA,NA,NA,NA,NA,NA,NA,2026-06-30,2026-06-30
Speedway,IN,"Indianapolis-Carmel-Anderson, IN",Marion County,240258.7420085396,-0.66,1644.8333333333333,NA,19738,0.685,12.2,8.22,5.34,Strong Buy,14268,2.26,981628,0.5,-0.05,9.65,5.22,44.07,2026-06-30,2026-06-30
West Carrollton,OH,"Dayton-Kettering, OH",Montgomery County,181823.50718401777,6.78,1245.375,NA,14944.5,0.685,12.2,8.22,5.34,Strong Buy,12911,-1.44,537443,0.06,5.01,8.84,4.22,37.67,2026-06-30,2026-06-30
Shafter,CA,"Bakersfield, CA",Kern County,386223.8038551952,-0.79,2640,NA,31680,0.684,12.2,8.2,5.33,Strong Buy,NA,NA,NA,NA,NA,NA,NA,NA,2026-06-30,2026-06-30
Polk City,FL,"Lakeland-Winter Haven, FL",Polk County,258589.58654547072,-4.6,1768.0666666666666,NA,21216.8,0.684,12.2,8.2,5.33,Strong Buy,3076,10.97,852878,16.8,32.56,16.11,4.75,29.98,2026-06-30,2026-06-30
Hickory Hills,IL,"Chicago-Naperville-Elgin, IL-IN-WI",Cook County,349824.64123537875,6.78,2390,NA,28680,0.683,12.2,8.2,5.33,Strong Buy,NA,NA,NA,NA,NA,NA,NA,NA,2026-06-30,2026-06-30
Fultondale,AL,"Birmingham-Hoover, AL",Jefferson County,233875.32080920556,2.52,1598.888888888889,NA,19186.666666666668,0.684,12.2,8.2,5.33,Strong Buy,9325,-2.13,664744,-1.48,0.68,13.13,7.2,36.28,2026-06-30,2026-06-30
Binghamton,NY,"Binghamton, NY",Broome County,193777.8267117704,4.87,1322.0491273432451,8.68,15864.58952811894,0.682,12.2,8.19,5.32,Strong Buy,46773,-2.11,196397,-0.9,3.49,11.96,7.64,35.43,2026-06-30,2026-06-30
Clinton,MD,"Washington-Arlington-Alexandria, DC-VA-MD-WV",Prince Georges County,446104.3246356661,0.04,3041.6666666666665,NA,36500,0.682,12.2,8.18,5.32,Strong Buy,NA,NA,NA,NA,NA,NA,NA,NA,2026-06-30,2026-06-30
Wimauma,FL,"Tampa-St. Petersburg-Clearwater, FL",Hillsborough County,347828.5207147078,-5.57,2374.4184704184704,-0.76,28493.021645021647,0.683,12.2,8.19,5.32,Strong Buy,NA,NA,1581426,7.85,12.2,7.8,6.74,38.94,2026-06-30,2026-06-30
Roeland Park,KS,"Kansas City, MO-KS",Johnson County,341166.7838624615,5.03,2326.055555555555,NA,27912.666666666664,0.682,12.2,8.18,5.32,Strong Buy,6689,-2.58,632276,3.45,6.72,4.13,5,31.44,2026-06-30,2026-06-30
Mascotte,FL,"Orlando-Kissimmee-Sanford, FL",Lake County,320117.4666044674,-3.85,2182.777777777778,NA,26193.333333333336,0.682,12.2,8.18,5.32,Strong Buy,9150,35.82,444204,15.01,42.09,12.7,9.37,23.35,2026-06-30,2026-06-30
Lithonia,GA,"Atlanta-Sandy Springs-Alpharetta, GA",Dekalb County,249755.26313467277,-5.41,1698.9016355175947,2.73,20386.819626211138,0.68,12.3,8.16,5.31,Strong Buy,2581,-2.9,NA,NA,NA,NA,NA,NA,2026-06-30,2026-06-30
Haines City,FL,"Lakeland-Winter Haven, FL",Polk County,296177.4219195982,-3.5,2017.585185185185,2.44,24211.022222222222,0.681,12.2,8.17,5.31,Strong Buy,42073,50.53,852878,16.8,32.56,16.11,4.75,29.98,2026-06-30,2026-06-30
Bridgeport,PA,"Philadelphia-Camden-Wilmington, PA-NJ-DE-MD",Montgomery County,363601.4930915783,-0.23,2477.083333333333,NA,29724.999999999996,0.681,12.2,8.18,5.31,Strong Buy,NA,NA,NA,NA,NA,NA,NA,NA,2026-06-30,2026-06-30
Springfield,IL,"Springfield, IL",Sangamon County,173202.12610607382,8.1,1176.0200874394422,5.54,14112.241049273307,0.679,12.3,8.15,5.3,Strong Buy,112949,-1.25,194345,-0.96,1.37,9.51,10.08,29.39,2026-06-30,2026-06-30
Calera,AL,"Birmingham-Hoover, AL",Shelby County,256875.8808756585,0.96,1744.9682539682535,5.03,20939.619047619042,0.679,12.3,8.15,5.3,Strong Buy,18530,11.45,235969,5.38,7.09,5.94,5.41,18.74,2026-06-30,2026-06-30
Auburndale,FL,"Lakeland-Winter Haven, FL",Polk County,305431.91363060515,-2.17,2070.865740740741,2.84,24850.38888888889,0.678,12.3,8.14,5.29,Strong Buy,20659,31.23,852878,16.8,32.56,16.11,4.75,29.98,2026-06-30,2026-06-30
Montgomery,IL,"Chicago-Naperville-Elgin, IL-IN-WI",Kendall County,335268.32047154056,3.14,2275.722222222222,NA,27308.666666666664,0.679,12.3,8.15,5.29,Strong Buy,21957,7.42,143171,8.18,15.09,2.73,2.44,15.82,2026-06-30,2026-06-30
Breaux Bridge,LA,"Lafayette, LA",Saint Martin Parish,189754.43080336624,3.88,1287.5,NA,15450,0.679,12.3,8.14,5.29,Strong Buy,NA,NA,NA,NA,NA,NA,NA,NA,2026-06-30,2026-06-30
Ferndale,MI,"Detroit-Warren-Dearborn, MI",Oakland County,257378.3756562393,-1.2,1746.9117647058822,3.55,20962.941176470587,0.679,12.3,8.14,5.29,Strong Buy,19431,1.21,1296888,1.91,10.58,5.25,6.51,27.73,2026-06-30,2026-06-30
Laurinburg,NC,"Laurinburg, NC",Scotland County,146838.73894699142,3.63,995,NA,11940,0.678,12.3,8.13,5.29,Strong Buy,NA,NA,NA,NA,NA,NA,NA,NA,2026-06-30,2026-06-30
Ridge Manor,FL,"Tampa-St. Petersburg-Clearwater, FL",Hernando County,250483.77812919093,-3.36,1700,NA,20400,0.679,12.3,8.14,5.29,Strong Buy,NA,NA,NA,NA,NA,NA,NA,NA,2026-06-30,2026-06-30
Lorain,OH,"Cleveland-Elyria, OH",Lorain County,158943.50783789702,4.05,1075.049494949495,5.11,12900.59393939394,0.676,12.3,8.12,5.28,Strong Buy,65751,0.8,322030,2.71,9.62,7.17,7.76,26.3,2026-06-30,2026-06-30
Alachua,FL,"Gainesville, FL",Alachua County,331732.2554465076,-1.99,2247.5,NA,26970,0.678,12.3,8.13,5.28,Strong Buy,10856,2.61,291782,4.3,8.33,10.28,11.36,45.93,2026-06-30,2026-06-30
Pleasant Grove,AL,"Birmingham-Hoover, AL",Jefferson County,229349.2947790228,-0.19,1552.5,NA,18630,0.677,12.3,8.12,5.28,Strong Buy,NA,NA,NA,NA,NA,NA,NA,NA,2026-06-30,2026-06-30
Enterprise,AL,"Enterprise, AL",Coffee County,212677.26547220268,0.23,1435.720965309201,3.92,17228.65158371041,0.675,12.3,8.1,5.27,Strong Buy,30731,6.56,56358,5.21,10.13,14.5,10.65,30.77,2026-06-30,2026-06-30
Ives Estates,FL,"Miami-Fort Lauderdale-Pompano Beach, FL",Miami-Dade County,355343.4960059263,-4.95,2398.8303548303547,-1.1,28785.964257964257,0.675,12.3,8.1,5.27,Strong Buy,NA,NA,2838461,5.29,19.88,11.11,5.36,47.81,2026-06-30,2026-06-30
Guyton,GA,"Savannah, GA",Effingham County,358486.23393059144,-1.57,2422.5,NA,29070,0.676,12.3,8.11,5.27,Strong Buy,3059,29.84,73148,12.2,19.48,6.74,2.95,21.49,2026-06-30,2026-06-30
Brentwood,MO,"St. Louis, MO-IL",Saint Louis County,276498.65686943824,0.49,1867.7222222222224,6.47,22412.666666666668,0.675,12.3,8.11,5.27,Strong Buy,8111,-1.35,NA,NA,NA,NA,NA,NA,2026-06-30,2026-06-30
Brookshire,TX,"Houston-The Woodlands-Sugar Land, TX",Waller County,349183.63967966585,-3.64,2361.069047619048,2.07,28332.828571428574,0.676,12.3,8.11,5.27,Strong Buy,5782,13.08,65109,13.65,12.62,9.85,7.28,29.45,2026-06-30,2026-06-30
Muskogee,OK,"Muskogee, OK",Muskogee County,147058.5228140326,1.57,991.4285714285714,21.82,11897.142857142857,0.674,12.4,8.09,5.26,Strong Buy,36849,0.21,66752,0.77,3.6,12.16,6.5,33.61,2026-06-30,2026-06-30
Gloversville,NY,"Gloversville, NY",Fulton County,184939.99755731545,5.76,1247.5,NA,14970,0.675,12.4,8.09,5.26,Strong Buy,NA,NA,NA,NA,NA,NA,NA,NA,2026-06-30,2026-06-30
South Williamsport,PA,"Williamsport, PA",Lycoming County,209273.75689725648,7.38,1411.6666666666667,NA,16940,0.675,12.4,8.09,5.26,Strong Buy,NA,NA,NA,NA,NA,NA,NA,NA,2026-06-30,2026-06-30
Pompano Beach,FL,"Miami-Fort Lauderdale-Pompano Beach, FL",Broward County,352505.3991619099,-3.45,2371.071661450183,2.92,28452.859937402194,0.673,12.4,8.07,5.25,Strong Buy,118104,5.48,2037472,4.84,14.84,13.18,6.08,36.74,2026-06-30,2026-06-30
Deltona,FL,"Deltona-Daytona Beach-Ormond Beach, FL",Volusia County,300807.41868983133,-1.84,2023.3026427962488,3.35,24279.631713554987,0.673,12.4,8.07,5.25,Strong Buy,100513,6.88,602772,8.46,21.72,14.56,6.51,27.2,2026-06-30,2026-06-30
Hudson,FL,"Tampa-St. Petersburg-Clearwater, FL",Pasco County,290175.4243941224,-2.54,1951.2870370370372,8.47,23415.444444444445,0.672,12.4,8.07,5.25,Strong Buy,NA,NA,659114,16.41,37.43,13.3,5.54,24.5,2026-06-30,2026-06-30
Princeton,TX,"Dallas-Fort Worth-Arlington, TX",Collin County,290138.9761725327,-10.4,1953.203766369869,-2.34,23438.445196438428,0.673,12.4,8.08,5.25,Strong Buy,37019,110.71,1254658,16.64,31.61,5.16,6.55,35.92,2026-06-30,2026-06-30
Keansburg,NJ,"New York-Newark-Jersey City, NY-NJ-PA",Monmouth County,390874.00148085016,2.83,2633.3333333333335,NA,31600,0.674,12.4,8.08,5.25,Strong Buy,9689,-0.62,647520,0.74,2.8,7.24,3.49,24.63,2026-06-30,2026-06-30
New Orleans,LA,"New Orleans-Metairie, LA",Orleans Parish,247590.3928754034,-1.98,1664.4092323041111,1.27,19972.910787649333,0.672,12.4,8.07,5.24,Strong Buy,362701,-5.39,362701,-5.39,-7.38,20.38,8.28,49.45,2026-06-30,2026-06-30
Dunnellon,FL,"Ocala, FL",Marion County,270505.529044047,-2.2,1817.2696969696972,0.66,21807.236363636366,0.672,12.4,8.06,5.24,Strong Buy,2043,5.15,428905,13.63,44.29,12.9,7.37,23.32,2026-06-30,2026-06-30
Selden,NY,"New York-Newark-Jersey City, NY-NJ-PA",Suffolk County,598083.7305590118,6.08,4015,NA,48180,0.671,12.4,8.06,5.24,Strong Buy,NA,NA,NA,NA,NA,NA,NA,NA,2026-06-30,2026-06-30
Rosedale,MD,"Baltimore-Columbia-Towson, MD",Baltimore County,321494.9073246719,1.05,2159.1666666666665,NA,25910,0.672,12.4,8.06,5.24,Strong Buy,NA,NA,852425,-0.11,3.96,5.75,5.61,33.67,2026-06-30,2026-06-30
Corsicana,TX,"Corsicana, TX",Navarro County,179509.2371142765,-0.66,1205.2579365079366,2.89,14463.09523809524,0.671,12.4,8.06,5.24,Strong Buy,25591,1.78,56533,6.95,11.92,15.17,1.6,31.97,2026-06-30,2026-06-30
Margate,FL,"Miami-Fort Lauderdale-Pompano Beach, FL",Broward County,321337.53459607944,-3.23,2153.81926683717,0.6,25845.831202046036,0.67,12.4,8.04,5.23,Strong Buy,60650,3.49,2037472,4.84,14.84,13.18,6.08,36.74,2026-06-30,2026-06-30
Windsor Locks,CT,"Hartford-East Hartford-Middletown, CT",Hartford County,343699.79893046996,10.12,2306.6666666666665,NA,27680,0.671,12.4,8.05,5.23,Strong Buy,NA,NA,NA,NA,NA,NA,NA,NA,2026-06-30,2026-06-30
Florida City,FL,"Miami-Fort Lauderdale-Pompano Beach, FL",Miami-Dade County,370477.55066218786,-5.41,2485.7619047619046,-4.11,29829.142857142855,0.671,12.4,8.05,5.23,Strong Buy,13157,1.09,2838461,5.29,19.88,11.11,5.36,47.81,2026-06-30,2026-06-30
Tinley Park,IL,"Chicago-Naperville-Elgin, IL-IN-WI",Cook County,339011.69811348774,4.6,2269.259259259259,5.14,27231.11111111111,0.669,12.4,8.03,5.22,Strong Buy,54856,-1.74,5182617,-1.6,5.9,8.18,4.67,42.49,2026-06-30,2026-06-30
Paducah,KY,"Paducah, KY-IL",McCracken County,192214.13212379455,-1.63,1285.138888888889,6.04,15421.666666666668,0.669,12.5,8.02,5.22,Strong Buy,26712,-1.56,67550,-0.55,4.12,15.14,4.52,32.58,2026-06-30,2026-06-30
East Point,GA,"Atlanta-Sandy Springs-Alpharetta, GA",Fulton County,234976.7861135028,-7.47,1573.5036324786324,5.74,18882.04358974359,0.67,12.4,8.04,5.22,Strong Buy,38270,-0.34,1090354,1.97,1.33,8.52,7.69,45.86,2026-06-30,2026-06-30
Jasper,AL,"Jasper, AL",Walker County,168967.99423826358,3.44,1130.2777777777778,-7.6,13563.333333333334,0.669,12.5,8.03,5.22,Strong Buy,NA,NA,NA,NA,NA,NA,NA,NA,2026-06-30,2026-06-30
East Moline,IL,"Davenport-Moline-Rock Island, IA-IL",Rock Island County,154579.30636131918,8.3,1033.5555555555557,NA,12402.666666666668,0.669,12.5,8.02,5.22,Strong Buy,NA,NA,NA,NA,NA,NA,NA,NA,2026-06-30,2026-06-30
Warrenville,IL,"Chicago-Naperville-Elgin, IL-IN-WI",DuPage County,362028.66748670326,3.72,2423.141414141414,4.36,29077.696969696968,0.669,12.5,8.03,5.22,Strong Buy,15247,11.86,937142,0.6,5.3,4.53,5.6,26.87,2026-06-30,2026-06-30
Lake Alfred,FL,"Lakeland-Winter Haven, FL",Polk County,309886.06687211693,-1.76,2074.333333333333,NA,24891.999999999996,0.669,12.4,8.03,5.22,Strong Buy,NA,NA,NA,NA,NA,NA,NA,NA,2026-06-30,2026-06-30
Clay,AL,"Birmingham-Hoover, AL",Jefferson County,253991.79235862615,0.72,1698.3333333333333,NA,20380,0.669,12.5,8.02,5.22,Strong Buy,10241,-0.75,664744,-1.48,0.68,13.13,7.2,36.28,2026-06-30,2026-06-30
Dearborn,MI,"Detroit-Warren-Dearborn, MI",Wayne County,255120.96086414237,4.64,1704.89898989899,4.13,20458.78787878788,0.668,12.5,8.02,5.21,Strong Buy,106377,-2.9,1771063,-1.04,3.75,12.9,4.58,35.52,2026-06-30,2026-06-30
Plainfield,IL,"Chicago-Naperville-Elgin, IL-IN-WI",Will County,434032.6776263383,1.44,2898.2848484848487,2.87,34779.41818181818,0.668,12.5,8.01,5.21,Strong Buy,48881,8.7,708583,1.68,4.83,4.5,3.98,17.48,2026-06-30,2026-06-30
Port Charlotte,FL,"Punta Gorda, FL",Charlotte County,268380.45303159853,-7.73,1794.0445112781956,-1.96,21528.53413533835,0.668,12.5,8.02,5.21,Strong Buy,NA,NA,212122,12.82,34.15,23.9,13.02,16.83,2026-06-30,2026-06-30
Saint Clair Shores,MI,"Detroit-Warren-Dearborn, MI",Macomb County,235303.7966226959,3.59,1571.4333333333334,2.91,18857.2,0.668,12.5,8.01,5.21,Strong Buy,NA,NA,886175,0.67,8.17,4.12,3.23,25.04,2026-06-30,2026-06-30
Waverly,NY,"Binghamton, NY",Tioga County,170248.48915833133,0.62,1137.5,NA,13650,0.668,12.5,8.02,5.21,Strong Buy,NA,NA,NA,NA,NA,NA,NA,NA,2026-06-30,2026-06-30
Gresham Park,GA,"Atlanta-Sandy Springs-Alpharetta, GA",Dekalb County,255763.1208690008,-7.8,1705.4761904761906,2.68,20465.714285714286,0.667,12.5,8,5.2,Strong Buy,NA,NA,NA,NA,NA,NA,NA,NA,2026-06-30,2026-06-30
Hahira,GA,"Valdosta, GA",Lowndes County,303399.3445729772,4.13,2021.1111111111113,NA,24253.333333333336,0.666,12.5,7.99,5.2,Strong Buy,NA,NA,NA,NA,NA,NA,NA,NA,2026-06-30,2026-06-30
Springfield,OH,"Springfield, OH",Clark County,194243.64761765985,4.61,1293.6666666666667,3.88,15524,0.666,12.5,7.99,5.19,Strong Buy,58138,-0.77,134985,-0.67,4.25,9.44,2.97,30.84,2026-06-30,2026-06-30
Waukegan,IL,"Chicago-Naperville-Elgin, IL-IN-WI",Lake County,247565.43924539897,7.01,1648.4643097643095,2.28,19781.571717171715,0.666,12.5,7.99,5.19,Strong Buy,88570,-0.62,718604,0.73,3.75,4.97,4.19,25.6,2026-06-30,2026-06-30
Shawnee,OK,"Shawnee, OK",Pottawatomie County,180585.44165896636,2.62,1200.9920634920634,3.08,14411.90476190476,0.665,12.5,7.98,5.19,Strong Buy,32092,2.49,74446,2.61,10.89,11.88,2.79,30.11,2026-06-30,2026-06-30
Cuyahoga Falls,OH,"Akron, OH",Summit County,223635.43625018964,4.81,1484.121212121212,7.06,17809.454545454544,0.664,12.6,7.96,5.18,Strong Buy,50979,-0.14,538370,-0.27,4.33,7.17,3.55,32.71,2026-06-30,2026-06-30
Madison Heights,MI,"Detroit-Warren-Dearborn, MI",Oakland County,225260.86719290353,-0.93,1496.078042328042,2.06,17952.936507936505,0.664,12.5,7.97,5.18,Strong Buy,28626,0.81,1296888,1.91,10.58,5.25,6.51,27.73,2026-06-30,2026-06-30
New Windsor,NY,"Poughkeepsie-Newburgh-Middletown, NY",Orange County,446289.133930132,4.79,2961.6666666666665,NA,35540,0.664,12.6,7.96,5.18,Strong Buy,NA,NA,NA,NA,NA,NA,NA,NA,2026-06-30,2026-06-30
Tavares,FL,"Orlando-Kissimmee-Sanford, FL",Lake County,311326.09290979564,-2.45,2067.875,-1.03,24814.5,0.664,12.5,7.97,5.18,Strong Buy,22007,15.71,444204,15.01,42.09,12.7,9.37,23.35,2026-06-30,2026-06-30
Wilson,NC,"Wilson, NC",Wilson County,219896.8400376192,0.55,1457.8541666666667,4.34,17494.25,0.663,12.6,7.96,5.17,Strong Buy,48579,0.24,79958,0.83,6,10.47,6.72,40.91,2026-06-30,2026-06-30
Riviera Beach,FL,"Miami-Fort Lauderdale-Pompano Beach, FL",Palm Beach County,408732.8343821786,-1.25,2709.201388888889,2.36,32510.41666666667,0.663,12.6,7.95,5.17,Strong Buy,39620,5.35,1582055,5.87,15.98,16.36,6.94,30.14,2026-06-30,2026-06-30
Bristol,VA,"Kingsport-Bristol, TN-VA",Washington County,207431.6143493668,-1.1,1375.9333333333334,NA,16511.2,0.663,12.6,7.96,5.17,Strong Buy,16316,-5.7,54098,0.36,8.85,13.28,4.7,24.18,2026-06-30,2026-06-30
Pittsburg,KS,"Pittsburg, KS",Crawford County,140583.84170574287,-0.58,931.3223443223444,4.4,11175.868131868134,0.662,12.6,7.95,5.17,Strong Buy,20547,-0.43,38904,-0.12,-0.15,12.11,4.3,39.86,2026-06-30,2026-06-30
Oak Forest,IL,"Chicago-Naperville-Elgin, IL-IN-WI",Cook County,305559.0345234313,5.6,2024.1666666666667,NA,24290,0.662,12.6,7.95,5.17,Strong Buy,26813,-2.04,5182617,-1.6,5.9,8.18,4.67,42.49,2026-06-30,2026-06-30
Brookhaven,PA,"Philadelphia-Camden-Wilmington, PA-NJ-DE-MD",Delaware County,272492.0265024468,1.47,1805.5555555555557,NA,21666.666666666668,0.663,12.6,7.95,5.17,Strong Buy,8407,1.35,584882,1.45,5.58,5.55,4.21,30.36,2026-06-30,2026-06-30
Burkburnett,TX,"Wichita Falls, TX",Wichita County,184448.8826601615,0.74,1222.5,NA,14670,0.663,12.6,7.95,5.17,Strong Buy,11101,1.2,129984,0.28,-1.28,12.09,11.62,38.5,2026-06-30,2026-06-30
Cambridge,MN,"Minneapolis-St. Paul-Bloomington, MN-WI",Isanti County,332868.61209605285,1.48,2200,NA,26400,0.661,12.6,7.93,5.16,Strong Buy,NA,NA,NA,NA,NA,NA,NA,NA,2026-06-30,2026-06-30
Thief River Falls,MN,NA,Pennington County,190492.3619765741,-2.79,1260,NA,15120,0.661,12.6,7.94,5.16,Strong Buy,NA,NA,NA,NA,NA,NA,NA,NA,2026-06-30,2026-06-30
Garden City,GA,"Savannah, GA",Chatham County,274323.3375186022,1.88,1815,NA,21780,0.662,12.6,7.94,5.16,Strong Buy,NA,NA,NA,NA,NA,NA,NA,NA,2026-06-30,2026-06-30
Lorena,TX,"Waco, TX",McLennan County,347891.277331641,-0.89,2300,NA,27600,0.661,12.6,7.93,5.16,Strong Buy,NA,NA,NA,NA,NA,NA,NA,NA,2026-06-30,2026-06-30
Perkins,OK,"Stillwater, OK",Payne County,225106.8770882119,5.28,1490,NA,17880,0.662,12.6,7.94,5.16,Strong Buy,NA,NA,NA,NA,NA,NA,NA,NA,2026-06-30,2026-06-30
Dearborn Heights,MI,"Detroit-Warren-Dearborn, MI",Wayne County,221126.17555900695,4.05,1459.2479076479076,2.86,17510.97489177489,0.66,12.6,7.92,5.15,Strong Buy,61040,-3.19,1771063,-1.04,3.75,12.9,4.58,35.52,2026-06-30,2026-06-30
Raytown,MO,"Kansas City, MO-KS",Jackson County,211093.017051997,1.63,1392.4629629629628,4.12,16709.555555555555,0.66,12.6,7.92,5.15,Strong Buy,29244,-2.35,727362,1.35,6.69,9.2,4.42,41.15,2026-06-30,2026-06-30
Mobile,AL,"Mobile, AL",Mobile County,199105.55757598777,-1.14,1311.0501331689973,3.07,15732.601598027966,0.658,12.7,7.9,5.14,Strong Buy,201367,-2.48,412339,-0.5,0.6,13.43,4.82,35.13,2026-06-30,2026-06-30
Bossier City,LA,"Shreveport-Bossier City, LA",Bossier Parish,229841.34074930343,1,1513.979179609072,4.37,18167.750155308862,0.659,12.7,7.9,5.14,Strong Buy,63218,0.81,131102,1.82,2.79,11.51,9.94,33.93,2026-06-30,2026-06-30
Crestview,FL,"Crestview-Fort Walton Beach-Destin, FL",Okaloosa County,291515.8114976829,0.03,1920.5524022474483,1.16,23046.62882696938,0.659,12.6,7.91,5.14,Strong Buy,30727,11.6,220483,3.95,1.51,17.91,14.17,32.25,2026-06-30,2026-06-30
Bartlesville,OK,"Tulsa, OK",Osage County,189332.95122000188,4.95,1246.5,-3.56,14958,0.658,12.7,7.9,5.14,Strong Buy,38355,2.58,46495,1.54,14.69,13.77,4.48,21.74,2026-06-30,2026-06-30
Bethany,OK,"Oklahoma City, OK",Oklahoma County,179865.55477970353,-1.32,1185.8465608465608,5.07,14230.15873015873,0.659,12.6,7.91,5.14,Strong Buy,20421,-1.92,816490,2.28,2.8,9.49,7.85,41.39,2026-06-30,2026-06-30
Callaway,FL,"Panama City, FL",Bay County,266808.0732572558,-0.08,1758.5833333333333,3.01,21103,0.659,12.6,7.91,5.14,Strong Buy,14138,8.93,199718,14.42,36.38,28.33,10.57,31.72,2026-06-30,2026-06-30
Locust,NC,"Albemarle, NC",Stanly County,387386.7132691291,0.49,2555,NA,30660,0.66,12.6,7.91,5.14,Strong Buy,NA,NA,NA,NA,NA,NA,NA,NA,2026-06-30,2026-06-30
Lubbock,TX,"Lubbock, TX",Lubbock County,213159.38157942332,1.7,1401.3444402313016,1.77,16816.13328277562,0.657,12.7,7.89,5.13,Strong Buy,272086,5.44,327394,5.07,11.74,9.1,7.87,44.7,2026-06-30,2026-06-30
New Haven,CT,"New Haven-Milford, CT",New Haven County,340802.69155065966,5.65,2242.0163015673215,2.07,26904.19561880786,0.658,12.7,7.89,5.13,Strong Buy,137562,6.38,NA,NA,NA,NA,NA,NA,2026-06-30,2026-06-30
Lehigh Acres,FL,"Cape Coral-Fort Myers, FL",Lee County,281935.1617509504,-7.1,1856.0625,-2.77,22272.75,0.658,12.7,7.9,5.13,Strong Buy,NA,NA,860959,12.46,20.97,25.72,10.08,26.02,2026-06-30,2026-06-30
North Little Rock,AR,"Little Rock-North Little Rock-Conway, AR",Pulaski County,170641.09205160174,3.15,1121.974780058651,1.28,13463.697360703813,0.658,12.7,7.89,5.13,Strong Buy,64498,-0.27,401209,0.48,-0.94,11.78,9.74,42.25,2026-06-30,2026-06-30
Cumberland,MD,"Cumberland, MD-WV",Allegany County,160832.06563770366,4.05,1055.8472222222222,NA,12670.166666666666,0.656,12.7,7.88,5.12,Strong Buy,18643,-2.03,67097,-1.26,3.76,16.38,8.21,29.68,2026-06-30,2026-06-30
Clinton,MS,"Jackson, MS",Hinds County,241919.83445521872,2.24,1587.1777777777777,12.55,19046.13333333333,0.656,12.7,7.87,5.12,Strong Buy,26617,-4.83,211975,-6.53,-12.73,15.54,7.94,42.12,2026-06-30,2026-06-30
Millington,TN,"Memphis, TN-MS-AR",Shelby County,243451.10955580336,1.94,1598.5555555555557,4.74,19182.666666666668,0.657,12.7,7.88,5.12,Strong Buy,11486,8.55,910530,-2.07,-7.65,10.56,7.81,45.42,2026-06-30,2026-06-30
Lincoln,AL,"Talladega-Sylacauga, AL",Talladega County,230356.40225655623,-0.19,1513.1944444444443,NA,18158.333333333332,0.657,12.7,7.88,5.12,Strong Buy,7790,12.77,81375,-0.05,7.55,14.09,5.04,27.44,2026-06-30,2026-06-30
Norwood,PA,"Philadelphia-Camden-Wilmington, PA-NJ-DE-MD",Delaware County,296901.3617659654,1.46,1950,NA,23400,0.657,12.7,7.88,5.12,Strong Buy,NA,NA,NA,NA,NA,NA,NA,NA,2026-06-30,2026-06-30
Jonesboro,GA,"Atlanta-Sandy Springs-Alpharetta, GA",Clayton County,244704.89965290943,-3.72,1603.7715822939592,1.94,19245.25898752751,0.655,12.7,7.86,5.11,Strong Buy,6084,2.06,297703,-0.58,-9.79,8.01,9.9,46.81,2026-06-30,2026-06-30
Palatka,FL,"Palatka, FL",Putnam County,210442.70810916057,1.59,1379.0833333333333,0.87,16549,0.655,12.7,7.86,5.11,Strong Buy,10867,3.77,77301,5.33,18.81,16.29,2.51,27.39,2026-06-30,2026-06-30
Edgewood,MD,"Baltimore-Columbia-Towson, MD",Harford County,270305.4203683524,0.92,1771.8194444444443,4.01,21261.833333333332,0.655,12.7,7.87,5.11,Strong Buy,NA,NA,265514,1.63,2.3,3.96,3.4,20.29,2026-06-30,2026-06-30
Elgin,TX,"Austin-Round Rock-Georgetown, TX",Travis County,273586.8197164066,-6.7,1791.6666666666667,-0.85,21500,0.655,12.7,7.86,5.11,Strong Buy,12438,26.89,1363767,5.18,4.41,5.57,4.27,46.97,2026-06-30,2026-06-30
Warren,MI,"Detroit-Warren-Dearborn, MI",Macomb County,204490.9550433839,1.69,1337.3569731718644,3.04,16048.283678062373,0.654,12.7,7.85,5.1,Strong Buy,137686,-1.09,886175,0.67,8.17,4.12,3.23,25.04,2026-06-30,2026-06-30
Wheeling,IL,"Chicago-Naperville-Elgin, IL-IN-WI",Cook County,321429.26280407974,4.56,2103.1975401188297,0.21,25238.370481425954,0.654,12.7,7.85,5.1,Strong Buy,38329,-2.28,5182617,-1.6,5.9,8.18,4.67,42.49,2026-06-30,2026-06-30
Canton,MS,"Jackson, MS",Madison County,225394.95753603196,0.53,1473.6666666666667,NA,17684,0.654,12.7,7.85,5.1,Strong Buy,10777,-1.24,114247,4.57,8.14,7.91,6.1,28.59,2026-06-30,2026-06-30
Cameron,NC,"Fayetteville, NC",Harnett County,326726.88995016634,0.71,2136.7989417989415,3.14,25641.5873015873,0.654,12.7,7.85,5.1,Strong Buy,262,8.71,146096,9.26,25.57,10.01,8.1,30.51,2026-06-30,2026-06-30
Baker,LA,"Baton Rouge, LA",East Baton Rouge Parish,182508.76722123584,-0.44,1194.1666666666667,NA,14330,0.654,12.7,7.85,5.1,Strong Buy,NA,NA,NA,NA,NA,NA,NA,NA,2026-06-30,2026-06-30
Grayslake,IL,"Chicago-Naperville-Elgin, IL-IN-WI",Lake County,376258.21874167566,5.23,2461.1111111111113,NA,29533.333333333336,0.654,12.7,7.85,5.1,Strong Buy,21262,0.21,718604,0.73,3.75,4.97,4.19,25.6,2026-06-30,2026-06-30
Bonham,TX,"Bonham, TX",Fannin County,230235.3314413921,-2.67,1505.8333333333333,NA,18070,0.654,12.7,7.85,5.1,Strong Buy,NA,NA,NA,NA,NA,NA,NA,NA,2026-06-30,2026-06-30
Cortland,NY,"Cortland, NY",Cortland County,209341.89515238153,6.56,1366.559523809524,6.05,16398.71428571429,0.653,12.8,7.83,5.09,Strong Buy,17459,-0.33,45945,-1.72,0.57,9.95,3.58,33.61,2026-06-30,2026-06-30
Running Springs,CA,"Riverside-San Bernardino-Ontario, CA",San Bernardino County,348302.2910373576,-6.13,2275,NA,27300,0.653,12.8,7.84,5.09,Strong Buy,NA,NA,NA,NA,NA,NA,NA,NA,2026-06-30,2026-06-30
Slidell,LA,"New Orleans-Metairie, LA",Saint Tammany Parish,224547.32957527143,-4.05,1462.2853002070394,1.68,17547.423602484472,0.651,12.8,7.81,5.08,Strong Buy,28440,-0.66,NA,NA,NA,NA,NA,NA,2026-06-30,2026-06-30
Gretna,LA,"New Orleans-Metairie, LA",Jefferson Parish,244621.69466043948,6.47,1594.486111111111,-1.8,19133.833333333332,0.652,12.8,7.82,5.08,Strong Buy,17185,-3.25,427253,-2.84,2.2,8.82,5.5,37.69,2026-06-30,2026-06-30
South Daytona,FL,"Deltona-Daytona Beach-Ormond Beach, FL",Volusia County,250397.03491169863,0.67,1631.6333333333332,-1.87,19579.6,0.652,12.8,7.82,5.08,Strong Buy,13906,7.17,602772,8.46,21.72,14.56,6.51,27.2,2026-06-30,2026-06-30
Tarboro,NC,"Rocky Mount, NC",Edgecombe County,158811.15249361147,-2.56,1033.3333333333333,NA,12400,0.651,12.8,7.81,5.08,Strong Buy,10954,2.53,49124,0.71,6.62,16.02,3.2,40.61,2026-06-30,2026-06-30
Lacy-Lakeview,TX,"Waco, TX",McLennan County,193078.5374930091,1.5,1258.5555555555557,NA,15102.666666666668,0.652,12.8,7.82,5.08,Strong Buy,NA,NA,NA,NA,NA,NA,NA,NA,2026-06-30,2026-06-30
Moline,IL,"Davenport-Moline-Rock Island, IA-IL",Rock Island County,153461.50272581514,4.76,998.4583333333334,5.97,11981.5,0.651,12.8,7.81,5.07,Strong Buy,42442,-1.05,142731,-1.13,6.16,8.32,6.67,31.37,2026-06-30,2026-06-30
Leeds,AL,"Birmingham-Hoover, AL",Jefferson County,256175.3161205976,2.83,1665.6666666666667,NA,19988,0.65,12.8,7.8,5.07,Strong Buy,12573,1.91,664744,-1.48,0.68,13.13,7.2,36.28,2026-06-30,2026-06-30
South Bend,IN,"South Bend-Mishawaka, IN-MI",Saint Joseph County,202068.94611458303,6.85,1310.3253542323312,5.57,15723.904250787975,0.648,12.9,7.78,5.06,Strong Buy,103713,0.35,NA,NA,NA,NA,NA,NA,2026-06-30,2026-06-30
Marion,IN,"Marion, IN",Grant County,140771.53204541642,3.49,912.9444444444443,13.42,10955.333333333332,0.649,12.8,7.78,5.06,Strong Buy,28216,-0.13,66458,-0.07,4.75,10.45,6.27,28.23,2026-06-30,2026-06-30
Burton,MI,"Flint, MI",Genesee County,159997.64252837517,4.17,1038.3333333333333,NA,12460,0.649,12.8,7.79,5.06,Strong Buy,NA,NA,NA,NA,NA,NA,NA,NA,2026-06-30,2026-06-30
Ottawa,IL,"Ottawa, IL",La Salle County,214363.5021692645,6.57,1390.8333333333333,NA,16690,0.649,12.8,7.79,5.06,Strong Buy,18775,-0.24,NA,NA,NA,NA,NA,NA,2026-06-30,2026-06-30
Potsdam,NY,"Ogdensburg-Massena, NY",Saint Lawrence County,192010.9827041021,8.07,1245,NA,14940,0.648,12.9,7.78,5.06,Strong Buy,NA,NA,NA,NA,NA,NA,NA,NA,2026-06-30,2026-06-30
Newberry,FL,"Gainesville, FL",Alachua County,332817.2264545874,-2.13,2159.1666666666665,1.33,25910,0.649,12.8,7.79,5.06,Strong Buy,8326,12.42,291782,4.3,8.33,10.28,11.36,45.93,2026-06-30,2026-06-30
Cape Canaveral,FL,"Palm Bay-Melbourne-Titusville, FL",Brevard County,316362.2370223541,-2.59,2050.6944444444443,1.89,24608.333333333332,0.648,12.9,7.78,5.06,Strong Buy,10014,0.39,658447,8.16,22.48,14.46,11.39,23.08,2026-06-30,2026-06-30
Pittsburgh,PA,"Pittsburgh, PA",Allegheny County,246117.46155706455,-0.74,1592.5999553576903,3.69,19111.199464292284,0.647,12.9,7.77,5.05,Strong Buy,307668,1.61,1231814,-1.43,2.72,9.6,6.37,35.07,2026-06-30,2026-06-30
Lake Wales,FL,"Lakeland-Winter Haven, FL",Polk County,244759.3255990372,-3.04,1586,0.19,19032,0.648,12.9,7.78,5.05,Strong Buy,17798,9.26,852878,16.8,32.56,16.11,4.75,29.98,2026-06-30,2026-06-30
Saginaw,TX,"Dallas-Fort Worth-Arlington, TX",Tarrant County,302398.026718082,-2.25,1958.2251082251084,-0.54,23498.7012987013,0.648,12.9,7.77,5.05,Strong Buy,26116,8.69,2230708,5.41,8.74,7.08,7.73,40.64,2026-06-30,2026-06-30
Perry,GA,"Warner Robins, GA",Houston County,277463.4968790369,2.98,1798.0555555555557,NA,21576.666666666668,0.648,12.9,7.78,5.05,Strong Buy,NA,NA,NA,NA,NA,NA,NA,NA,2026-06-30,2026-06-30
Fox Lake,IL,"Chicago-Naperville-Elgin, IL-IN-WI",Lake County,258567.7821182924,4.49,1675,NA,20100,0.648,12.9,7.77,5.05,Strong Buy,NA,NA,NA,NA,NA,NA,NA,NA,2026-06-30,2026-06-30
Irmo,SC,"Columbia, SC",Richland County,286812.1901517431,1.31,1852.1333333333332,-0.24,22225.6,0.646,12.9,7.75,5.04,Strong Buy,12086,5.18,430651,3.6,10.35,10.74,5.98,39.63,2026-06-30,2026-06-30
Durant,OK,"Durant, OK",Bryan County,228724.00637448533,-1.2,1477.7777777777776,5.99,17733.333333333332,0.646,12.9,7.75,5.04,Strong Buy,20908,11.67,50305,8.58,23.42,11.51,4.07,36.44,2026-06-30,2026-06-30
Crystal River,FL,"Homosassa Springs, FL",Citrus County,273981.94497825374,-3.11,1770.8333333333333,-2.28,21250,0.646,12.9,7.76,5.04,Strong Buy,3661,2.72,170174,10.1,32.17,16.44,8.93,15.17,2026-06-30,2026-06-30
Gainesville,TX,"Gainesville, TX",Cooke County,249594.8001579817,-1.93,1613.888888888889,NA,19366.666666666668,0.647,12.9,7.76,5.04,Strong Buy,NA,NA,NA,NA,NA,NA,NA,NA,2026-06-30,2026-06-30
Newport,KY,"Cincinnati, OH-KY-IN",Campbell County,249760.77409848632,-1.26,1613.8055555555557,5.3,19365.666666666668,0.646,12.9,7.75,5.04,Strong Buy,13792,-2.51,94008,0.94,0.59,6.11,5.78,28.97,2026-06-30,2026-06-30
Newark,TX,"Dallas-Fort Worth-Arlington, TX",Wise County,304954.8422680101,-3.82,1969.888888888889,NA,23638.666666666668,0.646,12.9,7.75,5.04,Strong Buy,NA,NA,NA,NA,NA,NA,NA,NA,2026-06-30,2026-06-30
Rockford,IL,"Rockford, IL",Winnebago County,187244.74285496064,9.95,1208.0249615975424,8.8,14496.299539170508,0.645,12.9,7.74,5.03,Strong Buy,147486,-0.81,283790,-0.41,5.67,7.61,5.29,34.76,2026-06-30,2026-06-30
Texarkana,TX,"Texarkana, TX-AR",Bowie County,203305.61558201388,2.81,1311.1111111111113,3.65,15733.333333333336,0.645,12.9,7.74,5.03,Strong Buy,35971,-0.71,91992,-0.99,5.8,12.54,3.94,37.31,2026-06-30,2026-06-30
Hazleton,PA,"Scranton--Wilkes-Barre, PA",Luzerne County,222271.5197167079,1.93,1433.0833333333337,NA,17197.000000000004,0.645,12.9,7.74,5.03,Strong Buy,NA,NA,NA,NA,NA,NA,NA,NA,2026-06-30,2026-06-30
Romeoville,IL,"Chicago-Naperville-Elgin, IL-IN-WI",Will County,323927.66971826326,2.45,2089.167628667629,3.93,25070.011544011548,0.645,12.9,7.74,5.03,Strong Buy,41177,0.9,708583,1.68,4.83,4.5,3.98,17.48,2026-06-30,2026-06-30
North Ridgeville,OH,"Cleveland-Elyria, OH",Lorain County,336067.1447128623,4.58,2165.9444444444443,NA,25991.333333333332,0.644,12.9,7.73,5.03,Strong Buy,37504,5.78,322030,2.71,9.62,7.17,7.76,26.3,2026-06-30,2026-06-30
Hope Mills,NC,"Fayetteville, NC",Cumberland County,266012.16741797904,0.78,1716.4629629629628,4.43,20597.555555555555,0.645,12.9,7.74,5.03,Strong Buy,18102,1.58,338430,0.37,-6.05,10.52,6.19,46.34,2026-06-30,2026-06-30
Hernando,MS,"Memphis, TN-MS-AR",DeSoto County,350371.61763495783,2.21,2261.1111111111113,3.02,27133.333333333336,0.645,12.9,7.74,5.03,Strong Buy,18542,7.33,195871,5.23,10.71,6.4,13.83,22.2,2026-06-30,2026-06-30
Temple,GA,"Atlanta-Sandy Springs-Alpharetta, GA",Carroll County,286621.45506699337,-0.08,1848.1666666666667,NA,22178,0.645,12.9,7.74,5.03,Strong Buy,6406,25.9,129911,8.72,17.56,7.57,2.82,30.7,2026-06-30,2026-06-30
Rustburg,VA,"Lynchburg, VA",Campbell County,290432.3503489353,1.77,1871.25,NA,22455,0.644,12.9,7.73,5.03,Strong Buy,NA,NA,NA,NA,NA,NA,NA,NA,2026-06-30,2026-06-30
Saint Hedwig,TX,"San Antonio-New Braunfels, TX",Bexar County,292365.86741275364,-1.33,1883.6468253968253,0.6,22603.761904761905,0.644,12.9,7.73,5.03,Strong Buy,NA,NA,2127737,5.56,8.6,8.27,8.16,40.89,2026-06-30,2026-06-30
Independence,MO,"Kansas City, MO-KS",Jackson County,214194.8893706668,3.49,1378.454950980392,2.69,16541.459411764703,0.644,12.9,7.72,5.02,Strong Buy,121629,-0.99,727362,1.35,6.69,9.2,4.42,41.15,2026-06-30,2026-06-30
Cocoa,FL,"Palm Bay-Melbourne-Titusville, FL",Brevard County,300075.7014803611,-0.64,1930.75995872033,3.15,23169.11950464396,0.643,13,7.72,5.02,Strong Buy,19909,4.61,658447,8.16,22.48,14.46,11.39,23.08,2026-06-30,2026-06-30
Belleville,IL,"St. Louis, MO-IL",Saint Clair County,162763.23335764967,2.63,1047.6186868686868,6.85,12571.424242424242,0.644,12.9,7.72,5.02,Strong Buy,40560,-4.06,NA,NA,NA,NA,NA,NA,2026-06-30,2026-06-30
Crowley,TX,"Dallas-Fort Worth-Arlington, TX",Tarrant County,317277.61568187206,-3.18,2041.225925925926,1.09,24494.71111111111,0.643,13,7.72,5.02,Strong Buy,20483,11.63,2230708,5.41,8.74,7.08,7.73,40.64,2026-06-30,2026-06-30
Independence,KY,"Cincinnati, OH-KY-IN",Kenton County,333159.91386448784,2.86,2142.777777777778,3.64,25713.333333333336,0.643,13,7.72,5.02,Strong Buy,30196,4.9,174862,3.3,10.73,7.27,5.15,29.96,2026-06-30,2026-06-30
Forest Park,OH,"Cincinnati, OH-KY-IN",Hamilton County,244824.20988865604,2.11,1575.1666666666667,7.48,18902,0.643,13,7.72,5.02,Strong Buy,20033,-0.67,837359,0.84,4.18,7.42,4.2,41.01,2026-06-30,2026-06-30
Noble,OK,"Oklahoma City, OK",Cleveland County,212386.8067956181,1.52,1367.7777777777776,NA,16413.333333333332,0.644,12.9,7.73,5.02,Strong Buy,7779,10.61,303952,2.6,5.34,6.41,5.83,35.92,2026-06-30,2026-06-30
Topeka,KS,"Topeka, KS",Shawnee County,199788.3737290922,-0.09,1282.8633578431372,5.68,15394.360294117647,0.642,13,7.71,5.01,Strong Buy,125467,-0.76,177942,-0.43,2.25,7.86,9.57,33.02,2026-06-30,2026-06-30
Fairburn,GA,"Atlanta-Sandy Springs-Alpharetta, GA",Fulton County,322541.73921079305,-2.22,2071.823725981621,1.66,24861.88471177945,0.642,13,7.71,5.01,Strong Buy,17267,4.25,1090354,1.97,1.33,8.52,7.69,45.86,2026-06-30,2026-06-30
North Lauderdale,FL,"Miami-Fort Lauderdale-Pompano Beach, FL",Broward County,352048.3568625736,-2.88,2259.143859649123,-0.3,27109.726315789478,0.642,13,7.7,5.01,Strong Buy,46335,3.6,2037472,4.84,14.84,13.18,6.08,36.74,2026-06-30,2026-06-30
Inverness,FL,"Homosassa Springs, FL",Citrus County,242117.3429536838,-1.75,1555,2.79,18660,0.642,13,7.71,5.01,Strong Buy,7887,3.72,170174,10.1,32.17,16.44,8.93,15.17,2026-06-30,2026-06-30
La Porte,TX,"Houston-The Woodlands-Sugar Land, TX",Harris County,258283.3286437339,0.44,1658.05291005291,-0.39,19896.63492063492,0.642,13,7.7,5.01,Strong Buy,38046,7.77,5009302,5.78,13.97,8.3,8.76,45.24,2026-06-30,2026-06-30
Martinsville,VA,"Martinsville, VA",Henry County,135786.46187831555,-2.85,871.3333333333334,NA,10456,0.642,13,7.7,5.01,Strong Buy,13834,2.66,49385,-2.88,5.12,19.42,4.82,23.91,2026-06-30,2026-06-30
Slaton,TX,"Lubbock, TX",Lubbock County,147262.07995059108,5.79,945,NA,11340,0.642,13,7.7,5.01,Strong Buy,NA,NA,NA,NA,NA,NA,NA,NA,2026-06-30,2026-06-30
Baytown,TX,"Houston-The Woodlands-Sugar Land, TX",Harris County,247381.07399961437,-1.06,1586.0968253968256,2.45,19033.161904761906,0.641,13,7.69,5,Strong Buy,86004,0.66,5009302,5.78,13.97,8.3,8.76,45.24,2026-06-30,2026-06-30
Vineland,NJ,"Vineland-Bridgeton, NJ",Cumberland County,314720.94169631816,2.63,2018.3333333333333,NA,24220,0.641,13,7.7,5,Strong Buy,NA,NA,NA,NA,NA,NA,NA,NA,2026-06-30,2026-06-30
Punta Gorda,FL,"Punta Gorda, FL",Charlotte County,335672.43676121655,-8.27,2151.6865079365084,5.18,25820.2380952381,0.641,13,7.69,5,Strong Buy,20416,3.86,212122,12.82,34.15,23.9,13.02,16.83,2026-06-30,2026-06-30
Selma,CA,"Fresno, CA",Fresno County,364480.8153764093,1.97,2337.5,NA,28050,0.641,13,7.7,5,Strong Buy,NA,NA,NA,NA,NA,NA,NA,NA,2026-06-30,2026-06-30
Hiram,GA,"Atlanta-Sandy Springs-Alpharetta, GA",Paulding County,314647.72353481007,-0.52,2016.289562289562,3.96,24195.474747474742,0.641,13,7.69,5,Strong Buy,5520,11.45,188549,11.19,23.16,4.71,4.59,19.73,2026-06-30,2026-06-30
Richlands,NC,"Jacksonville, NC",Onslow County,277779.13221112377,4.34,1779.3650793650793,7.15,21352.38095238095,0.641,13,7.69,5,Strong Buy,NA,NA,NA,NA,NA,NA,NA,NA,2026-06-30,2026-06-30
Frostproof,FL,"Lakeland-Winter Haven, FL",Polk County,218553.6242490666,-0.43,1400,NA,16800,0.641,13,7.69,5,Strong Buy,NA,NA,NA,NA,NA,NA,NA,NA,2026-06-30,2026-06-30
Chesapeake Beach,MD,"Washington-Arlington-Alexandria, DC-VA-MD-WV",Calvert County,469546.5283013288,0.18,3012.5,NA,36150,0.642,13,7.7,5,Strong Buy,NA,NA,NA,NA,NA,NA,NA,NA,2026-06-30,2026-06-30
Southgate,KY,"Cincinnati, OH-KY-IN",Campbell County,225854.87732171445,1.91,1446.6666666666667,NA,17360,0.641,13,7.69,5,Strong Buy,NA,NA,NA,NA,NA,NA,NA,NA,2026-06-30,2026-06-30
Venus,TX,"Dallas-Fort Worth-Arlington, TX",Johnson County,328901.0167200156,-3.24,2106.944444444445,1.92,25283.333333333336,0.641,13,7.69,5,Strong Buy,8209,78.3,210547,16.36,31.86,7.46,7.08,25.53,2026-06-30,2026-06-30
El Paso,TX,"El Paso, TX",El Paso County,237834.0351661401,1.71,1520.6566515495088,2.64,18247.879818594105,0.639,13,7.67,4.99,Strong Buy,681723,0.34,875784,1.05,-3.46,7.63,7.18,36.32,2026-06-30,2026-06-30
Kansas City,KS,"Kansas City, MO-KS",Wyandotte County,206133.32021719767,1.47,1318.5510028300723,3.21,15822.612033960868,0.64,13,7.68,4.99,Strong Buy,156752,0.29,169418,0.29,9.87,10.75,5.34,38.65,2026-06-30,2026-06-30
Scranton,PA,"Scranton--Wilkes-Barre, PA",Lackawanna County,205565.5587204339,-2.79,1315.176383741601,3.22,15782.116604899213,0.64,13,7.68,4.99,Strong Buy,75905,-0.36,216859,0.61,5,11.75,4.79,34.63,2026-06-30,2026-06-30
Utica,NY,"Utica-Rome, NY",Oneida County,213412.31492368065,8.77,1365,10.03,16380,0.64,13,7.68,4.99,Strong Buy,63660,-2.32,228347,-1.19,3.34,10.38,5.43,32.21,2026-06-30,2026-06-30
Berkley,MI,"Detroit-Warren-Dearborn, MI",Oakland County,325239.4993183681,2,2079.8888888888887,NA,24958.666666666664,0.639,13,7.67,4.99,Strong Buy,15313,0.96,1296888,1.91,10.58,5.25,6.51,27.73,2026-06-30,2026-06-30
Millbrook,AL,"Montgomery, AL",Elmore County,223210.09188817255,5.13,1427.4,5,17128.800000000003,0.639,13,7.67,4.99,Strong Buy,17392,5.25,91042,3.61,6.16,12.29,7.49,23.14,2026-06-30,2026-06-30
Cross Roads,TX,"Dallas-Fort Worth-Arlington, TX",Denton County,336651.2936946587,-7.57,2155.1666666666665,NA,25862,0.64,13,7.68,4.99,Strong Buy,1977,12.07,1045120,14.28,23.72,4.75,5.09,34.63,2026-06-30,2026-06-30
Brandon,MS,"Jackson, MS",Rankin County,290692.90099661594,2.3,1857.2110448535132,5.12,22286.532538242158,0.639,13,7.67,4.98,Strong Buy,25870,2.94,160573,2.16,0.45,6.95,6.63,22.38,2026-06-30,2026-06-30
Phenix City,AL,"Columbus, GA-AL",Russell County,214768.09135521445,5.68,1371.5201465201465,1.17,16458.24175824176,0.639,13,7.66,4.98,Strong Buy,38509,-0.77,58837,-0.7,3.38,13.61,9.09,39.45,2026-06-30,2026-06-30
Parkersburg,WV,"Parkersburg-Vienna, WV",Wood County,151551.45781955155,0.67,968.3333333333334,6.45,11620,0.639,13,7.67,4.98,Strong Buy,28834,-2.83,82757,-1.65,0.6,11.39,9.85,25.58,2026-06-30,2026-06-30
Newington,CT,"Hartford-East Hartford-Middletown, CT",Hartford County,384192.8489110914,4.9,2451.055555555555,4.87,29412.666666666664,0.638,13.1,7.66,4.98,Strong Buy,NA,NA,NA,NA,NA,NA,NA,NA,2026-06-30,2026-06-30
Leesville,LA,"Fort Polk South, LA",Vernon Parish,165121.70279953905,-2.15,1053.3333333333333,1.48,12640,0.638,13.1,7.65,4.98,Strong Buy,5339,-5.67,45819,-5.77,-16.7,19.57,9.17,44.23,2026-06-30,2026-06-30
East Highland Park,VA,"Richmond, VA",Henrico County,274926.39932383393,1.41,1754.7333333333331,1.14,21056.799999999996,0.638,13.1,7.66,4.98,Strong Buy,NA,NA,338696,1.12,7.45,5.15,5.64,35.38,2026-06-30,2026-06-30
Warrior,AL,"Birmingham-Hoover, AL",Jefferson County,241837.3483195821,2.79,1545,NA,18540,0.639,13,7.67,4.98,Strong Buy,NA,NA,NA,NA,NA,NA,NA,NA,2026-06-30,2026-06-30
Winter Haven,FL,"Lakeland-Winter Haven, FL",Polk County,275572.84038466,-3.21,1756.1962789243278,2.5,21074.355347091932,0.637,13.1,7.65,4.97,Strong Buy,59975,18.52,852878,16.8,32.56,16.11,4.75,29.98,2026-06-30,2026-06-30
Kingston,PA,"Scranton--Wilkes-Barre, PA",Luzerne County,231623.80512113124,3.04,1475.85,3.45,17710.199999999997,0.637,13.1,7.65,4.97,Strong Buy,13476,1.06,331379,1.89,10.61,11.64,4.79,32.25,2026-06-30,2026-06-30
Humble,TX,"Houston-The Woodlands-Sugar Land, TX",Harris County,255832.46243696415,-2.09,1626.3781244671784,-0.77,19516.53749360614,0.636,13.1,7.63,4.96,Strong Buy,16561,-0.97,5009302,5.78,13.97,8.3,8.76,45.24,2026-06-30,2026-06-30
Hockley,TX,"Houston-The Woodlands-Sugar Land, TX",Harris County,304759.7229288485,-3.42,1938.289696969697,-0.84,23259.476363636364,0.636,13.1,7.63,4.96,Strong Buy,NA,NA,5009302,5.78,13.97,8.3,8.76,45.24,2026-06-30,2026-06-30
Bondurant,IA,"Des Moines-West Des Moines, IA",Polk County,330914.64519696543,-0.69,2103.75,NA,25245,0.636,13.1,7.63,4.96,Strong Buy,NA,NA,NA,NA,NA,NA,NA,NA,2026-06-30,2026-06-30
Cresskill,NJ,"New York-Newark-Jersey City, NY-NJ-PA",Bergen County,1048775.291536836,4.05,6663.333333333333,NA,79960,0.635,13.1,7.62,4.96,Strong Buy,NA,NA,NA,NA,NA,NA,NA,NA,2026-06-30,2026-06-30
Lavon,TX,"Dallas-Fort Worth-Arlington, TX",Collin County,347933.07219501404,-8.14,2212.222222222222,2.33,26546.666666666664,0.636,13.1,7.63,4.96,Strong Buy,8491,86.86,1254658,16.64,31.61,5.16,6.55,35.92,2026-06-30,2026-06-30
Milwaukee,WI,"Milwaukee-Waukesha, WI",Milwaukee County,231388.4999370648,3.37,1469.472368876047,4.59,17633.668426512566,0.635,13.1,7.62,4.95,Strong Buy,563531,-2.36,924740,-1.48,0.57,8.21,6.16,50.2,2026-06-30,2026-06-30
Columbia,SC,"Columbia, SC",Richland County,232810.22082578717,1.32,1478.1721216722085,1.63,17738.0654600665,0.635,13.1,7.62,4.95,Strong Buy,144788,6.3,430651,3.6,10.35,10.74,5.98,39.63,2026-06-30,2026-06-30
Tupelo,MS,"Tupelo, MS",Lee County,217618.91644917327,5.54,1381.0972222222224,4.54,16573.166666666668,0.635,13.1,7.62,4.95,Strong Buy,37775,-0.38,83012,-0.37,0.53,15.15,8.38,29.78,2026-06-30,2026-06-30
Denison,TX,"Sherman-Denison, TX",Grayson County,226465.5036049844,-6.73,1437.3678804855274,-0.88,17248.41456582633,0.635,13.1,7.62,4.95,Strong Buy,26446,7.76,150532,10.56,22.95,11.66,3.32,32.67,2026-06-30,2026-06-30
Brownstown,MI,"Detroit-Warren-Dearborn, MI",Wayne County,306923.3061621808,4.31,1949.5444444444445,NA,23394.533333333333,0.635,13.1,7.62,4.95,Strong Buy,NA,NA,1771063,-1.04,3.75,12.9,4.58,35.52,2026-06-30,2026-06-30
Bemidji,MN,"Bemidji, MN",Beltrami County,222499.98200901857,4.84,1410.8333333333333,NA,16930,0.634,13.1,7.61,4.95,Strong Buy,15733,2.11,46762,1.12,2.05,17.03,6.27,30.53,2026-06-30,2026-06-30
Caddo Mills,TX,"Dallas-Fort Worth-Arlington, TX",Hunt County,318483.7176000582,-4.02,2020,NA,24240,0.634,13.1,7.61,4.95,Strong Buy,NA,NA,NA,NA,NA,NA,NA,NA,2026-06-30,2026-06-30
Harriman,NY,"Poughkeepsie-Newburgh-Middletown, NY",Orange County,381777.0127970907,1.83,2425,NA,29100,0.635,13.1,7.62,4.95,Strong Buy,NA,NA,NA,NA,NA,NA,NA,NA,2026-06-30,2026-06-30
Franklin,IN,"Indianapolis-Carmel-Anderson, IN",Johnson County,285390.7802291513,1.77,1808.1502645502644,2.1,21697.803174603174,0.634,13.2,7.6,4.94,Strong Buy,26158,3.06,170614,5.15,11.12,5.07,6.28,26.06,2026-06-30,2026-06-30
Aliquippa,PA,"Pittsburgh, PA",Beaver County,210813.2495605138,5.58,1336.0555555555557,-2.62,16032.666666666668,0.634,13.1,7.61,4.94,Strong Buy,9003,-2.36,165540,-1.38,4.65,9.08,7.23,25.47,2026-06-30,2026-06-30
Fort Dodge,IA,"Fort Dodge, IA",Webster County,133231.0390318612,1.47,843.3833333333333,NA,10120.6,0.633,13.2,7.6,4.94,Strong Buy,24886,0.09,36909,-0.22,8.4,8.28,3.21,29.91,2026-06-30,2026-06-30
Gardendale,AL,"Birmingham-Hoover, AL",Jefferson County,272396.9328008311,2.63,1723.75,NA,20685,0.633,13.2,7.59,4.94,Strong Buy,NA,NA,NA,NA,NA,NA,NA,NA,2026-06-30,2026-06-30
Daleville,AL,"Ozark, AL",Dale County,151149.04549225274,1.4,957.5,NA,11490,0.633,13.2,7.6,4.94,Strong Buy,NA,NA,NA,NA,NA,NA,NA,NA,2026-06-30,2026-06-30
Jackson,TN,"Jackson, TN",Madison County,229671.79728308137,-0.89,1451.0275,1.8,17412.329999999998,0.632,13.2,7.58,4.93,Strong Buy,69303,1.62,100409,1.59,9.43,9.98,6.29,37.51,2026-06-30,2026-06-30
Parma,OH,"Cleveland-Elyria, OH",Cuyahoga County,221775.571713756,4.76,1401.6407407407407,7.64,16819.68888888889,0.632,13.2,7.58,4.93,Strong Buy,79350,-1.99,1240594,-1.75,1.72,9.97,5.22,40.95,2026-06-30,2026-06-30
Milton,FL,"Pensacola-Ferry Pass-Brent, FL",Santa Rosa County,288819.6542679433,1.12,1824.8148148148148,1.77,21897.777777777777,0.632,13.2,7.58,4.93,Strong Buy,11182,8.76,207653,9.86,19.76,8.97,3.52,20.02,2026-06-30,2026-06-30
Lufkin,TX,"Lufkin, TX",Angelina County,207846.32010757647,-0.16,1313.2539682539682,7.2,15759.047619047618,0.632,13.2,7.58,4.93,Strong Buy,34399,0.8,88094,1.84,3.36,12.54,5.53,35.7,2026-06-30,2026-06-30
Palmetto,FL,"North Port-Sarasota-Bradenton, FL",Manatee County,352064.3150386839,-5.04,2223.3555555555554,1.06,26680.266666666663,0.632,13.2,7.58,4.93,Strong Buy,13682,2.62,458352,14.12,32.53,21.45,16.3,25.31,2026-06-30,2026-06-30
Okeechobee,FL,"Okeechobee, FL",Okeechobee County,290056.068137179,0.17,1833.3333333333333,NA,22000,0.632,13.2,7.58,4.93,Strong Buy,NA,NA,NA,NA,NA,NA,NA,NA,2026-06-30,2026-06-30
Ennis,TX,"Dallas-Fort Worth-Arlington, TX",Ellis County,266530.46671495243,-1.99,1683.590476190476,-0.28,20203.085714285713,0.632,13.2,7.58,4.93,Strong Buy,24753,22.47,232387,19.58,34.12,5.09,4.27,23.75,2026-06-30,2026-06-30
Fairmont,WV,"Fairmont, WV",Marion County,197573.0584076068,3.52,1250,4.21,15000,0.633,13.2,7.59,4.93,Strong Buy,18063,-1.91,55649,-1.04,2.5,12.62,9.13,24.18,2026-06-30,2026-06-30
Rossville,GA,"Chattanooga, TN-GA",Walker County,221650.5989794652,-1.03,1400.888888888889,-1.11,16810.666666666668,0.632,13.2,7.58,4.93,Strong Buy,3942,-0.83,69340,2.35,5.49,11.11,4.5,24.34,2026-06-30,2026-06-30
Westview,FL,"Miami-Fort Lauderdale-Pompano Beach, FL",Miami-Dade County,476861.23738016066,-0.48,3015.555555555555,NA,36186.666666666664,0.632,13.2,7.59,4.93,Strong Buy,NA,NA,2838461,5.29,19.88,11.11,5.36,47.81,2026-06-30,2026-06-30
Hattiesburg,MS,"Hattiesburg, MS",Forrest County,224680.23707268332,3.02,1417.4082949308756,3.85,17008.899539170507,0.631,13.2,7.57,4.92,Strong Buy,48522,-0.47,78435,0.29,-1.35,11.73,7.53,42.92,2026-06-30,2026-06-30
Royal Oak,MI,"Detroit-Warren-Dearborn, MI",Oakland County,340917.81888570683,2.44,2150.335582010582,3.29,25804.026984126984,0.631,13.2,7.57,4.92,Strong Buy,58251,0.34,1296888,1.91,10.58,5.25,6.51,27.73,2026-06-30,2026-06-30
Antioch,IL,"Chicago-Naperville-Elgin, IL-IN-WI",Lake County,360339.5717214855,6.57,2273.8888888888887,NA,27286.666666666664,0.631,13.2,7.57,4.92,Strong Buy,NA,NA,NA,NA,NA,NA,NA,NA,2026-06-30,2026-06-30
Groveland,FL,"Orlando-Kissimmee-Sanford, FL",Lake County,371964.5608733673,-4.07,2348.366666666667,4.56,28180.4,0.631,13.2,7.58,4.92,Strong Buy,24602,30.26,444204,15.01,42.09,12.7,9.37,23.35,2026-06-30,2026-06-30
Jackson,GA,"Atlanta-Sandy Springs-Alpharetta, GA",Butts County,287281.7124586731,-0.03,1811.6666666666667,NA,21740,0.631,13.2,7.57,4.92,Strong Buy,NA,NA,NA,NA,NA,NA,NA,NA,2026-06-30,2026-06-30
Parrish,FL,"North Port-Sarasota-Bradenton, FL",Manatee County,414392.055163423,-5.2,2614.2310606060605,2.33,31370.772727272728,0.631,13.2,7.57,4.92,Strong Buy,NA,NA,458352,14.12,32.53,21.45,16.3,25.31,2026-06-30,2026-06-30
Niles,OH,"Youngstown-Warren-Boardman, OH-PA",Trumbull County,138982.15637503983,9.23,876.25,NA,10515,0.63,13.2,7.57,4.92,Strong Buy,NA,NA,NA,NA,NA,NA,NA,NA,2026-06-30,2026-06-30
Whitehall,OH,"Columbus, OH",Franklin County,205905.0317681087,1.98,1297.788888888889,2.06,15573.466666666667,0.63,13.2,7.56,4.92,Strong Buy,19940,-0.81,1356303,2.4,7.58,6.96,3.98,47.03,2026-06-30,2026-06-30
Gibsonville,NC,"Greensboro-High Point, NC",Guilford County,308867.7174930567,1.6,1947.75,NA,23373,0.631,13.2,7.57,4.92,Strong Buy,9744,6.55,558816,3.72,9.05,8.49,6.32,40.04,2026-06-30,2026-06-30
Portales,NM,"Portales, NM",Roosevelt County,136564.97352491095,-0.12,862.1825396825398,3.61,10346.190476190477,0.631,13.2,7.58,4.92,Strong Buy,11789,-2.8,18713,-2.3,-9.14,15.41,10.42,38.03,2026-06-30,2026-06-30
Lexington,NE,"Lexington, NE",Dawson County,208948.07240003903,0.81,1319.25,NA,15831,0.631,13.2,7.58,4.92,Strong Buy,NA,NA,NA,NA,NA,NA,NA,NA,2026-06-30,2026-06-30
Capitol Heights,MD,"Washington-Arlington-Alexandria, DC-VA-MD-WV",Prince Georges County,330658.7051730825,-2.32,2085.866666666667,2.18,25030.4,0.631,13.2,7.57,4.92,Strong Buy,4038,-0.02,NA,NA,NA,NA,NA,NA,2026-06-30,2026-06-30
Highland Falls,NY,"Poughkeepsie-Newburgh-Middletown, NY",Orange County,430978.9929720319,1.32,2716.666666666667,NA,32600.000000000004,0.63,13.2,7.56,4.92,Strong Buy,NA,NA,NA,NA,NA,NA,NA,NA,2026-06-30,2026-06-30
Springfield,MI,"Battle Creek, MI",Calhoun County,150627.72751540525,8.59,950.25,NA,11403,0.631,13.2,7.57,4.92,Strong Buy,NA,NA,NA,NA,NA,NA,NA,NA,2026-06-30,2026-06-30
Spring Hill,FL,"Tampa-St. Petersburg-Clearwater, FL",Hernando County,308499.93329098966,-2.66,1942.9322087873811,-0.19,23315.186505448575,0.63,13.2,7.56,4.91,Strong Buy,NA,NA,659114,16.41,37.43,13.3,5.54,24.5,2026-06-30,2026-06-30
Joplin,MO,"Joplin, MO",Jasper County,207698.09191613828,1.31,1306.138888888889,7.91,15673.666666666668,0.629,13.3,7.55,4.91,Strong Buy,53605,3.46,126479,2.92,9.05,10.01,2,36.78,2026-06-30,2026-06-30
Merrillville,IN,"Chicago-Naperville-Elgin, IL-IN-WI",Lake County,246390.81711369273,0.64,1549.9545454545453,4.34,18599.454545454544,0.629,13.2,7.55,4.91,Strong Buy,36989,1.45,502955,0.8,4.19,10.57,4.92,29.14,2026-06-30,2026-06-30
Arnold,MO,"St. Louis, MO-IL",Jefferson County,278759.35104155383,3.62,1754.9166666666667,NA,21059,0.63,13.2,7.55,4.91,Strong Buy,21036,0.61,231888,2.18,4.11,6.7,2.53,18.56,2026-06-30,2026-06-30
Belleview,FL,"Ocala, FL",Marion County,257664.7691663303,-1.82,1622.222222222222,NA,19466.666666666664,0.63,13.2,7.56,4.91,Strong Buy,NA,NA,NA,NA,NA,NA,NA,NA,2026-06-30,2026-06-30
Orrville,OH,"Wooster, OH",Wayne County,244121.31099665805,3.2,1536,NA,18432,0.629,13.2,7.55,4.91,Strong Buy,NA,NA,NA,NA,NA,NA,NA,NA,2026-06-30,2026-06-30
Belvidere,IL,"Rockford, IL",Boone County,266465.1212075387,6.85,1672.5,NA,20070,0.628,13.3,7.53,4.9,Strong Buy,NA,NA,NA,NA,NA,NA,NA,NA,2026-06-30,2026-06-30
Green Cove Springs,FL,"Jacksonville, FL",Clay County,341820.5591100585,-1.45,2146.921328671329,2.15,25763.055944055945,0.628,13.3,7.54,4.9,Strong Buy,10087,2.22,236760,8.13,16.84,6.2,2.2,23.76,2026-06-30,2026-06-30
Huntley,IL,"Chicago-Naperville-Elgin, IL-IN-WI",McHenry County,429680.37439552974,2.61,2700,NA,32400,0.628,13.3,7.54,4.9,Strong Buy,NA,NA,NA,NA,NA,NA,NA,NA,2026-06-30,2026-06-30
Villa Park,IL,"Chicago-Naperville-Elgin, IL-IN-WI",DuPage County,369933.0843254109,4.9,2324.2579365079364,NA,27891.095238095237,0.628,13.3,7.54,4.9,Strong Buy,22020,-0.84,937142,0.6,5.3,4.53,5.6,26.87,2026-06-30,2026-06-30
Roselle,IL,"Chicago-Naperville-Elgin, IL-IN-WI",DuPage County,389811.113325231,4.34,2446.5582010582007,NA,29358.69841269841,0.628,13.3,7.53,4.9,Strong Buy,22871,-0.23,937142,0.6,5.3,4.53,5.6,26.87,2026-06-30,2026-06-30
Fountain Inn,SC,"Greenville-Anderson, SC",Laurens County,311726.24488519743,1.28,1958.3842592592591,4.74,23500.61111111111,0.628,13.3,7.54,4.9,Strong Buy,13786,31.15,70545,4.31,22.24,17.05,6.22,29.34,2026-06-30,2026-06-30
Monroe,OH,"Cincinnati, OH-KY-IN",Butler County,360414.6353267078,2.19,2262.5,NA,27150,0.628,13.3,7.53,4.9,Strong Buy,NA,NA,NA,NA,NA,NA,NA,NA,2026-06-30,2026-06-30
Lake Park,NC,"Charlotte-Concord-Gastonia, NC-SC",Union County,381534.37283886824,-2.46,2395,NA,28740,0.628,13.3,7.53,4.9,Strong Buy,NA,NA,NA,NA,NA,NA,NA,NA,2026-06-30,2026-06-30
Port Saint Lucie,FL,"Port St. Lucie, FL",Saint Lucie County,386533.0555221714,-2.17,2423.0117346938773,1.25,29076.14081632653,0.627,13.3,7.52,4.89,Strong Buy,NA,NA,NA,NA,NA,NA,NA,NA,2026-06-30,2026-06-30
Missouri City,TX,"Houston-The Woodlands-Sugar Land, TX",Fort Bend County,338546.22692505666,-1.9,2120.6049380226395,0.13,25447.259256271675,0.626,13.3,7.52,4.89,Strong Buy,78582,5.56,958434,15.57,27.37,4.23,6.33,22.52,2026-06-30,2026-06-30
North Port,FL,"North Port-Sarasota-Bradenton, FL",Sarasota County,303256.38456727477,-5.72,1902.8433048433048,-3.04,22834.119658119656,0.627,13.3,7.53,4.89,Strong Buy,92875,23.02,476604,9.25,17.16,21.04,7.8,23.66,2026-06-30,2026-06-30
Muskegon,MI,"Muskegon, MI",Muskegon County,192512.1205723714,2.74,1207.3097643097644,8.11,14487.717171717173,0.627,13.3,7.53,4.89,Strong Buy,37287,0.2,177428,1.51,5.7,10.48,7.83,21.74,2026-06-30,2026-06-30
Jacksonville,AR,"Little Rock-North Little Rock-Conway, AR",Pulaski County,174323.70259128432,6.49,1092.9325396825398,2.91,13115.190476190477,0.627,13.3,7.52,4.89,Strong Buy,29129,-1.27,401209,0.48,-0.94,11.78,9.74,42.25,2026-06-30,2026-06-30
Auburn,GA,"Atlanta-Sandy Springs-Alpharetta, GA",Barrow County,367555.2055973914,-3.22,2302.222222222222,-0.94,27626.666666666664,0.626,13.3,7.52,4.89,Strong Buy,10094,33.52,96294,14.63,29.79,4.88,6.41,20.54,2026-06-30,2026-06-30
Hazel Green,AL,"Huntsville, AL",Madison County,265179.51043220906,1.89,1662.5,NA,19950,0.627,13.3,7.52,4.89,Strong Buy,NA,NA,NA,NA,NA,NA,NA,NA,2026-06-30,2026-06-30
Rural Hall,NC,"Winston-Salem, NC",Forsyth County,278594.58651541854,2.12,1748.111111111111,NA,20977.333333333332,0.627,13.3,7.53,4.89,Strong Buy,NA,NA,NA,NA,NA,NA,NA,NA,2026-06-30,2026-06-30
Ocean Springs,MS,"Gulfport-Biloxi, MS",Jackson County,275245.6534280853,0.46,1723.2083333333333,7.33,20678.5,0.626,13.3,7.51,4.88,Strong Buy,18954,3.18,147002,2.53,6.19,9.47,10.9,28.03,2026-06-30,2026-06-30
Byram,MS,"Jackson, MS",Hinds County,225002.298487662,2.28,1407.5,NA,16890,0.626,13.3,7.51,4.88,Strong Buy,NA,NA,NA,NA,NA,NA,NA,NA,2026-06-30,2026-06-30
Alva,FL,"Cape Coral-Fort Myers, FL",Lee County,377908.20935257873,-6.47,2366.6666666666665,NA,28400,0.626,13.3,7.52,4.88,Strong Buy,NA,NA,860959,12.46,20.97,25.72,10.08,26.02,2026-06-30,2026-06-30
Springfield,GA,"Savannah, GA",Effingham County,307616.6699046267,1.22,1923.9166666666667,NA,23087,0.625,13.3,7.51,4.88,Strong Buy,3223,19.15,73148,12.2,19.48,6.74,2.95,21.49,2026-06-30,2026-06-30
Pilot Point,TX,"Dallas-Fort Worth-Arlington, TX",Denton County,326074.0894046007,-7.42,2038.8333333333333,NA,24466,0.625,13.3,7.5,4.88,Strong Buy,NA,NA,NA,NA,NA,NA,NA,NA,2026-06-30,2026-06-30
Corpus Christi,TX,"Corpus Christi, TX",Nueces County,226792.16327119895,-0.29,1414.556202775063,1.27,16974.674433300755,0.624,13.4,7.48,4.87,Strong Buy,317317,-0.3,353125,-0.13,-0.82,14.59,10.79,40.12,2026-06-30,2026-06-30
Pasadena,TX,"Houston-The Woodlands-Sugar Land, TX",Harris County,219864.1333409632,-3.04,1371.713997113997,3.39,16460.567965367965,0.624,13.4,7.49,4.87,Strong Buy,149617,-1.21,5009302,5.78,13.97,8.3,8.76,45.24,2026-06-30,2026-06-30
Valdosta,GA,"Valdosta, GA",Lowndes County,215218.9090998672,3.54,1344.6594995805524,1.92,16135.913994966628,0.625,13.3,7.5,4.87,Strong Buy,55667,0.44,122082,3.08,6.48,10.72,5.76,43.91,2026-06-30,2026-06-30
Rosenberg,TX,"Houston-The Woodlands-Sugar Land, TX",Fort Bend County,316247.7636824034,-2.6,1972.5375,0.18,23670.449999999997,0.624,13.4,7.48,4.87,Strong Buy,42571,10.59,958434,15.57,27.37,4.23,6.33,22.52,2026-06-30,2026-06-30
Forney,TX,"Dallas-Fort Worth-Arlington, TX",Kaufman County,310060.88480941986,-5.22,1937.5975609756097,1.74,23251.170731707316,0.625,13.3,7.5,4.87,Strong Buy,38572,61.31,197829,34.42,49.26,5.77,8.22,21.41,2026-06-30,2026-06-30
Greenwood,SC,"Greenwood, SC",Greenwood County,191051.90017204697,-0.46,1192.5416666666667,6.33,14310.5,0.624,13.4,7.49,4.87,Strong Buy,22667,0.48,70041,0.93,8.78,11.98,4.77,33.85,2026-06-30,2026-06-30
Austell,GA,"Atlanta-Sandy Springs-Alpharetta, GA",Cobb County,296468.27572423086,-2.94,1851.423859649123,0.39,22217.086315789475,0.624,13.3,7.49,4.87,Strong Buy,8244,5.15,787538,2.76,2.77,5.82,5.06,33.01,2026-06-30,2026-06-30
North Olmsted,OH,"Cleveland-Elyria, OH",Cuyahoga County,282772.7232085667,5.22,1764.027777777778,5.19,21168.333333333336,0.624,13.4,7.49,4.87,Strong Buy,31690,-2.13,1240594,-1.75,1.72,9.97,5.22,40.95,2026-06-30,2026-06-30
Grandview,MO,"Kansas City, MO-KS",Jackson County,223971.9005133782,3.94,1397.5,4.79,16770,0.624,13.4,7.49,4.87,Strong Buy,26630,0.4,727362,1.35,6.69,9.2,4.42,41.15,2026-06-30,2026-06-30
Wyandotte,MI,"Detroit-Warren-Dearborn, MI",Wayne County,193337.99200181803,1.8,1206.388888888889,1.7,14476.666666666668,0.624,13.4,7.49,4.87,Strong Buy,24214,-2.76,1771063,-1.04,3.75,12.9,4.58,35.52,2026-06-30,2026-06-30
Beech Grove,IN,"Indianapolis-Carmel-Anderson, IN",Marion County,195194.49601527964,-1.47,1219.2222222222224,NA,14630.666666666668,0.625,13.3,7.5,4.87,Strong Buy,14566,-0.84,981628,0.5,-0.05,9.65,5.22,44.07,2026-06-30,2026-06-30
Painted Post,NY,"Corning, NY",Steuben County,213675.5488066205,5.67,1333.5555555555554,-1.79,16002.666666666664,0.624,13.4,7.49,4.87,Strong Buy,1721,-2.77,92015,-1.4,1.05,18.18,6.06,26.47,2026-06-30,2026-06-30
Mount Healthy,OH,"Cincinnati, OH-KY-IN",Hamilton County,197182.74275350457,1.03,1230.8333333333333,3.63,14770,0.624,13.4,7.49,4.87,Strong Buy,6916,-0.99,837359,0.84,4.18,7.42,4.2,41.01,2026-06-30,2026-06-30
Decatur,GA,"Atlanta-Sandy Springs-Alpharetta, GA",Dekalb County,283023.501764208,-4.6,1762.2256854256857,1.93,21146.70822510823,0.623,13.4,7.47,4.86,Strong Buy,24482,-1.69,NA,NA,NA,NA,NA,NA,2026-06-30,2026-06-30
Sherwood,AR,"Little Rock-North Little Rock-Conway, AR",Pulaski County,240698.84810172548,4.79,1498.449074074074,3.79,17981.388888888887,0.623,13.4,7.47,4.86,Strong Buy,33281,1.45,401209,0.48,-0.94,11.78,9.74,42.25,2026-06-30,2026-06-30
Schertz,TX,"San Antonio-New Braunfels, TX",Bexar County,317014.62447913503,-1.28,1976.9166666666667,3.29,23723,0.624,13.4,7.48,4.86,Strong Buy,44428,5.4,2127737,5.56,8.6,8.27,8.16,40.89,2026-06-30,2026-06-30
Dixon,IL,"Dixon, IL",Lee County,181757.14119775107,7.08,1132.5,NA,13590,0.623,13.4,7.48,4.86,Strong Buy,NA,NA,NA,NA,NA,NA,NA,NA,2026-06-30,2026-06-30
Holt,MI,"Lansing-East Lansing, MI",Ingham County,278316.2694761651,3.68,1732.5555555555557,10.24,20790.666666666668,0.623,13.4,7.47,4.86,Strong Buy,NA,NA,290427,1.9,8.02,7.35,5.48,40.45,2026-06-30,2026-06-30
Adairsville,GA,"Atlanta-Sandy Springs-Alpharetta, GA",Bartow County,306824.0685753349,2.51,1912.0833333333333,NA,22945,0.623,13.4,7.48,4.86,Strong Buy,5029,2.82,117508,7.49,19.33,9.6,9.13,26.14,2026-06-30,2026-06-30
University Heights,OH,"Cleveland-Elyria, OH",Cuyahoga County,290811.8763540082,3.02,1811.7777777777776,7.5,21741.333333333332,0.623,13.4,7.48,4.86,Strong Buy,13265,-4.51,1240594,-1.75,1.72,9.97,5.22,40.95,2026-06-30,2026-06-30
Saraland,AL,"Mobile, AL",Mobile County,240502.2544066806,1.04,1497.25,NA,17967,0.623,13.4,7.47,4.86,Strong Buy,16458,1.35,412339,-0.5,0.6,13.43,4.82,35.13,2026-06-30,2026-06-30
Presque Isle,ME,NA,Aroostook County,184566.06599375463,3.36,1150,NA,13800,0.623,13.4,7.48,4.86,Strong Buy,NA,NA,NA,NA,NA,NA,NA,NA,2026-06-30,2026-06-30
Midway,GA,"Hinesville, GA",Liberty County,292437.94012266916,0.45,1823.75,NA,21885,0.624,13.4,7.48,4.86,Strong Buy,NA,NA,NA,NA,NA,NA,NA,NA,2026-06-30,2026-06-30
Douglasville,GA,"Atlanta-Sandy Springs-Alpharetta, GA",Douglas County,306358.57280172827,-2.68,1905.2770211692757,1.31,22863.324254031308,0.622,13.4,7.46,4.85,Strong Buy,40540,16.56,151887,4.98,12.74,7.01,6.02,33.56,2026-06-30,2026-06-30
Auburn,NY,"Auburn, NY",Cayuga County,229267.67845849265,6.69,1425,NA,17100,0.622,13.4,7.46,4.85,Strong Buy,25963,-3.36,74567,-2.08,1.7,14.78,2.3,28.09,2026-06-30,2026-06-30
Ruston,LA,"Ruston, LA",Lincoln Parish,231864.1982140372,1.11,1442.0874183006536,5.74,17305.049019607843,0.622,13.4,7.46,4.85,Strong Buy,22330,0.79,48243,-0.13,0.87,11.18,3.64,46.49,2026-06-30,2026-06-30
Belton,MO,"Kansas City, MO-KS",Cass County,274119.4172796623,4.97,1703.44708994709,4.7,20441.36507936508,0.621,13.4,7.46,4.85,Strong Buy,25861,7.58,113873,5.28,18.34,5.82,3.72,24.11,2026-06-30,2026-06-30
Brooklyn,OH,"Cleveland-Elyria, OH",Cuyahoga County,210776.38552538663,4.62,1310.111111111111,NA,15721.333333333332,0.622,13.4,7.46,4.85,Strong Buy,NA,NA,NA,NA,NA,NA,NA,NA,2026-06-30,2026-06-30
Colonial Beach,VA,NA,Westmoreland County,330961.6309338892,-0.88,2056.111111111111,NA,24673.33333333333,0.621,13.4,7.46,4.85,Strong Buy,4038,3.43,19235,3.94,22.51,28.95,7.28,20.94,2026-06-30,2026-06-30
Elgin,OK,"Lawton, OK",Comanche County,304324.05842004565,5.09,1890.8333333333333,NA,22690,0.621,13.4,7.46,4.85,Strong Buy,3613,1.6,121396,0.21,-7.24,15.06,5.7,45.03,2026-06-30,2026-06-30
Valparaiso,FL,"Crestview-Fort Walton Beach-Destin, FL",Okaloosa County,334928.5145016489,-0.15,2084.444444444445,NA,25013.333333333336,0.622,13.4,7.47,4.85,Strong Buy,NA,NA,NA,NA,NA,NA,NA,NA,2026-06-30,2026-06-30
Prairieville,LA,"Baton Rouge, LA",Ascension Parish,337735.0293862478,1.63,2094.964285714286,1.3,25139.571428571428,0.62,13.4,7.44,4.84,Strong Buy,NA,NA,133534,5.16,7.37,8.24,6.33,17.14,2026-06-30,2026-06-30
Collinsville,IL,"St. Louis, MO-IL",Madison County,202350.3874545449,6.24,1255.2380952380952,4.02,15062.857142857141,0.62,13.4,7.44,4.84,Strong Buy,23766,-2.47,263017,-1.03,1.59,8.04,3.83,26.39,2026-06-30,2026-06-30
Elgin,SC,"Columbia, SC",Kershaw County,302508.3113498983,1.88,1877.0416666666667,1.01,22524.5,0.62,13.4,7.45,4.84,Strong Buy,1657,1.53,71698,9.3,22.16,12.65,1.82,18.35,2026-06-30,2026-06-30
Smithfield,NC,"Raleigh-Cary, NC",Johnston County,295216.7992589229,-0.31,1832.0333333333335,6.83,21984.4,0.621,13.4,7.45,4.84,Strong Buy,12806,12.6,249794,14.89,25.65,6.82,3.91,22.9,2026-06-30,2026-06-30
Pingree Grove,IL,"Chicago-Naperville-Elgin, IL-IN-WI",Kane County,378991.7323456495,2.18,2350,NA,28200,0.62,13.4,7.44,4.84,Strong Buy,NA,NA,NA,NA,NA,NA,NA,NA,2026-06-30,2026-06-30
Fruitland,MD,"Salisbury, MD-DE",Wicomico County,256925.5708736181,1.82,1595,NA,19140,0.621,13.4,7.45,4.84,Strong Buy,NA,NA,NA,NA,NA,NA,NA,NA,2026-06-30,2026-06-30
Oklahoma City,OK,"Oklahoma City, OK",Oklahoma County,209490.43842637257,-0.26,1298.1204067132987,3.23,15577.444880559586,0.62,13.4,7.44,4.83,Strong Buy,712919,4.37,816490,2.28,2.8,9.49,7.85,41.39,2026-06-30,2026-06-30
Battle Creek,MI,"Battle Creek, MI",Calhoun County,185143.2350750216,3.97,1146.434126984127,6.13,13757.209523809524,0.619,13.5,7.43,4.83,Strong Buy,52205,-0.95,133785,-0.32,4.4,10.39,9.26,27.59,2026-06-30,2026-06-30
Dalton,GA,"Dalton, GA",Whitfield County,245000.87058650336,1.12,1516.9128787878788,3.22,18202.954545454544,0.619,13.5,7.43,4.83,Strong Buy,34970,1.59,105070,2.21,6.78,8.5,4.36,32,2026-06-30,2026-06-30
La Vergne,TN,"Nashville-Davidson--Murfreesboro--Franklin, TN",Rutherford County,348415.7908729113,-2.1,2157.876923076923,1.09,25894.523076923077,0.619,13.5,7.43,4.83,Strong Buy,41430,7.04,376996,9.81,14.23,7,7.53,34.99,2026-06-30,2026-06-30
Pahoa,HI,"Hilo, HI",Hawaii County,296113.70439709903,-2.03,1833.3333333333333,NA,22000,0.619,13.5,7.43,4.83,Strong Buy,NA,NA,NA,NA,NA,NA,NA,NA,2026-06-30,2026-06-30
Laguna Woods,CA,"Los Angeles-Long Beach-Anaheim, CA",Orange County,467490.6984268303,2.3,2894.1904761904757,5.1,34730.28571428571,0.619,13.5,7.43,4.83,Strong Buy,17058,-3.15,3170435,-0.5,2.33,5.61,4.39,43.55,2026-06-30,2026-06-30
Pearl River,LA,"New Orleans-Metairie, LA",Saint Tammany Parish,238070.93281063496,-0.76,1475,NA,17700,0.62,13.5,7.43,4.83,Strong Buy,NA,NA,NA,NA,NA,NA,NA,NA,2026-06-30,2026-06-30
California City,CA,"Bakersfield, CA",Kern County,275952.8690212455,-4.34,1708.4027777777776,7.1,20500.833333333332,0.619,13.5,7.43,4.83,Strong Buy,13174,-12.62,922529,1.81,2.68,7.58,3.4,40.19,2026-06-30,2026-06-30
Krum,TX,"Dallas-Fort Worth-Arlington, TX",Denton County,335828.8126470521,-3.58,2081.6666666666665,NA,24980,0.62,13.4,7.44,4.83,Strong Buy,NA,NA,NA,NA,NA,NA,NA,NA,2026-06-30,2026-06-30
Maineville,OH,"Cincinnati, OH-KY-IN",Warren County,387821.4414285889,0.07,2402.5,NA,28830,0.619,13.5,7.43,4.83,Strong Buy,NA,NA,NA,NA,NA,NA,NA,NA,2026-06-30,2026-06-30
Tuscaloosa,AL,"Tuscaloosa, AL",Tuscaloosa County,231708.41974346168,1.18,1432.9852876592006,4.61,17195.823451910408,0.618,13.5,7.42,4.82,Strong Buy,114288,8.25,241212,3.68,5.91,15.2,5.06,37.84,2026-06-30,2026-06-30
Daytona Beach,FL,"Deltona-Daytona Beach-Ormond Beach, FL",Volusia County,253188.2916989154,-3.82,1565.4804679306726,0.06,18785.76561516807,0.618,13.5,7.42,4.82,Strong Buy,86015,18.97,602772,8.46,21.72,14.56,6.51,27.2,2026-06-30,2026-06-30
Los Lunas,NM,"Albuquerque, NM",Valencia County,327873.92635105044,2.84,2024.5238095238096,1.35,24294.285714285717,0.617,13.5,7.41,4.82,Strong Buy,19907,14.15,80813,5.63,18.83,11.89,4.66,17.95,2026-06-30,2026-06-30
Junction City,KS,"Manhattan, KS",Geary County,204031.9003254463,0.19,1261.2227564102566,4.35,15134.673076923078,0.618,13.5,7.42,4.82,Strong Buy,22053,-3.9,35459,-3.55,-8.4,13.38,8.78,57.18,2026-06-30,2026-06-30
Yaphank,NY,"New York-Newark-Jersey City, NY-NJ-PA",Suffolk County,567011.7880803356,5.27,3507,NA,42084,0.619,13.5,7.42,4.82,Strong Buy,NA,NA,1535909,0.9,2.22,11.64,3.67,18.09,2026-06-30,2026-06-30
Iowa Park,TX,"Wichita Falls, TX",Wichita County,202050.09116312108,6.37,1247.5,NA,14970,0.617,13.5,7.41,4.82,Strong Buy,NA,NA,NA,NA,NA,NA,NA,NA,2026-06-30,2026-06-30
Pensacola,FL,"Pensacola-Ferry Pass-Brent, FL",Escambia County,268526.8657616012,1.08,1656.6463092124384,2.87,19879.75571054926,0.617,13.5,7.4,4.81,Strong Buy,53898,-1.07,331275,2.69,10.82,13.13,5.08,36,2026-06-30,2026-06-30
Fayetteville,NC,"Fayetteville, NC",Cumberland County,227387.1669620732,0.13,1401.3438749326615,2.76,16816.126499191938,0.616,13.5,7.4,4.81,Strong Buy,209496,-0.66,338430,0.37,-6.05,10.52,6.19,46.34,2026-06-30,2026-06-30
Sebring,FL,"Sebring-Avon Park, FL",Highlands County,241327.31143989303,-1.99,1489.0925925925928,0.9,17869.111111111113,0.617,13.5,7.4,4.81,Strong Buy,11795,7.39,109778,8.33,24.45,20.91,3.81,21.08,2026-06-30,2026-06-30
Huber Heights,OH,"Dayton-Kettering, OH",Montgomery County,216321.3562936352,3.39,1334.611111111111,0.33,16015.333333333332,0.617,13.5,7.4,4.81,Strong Buy,43590,0.34,537443,0.06,5.01,8.84,4.22,37.67,2026-06-30,2026-06-30
Willis,TX,"Houston-The Woodlands-Sugar Land, TX",Montgomery County,285056.8165881813,-0.52,1759.3777056277056,0.04,21112.532467532466,0.617,13.5,7.41,4.81,Strong Buy,7222,11.99,749613,19.86,40.55,7.22,7.84,28.27,2026-06-30,2026-06-30
Centereach,NY,"New York-Newark-Jersey City, NY-NJ-PA",Suffolk County,652336.5213131141,6.2,4020.0277777777774,NA,48240.33333333333,0.616,13.5,7.4,4.81,Strong Buy,NA,NA,NA,NA,NA,NA,NA,NA,2026-06-30,2026-06-30
Burlington,KY,"Cincinnati, OH-KY-IN",Boone County,332278.7902301382,2.21,2050.277777777778,NA,24603.333333333336,0.617,13.5,7.4,4.81,Strong Buy,NA,NA,144135,5.61,14.15,4.07,4.79,23.34,2026-06-30,2026-06-30
Stone Mountain,GA,"Atlanta-Sandy Springs-Alpharetta, GA",Dekalb County,270350.21312988154,-5.43,1662.5922946859905,-1.02,19951.107536231888,0.615,13.6,7.38,4.8,Strong Buy,6552,-2.11,NA,NA,NA,NA,NA,NA,2026-06-30,2026-06-30
Palm Bay,FL,"Palm Bay-Melbourne-Titusville, FL",Brevard County,305329.7705687929,-2.56,1880.727035330261,0.57,22568.724423963133,0.616,13.5,7.39,4.8,Strong Buy,142023,18.19,658447,8.16,22.48,14.46,11.39,23.08,2026-06-30,2026-06-30
Covington,GA,"Atlanta-Sandy Springs-Alpharetta, GA",Newton County,298187.76736116636,-1.51,1835.2507215007215,4.72,22023.008658008657,0.615,13.5,7.39,4.8,Strong Buy,15302,7.47,124010,9.84,25.97,5.38,2.87,26.08,2026-06-30,2026-06-30
Sanford,NC,"Sanford, NC",Lee County,294283.2985053068,0.52,1812.4974747474744,4.77,21749.969696969692,0.616,13.5,7.39,4.8,Strong Buy,32971,9.06,68537,8.1,14.82,8.17,5.03,34.05,2026-06-30,2026-06-30
Somerset,KY,"Somerset, KY",Pulaski County,202526.78694697568,-1.56,1245.8333333333333,NA,14950,0.615,13.5,7.38,4.8,Strong Buy,12389,3.39,66842,2.66,13.4,18.16,3.75,28.14,2026-06-30,2026-06-30
Painesville,OH,"Cleveland-Elyria, OH",Lake County,231146.74107421504,3.43,1423.3333333333333,NA,17080,0.616,13.5,7.39,4.8,Strong Buy,20660,1.82,232360,-0.07,4.74,5.25,2.87,24.93,2026-06-30,2026-06-30
Smithfield,VA,"Virginia Beach-Norfolk-Newport News, VA-NC",Isle of Wight County,405711.7740768708,2.9,2497.5,NA,29970,0.616,13.5,7.39,4.8,Strong Buy,NA,NA,NA,NA,NA,NA,NA,NA,2026-06-30,2026-06-30
Indian Wells,CA,"Riverside-San Bernardino-Ontario, CA",Riverside County,1458388.9062153683,1.31,8975.333333333334,NA,107704,0.615,13.5,7.39,4.8,Strong Buy,4989,4.35,2529933,4.34,7.33,11.37,4.89,31.14,2026-06-30,2026-06-30
New Port Richey,FL,"Tampa-St. Petersburg-Clearwater, FL",Pasco County,290296.4654597473,-2.29,1781.3634783786226,-1.11,21376.36174054347,0.614,13.6,7.36,4.79,Strong Buy,18130,8.12,659114,16.41,37.43,13.3,5.54,24.5,2026-06-30,2026-06-30
Beloit,WI,"Janesville-Beloit, WI",Rock County,210109.72903215577,7.74,1291.0370370370372,7,15492.444444444445,0.614,13.6,7.37,4.79,Strong Buy,36633,-0.24,165461,1.04,5.98,5.72,3.48,29.36,2026-06-30,2026-06-30
Moncks Corner,SC,"Charleston-North Charleston, SC",Berkeley County,365596.35892821616,0.71,2243.535087719298,4.31,26922.42105263158,0.614,13.6,7.36,4.79,Strong Buy,18359,36.57,264276,14.15,27.06,7.35,5.97,25.9,2026-06-30,2026-06-30
Norwich,CT,"Norwich-New London, CT",New London County,306707.9148568892,6.25,1883.475,7.31,22601.699999999997,0.614,13.6,7.37,4.79,Strong Buy,39993,-0.06,NA,NA,NA,NA,NA,NA,2026-06-30,2026-06-30
Orange,TX,"Beaumont-Port Arthur, TX",Orange County,185288.99330254164,3.68,1137.111111111111,3.71,13645.333333333332,0.614,13.6,7.36,4.79,Strong Buy,19275,0.05,86115,1.6,3.34,15.48,16.86,24.98,2026-06-30,2026-06-30
Pataskala,OH,"Columbus, OH",Licking County,392592.9574493494,2.84,2412.6666666666665,NA,28952,0.615,13.6,7.37,4.79,Strong Buy,18493,3.23,184898,3.41,7.71,6.46,4.85,26.27,2026-06-30,2026-06-30
Jesup,GA,"Jesup, GA",Wayne County,211723.4979812385,5.18,1300,NA,15600,0.614,13.6,7.37,4.79,Strong Buy,NA,NA,NA,NA,NA,NA,NA,NA,2026-06-30,2026-06-30
Mulberry,FL,"Lakeland-Winter Haven, FL",Polk County,286004.62101103744,-2.09,1754.84126984127,0.11,21058.09523809524,0.614,13.6,7.36,4.79,Strong Buy,4488,13.22,852878,16.8,32.56,16.11,4.75,29.98,2026-06-30,2026-06-30
Auburn Hills,MI,"Detroit-Warren-Dearborn, MI",Oakland County,285442.49762384093,3.16,1754.4462962962962,2.92,21053.355555555554,0.615,13.6,7.38,4.79,Strong Buy,26047,6.94,1296888,1.91,10.58,5.25,6.51,27.73,2026-06-30,2026-06-30
Rensselaer,NY,"Albany-Schenectady-Troy, NY",Rensselaer County,320965.20577468723,4.11,1970.375,0.67,23644.5,0.614,13.6,7.37,4.79,Strong Buy,9453,2.69,160749,-0.09,6.31,10.96,7.03,35.91,2026-06-30,2026-06-30
Belle Chasse,LA,"New Orleans-Metairie, LA",Plaquemines Parish,345767.7033721229,-0.61,2125,NA,25500,0.615,13.6,7.37,4.79,Strong Buy,NA,NA,NA,NA,NA,NA,NA,NA,2026-06-30,2026-06-30
Chester,NY,"Poughkeepsie-Newburgh-Middletown, NY",Orange County,540712.8930433927,3.64,3322.5,NA,39870,0.614,13.6,7.37,4.79,Strong Buy,NA,NA,NA,NA,NA,NA,NA,NA,2026-06-30,2026-06-30
Port Wentworth,GA,"Savannah, GA",Chatham County,291746.30740299,-2.02,1793.320512820513,-2.38,21519.846153846156,0.615,13.6,7.38,4.79,Strong Buy,14865,36.15,307336,4.15,6.5,12.31,7,43.71,2026-06-30,2026-06-30
Muncie,IN,"Muncie, IN",Delaware County,158759.50792599595,3.41,972.8281746031748,6.49,11673.938095238098,0.613,13.6,7.35,4.78,Strong Buy,65320,0.34,112951,1.07,7,10.59,8.46,33.51,2026-06-30,2026-06-30
Oak Lawn,IL,"Chicago-Naperville-Elgin, IL-IN-WI",Cook County,301889.1287352694,6.35,1848.4444444444443,2.94,22181.333333333332,0.612,13.6,7.35,4.78,Strong Buy,56531,-2.78,5182617,-1.6,5.9,8.18,4.67,42.49,2026-06-30,2026-06-30
Hampton,GA,"Atlanta-Sandy Springs-Alpharetta, GA",Henry County,309237.52545829344,-2.59,1896.8088336783987,4.06,22761.706004140786,0.613,13.6,7.36,4.78,Strong Buy,9201,9.37,259315,7.21,13.48,5.36,6.33,27.46,2026-06-30,2026-06-30
Clinton,TN,"Knoxville, TN",Anderson County,339810.4327359581,4.66,2083.3333333333335,NA,25000,0.613,13.6,7.36,4.78,Strong Buy,NA,NA,NA,NA,NA,NA,NA,NA,2026-06-30,2026-06-30
Logansport,IN,"Logansport, IN",Cass County,162510.84335401107,-2.38,995,NA,11940,0.612,13.6,7.35,4.78,Strong Buy,NA,NA,NA,NA,NA,NA,NA,NA,2026-06-30,2026-06-30
Sunny Isles Beach,FL,"Miami-Fort Lauderdale-Pompano Beach, FL",Miami-Dade County,645633.6464256974,-2.38,3954.158293075685,1.11,47449.89951690822,0.612,13.6,7.35,4.78,Strong Buy,22903,2.9,2838461,5.29,19.88,11.11,5.36,47.81,2026-06-30,2026-06-30
Morrow,OH,"Cincinnati, OH-KY-IN",Warren County,400153.945147257,1.29,2450,NA,29400,0.612,13.6,7.35,4.78,Strong Buy,NA,NA,NA,NA,NA,NA,NA,NA,2026-06-30,2026-06-30
Willowbrook,IL,"Chicago-Naperville-Elgin, IL-IN-WI",DuPage County,327470.79372086126,2.63,2004.8472222222224,4.72,24058.166666666668,0.612,13.6,7.35,4.78,Strong Buy,9179,-0.46,937142,0.6,5.3,4.53,5.6,26.87,2026-06-30,2026-06-30
Ranson,WV,"Washington-Arlington-Alexandria, DC-VA-MD-WV",Jefferson County,319895.23534325545,3.35,1958.3333333333333,NA,23500,0.612,13.6,7.35,4.78,Strong Buy,NA,NA,61264,6.02,25.09,9.47,4.36,20.76,2026-06-30,2026-06-30
Walls,MS,"Memphis, TN-MS-AR",DeSoto County,262455.16168046504,1.82,1607.2222222222224,NA,19286.666666666668,0.612,13.6,7.35,4.78,Strong Buy,1412,4.75,195871,5.23,10.71,6.4,13.83,22.2,2026-06-30,2026-06-30
Villa Rica,GA,"Atlanta-Sandy Springs-Alpharetta, GA",Carroll County,314697.4401307821,-0.85,1925.263993316625,1.48,23103.1679197995,0.612,13.6,7.34,4.77,Strong Buy,20095,16.51,129911,8.72,17.56,7.57,2.82,30.7,2026-06-30,2026-06-30
Angleton,TX,"Houston-The Woodlands-Sugar Land, TX",Brazoria County,250084.27241200485,-1.08,1528,NA,18336,0.611,13.6,7.33,4.77,Strong Buy,20979,7.95,413224,10.63,23.74,10.51,11.33,26,2026-06-30,2026-06-30
Montgomery Village,MD,"Washington-Arlington-Alexandria, DC-VA-MD-WV",Montgomery County,393860.35272990866,-2.34,2410.1190476190477,7.21,28921.428571428572,0.612,13.6,7.34,4.77,Strong Buy,NA,NA,1082273,2.02,7.76,4.26,3.68,34.66,2026-06-30,2026-06-30
Rincon,GA,"Savannah, GA",Effingham County,341815.45282385126,-1.85,2092.1833333333334,1.57,25106.2,0.612,13.6,7.34,4.77,Strong Buy,11701,6.16,73148,12.2,19.48,6.74,2.95,21.49,2026-06-30,2026-06-30
Silver City,NM,"Silver City, NM",Grant County,220605.05204181815,-6.64,1350,NA,16200,0.612,13.6,7.34,4.77,Strong Buy,NA,NA,NA,NA,NA,NA,NA,NA,2026-06-30,2026-06-30
Dallas,NC,"Charlotte-Concord-Gastonia, NC-SC",Gaston County,278658.1245890515,0.77,1705.3611111111113,7.78,20464.333333333336,0.612,13.6,7.34,4.77,Strong Buy,6270,5.4,242010,5.85,15.72,7.81,5.03,34.18,2026-06-30,2026-06-30
Wharton,TX,"El Campo, TX",Wharton County,224991.11862320927,1.34,1375,NA,16500,0.611,13.6,7.33,4.77,Strong Buy,NA,NA,NA,NA,NA,NA,NA,NA,2026-06-30,2026-06-30
Saint Francis,WI,"Milwaukee-Waukesha, WI",Milwaukee County,294588.69582838874,-1.03,1802.861111111111,5.55,21634.333333333332,0.612,13.6,7.34,4.77,Strong Buy,NA,NA,924740,-1.48,0.57,8.21,6.16,50.2,2026-06-30,2026-06-30
South Highpoint,FL,"Tampa-St. Petersburg-Clearwater, FL",Pinellas County,287385.77307976957,-6.74,1757.5,NA,21090,0.612,13.6,7.34,4.77,Strong Buy,NA,NA,NA,NA,NA,NA,NA,NA,2026-06-30,2026-06-30
Lake Charles,LA,"Lake Charles, LA",Calcasieu Parish,208277.6409021678,2.8,1269.855388471178,18.59,15238.264661654135,0.61,13.7,7.32,4.76,Strong Buy,81157,-4.39,206861,-4.45,9.82,18.49,13.5,27.76,2026-06-30,2026-06-30
Conway,SC,"Myrtle Beach-Conway-North Myrtle Beach, SC-NC",Horry County,289136.8877759204,-0.37,1763.4542124542124,-0.28,21161.45054945055,0.61,13.7,7.32,4.76,Strong Buy,29656,17.79,413391,16.85,39.46,28.98,22.81,24.16,2026-06-30,2026-06-30
Brunswick,GA,"Brunswick, GA",Glynn County,257491.7356719259,-1.14,1570.1830808080806,1.18,18842.196969696968,0.61,13.7,7.32,4.76,Strong Buy,15520,1.98,86540,2.43,5.74,19.34,10.55,32.96,2026-06-30,2026-06-30
New Castle,DE,"Philadelphia-Camden-Wilmington, PA-NJ-DE-MD",New Castle County,286158.9443647283,0.27,1746.6620370370372,NA,20959.944444444445,0.61,13.7,7.32,4.76,Strong Buy,5715,3.1,588093,3,8.7,5.15,4.98,31.49,2026-06-30,2026-06-30
Andover,MN,"Minneapolis-St. Paul-Bloomington, MN-WI",Anoka County,450342.5909530497,2.22,2747.5,NA,32970,0.61,13.7,7.32,4.76,Strong Buy,NA,NA,NA,NA,NA,NA,NA,NA,2026-06-30,2026-06-30
Peekskill,NY,"New York-Newark-Jersey City, NY-NJ-PA",Westchester County,509582.037766601,2.16,3107.777777777778,5.11,37293.333333333336,0.61,13.7,7.32,4.76,Strong Buy,25757,1.67,1006447,0.5,6.23,5.51,2.35,37.8,2026-06-30,2026-06-30
Collinsville,OK,"Tulsa, OK",Tulsa County,286986.51842709875,1.99,1751.9444444444443,3.76,21023.333333333332,0.61,13.7,7.33,4.76,Strong Buy,9757,21.61,693514,3.4,7.29,9.07,6.06,40.26,2026-06-30,2026-06-30
Coolidge,AZ,"Phoenix-Mesa-Chandler, AZ",Pinal County,268165.0319238655,-0.81,1634.888888888889,3.33,19618.666666666668,0.61,13.7,7.32,4.76,Strong Buy,19674,46.46,513862,19.44,51.32,12.6,6.32,19.48,2026-06-30,2026-06-30
South Charleston,WV,"Charleston, WV",Kanawha County,178177.5885545426,5,1087.5,NA,13050,0.61,13.7,7.32,4.76,Strong Buy,NA,NA,NA,NA,NA,NA,NA,NA,2026-06-30,2026-06-30
Odenville,AL,"Birmingham-Hoover, AL",Saint Clair County,257762.0739868644,2.57,1574.1666666666667,NA,18890,0.611,13.6,7.33,4.76,Strong Buy,5711,15.16,NA,NA,NA,NA,NA,NA,2026-06-30,2026-06-30
Diberville,MS,"Gulfport-Biloxi, MS",Harrison County,227827.5301126799,1.78,1391.6666666666667,NA,16700,0.611,13.6,7.33,4.76,Strong Buy,NA,NA,213730,2.34,10.31,13.14,7.09,39.41,2026-06-30,2026-06-30
Gulf Hills,MS,"Gulfport-Biloxi, MS",Jackson County,251143.02691025892,1.22,1531.1666666666667,1.08,18374,0.61,13.7,7.32,4.76,Strong Buy,NA,NA,147002,2.53,6.19,9.47,10.9,28.03,2026-06-30,2026-06-30
Vero Beach,FL,"Sebastian-Vero Beach, FL",Indian River County,363562.5494512873,-3.37,2213.529959695477,1.67,26562.35951634572,0.609,13.7,7.31,4.75,Strong Buy,17556,6.88,172139,7.28,17.28,19.27,12.3,20.67,2026-06-30,2026-06-30
Terre Haute,IN,"Terre Haute, IN",Vigo County,163505.30966742476,0.57,995.1139784946236,4.28,11941.367741935483,0.609,13.7,7.3,4.75,Strong Buy,58531,0.23,106166,0.03,2.36,9.25,5.3,36.65,2026-06-30,2026-06-30
New Castle,PA,"New Castle, PA",Lawrence County,153316.52499063805,3.89,933.1785714285714,13.41,11198.142857142857,0.609,13.7,7.3,4.75,Strong Buy,21332,-2.59,84233,-2.02,1.64,9.07,2.84,24.57,2026-06-30,2026-06-30
Bartow,FL,"Lakeland-Winter Haven, FL",Polk County,281196.04758537223,-0.65,1712.6936507936507,4.57,20552.32380952381,0.609,13.7,7.31,4.75,Strong Buy,22084,12.82,852878,16.8,32.56,16.11,4.75,29.98,2026-06-30,2026-06-30
Mansfield,CT,"Hartford-East Hartford-Middletown, CT",Tolland County,409062.26928190485,10.13,2488.8888888888887,NA,29866.666666666664,0.608,13.7,7.3,4.75,Strong Buy,NA,NA,NA,NA,NA,NA,NA,NA,2026-06-30,2026-06-30
Farmingville,NY,"New York-Newark-Jersey City, NY-NJ-PA",Suffolk County,653931.4094473253,5.72,3982.6111111111113,NA,47791.333333333336,0.609,13.7,7.31,4.75,Strong Buy,NA,NA,NA,NA,NA,NA,NA,NA,2026-06-30,2026-06-30
Prince George,VA,"Richmond, VA",Prince George County,355434.2143407194,2.94,2166.6666666666665,NA,26000,0.61,13.7,7.31,4.75,Strong Buy,NA,NA,NA,NA,NA,NA,NA,NA,2026-06-30,2026-06-30
Galloway,OH,"Columbus, OH",Franklin County,360362.338710644,1.04,2196,NA,26352,0.609,13.7,7.31,4.75,Strong Buy,NA,NA,NA,NA,NA,NA,NA,NA,2026-06-30,2026-06-30
Montrose,VA,"Richmond, VA",Henrico County,261967.5131239365,1.64,1595.4722222222224,NA,19145.666666666668,0.609,13.7,7.31,4.75,Strong Buy,NA,NA,338696,1.12,7.45,5.15,5.64,35.38,2026-06-30,2026-06-30
Margate City,NJ,"Atlantic City-Hammonton, NJ",Atlantic County,1127811.7986540445,9.35,6862.083333333333,7.74,82345,0.608,13.7,7.3,4.75,Strong Buy,5239,-1.09,279114,1.79,8.62,17.71,4.68,32.16,2026-06-30,2026-06-30
Rochester,NY,"Rochester, NY",Monroe County,252191.7774419814,4.26,1532.1638625511189,3.2,18385.966350613427,0.608,13.7,7.29,4.74,Strong Buy,207282,-1.71,752202,-0.73,1.18,6.27,5.62,36.48,2026-06-30,2026-06-30
Salisbury,MD,"Salisbury, MD-DE",Wicomico County,270176.65075265354,1.54,1641.2272727272727,5.55,19694.727272727272,0.607,13.7,7.29,4.74,Strong Buy,33616,1.96,106329,2.67,4.52,8.86,3.45,39.32,2026-06-30,2026-06-30
Panama City,FL,"Panama City, FL",Bay County,287003.4203020877,1.06,1743.794633642931,0.47,20925.535603715172,0.608,13.7,7.29,4.74,Strong Buy,37024,12.68,199718,14.42,36.38,28.33,10.57,31.72,2026-06-30,2026-06-30
Winder,GA,"Atlanta-Sandy Springs-Alpharetta, GA",Barrow County,343118.1234905326,-0.94,2086.1602564102564,3.37,25033.923076923078,0.608,13.7,7.3,4.74,Strong Buy,20628,12.08,96294,14.63,29.79,4.88,6.41,20.54,2026-06-30,2026-06-30
Raeford,NC,"Fayetteville, NC",Hoke County,287164.9324873744,-0.43,1744.6877846790892,2.2,20936.25341614907,0.608,13.7,7.29,4.74,Strong Buy,4578,0.48,55382,6,7.48,8.84,2.17,28.32,2026-06-30,2026-06-30
Calhoun,GA,"Calhoun, GA",Gordon County,279023.3800435823,3.02,1694.9537037037037,0.13,20339.444444444445,0.607,13.7,7.29,4.74,Strong Buy,19592,14.77,60765,5.26,15.88,10.21,9.7,27.41,2026-06-30,2026-06-30
Sun Valley,NV,"Reno, NV",Washoe County,440783.7086402823,-0.1,2676.25,NA,32115,0.607,13.7,7.29,4.74,Strong Buy,NA,NA,NA,NA,NA,NA,NA,NA,2026-06-30,2026-06-30
Lockhart,TX,"Austin-Round Rock-Georgetown, TX",Caldwell County,279797.9903972819,-6.38,1699.3333333333333,NA,20392,0.607,13.7,7.29,4.74,Strong Buy,17166,19.51,52430,14.11,40.84,7.48,5.19,26.83,2026-06-30,2026-06-30
Merriam,KS,"Kansas City, MO-KS",Johnson County,336345.0748337502,5.71,2043.3333333333333,NA,24520,0.608,13.7,7.29,4.74,Strong Buy,NA,NA,NA,NA,NA,NA,NA,NA,2026-06-30,2026-06-30
Crestline,CA,"Riverside-San Bernardino-Ontario, CA",San Bernardino County,364806.1237367785,-3.92,2218.611111111111,7.4,26623.33333333333,0.608,13.7,7.3,4.74,Strong Buy,NA,NA,2214281,1.41,1.68,9.55,3.22,38.46,2026-06-30,2026-06-30
Odessa,TX,"Odessa, TX",Ector County,253499.8078010402,5.36,1536.7441471571908,-3.71,18440.92976588629,0.606,13.7,7.27,4.73,Strong Buy,119748,4.19,170022,2.73,17.1,7.58,5.06,35.57,2026-06-30,2026-06-30
Mission,TX,"McAllen-Edinburg-Mission, TX",Hidalgo County,221111.17982121496,-0.24,1340.8260073260071,-1.55,16089.912087912086,0.606,13.7,7.28,4.73,Strong Buy,88574,3.16,914820,4.8,3.41,12.59,6.81,32.43,2026-06-30,2026-06-30
Mustang,OK,"Oklahoma City, OK",Canadian County,281861.20908657537,1.29,1708.4369047619048,1.95,20501.242857142857,0.606,13.7,7.27,4.73,Strong Buy,23965,18.89,181760,16.93,26.01,5.78,5.62,25.24,2026-06-30,2026-06-30
Warren,PA,"Warren, PA",Warren County,147729.08105475095,0.63,895,NA,10740,0.606,13.8,7.27,4.73,Strong Buy,NA,NA,NA,NA,NA,NA,NA,NA,2026-06-30,2026-06-30
Brentwood,MD,"Washington-Arlington-Alexandria, DC-VA-MD-WV",Prince Georges County,404881.10010858066,-2.07,2453.75,NA,29445,0.606,13.8,7.27,4.73,Strong Buy,NA,NA,NA,NA,NA,NA,NA,NA,2026-06-30,2026-06-30
Jonesboro,AR,"Jonesboro, AR",Craighead County,228425.842266438,3.91,1380.877282812767,3.2,16570.527393753204,0.605,13.8,7.25,4.72,Strong Buy,82384,4.49,115852,3.79,10.71,9.64,4.94,40.8,2026-06-30,2026-06-30
Middleburg,FL,"Jacksonville, FL",Clay County,328999.0495950762,-1.1,1990.1169590643276,2.47,23881.40350877193,0.605,13.8,7.26,4.72,Strong Buy,NA,NA,236760,8.13,16.84,6.2,2.2,23.76,2026-06-30,2026-06-30
Benton,AR,"Little Rock-North Little Rock-Conway, AR",Saline County,242653.2711509365,2.24,1469.2905982905984,7.09,17631.48717948718,0.606,13.8,7.27,4.72,Strong Buy,38088,8.45,131252,6,12.47,5.49,4.29,23.56,2026-06-30,2026-06-30
Carlsbad,NM,"Carlsbad-Artesia, NM",Eddy County,259005.3709327137,1.15,1567.571428571429,NA,18810.857142857145,0.605,13.8,7.26,4.72,Strong Buy,31999,-0.82,61436,-1.45,10.94,12.72,9.12,25.34,2026-06-30,2026-06-30
Security-Widefield,CO,"Colorado Springs, CO",El Paso County,381251.2492037649,-1.71,2307.921082621083,3.44,27695.052991452994,0.605,13.8,7.26,4.72,Strong Buy,NA,NA,752772,2.58,3.46,4.58,3.67,33.62,2026-06-30,2026-06-30
Endicott,NY,"Binghamton, NY",Broome County,209425.14620634797,6.98,1266.5833333333333,0.57,15199,0.605,13.8,7.26,4.72,Strong Buy,13199,-3.25,196397,-0.9,3.49,11.96,7.64,35.43,2026-06-30,2026-06-30
Maumee,OH,"Toledo, OH",Lucas County,287679.0242995217,2.61,1740.55,NA,20886.6,0.605,13.8,7.26,4.72,Strong Buy,13625,-1.72,426291,-1.06,-0.51,9.27,4.76,38.34,2026-06-30,2026-06-30
Cleveland,GA,NA,White County,321950.8339322409,2.97,1950,NA,23400,0.606,13.8,7.27,4.72,Strong Buy,NA,NA,NA,NA,NA,NA,NA,NA,2026-06-30,2026-06-30
Blue Island,IL,"Chicago-Naperville-Elgin, IL-IN-WI",Cook County,207762.94147074575,4.7,1258.1666666666667,NA,15098,0.606,13.8,7.27,4.72,Strong Buy,NA,NA,NA,NA,NA,NA,NA,NA,2026-06-30,2026-06-30
Vine Grove,KY,"Elizabethtown-Fort Knox, KY",Meade County,268708.36258232716,-2.48,1625.3333333333333,NA,19504,0.605,13.8,7.26,4.72,Strong Buy,NA,NA,NA,NA,NA,NA,NA,NA,2026-06-30,2026-06-30
Superior,MI,"Ann Arbor, MI",Washtenaw County,323043.20565038244,-2.24,1954,NA,23448,0.605,13.8,7.26,4.72,Strong Buy,NA,NA,NA,NA,NA,NA,NA,NA,2026-06-30,2026-06-30
Ambridge,PA,"Pittsburgh, PA",Beaver County,144138.0052702324,1.02,871.8333333333334,NA,10462,0.605,13.8,7.26,4.72,Strong Buy,6886,-0.94,165540,-1.38,4.65,9.08,7.23,25.47,2026-06-30,2026-06-30
Indianapolis,IN,"Indianapolis-Carmel-Anderson, IN",Marion County,233825.61508009143,-0.53,1410.6983555094646,2.16,16928.380266113574,0.603,13.8,7.24,4.71,Strong Buy,900896,0.48,981628,0.5,-0.05,9.65,5.22,44.07,2026-06-30,2026-06-30
Weslaco,TX,"McAllen-Edinburg-Mission, TX",Hidalgo County,181101.14275903095,-0.68,1093.688888888889,-1.7,13124.26666666667,0.604,13.8,7.25,4.71,Strong Buy,43864,7.96,914820,4.8,3.41,12.59,6.81,32.43,2026-06-30,2026-06-30
Sylvania,OH,"Toledo, OH",Lucas County,329084.52999799047,2.68,1989.1587301587304,NA,23869.904761904763,0.604,13.8,7.25,4.71,Strong Buy,19102,0.33,426291,-1.06,-0.51,9.27,4.76,38.34,2026-06-30,2026-06-30
Benton Harbor,MI,"Niles, MI",Berrien County,160820.51853144445,6.24,971.75,NA,11661,0.604,13.8,7.25,4.71,Strong Buy,NA,NA,NA,NA,NA,NA,NA,NA,2026-06-30,2026-06-30
Seffner,FL,"Tampa-St. Petersburg-Clearwater, FL",Hillsborough County,357742.2265542792,-0.93,2160.5,2.01,25926,0.604,13.8,7.25,4.71,Strong Buy,NA,NA,1581426,7.85,12.2,7.8,6.74,38.94,2026-06-30,2026-06-30
Stony Brook,NY,"New York-Newark-Jersey City, NY-NJ-PA",Suffolk County,784669.393133765,8.37,4733.333333333334,NA,56800.00000000001,0.603,13.8,7.24,4.71,Strong Buy,NA,NA,NA,NA,NA,NA,NA,NA,2026-06-30,2026-06-30
Milford,DE,"Dover, DE",Kent County,346539.19027744414,0.92,2091.6666666666665,NA,25100,0.604,13.8,7.24,4.71,Strong Buy,NA,NA,NA,NA,NA,NA,NA,NA,2026-06-30,2026-06-30
Pendleton,IN,"Indianapolis-Carmel-Anderson, IN",Madison County,342428.1800539414,2.6,2068,NA,24816,0.604,13.8,7.25,4.71,Strong Buy,5758,21.5,134222,3.12,12.05,10.55,6.46,30.03,2026-06-30,2026-06-30
Bay Saint Louis,MS,"Gulfport-Biloxi, MS",Hancock County,244001.6909375674,-1.14,1474.5833333333333,NA,17695,0.604,13.8,7.25,4.71,Strong Buy,NA,NA,46492,0.78,8.75,14.46,6.14,21.26,2026-06-30,2026-06-30
Mary Esther,FL,"Crestview-Fort Walton Beach-Destin, FL",Okaloosa County,328081.46825536684,-0.83,1980.3518518518515,3.24,23764.22222222222,0.604,13.8,7.24,4.71,Strong Buy,4070,1.9,220483,3.95,1.51,17.91,14.17,32.25,2026-06-30,2026-06-30
Amarillo,TX,"Amarillo, TX",Randall County,211833.5865807128,3.2,1277.607505285412,4.83,15331.290063424942,0.603,13.8,7.24,4.7,Strong Buy,203729,1.58,150547,6.52,13.2,8.8,9.76,31.39,2026-06-30,2026-06-30
Titusville,FL,"Palm Bay-Melbourne-Titusville, FL",Brevard County,273984.48606689024,-2.06,1650.4152173913044,1.56,19804.982608695653,0.602,13.8,7.23,4.7,Strong Buy,49883,2.18,658447,8.16,22.48,14.46,11.39,23.08,2026-06-30,2026-06-30
New Brunswick,NJ,"New York-Newark-Jersey City, NY-NJ-PA",Middlesex County,452183.2767102886,0.51,2725.679369918699,1.8,32708.15243902439,0.603,13.8,7.23,4.7,Strong Buy,57487,3.96,890119,3.33,12.92,3.48,2.61,36.53,2026-06-30,2026-06-30
Uniontown,PA,"Pittsburgh, PA",Fayette County,163639.5368186063,3.06,985,NA,11820,0.602,13.8,7.22,4.7,Strong Buy,NA,NA,NA,NA,NA,NA,NA,NA,2026-06-30,2026-06-30
Oak Park,MI,"Detroit-Warren-Dearborn, MI",Oakland County,239562.65630707156,1.45,1444.8420634920633,1.46,17338.10476190476,0.603,13.8,7.24,4.7,Strong Buy,29402,-0.3,1296888,1.91,10.58,5.25,6.51,27.73,2026-06-30,2026-06-30
Leesburg,GA,"Albany, GA",Lee County,269583.49778676726,1.48,1622.9166666666667,0.64,19475,0.602,13.8,7.22,4.7,Strong Buy,3574,2.55,34073,2.57,3.87,7.01,3.77,26.45,2026-06-30,2026-06-30
Tahlequah,OK,"Tahlequah, OK",Cherokee County,201658.14894997524,8.86,1216.3333333333333,13.62,14596,0.603,13.8,7.24,4.7,Strong Buy,NA,NA,NA,NA,NA,NA,NA,NA,2026-06-30,2026-06-30
Chicago Ridge,IL,"Chicago-Naperville-Elgin, IL-IN-WI",Cook County,252327.29153105288,3.02,1518.888888888889,NA,18226.666666666668,0.602,13.8,7.22,4.7,Strong Buy,NA,NA,NA,NA,NA,NA,NA,NA,2026-06-30,2026-06-30
Whiting,IN,"Chicago-Naperville-Elgin, IL-IN-WI",Lake County,207723.6438582363,0.61,1252.7777777777776,NA,15033.333333333332,0.603,13.8,7.24,4.7,Strong Buy,4491,-1.71,502955,0.8,4.19,10.57,4.92,29.14,2026-06-30,2026-06-30
Jamestown,NC,"Greensboro-High Point, NC",Guilford County,353143.7114756124,0.17,2129.6666666666665,NA,25556,0.603,13.8,7.24,4.7,Strong Buy,NA,NA,NA,NA,NA,NA,NA,NA,2026-06-30,2026-06-30
Belcamp,MD,"Baltimore-Columbia-Towson, MD",Harford County,296975.3514939873,-0.56,1790.4166666666667,NA,21485,0.603,13.8,7.23,4.7,Strong Buy,NA,NA,265514,1.63,2.3,3.96,3.4,20.29,2026-06-30,2026-06-30
Dallas,GA,"Atlanta-Sandy Springs-Alpharetta, GA",Paulding County,357158.77807023627,-0.89,2146.965313300549,1.39,25763.58375960659,0.601,13.9,7.21,4.69,Strong Buy,15062,6.49,188549,11.19,23.16,4.71,4.59,19.73,2026-06-30,2026-06-30
Waterloo,IA,"Waterloo-Cedar Falls, IA",Black Hawk County,149409.5677992168,0.52,898.3157307985683,4.78,10779.78876958282,0.601,13.9,7.21,4.69,Strong Buy,67477,0.31,132348,0.99,6.61,8.52,6.11,34.68,2026-06-30,2026-06-30
Sedalia,MO,"Sedalia, MO",Pettis County,186829.2221267039,2.41,1124.4444444444446,-2.79,13493.333333333336,0.602,13.8,7.22,4.69,Strong Buy,22310,2.61,43791,1.83,2.95,8.98,9.95,29.88,2026-06-30,2026-06-30
Hartsville,SC,"Florence, SC",Darlington County,188058.5266041881,9.47,1129.6666666666667,NA,13556,0.601,13.9,7.21,4.69,Strong Buy,NA,NA,NA,NA,NA,NA,NA,NA,2026-06-30,2026-06-30
Hialeah Gardens,FL,"Miami-Fort Lauderdale-Pompano Beach, FL",Miami-Dade County,420592.2207547729,-2.36,2530.277777777778,-0.09,30363.333333333336,0.602,13.9,7.22,4.69,Strong Buy,NA,NA,NA,NA,NA,NA,NA,NA,2026-06-30,2026-06-30
Zion,IL,"Chicago-Naperville-Elgin, IL-IN-WI",Lake County,253871.83890693655,7.18,1526.0416666666667,NA,18312.5,0.601,13.9,7.21,4.69,Strong Buy,24583,-0.6,718604,0.73,3.75,4.97,4.19,25.6,2026-06-30,2026-06-30
Orange City,FL,"Deltona-Daytona Beach-Ormond Beach, FL",Volusia County,293459.8677234995,-2.42,1766.226851851852,1.78,21194.722222222223,0.602,13.8,7.22,4.69,Strong Buy,15257,19.41,602772,8.46,21.72,14.56,6.51,27.2,2026-06-30,2026-06-30
Camden,SC,"Columbia, SC",Kershaw County,248283.7215531026,2.02,1493.3333333333337,NA,17920.000000000004,0.601,13.9,7.22,4.69,Strong Buy,NA,NA,NA,NA,NA,NA,NA,NA,2026-06-30,2026-06-30
Pace,FL,"Pensacola-Ferry Pass-Brent, FL",Santa Rosa County,327326.4990797306,0.03,1967.7029914529917,2,23612.4358974359,0.601,13.9,7.21,4.69,Strong Buy,NA,NA,207653,9.86,19.76,8.97,3.52,20.02,2026-06-30,2026-06-30
Portland,TX,"Corpus Christi, TX",San Patricio County,271936.5046444807,2,1634.8809523809523,10.15,19618.571428571428,0.601,13.9,7.21,4.69,Strong Buy,20725,1.55,71467,3.8,8.27,18.22,5.94,33.65,2026-06-30,2026-06-30
Highland Springs,VA,"Richmond, VA",Henrico County,262980.59803125093,1.89,1580.8333333333333,NA,18970,0.601,13.9,7.21,4.69,Strong Buy,NA,NA,NA,NA,NA,NA,NA,NA,2026-06-30,2026-06-30
Trenton,NJ,"Trenton-Princeton, NJ",Mercer County,356469.69844376994,-1.91,2139.131106321839,1.53,25669.57327586207,0.6,13.9,7.2,4.68,Strong Buy,91193,0.71,392138,1.46,11.79,6.07,3.03,38.11,2026-06-30,2026-06-30
Portsmouth,VA,"Virginia Beach-Norfolk-Newport News, VA-NC",Portsmouth City,269835.30947703024,0.84,1617.3734432234432,4.27,19408.48131868132,0.599,13.9,7.19,4.68,Strong Buy,96482,-1.55,NA,NA,NA,NA,NA,NA,2026-06-30,2026-06-30
Sioux City,IA,"Sioux City, IA-NE-SD",Woodbury County,202781.82040258803,2.85,1215.5238095238094,2.06,14586.285714285714,0.599,13.9,7.19,4.68,Strong Buy,86875,1.15,107257,1.23,1.97,6.07,4.79,31.57,2026-06-30,2026-06-30
Valrico,FL,"Tampa-St. Petersburg-Clearwater, FL",Hillsborough County,419685.36607723736,-2.98,2518.347794117647,0.8,30220.173529411764,0.6,13.9,7.2,4.68,Strong Buy,NA,NA,1581426,7.85,12.2,7.8,6.74,38.94,2026-06-30,2026-06-30
Seminole,FL,"Tampa-St. Petersburg-Clearwater, FL",Pinellas County,386377.6809774558,-2.86,2317.911111111111,0.27,27814.933333333334,0.6,13.9,7.2,4.68,Strong Buy,19395,-0.11,965870,0.63,3.8,18.32,8.78,30.56,2026-06-30,2026-06-30
Grovetown,GA,"Augusta-Richmond County, GA-SC",Columbia County,307363.3648463815,1.56,1842.6296296296296,2.15,22111.555555555555,0.599,13.9,7.19,4.68,Strong Buy,17843,12.06,167472,6.76,9.29,13.79,10.72,21.51,2026-06-30,2026-06-30
Riverhead,NY,"New York-Newark-Jersey City, NY-NJ-PA",Suffolk County,637468.0386512735,3.99,3826.1111111111113,NA,45913.333333333336,0.6,13.9,7.2,4.68,Strong Buy,NA,NA,NA,NA,NA,NA,NA,NA,2026-06-30,2026-06-30
Debary,FL,"Deltona-Daytona Beach-Ormond Beach, FL",Volusia County,380782.8596185636,-1.36,2287.1309523809523,3.04,27445.571428571428,0.601,13.9,7.21,4.68,Strong Buy,NA,NA,602772,8.46,21.72,14.56,6.51,27.2,2026-06-30,2026-06-30
Pontoon Beach,IL,"St. Louis, MO-IL",Madison County,195722.18078271777,5.94,1175,NA,14100,0.6,13.9,7.2,4.68,Strong Buy,NA,NA,NA,NA,NA,NA,NA,NA,2026-06-30,2026-06-30
Laredo,TX,"Laredo, TX",Webb County,222146.5820499655,2.67,1330.9414141414145,-0.12,15971.296969696974,0.599,13.9,7.19,4.67,Strong Buy,261260,2.26,272823,2.04,-1.85,8.25,8.2,36.11,2026-06-30,2026-06-30
Cedar Rapids,IA,"Cedar Rapids, IA",Linn County,215210.0791327462,2.42,1287.788073788074,13,15453.456885456886,0.598,13.9,7.18,4.67,Strong Buy,137904,0.03,231762,0.58,8.41,6.8,8.73,26.69,2026-06-30,2026-06-30
Davenport,FL,"Lakeland-Winter Haven, FL",Polk County,341119.31776178436,-4.21,2042.5951217017048,2.39,24511.14146042046,0.599,13.9,7.19,4.67,Strong Buy,16764,72.29,852878,16.8,32.56,16.11,4.75,29.98,2026-06-30,2026-06-30
Strongsville,OH,"Cleveland-Elyria, OH",Cuyahoga County,371788.2031857111,3.36,2227.6111111111113,NA,26731.333333333336,0.599,13.9,7.19,4.67,Strong Buy,NA,NA,NA,NA,NA,NA,NA,NA,2026-06-30,2026-06-30
Dover,PA,"York-Hanover, PA",York County,298584.79547437374,2.84,1788.75,NA,21465,0.599,13.9,7.19,4.67,Strong Buy,NA,NA,NA,NA,NA,NA,NA,NA,2026-06-30,2026-06-30
Willoughby,OH,"Cleveland-Elyria, OH",Lake County,248198.72020283816,3.56,1485.611111111111,NA,17827.333333333332,0.599,13.9,7.18,4.67,Strong Buy,24208,1.42,232360,-0.07,4.74,5.25,2.87,24.93,2026-06-30,2026-06-30
Norwood,OH,"Cincinnati, OH-KY-IN",Hamilton County,254564.01517211428,-1.82,1525.5162393162393,4.34,18306.194871794873,0.599,13.9,7.19,4.67,Strong Buy,19455,2.31,837359,0.84,4.18,7.42,4.2,41.01,2026-06-30,2026-06-30
Arlington,TN,"Memphis, TN-MS-AR",Shelby County,414317.32076193375,-2.14,2479.9166666666665,3.09,29759,0.599,13.9,7.18,4.67,Strong Buy,15550,4.24,910530,-2.07,-7.65,10.56,7.81,45.42,2026-06-30,2026-06-30
San Antonio,FL,"Tampa-St. Petersburg-Clearwater, FL",Pasco County,345419.9166350979,-3.77,2069.6414141414143,0.05,24835.69696969697,0.599,13.9,7.19,4.67,Strong Buy,1577,21.21,659114,16.41,37.43,13.3,5.54,24.5,2026-06-30,2026-06-30
Boynton Beach,FL,"Miami-Fort Lauderdale-Pompano Beach, FL",Palm Beach County,402831.44771393464,-2.74,2404.197347442203,2.73,28850.368169306435,0.597,14,7.16,4.66,Strong Buy,83095,3.26,1582055,5.87,15.98,16.36,6.94,30.14,2026-06-30,2026-06-30
Canton,OH,"Canton-Massillon, OH",Stark County,176362.63990522097,5.09,1054.1271899332592,2.53,12649.52627919911,0.598,13.9,7.17,4.66,Strong Buy,69211,-1.98,374091,-0.12,4.1,7.26,2.95,31.43,2026-06-30,2026-06-30
Hampton,VA,"Virginia Beach-Norfolk-Newport News, VA-NC",Hampton City,283361.7879644755,0.68,1693.4884184884183,5.3,20321.86102186102,0.598,13.9,7.17,4.66,Strong Buy,137596,0.23,NA,NA,NA,NA,NA,NA,2026-06-30,2026-06-30
San Angelo,TX,"San Angelo, TX",Tom Green County,217777.7192958891,-1.37,1301.9397509578546,5.24,15623.277011494254,0.598,13.9,7.17,4.66,Strong Buy,100159,0.09,120103,-0.08,4.29,11.27,8.3,33.16,2026-06-30,2026-06-30
North Fort Myers,FL,"Cape Coral-Fort Myers, FL",Lee County,265885.2091242227,-6.2,1589.624771062271,-6.79,19075.497252747253,0.598,13.9,7.17,4.66,Strong Buy,NA,NA,860959,12.46,20.97,25.72,10.08,26.02,2026-06-30,2026-06-30
Sulphur,LA,"Lake Charles, LA",Calcasieu Parish,203575.30888574256,3.01,1215.8333333333333,8.74,14590,0.597,14,7.17,4.66,Strong Buy,20572,-5.72,206861,-4.45,9.82,18.49,13.5,27.76,2026-06-30,2026-06-30
Hopewell,VA,"Richmond, VA",Prince George County,237496.6450378039,2.46,1419.1060606060607,-1.33,17029.272727272728,0.598,13.9,7.17,4.66,Strong Buy,22970,-0.18,43589,1.17,11.93,5.4,5.18,26.07,2026-06-30,2026-06-30
Byron,GA,"Warner Robins, GA",Peach County,268038.3901261904,2.59,1600.888888888889,NA,19210.666666666668,0.597,14,7.17,4.66,Strong Buy,NA,NA,NA,NA,NA,NA,NA,NA,2026-06-30,2026-06-30
Scottsboro,AL,"Scottsboro, AL",Jackson County,219867.71095573413,1.9,1312.5,NA,15750,0.597,14,7.16,4.66,Strong Buy,NA,NA,NA,NA,NA,NA,NA,NA,2026-06-30,2026-06-30
Ward,AR,"Little Rock-North Little Rock-Conway, AR",Lonoke County,209984.55138867025,3.71,1255,NA,15060,0.598,13.9,7.17,4.66,Strong Buy,NA,NA,NA,NA,NA,NA,NA,NA,2026-06-30,2026-06-30
Palmyra,NJ,"Philadelphia-Camden-Wilmington, PA-NJ-DE-MD",Burlington County,316434.46599108586,2.02,1892.5,NA,22710,0.598,13.9,7.18,4.66,Strong Buy,NA,NA,NA,NA,NA,NA,NA,NA,2026-06-30,2026-06-30
Joliet,IL,"Chicago-Naperville-Elgin, IL-IN-WI",Will County,270918.68238991447,1.14,1613.937830687831,3.84,19367.253968253972,0.596,14,7.15,4.65,Strong Buy,151837,0.99,708583,1.68,4.83,4.5,3.98,17.48,2026-06-30,2026-06-30
Northport,AL,"Tuscaloosa, AL",Tuscaloosa County,269915.566235117,2.23,1610.8148148148148,6.1,19329.777777777777,0.597,14,7.16,4.65,Strong Buy,31492,0.91,241212,3.68,5.91,15.2,5.06,37.84,2026-06-30,2026-06-30
Mundelein,IL,"Chicago-Naperville-Elgin, IL-IN-WI",Lake County,394859.7239952011,5.92,2355.82962962963,3.18,28269.955555555556,0.597,14,7.16,4.65,Strong Buy,32641,3.49,718604,0.73,3.75,4.97,4.19,25.6,2026-06-30,2026-06-30
Greenville,TX,"Dallas-Fort Worth-Arlington, TX",Hunt County,244220.4036109752,-4.05,1455.6187343358397,1.54,17467.424812030076,0.596,14,7.15,4.65,Strong Buy,34355,21.46,118729,18.43,39.16,10.54,7.57,29.21,2026-06-30,2026-06-30
McHenry,IL,"Chicago-Naperville-Elgin, IL-IN-WI",McHenry County,317445.0992101344,5.12,1893.027777777778,NA,22716.333333333336,0.596,14,7.16,4.65,Strong Buy,28825,5.4,315959,1.93,5.95,3.55,3.04,17.42,2026-06-30,2026-06-30
Fate,TX,"Dallas-Fort Worth-Arlington, TX",Rockwall County,359846.0088231948,-3.6,2146.8333333333335,-1.11,25762,0.597,14,7.16,4.65,Strong Buy,27467,49.09,137044,25.5,35.89,4.62,4.94,17.44,2026-06-30,2026-06-30
Woodruff,SC,"Spartanburg, SC",Spartanburg County,287375.51764717785,1.11,1714.1666666666667,NA,20570,0.596,14,7.16,4.65,Strong Buy,NA,NA,NA,NA,NA,NA,NA,NA,2026-06-30,2026-06-30
Felton,DE,"Dover, DE",Kent County,394021.250960568,1.93,2350,NA,28200,0.596,14,7.16,4.65,Strong Buy,NA,NA,NA,NA,NA,NA,NA,NA,2026-06-30,2026-06-30
Bartlett,TN,"Memphis, TN-MS-AR",Shelby County,325542.2347306321,-0.91,1938.3430181789315,2.3,23260.116218147177,0.595,14,7.15,4.64,Strong Buy,56708,-1.67,910530,-2.07,-7.65,10.56,7.81,45.42,2026-06-30,2026-06-30
Zephyrhills,FL,"Tampa-St. Petersburg-Clearwater, FL",Pasco County,304781.75459430646,-3.13,1811.6189393939392,-2.15,21739.42727272727,0.594,14,7.13,4.64,Strong Buy,22304,28.53,659114,16.41,37.43,13.3,5.54,24.5,2026-06-30,2026-06-30
Urbana,IL,"Champaign-Urbana, IL",Champaign County,209776.67993050828,7.21,1249.1001443001444,5.41,14989.201731601734,0.595,14,7.15,4.64,Strong Buy,39831,2.48,212374,2.97,9.8,11.21,10.06,46.55,2026-06-30,2026-06-30
Fort Lee,NJ,"New York-Newark-Jersey City, NY-NJ-PA",Bergen County,599917.5012474825,6.52,3565.3629870129867,2.24,42784.35584415584,0.594,14,7.13,4.64,Strong Buy,40566,1.28,978641,2.61,10.38,4.13,3.53,34.64,2026-06-30,2026-06-30
Cordova,TN,"Memphis, TN-MS-AR",Shelby County,304560.4192773427,-2,1811.158189033189,0.38,21733.89826839827,0.595,14,7.14,4.64,Strong Buy,NA,NA,910530,-2.07,-7.65,10.56,7.81,45.42,2026-06-30,2026-06-30
Sapulpa,OK,"Tulsa, OK",Creek County,220313.9870023204,4.1,1310,NA,15720,0.595,14,7.14,4.64,Strong Buy,23297,5.95,73971,2.94,9.79,11.33,4.71,25.53,2026-06-30,2026-06-30
Woodbury,NJ,"Philadelphia-Camden-Wilmington, PA-NJ-DE-MD",Gloucester County,347541.9451366972,5.43,2069,NA,24828,0.595,14,7.14,4.64,Strong Buy,10138,1.77,311783,3.04,8.48,4.88,3.06,20.57,2026-06-30,2026-06-30
Bonaire,GA,"Warner Robins, GA",Houston County,305637.4038852975,3,1816.6666666666667,1.17,21800,0.594,14,7.13,4.64,Strong Buy,NA,NA,174897,6.41,13.28,9.04,8.05,32.9,2026-06-30,2026-06-30
Long Beach,MS,"Gulfport-Biloxi, MS",Harrison County,237256.29155045183,0.6,1410,7.91,16920,0.594,14,7.13,4.64,Strong Buy,NA,NA,NA,NA,NA,NA,NA,NA,2026-06-30,2026-06-30
Taft,CA,"Bakersfield, CA",Kern County,209081.66449731129,-3.82,1243,NA,14916,0.595,14,7.13,4.64,Strong Buy,NA,NA,NA,NA,NA,NA,NA,NA,2026-06-30,2026-06-30
Auburn,MA,"Worcester, MA-CT",Worcester County,476968.8160488725,0.86,2838.8888888888887,NA,34066.666666666664,0.595,14,7.14,4.64,Strong Buy,NA,NA,NA,NA,NA,NA,NA,NA,2026-06-30,2026-06-30
Duncan,SC,"Spartanburg, SC",Spartanburg County,312357.66993919393,1.35,1857.7777777777776,0.82,22293.333333333332,0.595,14,7.14,4.64,Strong Buy,4594,12.87,369256,12.1,27.18,8.85,6.12,27.07,2026-06-30,2026-06-30
Hoquiam,WA,"Aberdeen, WA",Grays Harbor County,250996.7483921976,-3.65,1491.6666666666667,NA,17900,0.594,14,7.13,4.64,Strong Buy,NA,NA,NA,NA,NA,NA,NA,NA,2026-06-30,2026-06-30
Baton Rouge,LA,"Baton Rouge, LA",East Baton Rouge Parish,233066.5745978364,0.37,1382.8223813350385,2.84,16593.86857602046,0.593,14,7.12,4.63,Strong Buy,220907,-2.37,453022,-0.63,2.16,14.65,10.96,40.94,2026-06-30,2026-06-30
Toms River,NJ,"New York-Newark-Jersey City, NY-NJ-PA",Ocean County,470768.8110538589,3.69,2797.4102564102564,2.41,33568.92307692308,0.594,14,7.13,4.63,Strong Buy,NA,NA,666434,4.37,4.36,18.18,2.79,19.83,2026-06-30,2026-06-30
Kenner,LA,"New Orleans-Metairie, LA",Jefferson Parish,274207.11216703756,6.24,1628.585858585859,0.2,19543.030303030308,0.594,14,7.13,4.63,Strong Buy,64650,-2.47,427253,-2.84,2.2,8.82,5.5,37.69,2026-06-30,2026-06-30
Stuart,FL,"Port St. Lucie, FL",Martin County,375427.7516910747,-3.37,2229.2597883597887,4.85,26751.117460317466,0.594,14,7.13,4.63,Strong Buy,19566,11.54,165666,4.41,14.54,17.59,6.28,19.89,2026-06-30,2026-06-30
East Stroudsburg,PA,"East Stroudsburg, PA",Monroe County,319967.3209269645,1.38,1898.003968253968,9.01,22776.047619047615,0.593,14,7.12,4.63,Strong Buy,9445,-2.3,166523,-1.07,1.94,23.78,3.78,20.47,2026-06-30,2026-06-30
Elizabeth City,NC,"Elizabeth City, NC",Pasquotank County,270998.0914157978,1.35,1607.3779220779222,4.72,19288.535064935066,0.593,14,7.12,4.63,Strong Buy,19028,2.06,41418,2.85,8.02,12.36,6.23,34.92,2026-06-30,2026-06-30
Millville,NJ,"Vineland-Bridgeton, NJ",Cumberland County,263127.3926154838,1.79,1562.3015873015872,0.38,18747.619047619046,0.594,14,7.12,4.63,Strong Buy,27838,1.54,155678,1.27,14.49,6.75,4.2,34.45,2026-06-30,2026-06-30
Ada,OK,"Ada, OK",Pontotoc County,188276.4198667308,6.62,1116.6666666666667,5.51,13400,0.593,14.1,7.12,4.63,Strong Buy,16578,0.56,38310,0.57,-4.15,14.35,14.76,33.56,2026-06-30,2026-06-30
New Market,AL,"Huntsville, AL",Madison County,292752.22112366656,-0.88,1738.777777777778,NA,20865.333333333336,0.594,14,7.13,4.63,Strong Buy,NA,NA,423355,8.41,20.5,7.01,5.85,31.22,2026-06-30,2026-06-30
Oakland,TN,"Memphis, TN-MS-AR",Fayette County,357464.2933908947,-2.08,2122.555555555555,2.54,25470.666666666664,0.594,14,7.13,4.63,Strong Buy,10769,19.02,44476,6.24,10.39,7.5,2.19,19.25,2026-06-30,2026-06-30
Fountain Hill,PA,"Allentown-Bethlehem-Easton, PA-NJ",Lehigh County,269725.88464606786,2.91,1600,NA,19200,0.593,14,7.12,4.63,Strong Buy,NA,NA,NA,NA,NA,NA,NA,NA,2026-06-30,2026-06-30
West Palm Beach,FL,"Miami-Fort Lauderdale-Pompano Beach, FL",Palm Beach County,403887.4599848382,-0.73,2391.504478018356,2.76,28698.053736220274,0.592,14.1,7.11,4.62,Strong Buy,127744,8.71,1582055,5.87,15.98,16.36,6.94,30.14,2026-06-30,2026-06-30
Southfield,MI,"Detroit-Warren-Dearborn, MI",Oakland County,258802.04482924915,1.84,1533.2618037135278,1.24,18399.141644562333,0.592,14.1,7.11,4.62,Strong Buy,76874,0.61,1296888,1.91,10.58,5.25,6.51,27.73,2026-06-30,2026-06-30
Mishawaka,IN,"South Bend-Mishawaka, IN-MI",Saint Joseph County,217102.28185166,5.16,1284.720634920635,4.82,15416.647619047619,0.592,14.1,7.1,4.62,Strong Buy,51020,-0.05,NA,NA,NA,NA,NA,NA,2026-06-30,2026-06-30
Manchester,CT,"Hartford-East Hartford-Middletown, CT",Hartford County,338091.3638027411,4.3,2000.6312245259617,2.62,24007.57469431154,0.592,14.1,7.1,4.62,Strong Buy,NA,NA,NA,NA,NA,NA,NA,NA,2026-06-30,2026-06-30
Desoto,TX,"Dallas-Fort Worth-Arlington, TX",Dallas County,324894.4218424867,-1.83,1925.94942182001,-1.32,23111.39306184012,0.593,14.1,7.11,4.62,Strong Buy,NA,NA,2656028,1.73,0.15,7.76,8.95,49.22,2026-06-30,2026-06-30
Lawrence,IN,"Indianapolis-Carmel-Anderson, IN",Marion County,272568.9715539822,0.68,1614.6424242424243,1.16,19375.70909090909,0.592,14.1,7.11,4.62,Strong Buy,49817,0.96,981628,0.5,-0.05,9.65,5.22,44.07,2026-06-30,2026-06-30
Martinez,GA,"Augusta-Richmond County, GA-SC",Columbia County,288725.89359734085,1.8,1711.613876319759,0.61,20539.366515837108,0.593,14.1,7.11,4.62,Strong Buy,NA,NA,167472,6.76,9.29,13.79,10.72,21.51,2026-06-30,2026-06-30
Alabaster,AL,"Birmingham-Hoover, AL",Shelby County,306842.60259405617,2.9,1816.9444444444443,1.53,21803.333333333332,0.592,14.1,7.11,4.62,Strong Buy,34460,3.17,235969,5.38,7.09,5.94,5.41,18.74,2026-06-30,2026-06-30
Summerfield,FL,"Ocala, FL",Marion County,289424.79412781267,-2.33,1713.3333333333333,NA,20560,0.592,14.1,7.1,4.62,Strong Buy,NA,NA,428905,13.63,44.29,12.9,7.37,23.32,2026-06-30,2026-06-30
Olmsted Falls,OH,"Cleveland-Elyria, OH",Cuyahoga County,308968.23968966864,3.5,1831.5,NA,21978,0.593,14.1,7.11,4.62,Strong Buy,NA,NA,NA,NA,NA,NA,NA,NA,2026-06-30,2026-06-30
Nederland,TX,"Beaumont-Port Arthur, TX",Jefferson County,224471.17505132884,1.01,1330.6285714285714,4.86,15967.542857142857,0.593,14.1,7.11,4.62,Strong Buy,18168,-3.43,253948,-0.87,-0.33,14.36,5.93,38.16,2026-06-30,2026-06-30
Brownsville,FL,"Miami-Fort Lauderdale-Pompano Beach, FL",Miami-Dade County,430997.9455831875,-0.47,2554.1666666666665,10.9,30650,0.593,14.1,7.11,4.62,Strong Buy,NA,NA,2838461,5.29,19.88,11.11,5.36,47.81,2026-06-30,2026-06-30
Claremont,NH,"Lebanon, NH-VT",Sullivan County,285811.1414900239,3.26,1691.2777777777776,NA,20295.333333333332,0.592,14.1,7.1,4.62,Strong Buy,13105,1.17,44012,2.19,4.16,26.6,8.21,25.18,2026-06-30,2026-06-30
Rotonda West,FL,"Punta Gorda, FL",Charlotte County,346720.93993494194,-8.63,2054.055555555555,2.53,24648.666666666664,0.592,14.1,7.11,4.62,Strong Buy,NA,NA,212122,12.82,34.15,23.9,13.02,16.83,2026-06-30,2026-06-30
Houston,TX,"Houston-The Woodlands-Sugar Land, TX",Harris County,265009.97581930313,-2.59,1567.282130667609,-0.25,18807.38556801131,0.591,14.1,7.1,4.61,Strong Buy,2390125,3.97,5009302,5.78,13.97,8.3,8.76,45.24,2026-06-30,2026-06-30
Snellville,GA,"Atlanta-Sandy Springs-Alpharetta, GA",Gwinnett County,358422.06817534094,-2.57,2118.465701681831,1.26,25421.58842018197,0.591,14.1,7.09,4.61,Strong Buy,22336,8.45,1003869,4.75,5.96,3.94,4.99,33.31,2026-06-30,2026-06-30
Lynn Haven,FL,"Panama City, FL",Bay County,327410.4613681203,-0.45,1936.822222222222,1.7,23241.866666666665,0.592,14.1,7.1,4.61,Strong Buy,21954,17.63,199718,14.42,36.38,28.33,10.57,31.72,2026-06-30,2026-06-30
Clarksville,IN,"Louisville/Jefferson County, KY-IN",Clark County,210378.349456458,3.4,1242.3862433862437,NA,14908.634920634924,0.591,14.1,7.09,4.61,Strong Buy,22041,-1.26,127479,5.03,14.65,8.67,9.66,25.03,2026-06-30,2026-06-30
Copley,OH,"Akron, OH",Summit County,350160.43382791016,3.76,2067.8611111111113,NA,24814.333333333336,0.591,14.1,7.09,4.61,Strong Buy,NA,NA,538370,-0.27,4.33,7.17,3.55,32.71,2026-06-30,2026-06-30
Riverview,FL,"Tampa-St. Petersburg-Clearwater, FL",Hillsborough County,366238.809380262,-3.62,2158.6171724904248,0.33,25903.406069885095,0.589,14.1,7.07,4.6,Strong Buy,NA,NA,1581426,7.85,12.2,7.8,6.74,38.94,2026-06-30,2026-06-30
Lexington,NC,"Winston-Salem, NC",Davidson County,277716.0440577665,5.48,1637.5,4.04,19650,0.59,14.1,7.08,4.6,Strong Buy,19904,2,177809,5.18,19.16,9.39,3.95,26.47,2026-06-30,2026-06-30
Venice,FL,"North Port-Sarasota-Bradenton, FL",Sarasota County,379473.66801841906,-6.59,2238.637706416776,0.1,26863.652477001313,0.59,14.1,7.08,4.6,Strong Buy,29902,16.81,476604,9.25,17.16,21.04,7.8,23.66,2026-06-30,2026-06-30
Oakland Park,FL,"Miami-Fort Lauderdale-Pompano Beach, FL",Broward County,370297.75869985874,-3.67,2182.0735379562966,-0.4,26184.88245547556,0.589,14.1,7.07,4.6,Strong Buy,45771,3.47,2037472,4.84,14.84,13.18,6.08,36.74,2026-06-30,2026-06-30
Coventry,RI,"Providence-Warwick, RI-MA",Kent County,470974.2529623178,4.04,2779.222222222222,3.28,33350.666666666664,0.59,14.1,7.08,4.6,Strong Buy,NA,NA,172450,1.19,6.54,4.69,3.57,27.85,2026-06-30,2026-06-30
Porter,TX,"Houston-The Woodlands-Sugar Land, TX",Montgomery County,311329.4887441811,-0.96,1835.8162393162393,-1.66,22029.79487179487,0.59,14.1,7.08,4.6,Strong Buy,NA,NA,749613,19.86,40.55,7.22,7.84,28.27,2026-06-30,2026-06-30
Red Lion,PA,"York-Hanover, PA",York County,299489.62703944504,2.19,1767.1666666666667,3.68,21206,0.59,14.1,7.08,4.6,Strong Buy,6552,0.65,471240,3.17,10.19,4.45,2.79,24.17,2026-06-30,2026-06-30
Glenpool,OK,"Tulsa, OK",Tulsa County,245887.27297425224,3.14,1450,NA,17400,0.59,14.1,7.08,4.6,Strong Buy,NA,NA,NA,NA,NA,NA,NA,NA,2026-06-30,2026-06-30
Bel Aire,KS,"Wichita, KS",Sedgwick County,284523.60611898155,1.03,1679.1666666666667,NA,20150,0.59,14.1,7.08,4.6,Strong Buy,NA,NA,NA,NA,NA,NA,NA,NA,2026-06-30,2026-06-30
Castle Hayne,NC,"Wilmington, NC",New Hanover County,367536.58485398255,-0.39,2168.5,NA,26022,0.59,14.1,7.08,4.6,Strong Buy,NA,NA,243333,7.46,13.87,12.68,6.83,39.3,2026-06-30,2026-06-30
Ocala,FL,"Ocala, FL",Marion County,268866.63659813587,-2.87,1582.1297068505164,-0.66,18985.556482206197,0.588,14.2,7.06,4.59,Strong Buy,70251,9.96,428905,13.63,44.29,12.9,7.37,23.32,2026-06-30,2026-06-30
Hamden,CT,"New Haven-Milford, CT",New Haven County,378119.0707722735,5.73,2224.7175925925926,6.44,26696.61111111111,0.588,14.2,7.06,4.59,Strong Buy,NA,NA,NA,NA,NA,NA,NA,NA,2026-06-30,2026-06-30
Sicklerville,NJ,"Philadelphia-Camden-Wilmington, PA-NJ-DE-MD",Camden County,385967.34709967027,3.27,2271.944444444445,3.76,27263.333333333336,0.589,14.2,7.06,4.59,Strong Buy,NA,NA,533988,2.07,5.74,5.92,4.3,34.97,2026-06-30,2026-06-30
Piqua,OH,"Dayton-Kettering, OH",Miami County,184686.1684624368,3.12,1087.111111111111,NA,13045.333333333332,0.589,14.2,7.06,4.59,Strong Buy,NA,NA,NA,NA,NA,NA,NA,NA,2026-06-30,2026-06-30
Newton,KS,"Wichita, KS",Harvey County,178738.71978300193,4.94,1050.8333333333333,13.7,12610,0.588,14.2,7.05,4.59,Strong Buy,18320,-1.36,33642,-1.04,1.46,7.82,8.67,30.47,2026-06-30,2026-06-30
Justin,TX,"Dallas-Fort Worth-Arlington, TX",Denton County,371362.2950086612,-4.23,2185.820202020202,0.92,26229.842424242423,0.589,14.2,7.06,4.59,Strong Buy,6197,37.8,1045120,14.28,23.72,4.75,5.09,34.63,2026-06-30,2026-06-30
Englewood,OH,"Dayton-Kettering, OH",Montgomery County,242284.8265858769,4.61,1424.625,NA,17095.5,0.588,14.2,7.06,4.59,Strong Buy,NA,NA,NA,NA,NA,NA,NA,NA,2026-06-30,2026-06-30
Clawson,MI,"Detroit-Warren-Dearborn, MI",Oakland County,294832.1822934738,1.73,1734.7222222222224,NA,20816.666666666668,0.588,14.2,7.06,4.59,Strong Buy,11440,0.69,1296888,1.91,10.58,5.25,6.51,27.73,2026-06-30,2026-06-30
Park City,KS,"Wichita, KS",Sedgwick County,227608.40583805507,2.14,1340,NA,16080,0.589,14.2,7.06,4.59,Strong Buy,NA,NA,NA,NA,NA,NA,NA,NA,2026-06-30,2026-06-30
Elyria,OH,"Cleveland-Elyria, OH",Lorain County,191593.01491856715,4.68,1125.9666666666667,3.03,13511.6,0.588,14.2,7.05,4.58,Strong Buy,53604,1.74,322030,2.71,9.62,7.17,7.76,26.3,2026-06-30,2026-06-30
Leesburg,FL,"Orlando-Kissimmee-Sanford, FL",Lake County,277781.3511999078,-4.67,1630.783882783883,2.65,19569.406593406595,0.587,14.2,7.04,4.58,Strong Buy,37815,39.4,444204,15.01,42.09,12.7,9.37,23.35,2026-06-30,2026-06-30
Bristol,TN,"Kingsport-Bristol, TN-VA",Sullivan County,241243.3145636604,-1.56,1415.4166666666667,9.02,16985,0.587,14.2,7.04,4.58,Strong Buy,27867,2.52,162703,2.82,9.93,9.89,4.08,27.07,2026-06-30,2026-06-30
Coram,NY,"New York-Newark-Jersey City, NY-NJ-PA",Suffolk County,566566.9733175836,4.95,3324.3632478632476,2.39,39892.35897435897,0.587,14.2,7.04,4.58,Strong Buy,NA,NA,1535909,0.9,2.22,11.64,3.67,18.09,2026-06-30,2026-06-30
Allen Park,MI,"Detroit-Warren-Dearborn, MI",Wayne County,213794.33334917045,2.59,1255.5,NA,15066,0.587,14.2,7.05,4.58,Strong Buy,27604,-3.25,1771063,-1.04,3.75,12.9,4.58,35.52,2026-06-30,2026-06-30
Mt Holly Township,NJ,"Philadelphia-Camden-Wilmington, PA-NJ-DE-MD",Burlington County,344641.6094398453,-1.39,2024.1833333333336,NA,24290.200000000004,0.587,14.2,7.05,4.58,Strong Buy,NA,NA,475515,2.99,9.35,5.16,3.54,24.27,2026-06-30,2026-06-30
Whitsett,NC,"Greensboro-High Point, NC",Guilford County,327913.6285027747,1.59,1924.3333333333333,8.71,23092,0.587,14.2,7.04,4.58,Strong Buy,604,2.72,558816,3.72,9.05,8.49,6.32,40.04,2026-06-30,2026-06-30
Sugarloaf,CA,"Riverside-San Bernardino-Ontario, CA",San Bernardino County,300981.21346616506,-9.55,1766.6666666666663,NA,21199.999999999996,0.587,14.2,7.04,4.58,Strong Buy,NA,NA,NA,NA,NA,NA,NA,NA,2026-06-30,2026-06-30
Kannapolis,NC,"Charlotte-Concord-Gastonia, NC-SC",Cabarrus County,284683.41523144365,0.41,1666.785866326096,1.98,20001.430395913154,0.585,14.2,7.03,4.57,Strong Buy,60521,9.3,244925,7.78,14.7,12.01,9.95,27.87,2026-06-30,2026-06-30
Texas City,TX,"Houston-The Woodlands-Sugar Land, TX",Galveston County,229210.2287625703,-2.58,1342.06855500821,3.45,16104.822660098522,0.586,14.2,7.03,4.57,Strong Buy,57875,10.69,367407,4.49,11.39,13,8.22,32.51,2026-06-30,2026-06-30
Glendale Heights,IL,"Chicago-Naperville-Elgin, IL-IN-WI",DuPage County,333086.5266758919,4.57,1949.4384615384613,2.99,23393.261538461535,0.585,14.2,7.02,4.57,Strong Buy,32866,-0.71,937142,0.6,5.3,4.53,5.6,26.87,2026-06-30,2026-06-30
Boiling Springs,SC,"Spartanburg, SC",Spartanburg County,283409.25215494144,2.12,1661.2905982905984,3.52,19935.48717948718,0.586,14.2,7.03,4.57,Strong Buy,NA,NA,369256,12.1,27.18,8.85,6.12,27.07,2026-06-30,2026-06-30
Falling Waters,WV,"Hagerstown-Martinsburg, MD-WV",Berkeley County,322884.7611084553,3.88,1892.4444444444443,NA,22709.333333333332,0.586,14.2,7.03,4.57,Strong Buy,NA,NA,136287,11.07,22.16,5.95,1.35,24.6,2026-06-30,2026-06-30
Jackson,MI,"Jackson, MI",Jackson County,195001.3549597948,3.23,1139.5833333333333,6.59,13675,0.584,14.3,7.01,4.56,Strong Buy,30920,-1.24,160233,0.01,3.19,10.34,5.1,24.95,2026-06-30,2026-06-30
Denham Springs,LA,"Baton Rouge, LA",Livingston Parish,258862.47760834356,3.66,1513.5524475524478,4.03,18162.629370629373,0.585,14.3,7.02,4.56,Strong Buy,9321,0.15,152886,7.03,12.26,12.8,8.44,18.73,2026-06-30,2026-06-30
Eagle Pass,TX,"Eagle Pass, TX",Maverick County,222375.39543365236,-0.57,1300,NA,15600,0.585,14.3,7.02,4.56,Strong Buy,NA,NA,NA,NA,NA,NA,NA,NA,2026-06-30,2026-06-30
Carthage,NC,"Pinehurst-Southern Pines, NC",Moore County,349451.4656705092,1.2,2040.8333333333333,NA,24490,0.584,14.3,7.01,4.56,Strong Buy,2999,7.92,108417,8.1,14.51,13.37,3.35,23.67,2026-06-30,2026-06-30
Miami Gardens,FL,"Miami-Fort Lauderdale-Pompano Beach, FL",Miami-Dade County,475213.9286265191,-1.07,2774.9295634920636,3.26,33299.15476190476,0.584,14.3,7.01,4.55,Strong Buy,116173,4.24,2838461,5.29,19.88,11.11,5.36,47.81,2026-06-30,2026-06-30
Champaign,IL,"Champaign-Urbana, IL",Champaign County,241516.19781119752,4.92,1410.024628879892,5.7,16920.295546558704,0.584,14.3,7.01,4.55,Strong Buy,91961,4.03,212374,2.97,9.8,11.21,10.06,46.55,2026-06-30,2026-06-30
Altamonte Springs,FL,"Orlando-Kissimmee-Sanford, FL",Seminole County,294289.6123064564,-2.91,1718.3621722113503,-0.37,20620.346066536204,0.584,14.3,7.01,4.55,Strong Buy,47261,2.36,494605,4.91,9.63,5.97,6.62,34.24,2026-06-30,2026-06-30
Goose Creek,SC,"Charleston-North Charleston, SC",Berkeley County,323950.05907012254,-0.59,1890.4059011164277,5.32,22684.87081339713,0.584,14.3,7,4.55,Strong Buy,50352,8.85,264276,14.15,27.06,7.35,5.97,25.9,2026-06-30,2026-06-30
Port Huron,MI,"Detroit-Warren-Dearborn, MI",Saint Clair County,177472.30160387835,3.98,1035.763888888889,4.75,12429.166666666668,0.584,14.3,7,4.55,Strong Buy,28342,-2.05,NA,NA,NA,NA,NA,NA,2026-06-30,2026-06-30
Dewitt,MI,"Lansing-East Lansing, MI",Clinton County,330229.06402315845,1.27,1924.3333333333333,NA,23092,0.583,14.3,6.99,4.55,Strong Buy,NA,NA,80050,1.11,3.11,5.46,12.58,17.2,2026-06-30,2026-06-30
Locust Grove,VA,"Washington-Arlington-Alexandria, DC-VA-MD-WV",Orange County,436912.9897962284,0.71,2550,NA,30600,0.584,14.3,7,4.55,Strong Buy,NA,NA,NA,NA,NA,NA,NA,NA,2026-06-30,2026-06-30
College Park,GA,"Atlanta-Sandy Springs-Alpharetta, GA",Fulton County,280180.1493610739,-4.5,1634.3842592592591,0.04,19612.61111111111,0.583,14.3,7,4.55,Strong Buy,13953,0.33,1090354,1.97,1.33,8.52,7.69,45.86,2026-06-30,2026-06-30
Derby,CT,"New Haven-Milford, CT",New Haven County,347936.1518956903,3.58,2030.5555555555557,NA,24366.666666666668,0.584,14.3,7,4.55,Strong Buy,NA,NA,NA,NA,NA,NA,NA,NA,2026-06-30,2026-06-30
Spartanburg,SC,"Spartanburg, SC",Spartanburg County,236519.9511628073,1.92,1375.438961038961,1.78,16505.267532467533,0.582,14.3,6.98,4.54,Strong Buy,39606,2.6,369256,12.1,27.18,8.85,6.12,27.07,2026-06-30,2026-06-30
Westland,MI,"Detroit-Warren-Dearborn, MI",Wayne County,219218.4407338534,3.04,1275.5392648287386,4.38,15306.471177944863,0.582,14.3,6.98,4.54,Strong Buy,82745,-2.8,1771063,-1.04,3.75,12.9,4.58,35.52,2026-06-30,2026-06-30
Yukon,OK,"Oklahoma City, OK",Canadian County,276372.36569526355,1.01,1607.9888292158969,0.57,19295.865950590764,0.582,14.3,6.98,4.54,Strong Buy,27068,13.75,181760,16.93,26.01,5.78,5.62,25.24,2026-06-30,2026-06-30
Council Bluffs,IA,"Omaha-Council Bluffs, NE-IA",Pottawattamie County,231390.80592734096,2.36,1347.7211083263714,2.59,16172.653299916457,0.582,14.3,6.99,4.54,Strong Buy,62665,-0.19,93529,-0.13,3.09,6.22,1.75,29.65,2026-06-30,2026-06-30
Atascocita,TX,"Houston-The Woodlands-Sugar Land, TX",Harris County,311344.0471799933,-1.77,1812.182199798718,-1.38,21746.186397584617,0.582,14.3,6.98,4.54,Strong Buy,NA,NA,5009302,5.78,13.97,8.3,8.76,45.24,2026-06-30,2026-06-30
Madison,MS,"Jackson, MS",Madison County,415933.28801910655,1.02,2422.198412698413,1.9,29066.380952380954,0.582,14.3,6.99,4.54,Strong Buy,28210,1.63,114247,4.57,8.14,7.91,6.1,28.59,2026-06-30,2026-06-30
Deer Park,TX,"Houston-The Woodlands-Sugar Land, TX",Harris County,283592.4794637323,-0.03,1649.4694444444442,3.77,19793.63333333333,0.582,14.3,6.98,4.54,Strong Buy,34495,0.38,5009302,5.78,13.97,8.3,8.76,45.24,2026-06-30,2026-06-30
Winterville,NC,"Greenville, NC",Pitt County,281109.9355801304,2.31,1637.5396825396826,1.26,19650.47619047619,0.583,14.3,6.99,4.54,Strong Buy,10899,3.7,180783,4.11,7.69,10.11,4.16,49.07,2026-06-30,2026-06-30
Petal,MS,"Hattiesburg, MS",Forrest County,228761.0455947815,2.04,1331.388888888889,NA,15976.666666666668,0.582,14.3,6.98,4.54,Strong Buy,NA,NA,NA,NA,NA,NA,NA,NA,2026-06-30,2026-06-30
Lebanon,IN,"Indianapolis-Carmel-Anderson, IN",Boone County,304989.38543318247,4.55,1775.498015873016,NA,21305.97619047619,0.582,14.3,6.99,4.54,Strong Buy,17608,5.34,78773,10.74,29.2,3.69,3.7,20.69,2026-06-30,2026-06-30
Glenolden,PA,"Philadelphia-Camden-Wilmington, PA-NJ-DE-MD",Delaware County,246580.2252704049,0.43,1433.888888888889,NA,17206.666666666668,0.582,14.3,6.98,4.54,Strong Buy,NA,NA,NA,NA,NA,NA,NA,NA,2026-06-30,2026-06-30
California,MD,"California-Lexington Park, MD",Saint Marys County,403314.6813776897,3.18,2346.3333333333335,4.89,28156,0.582,14.3,6.98,4.54,Strong Buy,NA,NA,NA,NA,NA,NA,NA,NA,2026-06-30,2026-06-30
Guttenberg,NJ,"New York-Newark-Jersey City, NY-NJ-PA",Hudson County,421237.3103246424,0.93,2451.1071428571427,3.43,29413.28571428571,0.582,14.3,6.98,4.54,Strong Buy,11945,-0.47,736185,1.98,14.43,6.78,4.46,68.82,2026-06-30,2026-06-30
Lafayette,LA,"Lafayette, LA",Lafayette Parish,228144.34409195613,1.97,1324.0106970324362,0.2,15888.128364389235,0.58,14.4,6.96,4.53,Strong Buy,122280,0.68,254241,4.98,9.97,10,6.1,33.9,2026-06-30,2026-06-30
Florence,SC,"Florence, SC",Florence County,226000.84861497124,3.31,1312.6410256410256,1.38,15751.692307692309,0.581,14.3,6.97,4.53,Strong Buy,40923,2.06,138049,0.9,6.17,14.48,8.02,35.46,2026-06-30,2026-06-30
Conyers,GA,"Atlanta-Sandy Springs-Alpharetta, GA",Rockdale County,301037.5964014007,-1.91,1748.7318681318682,-1.28,20984.782417582417,0.581,14.3,6.97,4.53,Strong Buy,20111,15.65,97610,4.27,11.81,5.2,3.79,34.22,2026-06-30,2026-06-30
Dothan,AL,"Dothan, AL",Houston County,207625.72253146124,2.47,1206.5524475524471,2.2,14478.629370629365,0.581,14.3,6.97,4.53,Strong Buy,71650,0.77,109366,1.93,7.45,14.45,8.64,36.08,2026-06-30,2026-06-30
Sun City,AZ,"Phoenix-Mesa-Chandler, AZ",Maricopa County,299325.57824354945,-3.03,1736.6753246753249,0.31,20840.103896103898,0.58,14.4,6.96,4.53,Strong Buy,NA,NA,4673096,5.12,9.38,8.29,5.4,34.99,2026-06-30,2026-06-30
Cullman,AL,"Cullman, AL",Cullman County,269226.4941524915,3.97,1563.1666666666667,1.97,18758,0.581,14.4,6.97,4.53,Strong Buy,20239,9.63,92604,5.06,10,12.63,3.91,23.64,2026-06-30,2026-06-30
Solon,OH,"Cleveland-Elyria, OH",Cuyahoga County,472036.5148576161,4.34,2743.0833333333335,NA,32917,0.581,14.3,6.97,4.53,Strong Buy,NA,NA,NA,NA,NA,NA,NA,NA,2026-06-30,2026-06-30
Carnegie,PA,"Pittsburgh, PA",Allegheny County,231465.88317745656,0.4,1343.111111111111,6.03,16117.333333333332,0.58,14.4,6.96,4.53,Strong Buy,7855,-3.24,1231814,-1.43,2.72,9.6,6.37,35.07,2026-06-30,2026-06-30
Joshua Tree,CA,"Riverside-San Bernardino-Ontario, CA",San Bernardino County,351346.48965411546,-0.92,2042.5,31.31,24510,0.581,14.3,6.98,4.53,Strong Buy,NA,NA,2214281,1.41,1.68,9.55,3.22,38.46,2026-06-30,2026-06-30
Columbus,OH,"Columbus, OH",Franklin County,251290.57159360975,-0.9,1456.4855093321924,1.12,17477.82611198631,0.58,14.4,6.96,4.52,Strong Buy,933263,2.96,1356303,2.4,7.58,6.96,3.98,47.03,2026-06-30,2026-06-30
Springfield,MA,"Springfield, MA",Hampden County,308418.129677767,3.75,1786.2161084529507,4.39,21434.59330143541,0.579,14.4,6.95,4.52,Strong Buy,154888,-0.24,464151,0.09,4.76,6.59,3.41,37.78,2026-06-30,2026-06-30
Biloxi,MS,"Gulfport-Biloxi, MS",Harrison County,239040.20729136592,2.32,1386.331465919701,3.5,16635.97759103641,0.58,14.4,6.96,4.52,Strong Buy,48144,-2.6,213730,2.34,10.31,13.14,7.09,39.41,2026-06-30,2026-06-30
Royal Palm Beach,FL,"Miami-Fort Lauderdale-Pompano Beach, FL",Palm Beach County,486024.5631905045,-0.04,2818.096825396826,3.76,33817.16190476191,0.58,14.4,6.96,4.52,Strong Buy,41948,6.16,1582055,5.87,15.98,16.36,6.94,30.14,2026-06-30,2026-06-30
Harvest,AL,"Huntsville, AL",Madison County,316066.58979509823,0.64,1831.8055555555557,2.74,21981.666666666668,0.58,14.4,6.95,4.52,Strong Buy,NA,NA,423355,8.41,20.5,7.01,5.85,31.22,2026-06-30,2026-06-30
Yorkville,IL,"Chicago-Naperville-Elgin, IL-IN-WI",Kendall County,409558.6239944156,2.4,2372.4166666666665,NA,28469,0.579,14.4,6.95,4.52,Strong Buy,25986,19.39,143171,8.18,15.09,2.73,2.44,15.82,2026-06-30,2026-06-30
Georgetown,SC,"Georgetown, SC",Georgetown County,254266.24661010175,-1.07,1474.5,NA,17694,0.58,14.4,6.96,4.52,Strong Buy,NA,NA,NA,NA,NA,NA,NA,NA,2026-06-30,2026-06-30
Madisonville,LA,"New Orleans-Metairie, LA",Saint Tammany Parish,383603.80066112307,-0.19,2225,NA,26700,0.58,14.4,6.96,4.52,Strong Buy,NA,NA,NA,NA,NA,NA,NA,NA,2026-06-30,2026-06-30
Lakeside,VA,"Richmond, VA",Henrico County,351181.0798957888,1.79,2033.3333333333333,NA,24400,0.579,14.4,6.95,4.52,Strong Buy,NA,NA,338696,1.12,7.45,5.15,5.64,35.38,2026-06-30,2026-06-30
Whitestown,IN,"Indianapolis-Carmel-Anderson, IN",Boone County,365522.78748461575,0.85,2116.716094771242,5.4,25400.593137254902,0.579,14.4,6.95,4.52,Strong Buy,14564,40.71,78773,10.74,29.2,3.69,3.7,20.69,2026-06-30,2026-06-30
Cincinnati,OH,"Cincinnati, OH-KY-IN",Hamilton County,254955.49388691943,1.13,1475.3661302538635,2.83,17704.39356304636,0.579,14.4,6.94,4.51,Strong Buy,314915,1.72,837359,0.84,4.18,7.42,4.2,41.01,2026-06-30,2026-06-30
Saint Petersburg,FL,"Tampa-St. Petersburg-Clearwater, FL",Pinellas County,355758.51753412205,-3.89,2057.650954519933,-0.1,24691.811454239192,0.578,14.4,6.94,4.51,Strong Buy,NA,NA,965870,0.63,3.8,18.32,8.78,30.56,2026-06-30,2026-06-30
Lexington,SC,"Columbia, SC",Lexington County,307952.1124149717,0.9,1781.2188110245952,1.86,21374.625732295142,0.578,14.4,6.94,4.51,Strong Buy,25354,7.19,313774,6.37,11.83,7.71,3.5,23.15,2026-06-30,2026-06-30
Saint Cloud,FL,"Orlando-Kissimmee-Sanford, FL",Osceola County,393440.171818701,-3.69,2272.735393852999,-0.08,27272.824726235987,0.578,14.4,6.93,4.51,Strong Buy,NA,NA,468058,19.66,40.25,19.99,6.97,33.77,2026-06-30,2026-06-30
Schaumburg,IL,"Chicago-Naperville-Elgin, IL-IN-WI",Cook County,363376.2172710951,4.93,2099.452089268756,1.74,25193.425071225072,0.578,14.4,6.93,4.51,Strong Buy,77099,-1.7,5182617,-1.6,5.9,8.18,4.67,42.49,2026-06-30,2026-06-30
Loganville,GA,"Atlanta-Sandy Springs-Alpharetta, GA",Walton County,395435.81027109065,-2.23,2288.556216931217,0.47,27462.674603174604,0.579,14.4,6.94,4.51,Strong Buy,16862,18.56,109792,13.03,25.68,4.54,1.62,20.82,2026-06-30,2026-06-30
Pekin,IL,"Peoria, IL",Tazewell County,145773.70801284455,8.36,842.7777777777777,NA,10113.333333333332,0.578,14.4,6.94,4.51,Strong Buy,31266,-1.75,129821,-1.12,2.24,8.27,7.1,22.47,2026-06-30,2026-06-30
Terrell,TX,"Dallas-Fort Worth-Arlington, TX",Kaufman County,284131.3078207246,-1.58,1644.5,1.91,19734,0.579,14.4,6.95,4.51,Strong Buy,22977,28.82,197829,34.42,49.26,5.77,8.22,21.41,2026-06-30,2026-06-30
Phillipsburg,NJ,"Allentown-Bethlehem-Easton, PA-NJ",Warren County,345949.11897779704,1.89,2000.1916666666664,5.03,24002.299999999996,0.578,14.4,6.94,4.51,Strong Buy,15393,1.24,112031,2.29,7.62,3.71,1.84,25.71,2026-06-30,2026-06-30
Rolling Meadows,IL,"Chicago-Naperville-Elgin, IL-IN-WI",Cook County,343169.51653979643,6.28,1984.1691641691643,-1.29,23810.029970029973,0.578,14.4,6.94,4.51,Strong Buy,23732,-1.86,5182617,-1.6,5.9,8.18,4.67,42.49,2026-06-30,2026-06-30
Walker,LA,"Baton Rouge, LA",Livingston Parish,256459.71106119908,3.26,1483.1666666666667,NA,17798,0.578,14.4,6.94,4.51,Strong Buy,6402,0.55,152886,7.03,12.26,12.8,8.44,18.73,2026-06-30,2026-06-30
Shasta Lake,CA,"Redding, CA",Shasta County,304811.9807849909,0.56,1762.5,NA,21150,0.578,14.4,6.94,4.51,Strong Buy,NA,NA,NA,NA,NA,NA,NA,NA,2026-06-30,2026-06-30
Garrison,MD,"Baltimore-Columbia-Towson, MD",Baltimore County,325259.5186913709,-1.5,1882.4867724867725,2.86,22589.84126984127,0.579,14.4,6.95,4.51,Strong Buy,NA,NA,852425,-0.11,3.96,5.75,5.61,33.67,2026-06-30,2026-06-30
Enfield,CT,"Hartford-East Hartford-Middletown, CT",Hartford County,342006.12398339453,5.08,1971.2857142857144,5.48,23655.428571428572,0.576,14.5,6.92,4.5,Strong Buy,NA,NA,NA,NA,NA,NA,NA,NA,2026-06-30,2026-06-30
Wetumpka,AL,"Montgomery, AL",Elmore County,283051.2941823876,4.55,1633.3333333333333,NA,19600,0.577,14.4,6.92,4.5,Strong Buy,NA,NA,NA,NA,NA,NA,NA,NA,2026-06-30,2026-06-30
Angier,NC,"Fayetteville, NC",Harnett County,336655.598006627,-0.87,1942.0777777777776,0.69,23304.93333333333,0.577,14.4,6.92,4.5,Strong Buy,8284,45.28,146096,9.26,25.57,10.01,8.1,30.51,2026-06-30,2026-06-30
Jensen Beach,FL,"Port St. Lucie, FL",Saint Lucie County,418534.1426225021,-5.04,2413.847402597403,5.79,28966.168831168834,0.577,14.4,6.92,4.5,Strong Buy,NA,NA,NA,NA,NA,NA,NA,NA,2026-06-30,2026-06-30
DuBois,PA,"DuBois, PA",Clearfield County,181102.41862281505,4.9,1044.5,NA,12534,0.577,14.4,6.92,4.5,Strong Buy,NA,NA,NA,NA,NA,NA,NA,NA,2026-06-30,2026-06-30
Bethlehem,GA,"Atlanta-Sandy Springs-Alpharetta, GA",Barrow County,370086.6459416176,-2,2134.633333333333,NA,25615.6,0.577,14.4,6.92,4.5,Strong Buy,793,11.85,96294,14.63,29.79,4.88,6.41,20.54,2026-06-30,2026-06-30
Granby,CT,"Hartford-East Hartford-Middletown, CT",Hartford County,501827.62446137803,6.14,2894.75,NA,34737,0.577,14.4,6.92,4.5,Strong Buy,NA,NA,NA,NA,NA,NA,NA,NA,2026-06-30,2026-06-30
Moyock,NC,"Virginia Beach-Norfolk-Newport News, VA-NC",Currituck County,502180.0125579101,1.95,2899.166666666667,NA,34790,0.577,14.4,6.93,4.5,Strong Buy,NA,NA,NA,NA,NA,NA,NA,NA,2026-06-30,2026-06-30
Mound,MN,"Minneapolis-St. Paul-Bloomington, MN-WI",Hennepin County,389402.9821206786,1.54,2248.722222222222,NA,26984.666666666664,0.577,14.4,6.93,4.5,Strong Buy,9031,-3.61,1273334,-0.65,4.24,5.29,5.38,37.05,2026-06-30,2026-06-30
Midway Park,NC,"Jacksonville, NC",Onslow County,254397.4413603157,2.17,1468.75,0.95,17625,0.577,14.4,6.93,4.5,Strong Buy,NA,NA,212954,3.82,-2.31,15.6,7.82,39.04,2026-06-30,2026-06-30
Calabash,NC,"Myrtle Beach-Conway-North Myrtle Beach, SC-NC",Brunswick County,354860.1063120109,1.79,2049.3928571428573,NA,24592.71428571429,0.578,14.4,6.93,4.5,Strong Buy,NA,NA,NA,NA,NA,NA,NA,NA,2026-06-30,2026-06-30
North Kansas City,MO,"Kansas City, MO-KS",Clay County,262670.3591535142,2.8,1516.8675213675217,0.24,18202.41025641026,0.577,14.4,6.93,4.5,Strong Buy,5630,23.25,263370,3.63,8.53,5.32,4.67,31.12,2026-06-30,2026-06-30
San Jacinto,CA,"Riverside-San Bernardino-Ontario, CA",Riverside County,484772.2317009107,0.01,2793.0444444444443,1.74,33516.53333333333,0.576,14.5,6.91,4.49,Strong Buy,55515,2.43,2529933,4.34,7.33,11.37,4.89,31.14,2026-06-30,2026-06-30
Lake City,FL,"Lake City, FL",Columbia County,267845.9927821467,0.51,1540.277777777778,3.46,18483.333333333336,0.575,14.5,6.9,4.49,Strong Buy,12783,3.55,73977,6.05,12.41,11.13,4.03,29.12,2026-06-30,2026-06-30
Alvin,TX,"Houston-The Woodlands-Sugar Land, TX",Brazoria County,297010.1064955835,-0.56,1710.428571428571,1.22,20525.142857142855,0.576,14.5,6.91,4.49,Strong Buy,29869,10.04,413224,10.63,23.74,10.51,11.33,26,2026-06-30,2026-06-30
Haltom City,TX,"Dallas-Fort Worth-Arlington, TX",Tarrant County,246105.5003005245,-4.41,1417.0888888888887,4.24,17005.066666666666,0.576,14.5,6.91,4.49,Strong Buy,45786,-0.47,2230708,5.41,8.74,7.08,7.73,40.64,2026-06-30,2026-06-30
Mableton,GA,"Atlanta-Sandy Springs-Alpharetta, GA",Cobb County,354344.24041604757,-3.17,2039.733785822021,-0.57,24476.805429864253,0.576,14.5,6.91,4.49,Strong Buy,78314,1.56,787538,2.76,2.77,5.82,5.06,33.01,2026-06-30,2026-06-30
Zebulon,NC,"Raleigh-Cary, NC",Wake County,345337.27992287365,-0.7,1988.9695767195765,0.64,23867.63492063492,0.576,14.5,6.91,4.49,Strong Buy,10505,49.2,1232444,9,18.32,7.54,9.49,35.57,2026-06-30,2026-06-30
Zachary,LA,"Baton Rouge, LA",East Baton Rouge Parish,270590.77685272135,0.3,1556.5,NA,18678,0.575,14.5,6.9,4.49,Strong Buy,20370,4.54,453022,-0.63,2.16,14.65,10.96,40.94,2026-06-30,2026-06-30
Marion,IL,"Carbondale-Marion, IL",Williamson County,185959.8887137356,1.66,1070.5555555555557,9.9,12846.666666666668,0.576,14.5,6.91,4.49,Strong Buy,NA,NA,NA,NA,NA,NA,NA,NA,2026-06-30,2026-06-30
Steubenville,OH,"Weirton-Steubenville, WV-OH",Jefferson County,132916.9937229712,5.17,765.2222222222222,NA,9182.666666666666,0.576,14.5,6.91,4.49,Strong Buy,NA,NA,NA,NA,NA,NA,NA,NA,2026-06-30,2026-06-30
Highland,IN,"Chicago-Naperville-Elgin, IL-IN-WI",Lake County,270590.49527499796,2.05,1556.8313492063492,5.81,18681.97619047619,0.575,14.5,6.9,4.49,Strong Buy,23497,-1.94,502955,0.8,4.19,10.57,4.92,29.14,2026-06-30,2026-06-30
Bristol,PA,"Philadelphia-Camden-Wilmington, PA-NJ-DE-MD",Bucks County,348793.4954517463,1.85,2006,NA,24072,0.575,14.5,6.9,4.49,Strong Buy,NA,NA,NA,NA,NA,NA,NA,NA,2026-06-30,2026-06-30
Alexander,AR,"Little Rock-North Little Rock-Conway, AR",Saline County,282020.81180021324,3.3,1622.5,NA,19470,0.575,14.5,6.9,4.49,Strong Buy,NA,NA,NA,NA,NA,NA,NA,NA,2026-06-30,2026-06-30
Abita Springs,LA,"New Orleans-Metairie, LA",Saint Tammany Parish,290862.61372546636,-0.27,1675,NA,20100,0.576,14.5,6.91,4.49,Strong Buy,NA,NA,NA,NA,NA,NA,NA,NA,2026-06-30,2026-06-30
Gun Barrel City,TX,"Athens, TX",Henderson County,255946.05618931857,-3,1471.75,NA,17661,0.575,14.5,6.9,4.49,Strong Buy,NA,NA,NA,NA,NA,NA,NA,NA,2026-06-30,2026-06-30
Winston-Salem,NC,"Winston-Salem, NC",Forsyth County,267667.80370687525,0.58,1536.8658849164428,2.44,18442.390618997313,0.574,14.5,6.89,4.48,Strong Buy,255769,2.62,398143,4.05,9.43,10.09,8.4,37.31,2026-06-30,2026-06-30
Fort Myers,FL,"Cape Coral-Fort Myers, FL",Lee County,309561.85234829824,-7.32,1779.1966927124104,-1.62,21350.360312548924,0.575,14.5,6.9,4.48,Strong Buy,99918,14.47,860959,12.46,20.97,25.72,10.08,26.02,2026-06-30,2026-06-30
The Villages,FL,"The Villages, FL",Sumter County,392944.71738113766,-1.78,2256.4090909090905,2.03,27076.90909090909,0.574,14.5,6.89,4.48,Strong Buy,NA,NA,154693,18.72,29.98,16.71,16.47,11.9,2026-06-30,2026-06-30
Monroe,NY,"Poughkeepsie-Newburgh-Middletown, NY",Orange County,531457.7844177937,0.57,3054.1666666666665,4.29,36650,0.575,14.5,6.9,4.48,Strong Buy,9502,0.13,411767,2.69,1.95,7.51,3.61,31.57,2026-06-30,2026-06-30
Hammond,LA,"Hammond, LA",Tangipahoa Parish,225539.64197822203,0.32,1294.727207977208,5.04,15536.726495726496,0.574,14.5,6.89,4.48,Strong Buy,23426,18.87,139823,4.63,10.29,14.44,8.3,28.48,2026-06-30,2026-06-30
Englewood,FL,"North Port-Sarasota-Bradenton, FL",Sarasota County,325236.1178263686,-8.46,1867.4318181818185,1.52,22409.181818181823,0.574,14.5,6.89,4.48,Strong Buy,NA,NA,476604,9.25,17.16,21.04,7.8,23.66,2026-06-30,2026-06-30
Agawam,MA,"Springfield, MA",Hampden County,377590.17317462055,4.62,2166.5,NA,25998,0.574,14.5,6.89,4.48,Strong Buy,NA,NA,NA,NA,NA,NA,NA,NA,2026-06-30,2026-06-30
South Elgin,IL,"Chicago-Naperville-Elgin, IL-IN-WI",Kane County,381189.8685091272,4.19,2191.6666666666665,NA,26300,0.575,14.5,6.9,4.48,Strong Buy,NA,NA,NA,NA,NA,NA,NA,NA,2026-06-30,2026-06-30
Twinsburg,OH,"Akron, OH",Summit County,364840.8757977479,2.15,2097.5,NA,25170,0.575,14.5,6.9,4.48,Strong Buy,NA,NA,NA,NA,NA,NA,NA,NA,2026-06-30,2026-06-30
Whitehouse,TX,"Tyler, TX",Smith County,290533.20680893393,-0.52,1663.1944444444443,5.73,19958.333333333332,0.572,14.6,6.87,4.47,Strong Buy,9781,17.57,249091,6.36,10,17.21,17.96,30.69,2026-06-30,2026-06-30
Barboursville,WV,"Huntington-Ashland, WV-KY-OH",Cabell County,215956.26368654423,4.91,1236.25,NA,14835,0.572,14.6,6.87,4.47,Strong Buy,NA,NA,NA,NA,NA,NA,NA,NA,2026-06-30,2026-06-30
Katy,TX,"Houston-The Woodlands-Sugar Land, TX",Harris County,338057.5754831477,-3.48,1934.6020125216537,-1.55,23215.224150259844,0.572,14.6,6.87,4.46,Strong Buy,27741,23.74,5009302,5.78,13.97,8.3,8.76,45.24,2026-06-30,2026-06-30
Bridgeport,CT,"Bridgeport-Stamford-Norwalk, CT",Fairfield County,368275.7705204515,4.68,2104.8984615923746,2.88,25258.781539108495,0.572,14.6,6.86,4.46,Strong Buy,151599,2.63,NA,NA,NA,NA,NA,NA,2026-06-30,2026-06-30
Temple,TX,"Killeen-Temple, TX",Bell County,249750.4108925061,-2.8,1428.346846846847,-0.41,17140.162162162163,0.572,14.6,6.86,4.46,Strong Buy,96267,16.27,399578,7.3,5.6,8.76,5.74,43.84,2026-06-30,2026-06-30
West Monroe,LA,"Monroe, LA",Ouachita Parish,201856.6812108551,0.84,1154.3472222222224,9.56,13852.166666666668,0.572,14.6,6.86,4.46,Strong Buy,12476,-4.41,157874,-1.4,0.32,13.96,9.76,40.5,2026-06-30,2026-06-30
Sewell,NJ,"Philadelphia-Camden-Wilmington, PA-NJ-DE-MD",Gloucester County,446726.296807078,4.65,2554.3333333333335,NA,30652,0.572,14.6,6.86,4.46,Strong Buy,NA,NA,311783,3.04,8.48,4.88,3.06,20.57,2026-06-30,2026-06-30
Cabot,AR,"Little Rock-North Little Rock-Conway, AR",Lonoke County,250402.52104410957,3.57,1431.6190476190477,0.5,17179.428571428572,0.572,14.6,6.86,4.46,Strong Buy,27575,3.8,76389,3.13,5.01,8.99,5.51,25.58,2026-06-30,2026-06-30
Windsor,CT,"Hartford-East Hartford-Middletown, CT",Hartford County,376765.87905204133,3.15,2154.4777777777776,NA,25853.73333333333,0.572,14.6,6.86,4.46,Strong Buy,NA,NA,NA,NA,NA,NA,NA,NA,2026-06-30,2026-06-30
Sebastian,FL,"Sebastian-Vero Beach, FL",Indian River County,348426.44552675163,-1.21,1993.888888888889,10.95,23926.666666666668,0.572,14.6,6.87,4.46,Strong Buy,27087,7.81,172139,7.28,17.28,19.27,12.3,20.67,2026-06-30,2026-06-30
Carencro,LA,"Lafayette, LA",Lafayette Parish,222516.7487225548,2.65,1272.5,NA,15270,0.572,14.6,6.86,4.46,Strong Buy,NA,NA,NA,NA,NA,NA,NA,NA,2026-06-30,2026-06-30
Hopatcong,NJ,"New York-Newark-Jersey City, NY-NJ-PA",Sussex County,460511.3631085944,4.23,2633.3333333333335,NA,31600,0.572,14.6,6.86,4.46,Strong Buy,NA,NA,NA,NA,NA,NA,NA,NA,2026-06-30,2026-06-30
Newcastle,OK,"Oklahoma City, OK",McClain County,293440.1034195463,-1.16,1676.1666666666667,3.54,20114,0.571,14.6,6.85,4.46,Strong Buy,14677,31.4,48434,15.57,28.18,6.42,4.25,21.51,2026-06-30,2026-06-30
Tulsa,OK,"Tulsa, OK",Tulsa County,222868.0823787487,2.92,1272.1598459725144,3.07,15265.918151670172,0.571,14.6,6.85,4.45,Strong Buy,415154,0.36,693514,3.4,7.29,9.07,6.06,40.26,2026-06-30,2026-06-30
Clearwater,FL,"Tampa-St. Petersburg-Clearwater, FL",Pinellas County,344141.7485050796,-2.96,1961.6378651082125,-2.47,23539.65438129855,0.57,14.6,6.84,4.45,Strong Buy,116811,-0.45,965870,0.63,3.8,18.32,8.78,30.56,2026-06-30,2026-06-30
Kenosha,WI,"Chicago-Naperville-Elgin, IL-IN-WI",Kenosha County,286641.6783478639,6.68,1636.7049824760825,4.25,19640.45978971299,0.571,14.6,6.85,4.45,Strong Buy,99578,-0.39,168754,-0.26,4.28,7.22,4.17,32.36,2026-06-30,2026-06-30
Midland,MI,"Midland, MI",Midland County,260028.8829705729,8.16,1483,2.39,17796,0.57,14.6,6.84,4.45,Strong Buy,42780,0.31,84022,0.63,0.74,6.59,1.93,21.76,2026-06-30,2026-06-30
Pickerington,OH,"Columbus, OH",Fairfield County,427947.65625955554,0.72,2441.961111111111,2.21,29303.533333333333,0.571,14.6,6.85,4.45,Strong Buy,25814,11.08,167762,5.2,12.34,5.39,5.3,25.78,2026-06-30,2026-06-30
Lawrence Township,NJ,"Trenton-Princeton, NJ",Mercer County,471680.3894636187,0.4,2691.3703703703704,1.78,32296.444444444445,0.571,14.6,6.85,4.45,Strong Buy,NA,NA,392138,1.46,11.79,6.07,3.03,38.11,2026-06-30,2026-06-30
Bloomingdale,IL,"Chicago-Naperville-Elgin, IL-IN-WI",DuPage County,444883.3006795964,4.43,2538,NA,30456,0.57,14.6,6.85,4.45,Strong Buy,22622,1.2,937142,0.6,5.3,4.53,5.6,26.87,2026-06-30,2026-06-30
Shepherdsville,KY,"Louisville/Jefferson County, KY-IN",Bullitt County,289743.1044704851,1.06,1652.0833333333337,NA,19825.000000000004,0.57,14.6,6.84,4.45,Strong Buy,NA,NA,NA,NA,NA,NA,NA,NA,2026-06-30,2026-06-30
Lowell,AR,"Fayetteville-Springdale-Rogers, AR",Benton County,359402.0418248894,-0.01,2048.75,NA,24585,0.57,14.6,6.84,4.45,Strong Buy,11568,16.3,321566,12.19,23.43,9.14,4.86,32.8,2026-06-30,2026-06-30
Great Mills,MD,"California-Lexington Park, MD",Saint Marys County,379483.25187719864,1.81,2165.1388888888887,NA,25981.666666666664,0.571,14.6,6.85,4.45,Strong Buy,NA,NA,NA,NA,NA,NA,NA,NA,2026-06-30,2026-06-30
Buffalo,NY,"Buffalo-Cheektowaga, NY",Erie County,251203.1149405616,3.47,1430.2797427476737,2.79,17163.356912972085,0.569,14.6,6.83,4.44,Strong Buy,276617,-0.34,950602,-0.18,2.9,7.11,3.75,34.55,2026-06-30,2026-06-30
Kissimmee,FL,"Orlando-Kissimmee-Sanford, FL",Osceola County,359462.3102164271,-4.08,2045.9797374371965,2.26,24551.756849246358,0.569,14.6,6.83,4.44,Strong Buy,84756,7.04,468058,19.66,40.25,19.99,6.97,33.77,2026-06-30,2026-06-30
Newark,DE,"Philadelphia-Camden-Wilmington, PA-NJ-DE-MD",New Castle County,371501.5706816495,1.72,2112.996850998464,3.75,25355.96221198157,0.569,14.7,6.83,4.44,Strong Buy,30506,-0.3,588093,3,8.7,5.15,4.98,31.49,2026-06-30,2026-06-30
Harlingen,TX,"Brownsville-Harlingen, TX",Cameron County,199140.78395225367,-1.81,1134.754761904762,0.59,13617.057142857146,0.57,14.6,6.84,4.44,Strong Buy,72234,0.26,431874,2.44,0.98,14.04,5.55,34.76,2026-06-30,2026-06-30
Ormond Beach,FL,"Deltona-Daytona Beach-Ormond Beach, FL",Volusia County,365607.5987039182,-2.85,2082.6578111946533,3.51,24991.89373433584,0.57,14.6,6.84,4.44,Strong Buy,44596,3.42,602772,8.46,21.72,14.56,6.51,27.2,2026-06-30,2026-06-30
Dacula,GA,"Atlanta-Sandy Springs-Alpharetta, GA",Gwinnett County,449159.93641400087,-3.4,2558.0439814814813,2.34,30696.527777777774,0.57,14.6,6.83,4.44,Strong Buy,8018,16.07,1003869,4.75,5.96,3.94,4.99,33.31,2026-06-30,2026-06-30
Reynoldsburg,OH,"Columbus, OH",Franklin County,303130.21968581114,1.08,1725.8708333333334,0.97,20710.45,0.569,14.6,6.83,4.44,Strong Buy,42897,4.46,1356303,2.4,7.58,6.96,3.98,47.03,2026-06-30,2026-06-30
Michigan City,IN,"Michigan City-La Porte, IN",La Porte County,195739.6743904683,4.17,1114.4190476190477,6.75,13373.028571428571,0.569,14.6,6.83,4.44,Strong Buy,31466,-1.73,NA,NA,NA,NA,NA,NA,2026-06-30,2026-06-30
Romulus,MI,"Detroit-Warren-Dearborn, MI",Wayne County,209775.07315224016,2.55,1194.75,27.63,14337,0.57,14.6,6.83,4.44,Strong Buy,24652,-1.78,1771063,-1.04,3.75,12.9,4.58,35.52,2026-06-30,2026-06-30
Parma Heights,OH,"Cleveland-Elyria, OH",Cuyahoga County,224175.32892407512,5.27,1276.420634920635,3.28,15317.047619047618,0.569,14.6,6.83,4.44,Strong Buy,20524,-1.37,1240594,-1.75,1.72,9.97,5.22,40.95,2026-06-30,2026-06-30
Midlothian,IL,"Chicago-Naperville-Elgin, IL-IN-WI",Cook County,241326.4318703335,3.55,1375,NA,16500,0.57,14.6,6.84,4.44,Strong Buy,NA,NA,NA,NA,NA,NA,NA,NA,2026-06-30,2026-06-30
Osceola,IA,NA,Clarke County,196301.88279644432,2.88,1116.25,NA,13395,0.569,14.7,6.82,4.44,Strong Buy,NA,NA,NA,NA,NA,NA,NA,NA,2026-06-30,2026-06-30
Vass,NC,"Pinehurst-Southern Pines, NC",Moore County,374375.36389798555,1.64,2133.3333333333335,NA,25600,0.57,14.6,6.84,4.44,Strong Buy,1035,7.92,108417,8.1,14.51,13.37,3.35,23.67,2026-06-30,2026-06-30
Tuckerton,NJ,"New York-Newark-Jersey City, NY-NJ-PA",Ocean County,427528.001761591,4.34,2433.722222222222,NA,29204.666666666664,0.569,14.6,6.83,4.44,Strong Buy,NA,NA,NA,NA,NA,NA,NA,NA,2026-06-30,2026-06-30
Killeen,TX,"Killeen-Temple, TX",Bell County,220742.25226568073,-1.03,1253.851766160367,-1.74,15046.221193924404,0.568,14.7,6.82,4.43,Strong Buy,160616,4.46,399578,7.3,5.6,8.76,5.74,43.84,2026-06-30,2026-06-30
Powder Springs,GA,"Atlanta-Sandy Springs-Alpharetta, GA",Cobb County,369159.22414954513,-2.28,2095.434692870283,3.13,25145.216314443394,0.568,14.7,6.81,4.43,Strong Buy,19632,16.07,787538,2.76,2.77,5.82,5.06,33.01,2026-06-30,2026-06-30
Florence,AL,"Florence-Muscle Shoals, AL",Lauderdale County,216120.59590898125,2.02,1228.4015984015984,2.9,14740.81918081918,0.568,14.7,6.82,4.43,Strong Buy,42716,5.25,97502,3.69,8.92,13.45,5.94,32.17,2026-06-30,2026-06-30
Salina,KS,"Salina, KS",Saline County,180810.31442736727,4.41,1025.8777777777775,4.82,12310.53333333333,0.567,14.7,6.81,4.43,Strong Buy,46109,-1.56,53459,-1.45,2.81,7.65,2.66,33.21,2026-06-30,2026-06-30
Stow,OH,"Akron, OH",Summit County,295757.6030353802,3.34,1679.362962962963,11.79,20152.355555555554,0.568,14.7,6.81,4.43,Strong Buy,34101,-1.04,538370,-0.27,4.33,7.17,3.55,32.71,2026-06-30,2026-06-30
North Haven,CT,"New Haven-Milford, CT",New Haven County,483737.50190113415,5.26,2747.0833333333335,NA,32965,0.568,14.7,6.81,4.43,Strong Buy,NA,NA,NA,NA,NA,NA,NA,NA,2026-06-30,2026-06-30
Buckhannon,WV,NA,Upshur County,162912.05914023306,4.17,924.5,NA,11094,0.567,14.7,6.81,4.43,Strong Buy,NA,NA,NA,NA,NA,NA,NA,NA,2026-06-30,2026-06-30
New Kensington,PA,"Pittsburgh, PA",Westmoreland County,177905.54644543337,-0.4,1010.5555555555557,NA,12126.666666666668,0.568,14.7,6.82,4.43,Strong Buy,11877,-2.24,350935,-0.96,3.65,8.33,4.09,21.75,2026-06-30,2026-06-30
Orting,WA,"Seattle-Tacoma-Bellevue, WA",Pierce County,561390.8266891998,-1.03,3186.25,NA,38235,0.568,14.7,6.81,4.43,Strong Buy,NA,NA,NA,NA,NA,NA,NA,NA,2026-06-30,2026-06-30
Rossville,MD,"Baltimore-Columbia-Towson, MD",Baltimore County,303183.50001593906,-0.79,1721.3304473304472,3.93,20655.965367965367,0.568,14.7,6.81,4.43,Strong Buy,NA,NA,852425,-0.11,3.96,5.75,5.61,33.67,2026-06-30,2026-06-30
Edgewater,NJ,"New York-Newark-Jersey City, NY-NJ-PA",Bergen County,709731.5714543859,5.18,4035.255952380952,4.67,48423.07142857142,0.569,14.7,6.82,4.43,Strong Buy,15116,4.32,978641,2.61,10.38,4.13,3.53,34.64,2026-06-30,2026-06-30
Tell City,IN,NA,Perry County,187564.48371470047,0.88,1065,NA,12780,0.568,14.7,6.81,4.43,Strong Buy,NA,NA,NA,NA,NA,NA,NA,NA,2026-06-30,2026-06-30
McCordsville,IN,"Indianapolis-Carmel-Anderson, IN",Hancock County,383606.3627497261,0.38,2180.1107142857145,2.17,26161.328571428574,0.568,14.7,6.82,4.43,Strong Buy,11744,32.13,88810,10.76,28.66,3.45,4.86,20.41,2026-06-30,2026-06-30
Tequesta,FL,"Miami-Fort Lauderdale-Pompano Beach, FL",Palm Beach County,650735.3253996834,-1.48,3698.277777777778,NA,44379.333333333336,0.568,14.7,6.82,4.43,Strong Buy,6285,2.06,1582055,5.87,15.98,16.36,6.94,30.14,2026-06-30,2026-06-30
Richland Hills,TX,"Dallas-Fort Worth-Arlington, TX",Tarrant County,290401.010528788,0.8,1650,NA,19800,0.568,14.7,6.82,4.43,Strong Buy,NA,NA,NA,NA,NA,NA,NA,NA,2026-06-30,2026-06-30
Ingleside,TX,"Corpus Christi, TX",San Patricio County,219651.199276831,1.44,1246.75,1.6,14961,0.568,14.7,6.81,4.43,Strong Buy,10155,5.53,71467,3.8,8.27,18.22,5.94,33.65,2026-06-30,2026-06-30
Cape Coral,FL,"Cape Coral-Fort Myers, FL",Lee County,337345.62307690334,-5.97,1911.7110891275672,-1.85,22940.533069530808,0.567,14.7,6.8,4.42,Strong Buy,233025,19.23,860959,12.46,20.97,25.72,10.08,26.02,2026-06-30,2026-06-30
Conway,AR,"Little Rock-North Little Rock-Conway, AR",Faulkner County,252299.99815357252,1.78,1430.9099650349651,2.54,17170.91958041958,0.567,14.7,6.81,4.42,Strong Buy,70711,9.86,131611,6.29,10.35,7.56,4.49,38.42,2026-06-30,2026-06-30
Miami Beach,FL,"Miami-Fort Lauderdale-Pompano Beach, FL",Miami-Dade County,524996.7337282045,-2.05,2977.542825567503,2.93,35730.51390681003,0.567,14.7,6.81,4.42,Strong Buy,83251,0.94,2838461,5.29,19.88,11.11,5.36,47.81,2026-06-30,2026-06-30
Little Elm,TX,"Dallas-Fort Worth-Arlington, TX",Denton County,402876.32370304054,-6.83,2282.433747245068,0.28,27389.204966940815,0.567,14.7,6.8,4.42,Strong Buy,61219,29.67,1045120,14.28,23.72,4.75,5.09,34.63,2026-06-30,2026-06-30
Oswego,IL,"Chicago-Naperville-Elgin, IL-IN-WI",Kendall County,425869.93221219425,2.76,2415.320112893642,3.86,28983.841354723707,0.567,14.7,6.81,4.42,Strong Buy,38778,11.61,143171,8.18,15.09,2.73,2.44,15.82,2026-06-30,2026-06-30
Gaffney,SC,"Gaffney, SC",Cherokee County,189721.2294192908,-4.14,1074.388888888889,5.59,12892.666666666668,0.566,14.7,6.8,4.42,Strong Buy,12546,-1.51,57770,2.75,16.89,12.35,4.96,26.71,2026-06-30,2026-06-30
East Haven,CT,"New Haven-Milford, CT",New Haven County,367428.8861878594,3.11,2083.888888888889,5.2,25006.66666666667,0.567,14.7,6.81,4.42,Strong Buy,NA,NA,NA,NA,NA,NA,NA,NA,2026-06-30,2026-06-30
Dahlonega,GA,NA,Lumpkin County,392172.81962956296,0.79,2219.8611111111113,NA,26638.333333333336,0.566,14.7,6.79,4.42,Strong Buy,7830,4.04,36016,7.08,22.32,14.64,11.51,21.63,2026-06-30,2026-06-30
Coldwater,MI,"Coldwater, MI",Branch County,221256.93163415903,8.61,1252.5,NA,15030,0.566,14.7,6.79,4.42,Strong Buy,NA,NA,NA,NA,NA,NA,NA,NA,2026-06-30,2026-06-30
Twentynine Palms,CA,"Riverside-San Bernardino-Ontario, CA",San Bernardino County,252184.21765746945,-2.53,1427.5077030812324,2.78,17130.092436974788,0.566,14.7,6.79,4.42,Strong Buy,26563,-5.33,2214281,1.41,1.68,9.55,3.22,38.46,2026-06-30,2026-06-30
Mayfield Heights,OH,"Cleveland-Elyria, OH",Cuyahoga County,238817.0724171236,2.75,1354.7777777777776,4.45,16257.333333333332,0.567,14.7,6.81,4.42,Strong Buy,19886,-2.1,1240594,-1.75,1.72,9.97,5.22,40.95,2026-06-30,2026-06-30
Wolfforth,TX,"Lubbock, TX",Lubbock County,268182.82804387907,1.5,1518.75,NA,18225,0.566,14.7,6.8,4.42,Strong Buy,7982,42.38,327394,5.07,11.74,9.1,7.87,44.7,2026-06-30,2026-06-30
Barboursville,VA,"Charlottesville, VA",Albemarle County,434520.6862468804,2.04,2462.5,NA,29550,0.567,14.7,6.8,4.42,Strong Buy,NA,NA,NA,NA,NA,NA,NA,NA,2026-06-30,2026-06-30
Mentor,OH,"Cleveland-Elyria, OH",Lake County,280580.4067432974,3.74,1587.7407407407409,7.81,19052.88888888889,0.566,14.7,6.79,4.41,Strong Buy,47113,-0.66,232360,-0.07,4.74,5.25,2.87,24.93,2026-06-30,2026-06-30
El Mirage,AZ,"Phoenix-Mesa-Chandler, AZ",Maricopa County,341721.0897603678,-2.03,1930.9931623931625,2.02,23171.91794871795,0.565,14.7,6.78,4.41,Strong Buy,36468,1.43,4673096,5.12,9.38,8.29,5.4,34.99,2026-06-30,2026-06-30
Inman,SC,"Spartanburg, SC",Spartanburg County,308195.2935321946,2.53,1743.75,4.4,20925,0.566,14.7,6.79,4.41,Strong Buy,3354,11.8,369256,12.1,27.18,8.85,6.12,27.07,2026-06-30,2026-06-30
Wadsworth,OH,"Cleveland-Elyria, OH",Medina County,323657.21409704635,4.53,1829.4666666666665,NA,21953.6,0.565,14.7,6.78,4.41,Strong Buy,24753,2.84,184625,1.09,3.28,4.23,3.93,19.98,2026-06-30,2026-06-30
Powell,TN,"Knoxville, TN",Knox County,366752.6431133155,2.19,2075.0587301587298,NA,24900.70476190476,0.566,14.7,6.79,4.41,Strong Buy,NA,NA,506748,5.46,9.51,8.07,5.28,35.05,2026-06-30,2026-06-30
Clifton Heights,PA,"Philadelphia-Camden-Wilmington, PA-NJ-DE-MD",Delaware County,266812.0948910875,1.2,1507.1333333333332,3,18085.6,0.565,14.8,6.78,4.41,Strong Buy,6880,0.54,584882,1.45,5.58,5.55,4.21,30.36,2026-06-30,2026-06-30
Peru,IL,"Ottawa, IL",La Salle County,180371.2762390508,7.01,1020,NA,12240,0.566,14.7,6.79,4.41,Strong Buy,NA,NA,NA,NA,NA,NA,NA,NA,2026-06-30,2026-06-30
Port Saint Joe,FL,"Panama City, FL",Gulf County,477634.8170358315,-4.47,2700,NA,32400,0.565,14.7,6.78,4.41,Strong Buy,NA,NA,NA,NA,NA,NA,NA,NA,2026-06-30,2026-06-30
Greenville,NC,"Greenville, NC",Pitt County,238644.16943753124,1.31,1346.091796008869,4.49,16153.10155210643,0.564,14.8,6.77,4.4,Strong Buy,95138,4.6,180783,4.11,7.69,10.11,4.16,49.07,2026-06-30,2026-06-30
Saint Joseph,MO,"St. Joseph, MO-KS",Buchanan County,187163.1581802054,7.12,1056.1342592592594,3.55,12673.611111111113,0.564,14.8,6.77,4.4,Strong Buy,NA,NA,83574,-1.06,4.88,13.06,6.57,35.1,2026-06-30,2026-06-30
Wheeling,WV,"Wheeling, WV-OH",Ohio County,155477.0581052314,4.64,877.8055555555555,3.88,10533.666666666666,0.565,14.8,6.78,4.4,Strong Buy,26060,-3.17,41090,-2.88,2.73,14.39,6.05,32.63,2026-06-30,2026-06-30
Parkville,MD,"Baltimore-Columbia-Towson, MD",Baltimore County,287866.420510097,-0.63,1623.6565656565656,5.01,19483.878787878788,0.564,14.8,6.77,4.4,Strong Buy,NA,NA,852425,-0.11,3.96,5.75,5.61,33.67,2026-06-30,2026-06-30
Haslet,TX,"Dallas-Fort Worth-Arlington, TX",Tarrant County,390011.0667785248,-3.06,2198.025566051882,-0.02,26376.306792622585,0.564,14.8,6.76,4.4,Strong Buy,4743,136.68,2230708,5.41,8.74,7.08,7.73,40.64,2026-06-30,2026-06-30
Siler City,NC,"Durham-Chapel Hill, NC",Chatham County,265634.55762096297,2.4,1500,NA,18000,0.565,14.8,6.78,4.4,Strong Buy,NA,NA,NA,NA,NA,NA,NA,NA,2026-06-30,2026-06-30
Bay Village,OH,"Cleveland-Elyria, OH",Cuyahoga County,432141.63977324264,4.85,2436.25,NA,29235,0.564,14.8,6.77,4.4,Strong Buy,NA,NA,NA,NA,NA,NA,NA,NA,2026-06-30,2026-06-30
Des Plaines,IL,"Chicago-Naperville-Elgin, IL-IN-WI",Cook County,360826.2461932127,6.14,2030.7826706304968,5.53,24369.39204756596,0.563,14.8,6.75,4.39,Strong Buy,58832,-2.69,5182617,-1.6,5.9,8.18,4.67,42.49,2026-06-30,2026-06-30
Wesley Chapel,FL,"Tampa-St. Petersburg-Clearwater, FL",Pasco County,402222.231530336,-3.58,2261.6848890570577,0.68,27140.21866868469,0.562,14.8,6.75,4.39,Strong Buy,NA,NA,659114,16.41,37.43,13.3,5.54,24.5,2026-06-30,2026-06-30
North Miami Beach,FL,"Miami-Fort Lauderdale-Pompano Beach, FL",Miami-Dade County,455813.1823623739,-0.46,2567.3612260536397,1.89,30808.33471264368,0.563,14.8,6.76,4.39,Strong Buy,45655,5.07,2838461,5.29,19.88,11.11,5.36,47.81,2026-06-30,2026-06-30
Cooper City,FL,"Miami-Fort Lauderdale-Pompano Beach, FL",Broward County,671171.6837849423,-1.76,3773.6530303030304,2.49,45283.836363636365,0.562,14.8,6.75,4.39,Strong Buy,35541,3.52,2037472,4.84,14.84,13.18,6.08,36.74,2026-06-30,2026-06-30
Lake in the Hills,IL,"Chicago-Naperville-Elgin, IL-IN-WI",McHenry County,384008.27008805744,3.51,2160.361111111111,3.58,25924.33333333333,0.563,14.8,6.75,4.39,Strong Buy,28706,-0.76,315959,1.93,5.95,3.55,3.04,17.42,2026-06-30,2026-06-30
Albemarle,NC,"Albemarle, NC",Stanly County,266594.4069624814,1.01,1501.4583333333337,NA,18017.500000000004,0.563,14.8,6.76,4.39,Strong Buy,NA,NA,NA,NA,NA,NA,NA,NA,2026-06-30,2026-06-30
Anna,TX,"Dallas-Fort Worth-Arlington, TX",Collin County,345029.12197082705,-7.35,1942.0174649723035,-0.44,23304.209579667644,0.563,14.8,6.75,4.39,Strong Buy,31986,82.24,1254658,16.64,31.61,5.16,6.55,35.92,2026-06-30,2026-06-30
Otsego,MN,"Minneapolis-St. Paul-Bloomington, MN-WI",Wright County,429573.57489450136,-0.26,2415.6666666666665,NA,28988,0.562,14.8,6.75,4.39,Strong Buy,23875,18.33,154593,8.96,15.08,6.05,2.93,15.74,2026-06-30,2026-06-30
Edgewood,NM,"Santa Fe, NM",Santa Fe County,390517.2345168554,3.4,2200,NA,26400,0.563,14.8,6.76,4.39,Strong Buy,NA,NA,NA,NA,NA,NA,NA,NA,2026-06-30,2026-06-30
Bunnell,FL,"Deltona-Daytona Beach-Ormond Beach, FL",Flagler County,297737.84073786077,-2.46,1676.642857142857,3.91,20119.714285714286,0.563,14.8,6.76,4.39,Strong Buy,4120,23.98,136744,17.85,41.48,14.05,5.46,18.48,2026-06-30,2026-06-30
Milliken,CO,"Greeley, CO",Weld County,453063.862783279,-1.41,2550,NA,30600,0.563,14.8,6.75,4.39,Strong Buy,NA,NA,NA,NA,NA,NA,NA,NA,2026-06-30,2026-06-30
Stratmoor,CO,"Colorado Springs, CO",El Paso County,330485.7798077208,-1.6,1861.25,4.81,22335,0.563,14.8,6.76,4.39,Strong Buy,NA,NA,752772,2.58,3.46,4.58,3.67,33.62,2026-06-30,2026-06-30
Kansas City,MO,"Kansas City, MO-KS",Jackson County,257355.7083237596,1.17,1443.7080007824727,3.89,17324.496009389673,0.561,14.9,6.73,4.38,Strong Buy,516032,1.56,727362,1.35,6.69,9.2,4.42,41.15,2026-06-30,2026-06-30
Olive Branch,MS,"Memphis, TN-MS-AR",DeSoto County,337376.08225356374,1.01,1896.412896825397,0.67,22756.954761904763,0.562,14.8,6.75,4.38,Strong Buy,47365,1.72,195871,5.23,10.71,6.4,13.83,22.2,2026-06-30,2026-06-30
Lagrange,GA,"LaGrange, GA-AL",Troup County,241497.1745771255,2.31,1356.3444444444442,3.91,16276.133333333331,0.562,14.8,6.74,4.38,Strong Buy,NA,NA,71513,3.12,5.89,10.37,3.89,42.07,2026-06-30,2026-06-30
West New York,NJ,"New York-Newark-Jersey City, NY-NJ-PA",Hudson County,469253.4976430996,4.99,2635.3257059725142,0.39,31623.90847167017,0.562,14.8,6.74,4.38,Strong Buy,52975,0.95,736185,1.98,14.43,6.78,4.46,68.82,2026-06-30,2026-06-30
Copperas Cove,TX,"Killeen-Temple, TX",Coryell County,228411.72743544637,-0.22,1284.0342832056194,-0.14,15408.411398467433,0.562,14.8,6.75,4.38,Strong Buy,39627,7.88,86370,3.9,4.84,10.56,1.81,40.64,2026-06-30,2026-06-30
Sylacauga,AL,"Alexander City, AL",Coosa County,169295.53209964742,1.17,950,NA,11400,0.561,14.9,6.73,4.38,Strong Buy,NA,NA,NA,NA,NA,NA,NA,NA,2026-06-30,2026-06-30
Oxford,AL,"Anniston-Oxford, AL",Calhoun County,198829.74538314223,1.45,1116.3333333333333,7.14,13396,0.561,14.8,6.74,4.38,Strong Buy,22088,0,116427,0.16,3.01,15.29,5.39,29.61,2026-06-30,2026-06-30
Gulfport,FL,"Tampa-St. Petersburg-Clearwater, FL",Pinellas County,357477.4055844622,-5.41,2006.4603174603176,2.1,24077.52380952381,0.561,14.8,6.74,4.38,Strong Buy,11645,-1.05,965870,0.63,3.8,18.32,8.78,30.56,2026-06-30,2026-06-30
Riverdale,NJ,"New York-Newark-Jersey City, NY-NJ-PA",Morris County,493657.97554549266,4.05,2774,NA,33288,0.562,14.8,6.74,4.38,Strong Buy,NA,NA,NA,NA,NA,NA,NA,NA,2026-06-30,2026-06-30
Mt Laurel Township,NJ,"Philadelphia-Camden-Wilmington, PA-NJ-DE-MD",Burlington County,408429.167786834,2.82,2289.9334946099652,2.24,27479.201935319583,0.561,14.9,6.73,4.37,Strong Buy,NA,NA,475515,2.99,9.35,5.16,3.54,24.27,2026-06-30,2026-06-30
Portage,IN,"Chicago-Naperville-Elgin, IL-IN-WI",Porter County,269828.9085092318,0.62,1512.236111111111,2.62,18146.833333333332,0.56,14.9,6.73,4.37,Strong Buy,38576,1.61,175860,1.45,4.29,5.62,4.57,22.79,2026-06-30,2026-06-30
Foley,AL,"Daphne-Fairhope-Foley, AL",Baldwin County,304716.194207378,-2.02,1707.062656641604,3.11,20484.751879699248,0.56,14.9,6.72,4.37,Strong Buy,28043,34.27,261608,12.16,29.22,26.36,33.41,22.46,2026-06-30,2026-06-30
Colonial Heights,VA,"Richmond, VA",Chesterfield County,301894.28278573987,1.38,1689.8333333333333,5.75,20278,0.56,14.9,6.72,4.37,Strong Buy,18674,2.8,389793,6.69,10.05,3.91,4.88,22.7,2026-06-30,2026-06-30
Lillington,NC,"Fayetteville, NC",Harnett County,293905.21371743054,1.53,1648.0277777777776,NA,19776.333333333332,0.561,14.9,6.73,4.37,Strong Buy,4848,0.77,146096,9.26,25.57,10.01,8.1,30.51,2026-06-30,2026-06-30
Alsip,IL,"Chicago-Naperville-Elgin, IL-IN-WI",Cook County,275918.5806800853,6.12,1544.4444444444443,7.8,18533.333333333332,0.56,14.9,6.72,4.37,Strong Buy,18486,-2.7,5182617,-1.6,5.9,8.18,4.67,42.49,2026-06-30,2026-06-30
Middleburg Heights,OH,"Cleveland-Elyria, OH",Cuyahoga County,284760.28193822765,4.89,1594.25,NA,19131,0.56,14.9,6.72,4.37,Strong Buy,NA,NA,NA,NA,NA,NA,NA,NA,2026-06-30,2026-06-30
Webb City,MO,"Joplin, MO",Jasper County,228985.30889638036,1.96,1283.3333333333333,1.95,15400,0.56,14.9,6.73,4.37,Strong Buy,13391,2.5,126479,2.92,9.05,10.01,2,36.78,2026-06-30,2026-06-30
Homestead,FL,"Miami-Fort Lauderdale-Pompano Beach, FL",Miami-Dade County,437065.629763918,-4.56,2443.9988708220412,-1.58,29327.986449864497,0.559,14.9,6.71,4.36,Strong Buy,85796,6.55,2838461,5.29,19.88,11.11,5.36,47.81,2026-06-30,2026-06-30
Palm Coast,FL,"Deltona-Daytona Beach-Ormond Beach, FL",Flagler County,344273.8601752918,-2.5,1925.3374603174605,1.5,23104.049523809525,0.559,14.9,6.71,4.36,Strong Buy,106729,18.96,136744,17.85,41.48,14.05,5.46,18.48,2026-06-30,2026-06-30
New Bern,NC,"New Bern, NC",Craven County,287388.82125560055,1.9,1605.1637426900586,3.45,19261.964912280702,0.559,14.9,6.7,4.36,Strong Buy,34218,9.19,104167,2.62,7.75,12.51,6.59,30.05,2026-06-30,2026-06-30
Crawfordville,FL,"Tallahassee, FL",Wakulla County,293486.2245241026,0.57,1641.6666666666667,2.24,19700,0.559,14.9,6.71,4.36,Strong Buy,NA,NA,NA,NA,NA,NA,NA,NA,2026-06-30,2026-06-30
New York Mills,NY,"Utica-Rome, NY",Oneida County,236963.9181499772,4.25,1325,NA,15900,0.559,14.9,6.71,4.36,Strong Buy,NA,NA,NA,NA,NA,NA,NA,NA,2026-06-30,2026-06-30
Wilmington,DE,"Philadelphia-Camden-Wilmington, PA-NJ-DE-MD",New Castle County,335576.9679983948,1.75,1872.43113869401,3.4,22469.173664328122,0.558,14.9,6.7,4.35,Strong Buy,73176,3.29,588093,3,8.7,5.15,4.98,31.49,2026-06-30,2026-06-30
Thibodaux,LA,"Houma-Thibodaux, LA",Lafourche Parish,231802.30086170757,0.36,1292.4738095238097,2.69,15509.685714285715,0.558,14.9,6.69,4.35,Strong Buy,15569,-2.06,95342,-2.16,1.05,9.15,8.29,21.69,2026-06-30,2026-06-30
Hobart,IN,"Chicago-Naperville-Elgin, IL-IN-WI",Lake County,246731.88703012856,0.8,1376.25,NA,16515,0.558,14.9,6.69,4.35,Strong Buy,29418,-1.01,502955,0.8,4.19,10.57,4.92,29.14,2026-06-30,2026-06-30
Kingsland,GA,"St. Marys, GA",Camden County,299931.1995361463,-0.07,1670.7878787878788,4.54,20049.454545454544,0.557,15,6.68,4.35,Moderate,20789,13.62,59099,7.59,13.86,9.35,6.6,36.22,2026-06-30,2026-06-30
Sharpsburg,GA,"Atlanta-Sandy Springs-Alpharetta, GA",Coweta County,436760.22194145544,-0.14,2435.4166666666665,NA,29225,0.558,14.9,6.69,4.35,Strong Buy,NA,NA,NA,NA,NA,NA,NA,NA,2026-06-30,2026-06-30
Dickinson,TX,"Houston-The Woodlands-Sugar Land, TX",Galveston County,271546.6869617504,-1.28,1514.0555555555557,-0.06,18168.666666666668,0.558,14.9,6.69,4.35,Strong Buy,21941,2.2,367407,4.49,11.39,13,8.22,32.51,2026-06-30,2026-06-30
Red Oak,TX,"Dallas-Fort Worth-Arlington, TX",Ellis County,349108.99796123133,-1.6,1948.5833333333333,6.43,23383,0.558,14.9,6.7,4.35,Strong Buy,19365,34.46,232387,19.58,34.12,5.09,4.27,23.75,2026-06-30,2026-06-30
Rantoul,IL,"Champaign-Urbana, IL",Champaign County,144867.66534420176,5.26,808.1071428571428,5.11,9697.285714285714,0.558,14.9,6.69,4.35,Strong Buy,12268,-0.46,212374,2.97,9.8,11.21,10.06,46.55,2026-06-30,2026-06-30
Victoria,TX,"Victoria, TX",Victoria County,217560.64471461612,0.55,1211.669642857143,3.07,14540.035714285714,0.557,15,6.68,4.34,Moderate,66020,0.74,91949,0.69,-0.05,12.99,14.73,32.41,2026-06-30,2026-06-30
Southaven,MS,"Memphis, TN-MS-AR",DeSoto County,276560.5116200765,1.78,1540.4415050130776,0.18,18485.298060156932,0.557,15,6.68,4.34,Moderate,57493,4.82,195871,5.23,10.71,6.4,13.83,22.2,2026-06-30,2026-06-30
Gonzales,LA,"Baton Rouge, LA",Ascension Parish,292500.3330962184,3.2,1627.039826839827,2.27,19524.477922077924,0.556,15,6.68,4.34,Moderate,13837,12.67,133534,5.16,7.37,8.24,6.33,17.14,2026-06-30,2026-06-30
Bear,DE,"Philadelphia-Camden-Wilmington, PA-NJ-DE-MD",New Castle County,421775.545493172,2.42,2344.821428571429,3.4,28137.857142857145,0.556,15,6.67,4.34,Moderate,NA,NA,588093,3,8.7,5.15,4.98,31.49,2026-06-30,2026-06-30
Naugatuck,CT,"New Haven-Milford, CT",New Haven County,360040.64631304104,3.64,2005.2777777777776,6.43,24063.333333333332,0.557,15,6.68,4.34,Moderate,32116,1.97,NA,NA,NA,NA,NA,NA,2026-06-30,2026-06-30
Chelsea,AL,"Birmingham-Hoover, AL",Shelby County,386637.9139456533,0.93,2150.972222222222,7.05,25811.666666666664,0.556,15,6.68,4.34,Moderate,17293,13.49,235969,5.38,7.09,5.94,5.41,18.74,2026-06-30,2026-06-30
Robbinsdale,MN,"Minneapolis-St. Paul-Bloomington, MN-WI",Hennepin County,321640.1654433564,2.12,1788.915343915344,8.87,21466.984126984127,0.556,15,6.67,4.34,Moderate,13993,-4.05,1273334,-0.65,4.24,5.29,5.38,37.05,2026-06-30,2026-06-30
Lyman,SC,"Spartanburg, SC",Spartanburg County,308541.4659905394,2.54,1716,NA,20592,0.556,15,6.67,4.34,Moderate,NA,NA,NA,NA,NA,NA,NA,NA,2026-06-30,2026-06-30
Jacksonville,FL,"Jacksonville, FL",Duval County,287871.01134659146,-1.81,1599.667611914516,1.03,19196.011342974194,0.556,15,6.67,4.33,Moderate,1009833,6.08,1055159,5.75,12.67,9.15,6.97,41.93,2026-06-30,2026-06-30
Norfolk,VA,"Virginia Beach-Norfolk-Newport News, VA-NC",Norfolk City,315535.9741921343,0.88,1752.4455134458428,6.89,21029.346161350113,0.555,15,6.66,4.33,Moderate,231105,-2.82,NA,NA,NA,NA,NA,NA,2026-06-30,2026-06-30
McAllen,TX,"McAllen-Edinburg-Mission, TX",Hidalgo County,231417.1634872642,0.55,1283.1980947293448,0.69,15398.377136752137,0.554,15,6.65,4.33,Moderate,148782,4.48,914820,4.8,3.41,12.59,6.81,32.43,2026-06-30,2026-06-30
Elgin,IL,"Chicago-Naperville-Elgin, IL-IN-WI",Kane County,343968.1801658058,3.7,1909.1323110440755,6.11,22909.587732528908,0.555,15,6.66,4.33,Moderate,114701,0.05,520997,0.89,3.7,3.54,3.6,24.26,2026-06-30,2026-06-30
High Point,NC,"Greensboro-High Point, NC",Guilford County,252160.1524552478,0.51,1400.869066607591,2.79,16810.428799291094,0.556,15,6.67,4.33,Moderate,118601,3.34,558816,3.72,9.05,8.49,6.32,40.04,2026-06-30,2026-06-30
Fairbanks,AK,"Fairbanks, AK",Fairbanks North Star Borough,309567.90740604146,2.86,1720.15522875817,3.05,20641.862745098042,0.556,15,6.67,4.33,Moderate,31732,-2.09,94951,-0.42,-15.76,15.27,8.95,38.31,2026-06-30,2026-06-30
Irwin,PA,"Pittsburgh, PA",Westmoreland County,269657.96804943884,-0.44,1497.7777777777776,2.01,17973.333333333332,0.555,15,6.67,4.33,Moderate,3798,-2.09,350935,-0.96,3.65,8.33,4.09,21.75,2026-06-30,2026-06-30
Murray,KY,"Murray, KY",Calloway County,200219.6296029141,-3.63,1112.1666666666667,5.74,13346,0.555,15,6.67,4.33,Moderate,18567,4.43,38975,3.65,13.6,16.35,6.41,36.31,2026-06-30,2026-06-30
Monroeville,PA,"Pittsburgh, PA",Allegheny County,236483.54547343997,1.75,1311.722222222222,0.2,15740.666666666664,0.555,15,6.66,4.33,Moderate,27966,-2.4,1231814,-1.43,2.72,9.6,6.37,35.07,2026-06-30,2026-06-30
Yulee,FL,"Jacksonville, FL",Nassau County,389164.1593786613,-0.22,2162.450793650794,-0.03,25949.409523809525,0.556,15,6.67,4.33,Moderate,NA,NA,104376,14.65,29.77,12.52,7.09,17.02,2026-06-30,2026-06-30
Braselton,GA,"Jefferson, GA",Jackson County,447525.5425602388,-1.49,2482.2222222222226,4.22,29786.66666666667,0.555,15,6.66,4.33,Moderate,17390,27.73,93825,22.26,52.1,8.21,1.14,20.21,2026-06-30,2026-06-30
Forest Park,IL,"Chicago-Naperville-Elgin, IL-IN-WI",Cook County,291584.53156947374,6.13,1620.1658896658898,3.31,19441.990675990677,0.556,15,6.67,4.33,Moderate,13846,-3.03,5182617,-1.6,5.9,8.18,4.67,42.49,2026-06-30,2026-06-30
Sharonville,OH,"Cincinnati, OH-KY-IN",Hamilton County,292998.97852760775,2.94,1627.6666666666667,NA,19532,0.556,15,6.67,4.33,Moderate,14040,-0.45,837359,0.84,4.18,7.42,4.2,41.01,2026-06-30,2026-06-30
Chatham,IL,"Springfield, IL",Sangamon County,308707.1094523548,6.85,1712.6666666666667,NA,20552,0.555,15,6.66,4.33,Moderate,NA,NA,NA,NA,NA,NA,NA,NA,2026-06-30,2026-06-30
Orange Park,FL,"Jacksonville, FL",Clay County,315204.75880961976,-1.45,1745.1256526618845,1.68,20941.507831942614,0.554,15.1,6.64,4.32,Moderate,8993,-1.06,236760,8.13,16.84,6.2,2.2,23.76,2026-06-30,2026-06-30
Spanaway,WA,"Seattle-Tacoma-Bellevue, WA",Pierce County,512759.2455248912,0.26,2841.152777777778,2.72,34093.833333333336,0.554,15,6.65,4.32,Moderate,NA,NA,941170,1.9,6.6,5.21,4.02,35.21,2026-06-30,2026-06-30
North Augusta,SC,"Augusta-Richmond County, GA-SC",Edgefield County,283134.8411993167,2.32,1569.1416666666669,0.54,18829.700000000004,0.554,15,6.65,4.32,Moderate,26395,7.8,29455,14.73,31.47,15.98,4.48,20.16,2026-06-30,2026-06-30
Lenoir,NC,"Hickory-Lenoir-Morganton, NC",Caldwell County,219652.0482789352,1.4,1217.5,NA,14610,0.554,15,6.65,4.32,Moderate,NA,NA,NA,NA,NA,NA,NA,NA,2026-06-30,2026-06-30
University City,MO,"St. Louis, MO-IL",Saint Louis County,276019.6488830996,2.53,1527.0308450510065,6.34,18324.370140612078,0.553,15.1,6.64,4.32,Moderate,34349,-2.33,NA,NA,NA,NA,NA,NA,2026-06-30,2026-06-30
Paragould,AR,"Paragould, AR",Greene County,197496.56221652575,1.81,1093.6666666666667,NA,13124,0.554,15,6.65,4.32,Moderate,NA,NA,NA,NA,NA,NA,NA,NA,2026-06-30,2026-06-30
Lithia Springs,GA,"Atlanta-Sandy Springs-Alpharetta, GA",Douglas County,279117.8436467119,-3.74,1547.0486691086692,-0.2,18564.58402930403,0.554,15,6.65,4.32,Moderate,NA,NA,151887,4.98,12.74,7.01,6.02,33.56,2026-06-30,2026-06-30
Moore,SC,"Spartanburg, SC",Spartanburg County,298489.2008139505,1.16,1652,NA,19824,0.553,15.1,6.64,4.32,Moderate,NA,NA,NA,NA,NA,NA,NA,NA,2026-06-30,2026-06-30
Navasota,TX,"College Station-Bryan, TX",Grimes County,275156.41119137546,-0.98,1525,NA,18300,0.554,15,6.65,4.32,Moderate,NA,NA,NA,NA,NA,NA,NA,NA,2026-06-30,2026-06-30
Cromwell,CT,"Hartford-East Hartford-Middletown, CT",Middlesex County,386242.7084184489,4.25,2140,NA,25680,0.554,15,6.65,4.32,Moderate,NA,NA,NA,NA,NA,NA,NA,NA,2026-06-30,2026-06-30
Monticello,NY,NA,Sullivan County,291941.4353107428,2.94,1616.6666666666667,NA,19400,0.554,15,6.65,4.32,Moderate,NA,NA,NA,NA,NA,NA,NA,NA,2026-06-30,2026-06-30
Elmore,AL,"Montgomery, AL",Elmore County,242894.03236759215,6.48,1345,NA,16140,0.554,15,6.64,4.32,Moderate,NA,NA,NA,NA,NA,NA,NA,NA,2026-06-30,2026-06-30
Gainesville,FL,"Gainesville, FL",Alachua County,299991.64086893486,-1.35,1656.894814814815,1.57,19882.73777777778,0.552,15.1,6.63,4.31,Moderate,148720,4.53,291782,4.3,8.33,10.28,11.36,45.93,2026-06-30,2026-06-30
Savannah,GA,"Savannah, GA",Chatham County,326616.2756378612,-2.91,1806.6773387978983,-1.27,21680.12806557478,0.553,15.1,6.64,4.31,Moderate,148808,0.89,307336,4.15,6.5,12.31,7,43.71,2026-06-30,2026-06-30
Statesville,NC,"Charlotte-Concord-Gastonia, NC-SC",Iredell County,302180.52507639205,3.35,1670.4939393939394,4.25,20045.927272727273,0.553,15.1,6.63,4.31,Moderate,31693,10.82,206361,9.94,28.47,9.63,3.66,28.53,2026-06-30,2026-06-30
Hackensack,NJ,"New York-Newark-Jersey City, NY-NJ-PA",Bergen County,475258.5374904871,3.07,2626.864197530864,5.22,31522.370370370372,0.553,15.1,6.63,4.31,Moderate,46630,1.57,978641,2.61,10.38,4.13,3.53,34.64,2026-06-30,2026-06-30
Abingdon,MD,"Baltimore-Columbia-Towson, MD",Harford County,379562.27105694305,0,2096.1602564102564,2.74,25153.923076923078,0.552,15.1,6.63,4.31,Moderate,NA,NA,265514,1.63,2.3,3.96,3.4,20.29,2026-06-30,2026-06-30
Aberdeen,MD,"Baltimore-Columbia-Towson, MD",Harford County,349705.22975230805,-0.25,1932.4916666666668,3.69,23189.9,0.553,15.1,6.63,4.31,Moderate,18451,13.41,265514,1.63,2.3,3.96,3.4,20.29,2026-06-30,2026-06-30
Washington,IL,"Peoria, IL",Tazewell County,239726.8283627299,6.65,1324.25,NA,15891,0.552,15.1,6.63,4.31,Moderate,NA,NA,NA,NA,NA,NA,NA,NA,2026-06-30,2026-06-30
Bayville,NJ,"New York-Newark-Jersey City, NY-NJ-PA",Ocean County,542848.944974788,4.94,3000,NA,36000,0.553,15.1,6.63,4.31,Moderate,NA,NA,NA,NA,NA,NA,NA,NA,2026-06-30,2026-06-30
Lowell,IN,"Chicago-Naperville-Elgin, IL-IN-WI",Lake County,337217.97219759406,2.42,1861.25,NA,22335,0.552,15.1,6.62,4.31,Moderate,NA,NA,NA,NA,NA,NA,NA,NA,2026-06-30,2026-06-30
Brownsville,TN,"Brownsville, TN",Haywood County,168467.55425867124,-1.75,931.9444444444443,NA,11183.333333333332,0.553,15.1,6.64,4.31,Moderate,NA,NA,NA,NA,NA,NA,NA,NA,2026-06-30,2026-06-30
Brooklyn Park,MD,"Baltimore-Columbia-Towson, MD",Anne Arundel County,307756.1245113185,-0.89,1700.1666666666667,NA,20402,0.552,15.1,6.63,4.31,Moderate,NA,NA,602350,1.51,0.69,4.79,5.5,25.04,2026-06-30,2026-06-30
Idaho Springs,CO,"Denver-Aurora-Lakewood, CO",Clear Creek County,491538.9095632772,-1.38,2718.75,NA,32625,0.553,15.1,6.64,4.31,Moderate,NA,NA,NA,NA,NA,NA,NA,NA,2026-06-30,2026-06-30
North Beach,MD,"Baltimore-Columbia-Towson, MD",Anne Arundel County,425213.6795888842,1.47,2347.5,NA,28170,0.552,15.1,6.62,4.31,Moderate,NA,NA,NA,NA,NA,NA,NA,NA,2026-06-30,2026-06-30
San Antonio,TX,"San Antonio-New Braunfels, TX",Bexar County,250887.7693664478,-2.1,1381.6424039371357,-1.88,16579.708847245627,0.551,15.1,6.61,4.3,Moderate,1526656,6.07,2127737,5.56,8.6,8.27,8.16,40.89,2026-06-30,2026-06-30
Broken Arrow,OK,"Tulsa, OK",Wagoner County,291736.3516555582,2.13,1606.6391141378947,4.87,19279.669369654737,0.551,15.1,6.61,4.3,Moderate,122756,7.72,91257,12.11,19.85,8.85,4.45,19.02,2026-06-30,2026-06-30
North Charleston,SC,"Charleston-North Charleston, SC",Charleston County,315206.44880793634,-1.94,1737.9727606076478,1.89,20855.673127291775,0.551,15.1,6.62,4.3,Moderate,126005,8.99,431001,5.13,9.27,14.93,11.6,36.51,2026-06-30,2026-06-30
Rome,GA,"Rome, GA",Floyd County,236259.42602914711,1.63,1302.6018099547512,0.37,15631.221719457015,0.551,15.1,6.62,4.3,Moderate,38747,2.31,101390,2.85,10.64,10,5.88,37.93,2026-06-30,2026-06-30
Kernersville,NC,"Winston-Salem, NC",Forsyth County,326184.77269450395,1.56,1797.0634085213032,2.98,21564.76090225564,0.551,15.1,6.61,4.3,Moderate,28760,8.21,398143,4.05,9.43,10.09,8.4,37.31,2026-06-30,2026-06-30
Fort Walton Beach,FL,"Crestview-Fort Walton Beach-Destin, FL",Okaloosa County,327813.1747006303,0.62,1807.9901610644256,8.51,21695.881932773107,0.552,15.1,6.62,4.3,Moderate,21188,1.23,220483,3.95,1.51,17.91,14.17,32.25,2026-06-30,2026-06-30
Seguin,TX,"San Antonio-New Braunfels, TX",Guadalupe County,275752.87847518665,-2.02,1520.0154970760234,2.51,18240.18596491228,0.551,15.1,6.61,4.3,Moderate,38789,31.58,195166,12.35,28.34,6.55,4.38,21.53,2026-06-30,2026-06-30
Hutchinson,KS,"Hutchinson, KS",Reno County,153915.32083542447,7.98,847.8481481481481,5.44,10174.177777777777,0.551,15.1,6.61,4.3,Moderate,39561,-1.11,61417,-0.77,3.73,10.47,7.39,30.79,2026-06-30,2026-06-30
Brownsburg,IN,"Indianapolis-Carmel-Anderson, IN",Hendricks County,363915.5289458092,1.22,2006.145791245791,2.16,24073.749494949494,0.551,15.1,6.62,4.3,Moderate,33430,14.61,190629,8.55,15.38,3.79,5.03,22.15,2026-06-30,2026-06-30
Mocksville,NC,"Winston-Salem, NC",Davie County,285878.09941542946,4.4,1575,NA,18900,0.551,15.1,6.61,4.3,Moderate,NA,NA,NA,NA,NA,NA,NA,NA,2026-06-30,2026-06-30
Jasper,GA,"Atlanta-Sandy Springs-Alpharetta, GA",Pickens County,412675.6095823269,0.99,2275,NA,27300,0.551,15.1,6.62,4.3,Moderate,NA,NA,NA,NA,NA,NA,NA,NA,2026-06-30,2026-06-30
El Dorado,KS,"Wichita, KS",Butler County,176863.0759248965,5.84,974.7222222222224,4.15,11696.666666666668,0.551,15.1,6.61,4.3,Moderate,NA,NA,NA,NA,NA,NA,NA,NA,2026-06-30,2026-06-30
Anderson Mill,TX,"Austin-Round Rock-Georgetown, TX",Williamson County,399092.57578741544,-5.81,2197.5833333333335,NA,26371,0.551,15.1,6.61,4.3,Moderate,NA,NA,727480,18.17,29.75,3.91,3.51,32.92,2026-06-30,2026-06-30
Dilworth,MN,"Fargo, ND-MN",Clay County,294919.24170323025,1.66,1625,NA,19500,0.551,15.1,6.61,4.3,Moderate,NA,NA,NA,NA,NA,NA,NA,NA,2026-06-30,2026-06-30
Wichita,KS,"Wichita, KS",Sedgwick County,208244.6073464453,3.16,1146.4636742005162,5.25,13757.564090406195,0.551,15.1,6.61,4.29,Moderate,400991,0.73,536081,2.14,7.39,9.2,6.89,37.72,2026-06-30,2026-06-30
Mansfield,OH,"Mansfield, OH",Richland County,157091.9203329296,5.98,864.8253968253968,6.55,10377.904761904761,0.551,15.1,6.61,4.29,Moderate,47593,0.14,124853,-0.11,1.25,8.33,5.19,31.53,2026-06-30,2026-06-30
Blue Springs,MO,"Kansas City, MO-KS",Jackson County,314476.7325190346,1.83,1730.204481792717,3.4,20762.453781512602,0.55,15.1,6.6,4.29,Moderate,61246,4.02,727362,1.35,6.69,9.2,4.42,41.15,2026-06-30,2026-06-30
Cedar Hill,TX,"Dallas-Fort Worth-Arlington, TX",Dallas County,317249.2204929104,-1.56,1746.7348484848485,0.72,20960.818181818184,0.551,15.1,6.61,4.29,Moderate,49618,1.04,2656028,1.73,0.15,7.76,8.95,49.22,2026-06-30,2026-06-30
West Little River,FL,"Miami-Fort Lauderdale-Pompano Beach, FL",Miami-Dade County,448737.70389747137,0.77,2465.2777777777774,NA,29583.33333333333,0.549,15.2,6.59,4.29,Moderate,NA,NA,2838461,5.29,19.88,11.11,5.36,47.81,2026-06-30,2026-06-30
Griffith,IN,"Chicago-Naperville-Elgin, IL-IN-WI",Lake County,252947.9046528947,2.41,1390.4833333333331,NA,16685.799999999996,0.55,15.2,6.6,4.29,Moderate,16192,-2,502955,0.8,4.19,10.57,4.92,29.14,2026-06-30,2026-06-30
Enola,PA,"Harrisburg-Carlisle, PA",Cumberland County,306961.54044690536,2.64,1688.6555555555558,4.13,20263.86666666667,0.55,15.1,6.6,4.29,Moderate,NA,NA,275516,5.86,13.9,4.61,1.99,28.63,2026-06-30,2026-06-30
Delran Township,NJ,"Philadelphia-Camden-Wilmington, PA-NJ-DE-MD",Burlington County,451347.6789035648,2.94,2484.555555555555,NA,29814.666666666664,0.55,15.1,6.61,4.29,Moderate,NA,NA,NA,NA,NA,NA,NA,NA,2026-06-30,2026-06-30
Brandywine,MD,"Washington-Arlington-Alexandria, DC-VA-MD-WV",Prince Georges County,512439.1195383668,0.62,2817.4055555555556,NA,33808.86666666667,0.55,15.2,6.6,4.29,Moderate,NA,NA,NA,NA,NA,NA,NA,NA,2026-06-30,2026-06-30
North Aurora,IL,"Chicago-Naperville-Elgin, IL-IN-WI",Kane County,411366.7523723959,4.47,2262.694444444445,NA,27152.333333333336,0.55,15.2,6.6,4.29,Moderate,19329,5.69,520997,0.89,3.7,3.54,3.6,24.26,2026-06-30,2026-06-30
Coats,NC,"Fayetteville, NC",Harnett County,240362.15209504255,1.41,1323.3333333333337,NA,15880.000000000004,0.551,15.1,6.61,4.29,Moderate,NA,NA,NA,NA,NA,NA,NA,NA,2026-06-30,2026-06-30
McDonough,GA,"Atlanta-Sandy Springs-Alpharetta, GA",Henry County,336835.169844802,-2.74,1846.705815018315,0.25,22160.46978021978,0.548,15.2,6.58,4.28,Moderate,32803,11.74,259315,7.21,13.48,5.36,6.33,27.46,2026-06-30,2026-06-30
North Miami,FL,"Miami-Fort Lauderdale-Pompano Beach, FL",Miami-Dade County,424771.05695568334,-1.12,2330.188875938876,1.62,27962.266511266513,0.549,15.2,6.58,4.28,Moderate,62202,3.96,2838461,5.29,19.88,11.11,5.36,47.81,2026-06-30,2026-06-30
Morristown,TN,"Morristown, TN",Hamblen County,273723.5123111846,4.58,1501.8055555555557,5.18,18021.666666666668,0.549,15.2,6.58,4.28,Moderate,32994,8.25,67715,4.92,19.98,7.36,5.99,31.66,2026-06-30,2026-06-30
Starkville,MS,"Starkville, MS",Oktibbeha County,286098.0711659544,1.97,1571.4583333333333,5.61,18857.5,0.549,15.2,6.59,4.28,Moderate,25844,0.57,51965,0.5,1.89,16.23,6.7,52.46,2026-06-30,2026-06-30
Baldwinsville,NY,"Syracuse, NY",Onondaga County,339974.4778428099,7.73,1867.3555555555556,NA,22408.266666666666,0.549,15.2,6.59,4.28,Moderate,7662,-1.91,469812,-0.93,1.17,7.9,4.94,34.34,2026-06-30,2026-06-30
White Lake,MI,"Detroit-Warren-Dearborn, MI",Oakland County,401691.3244668568,3.74,2205.5,NA,26466,0.549,15.2,6.59,4.28,Moderate,NA,NA,1296888,1.91,10.58,5.25,6.51,27.73,2026-06-30,2026-06-30
Travelers Rest,SC,"Greenville-Anderson, SC",Greenville County,358285.3481755176,2.38,1966.5277777777776,3.19,23598.333333333332,0.549,15.2,6.59,4.28,Moderate,8960,14.59,570745,8.25,17.14,7.49,6.9,31.24,2026-06-30,2026-06-30
Bryant,AR,"Little Rock-North Little Rock-Conway, AR",Saline County,257138.13424569007,2.38,1410.8333333333333,NA,16930,0.549,15.2,6.58,4.28,Moderate,22271,7.26,131252,6,12.47,5.49,4.29,23.56,2026-06-30,2026-06-30
Clementon,NJ,"Philadelphia-Camden-Wilmington, PA-NJ-DE-MD",Camden County,319860.83618992585,2.48,1753.2,NA,21038.4,0.548,15.2,6.58,4.28,Moderate,5600,5.22,533988,2.07,5.74,5.92,4.3,34.97,2026-06-30,2026-06-30
Troy,AL,"Troy, AL",Pike County,185442.85147532905,-0.52,1017.3666666666668,NA,12208.400000000001,0.549,15.2,6.58,4.28,Moderate,17734,0.4,33124,0.67,-1.3,21.82,17.81,37.13,2026-06-30,2026-06-30
Brown Deer,WI,"Milwaukee-Waukesha, WI",Milwaukee County,295091.8216000938,2.02,1618.2920634920636,3.12,19419.504761904762,0.548,15.2,6.58,4.28,Moderate,12527,0.11,924740,-1.48,0.57,8.21,6.16,50.2,2026-06-30,2026-06-30
Lyons,IL,"Chicago-Naperville-Elgin, IL-IN-WI",Cook County,279063.030094541,1.16,1532.7777777777776,NA,18393.333333333332,0.549,15.2,6.59,4.28,Moderate,NA,NA,NA,NA,NA,NA,NA,NA,2026-06-30,2026-06-30
Archdale,NC,"Greensboro-High Point, NC",Randolph County,253246.94600802273,3.72,1390.7870370370372,NA,16689.444444444445,0.549,15.2,6.59,4.28,Moderate,12147,2.02,148389,2.76,6.31,8.91,2.98,27.33,2026-06-30,2026-06-30
Penn Valley,CA,"Truckee-Grass Valley, CA",Nevada County,528337.373539287,-0.81,2900,NA,34800,0.549,15.2,6.59,4.28,Moderate,NA,NA,NA,NA,NA,NA,NA,NA,2026-06-30,2026-06-30
Willow Springs,IL,"Chicago-Naperville-Elgin, IL-IN-WI",Cook County,408514.151406396,8.26,2241.25,NA,26895,0.549,15.2,6.58,4.28,Moderate,5793,-0.99,5182617,-1.6,5.9,8.18,4.67,42.49,2026-06-30,2026-06-30
Little Rock,AR,"Little Rock-North Little Rock-Conway, AR",Pulaski County,222778.52450219388,3.37,1219.9184266152008,2.29,14639.02111938241,0.548,15.2,6.57,4.27,Moderate,204774,1.07,401209,0.48,-0.94,11.78,9.74,42.25,2026-06-30,2026-06-30
Chesterfield,VA,"Richmond, VA",Chesterfield County,418485.8986926041,2.26,2289.154761904762,4.83,27469.857142857145,0.547,15.2,6.56,4.27,Moderate,NA,NA,389793,6.69,10.05,3.91,4.88,22.7,2026-06-30,2026-06-30
Kent,OH,"Akron, OH",Portage County,254391.0914124239,4.27,1391.6929292929292,8.04,16700.31515151515,0.547,15.2,6.56,4.27,Moderate,27720,-1.62,163839,1.23,6.51,9.12,3.08,29.86,2026-06-30,2026-06-30
Radford,VA,"Blacksburg-Christiansburg, VA",Pulaski County,274373.0201704087,3.48,1502.5555555555557,7.55,18030.666666666668,0.548,15.2,6.57,4.27,Moderate,17273,7.19,33579,-0.65,5.18,15.57,4.19,27.85,2026-06-30,2026-06-30
Andover,KS,"Wichita, KS",Butler County,333756.3310867862,3.44,1827.638888888889,NA,21931.666666666668,0.548,15.2,6.57,4.27,Moderate,17000,13.58,69158,2.63,8.47,7.91,4.95,21.79,2026-06-30,2026-06-30
Brattleboro,VT,NA,Windham County,320181.7140504042,-2.41,1752.7777777777776,NA,21033.333333333332,0.547,15.2,6.57,4.27,Moderate,NA,NA,45627,-0.55,-3.24,34.69,2.88,27.23,2026-06-30,2026-06-30
Winterville,GA,"Athens-Clarke County, GA",Oglethorpe County,339468.4019116574,2.9,1857.5,NA,22290,0.547,15.2,6.57,4.27,Moderate,NA,NA,NA,NA,NA,NA,NA,NA,2026-06-30,2026-06-30
Fort Lauderdale,FL,"Miami-Fort Lauderdale-Pompano Beach, FL",Broward County,511581.9861369149,-3.12,2793.6242322513335,3.19,33523.490787016,0.546,15.3,6.55,4.26,Moderate,190641,4.31,2037472,4.84,14.84,13.18,6.08,36.74,2026-06-30,2026-06-30
Mesquite,TX,"Dallas-Fort Worth-Arlington, TX",Dallas County,262797.8115458879,-3.35,1436.651325757576,-1.35,17239.81590909091,0.547,15.2,6.56,4.26,Moderate,150140,0.34,2656028,1.73,0.15,7.76,8.95,49.22,2026-06-30,2026-06-30
Madera,CA,"Madera, CA",Madera County,428836.902331929,2.7,2344.444444444445,3.22,28133.333333333336,0.547,15.2,6.56,4.26,Moderate,69094,3.87,165432,5.75,7.83,11.62,3.71,34.47,2026-06-30,2026-06-30
Pasadena,MD,"Baltimore-Columbia-Towson, MD",Anne Arundel County,464139.80260349304,0.48,2535.4074074074074,2.96,30424.88888888889,0.546,15.3,6.56,4.26,Moderate,NA,NA,602350,1.51,0.69,4.79,5.5,25.04,2026-06-30,2026-06-30
Brunswick,OH,"Cleveland-Elyria, OH",Medina County,325039.67368865275,4.03,1775.2222222222224,NA,21302.666666666668,0.546,15.3,6.55,4.26,Moderate,35166,-0.75,184625,1.09,3.28,4.23,3.93,19.98,2026-06-30,2026-06-30
Derby,KS,"Wichita, KS",Sedgwick County,289841.3876678943,3.43,1581.9444444444443,5.8,18983.333333333332,0.546,15.3,6.55,4.26,Moderate,26604,3.46,536081,2.14,7.39,9.2,6.89,37.72,2026-06-30,2026-06-30
Morton Grove,IL,"Chicago-Naperville-Elgin, IL-IN-WI",Cook County,454597.9951663921,7.58,2482.9166666666665,18.36,29795,0.546,15.3,6.55,4.26,Moderate,24467,-2.94,5182617,-1.6,5.9,8.18,4.67,42.49,2026-06-30,2026-06-30
Hubert,NC,"Jacksonville, NC",Onslow County,284240.2294072685,3.53,1554.1666666666667,2.9,18650,0.547,15.2,6.56,4.26,Moderate,NA,NA,212954,3.82,-2.31,15.6,7.82,39.04,2026-06-30,2026-06-30
Swansea,IL,"St. Louis, MO-IL",Saint Clair County,271720.170872332,1.53,1483.5666666666666,6.87,17802.8,0.546,15.3,6.55,4.26,Moderate,14445,0.64,NA,NA,NA,NA,NA,NA,2026-06-30,2026-06-30
Somers Point,NJ,"Atlantic City-Hammonton, NJ",Atlantic County,438233.9436054928,4.04,2391,NA,28692,0.546,15.3,6.55,4.26,Moderate,NA,NA,NA,NA,NA,NA,NA,NA,2026-06-30,2026-06-30
Comstock Northwest,MI,"Kalamazoo-Portage, MI",Kalamazoo County,270108.7721678741,2.94,1474.0111111111112,NA,17688.133333333335,0.546,15.3,6.55,4.26,Moderate,NA,NA,264780,1.13,4.82,7.17,5.23,36.05,2026-06-30,2026-06-30
Fort Worth,TX,"Dallas-Fort Worth-Arlington, TX",Tarrant County,300034.7250115518,-2.2,1634.9310589230934,0.3,19619.17270707712,0.545,15.3,6.54,4.25,Moderate,1008106,9.14,2230708,5.41,8.74,7.08,7.73,40.64,2026-06-30,2026-06-30
Griffin,GA,"Atlanta-Sandy Springs-Alpharetta, GA",Spalding County,242588.19559912977,-2.15,1321.9858585858583,-0.79,15863.8303030303,0.545,15.3,6.54,4.25,Moderate,23994,2.32,70292,4.19,4.37,6.36,5.86,36.25,2026-06-30,2026-06-30
Algonquin,IL,"Chicago-Naperville-Elgin, IL-IN-WI",McHenry County,423900.7139301061,4.16,2311.288888888889,NA,27735.466666666667,0.545,15.3,6.54,4.25,Moderate,30539,2.9,315959,1.93,5.95,3.55,3.04,17.42,2026-06-30,2026-06-30
Greater Landover,MD,"Washington-Arlington-Alexandria, DC-VA-MD-WV",Prince Georges County,322706.6512200757,-1.37,1757.9714285714288,-1.28,21095.657142857144,0.545,15.3,6.54,4.25,Moderate,NA,NA,NA,NA,NA,NA,NA,NA,2026-06-30,2026-06-30
Palmyra,VA,"Charlottesville, VA",Fluvanna County,383506.80981663655,0.73,2088.8888888888887,NA,25066.666666666664,0.545,15.3,6.54,4.25,Moderate,NA,NA,NA,NA,NA,NA,NA,NA,2026-06-30,2026-06-30
Oldsmar,FL,"Tampa-St. Petersburg-Clearwater, FL",Pinellas County,365109.1311530635,-4.99,1990.4920634920636,-1.09,23885.904761904763,0.545,15.3,6.54,4.25,Moderate,14831,-0.6,965870,0.63,3.8,18.32,8.78,30.56,2026-06-30,2026-06-30
Bordentown Township,NJ,"Philadelphia-Camden-Wilmington, PA-NJ-DE-MD",Burlington County,449840.5015198378,2.1,2448.472222222222,3.94,29381.666666666664,0.544,15.3,6.53,4.25,Moderate,NA,NA,475515,2.99,9.35,5.16,3.54,24.27,2026-06-30,2026-06-30
Lake Villa,IL,"Chicago-Naperville-Elgin, IL-IN-WI",Lake County,387003.7976622874,5.17,2110,NA,25320,0.545,15.3,6.54,4.25,Moderate,NA,NA,NA,NA,NA,NA,NA,NA,2026-06-30,2026-06-30
Allenstown,NH,"Concord, NH",Merrimack County,431563.19865145907,0.08,2351.6666666666665,NA,28220,0.545,15.3,6.54,4.25,Moderate,NA,NA,NA,NA,NA,NA,NA,NA,2026-06-30,2026-06-30
Stockbridge,GA,"Atlanta-Sandy Springs-Alpharetta, GA",Henry County,293214.88205451117,-3.11,1593.1987667371388,3.01,19118.385200845667,0.543,15.3,6.52,4.24,Moderate,35893,0.43,259315,7.21,13.48,5.36,6.33,27.46,2026-06-30,2026-06-30
Blaine,MN,"Minneapolis-St. Paul-Bloomington, MN-WI",Anoka County,388346.8277606449,1.6,2112.308612440191,2.64,25347.703349282296,0.544,15.3,6.53,4.24,Moderate,75172,6.67,376840,3.38,6.34,2.91,3.32,20.04,2026-06-30,2026-06-30
Crystal Lake,IL,"Chicago-Naperville-Elgin, IL-IN-WI",McHenry County,388697.1050005813,4.39,2112.1254856254855,2.66,25345.505827505825,0.543,15.3,6.52,4.24,Moderate,41513,3.16,315959,1.93,5.95,3.55,3.04,17.42,2026-06-30,2026-06-30
Casselberry,FL,"Orlando-Kissimmee-Sanford, FL",Seminole County,347940.10479360714,-2.85,1890.5005446623093,0.77,22686.006535947712,0.543,15.3,6.52,4.24,Moderate,31650,9.36,494605,4.91,9.63,5.97,6.62,34.24,2026-06-30,2026-06-30
Commerce Township,MI,"Detroit-Warren-Dearborn, MI",Oakland County,406244.43917942233,2.74,2206.131746031746,6.79,26473.58095238095,0.543,15.3,6.52,4.24,Moderate,NA,NA,1296888,1.91,10.58,5.25,6.51,27.73,2026-06-30,2026-06-30
Greenfield,IN,"Indianapolis-Carmel-Anderson, IN",Hancock County,291393.09586924635,1.89,1583.6477187028656,0.42,19003.772624434387,0.543,15.3,6.52,4.24,Moderate,26268,11.53,88810,10.76,28.66,3.45,4.86,20.41,2026-06-30,2026-06-30
Temple Terrace,FL,"Tampa-St. Petersburg-Clearwater, FL",Hillsborough County,329642.92795302643,-2.1,1793.3104938271606,0.38,21519.725925925926,0.544,15.3,6.53,4.24,Moderate,27588,3.21,1581426,7.85,12.2,7.8,6.74,38.94,2026-06-30,2026-06-30
Wildwood,FL,"The Villages, FL",Sumter County,299934.75058964506,-1.25,1631.092857142857,1.95,19573.114285714284,0.544,15.3,6.53,4.24,Moderate,19031,19.19,154693,18.72,29.98,16.71,16.47,11.9,2026-06-30,2026-06-30
Depew,NY,"Buffalo-Cheektowaga, NY",Erie County,276793.7010116246,3.72,1505.1666666666667,4.84,18062,0.544,15.3,6.53,4.24,Moderate,14910,-1.58,950602,-0.18,2.9,7.11,3.75,34.55,2026-06-30,2026-06-30
Lindenwold,NJ,"Philadelphia-Camden-Wilmington, PA-NJ-DE-MD",Camden County,277817.17403281986,5.12,1509.0666666666666,NA,18108.8,0.543,15.3,6.52,4.24,Moderate,NA,NA,NA,NA,NA,NA,NA,NA,2026-06-30,2026-06-30
Kathleen,GA,"Warner Robins, GA",Houston County,367535.0620917547,2,2000,NA,24000,0.544,15.3,6.53,4.24,Moderate,NA,NA,NA,NA,NA,NA,NA,NA,2026-06-30,2026-06-30
Glennville,GA,"Hinesville, GA",Tattnall County,211454.25116079813,6.14,1150,NA,13800,0.544,15.3,6.53,4.24,Moderate,NA,NA,NA,NA,NA,NA,NA,NA,2026-06-30,2026-06-30
Gastonia,NC,"Charlotte-Concord-Gastonia, NC-SC",Gaston County,280852.86931571993,0.28,1523.650852415558,0.39,18283.810228986695,0.543,15.4,6.51,4.23,Moderate,85535,6.17,242010,5.85,15.72,7.81,5.03,34.18,2026-06-30,2026-06-30
Fort Smith,AR,"Fort Smith, AR-OK",Sebastian County,197470.6051700679,3.55,1070.6135265700484,5.23,12847.36231884058,0.542,15.4,6.51,4.23,Moderate,90507,1.51,130035,1.74,5.51,9.17,6.61,38.78,2026-06-30,2026-06-30
Kettering,OH,"Dayton-Kettering, OH",Montgomery County,251740.480618884,3.09,1365.9147727272727,2.91,16390.977272727272,0.543,15.4,6.51,4.23,Moderate,57028,-1.37,537443,0.06,5.01,8.84,4.22,37.67,2026-06-30,2026-06-30
Wyoming,MI,"Grand Rapids-Kentwood, MI",Kent County,296436.9972634225,3.24,1606.995800395257,3.02,19283.949604743084,0.542,15.4,6.51,4.23,Moderate,78559,2.33,673002,2.2,7.09,4.57,4.07,29.64,2026-06-30,2026-06-30
Claremore,OK,"Tulsa, OK",Rogers County,265225.87928229343,1.97,1439,4.03,17268,0.543,15.4,6.51,4.23,Moderate,20602,4.95,101371,6.25,10.63,7.71,3.64,22.22,2026-06-30,2026-06-30
Duncanville,TX,"Dallas-Fort Worth-Arlington, TX",Dallas County,279496.42933697894,-1.17,1514.6806526806524,-0.64,18176.16783216783,0.542,15.4,6.5,4.23,Moderate,39203,-3.28,2656028,1.73,0.15,7.76,8.95,49.22,2026-06-30,2026-06-30
Central Islip,NY,"New York-Newark-Jersey City, NY-NJ-PA",Suffolk County,580169.1765101143,5.79,3147.0833333333335,NA,37765,0.542,15.4,6.51,4.23,Moderate,NA,NA,1535909,0.9,2.22,11.64,3.67,18.09,2026-06-30,2026-06-30
Sulphur Springs,TX,"Sulphur Springs, TX",Hopkins County,243051.03183283095,-3.09,1316.8666666666666,NA,15802.399999999998,0.542,15.4,6.5,4.23,Moderate,16891,5.83,38784,5.31,13.36,12.13,4.57,30.08,2026-06-30,2026-06-30
South Burlington,VT,"Burlington-South Burlington, VT",Chittenden County,491399.17467267346,-0.56,2662.5,2.43,31950,0.542,15.4,6.5,4.23,Moderate,21713,7.41,170851,1.44,4.59,4.84,1.57,36.44,2026-06-30,2026-06-30
Bedford Heights,OH,"Cleveland-Elyria, OH",Cuyahoga County,199989.76227437065,6.33,1085.6666666666667,3.81,13028,0.543,15.4,6.51,4.23,Moderate,10791,-1.91,1240594,-1.75,1.72,9.97,5.22,40.95,2026-06-30,2026-06-30
Bethalto,IL,"St. Louis, MO-IL",Madison County,206026.4131357197,6.17,1116.6666666666667,NA,13400,0.542,15.4,6.5,4.23,Moderate,NA,NA,NA,NA,NA,NA,NA,NA,2026-06-30,2026-06-30
Lilydale,MN,"Minneapolis-St. Paul-Bloomington, MN-WI",Dakota County,411577.981274199,-0.08,2232.5833333333335,NA,26791,0.542,15.4,6.51,4.23,Moderate,NA,NA,NA,NA,NA,NA,NA,NA,2026-06-30,2026-06-30
Land O Lakes,FL,"Tampa-St. Petersburg-Clearwater, FL",Pasco County,419972.2336923808,-3.69,2273.109632914511,-0.95,27277.315594974134,0.541,15.4,6.5,4.22,Moderate,NA,NA,659114,16.41,37.43,13.3,5.54,24.5,2026-06-30,2026-06-30
Florence,KY,"Cincinnati, OH-KY-IN",Boone County,293149.71506462555,0.35,1587.5077751196177,1.48,19050.093301435412,0.542,15.4,6.5,4.22,Moderate,33763,5.21,144135,5.61,14.15,4.07,4.79,23.34,2026-06-30,2026-06-30
Richmond Hill,GA,"Savannah, GA",Bryan County,424121.9720578407,-1.83,2291.9424880382776,1.6,27503.30985645933,0.54,15.4,6.48,4.22,Moderate,19839,18.13,51105,13.46,19.49,8.68,9.55,24.37,2026-06-30,2026-06-30
Lockport,IL,"Chicago-Naperville-Elgin, IL-IN-WI",Will County,375411.63712387887,3.63,2029.0645502645505,4.99,24348.774603174606,0.54,15.4,6.49,4.22,Moderate,26915,2.91,708583,1.68,4.83,4.5,3.98,17.48,2026-06-30,2026-06-30
Christiansburg,VA,"Blacksburg-Christiansburg, VA",Montgomery County,312667.8962379352,3.05,1692.9555555555555,6.32,20315.466666666667,0.541,15.4,6.5,4.22,Moderate,22632,-2.9,98998,-0.59,-0.17,13.02,3.29,45.26,2026-06-30,2026-06-30
Branson,MO,"Branson, MO",Taney County,250809.77454988076,-0.36,1358.428571428571,4.53,16301.142857142853,0.542,15.4,6.5,4.22,Moderate,12869,1.71,56744,1.21,0.88,25.87,2.21,33.1,2026-06-30,2026-06-30
Prospect Heights,IL,"Chicago-Naperville-Elgin, IL-IN-WI",Cook County,329076.9090200699,7.09,1781,NA,21372,0.541,15.4,6.49,4.22,Moderate,NA,NA,NA,NA,NA,NA,NA,NA,2026-06-30,2026-06-30
Pebble Creek,FL,"Tampa-St. Petersburg-Clearwater, FL",Hillsborough County,437848.4882345272,-3.08,2369.625,NA,28435.5,0.541,15.4,6.49,4.22,Moderate,NA,NA,1581426,7.85,12.2,7.8,6.74,38.94,2026-06-30,2026-06-30
Allentown,PA,"Allentown-Bethlehem-Easton, PA-NJ",Lehigh County,320863.17715588066,3.67,1732.2642986033864,3.45,20787.171583240637,0.54,15.4,6.48,4.21,Moderate,127138,1.12,385655,2.98,11.77,4.72,3.33,34.79,2026-06-30,2026-06-30
Kokomo,IN,"Kokomo, IN",Howard County,186870.3788428615,5.14,1009.3732026143792,3.43,12112.47843137255,0.54,15.4,6.48,4.21,Moderate,60093,0.87,84082,0.59,5.3,11.73,11.13,28.13,2026-06-30,2026-06-30
Fayetteville,GA,"Atlanta-Sandy Springs-Alpharetta, GA",Fayette County,438088.0210532739,-0.44,2362.334935897436,2.84,28348.019230769234,0.539,15.5,6.47,4.21,Moderate,20419,7.38,125107,4.68,12.06,4.85,5.93,19.01,2026-06-30,2026-06-30
Doral,FL,"Miami-Fort Lauderdale-Pompano Beach, FL",Miami-Dade County,544999.7738952955,-2.1,2944.859176879241,-0.5,35338.310122550894,0.54,15.4,6.48,4.21,Moderate,83625,9.73,2838461,5.29,19.88,11.11,5.36,47.81,2026-06-30,2026-06-30
West Haven,CT,"New Haven-Milford, CT",New Haven County,371946.80958978896,7.16,2005.446248196248,1.86,24065.354978354975,0.539,15.5,6.47,4.21,Moderate,55379,-0.31,NA,NA,NA,NA,NA,NA,2026-06-30,2026-06-30
Halethorpe,MD,"Baltimore-Columbia-Towson, MD",Baltimore County,315885.5438550235,1.02,1704.15873015873,3.6,20449.90476190476,0.539,15.4,6.47,4.21,Moderate,NA,NA,852425,-0.11,3.96,5.75,5.61,33.67,2026-06-30,2026-06-30
Lake Jackson,TX,"Houston-The Woodlands-Sugar Land, TX",Brazoria County,275554.1537105138,1.22,1488.4555555555555,5.1,17861.466666666667,0.54,15.4,6.48,4.21,Moderate,28158,0.04,413224,10.63,23.74,10.51,11.33,26,2026-06-30,2026-06-30
Maywood,IL,"Chicago-Naperville-Elgin, IL-IN-WI",Cook County,263691.18577370787,8.51,1424.4444444444443,12.07,17093.333333333332,0.54,15.4,6.48,4.21,Moderate,NA,NA,NA,NA,NA,NA,NA,NA,2026-06-30,2026-06-30
Havelock,NC,"New Bern, NC",Craven County,238746.34246598737,3.12,1288.809523809524,2.52,15465.71428571429,0.54,15.4,6.48,4.21,Moderate,17407,-2.84,104167,2.62,7.75,12.51,6.59,30.05,2026-06-30,2026-06-30
Hernando,FL,"Homosassa Springs, FL",Citrus County,357835.06283906364,-1.6,1931.111111111111,NA,23173.333333333332,0.54,15.4,6.48,4.21,Moderate,NA,NA,NA,NA,NA,NA,NA,NA,2026-06-30,2026-06-30
Broussard,LA,"Lafayette, LA",Lafayette Parish,283338.7578825069,3.44,1529.6833333333334,1.37,18356.2,0.54,15.4,6.48,4.21,Moderate,15312,13.07,254241,4.98,9.97,10,6.1,33.9,2026-06-30,2026-06-30
Princeton,IN,NA,Gibson County,194333.4145150271,5.03,1050,NA,12600,0.54,15.4,6.48,4.21,Moderate,NA,NA,NA,NA,NA,NA,NA,NA,2026-06-30,2026-06-30
Gilbert,SC,"Columbia, SC",Lexington County,343481.95886750164,2.44,1853.75,NA,22245,0.54,15.4,6.48,4.21,Moderate,NA,NA,NA,NA,NA,NA,NA,NA,2026-06-30,2026-06-30
Meridianville,AL,"Huntsville, AL",Madison County,333351.2202276012,-0.61,1799.6944444444443,5.48,21596.333333333332,0.54,15.4,6.48,4.21,Moderate,NA,NA,423355,8.41,20.5,7.01,5.85,31.22,2026-06-30,2026-06-30
Tiffin,IA,"Iowa City, IA",Johnson County,345479.3138006315,2.2,1864.3055555555557,NA,22371.666666666668,0.54,15.4,6.48,4.21,Moderate,6695,44.79,160080,4.59,6.75,7.43,6.54,41.16,2026-06-30,2026-06-30
Pendergrass,GA,"Jefferson, GA",Jackson County,366588.5423648019,-0.23,1980.3333333333333,NA,23764,0.54,15.4,6.48,4.21,Moderate,1856,8.92,93825,22.26,52.1,8.21,1.14,20.21,2026-06-30,2026-06-30
Lakeland,FL,"Lakeland-Winter Haven, FL",Polk County,313404.6298140539,-1.82,1688.8632885949555,1.68,20266.359463139466,0.539,15.5,6.47,4.2,Moderate,124990,9.75,852878,16.8,32.56,16.11,4.75,29.98,2026-06-30,2026-06-30
Lake Worth Beach,FL,"Miami-Fort Lauderdale-Pompano Beach, FL",Palm Beach County,441313.7638116823,-1.66,2374.6165246165247,0.61,28495.398295398296,0.538,15.5,6.46,4.2,Moderate,44417,5.19,1582055,5.87,15.98,16.36,6.94,30.14,2026-06-30,2026-06-30
Fountain,CO,"Colorado Springs, CO",El Paso County,394467.55036626034,-1.04,2125.153717627402,3.7,25501.844611528824,0.539,15.5,6.46,4.2,Moderate,29457,-1.44,752772,2.58,3.46,4.58,3.67,33.62,2026-06-30,2026-06-30
Bangor,ME,"Bangor, ME",Penobscot County,295453.121936118,1.16,1591.6743421052631,4.22,19100.092105263157,0.539,15.5,6.46,4.2,Moderate,32446,2.29,156840,3.06,7.33,14.11,6.32,29.72,2026-06-30,2026-06-30
Newton,NC,"Hickory-Lenoir-Morganton, NC",Catawba County,263775.8329287123,0.97,1420.625,NA,17047.5,0.539,15.5,6.46,4.2,Moderate,NA,NA,NA,NA,NA,NA,NA,NA,2026-06-30,2026-06-30
Spring Lake,NC,"Fayetteville, NC",Harnett County,263874.64637219947,0.59,1419.7141025641024,4.07,17036.56923076923,0.538,15.5,6.46,4.2,Moderate,11530,-1.03,146096,9.26,25.57,10.01,8.1,30.51,2026-06-30,2026-06-30
Munster,IN,"Chicago-Naperville-Elgin, IL-IN-WI",Lake County,357156.0309080305,2.34,1922.0555555555557,NA,23064.666666666668,0.538,15.5,6.46,4.2,Moderate,23634,-1.06,502955,0.8,4.19,10.57,4.92,29.14,2026-06-30,2026-06-30
Dade City,FL,"Tampa-St. Petersburg-Clearwater, FL",Pasco County,340005.62463245715,-1.79,1830.888888888889,0.2,21970.666666666668,0.538,15.5,6.46,4.2,Moderate,NA,NA,NA,NA,NA,NA,NA,NA,2026-06-30,2026-06-30
China Grove,NC,"Charlotte-Concord-Gastonia, NC-SC",Rowan County,304236.53885062836,1.22,1640.111111111111,NA,19681.333333333332,0.539,15.5,6.47,4.2,Moderate,4610,3.69,153384,4.41,11.42,10.12,5.17,28.76,2026-06-30,2026-06-30
Vadnais Heights,MN,"Minneapolis-St. Paul-Bloomington, MN-WI",Ramsey County,380448.4968390291,1.83,2046.2380952380952,5.74,24554.85714285714,0.538,15.5,6.45,4.2,Moderate,13108,1.13,542015,-1.76,3.41,5.41,6.16,38.97,2026-06-30,2026-06-30
Springville,AL,"Birmingham-Hoover, AL",Saint Clair County,327869.2975232338,2.14,1764.8333333333333,NA,21178,0.538,15.5,6.46,4.2,Moderate,NA,NA,NA,NA,NA,NA,NA,NA,2026-06-30,2026-06-30
Springvale,ME,"Portland-South Portland, ME",York County,351922.5458402879,-0.43,1895,NA,22740,0.538,15.5,6.46,4.2,Moderate,NA,NA,NA,NA,NA,NA,NA,NA,2026-06-30,2026-06-30
Sarasota,FL,"North Port-Sarasota-Bradenton, FL",Sarasota County,413325.3016927228,-5.11,2217.9428555730574,-1.13,26615.31426687669,0.537,15.5,6.44,4.19,Moderate,57764,4.65,476604,9.25,17.16,21.04,7.8,23.66,2026-06-30,2026-06-30
Palmdale,CA,"Los Angeles-Long Beach-Anaheim, CA",Los Angeles County,505740.9087505524,-0.19,2719.53216374269,0.64,32634.385964912282,0.538,15.5,6.45,4.19,Moderate,162536,-3.77,9757179,-2.4,0.03,6.45,4.01,53.92,2026-06-30,2026-06-30
Tyler,TX,"Tyler, TX",Smith County,255430.2535620521,-0.85,1372.1910211267605,0.87,16466.292253521126,0.537,15.5,6.45,4.19,Moderate,112219,5.6,249091,6.36,10,17.21,17.96,30.69,2026-06-30,2026-06-30
Largo,FL,"Tampa-St. Petersburg-Clearwater, FL",Pinellas County,339252.35688894434,-1.48,1822.4675925925924,0.33,21869.61111111111,0.537,15.5,6.45,4.19,Moderate,82337,-0.35,965870,0.63,3.8,18.32,8.78,30.56,2026-06-30,2026-06-30
Waterbury,CT,"New Haven-Milford, CT",New Haven County,289391.98934071395,3.19,1553.7449494949497,3.05,18644.939393939396,0.537,15.5,6.44,4.19,Moderate,115908,1.77,NA,NA,NA,NA,NA,NA,2026-06-30,2026-06-30
Plant City,FL,"Tampa-St. Petersburg-Clearwater, FL",Hillsborough County,343765.4057089943,-2.02,1847.0716575091576,0.25,22164.859890109892,0.537,15.5,6.45,4.19,Moderate,43046,8.2,1581426,7.85,12.2,7.8,6.74,38.94,2026-06-30,2026-06-30
Pottstown,PA,"Philadelphia-Camden-Wilmington, PA-NJ-DE-MD",Chester County,363950.04127154424,3,1954.0309106098584,1.97,23448.3709273183,0.537,15.5,6.44,4.19,Moderate,23553,0.52,560745,4.84,7.29,3.95,3.98,25.05,2026-06-30,2026-06-30
Chesterfield,MI,"Detroit-Warren-Dearborn, MI",Macomb County,331857.6650295945,3.86,1780.888888888889,5.29,21370.666666666668,0.537,15.5,6.44,4.19,Moderate,NA,NA,886175,0.67,8.17,4.12,3.23,25.04,2026-06-30,2026-06-30
Harker Heights,TX,"Killeen-Temple, TX",Bell County,300199.9488752294,1.03,1611.6690789473685,0.24,19340.02894736842,0.537,15.5,6.44,4.19,Moderate,35263,6.11,399578,7.3,5.6,8.76,5.74,43.84,2026-06-30,2026-06-30
Rosamond,CA,"Bakersfield, CA",Kern County,412427.9444974788,-0.87,2213.1666666666665,NA,26558,0.537,15.5,6.44,4.19,Moderate,NA,NA,922529,1.81,2.68,7.58,3.4,40.19,2026-06-30,2026-06-30
Pelham,AL,"Birmingham-Hoover, AL",Shelby County,327306.14417242486,2.14,1760.25,NA,21123,0.538,15.5,6.45,4.19,Moderate,NA,NA,NA,NA,NA,NA,NA,NA,2026-06-30,2026-06-30
Madison Heights,VA,"Lynchburg, VA",Amherst County,251351.78550433624,-0.06,1351.2698412698412,NA,16215.238095238095,0.538,15.5,6.45,4.19,Moderate,NA,NA,31650,1.08,6.16,11.18,3.07,21.6,2026-06-30,2026-06-30
Riverdale,MD,"Washington-Arlington-Alexandria, DC-VA-MD-WV",Prince Georges County,470219.6200732413,-2.87,2526.1666666666665,3.98,30314,0.537,15.5,6.45,4.19,Moderate,NA,NA,NA,NA,NA,NA,NA,NA,2026-06-30,2026-06-30
Casa Grande,AZ,"Phoenix-Mesa-Chandler, AZ",Pinal County,319278.18969730433,-1.6,1710.6412698412698,1.56,20527.69523809524,0.536,15.6,6.43,4.18,Moderate,68927,27.35,513862,19.44,51.32,12.6,6.32,19.48,2026-06-30,2026-06-30
Kyle,TX,"Austin-Round Rock-Georgetown, TX",Hays County,299897.7791317149,-7.14,1606.910334110334,-4.98,19282.924009324008,0.536,15.6,6.43,4.18,Moderate,65833,41.78,292029,19.69,29.92,5.29,3.58,35.89,2026-06-30,2026-06-30
Middletown,CT,"Hartford-East Hartford-Middletown, CT",Middlesex County,372244.8226179128,4.5,1995.565700483092,1.87,23946.788405797106,0.536,15.5,6.43,4.18,Moderate,48616,3.49,NA,NA,NA,NA,NA,NA,2026-06-30,2026-06-30
Sahuarita,AZ,"Tucson, AZ",Pima County,353352.7785438534,-2.17,1893.5829725829728,-0.36,22722.995670995675,0.536,15.6,6.43,4.18,Moderate,37448,9,1080149,3.34,11.47,9.34,5.65,35.19,2026-06-30,2026-06-30
Ladson,SC,"Charleston-North Charleston, SC",Charleston County,316475.1902851038,-2,1696.619208277103,2.77,20359.430499325237,0.536,15.5,6.43,4.18,Moderate,NA,NA,431001,5.13,9.27,14.93,11.6,36.51,2026-06-30,2026-06-30
Torrington,CT,"Torrington, CT",Litchfield County,305690.4573657157,4.46,1637.5,9.29,19650,0.536,15.6,6.43,4.18,Moderate,35673,0.88,NA,NA,NA,NA,NA,NA,2026-06-30,2026-06-30
Azle,TX,"Dallas-Fort Worth-Arlington, TX",Parker County,335524.5024234692,-1.09,1797.548412698413,3.27,21570.580952380955,0.536,15.6,6.43,4.18,Moderate,15046,12.02,179707,20.16,32.26,7.74,10.08,17.92,2026-06-30,2026-06-30
Murphy,TX,"Dallas-Fort Worth-Arlington, TX",Collin County,580424.1877470562,-4.68,3113.8888888888887,NA,37366.666666666664,0.536,15.5,6.44,4.18,Moderate,NA,NA,NA,NA,NA,NA,NA,NA,2026-06-30,2026-06-30
Sealy,TX,"Houston-The Woodlands-Sugar Land, TX",Austin County,385537.33666995313,-2.24,2066.6666666666665,NA,24800,0.536,15.5,6.43,4.18,Moderate,NA,NA,NA,NA,NA,NA,NA,NA,2026-06-30,2026-06-30
Haddon Township,NJ,"Philadelphia-Camden-Wilmington, PA-NJ-DE-MD",Camden County,503090.5571178202,11.14,2693.8333333333335,NA,32326,0.535,15.6,6.43,4.18,Moderate,NA,NA,533988,2.07,5.74,5.92,4.3,34.97,2026-06-30,2026-06-30
Alton,TX,"McAllen-Edinburg-Mission, TX",Hidalgo County,194713.64929352503,-0.19,1043.8055555555557,-0.11,12525.666666666668,0.536,15.5,6.43,4.18,Moderate,22907,24.73,914820,4.8,3.41,12.59,6.81,32.43,2026-06-30,2026-06-30
Ocean Shores,WA,"Aberdeen, WA",Grays Harbor County,342457.15849051223,-1.7,1836.111111111111,NA,22033.333333333332,0.536,15.5,6.43,4.18,Moderate,NA,NA,NA,NA,NA,NA,NA,NA,2026-06-30,2026-06-30
Summerland Key,FL,"Key West, FL",Monroe County,1085023.8748669534,0.13,5816.666666666667,NA,69800,0.536,15.5,6.43,4.18,Moderate,NA,NA,NA,NA,NA,NA,NA,NA,2026-06-30,2026-06-30
Hollywood,FL,"Miami-Fort Lauderdale-Pompano Beach, FL",Broward County,444344.3811300844,-4.11,2374.896881580577,1.57,28498.762578966926,0.534,15.6,6.41,4.17,Moderate,159073,4.09,2037472,4.84,14.84,13.18,6.08,36.74,2026-06-30,2026-06-30
Statesboro,GA,"Statesboro, GA",Bulloch County,278654.3959436964,0.79,1489.9242424242425,4.05,17879.09090909091,0.535,15.6,6.42,4.17,Moderate,35226,5.27,85454,6.93,11.02,9.91,3.75,46.73,2026-06-30,2026-06-30
Monroe,NC,"Charlotte-Concord-Gastonia, NC-SC",Union County,361535.0786679871,0.18,1933.9406565656564,1.34,23207.287878787876,0.535,15.6,6.42,4.17,Moderate,40054,15.48,263386,9.89,19.55,5.19,2.44,18.15,2026-06-30,2026-06-30
Buffalo Grove,IL,"Chicago-Naperville-Elgin, IL-IN-WI",Lake County,452276.9978975656,5.38,2418.4490740740744,2.26,29021.38888888889,0.535,15.6,6.42,4.17,Moderate,43072,-0.05,718604,0.73,3.75,4.97,4.19,25.6,2026-06-30,2026-06-30
North Platte,NE,"North Platte, NE",Lincoln County,220375.64212404937,7.12,1177.7777777777776,NA,14133.333333333332,0.534,15.6,6.41,4.17,Moderate,22549,-3.27,33319,-3.52,-1.53,12.04,4.72,35.85,2026-06-30,2026-06-30
Hummelstown,PA,"Harrisburg-Carlisle, PA",Dauphin County,392159.5578517099,3.16,2094.9166666666665,3.66,25139,0.534,15.6,6.41,4.17,Moderate,4542,0.02,293029,2.2,6.37,5.89,4.98,36.68,2026-06-30,2026-06-30
The Crossings,FL,"Miami-Fort Lauderdale-Pompano Beach, FL",Miami-Dade County,504660.07454587816,-2.39,2701.126984126984,-1.3,32413.52380952381,0.535,15.6,6.42,4.17,Moderate,NA,NA,2838461,5.29,19.88,11.11,5.36,47.81,2026-06-30,2026-06-30
Edgewater,MD,"Baltimore-Columbia-Towson, MD",Anne Arundel County,589674.7704925092,1.39,3149.6666666666665,NA,37796,0.534,15.6,6.41,4.17,Moderate,NA,NA,602350,1.51,0.69,4.79,5.5,25.04,2026-06-30,2026-06-30
Augusta,ME,"Augusta-Waterville, ME",Kennebec County,287110.6736831518,-0.38,1533.2083333333333,4.33,18398.5,0.534,15.6,6.41,4.17,Moderate,19168,1.28,128461,3,7.78,14.58,1.66,27.24,2026-06-30,2026-06-30
Beacon,NY,"Poughkeepsie-Newburgh-Middletown, NY",Dutchess County,572239.9363540533,6.07,3061.6666666666665,7.84,36740,0.535,15.6,6.42,4.17,Moderate,15292,6.77,299963,1.37,5.8,6.08,3.65,31.17,2026-06-30,2026-06-30
Inwood,WV,"Hagerstown-Martinsburg, MD-WV",Berkeley County,326822.25518176885,3.61,1747.5,NA,20970,0.535,15.6,6.42,4.17,Moderate,NA,NA,136287,11.07,22.16,5.95,1.35,24.6,2026-06-30,2026-06-30
Lebanon,NH,"Lebanon, NH-VT",Grafton County,472019.9226165114,2.89,2521.2239057239058,3.69,30254.68686868687,0.534,15.6,6.41,4.17,Moderate,15389,7.56,93045,2.03,6.08,29.86,5.37,29.04,2026-06-30,2026-06-30
Bithlo,FL,"Orlando-Kissimmee-Sanford, FL",Orange County,510325.7816712095,-0.47,2726.6666666666665,NA,32720,0.534,15.6,6.41,4.17,Moderate,NA,NA,NA,NA,NA,NA,NA,NA,2026-06-30,2026-06-30
South Tucson,AZ,"Tucson, AZ",Pima County,217993.05401134444,-4.61,1166.6666666666667,NA,14000,0.535,15.6,6.42,4.17,Moderate,NA,NA,NA,NA,NA,NA,NA,NA,2026-06-30,2026-06-30
Hialeah,FL,"Miami-Fort Lauderdale-Pompano Beach, FL",Miami-Dade County,445330.57897263457,-1.5,2374.386207290037,-0.09,28492.63448748044,0.533,15.6,6.4,4.16,Moderate,235388,5.83,2838461,5.29,19.88,11.11,5.36,47.81,2026-06-30,2026-06-30
Sanford,FL,"Orlando-Kissimmee-Sanford, FL",Seminole County,344299.5030950363,-3.09,1836.8448873783625,0.68,22042.13864854035,0.534,15.6,6.4,4.16,Moderate,66919,9.53,494605,4.91,9.63,5.97,6.62,34.24,2026-06-30,2026-06-30
Racine,WI,"Racine, WI",Racine County,221387.57778838192,4.93,1179.595238095238,2.43,14155.142857142857,0.533,15.6,6.39,4.16,Moderate,78057,-0.14,198651,0.3,6.1,6.44,5.54,28.85,2026-06-30,2026-06-30
Deland,FL,"Deltona-Daytona Beach-Ormond Beach, FL",Volusia County,338908.92439522943,-1.56,1806.9139393939397,2.21,21682.967272727277,0.533,15.6,6.4,4.16,Moderate,NA,NA,602772,8.46,21.72,14.56,6.51,27.2,2026-06-30,2026-06-30
Hanford,CA,"Hanford-Corcoran, CA",Kings County,384770.8585616321,2.4,2053.2510683760684,1.94,24639.01282051282,0.534,15.6,6.4,4.16,Moderate,60594,2.45,154913,1.38,4.25,6.34,2.45,45.18,2026-06-30,2026-06-30
Howell,MI,"Detroit-Warren-Dearborn, MI",Livingston County,387395.088673695,2.86,2067.847619047619,2.35,24814.171428571426,0.534,15.6,6.41,4.16,Moderate,9914,-1.56,196976,1.54,1.07,4.78,4.45,13.38,2026-06-30,2026-06-30
Hudsonville,MI,"Grand Rapids-Kentwood, MI",Ottawa County,430129.3609943232,5.23,2291.9166666666665,NA,27503,0.533,15.6,6.39,4.16,Moderate,NA,NA,NA,NA,NA,NA,NA,NA,2026-06-30,2026-06-30
Holyoke,MA,"Springfield, MA",Hampden County,337618.04069998884,3.89,1799.4444444444443,NA,21593.333333333332,0.533,15.6,6.4,4.16,Moderate,37838,-0.79,464151,0.09,4.76,6.59,3.41,37.78,2026-06-30,2026-06-30
Burlington Township,NJ,"Philadelphia-Camden-Wilmington, PA-NJ-DE-MD",Burlington County,398665.6004979178,1.15,2124.222222222222,NA,25490.666666666664,0.533,15.6,6.39,4.16,Moderate,NA,NA,475515,2.99,9.35,5.16,3.54,24.27,2026-06-30,2026-06-30
North Royalton,OH,"Cleveland-Elyria, OH",Cuyahoga County,347780.88167065143,3.62,1852.8055555555552,NA,22233.666666666664,0.533,15.6,6.39,4.16,Moderate,NA,NA,NA,NA,NA,NA,NA,NA,2026-06-30,2026-06-30
Lapeer,MI,"Detroit-Warren-Dearborn, MI",Lapeer County,269723.76306120603,4.37,1440,NA,17280,0.534,15.6,6.41,4.16,Moderate,NA,NA,NA,NA,NA,NA,NA,NA,2026-06-30,2026-06-30
Oakdale,MN,"Minneapolis-St. Paul-Bloomington, MN-WI",Washington County,362942.0467085232,4.22,1937.3320512820512,5.82,23247.984615384616,0.534,15.6,6.41,4.16,Moderate,30441,7.68,283960,5.8,13.75,3.39,4.74,18.85,2026-06-30,2026-06-30
Yucca Valley,CA,"Riverside-San Bernardino-Ontario, CA",San Bernardino County,360105.2899638682,-1.05,1918.689393939394,4.14,23024.272727272728,0.533,15.6,6.39,4.16,Moderate,21858,0.42,2214281,1.41,1.68,9.55,3.22,38.46,2026-06-30,2026-06-30
North Pole,AK,"Fairbanks, AK",Fairbanks North Star Borough,338180.6728137131,4.01,1801.746031746032,9.64,21620.952380952385,0.533,15.6,6.39,4.16,Moderate,2505,11.73,94951,-0.42,-15.76,15.27,8.95,38.31,2026-06-30,2026-06-30
Santa Fe,TX,"Houston-The Woodlands-Sugar Land, TX",Galveston County,337124.6071311291,0.4,1800,NA,21600,0.534,15.6,6.41,4.16,Moderate,NA,NA,NA,NA,NA,NA,NA,NA,2026-06-30,2026-06-30
Milan,IL,"Davenport-Moline-Rock Island, IA-IL",Rock Island County,197099.68939023657,6.74,1050,NA,12600,0.533,15.6,6.39,4.16,Moderate,NA,NA,NA,NA,NA,NA,NA,NA,2026-06-30,2026-06-30
Westampton Township,NJ,"Philadelphia-Camden-Wilmington, PA-NJ-DE-MD",Burlington County,429497.8802894756,1.77,2291.888888888889,NA,27502.66666666667,0.534,15.6,6.4,4.16,Moderate,NA,NA,475515,2.99,9.35,5.16,3.54,24.27,2026-06-30,2026-06-30
Marietta,PA,"Lancaster, PA",Lancaster County,322010.5192248789,4.53,1718.3333333333337,NA,20620.000000000004,0.534,15.6,6.4,4.16,Moderate,NA,NA,NA,NA,NA,NA,NA,NA,2026-06-30,2026-06-30
Oak Grove,KY,"Clarksville, TN-KY",Christian County,213687.95305623897,-0.93,1139.901098901099,3.39,13678.813186813188,0.533,15.6,6.4,4.16,Moderate,7973,0.48,71006,-2.39,-8.8,12.39,5.9,47.83,2026-06-30,2026-06-30
Whittier,NC,"Cullowhee, NC",Jackson County,337819.5808943927,-0.08,1800,NA,21600,0.533,15.6,6.39,4.16,Moderate,NA,NA,NA,NA,NA,NA,NA,NA,2026-06-30,2026-06-30
Greenwood,MO,"Kansas City, MO-KS",Jackson County,360602.0744427155,2.19,1922.5,NA,23070,0.533,15.6,6.4,4.16,Moderate,NA,NA,NA,NA,NA,NA,NA,NA,2026-06-30,2026-06-30
Mills River,NC,"Asheville, NC",Henderson County,536437.4397303564,-2.74,2862.5,NA,34350,0.534,15.6,6.4,4.16,Moderate,NA,NA,NA,NA,NA,NA,NA,NA,2026-06-30,2026-06-30
Mabank,TX,"Dallas-Fort Worth-Arlington, TX",Kaufman County,276893.82424476783,-1.5,1477.0333333333335,NA,17724.4,0.533,15.6,6.4,4.16,Moderate,7021,68.21,197829,34.42,49.26,5.77,8.22,21.41,2026-06-30,2026-06-30
Newport News,VA,"Virginia Beach-Norfolk-Newport News, VA-NC",Newport News City,297976.13392976596,2.35,1586.759035174331,6.55,19041.108422091973,0.533,15.6,6.39,4.15,Moderate,183056,-1.61,NA,NA,NA,NA,NA,NA,2026-06-30,2026-06-30
Morgantown,WV,"Morgantown, WV",Monongalia County,289582.43577722774,3.28,1539.0590172749885,4.35,18468.70820729986,0.531,15.7,6.38,4.15,Moderate,30490,1.44,108697,2.63,7.78,10.91,9.45,42.41,2026-06-30,2026-06-30
Richmond,IN,"Richmond, IN",Wayne County,163274.37967861642,5.8,869.5833333333334,NA,10435,0.533,15.6,6.39,4.15,Moderate,35561,-0.46,66410,-0.16,5.44,12.81,7.35,30.29,2026-06-30,2026-06-30
Beeville,TX,"Beeville, TX",Bee County,166875.15361218862,-2.19,887.0833333333333,NA,10645,0.532,15.7,6.38,4.15,Moderate,NA,NA,NA,NA,NA,NA,NA,NA,2026-06-30,2026-06-30
Homosassa,FL,"Homosassa Springs, FL",Citrus County,307930.8127142251,-2.74,1639.1666666666667,2.65,19670,0.532,15.7,6.39,4.15,Moderate,NA,NA,170174,10.1,32.17,16.44,8.93,15.17,2026-06-30,2026-06-30
Republic,MO,"Springfield, MO",Greene County,272078.9864720498,1.96,1447.9546703296703,1.88,17375.456043956045,0.532,15.7,6.39,4.15,Moderate,21392,13.17,307942,2.88,8.4,4.51,2.53,43.14,2026-06-30,2026-06-30
Geneva,NY,"Rochester, NY",Ontario County,232329.95056179437,5.01,1235,NA,14820,0.532,15.7,6.38,4.15,Moderate,NA,NA,NA,NA,NA,NA,NA,NA,2026-06-30,2026-06-30
Summerfield,NC,"Greensboro-High Point, NC",Guilford County,525716.4226702478,1.58,2800,NA,33600,0.533,15.6,6.39,4.15,Moderate,NA,NA,NA,NA,NA,NA,NA,NA,2026-06-30,2026-06-30
West Park,FL,"Miami-Fort Lauderdale-Pompano Beach, FL",Broward County,428874.792156576,-3.17,2284.222222222222,0.86,27410.666666666664,0.533,15.6,6.39,4.15,Moderate,15641,3.57,2037472,4.84,14.84,13.18,6.08,36.74,2026-06-30,2026-06-30
Uniontown,OH,"Akron, OH",Summit County,328978.1813437896,3.27,1750,NA,21000,0.532,15.7,6.38,4.15,Moderate,NA,NA,NA,NA,NA,NA,NA,NA,2026-06-30,2026-06-30
Alcoa,TN,"Knoxville, TN",Blount County,325206.205544173,1.39,1731.5952380952378,1.46,20779.142857142855,0.532,15.7,6.39,4.15,Moderate,13588,23.64,142211,4.83,9.42,10.61,3.93,23.05,2026-06-30,2026-06-30
Mascoutah,IL,"St. Louis, MO-IL",Saint Clair County,272092.24018235534,3.1,1447.1666666666667,NA,17366,0.532,15.7,6.38,4.15,Moderate,NA,NA,NA,NA,NA,NA,NA,NA,2026-06-30,2026-06-30
Cold Spring,KY,"Cincinnati, OH-KY-IN",Campbell County,307988.2621134785,4.09,1636.875,NA,19642.5,0.531,15.7,6.38,4.15,Moderate,NA,NA,NA,NA,NA,NA,NA,NA,2026-06-30,2026-06-30
South Lebanon,OH,"Cincinnati, OH-KY-IN",Warren County,393284.3155811929,2.43,2090.3333333333335,NA,25084,0.532,15.7,6.38,4.15,Moderate,NA,NA,NA,NA,NA,NA,NA,NA,2026-06-30,2026-06-30
Belville,NC,"Myrtle Beach-Conway-North Myrtle Beach, SC-NC",Brunswick County,338941.66621463717,-0.62,1802.4761904761904,NA,21629.714285714283,0.532,15.7,6.38,4.15,Moderate,3255,36.65,167112,20.95,48.26,31.43,24.54,16.16,2026-06-30,2026-06-30
Greensboro,NC,"Greensboro-High Point, NC",Guilford County,266363.6215654765,0.44,1414.9936997189106,2.22,16979.924396626928,0.531,15.7,6.37,4.14,Moderate,307381,3.89,558816,3.72,9.05,8.49,6.32,40.04,2026-06-30,2026-06-30
Middletown,NY,"Poughkeepsie-Newburgh-Middletown, NY",Orange County,416538.71954465983,4.3,2209.909090909091,2.94,26518.909090909092,0.531,15.7,6.37,4.14,Moderate,30188,-0.37,411767,2.69,1.95,7.51,3.61,31.57,2026-06-30,2026-06-30
Meriden,CT,"New Haven-Milford, CT",New Haven County,329604.6967087617,4.63,1748.032142857143,2.46,20976.385714285716,0.53,15.7,6.36,4.14,Moderate,60849,0.37,NA,NA,NA,NA,NA,NA,2026-06-30,2026-06-30
Bixby,OK,"Tulsa, OK",Tulsa County,335460.5426280428,1.46,1782.4166666666667,0.92,21389,0.531,15.7,6.38,4.14,Moderate,31728,10.48,693514,3.4,7.29,9.07,6.06,40.26,2026-06-30,2026-06-30
South Windsor,CT,"Hartford-East Hartford-Middletown, CT",Hartford County,448565.8937453562,4.36,2382.8190476190475,3.09,28593.82857142857,0.531,15.7,6.37,4.14,Moderate,NA,NA,NA,NA,NA,NA,NA,NA,2026-06-30,2026-06-30
Elk River,MN,"Minneapolis-St. Paul-Bloomington, MN-WI",Sherburne County,401290.35318988166,1.88,2129.422222222222,NA,25553.066666666666,0.531,15.7,6.37,4.14,Moderate,27606,6.42,103059,5.61,1.93,4.46,3.96,15.75,2026-06-30,2026-06-30
Weirton,WV,"Weirton-Steubenville, WV-OH",Hancock County,152289.36004579943,7.64,808.0833333333334,NA,9697,0.531,15.7,6.37,4.14,Moderate,18317,-4.17,28054,-3.41,1.57,9.33,7.03,25.35,2026-06-30,2026-06-30
Woodbridge,NJ,"New York-Newark-Jersey City, NY-NJ-PA",Middlesex County,493186.9957813144,2.52,2618.3888888888887,4.52,31420.666666666664,0.531,15.7,6.37,4.14,Moderate,NA,NA,890119,3.33,12.92,3.48,2.61,36.53,2026-06-30,2026-06-30
Vidalia,GA,"Vidalia, GA",Toombs County,190823.8546983647,3.46,1012.5,NA,12150,0.531,15.7,6.37,4.14,Moderate,NA,NA,NA,NA,NA,NA,NA,NA,2026-06-30,2026-06-30
Sayre,PA,"Sayre, PA",Bradford County,197619.84129898535,5.48,1050,NA,12600,0.531,15.7,6.38,4.14,Moderate,NA,NA,NA,NA,NA,NA,NA,NA,2026-06-30,2026-06-30
Carl Junction,MO,"Joplin, MO",Jasper County,259335.47489688065,1.3,1375,NA,16500,0.53,15.7,6.36,4.14,Moderate,NA,NA,NA,NA,NA,NA,NA,NA,2026-06-30,2026-06-30
Guadalupe,CA,"Santa Maria-Santa Barbara, CA",Santa Barbara County,564086.9686670915,1.47,2995,NA,35940,0.531,15.7,6.37,4.14,Moderate,NA,NA,NA,NA,NA,NA,NA,NA,2026-06-30,2026-06-30
North Chili,NY,"Rochester, NY",Monroe County,339936.8727405365,6,1804.1666666666667,NA,21650,0.531,15.7,6.37,4.14,Moderate,NA,NA,NA,NA,NA,NA,NA,NA,2026-06-30,2026-06-30
Maricopa,AZ,"Phoenix-Mesa-Chandler, AZ",Maricopa County,345384.1808772957,-3.78,1830.589316239316,1.12,21967.071794871794,0.53,15.7,6.36,4.13,Moderate,76654,30.24,4673096,5.12,9.38,8.29,5.4,34.99,2026-06-30,2026-06-30
Saint Peters,MO,"St. Louis, MO-IL",Saint Charles County,327776.245512146,3.26,1735.9329004329004,2.72,20831.194805194806,0.53,15.7,6.36,4.13,Moderate,NA,NA,NA,NA,NA,NA,NA,NA,2026-06-30,2026-06-30
Odenton,MD,"Baltimore-Columbia-Towson, MD",Anne Arundel County,477188.5345542713,-0.01,2529.094946116685,3.03,30349.13935340022,0.53,15.7,6.36,4.13,Moderate,NA,NA,602350,1.51,0.69,4.79,5.5,25.04,2026-06-30,2026-06-30
Mount Vernon,OH,"Mount Vernon, OH",Knox County,253712.70029567,6.68,1341.875,NA,16102.5,0.529,15.8,6.35,4.13,Moderate,NA,NA,NA,NA,NA,NA,NA,NA,2026-06-30,2026-06-30
Niceville,FL,"Crestview-Fort Walton Beach-Destin, FL",Okaloosa County,440951.3176619941,0.04,2336.571915722811,2.35,28038.862988673733,0.53,15.7,6.36,4.13,Moderate,17919,12.99,220483,3.95,1.51,17.91,14.17,32.25,2026-06-30,2026-06-30
Green Valley,AZ,"Tucson, AZ",Pima County,280260.72667674976,-3.42,1482.5,NA,17790,0.529,15.8,6.35,4.13,Moderate,NA,NA,1080149,3.34,11.47,9.34,5.65,35.19,2026-06-30,2026-06-30
Satellite Beach,FL,"Palm Bay-Melbourne-Titusville, FL",Brevard County,521852.37426490366,-0.8,2763.888888888889,2.44,33166.66666666667,0.53,15.7,6.36,4.13,Moderate,11367,1.22,658447,8.16,22.48,14.46,11.39,23.08,2026-06-30,2026-06-30
Hitchcock,TX,"Houston-The Woodlands-Sugar Land, TX",Galveston County,216933.71672830824,-0.68,1147.5833333333337,NA,13771.000000000004,0.529,15.8,6.35,4.13,Moderate,NA,NA,NA,NA,NA,NA,NA,NA,2026-06-30,2026-06-30
Rawlins,WY,"Rock Springs, WY",Carbon County,203180.02962199063,1.91,1076.6666666666667,NA,12920,0.53,15.7,6.36,4.13,Moderate,NA,NA,NA,NA,NA,NA,NA,NA,2026-06-30,2026-06-30
Chesterbrook,PA,"Philadelphia-Camden-Wilmington, PA-NJ-DE-MD",Chester County,525103.33539017,2.44,2780.75,NA,33369,0.53,15.7,6.35,4.13,Moderate,NA,NA,NA,NA,NA,NA,NA,NA,2026-06-30,2026-06-30
Stephenson,VA,"Winchester, VA-WV",Frederick County,463124.00507323514,0.64,2450,NA,29400,0.529,15.8,6.35,4.13,Moderate,NA,NA,NA,NA,NA,NA,NA,NA,2026-06-30,2026-06-30
Marion,NC,"Marion, NC",McDowell County,247829.0763029944,-2.26,1310,NA,15720,0.529,15.8,6.34,4.12,Moderate,NA,NA,NA,NA,NA,NA,NA,NA,2026-06-30,2026-06-30
Clarkston,GA,"Atlanta-Sandy Springs-Alpharetta, GA",Dekalb County,271400.8226457029,-3.05,1434.65,7.83,17215.800000000003,0.529,15.8,6.34,4.12,Moderate,14416,-2.15,NA,NA,NA,NA,NA,NA,2026-06-30,2026-06-30
Dublin,GA,"Dublin, GA",Laurens County,197080.29490748665,1.38,1041.9444444444443,6.59,12503.333333333332,0.529,15.8,6.34,4.12,Moderate,16233,0.43,50287,1.5,7.66,17.61,3.29,34.73,2026-06-30,2026-06-30
Bethpage,NY,"New York-Newark-Jersey City, NY-NJ-PA",Nassau County,793668.410376722,4.46,4194.444444444444,NA,50333.33333333333,0.528,15.8,6.34,4.12,Moderate,NA,NA,NA,NA,NA,NA,NA,NA,2026-06-30,2026-06-30
Jasper,IN,"Jasper, IN",Dubois County,274456.1196226452,5.73,1450,NA,17400,0.528,15.8,6.34,4.12,Moderate,NA,NA,NA,NA,NA,NA,NA,NA,2026-06-30,2026-06-30
Cohoes,NY,"Albany-Schenectady-Troy, NY",Albany County,344019.571636549,2.95,1815.9786324786328,6.04,21791.743589743593,0.528,15.8,6.33,4.12,Moderate,18530,2.34,319964,1.89,6.58,9.68,4.33,43.28,2026-06-30,2026-06-30
North Liberty,IA,"Iowa City, IA",Johnson County,313717.51092100627,2.67,1655.4908645276291,7.21,19865.89037433155,0.528,15.8,6.33,4.12,Moderate,21904,6.83,160080,4.59,6.75,7.43,6.54,41.16,2026-06-30,2026-06-30
Saint Clairsville,OH,"Wheeling, WV-OH",Belmont County,210071.98869254245,3.86,1110,NA,13320,0.528,15.8,6.34,4.12,Moderate,NA,NA,NA,NA,NA,NA,NA,NA,2026-06-30,2026-06-30
Charlestown,IN,"Louisville/Jefferson County, KY-IN",Clark County,309771.2341733296,2.27,1635.6666666666667,NA,19628,0.528,15.8,6.34,4.12,Moderate,8559,9.12,127479,5.03,14.65,8.67,9.66,25.03,2026-06-30,2026-06-30
Shallotte,NC,"Myrtle Beach-Conway-North Myrtle Beach, SC-NC",Brunswick County,322405.25851331657,1.28,1703.8395061728395,NA,20446.074074074073,0.528,15.8,6.34,4.12,Moderate,NA,NA,NA,NA,NA,NA,NA,NA,2026-06-30,2026-06-30
Prairie Grove,AR,"Fayetteville-Springdale-Rogers, AR",Washington County,323321.17088008387,4.12,1706.6666666666667,3.25,20480,0.528,15.8,6.33,4.12,Moderate,8589,20.41,266184,7.86,10.41,7.47,4.52,44.44,2026-06-30,2026-06-30
Des Moines,IA,"Des Moines-West Des Moines, IA",Polk County,213036.41651376165,0.12,1121.3593688109538,2.68,13456.312425731445,0.526,15.8,6.32,4.11,Moderate,213096,-0.31,516185,4.69,12.01,5.87,5,32.93,2026-06-30,2026-06-30
Jacksonville,NC,"Jacksonville, NC",Onslow County,264856.93569761707,3.51,1395.2973019125684,2.81,16743.56762295082,0.527,15.8,6.32,4.11,Moderate,70840,-3.32,212954,3.82,-2.31,15.6,7.82,39.04,2026-06-30,2026-06-30
Petersburg,VA,"Richmond, VA",Dinwiddie County,253907.03792557135,2.44,1336.8749535488666,5.61,16042.499442586399,0.527,15.8,6.32,4.11,Moderate,34058,1.98,28576,2.46,12.42,12.35,4.91,21.75,2026-06-30,2026-06-30
Lombard,IL,"Chicago-Naperville-Elgin, IL-IN-WI",DuPage County,395499.6996342049,5.06,2085.558080808081,2.57,25026.696969696968,0.527,15.8,6.33,4.11,Moderate,44490,0.17,937142,0.6,5.3,4.53,5.6,26.87,2026-06-30,2026-06-30
Henderson,NC,"Henderson, NC",Vance County,184425.3641953503,-1.17,972.0833333333334,0.87,11665,0.527,15.8,6.33,4.11,Moderate,14807,-1.68,42337,-0.52,3.42,17.21,1.41,42.64,2026-06-30,2026-06-30
Adelanto,CA,"Riverside-San Bernardino-Ontario, CA",San Bernardino County,399670.1087403626,1.09,2105.277777777778,6.58,25263.333333333336,0.527,15.8,6.32,4.11,Moderate,37941,-0.44,2214281,1.41,1.68,9.55,3.22,38.46,2026-06-30,2026-06-30
East Windsor Township,NJ,"Trenton-Princeton, NJ",Mercer County,483455.7690041962,-0.93,2548.3333333333335,NA,30580,0.527,15.8,6.33,4.11,Moderate,NA,NA,392138,1.46,11.79,6.07,3.03,38.11,2026-06-30,2026-06-30
Barnegat,NJ,"New York-Newark-Jersey City, NY-NJ-PA",Ocean County,510431.609651004,4.12,2687.777777777778,NA,32253.333333333336,0.527,15.8,6.32,4.11,Moderate,NA,NA,NA,NA,NA,NA,NA,NA,2026-06-30,2026-06-30
Superior,WI,"Duluth, MN-WI",Douglas County,236594.67411879817,4.26,1247.9920634920634,4.76,14975.90476190476,0.527,15.8,6.33,4.11,Moderate,26620,-0.65,44276,-0.16,0.18,17.61,4.82,27.86,2026-06-30,2026-06-30
Tullahoma,TN,"Tullahoma-Manchester, TN",Coffee County,298536.3962376606,3.5,1572.5833333333333,NA,18871,0.527,15.8,6.32,4.11,Moderate,NA,NA,NA,NA,NA,NA,NA,NA,2026-06-30,2026-06-30
Sparta Township,NJ,"New York-Newark-Jersey City, NY-NJ-PA",Sussex County,626953.5973558973,3.35,3300,NA,39600,0.526,15.8,6.32,4.11,Moderate,NA,NA,NA,NA,NA,NA,NA,NA,2026-06-30,2026-06-30
Port Jervis,NY,"Poughkeepsie-Newburgh-Middletown, NY",Orange County,323691.9038222683,0.92,1704.1666666666667,NA,20450,0.526,15.8,6.32,4.11,Moderate,8566,-1.98,411767,2.69,1.95,7.51,3.61,31.57,2026-06-30,2026-06-30
Lakeport,CA,"Clearlake, CA",Lake County,366577.25590506085,-3.03,1932.5,NA,23190,0.527,15.8,6.33,4.11,Moderate,NA,NA,NA,NA,NA,NA,NA,NA,2026-06-30,2026-06-30
Rancho Viejo,TX,"Brownsville-Harlingen, TX",Cameron County,303296.09584752,5.14,1600,NA,19200,0.528,15.8,6.33,4.11,Moderate,NA,NA,NA,NA,NA,NA,NA,NA,2026-06-30,2026-06-30
Tampa,FL,"Tampa-St. Petersburg-Clearwater, FL",Hillsborough County,380282.86271623266,-2.11,1999.046680525599,-0.89,23988.560166307187,0.526,15.9,6.31,4.1,Moderate,414547,6.69,1581426,7.85,12.2,7.8,6.74,38.94,2026-06-30,2026-06-30
Lebanon,OH,"Cincinnati, OH-KY-IN",Warren County,406228.3906658683,2.34,2134.9,8.79,25618.800000000003,0.526,15.9,6.31,4.1,Moderate,21995,5.35,256059,5.27,8.42,4.87,6.12,20.4,2026-06-30,2026-06-30
Troy,OH,"Dayton-Kettering, OH",Miami County,287472.8755821155,2.99,1510.9030303030304,1.88,18130.836363636365,0.526,15.9,6.31,4.1,Moderate,27122,2.79,111950,2.74,10.5,5.24,3.26,26.6,2026-06-30,2026-06-30
Blythewood,SC,"Columbia, SC",Richland County,345965.0349674517,0.44,1816.4444444444443,-0.41,21797.333333333332,0.525,15.9,6.3,4.1,Moderate,6733,38.54,430651,3.6,10.35,10.74,5.98,39.63,2026-06-30,2026-06-30
Columbus,NE,"Columbus, NE",Platte County,275124.62923967844,3.24,1446.6666666666667,NA,17360,0.526,15.8,6.31,4.1,Moderate,25126,4.29,35499,3.52,7.44,5.71,3.61,27.5,2026-06-30,2026-06-30
Vernon Hills,IL,"Chicago-Naperville-Elgin, IL-IN-WI",Lake County,462885.5704656315,5.32,2435.683235867446,4.17,29228.198830409354,0.526,15.8,6.31,4.1,Moderate,27002,0.66,718604,0.73,3.75,4.97,4.19,25.6,2026-06-30,2026-06-30
South Amboy,NJ,"New York-Newark-Jersey City, NY-NJ-PA",Middlesex County,534463.315490991,2.09,2810.571428571429,2.92,33726.857142857145,0.526,15.8,6.31,4.1,Moderate,10549,12.58,890119,3.33,12.92,3.48,2.61,36.53,2026-06-30,2026-06-30
Bensenville,IL,"Chicago-Naperville-Elgin, IL-IN-WI",DuPage County,355305.97015942144,4.85,1865.4,NA,22384.800000000003,0.525,15.9,6.3,4.1,Moderate,18629,-0.76,937142,0.6,5.3,4.53,5.6,26.87,2026-06-30,2026-06-30
Lumberton,TX,"Beaumont-Port Arthur, TX",Hardin County,284357.4160611476,1.25,1496,NA,17952,0.526,15.8,6.31,4.1,Moderate,NA,NA,NA,NA,NA,NA,NA,NA,2026-06-30,2026-06-30
Garland,TX,"Dallas-Fort Worth-Arlington, TX",Dallas County,289443.8301383656,-4.42,1519.4902055136909,-0.72,18233.88246616429,0.525,15.9,6.3,4.09,Moderate,250431,1.64,2656028,1.73,0.15,7.76,8.95,49.22,2026-06-30,2026-06-30
Bradenton,FL,"North Port-Sarasota-Bradenton, FL",Manatee County,353306.1267193544,-5.28,1850.3943845444517,-3.52,22204.73261453342,0.524,15.9,6.28,4.09,Moderate,58184,4.24,458352,14.12,32.53,21.45,16.3,25.31,2026-06-30,2026-06-30
Florence,AZ,"Phoenix-Mesa-Chandler, AZ",Pinal County,332026.26518544235,-2.19,1742.8968253968253,-0.15,20914.761904761905,0.525,15.9,6.3,4.09,Moderate,24891,-8.81,513862,19.44,51.32,12.6,6.32,19.48,2026-06-30,2026-06-30
Kilgore,TX,"Longview, TX",Gregg County,217354.68953552473,1.94,1140.5,-1.28,13686,0.525,15.9,6.3,4.09,Moderate,13583,1.59,126679,1.9,-0.81,11.68,5.97,40.51,2026-06-30,2026-06-30
Champlin,MN,"Minneapolis-St. Paul-Bloomington, MN-WI",Hennepin County,379952.26077797945,2.71,1990.2666666666669,NA,23883.200000000004,0.524,15.9,6.29,4.09,Moderate,23045,-3.4,1273334,-0.65,4.24,5.29,5.38,37.05,2026-06-30,2026-06-30
Stephens City,VA,"Winchester, VA-WV",Frederick County,433698.88905196264,0.42,2276.6190476190477,1.61,27319.428571428572,0.525,15.9,6.3,4.09,Moderate,2160,6.35,98109,6.75,18.52,6.22,3.38,21.98,2026-06-30,2026-06-30
Pittston,PA,"Scranton--Wilkes-Barre, PA",Luzerne County,213163.78663568592,3.48,1118.75,NA,13425,0.525,15.9,6.3,4.09,Moderate,NA,NA,NA,NA,NA,NA,NA,NA,2026-06-30,2026-06-30
Stallings,NC,"Charlotte-Concord-Gastonia, NC-SC",Union County,467520.91543805256,-0.3,2450.555555555555,NA,29406.666666666664,0.524,15.9,6.29,4.09,Moderate,17617,8.7,263386,9.89,19.55,5.19,2.44,18.15,2026-06-30,2026-06-30
Crafton,PA,"Pittsburgh, PA",Allegheny County,223958.57004557375,-1.77,1174.1666666666667,NA,14090,0.524,15.9,6.29,4.09,Moderate,5863,-3.7,1231814,-1.43,2.72,9.6,6.37,35.07,2026-06-30,2026-06-30
Silverton,OH,"Cincinnati, OH-KY-IN",Hamilton County,265181.7798671843,3.57,1390,NA,16680,0.524,15.9,6.29,4.09,Moderate,NA,NA,NA,NA,NA,NA,NA,NA,2026-06-30,2026-06-30
Emerson,GA,"Atlanta-Sandy Springs-Alpharetta, GA",Bartow County,308108.9301126975,1.82,1616.3888888888887,NA,19396.666666666664,0.525,15.9,6.3,4.09,Moderate,2192,51.7,117508,7.49,19.33,9.6,9.13,26.14,2026-06-30,2026-06-30
Providence,RI,"Providence-Warwick, RI-MA",Providence County,438893.2510141919,2.03,2293.1870613395545,3.27,27518.244736074652,0.522,15.9,6.27,4.08,Moderate,194706,2.05,675912,2.4,11.33,7.44,4.46,43.38,2026-06-30,2026-06-30
Kingsport,TN,"Kingsport-Bristol, TN-VA",Sullivan County,259314.8921839314,-0.39,1355.074074074074,6.71,16260.888888888887,0.523,15.9,6.27,4.08,Moderate,57109,2.88,162703,2.82,9.93,9.89,4.08,27.07,2026-06-30,2026-06-30
Maple Grove,MN,"Minneapolis-St. Paul-Bloomington, MN-WI",Hennepin County,432568.3154862488,1.91,2260.5623481299413,3.75,27126.748177559297,0.523,15.9,6.27,4.08,Moderate,72739,3.47,1273334,-0.65,4.24,5.29,5.38,37.05,2026-06-30,2026-06-30
Martinsburg,WV,"Hagerstown-Martinsburg, MD-WV",Berkeley County,315676.67127062357,3.78,1650.8736383442265,4.31,19810.483660130718,0.523,15.9,6.28,4.08,Moderate,19047,1.68,136287,11.07,22.16,5.95,1.35,24.6,2026-06-30,2026-06-30
Dekalb,IL,"Chicago-Naperville-Elgin, IL-IN-WI",DeKalb County,262112.8880102643,4.68,1371.3425925925924,7.93,16456.11111111111,0.523,15.9,6.28,4.08,Moderate,NA,NA,101335,0.96,4.64,5.27,2.95,39.14,2026-06-30,2026-06-30
Hutto,TX,"Austin-Round Rock-Georgetown, TX",Williamson County,337629.46760941803,-7.23,1764.2982192615812,-1.74,21171.578631138975,0.523,15.9,6.27,4.08,Moderate,42661,51.89,727480,18.17,29.75,3.91,3.51,32.92,2026-06-30,2026-06-30
Magnolia,TX,"Houston-The Woodlands-Sugar Land, TX",Montgomery County,365989.14080513595,-2.04,1913.658129231382,-1.59,22963.897550776583,0.523,15.9,6.27,4.08,Moderate,6506,165.99,749613,19.86,40.55,7.22,7.84,28.27,2026-06-30,2026-06-30
Plainfield,IN,"Indianapolis-Carmel-Anderson, IN",Hendricks County,338876.21551643655,1.46,1774.301089324619,2.19,21291.613071895426,0.524,15.9,6.28,4.08,Moderate,37796,8.3,190629,8.55,15.38,3.79,5.03,22.15,2026-06-30,2026-06-30
Chapin,SC,"Columbia, SC",Lexington County,448393.0488502972,1.85,2344.5,NA,28134,0.523,15.9,6.27,4.08,Moderate,1934,6.5,313774,6.37,11.83,7.71,3.5,23.15,2026-06-30,2026-06-30
Brazil,IN,"Terre Haute, IN",Clay County,195788.4914678831,1.53,1025,NA,12300,0.524,15.9,6.28,4.08,Moderate,NA,NA,NA,NA,NA,NA,NA,NA,2026-06-30,2026-06-30
Highland Mills,NY,"Poughkeepsie-Newburgh-Middletown, NY",Orange County,545216.3904570765,2.81,2850,NA,34200,0.523,15.9,6.27,4.08,Moderate,NA,NA,NA,NA,NA,NA,NA,NA,2026-06-30,2026-06-30
Pembroke Pines,FL,"Miami-Fort Lauderdale-Pompano Beach, FL",Broward County,489022.5350280612,-3.03,2549.956017111336,-0.82,30599.472205336035,0.521,16,6.26,4.07,Moderate,179326,4.82,2037472,4.84,14.84,13.18,6.08,36.74,2026-06-30,2026-06-30
Bethlehem,PA,"Allentown-Bethlehem-Easton, PA-NJ",Northampton County,366727.0052831241,3.68,1915.8177288224497,3.14,22989.812745869396,0.522,16,6.27,4.07,Moderate,79453,4.95,322989,3.25,8.06,5.53,2.64,28.88,2026-06-30,2026-06-30
Hot Springs,AR,"Hot Springs, AR",Garland County,248546.4759866752,-0.05,1297.3333333333333,5.96,15568,0.522,16,6.26,4.07,Moderate,37971,0.09,99902,-0.36,6.83,16.75,7.72,30.77,2026-06-30,2026-06-30
Stillwater,OK,"Stillwater, OK",Payne County,271933.66733937006,4.81,1418.42333105491,6.38,17021.07997265892,0.522,16,6.26,4.07,Moderate,50138,3.61,84199,3.12,3.69,12.36,8.97,49.09,2026-06-30,2026-06-30
Normal,IL,"Bloomington, IL",McLean County,269010.9847172765,-0.34,1403.3009615384617,1.96,16839.61153846154,0.522,16,6.26,4.07,Moderate,53304,0.53,172069,0.49,1.98,8.05,6.82,34.78,2026-06-30,2026-06-30
Milledgeville,GA,"Milledgeville, GA",Baldwin County,247441.9356266275,4.92,1291.6666666666667,3.06,15500,0.522,16,6.26,4.07,Moderate,16664,-2.13,43644,-0.34,8.16,20.34,13.1,35.78,2026-06-30,2026-06-30
Morehead,KY,NA,Rowan County,185864.3944244821,-2.51,969.1666666666666,NA,11630,0.521,16,6.26,4.07,Moderate,6789,-5.12,24675,-0.19,5.59,11.65,6.71,36.92,2026-06-30,2026-06-30
Helena,AL,"Birmingham-Hoover, AL",Shelby County,366245.8878135537,2.22,1912.75,NA,22953,0.522,16,6.27,4.07,Moderate,22200,5.23,235969,5.38,7.09,5.94,5.41,18.74,2026-06-30,2026-06-30
Benbrook,TX,"Dallas-Fort Worth-Arlington, TX",Tarrant County,320105.5834274071,-0.53,1669.4761904761906,5.2,20033.714285714286,0.522,16,6.26,4.07,Moderate,24542,0.2,2230708,5.41,8.74,7.08,7.73,40.64,2026-06-30,2026-06-30
Guilford,CT,"New Haven-Milford, CT",New Haven County,647152.6415849396,4.48,3375,NA,40500,0.522,16,6.26,4.07,Moderate,NA,NA,NA,NA,NA,NA,NA,NA,2026-06-30,2026-06-30
Roscoe,IL,"Rockford, IL",Winnebago County,316578.57525713946,8.43,1653.3333333333337,NA,19840.000000000004,0.522,16,6.27,4.07,Moderate,NA,NA,NA,NA,NA,NA,NA,NA,2026-06-30,2026-06-30
Trenton,MI,"Detroit-Warren-Dearborn, MI",Wayne County,248295.62203130787,2.59,1295,NA,15540,0.522,16,6.26,4.07,Moderate,NA,NA,NA,NA,NA,NA,NA,NA,2026-06-30,2026-06-30
Pendleton,SC,"Greenville-Anderson, SC",Anderson County,286375.0879285988,0.89,1495.687830687831,1.53,17948.253968253972,0.522,16,6.27,4.07,Moderate,3697,5.72,217183,6.36,15.37,9.75,8.93,24.56,2026-06-30,2026-06-30
Louisville,KY,"Louisville/Jefferson County, KY-IN",Jefferson County,267769.60968433646,1.07,1394.0783672199962,2.21,16728.940406639955,0.521,16,6.25,4.06,Moderate,NA,NA,793881,1.4,11.59,7.97,6.02,38.18,2026-06-30,2026-06-30
Miramar,FL,"Miami-Fort Lauderdale-Pompano Beach, FL",Broward County,520975.1779707731,-2.6,2710.469903842061,-0.31,32525.63884610473,0.52,16,6.24,4.06,Moderate,143242,6.48,2037472,4.84,14.84,13.18,6.08,36.74,2026-06-30,2026-06-30
Hamilton,OH,"Cincinnati, OH-KY-IN",Butler County,310584.18296954304,3.61,1616.9651515151515,5.46,19403.581818181818,0.521,16,6.25,4.06,Moderate,63953,0.84,399542,2.21,8.05,6.17,4.38,30.13,2026-06-30,2026-06-30
Norman,OK,"Oklahoma City, OK",Cleveland County,265750.6040661882,1.28,1382.836155505878,3.09,16594.033866070535,0.52,16,6.24,4.06,Moderate,131010,2.21,303952,2.6,5.34,6.41,5.83,35.92,2026-06-30,2026-06-30
Perris,CA,"Riverside-San Bernardino-Ontario, CA",Riverside County,544653.7293203924,0.13,2833.1190476190477,6.17,33997.42857142857,0.52,16,6.24,4.06,Moderate,83032,5.33,2529933,4.34,7.33,11.37,4.89,31.14,2026-06-30,2026-06-30
San Tan Valley,AZ,"Phoenix-Mesa-Chandler, AZ",Pinal County,395552.1894654848,-2.97,2057.974773755656,0.1,24695.697285067872,0.52,16,6.24,4.06,Moderate,NA,NA,513862,19.44,51.32,12.6,6.32,19.48,2026-06-30,2026-06-30
Hempstead,NY,"New York-Newark-Jersey City, NY-NJ-PA",Nassau County,647376.4380376159,3.98,3369.8333333333335,NA,40438,0.521,16,6.25,4.06,Moderate,59569,1.19,1392438,0.13,2.32,4.56,4.6,18.07,2026-06-30,2026-06-30
Zanesville,OH,"Zanesville, OH",Muskingum County,205679.57615525823,1.63,1069.625,2.58,12835.5,0.52,16,6.24,4.06,Moderate,24916,0.57,86582,0.14,3.95,10.69,4.5,31.26,2026-06-30,2026-06-30
Desert Hot Springs,CA,"Riverside-San Bernardino-Ontario, CA",Riverside County,378800.7304902808,-2.58,1970.4131054131055,1.03,23644.957264957266,0.52,16,6.24,4.06,Moderate,33917,4.19,2529933,4.34,7.33,11.37,4.89,31.14,2026-06-30,2026-06-30
Tarpon Springs,FL,"Tampa-St. Petersburg-Clearwater, FL",Pinellas County,391501.8125333995,-3.64,2038.4924585218705,1.02,24461.909502262446,0.521,16,6.25,4.06,Moderate,26168,4.04,965870,0.63,3.8,18.32,8.78,30.56,2026-06-30,2026-06-30
Sun City West,AZ,"Phoenix-Mesa-Chandler, AZ",Maricopa County,378130.0146840262,-2.56,1970,4.56,23640,0.521,16,6.25,4.06,Moderate,NA,NA,4673096,5.12,9.38,8.29,5.4,34.99,2026-06-30,2026-06-30
West Melbourne,FL,"Palm Bay-Melbourne-Titusville, FL",Brevard County,374570.4129010155,-2.1,1947.8494668911335,2.83,23374.193602693602,0.52,16,6.24,4.06,Moderate,31378,18.06,658447,8.16,22.48,14.46,11.39,23.08,2026-06-30,2026-06-30
Westbrook,ME,"Portland-South Portland, ME",Cumberland County,466358.95906757744,0.04,2426.8440545808967,NA,29122.12865497076,0.52,16,6.24,4.06,Moderate,21386,4.65,313809,3.36,8.17,14.2,3.63,29.63,2026-06-30,2026-06-30
Port Neches,TX,"Beaumont-Port Arthur, TX",Jefferson County,249454.83537201685,5.07,1300,NA,15600,0.521,16,6.25,4.06,Moderate,NA,NA,NA,NA,NA,NA,NA,NA,2026-06-30,2026-06-30
Hewitt,TX,"Waco, TX",McLennan County,303111.125281098,-0.88,1577.3,1.9,18927.6,0.52,16,6.24,4.06,Moderate,16749,4.23,270358,3.51,2.79,10.47,4.56,38.83,2026-06-30,2026-06-30
Dallas,TX,"Dallas-Fort Worth-Arlington, TX",Dallas County,311326.0237093708,-2.65,1618.1136640119778,0.32,19417.363968143734,0.52,16,6.24,4.05,Moderate,1326087,1.74,2656028,1.73,0.15,7.76,8.95,49.22,2026-06-30,2026-06-30
Grand Rapids,MI,"Grand Rapids-Kentwood, MI",Kent County,313550.78675387584,2.76,1626.8495903550595,2.94,19522.195084260715,0.519,16.1,6.23,4.05,Moderate,200117,0.7,673002,2.2,7.09,4.57,4.07,29.64,2026-06-30,2026-06-30
Reading,PA,"Reading, PA",Berks County,268713.6965839324,3.21,1395.0983397190294,4.37,16741.180076628352,0.519,16.1,6.23,4.05,Moderate,96000,1.07,439117,2.43,7.84,5.52,4.51,28.95,2026-06-30,2026-06-30
New Britain,CT,"Hartford-East Hartford-Middletown, CT",Hartford County,313634.7836624495,6.89,1627.012663398693,5.04,19524.151960784315,0.519,16.1,6.23,4.05,Moderate,75871,4.01,NA,NA,NA,NA,NA,NA,2026-06-30,2026-06-30
Ringgold,GA,"Chattanooga, TN-GA",Catoosa County,320898.89998811326,1.55,1666.5370370370372,3.88,19998.444444444445,0.519,16,6.23,4.05,Moderate,3425,0.23,68940,1.37,6.4,7.55,4.75,24.92,2026-06-30,2026-06-30
Kerrville,TX,"Kerrville, TX",Kerr County,356784.0213576222,-2.81,1852.9761904761904,3.65,22235.714285714283,0.519,16,6.23,4.05,Moderate,25141,3.28,53900,2.28,6.09,12.47,6.08,29.61,2026-06-30,2026-06-30
Branford,CT,"New Haven-Milford, CT",New Haven County,474054.1764634634,6.74,2464.037037037037,5.54,29568.444444444445,0.52,16,6.24,4.05,Moderate,NA,NA,NA,NA,NA,NA,NA,NA,2026-06-30,2026-06-30
Sneads Ferry,NC,"Jacksonville, NC",Onslow County,378137.3388597192,1.42,1964.7973484848487,6.11,23577.568181818184,0.52,16,6.24,4.05,Moderate,NA,NA,212954,3.82,-2.31,15.6,7.82,39.04,2026-06-30,2026-06-30
Excelsior Springs,MO,"Kansas City, MO-KS",Clay County,230075.06549063255,1,1195,NA,14340,0.519,16,6.23,4.05,Moderate,NA,NA,NA,NA,NA,NA,NA,NA,2026-06-30,2026-06-30
Myrtle Beach,SC,"Myrtle Beach-Conway-North Myrtle Beach, SC-NC",Horry County,323460.0724334296,-0.52,1676.0288725690195,-0.38,20112.346470828234,0.518,16.1,6.22,4.04,Moderate,40535,12.68,413391,16.85,39.46,28.98,22.81,24.16,2026-06-30,2026-06-30
Owensboro,KY,"Owensboro, KY",Daviess County,216393.5453604701,2.58,1121.2777777777776,4.33,13455.333333333332,0.518,16.1,6.22,4.04,Moderate,60675,0.65,104457,1.02,3.49,6.88,4.93,33.23,2026-06-30,2026-06-30
Harrisonburg,VA,"Harrisonburg, VA",Rockingham County,356744.1692040711,4.2,1847.783585858586,5.35,22173.403030303034,0.518,16.1,6.22,4.04,Moderate,51164,-1.05,87674,4.65,13.22,11.21,2.09,24.82,2026-06-30,2026-06-30
Grand Island,NE,"Grand Island, NE",Hall County,258203.24037863337,0.99,1336.7222222222224,0.8,16040.666666666668,0.518,16.1,6.21,4.04,Moderate,53250,0.42,62869,0.15,-2.82,3.83,1.82,36.76,2026-06-30,2026-06-30
Pineville,LA,"Alexandria, LA",Rapides Parish,200008.0238842806,1.13,1036.5555555555554,3.6,12438.666666666664,0.518,16.1,6.22,4.04,Moderate,13966,-2.89,125899,-2.9,-3.65,16.57,7.31,34.71,2026-06-30,2026-06-30
Eustis,FL,"Orlando-Kissimmee-Sanford, FL",Lake County,338814.2285171727,-1.79,1753.738888888889,3.97,21044.86666666667,0.518,16.1,6.21,4.04,Moderate,25067,7.89,444204,15.01,42.09,12.7,9.37,23.35,2026-06-30,2026-06-30
Bastrop,TX,"Austin-Round Rock-Georgetown, TX",Bastrop County,354169.7714956628,-4.42,1835.510754604872,0.41,22026.129055258465,0.518,16.1,6.22,4.04,Moderate,12720,29.9,114931,17.19,29.46,8.11,1.42,24.28,2026-06-30,2026-06-30
Olivehurst,CA,"Yuba City, CA",Yuba County,451232.6555710237,-2.43,2335.4166666666665,NA,28025,0.518,16.1,6.21,4.04,Moderate,NA,NA,87469,6.67,15.14,6.73,3.31,36.68,2026-06-30,2026-06-30
Burbank,IL,"Chicago-Naperville-Elgin, IL-IN-WI",Cook County,318423.45380714355,6.58,1650,NA,19800,0.518,16.1,6.22,4.04,Moderate,NA,NA,NA,NA,NA,NA,NA,NA,2026-06-30,2026-06-30
Saint Joseph,MI,"Niles, MI",Berrien County,343445.5954377705,5.38,1778.3333333333333,4.71,21340,0.518,16.1,6.21,4.04,Moderate,NA,NA,NA,NA,NA,NA,NA,NA,2026-06-30,2026-06-30
Cottonwood,CA,"Red Bluff, CA",Tehama County,375952.3817913934,0.99,1945.7222222222224,NA,23348.666666666668,0.518,16.1,6.21,4.04,Moderate,NA,NA,NA,NA,NA,NA,NA,NA,2026-06-30,2026-06-30
Hanceville,AL,"Cullman, AL",Cullman County,217892.7110935404,1.19,1127.3333333333337,NA,13528.000000000004,0.517,16.1,6.21,4.04,Moderate,NA,NA,NA,NA,NA,NA,NA,NA,2026-06-30,2026-06-30
Bellmawr,NJ,"Philadelphia-Camden-Wilmington, PA-NJ-DE-MD",Camden County,320455.60053367773,0.27,1661.6666666666667,NA,19940,0.519,16.1,6.22,4.04,Moderate,11846,1.28,533988,2.07,5.74,5.92,4.3,34.97,2026-06-30,2026-06-30
Barling,AR,"Fort Smith, AR-OK",Sebastian County,198044.1354534441,3.93,1026,NA,12312,0.518,16.1,6.22,4.04,Moderate,NA,NA,NA,NA,NA,NA,NA,NA,2026-06-30,2026-06-30
Perry,IA,"Des Moines-West Des Moines, IA",Dallas County,176167.03796330086,2.04,913,NA,10956,0.518,16.1,6.22,4.04,Moderate,NA,NA,NA,NA,NA,NA,NA,NA,2026-06-30,2026-06-30
Melbourne,FL,"Palm Bay-Melbourne-Titusville, FL",Brevard County,359920.4440764238,-2.23,1861.89203207214,-0.25,22342.70438486568,0.517,16.1,6.21,4.03,Moderate,87561,2.92,658447,8.16,22.48,14.46,11.39,23.08,2026-06-30,2026-06-30
Evanston,IL,"Chicago-Naperville-Elgin, IL-IN-WI",Cook County,496114.02445506846,7.68,2561.6498309861213,5.25,30739.797971833454,0.516,16.1,6.2,4.03,Moderate,76006,-2.33,5182617,-1.6,5.9,8.18,4.67,42.49,2026-06-30,2026-06-30
Warwick,RI,"Providence-Warwick, RI-MA",Kent County,429195.1344023158,4.01,2219.6031746031745,5.42,26635.23809523809,0.517,16.1,6.21,4.03,Moderate,83554,0.84,172450,1.19,6.54,4.69,3.57,27.85,2026-06-30,2026-06-30
Skokie,IL,"Chicago-Naperville-Elgin, IL-IN-WI",Cook County,435880.09287381166,6.59,2249.8062917474685,4.05,26997.67550096962,0.516,16.1,6.19,4.03,Moderate,65850,-2.72,5182617,-1.6,5.9,8.18,4.67,42.49,2026-06-30,2026-06-30
Belton,TX,"Killeen-Temple, TX",Bell County,316860.8785366607,-2.02,1638.105291005291,-1.32,19657.263492063492,0.517,16.1,6.2,4.03,Moderate,25635,10.84,399578,7.3,5.6,8.76,5.74,43.84,2026-06-30,2026-06-30
Ocoee,FL,"Orlando-Kissimmee-Sanford, FL",Orange County,416126.94114492694,-2.62,2148.103157894737,-0.06,25777.23789473684,0.516,16.1,6.19,4.03,Moderate,51269,7.94,1533646,7.12,16.48,11.72,10.93,42.64,2026-06-30,2026-06-30
Nottingham,MD,"Baltimore-Columbia-Towson, MD",Baltimore County,344820.8415041519,1.05,1782.219696969697,1.59,21386.636363636364,0.517,16.1,6.2,4.03,Moderate,NA,NA,852425,-0.11,3.96,5.75,5.61,33.67,2026-06-30,2026-06-30
Dumfries,VA,"Washington-Arlington-Alexandria, DC-VA-MD-WV",Prince William County,600418.0132613056,0.5,3099.1309523809523,5.7,37189.57142857143,0.516,16.1,6.19,4.03,Moderate,5978,4.53,497003,2.93,3.17,3.52,5.04,25.62,2026-06-30,2026-06-30
Wendell,NC,"Raleigh-Cary, NC",Wake County,371917.9945416442,-1.18,1919.2720821661997,-1.75,23031.264985994396,0.516,16.1,6.19,4.03,Moderate,16845,68.6,1232444,9,18.32,7.54,9.49,35.57,2026-06-30,2026-06-30
Covington,TN,"Memphis, TN-MS-AR",Tipton County,212661.936343314,4.19,1100,NA,13200,0.517,16.1,6.21,4.03,Moderate,NA,NA,NA,NA,NA,NA,NA,NA,2026-06-30,2026-06-30
Ellenton,FL,"North Port-Sarasota-Bradenton, FL",Manatee County,389559.721453167,-6.72,2014.388888888889,-0.57,24172.666666666668,0.517,16.1,6.21,4.03,Moderate,NA,NA,458352,14.12,32.53,21.45,16.3,25.31,2026-06-30,2026-06-30
Canyon Lake,CA,"Riverside-San Bernardino-Ontario, CA",Riverside County,706170.917641981,0.72,3650,NA,43800,0.517,16.1,6.2,4.03,Moderate,NA,NA,NA,NA,NA,NA,NA,NA,2026-06-30,2026-06-30
Lockbourne,OH,"Columbus, OH",Pickaway County,316365.68225970067,0.45,1632.611111111111,NA,19591.333333333332,0.516,16.1,6.19,4.03,Moderate,NA,NA,NA,NA,NA,NA,NA,NA,2026-06-30,2026-06-30
Miami,FL,"Miami-Fort Lauderdale-Pompano Beach, FL",Miami-Dade County,582620.949958354,-0.72,3004.1309321129097,0.28,36049.571185354915,0.516,16.2,6.19,4.02,Moderate,487014,9.98,2838461,5.29,19.88,11.11,5.36,47.81,2026-06-30,2026-06-30
Bryan,TX,"College Station-Bryan, TX",Brazos County,277010.6029724972,0.88,1427.7364685004438,0.52,17132.837622005325,0.515,16.2,6.18,4.02,Moderate,91541,8.51,249624,6.44,3.39,10.8,8.47,53.21,2026-06-30,2026-06-30
Tulare,CA,"Visalia, CA",Tulare County,359149.3640066111,0.64,1849.2222222222224,2.02,22190.666666666668,0.515,16.2,6.18,4.02,Moderate,72601,4.71,483546,2.03,-1.06,6.89,2.76,41.38,2026-06-30,2026-06-30
Navarre,FL,"Pensacola-Ferry Pass-Brent, FL",Santa Rosa County,420498.1473622252,0.81,2169.613888888889,4.85,26035.36666666667,0.516,16.2,6.19,4.02,Moderate,NA,NA,207653,9.86,19.76,8.97,3.52,20.02,2026-06-30,2026-06-30
Marshalltown,IA,"Marshalltown, IA",Marshall County,180381.68001529947,3.48,930,NA,11160,0.516,16.2,6.19,4.02,Moderate,NA,NA,NA,NA,NA,NA,NA,NA,2026-06-30,2026-06-30
Dickson,TN,"Nashville-Davidson--Murfreesboro--Franklin, TN",Dickson County,350718.47902522987,1.95,1807.5555555555557,NA,21690.666666666668,0.515,16.2,6.18,4.02,Moderate,16878,5.04,57641,5.85,14.43,9.08,7.66,19.72,2026-06-30,2026-06-30
Crystal,MN,"Minneapolis-St. Paul-Bloomington, MN-WI",Hennepin County,325660.90545060317,2.15,1679.0444444444445,NA,20148.533333333333,0.516,16.2,6.19,4.02,Moderate,22082,-5.01,1273334,-0.65,4.24,5.29,5.38,37.05,2026-06-30,2026-06-30
Clemson,SC,"Greenville-Anderson, SC",Pickens County,413002.2810282361,1.05,2129,14.11,25548,0.515,16.2,6.19,4.02,Moderate,18610,4.82,138207,4.95,11.74,10.9,6.6,29.48,2026-06-30,2026-06-30
Greenfield,MA,"Springfield, MA",Franklin County,344146.3876163417,1.03,1773.3333333333333,NA,21280,0.515,16.2,6.18,4.02,Moderate,NA,NA,NA,NA,NA,NA,NA,NA,2026-06-30,2026-06-30
Clinton,CT,"Hartford-East Hartford-Middletown, CT",Middlesex County,474982.04359007016,6.08,2450,NA,29400,0.516,16.2,6.19,4.02,Moderate,NA,NA,NA,NA,NA,NA,NA,NA,2026-06-30,2026-06-30
Ellenville,NY,"Kingston, NY",Ulster County,310695.4546660643,4.59,1600,NA,19200,0.515,16.2,6.18,4.02,Moderate,NA,NA,NA,NA,NA,NA,NA,NA,2026-06-30,2026-06-30
Holly Ridge,NC,"Jacksonville, NC",Onslow County,349073.2257627075,3.08,1801.05,2.9,21612.6,0.516,16.2,6.19,4.02,Moderate,5766,35.89,212954,3.82,-2.31,15.6,7.82,39.04,2026-06-30,2026-06-30
Allenhurst,GA,"Hinesville, GA",Long County,273635.6886621296,1.42,1410,NA,16920,0.515,16.2,6.18,4.02,Moderate,NA,NA,NA,NA,NA,NA,NA,NA,2026-06-30,2026-06-30
Lancaster,CA,"Los Angeles-Long Beach-Anaheim, CA",Los Angeles County,467566.918868968,-0.86,2402.5811846689894,0.47,28830.974216027873,0.514,16.2,6.17,4.01,Moderate,167426,-3.33,9757179,-2.4,0.03,6.45,4.01,53.92,2026-06-30,2026-06-30
Livonia,MI,"Detroit-Warren-Dearborn, MI",Wayne County,323035.3597127094,2.84,1661.8333333333333,3.22,19942,0.514,16.2,6.17,4.01,Moderate,93113,-2.41,1771063,-1.04,3.75,12.9,4.58,35.52,2026-06-30,2026-06-30
Winchester,CA,"Riverside-San Bernardino-Ontario, CA",Riverside County,667758.5901725094,-1.91,3435.222222222222,4.59,41222.666666666664,0.514,16.2,6.17,4.01,Moderate,NA,NA,2529933,4.34,7.33,11.37,4.89,31.14,2026-06-30,2026-06-30
Manor,TX,"Austin-Round Rock-Georgetown, TX",Travis County,319998.952380808,-6.4,1644.7474689254211,-2.33,19736.969627105052,0.514,16.2,6.17,4.01,Moderate,21500,52.58,1363767,5.18,4.41,5.57,4.27,46.97,2026-06-30,2026-06-30
Fair Lawn,NJ,"New York-Newark-Jersey City, NY-NJ-PA",Bergen County,733536.707728393,6.38,3771.944444444445,NA,45263.333333333336,0.514,16.2,6.17,4.01,Moderate,NA,NA,NA,NA,NA,NA,NA,NA,2026-06-30,2026-06-30
Meadville,PA,"Meadville, PA",Crawford County,169192.8360013654,11.45,870.8333333333334,NA,10450,0.515,16.2,6.18,4.01,Moderate,NA,NA,NA,NA,NA,NA,NA,NA,2026-06-30,2026-06-30
Gibsonia,PA,"Pittsburgh, PA",Allegheny County,486778.5728709555,4.92,2500,NA,30000,0.514,16.2,6.16,4.01,Moderate,NA,NA,NA,NA,NA,NA,NA,NA,2026-06-30,2026-06-30
Columbia Heights,MN,"Minneapolis-St. Paul-Bloomington, MN-WI",Anoka County,305047.7689682983,1.7,1566.3555555555556,5.5,18796.266666666666,0.513,16.2,6.16,4.01,Moderate,22358,1.89,376840,3.38,6.34,2.91,3.32,20.04,2026-06-30,2026-06-30
Mars,PA,"Pittsburgh, PA",Butler County,555575.3121252725,1.91,2856.527777777778,NA,34278.333333333336,0.514,16.2,6.17,4.01,Moderate,1415,-3.08,199341,2.72,5.8,7.12,5.23,23.63,2026-06-30,2026-06-30
Lago Vista,TX,"Austin-Round Rock-Georgetown, TX",Travis County,401442.2306120924,-5.05,2065.722222222222,1.58,24788.666666666664,0.515,16.2,6.17,4.01,Moderate,10201,13.55,1363767,5.18,4.41,5.57,4.27,46.97,2026-06-30,2026-06-30
West Dundee,IL,"Chicago-Naperville-Elgin, IL-IN-WI",Kane County,429290.29776889406,3.14,2207.7833333333333,3.77,26493.4,0.514,16.2,6.17,4.01,Moderate,7906,0.29,520997,0.89,3.7,3.54,3.6,24.26,2026-06-30,2026-06-30
Alvarado,TX,"Dallas-Fort Worth-Arlington, TX",Johnson County,307794.8387998517,-0.79,1582.4444444444443,NA,18989.333333333332,0.514,16.2,6.17,4.01,Moderate,NA,NA,NA,NA,NA,NA,NA,NA,2026-06-30,2026-06-30
Acworth,GA,"Atlanta-Sandy Springs-Alpharetta, GA",Cobb County,413758.0907733267,-2.39,2122.0768303186906,3.59,25464.921963824287,0.513,16.2,6.15,4,Moderate,22624,0.87,787538,2.76,2.77,5.82,5.06,33.01,2026-06-30,2026-06-30
Monroe,MI,"Monroe, MI",Monroe County,224906.74460194507,6.25,1152.5,3.53,13830,0.512,16.3,6.15,4,Moderate,20177,-1.34,156045,0.73,5.79,5.72,2.73,18.84,2026-06-30,2026-06-30
Xenia,OH,"Dayton-Kettering, OH",Greene County,260021.60253316583,5.37,1334.888888888889,2.52,16018.666666666668,0.513,16.2,6.16,4,Moderate,26067,2.4,172347,2.51,11.6,6.18,4.42,32.42,2026-06-30,2026-06-30
Opelika,AL,"Auburn-Opelika, AL",Lee County,312455.536945795,3.45,1600.3333333333333,5.05,19204,0.512,16.3,6.15,4,Moderate,35005,12.66,187847,7.43,16.52,12.34,6.97,34.27,2026-06-30,2026-06-30
Aubrey,TX,"Dallas-Fort Worth-Arlington, TX",Denton County,349612.26082758297,-7.62,1795.0963163723263,-0.64,21541.155796467916,0.513,16.2,6.16,4,Moderate,8843,64.58,1045120,14.28,23.72,4.75,5.09,34.63,2026-06-30,2026-06-30
Danville,IN,"Indianapolis-Carmel-Anderson, IN",Hendricks County,346976.4247939167,2.33,1779.25,NA,21351,0.513,16.3,6.15,4,Moderate,NA,NA,NA,NA,NA,NA,NA,NA,2026-06-30,2026-06-30
Glens Falls,NY,"Glens Falls, NY",Warren County,276582.0228198277,5.07,1418.75,8.34,17025,0.513,16.2,6.16,4,Moderate,14455,-2.23,65288,-0.49,-0.2,25.23,7.85,28.53,2026-06-30,2026-06-30
Wharton,NJ,"New York-Newark-Jersey City, NY-NJ-PA",Morris County,505395.3752391141,0.89,2591.6666666666665,NA,31100,0.513,16.3,6.15,4,Moderate,NA,NA,NA,NA,NA,NA,NA,NA,2026-06-30,2026-06-30
Jamestown,ND,"Jamestown, ND",Stutsman County,217888.56611028305,7.33,1117.3333333333333,1.17,13408,0.513,16.3,6.15,4,Moderate,15789,-0.19,21546,-0.04,1.62,10.6,10.94,36.36,2026-06-30,2026-06-30
Indian Harbour Beach,FL,"Palm Bay-Melbourne-Titusville, FL",Brevard County,461147.0440459126,-0.9,2366.6,7.26,28399.199999999997,0.513,16.2,6.16,4,Moderate,9006,-0.12,658447,8.16,22.48,14.46,11.39,23.08,2026-06-30,2026-06-30
Lauderdale,MN,"Minneapolis-St. Paul-Bloomington, MN-WI",Ramsey County,313031.3763989162,0.15,1605,NA,19260,0.513,16.3,6.15,4,Moderate,NA,NA,NA,NA,NA,NA,NA,NA,2026-06-30,2026-06-30
Fort Wayne,IN,"Fort Wayne, IN",Allen County,250667.88822612408,2.59,1281.0297671139776,6.18,15372.35720536773,0.511,16.3,6.13,3.99,Moderate,273203,3.33,399295,3.41,6.04,6.25,5.58,30.87,2026-06-30,2026-06-30
Boca Raton,FL,"Miami-Fort Lauderdale-Pompano Beach, FL",Palm Beach County,575478.5374400254,0.68,2940.4132787362155,3.02,35284.959344834584,0.511,16.3,6.13,3.99,Moderate,102238,4.06,1582055,5.87,15.98,16.36,6.94,30.14,2026-06-30,2026-06-30
Waldorf,MD,"Washington-Arlington-Alexandria, DC-VA-MD-WV",Charles County,439312.1714588701,-1.47,2248.6998224728486,4.16,26984.397869674183,0.512,16.3,6.14,3.99,Moderate,NA,NA,174478,4.67,11.92,4.53,4.55,18.77,2026-06-30,2026-06-30
Norristown,PA,"Philadelphia-Camden-Wilmington, PA-NJ-DE-MD",Montgomery County,344717.4923725195,1.98,1763.106368028107,2.74,21157.276416337285,0.511,16.3,6.14,3.99,Moderate,36075,0.95,879190,2.6,7.92,4.35,5.68,28.27,2026-06-30,2026-06-30
Jackson,NJ,"New York-Newark-Jersey City, NY-NJ-PA",Ocean County,645542.0938112113,1.82,3306.3333333333335,3.26,39676,0.512,16.3,6.15,3.99,Moderate,NA,NA,666434,4.37,4.36,18.18,2.79,19.83,2026-06-30,2026-06-30
Los Banos,CA,"Merced, CA",Merced County,461991.214122375,-2.61,2363.3333333333335,3.2,28360,0.512,16.3,6.14,3.99,Moderate,48684,6.49,296774,4.88,2.88,5.59,2.8,46.7,2026-06-30,2026-06-30
Jeffersonville,IN,"Louisville/Jefferson County, KY-IN",Clark County,256098.79990548533,1.85,1310.482624831309,1.55,15725.791497975708,0.512,16.3,6.14,3.99,Moderate,52912,6.74,127479,5.03,14.65,8.67,9.66,25.03,2026-06-30,2026-06-30
Germantown,TN,"Memphis, TN-MS-AR",Shelby County,495031.2394035768,-1.19,2533.132867132867,2.33,30397.594405594406,0.512,16.3,6.14,3.99,Moderate,40128,-2.75,910530,-2.07,-7.65,10.56,7.81,45.42,2026-06-30,2026-06-30
Gurnee,IL,"Chicago-Naperville-Elgin, IL-IN-WI",Lake County,383967.05834300554,5.54,1964.594871794872,2.44,23575.138461538463,0.512,16.3,6.14,3.99,Moderate,30546,-0.36,718604,0.73,3.75,4.97,4.19,25.6,2026-06-30,2026-06-30
Rochester,NH,"Boston-Cambridge-Newton, MA-NH",Strafford County,416914.2599329781,3.71,2132.301587301587,6.19,25587.619047619046,0.511,16.3,6.14,3.99,Moderate,33598,3.31,134202,2.39,5.98,7.97,5.97,33.02,2026-06-30,2026-06-30
Plainview,NY,"New York-Newark-Jersey City, NY-NJ-PA",Nassau County,995647.044728452,5.29,5087.5,NA,61050,0.511,16.3,6.13,3.99,Moderate,NA,NA,NA,NA,NA,NA,NA,NA,2026-06-30,2026-06-30
Brenham,TX,"Brenham, TX",Washington County,335197.4062511663,-1.05,1715.888888888889,0.74,20590.666666666668,0.512,16.3,6.14,3.99,Moderate,19728,13.61,37810,5.61,15.05,12.05,2.63,26.88,2026-06-30,2026-06-30
Lindale,TX,"Tyler, TX",Smith County,299908.29388220655,-2.59,1536.0555555555554,NA,18432.666666666664,0.512,16.3,6.15,3.99,Moderate,7227,18.24,249091,6.36,10,17.21,17.96,30.69,2026-06-30,2026-06-30
Stafford,TX,"Houston-The Woodlands-Sugar Land, TX",Fort Bend County,302733.0559787002,0.2,1548.2834567901234,-0.28,18579.40148148148,0.511,16.3,6.14,3.99,Moderate,17555,-0.4,958434,15.57,27.37,4.23,6.33,22.52,2026-06-30,2026-06-30
Waterville,ME,"Augusta-Waterville, ME",Kennebec County,253357.12243495925,1.36,1295.2222222222224,2.74,15542.666666666668,0.511,16.3,6.13,3.99,Moderate,17336,3.85,128461,3,7.78,14.58,1.66,27.24,2026-06-30,2026-06-30
Keyport,NJ,"New York-Newark-Jersey City, NY-NJ-PA",Monmouth County,512965.1318717241,2.89,2622.222222222222,NA,31466.666666666664,0.511,16.3,6.13,3.99,Moderate,NA,NA,NA,NA,NA,NA,NA,NA,2026-06-30,2026-06-30
Whitesboro,NY,"Utica-Rome, NY",Oneida County,272714.6174790677,8.05,1393.75,NA,16725,0.511,16.3,6.13,3.99,Moderate,NA,NA,NA,NA,NA,NA,NA,NA,2026-06-30,2026-06-30
Kalamazoo,MI,"Kalamazoo-Portage, MI",Kalamazoo County,245799.93717397723,3.97,1253.0898245614037,3.86,15037.077894736845,0.51,16.3,6.12,3.98,Moderate,73290,-0.27,264780,1.13,4.82,7.17,5.23,36.05,2026-06-30,2026-06-30
Apple Valley,MN,"Minneapolis-St. Paul-Bloomington, MN-WI",Dakota County,383279.3882841505,1.47,1955.177455716586,-0.38,23462.129468599032,0.51,16.3,6.12,3.98,Moderate,55272,-1.78,453156,2.89,6.72,2.73,3.92,24.65,2026-06-30,2026-06-30
Avon,IN,"Indianapolis-Carmel-Anderson, IN",Hendricks County,360336.55037189386,0.92,1836.6337355455005,2.56,22039.604826546005,0.51,16.3,6.12,3.98,Moderate,24735,14.22,190629,8.55,15.38,3.79,5.03,22.15,2026-06-30,2026-06-30
Eagle River,AK,"Anchorage, AK",Anchorage Borough,492204.6797598275,3.66,2508.682983682984,4.35,30104.195804195806,0.51,16.4,6.12,3.98,Moderate,NA,NA,NA,NA,NA,NA,NA,NA,2026-06-30,2026-06-30
Corbin,KY,"London, KY",Whitley County,171533.84698935217,-4.9,875,NA,10500,0.51,16.3,6.12,3.98,Moderate,NA,NA,NA,NA,NA,NA,NA,NA,2026-06-30,2026-06-30
Spencerport,NY,"Rochester, NY",Monroe County,337590.1192192959,7.19,1721.1111111111113,NA,20653.333333333336,0.51,16.3,6.12,3.98,Moderate,3616,-1.71,752202,-0.73,1.18,6.27,5.62,36.48,2026-06-30,2026-06-30
Hollidaysburg,PA,"Altoona, PA",Blair County,255504.6014908424,6.1,1305,NA,15660,0.511,16.3,6.13,3.98,Moderate,NA,NA,NA,NA,NA,NA,NA,NA,2026-06-30,2026-06-30
Vail,AZ,"Tucson, AZ",Pima County,408546.4997824317,-2.23,2082.160714285714,3.8,24985.928571428572,0.51,16.4,6.12,3.98,Moderate,NA,NA,1080149,3.34,11.47,9.34,5.65,35.19,2026-06-30,2026-06-30
Frederick,CO,"Greeley, CO",Weld County,544000.9202192465,-3.31,2777.7777777777774,NA,33333.33333333333,0.511,16.3,6.13,3.98,Moderate,NA,NA,NA,NA,NA,NA,NA,NA,2026-06-30,2026-06-30
Commerce,TX,"Dallas-Fort Worth-Arlington, TX",Hunt County,214297.99755257263,-6.18,1093.4444444444443,4.12,13121.333333333332,0.51,16.3,6.12,3.98,Moderate,9800,7.76,118729,18.43,39.16,10.54,7.57,29.21,2026-06-30,2026-06-30
Wellington,CO,"Fort Collins, CO",Larimer County,472746.62003457145,-1.55,2410.555555555555,NA,28926.666666666664,0.51,16.3,6.12,3.98,Moderate,12100,8.58,374574,4.07,7.03,6.37,3.02,35.68,2026-06-30,2026-06-30
Oakwood,GA,"Gainesville, GA",Hall County,324088.32459967374,-2.22,1653.2380952380954,2.9,19838.857142857145,0.51,16.3,6.12,3.98,Moderate,6759,39.59,221745,9.01,11.78,10.06,4.34,31.13,2026-06-30,2026-06-30
Enfield,NH,"Lebanon, NH-VT",Grafton County,475116.9227324035,7.28,2425,NA,29100,0.51,16.3,6.12,3.98,Moderate,NA,NA,NA,NA,NA,NA,NA,NA,2026-06-30,2026-06-30
Victorville,CA,"Riverside-San Bernardino-Ontario, CA",San Bernardino County,437582.6842180118,0.16,2226.963540986461,3.04,26723.562491837532,0.509,16.4,6.11,3.97,Moderate,140721,4.45,2214281,1.41,1.68,9.55,3.22,38.46,2026-06-30,2026-06-30
Indio,CA,"Riverside-San Bernardino-Ontario, CA",Riverside County,513883.9036224804,-1.46,2615.8262501172717,7.23,31389.91500140726,0.509,16.4,6.11,3.97,Moderate,94275,5.36,2529933,4.34,7.33,11.37,4.89,31.14,2026-06-30,2026-06-30
Port Orange,FL,"Deltona-Daytona Beach-Ormond Beach, FL",Volusia County,339981.10014386364,-3.78,1732.2348602484471,-0.83,20786.818322981366,0.51,16.4,6.11,3.97,Moderate,66556,6.09,602772,8.46,21.72,14.56,6.51,27.2,2026-06-30,2026-06-30
Hopkinsville,KY,"Clarksville, TN-KY",Christian County,195920.3321786588,0.54,996.98082010582,-0.55,11963.769841269841,0.509,16.4,6.11,3.97,Moderate,30800,-1.18,71006,-2.39,-8.8,12.39,5.9,47.83,2026-06-30,2026-06-30
Hyattsville,MD,"Washington-Arlington-Alexandria, DC-VA-MD-WV",Prince Georges County,408501.67331804504,-3.05,2079.5820760799484,1.62,24954.98491295938,0.509,16.4,6.11,3.97,Moderate,21052,-0.41,NA,NA,NA,NA,NA,NA,2026-06-30,2026-06-30
Estero,FL,"Cape Coral-Fort Myers, FL",Lee County,491572.46819191333,-5.53,2498.9601851851853,-1.37,29987.522222222222,0.508,16.4,6.1,3.97,Moderate,38443,3.75,860959,12.46,20.97,25.72,10.08,26.02,2026-06-30,2026-06-30
Vernon,CT,"Hartford-East Hartford-Middletown, CT",Tolland County,350174.9734444523,4.08,1782.5833333333333,3.55,21391,0.509,16.4,6.11,3.97,Moderate,NA,NA,NA,NA,NA,NA,NA,NA,2026-06-30,2026-06-30
Iselin,NJ,"New York-Newark-Jersey City, NY-NJ-PA",Middlesex County,570694.2986165251,2.98,2904.6111111111113,4.81,34855.333333333336,0.509,16.4,6.11,3.97,Moderate,NA,NA,890119,3.33,12.92,3.48,2.61,36.53,2026-06-30,2026-06-30
Ottawa,KS,"Ottawa, KS",Franklin County,244565.75460167087,9.47,1245,NA,14940,0.509,16.4,6.11,3.97,Moderate,NA,NA,NA,NA,NA,NA,NA,NA,2026-06-30,2026-06-30
Orono,ME,"Bangor, ME",Penobscot County,319304.158826449,0.73,1625,NA,19500,0.509,16.4,6.11,3.97,Moderate,NA,NA,NA,NA,NA,NA,NA,NA,2026-06-30,2026-06-30
Kenai,AK,NA,Kenai Peninsula Borough,332916.69670285564,6.09,1693.3333333333333,NA,20320,0.509,16.4,6.1,3.97,Moderate,NA,NA,NA,NA,NA,NA,NA,NA,2026-06-30,2026-06-30
Willow Street,PA,"Lancaster, PA",Lancaster County,383464.3311348027,5.02,1953.75,NA,23445,0.509,16.4,6.11,3.97,Moderate,NA,NA,NA,NA,NA,NA,NA,NA,2026-06-30,2026-06-30
Orlando,FL,"Orlando-Kissimmee-Sanford, FL",Orange County,375175.3848706147,-2.42,1903.800345235878,0.17,22845.604142830536,0.507,16.4,6.09,3.96,Moderate,334854,8.77,1533646,7.12,16.48,11.72,10.93,42.64,2026-06-30,2026-06-30
Rio Rancho,NM,"Albuquerque, NM",Sandoval County,365636.4252864768,0.34,1857.1089455272363,3.18,22285.307346326837,0.508,16.4,6.09,3.96,Moderate,112524,7.74,157757,5.66,12.6,6.72,7.59,16.39,2026-06-30,2026-06-30
Suffolk,VA,"Virginia Beach-Norfolk-Newport News, VA-NC",Suffolk City,392538.2066809768,2.27,1993.0066311612368,3.28,23916.07957393484,0.508,16.4,6.09,3.96,Moderate,103105,8.77,NA,NA,NA,NA,NA,NA,2026-06-30,2026-06-30
Aiken,SC,"Augusta-Richmond County, GA-SC",Aiken County,283665.3499052255,3.39,1438.3618230358506,0.87,17260.341876430208,0.507,16.4,6.08,3.96,Moderate,32694,1.67,179245,5.95,10.9,12.84,4.81,23.33,2026-06-30,2026-06-30
Clayton,NC,"Raleigh-Cary, NC",Johnston County,367055.9095581291,-1.32,1862.450502364066,0.18,22349.406028368794,0.507,16.4,6.09,3.96,Moderate,31732,18.86,249794,14.89,25.65,6.82,3.91,22.9,2026-06-30,2026-06-30
Commerce City,CO,"Denver-Aurora-Lakewood, CO",Adams County,489356.9465500166,-4.04,2484.076416337286,2.25,29808.916996047432,0.508,16.4,6.09,3.96,Moderate,70245,11.88,542973,4.31,8.16,3.55,3.6,31.13,2026-06-30,2026-06-30
Burleson,TX,"Dallas-Fort Worth-Arlington, TX",Johnson County,342356.0988483609,-1.34,1737.0901124338625,-1.41,20845.08134920635,0.507,16.4,6.09,3.96,Moderate,56253,17.19,210547,16.36,31.86,7.46,7.08,25.53,2026-06-30,2026-06-30
Oakley,CA,"San Francisco-Oakland-Berkeley, CA",Contra Costa County,663738.6976164711,-2.39,3369.2666666666664,3.7,40431.2,0.508,16.4,6.09,3.96,Moderate,47158,8.45,1172607,0.55,6.48,3.5,2.91,32.35,2026-06-30,2026-06-30
Marana,AZ,"Tucson, AZ",Pima County,436170.5262961693,-1.58,2216.152777777778,4.16,26593.833333333336,0.508,16.4,6.1,3.96,Moderate,62380,18.53,1080149,3.34,11.47,9.34,5.65,35.19,2026-06-30,2026-06-30
Harvey,LA,"New Orleans-Metairie, LA",Jefferson Parish,238856.98525191503,12.93,1211.751984126984,-3.15,14541.02380952381,0.507,16.4,6.09,3.96,Moderate,NA,NA,427253,-2.84,2.2,8.82,5.5,37.69,2026-06-30,2026-06-30
New Smyrna Beach,FL,"Deltona-Daytona Beach-Ormond Beach, FL",Volusia County,454418.49789863784,-0.83,2307.0190631808277,5.69,27684.228758169935,0.508,16.4,6.09,3.96,Moderate,33144,8.82,602772,8.46,21.72,14.56,6.51,27.2,2026-06-30,2026-06-30
Sand Springs,OK,"Tulsa, OK",Osage County,242600.94362542196,4.85,1233.111111111111,2.66,14797.333333333332,0.508,16.4,6.1,3.96,Moderate,20330,1.92,46495,1.54,14.69,13.77,4.48,21.74,2026-06-30,2026-06-30
Alliance,OH,"Canton-Massillon, OH",Stark County,166873.8248368917,4.49,847.2222222222222,NA,10166.666666666666,0.508,16.4,6.09,3.96,Moderate,21523,-0.51,374091,-0.12,4.1,7.26,2.95,31.43,2026-06-30,2026-06-30
Shelby,NC,"Shelby, NC",Cleveland County,218509.22089988153,-0.98,1108.2464646464646,3.81,13298.957575757575,0.507,16.4,6.09,3.96,Moderate,22778,3.76,102194,2.25,9.82,15.41,5.45,29.35,2026-06-30,2026-06-30
Niles,IL,"Chicago-Naperville-Elgin, IL-IN-WI",Cook County,425501.5820544552,6.93,2160.277777777778,20.45,25923.333333333336,0.508,16.4,6.09,3.96,Moderate,29918,-2.83,5182617,-1.6,5.9,8.18,4.67,42.49,2026-06-30,2026-06-30
Dunedin,FL,"Tampa-St. Petersburg-Clearwater, FL",Pinellas County,411373.1714318188,-1.08,2089.0497885028776,1.66,25068.59746203453,0.508,16.4,6.09,3.96,Moderate,35932,-0.38,965870,0.63,3.8,18.32,8.78,30.56,2026-06-30,2026-06-30
Amsterdam,NY,"Amsterdam, NY",Montgomery County,247656.27483550503,3.36,1258.3333333333333,NA,15100,0.508,16.4,6.1,3.96,Moderate,18169,-0.16,49648,0.33,2.01,16.17,5.74,30.66,2026-06-30,2026-06-30
West Milford,NJ,"New York-Newark-Jersey City, NY-NJ-PA",Passaic County,503120.04630288854,3.28,2554.166666666667,NA,30650.000000000004,0.508,16.4,6.09,3.96,Moderate,NA,NA,NA,NA,NA,NA,NA,NA,2026-06-30,2026-06-30
Hugo,MN,"Minneapolis-St. Paul-Bloomington, MN-WI",Washington County,441029.1571426349,2.36,2240.6666666666665,NA,26888,0.508,16.4,6.1,3.96,Moderate,NA,NA,NA,NA,NA,NA,NA,NA,2026-06-30,2026-06-30
Somers,WI,"Chicago-Naperville-Elgin, IL-IN-WI",Kenosha County,395198.9320451664,10.45,2006,NA,24072,0.508,16.4,6.09,3.96,Moderate,8194,-3.1,168754,-0.26,4.28,7.22,4.17,32.36,2026-06-30,2026-06-30
Fairview,NC,"Asheville, NC",Buncombe County,528835.6333491087,-3.9,2687.5,NA,32250,0.508,16.4,6.1,3.96,Moderate,NA,NA,NA,NA,NA,NA,NA,NA,2026-06-30,2026-06-30
Lake Park,FL,"Miami-Fort Lauderdale-Pompano Beach, FL",Palm Beach County,410395.0043192894,2.28,2083.166666666667,NA,24998.000000000004,0.508,16.4,6.09,3.96,Moderate,NA,NA,NA,NA,NA,NA,NA,NA,2026-06-30,2026-06-30
Maplewood,MO,"St. Louis, MO-IL",Saint Louis County,278419.80095293577,-0.19,1414.075702075702,0.63,16968.908424908426,0.508,16.4,6.09,3.96,Moderate,8077,-2.33,NA,NA,NA,NA,NA,NA,2026-06-30,2026-06-30
White Bluff,TN,"Nashville-Davidson--Murfreesboro--Franklin, TN",Dickson County,347563.52098146215,0.85,1765,NA,21180,0.508,16.4,6.09,3.96,Moderate,NA,NA,NA,NA,NA,NA,NA,NA,2026-06-30,2026-06-30
Belmar,NJ,"New York-Newark-Jersey City, NY-NJ-PA",Monmouth County,1018117.5528216966,3.22,5164.666666666667,NA,61976,0.507,16.4,6.09,3.96,Moderate,NA,NA,NA,NA,NA,NA,NA,NA,2026-06-30,2026-06-30
Elkhart,IN,"Elkhart-Goshen, IN",Elkhart County,231940.38032760983,5.77,1174.2740429505136,6.21,14091.288515406162,0.506,16.5,6.08,3.95,Moderate,53690,-0.37,207436,0.21,-2.63,10.41,12.12,28.75,2026-06-30,2026-06-30
Buckeye,AZ,"Phoenix-Mesa-Chandler, AZ",Maricopa County,395294.02489950653,-1.49,2001.87228440634,-0.53,24022.46741287608,0.506,16.5,6.08,3.95,Moderate,114334,21.97,4673096,5.12,9.38,8.29,5.4,34.99,2026-06-30,2026-06-30
Brick,NJ,"New York-Newark-Jersey City, NY-NJ-PA",Ocean County,526030.6614036513,5.6,2662.5,5.55,31950,0.506,16.5,6.07,3.95,Moderate,NA,NA,666434,4.37,4.36,18.18,2.79,19.83,2026-06-30,2026-06-30
Lilburn,GA,"Atlanta-Sandy Springs-Alpharetta, GA",Gwinnett County,401136.938048404,-2.6,2032.302564102564,2.43,24387.630769230767,0.507,16.4,6.08,3.95,Moderate,16210,13.57,1003869,4.75,5.96,3.94,4.99,33.31,2026-06-30,2026-06-30
Huntsville,TX,"Huntsville, TX",Walker County,261246.1023122837,-0.18,1324.2690058479532,0.59,15891.228070175439,0.507,16.4,6.08,3.95,Moderate,49500,7.94,83722,9.35,13.31,15.01,6.76,42.86,2026-06-30,2026-06-30
Brooksville,FL,"Tampa-St. Petersburg-Clearwater, FL",Hernando County,311207.04505567666,-2.56,1574.3875,-1.76,18892.65,0.506,16.5,6.07,3.95,Moderate,9985,11.79,218150,11.51,28.43,11.48,7.4,18.18,2026-06-30,2026-06-30
Uniondale,NY,"New York-Newark-Jersey City, NY-NJ-PA",Nassau County,699397.1962168965,5.98,3544.6428571428573,NA,42535.71428571429,0.507,16.4,6.08,3.95,Moderate,NA,NA,NA,NA,NA,NA,NA,NA,2026-06-30,2026-06-30
Gladstone,MO,"Kansas City, MO-KS",Clay County,276145.37272596377,2.51,1398.2166666666665,2.6,16778.6,0.506,16.5,6.08,3.95,Moderate,27579,1.74,263370,3.63,8.53,5.32,4.67,31.12,2026-06-30,2026-06-30
Saint Marys,GA,"St. Marys, GA",Camden County,313617.2114172392,-0.02,1587.824175824176,2.15,19053.89010989011,0.506,16.5,6.08,3.95,Moderate,NA,NA,59099,7.59,13.86,9.35,6.6,36.22,2026-06-30,2026-06-30
Union,KY,"Cincinnati, OH-KY-IN",Boone County,468988.83910337585,2.95,2375,NA,28500,0.506,16.5,6.08,3.95,Moderate,NA,NA,NA,NA,NA,NA,NA,NA,2026-06-30,2026-06-30
Northampton,PA,"Allentown-Bethlehem-Easton, PA-NJ",Northampton County,357613.6462612431,2.27,1812.25,NA,21747,0.507,16.4,6.08,3.95,Moderate,NA,NA,NA,NA,NA,NA,NA,NA,2026-06-30,2026-06-30
Marcus Hook,PA,"Philadelphia-Camden-Wilmington, PA-NJ-DE-MD",Delaware County,336555.36294812645,2.43,1703.7936507936508,1.91,20445.52380952381,0.506,16.5,6.07,3.95,Moderate,2467,0.49,584882,1.45,5.58,5.55,4.21,30.36,2026-06-30,2026-06-30
Carthage,NY,"Watertown-Fort Drum, NY",Jefferson County,207386.60503995497,3.27,1050,NA,12600,0.506,16.5,6.08,3.95,Moderate,NA,NA,NA,NA,NA,NA,NA,NA,2026-06-30,2026-06-30
Rockland,ME,NA,Knox County,350457.27982890024,-4.88,1775,NA,21300,0.506,16.5,6.08,3.95,Moderate,NA,NA,NA,NA,NA,NA,NA,NA,2026-06-30,2026-06-30
Bensley,VA,"Richmond, VA",Chesterfield County,262388.227785668,2.48,1330,NA,15960,0.507,16.4,6.08,3.95,Moderate,NA,NA,NA,NA,NA,NA,NA,NA,2026-06-30,2026-06-30
Cockrell Hill,TX,"Dallas-Fort Worth-Arlington, TX",Dallas County,220700.2295137801,-1.37,1117.111111111111,NA,13405.333333333332,0.506,16.5,6.07,3.95,Moderate,NA,NA,NA,NA,NA,NA,NA,NA,2026-06-30,2026-06-30
Tallahassee,FL,"Tallahassee, FL",Leon County,298194.29241267306,1.06,1507.480595520684,1.53,18089.767146248207,0.506,16.5,6.07,3.94,Moderate,205089,3.61,300488,2.22,3.55,11.21,4.93,48.15,2026-06-30,2026-06-30
Grand Prairie,TX,"Dallas-Fort Worth-Arlington, TX",Dallas County,319090.9988587501,-1.67,1610.1400624788923,-0.26,19321.68074974671,0.505,16.5,6.06,3.94,Moderate,207331,5.67,2656028,1.73,0.15,7.76,8.95,49.22,2026-06-30,2026-06-30
Cartersville,GA,"Atlanta-Sandy Springs-Alpharetta, GA",Bartow County,329747.2000328075,0.64,1664.5297313797316,-0.42,19974.35677655678,0.505,16.5,6.06,3.94,Moderate,25082,8.03,117508,7.49,19.33,9.6,9.13,26.14,2026-06-30,2026-06-30
Carrollton,GA,"Atlanta-Sandy Springs-Alpharetta, GA",Carroll County,290832.52207603597,0.83,1470.300754147813,0.69,17643.609049773757,0.506,16.5,6.07,3.94,Moderate,28306,5.63,129911,8.72,17.56,7.57,2.82,30.7,2026-06-30,2026-06-30
Middletown,DE,"Philadelphia-Camden-Wilmington, PA-NJ-DE-MD",New Castle County,541361.3531767277,2.51,2733.1666666666665,3.51,32798,0.505,16.5,6.06,3.94,Moderate,25686,9.81,588093,3,8.7,5.15,4.98,31.49,2026-06-30,2026-06-30
Perrysburg,OH,"Toledo, OH",Wood County,340893.7387398874,2.81,1721.4653299916456,4.16,20657.583959899748,0.505,16.5,6.06,3.94,Moderate,25313,1.09,133077,0.61,2,5.46,2.9,35.44,2026-06-30,2026-06-30
Niles,MI,"Niles, MI",Berrien County,216700.1243556516,6.18,1093.6666666666663,NA,13123.999999999996,0.505,16.5,6.06,3.94,Moderate,NA,NA,NA,NA,NA,NA,NA,NA,2026-06-30,2026-06-30
Newburgh,IN,"Evansville, IN-KY",Warrick County,323446.6403363089,3.76,1632.2579365079366,6.15,19587.09523809524,0.505,16.5,6.06,3.94,Moderate,3430,2.97,66339,3.66,5.4,7.04,5.1,17.48,2026-06-30,2026-06-30
Huntington Station,NY,"New York-Newark-Jersey City, NY-NJ-PA",Suffolk County,666807.2104828897,1.31,3369.444444444444,NA,40433.33333333333,0.505,16.5,6.06,3.94,Moderate,NA,NA,NA,NA,NA,NA,NA,NA,2026-06-30,2026-06-30
Ridgeland,MS,"Jackson, MS",Madison County,287279.86021812714,2.09,1450.9731968810918,12.2,17411.6783625731,0.505,16.5,6.06,3.94,Moderate,24576,-0.18,114247,4.57,8.14,7.91,6.1,28.59,2026-06-30,2026-06-30
Keene,NH,"Keene, NH",Cheshire County,360045.02280036284,4.82,1817.7777777777776,3.37,21813.333333333332,0.505,16.5,6.06,3.94,Moderate,23036,-0.04,78078,2.01,9.09,14.7,2.68,29.71,2026-06-30,2026-06-30
East Ridge,TN,"Chattanooga, TN-GA",Hamilton County,261514.8580066258,-1.93,1321.5972222222224,-0.69,15859.166666666668,0.505,16.5,6.06,3.94,Moderate,21970,-1.07,386256,4.99,11.65,8.63,4.18,35.65,2026-06-30,2026-06-30
Newport,NC,"Morehead City, NC",Carteret County,347690.9528443918,2.89,1754.1666666666663,NA,21049.999999999996,0.505,16.5,6.05,3.94,Moderate,NA,NA,NA,NA,NA,NA,NA,NA,2026-06-30,2026-06-30
Hebron,KY,"Cincinnati, OH-KY-IN",Boone County,385894.65049550816,1.08,1950,NA,23400,0.505,16.5,6.06,3.94,Moderate,NA,NA,NA,NA,NA,NA,NA,NA,2026-06-30,2026-06-30
Goshen,NY,"Poughkeepsie-Newburgh-Middletown, NY",Orange County,579796.1356428043,4.59,2930,NA,35160,0.505,16.5,6.06,3.94,Moderate,5760,0.23,411767,2.69,1.95,7.51,3.61,31.57,2026-06-30,2026-06-30
Aberdeen,NC,"Pinehurst-Southern Pines, NC",Moore County,356154.40378212,0.72,1798.5297619047622,3.95,21582.357142857145,0.505,16.5,6.06,3.94,Moderate,9573,10.99,108417,8.1,14.51,13.37,3.35,23.67,2026-06-30,2026-06-30
Hellertown,PA,"Allentown-Bethlehem-Easton, PA-NJ",Northampton County,387330.79789069056,2.69,1955.5555555555557,NA,23466.666666666668,0.505,16.5,6.06,3.94,Moderate,NA,NA,NA,NA,NA,NA,NA,NA,2026-06-30,2026-06-30
Cypress,TX,"Houston-The Woodlands-Sugar Land, TX",Harris County,407315.0060927022,-1.49,2050.3091575970257,1.99,24603.709891164308,0.503,16.6,6.04,3.93,Moderate,NA,NA,5009302,5.78,13.97,8.3,8.76,45.24,2026-06-30,2026-06-30
Sterling Heights,MI,"Detroit-Warren-Dearborn, MI",Macomb County,315750.230227348,2.42,1590.538285024155,2.1,19086.45942028986,0.504,16.5,6.04,3.93,Moderate,134342,0.17,886175,0.67,8.17,4.12,3.23,25.04,2026-06-30,2026-06-30
Plantation,FL,"Miami-Fort Lauderdale-Pompano Beach, FL",Broward County,498545.15138764674,-3.3,2513.9621715732824,0.91,30167.546058879387,0.504,16.5,6.05,3.93,Moderate,100694,9.35,2037472,4.84,14.84,13.18,6.08,36.74,2026-06-30,2026-06-30
Bloomington,IL,"Bloomington, IL",McLean County,271395.9893178152,2.32,1367.510172532781,5.42,16410.122070393372,0.504,16.5,6.05,3.93,Moderate,79232,0.69,172069,0.49,1.98,8.05,6.82,34.78,2026-06-30,2026-06-30
Coon Rapids,MN,"Minneapolis-St. Paul-Bloomington, MN-WI",Anoka County,337325.5680065407,2.96,1700.1605616605618,5.26,20401.92673992674,0.504,16.5,6.05,3.93,Moderate,63807,0.32,376840,3.38,6.34,2.91,3.32,20.04,2026-06-30,2026-06-30
Elkton,MD,"Philadelphia-Camden-Wilmington, PA-NJ-DE-MD",Cecil County,377518.1139310168,1.54,1903.2738095238096,4.53,22839.285714285717,0.504,16.5,6.05,3.93,Moderate,15977,0.98,106305,2.41,6.42,9.03,6.6,24.69,2026-06-30,2026-06-30
Boardman,OH,"Youngstown-Warren-Boardman, OH-PA",Mahoning County,206073.7717938404,5.74,1037.0833333333333,7.79,12445,0.503,16.6,6.04,3.93,Moderate,NA,NA,225786,-0.98,2.29,9.15,4.52,29.72,2026-06-30,2026-06-30
Jonesborough,TN,"Johnson City, TN",Washington County,345111.1846999395,1.4,1738,3.26,20856,0.504,16.5,6.04,3.93,Moderate,6746,14.03,139642,4.82,10.43,8.45,4.02,35.55,2026-06-30,2026-06-30
Oak Ridge,TN,"Knoxville, TN",Anderson County,331723.98500565515,2.56,1672.8841269841269,-0.72,20074.609523809522,0.504,16.5,6.05,3.93,Moderate,34039,8.19,81449,5.33,17.2,9.84,3.36,28.95,2026-06-30,2026-06-30
Hudson,NH,"Manchester-Nashua, NH",Hillsborough County,549012.9139713082,1.62,2766.6666666666665,NA,33200,0.504,16.5,6.05,3.93,Moderate,NA,NA,NA,NA,NA,NA,NA,NA,2026-06-30,2026-06-30
Portland,TN,"Nashville-Davidson--Murfreesboro--Franklin, TN",Sumner County,336678.11104621866,0.72,1697.5,NA,20370,0.504,16.5,6.05,3.93,Moderate,NA,NA,NA,NA,NA,NA,NA,NA,2026-06-30,2026-06-30
Parlin,NJ,"New York-Newark-Jersey City, NY-NJ-PA",Middlesex County,561134.1111318561,4.93,2824.0166666666664,2.81,33888.2,0.503,16.6,6.04,3.93,Moderate,NA,NA,890119,3.33,12.92,3.48,2.61,36.53,2026-06-30,2026-06-30
Apollo Beach,FL,"Tampa-St. Petersburg-Clearwater, FL",Hillsborough County,439917.9300079097,-4.09,2215.7190733243365,3.14,26588.628879892036,0.504,16.5,6.04,3.93,Moderate,NA,NA,1581426,7.85,12.2,7.8,6.74,38.94,2026-06-30,2026-06-30
Danville,PA,"Bloomsburg-Berwick, PA",Montour County,284612.13294988964,4.37,1432.5,NA,17190,0.503,16.6,6.04,3.93,Moderate,4193,-1.09,18115,-0.09,3.42,5.27,1.59,32.93,2026-06-30,2026-06-30
Tinton Falls,NJ,"New York-Newark-Jersey City, NY-NJ-PA",Monmouth County,645010.5136327045,5.04,3251.1111111111113,NA,39013.333333333336,0.504,16.5,6.05,3.93,Moderate,19435,1.58,647520,0.74,2.8,7.24,3.49,24.63,2026-06-30,2026-06-30
Vienna,WV,"Parkersburg-Vienna, WV",Wood County,190790.62991943888,1.7,962.5,NA,11550,0.504,16.5,6.05,3.93,Moderate,NA,NA,NA,NA,NA,NA,NA,NA,2026-06-30,2026-06-30
Saint Robert,MO,"Fort Leonard Wood, MO",Pulaski County,238002.05686610728,4.04,1198.5576923076922,8.5,14382.692307692305,0.504,16.5,6.04,3.93,Moderate,NA,NA,53964,-0.14,-2.78,15.17,11.48,40.59,2026-06-30,2026-06-30
Edgewater Park Township,NJ,"Philadelphia-Camden-Wilmington, PA-NJ-DE-MD",Burlington County,356878.05390899006,5.94,1798.0833333333333,NA,21577,0.504,16.5,6.05,3.93,Moderate,NA,NA,475515,2.99,9.35,5.16,3.54,24.27,2026-06-30,2026-06-30
Maggie Valley,NC,"Asheville, NC",Haywood County,396743.3275499956,-3.5,2000,NA,24000,0.504,16.5,6.05,3.93,Moderate,NA,NA,NA,NA,NA,NA,NA,NA,2026-06-30,2026-06-30
Dublin,PA,"Philadelphia-Camden-Wilmington, PA-NJ-DE-MD",Bucks County,484934.27194792475,1.68,2444.5,NA,29334,0.504,16.5,6.05,3.93,Moderate,NA,NA,NA,NA,NA,NA,NA,NA,2026-06-30,2026-06-30
New York,NY,"New York-Newark-Jersey City, NY-NJ-PA",Queens County,823251.240717459,3.82,4133.433864659281,5.73,49601.20637591138,0.502,16.6,6.03,3.92,Moderate,8478072,-3,2316841,-3.05,5.71,8.34,3.11,55.11,2026-06-30,2026-06-30
Evansville,IN,"Evansville, IN-KY",Vanderburgh County,206632.12491518137,3.94,1038.35183982684,4.84,12460.22207792208,0.503,16.6,6.03,3.92,Moderate,115395,-1.69,180387,0.02,2.59,8.97,7.08,35.53,2026-06-30,2026-06-30
Germantown,MD,"Washington-Arlington-Alexandria, DC-VA-MD-WV",Montgomery County,425700.92284873273,-2.82,2136.7469899389744,0.03,25640.963879267692,0.502,16.6,6.02,3.92,Moderate,NA,NA,1082273,2.02,7.76,4.26,3.68,34.66,2026-06-30,2026-06-30
Palatine,IL,"Chicago-Naperville-Elgin, IL-IN-WI",Cook County,396075.1854536552,5.55,1989.780864197531,2.49,23877.370370370372,0.502,16.6,6.03,3.92,Moderate,65951,-2.54,5182617,-1.6,5.9,8.18,4.67,42.49,2026-06-30,2026-06-30
Chicopee,MA,"Springfield, MA",Hampden County,325527.53764694725,2.75,1635.1111111111113,NA,19621.333333333336,0.502,16.6,6.03,3.92,Moderate,55381,-0.11,464151,0.09,4.76,6.59,3.41,37.78,2026-06-30,2026-06-30
Williamsville,NY,"Buffalo-Cheektowaga, NY",Erie County,431255.29251799296,5.77,2166.5634920634925,2.34,25998.76190476191,0.502,16.6,6.03,3.92,Moderate,5489,1.44,950602,-0.18,2.9,7.11,3.75,34.55,2026-06-30,2026-06-30
Sherman,TX,"Sherman-Denison, TX",Grayson County,256924.2716939939,-6.89,1291.227094474153,-6.14,15494.725133689837,0.503,16.6,6.03,3.92,Moderate,50229,14.26,150532,10.56,22.95,11.66,3.32,32.67,2026-06-30,2026-06-30
Brighton,MI,"Detroit-Warren-Dearborn, MI",Livingston County,447379.0540865459,2.34,2245.8333333333335,NA,26950,0.502,16.6,6.02,3.92,Moderate,NA,NA,NA,NA,NA,NA,NA,NA,2026-06-30,2026-06-30
Tolleson,AZ,"Phoenix-Mesa-Chandler, AZ",Maricopa County,395072.7380957511,-2.14,1984.0427689594355,-1.84,23808.513227513227,0.502,16.6,6.03,3.92,Moderate,9353,28.69,4673096,5.12,9.38,8.29,5.4,34.99,2026-06-30,2026-06-30
La Quinta,CA,"Riverside-San Bernardino-Ontario, CA",Riverside County,744255.0767841964,-1.22,3743.940911306043,8.77,44927.290935672514,0.503,16.6,6.04,3.92,Moderate,39907,5.74,2529933,4.34,7.33,11.37,4.89,31.14,2026-06-30,2026-06-30
Guthrie,OK,"Oklahoma City, OK",Logan County,256103.34774745544,0.77,1286.6666666666667,3.05,15440,0.502,16.6,6.03,3.92,Moderate,11682,7.97,53860,8.26,13.15,9.43,3.79,14.17,2026-06-30,2026-06-30
Crofton,MD,"Baltimore-Columbia-Towson, MD",Anne Arundel County,500193.8762339567,0.22,2511.595238095238,1.89,30139.142857142855,0.502,16.6,6.03,3.92,Moderate,NA,NA,602350,1.51,0.69,4.79,5.5,25.04,2026-06-30,2026-06-30
Sayreville,NJ,"New York-Newark-Jersey City, NY-NJ-PA",Middlesex County,541489.9873001905,3.72,2720.722222222222,NA,32648.666666666664,0.502,16.6,6.03,3.92,Moderate,NA,NA,NA,NA,NA,NA,NA,NA,2026-06-30,2026-06-30
Glen Carbon,IL,"St. Louis, MO-IL",Madison County,342434.4874926717,4.46,1719.5833333333337,NA,20635.000000000004,0.502,16.6,6.03,3.92,Moderate,NA,NA,NA,NA,NA,NA,NA,NA,2026-06-30,2026-06-30
Benson,NC,"Raleigh-Cary, NC",Johnston County,320635.8947506129,0.8,1613.0555555555554,NA,19356.666666666664,0.503,16.6,6.04,3.92,Moderate,NA,NA,NA,NA,NA,NA,NA,NA,2026-06-30,2026-06-30
Mission,KS,"Kansas City, MO-KS",Johnson County,339641.38792340877,4.91,1708.7428571428572,4.8,20504.914285714287,0.503,16.6,6.04,3.92,Moderate,10013,0.68,632276,3.45,6.72,4.13,5,31.44,2026-06-30,2026-06-30
Bellwood,VA,"Richmond, VA",Chesterfield County,329701.46331389964,3.28,1657.5,NA,19890,0.503,16.6,6.03,3.92,Moderate,NA,NA,389793,6.69,10.05,3.91,4.88,22.7,2026-06-30,2026-06-30
Mount Wolf,PA,"York-Hanover, PA",York County,328786.25047153403,3.34,1652.7777777777776,NA,19833.333333333332,0.503,16.6,6.03,3.92,Moderate,NA,NA,NA,NA,NA,NA,NA,NA,2026-06-30,2026-06-30
Minneapolis,MN,"Minneapolis-St. Paul-Bloomington, MN-WI",Hennepin County,336624.3924274319,0.94,1686.176564586906,3.53,20234.118775042873,0.501,16.6,6.01,3.91,Moderate,428579,-0.5,1273334,-0.65,4.24,5.29,5.38,37.05,2026-06-30,2026-06-30
Harrisburg,PA,"Harrisburg-Carlisle, PA",Dauphin County,271374.2868528793,3.09,1361.1330956625072,3.02,16333.597147950088,0.502,16.6,6.02,3.91,Moderate,50649,1.11,293029,2.2,6.37,5.89,4.98,36.68,2026-06-30,2026-06-30
League City,TX,"Houston-The Woodlands-Sugar Land, TX",Galveston County,377315.9777854408,0,1889.0941576036648,0.29,22669.129891243978,0.501,16.6,6.01,3.91,Moderate,118456,3.31,367407,4.49,11.39,13,8.22,32.51,2026-06-30,2026-06-30
Easley,SC,"Greenville-Anderson, SC",Pickens County,323995.83870176465,2.26,1624.5047233468283,2.72,19494.05668016194,0.501,16.6,6.02,3.91,Moderate,27001,17.22,138207,4.95,11.74,10.9,6.6,29.48,2026-06-30,2026-06-30
Kingman,AZ,"Lake Havasu City-Kingman, AZ",Mohave County,277854.0957154498,2.69,1392.1132575757576,-0.15,16705.359090909093,0.501,16.6,6.01,3.91,Moderate,35383,7.57,226479,5.75,21.83,18.98,2.42,26.37,2026-06-30,2026-06-30
Burlington,NC,"Burlington, NC",Alamance County,259251.82083952808,1.51,1298.237135879993,2.55,15578.845630559917,0.501,16.6,6.01,3.91,Moderate,61365,6.63,183040,6.65,19.2,9.3,5.47,34.39,2026-06-30,2026-06-30
Beaumont,CA,"Riverside-San Bernardino-Ontario, CA",Riverside County,538962.5086446339,-0.22,2704.5,2.74,32454,0.502,16.6,6.02,3.91,Moderate,59502,11.61,2529933,4.34,7.33,11.37,4.89,31.14,2026-06-30,2026-06-30
Morganton,NC,"Hickory-Lenoir-Morganton, NC",Burke County,267774.3337954056,2.29,1340.8333333333333,NA,16090,0.501,16.6,6.01,3.91,Moderate,17825,1.8,88545,1.49,8.78,10.45,2.87,25.23,2026-06-30,2026-06-30
Wooster,OH,"Wooster, OH",Wayne County,266886.2639906292,3.81,1338.1488095238094,4.51,16057.785714285714,0.501,16.6,6.02,3.91,Moderate,26982,-0.94,116632,-0.23,-0.49,5.58,2.84,23.94,2026-06-30,2026-06-30
Amityville,NY,"New York-Newark-Jersey City, NY-NJ-PA",Suffolk County,628960.9688071207,0.9,3154.1666666666665,NA,37850,0.501,16.6,6.02,3.91,Moderate,9718,2.61,1535909,0.9,2.22,11.64,3.67,18.09,2026-06-30,2026-06-30
La Plata,MD,"Washington-Arlington-Alexandria, DC-VA-MD-WV",Charles County,486292.373814266,-0.65,2435.555555555555,NA,29226.666666666664,0.501,16.6,6.01,3.91,Moderate,NA,NA,NA,NA,NA,NA,NA,NA,2026-06-30,2026-06-30
Brookfield,IL,"Chicago-Naperville-Elgin, IL-IN-WI",Cook County,364647.60291178623,7.79,1827.5,NA,21930,0.501,16.6,6.01,3.91,Moderate,18885,-2.86,5182617,-1.6,5.9,8.18,4.67,42.49,2026-06-30,2026-06-30
Maple Shade Township,NJ,"Philadelphia-Camden-Wilmington, PA-NJ-DE-MD",Burlington County,341010.5912378695,0.53,1708.3333333333333,2.42,20500,0.501,16.6,6.01,3.91,Moderate,NA,NA,NA,NA,NA,NA,NA,NA,2026-06-30,2026-06-30
Southbury,CT,"New Haven-Milford, CT",New Haven County,459118.035478941,0.06,2300,NA,27600,0.501,16.6,6.01,3.91,Moderate,NA,NA,NA,NA,NA,NA,NA,NA,2026-06-30,2026-06-30
Chino Valley,AZ,"Prescott Valley-Prescott, AZ",Yavapai County,503084.0366338224,1.57,2522.5,NA,30270,0.501,16.6,6.02,3.91,Moderate,NA,NA,NA,NA,NA,NA,NA,NA,2026-06-30,2026-06-30
Pleasant Hill,MO,"Kansas City, MO-KS",Cass County,375214.4158066879,5.5,1881.6666666666667,NA,22580,0.501,16.6,6.02,3.91,Moderate,NA,NA,NA,NA,NA,NA,NA,NA,2026-06-30,2026-06-30
Safety Harbor,FL,"Tampa-St. Petersburg-Clearwater, FL",Pinellas County,505294.95387945254,-0.73,2530.6666666666665,5.15,30368,0.501,16.6,6.01,3.91,Moderate,16972,-0.51,965870,0.63,3.8,18.32,8.78,30.56,2026-06-30,2026-06-30
Swannanoa,NC,"Asheville, NC",Buncombe County,364801.13560181047,-5.05,1830,NA,21960,0.502,16.6,6.02,3.91,Moderate,NA,NA,NA,NA,NA,NA,NA,NA,2026-06-30,2026-06-30
Santa Teresa,NM,"Las Cruces, NM",Dona Ana County,319081.1950036274,-0.47,1598.1666666666667,NA,19178,0.501,16.6,6.01,3.91,Moderate,NA,NA,NA,NA,NA,NA,NA,NA,2026-06-30,2026-06-30
Nacogdoches,TX,"Nacogdoches, TX",Nacogdoches County,224057.9084337027,2.9,1119.5,2.61,13434,0.5,16.7,6,3.9,Moderate,32381,0.83,65728,1.68,0.47,13.39,6.91,41.97,2026-06-30,2026-06-30
Searcy,AR,"Searcy, AR",White County,224873.3616045749,4.86,1125,-0.1,13500,0.5,16.7,6,3.9,Moderate,23997,4.51,79091,2.9,7.67,13.91,5.82,31.76,2026-06-30,2026-06-30
O Fallon,IL,"St. Louis, MO-IL",Saint Clair County,319630.72877776885,2.18,1598.794276094276,4.31,19185.531313131312,0.5,16.7,6,3.9,Moderate,NA,NA,NA,NA,NA,NA,NA,NA,2026-06-30,2026-06-30
Carbondale,IL,"Carbondale-Marion, IL",Jackson County,149781.7813336122,7.88,749.1928104575163,4.36,8990.313725490196,0.5,16.7,6,3.9,Moderate,22223,-0.18,53199,-0.12,6.47,16.8,7.23,50.68,2026-06-30,2026-06-30
Rutland,VT,"Rutland, VT",Rutland County,289520.785202202,6.23,1445.8333333333333,NA,17350,0.499,16.7,5.99,3.9,Moderate,NA,NA,NA,NA,NA,NA,NA,NA,2026-06-30,2026-06-30
Muscle Shoals,AL,"Florence-Muscle Shoals, AL",Colbert County,265936.6469033034,2.74,1329.5833333333333,NA,15955,0.5,16.7,6,3.9,Moderate,17409,6.33,58785,2.58,10.48,13.16,3.1,29.2,2026-06-30,2026-06-30
Lake Arbor,MD,"Washington-Arlington-Alexandria, DC-VA-MD-WV",Prince Georges County,422522.4887702071,-1.78,2110.891923436041,0.9,25330.703081232492,0.5,16.7,6,3.9,Moderate,NA,NA,NA,NA,NA,NA,NA,NA,2026-06-30,2026-06-30
Easton,PA,"Allentown-Bethlehem-Easton, PA-NJ",Northampton County,387576.5938431174,2.73,1935.038647342995,6.28,23220.46376811594,0.499,16.7,5.99,3.89,Moderate,30432,8.35,322989,3.25,8.06,5.53,2.64,28.88,2026-06-30,2026-06-30
Findlay,OH,"Findlay, OH",Hancock County,247438.6201707505,2.6,1232.5972222222224,8.97,14791.166666666668,0.498,16.7,5.98,3.89,Moderate,40343,0.16,75016,0.13,2.12,6.65,3.76,30.81,2026-06-30,2026-06-30
New Albany,IN,"Louisville/Jefferson County, KY-IN",Floyd County,241567.9521812823,3.08,1203.607142857143,1.4,14443.285714285714,0.498,16.7,5.98,3.89,Moderate,37652,-0.38,81931,1.76,15.1,9.91,9.79,26.9,2026-06-30,2026-06-30
Blackwood,NJ,"Philadelphia-Camden-Wilmington, PA-NJ-DE-MD",Camden County,380880.6065826011,5.04,1899.7666666666669,3.13,22797.200000000004,0.499,16.7,5.99,3.89,Moderate,NA,NA,533988,2.07,5.74,5.92,4.3,34.97,2026-06-30,2026-06-30
Kearns,UT,"Salt Lake City, UT",Salt Lake County,443259.84005660674,-0.15,2211.527777777778,NA,26538.333333333336,0.499,16.7,5.99,3.89,Moderate,NA,NA,NA,NA,NA,NA,NA,NA,2026-06-30,2026-06-30
Bourbonnais,IL,"Kankakee, IL",Kankakee County,303233.26419328497,5.77,1510.8333333333333,-1.77,18130,0.498,16.7,5.98,3.89,Moderate,18083,-0.07,106410,-0.92,0.69,9.91,3.26,31.23,2026-06-30,2026-06-30
Beaver Falls,PA,"Pittsburgh, PA",Beaver County,205378.29657022425,7.58,1024.1666666666667,5.93,12290,0.499,16.7,5.98,3.89,Moderate,8757,-2.49,165540,-1.38,4.65,9.08,7.23,25.47,2026-06-30,2026-06-30
Suisun City,CA,"Vallejo, CA",Solano County,534755.5472249744,-2.67,2668.766666666667,-0.23,32025.200000000004,0.499,16.7,5.99,3.89,Moderate,29614,0.46,455101,0.49,7.61,4.68,3.13,36.77,2026-06-30,2026-06-30
Ramsey,MN,"Minneapolis-St. Paul-Bloomington, MN-WI",Anoka County,395001.23902459303,1.93,1968.4047619047624,5.54,23620.85714285715,0.498,16.7,5.98,3.89,Moderate,28999,4.26,376840,3.38,6.34,2.91,3.32,20.04,2026-06-30,2026-06-30
Grain Valley,MO,"Kansas City, MO-KS",Jackson County,332936.64157202357,-0.85,1658.9333333333334,2.25,19907.2,0.498,16.7,5.98,3.89,Moderate,16859,7.5,727362,1.35,6.69,9.2,4.42,41.15,2026-06-30,2026-06-30
Fresno,CA,"Fresno, CA",Fresno County,392928.7585747621,0.28,1953.7324477658497,3.07,23444.789373190197,0.497,16.8,5.97,3.88,Moderate,550105,1.36,1024125,1.44,-1.54,5.8,3.02,44.58,2026-06-30,2026-06-30
Apopka,FL,"Orlando-Kissimmee-Sanford, FL",Orange County,398038.7978929021,-1.77,1981.933080808081,-1.91,23783.19696969697,0.498,16.7,5.98,3.88,Moderate,62777,14.29,1533646,7.12,16.48,11.72,10.93,42.64,2026-06-30,2026-06-30
Longview,TX,"Longview, TX",Gregg County,236068.1895734104,1.21,1175.79735318445,1.05,14109.5682382134,0.498,16.7,5.98,3.88,Moderate,83668,2.32,126679,1.9,-0.81,11.68,5.97,40.51,2026-06-30,2026-06-30
Cathedral City,CA,"Riverside-San Bernardino-Ontario, CA",Riverside County,479958.5513722061,-3.79,2390.240740740741,0.12,28682.88888888889,0.498,16.7,5.98,3.88,Moderate,52517,1.72,2529933,4.34,7.33,11.37,4.89,31.14,2026-06-30,2026-06-30
Oxford,MS,"Oxford, MS",Lafayette County,423941.9942065594,3.27,2107.6551226551223,4.2,25291.86147186147,0.497,16.8,5.97,3.88,Moderate,26801,5.08,59843,7.02,6.63,34.87,35.41,36.77,2026-06-30,2026-06-30
Shelbyville,TN,"Shelbyville, TN",Bedford County,316301.52856093255,1.5,1572.8333333333333,NA,18874,0.497,16.8,5.97,3.88,Moderate,25792,9.05,54228,7.6,14.61,5.84,4.77,29.82,2026-06-30,2026-06-30
Seymour,IN,"Seymour, IN",Jackson County,236048.4363013876,3.12,1175,NA,14100,0.498,16.7,5.97,3.88,Moderate,NA,NA,NA,NA,NA,NA,NA,NA,2026-06-30,2026-06-30
Florin,CA,"Sacramento-Roseville-Folsom, CA",Sacramento County,424543.6037376186,-0.3,2110.8333333333335,3.09,25330,0.497,16.8,5.97,3.88,Moderate,NA,NA,1611231,1.54,7.33,4.28,3.63,41.37,2026-06-30,2026-06-30
Waynesboro,VA,"Staunton, VA",Augusta County,322468.8524196239,3.1,1602.02380952381,6.1,19224.28571428572,0.497,16.8,5.96,3.88,Moderate,23498,5.48,78622,1.33,9.7,6.83,2.8,21.05,2026-06-30,2026-06-30
Bethel Park,PA,"Pittsburgh, PA",Allegheny County,311308.5953910222,2.42,1547.7777777777776,2.84,18573.333333333332,0.497,16.8,5.97,3.88,Moderate,32376,-3.4,1231814,-1.43,2.72,9.6,6.37,35.07,2026-06-30,2026-06-30
Bella Vista,AR,"Fayetteville-Springdale-Rogers, AR",Benton County,361601.8562872156,1.83,1798.650793650794,1.11,21583.809523809527,0.497,16.8,5.97,3.88,Moderate,33274,10.12,321566,12.19,23.43,9.14,4.86,32.8,2026-06-30,2026-06-30
Okemos,MI,"Lansing-East Lansing, MI",Ingham County,387764.1181253846,1.12,1927.2333333333331,NA,23126.799999999996,0.497,16.8,5.96,3.88,Moderate,NA,NA,290427,1.9,8.02,7.35,5.48,40.45,2026-06-30,2026-06-30
Sewickley,PA,"Pittsburgh, PA",Allegheny County,514365.96792746295,3.05,2561.527777777778,NA,30738.333333333336,0.498,16.7,5.98,3.88,Moderate,3770,-3.36,1231814,-1.43,2.72,9.6,6.37,35.07,2026-06-30,2026-06-30
Clarks Summit,PA,"Scranton--Wilkes-Barre, PA",Lackawanna County,357437.93359980424,4.35,1780.1666666666667,NA,21362,0.498,16.7,5.98,3.88,Moderate,NA,NA,NA,NA,NA,NA,NA,NA,2026-06-30,2026-06-30
Tuttle,OK,"Oklahoma City, OK",Grady County,333625.99857295933,4.01,1660,NA,19920,0.498,16.7,5.97,3.88,Moderate,NA,NA,NA,NA,NA,NA,NA,NA,2026-06-30,2026-06-30
Tomah,WI,NA,Monroe County,260727.54237142473,3.46,1297.777777777778,NA,15573.333333333336,0.498,16.7,5.97,3.88,Moderate,9574,-0.04,46370,0.15,2.37,8.23,4.65,27.61,2026-06-30,2026-06-30
Bath,PA,"Allentown-Bethlehem-Easton, PA-NJ",Northampton County,389593.7372214482,3.84,1937.5,NA,23250,0.497,16.8,5.97,3.88,Moderate,NA,NA,NA,NA,NA,NA,NA,NA,2026-06-30,2026-06-30
Amherst,VA,"Lynchburg, VA",Amherst County,300337.5840958736,3.69,1495,NA,17940,0.498,16.7,5.97,3.88,Moderate,NA,NA,NA,NA,NA,NA,NA,NA,2026-06-30,2026-06-30
Springfield,MO,"Springfield, MO",Greene County,248022.6530934587,2.48,1230.3448913043478,3.1,14764.138695652175,0.496,16.8,5.95,3.87,Moderate,170596,0.85,307942,2.88,8.4,4.51,2.53,43.14,2026-06-30,2026-06-30
Conroe,TX,"Houston-The Woodlands-Sugar Land, TX",Montgomery County,316083.39022217016,-1.78,1569.030953257721,-0.59,18828.37143909265,0.496,16.8,5.96,3.87,Moderate,114581,25.59,749613,19.86,40.55,7.22,7.84,28.27,2026-06-30,2026-06-30
Troy,NY,"Albany-Schenectady-Troy, NY",Rensselaer County,302876.61870115047,4.95,1501.1886762360446,5.46,18014.264114832535,0.496,16.8,5.95,3.87,Moderate,51065,-0.48,160749,-0.09,6.31,10.96,7.03,35.91,2026-06-30,2026-06-30
Cleburne,TX,"Dallas-Fort Worth-Arlington, TX",Johnson County,274147.60996684193,-3.38,1361.6747474747474,2.13,16340.09696969697,0.497,16.8,5.96,3.87,Moderate,38131,21.2,210547,16.36,31.86,7.46,7.08,25.53,2026-06-30,2026-06-30
Menomonee Falls,WI,"Milwaukee-Waukesha, WI",Waukesha County,445532.1529762042,5.38,2210,NA,26520,0.496,16.8,5.95,3.87,Moderate,NA,NA,NA,NA,NA,NA,NA,NA,2026-06-30,2026-06-30
Elkridge,MD,"Baltimore-Columbia-Towson, MD",Howard County,489926.38573724934,-1.23,2432.119104349951,3.52,29185.429252199414,0.496,16.8,5.96,3.87,Moderate,NA,NA,339668,2.06,3.73,3.55,5.06,28.29,2026-06-30,2026-06-30
Staunton,VA,"Staunton, VA",Augusta County,318986.02522597084,4.47,1580.777777777778,3.54,18969.333333333336,0.496,16.8,5.95,3.87,Moderate,26361,2.14,78622,1.33,9.7,6.83,2.8,21.05,2026-06-30,2026-06-30
Barstow,CA,"Riverside-San Bernardino-Ontario, CA",San Bernardino County,266800.8653378361,-2.1,1322.0361823361825,8.98,15864.434188034189,0.496,16.8,5.95,3.87,Moderate,24897,-2.02,2214281,1.41,1.68,9.55,3.22,38.46,2026-06-30,2026-06-30
Southbridge,MA,"Worcester, MA-CT",Worcester County,388045.8552218389,1.83,1927.5,NA,23130,0.497,16.8,5.96,3.87,Moderate,NA,NA,881248,2.82,8.7,5.7,3.41,34.33,2026-06-30,2026-06-30
Rollinsford,NH,"Boston-Cambridge-Newton, MA-NH",Strafford County,528520.7692550902,-1.31,2625,NA,31500,0.497,16.8,5.96,3.87,Moderate,NA,NA,NA,NA,NA,NA,NA,NA,2026-06-30,2026-06-30
Summerville,SC,"Charleston-North Charleston, SC",Dorchester County,383532.1906397387,-1.17,1896.198205625806,3.4,22754.378467509672,0.494,16.9,5.93,3.86,Moderate,52625,3.27,174663,7.78,24.37,7.32,11.12,24.57,2026-06-30,2026-06-30
Columbus,IN,"Columbus, IN",Bartholomew County,282967.87777469185,2.88,1398.876811594203,3.65,16786.521739130436,0.494,16.9,5.93,3.86,Moderate,51970,2.92,84741,3.07,4.56,7.13,3.3,30.08,2026-06-30,2026-06-30
Portage,MI,"Kalamazoo-Portage, MI",Kalamazoo County,304262.2972188902,5.05,1505.064232064232,10.86,18060.770784770786,0.495,16.8,5.94,3.86,Moderate,49975,2.12,264780,1.13,4.82,7.17,5.23,36.05,2026-06-30,2026-06-30
Beavercreek,OH,"Dayton-Kettering, OH",Greene County,340073.94071653765,1.9,1682.5820512820512,2.21,20190.984615384616,0.495,16.8,5.94,3.86,Moderate,48012,3,172347,2.51,11.6,6.18,4.42,32.42,2026-06-30,2026-06-30
Austin,MN,"Austin, MN",Mower County,191404.6501577728,5.01,946.7857142857144,8.4,11361.428571428572,0.495,16.8,5.94,3.86,Moderate,26690,1.83,40900,2.09,12.22,8.21,9,23.96,2026-06-30,2026-06-30
Severna Park,MD,"Baltimore-Columbia-Towson, MD",Anne Arundel County,762573.4201922029,2.51,3775,NA,45300,0.495,16.8,5.94,3.86,Moderate,NA,NA,NA,NA,NA,NA,NA,NA,2026-06-30,2026-06-30
Hanover,MD,"Baltimore-Columbia-Towson, MD",Anne Arundel County,539019.1584862134,-0.41,2666.934294871795,0.83,32003.21153846154,0.495,16.8,5.94,3.86,Moderate,NA,NA,602350,1.51,0.69,4.79,5.5,25.04,2026-06-30,2026-06-30
Waterford,CT,"Norwich-New London, CT",New London County,438997.977695676,5.83,2172.9166666666665,2.41,26075,0.495,16.8,5.94,3.86,Moderate,NA,NA,NA,NA,NA,NA,NA,NA,2026-06-30,2026-06-30
Schiller Park,IL,"Chicago-Naperville-Elgin, IL-IN-WI",Cook County,319322.893423526,7.69,1579,NA,18948,0.494,16.9,5.93,3.86,Moderate,11325,-2.92,5182617,-1.6,5.9,8.18,4.67,42.49,2026-06-30,2026-06-30
Dupont,WA,"Seattle-Tacoma-Bellevue, WA",Pierce County,559676.5117652124,0.41,2772.772222222222,4.8,33273.26666666666,0.495,16.8,5.95,3.86,Moderate,NA,NA,941170,1.9,6.6,5.21,4.02,35.21,2026-06-30,2026-06-30
Social Circle,GA,"Atlanta-Sandy Springs-Alpharetta, GA",Walton County,368819.93724510033,0.56,1827.5,NA,21930,0.495,16.8,5.95,3.86,Moderate,5415,8.26,109792,13.03,25.68,4.54,1.62,20.82,2026-06-30,2026-06-30
Shalimar,FL,"Crestview-Fort Walton Beach-Destin, FL",Okaloosa County,390223.82163479336,1.66,1933.0833333333333,6.88,23197,0.495,16.8,5.94,3.86,Moderate,757,2.3,220483,3.95,1.51,17.91,14.17,32.25,2026-06-30,2026-06-30
Brusly,LA,"Baton Rouge, LA",West Baton Rouge Parish,284782.8244855192,1.82,1409.1944444444443,NA,16910.333333333332,0.495,16.8,5.94,3.86,Moderate,NA,NA,NA,NA,NA,NA,NA,NA,2026-06-30,2026-06-30
Springdale,SC,"Columbia, SC",Lexington County,278618.0602584802,0.96,1377.888888888889,NA,16534.666666666668,0.495,16.9,5.93,3.86,Moderate,NA,NA,NA,NA,NA,NA,NA,NA,2026-06-30,2026-06-30
Atlanta,GA,"Atlanta-Sandy Springs-Alpharetta, GA",Fulton County,387146.1444707527,-2.95,1911.3128185034875,3.16,22935.75382204185,0.494,16.9,5.92,3.85,Moderate,520070,4.01,1090354,1.97,1.33,8.52,7.69,45.86,2026-06-30,2026-06-30
Erie,PA,"Erie, PA",Erie County,209959.98909212448,5.85,1035.5966389036564,3.25,12427.159666843876,0.493,16.9,5.92,3.85,Moderate,92940,-2.04,267750,-1.1,0.32,8.26,7.34,31.66,2026-06-30,2026-06-30
Yuma,AZ,"Yuma, AZ",Yuma County,298229.5418561872,0.7,1473.4185501290765,2.64,17681.022601548917,0.494,16.9,5.93,3.85,Moderate,103559,6.39,220310,7.12,18.3,18.12,5.27,29.98,2026-06-30,2026-06-30
Merced,CA,"Merced, CA",Merced County,397690.1462727736,-1.45,1963.7861443173945,2.32,23565.433731808735,0.494,16.9,5.93,3.85,Moderate,96073,10.4,296774,4.88,2.88,5.59,2.8,46.7,2026-06-30,2026-06-30
Newnan,GA,"Atlanta-Sandy Springs-Alpharetta, GA",Coweta County,368757.93474647385,-1.45,1820.834198086014,1.6,21850.01037703217,0.494,16.9,5.93,3.85,Moderate,45548,6.33,158233,7.82,9.75,4.98,2.88,22.41,2026-06-30,2026-06-30
Medina,OH,"Cleveland-Elyria, OH",Medina County,387437.70300065976,4.1,1910.3809523809523,2.97,22924.571428571428,0.493,16.9,5.92,3.85,Moderate,25757,-1.2,184625,1.09,3.28,4.23,3.93,19.98,2026-06-30,2026-06-30
Chelsea,MA,"Boston-Cambridge-Newton, MA-NH",Suffolk County,531852.98292799,0.04,2627.7073252688174,2.59,31532.48790322581,0.494,16.9,5.93,3.85,Moderate,40245,-0.75,793144,-0.51,10.02,8.97,4.43,63.39,2026-06-30,2026-06-30
Berlin,NJ,"Philadelphia-Camden-Wilmington, PA-NJ-DE-MD",Camden County,400079.0922134696,3.3,1975,NA,23700,0.494,16.9,5.92,3.85,Moderate,NA,NA,NA,NA,NA,NA,NA,NA,2026-06-30,2026-06-30
Melbourne Beach,FL,"Palm Bay-Melbourne-Titusville, FL",Brevard County,623048.8018082414,-1.95,3079.1666666666665,NA,36950,0.494,16.9,5.93,3.85,Moderate,3273,1.3,658447,8.16,22.48,14.46,11.39,23.08,2026-06-30,2026-06-30
Arlington,TX,"Dallas-Fort Worth-Arlington, TX",Tarrant County,314439.9979238118,-1.46,1546.0981347911104,0.98,18553.177617493326,0.492,16.9,5.9,3.84,Moderate,403672,2.36,2230708,5.41,8.74,7.08,7.73,40.64,2026-06-30,2026-06-30
Midland,TX,"Midland, TX",Midland County,331823.66632275784,2.11,1633.6388937922918,-3.78,19603.6667255075,0.492,16.9,5.91,3.84,Moderate,143687,7.84,183587,7.53,18.71,6.3,7.78,31.8,2026-06-30,2026-06-30
Clinton Township,MI,"Detroit-Warren-Dearborn, MI",Macomb County,262332.87179456983,2.57,1290.884027777778,1.82,15490.608333333337,0.492,16.9,5.9,3.84,Moderate,NA,NA,886175,0.67,8.17,4.12,3.23,25.04,2026-06-30,2026-06-30
Lynchburg,VA,"Lynchburg, VA",Campbell County,268928.5170918307,0.58,1325.3934811529934,4.26,15904.721773835921,0.493,16.9,5.91,3.84,Moderate,80301,1.66,55342,-0.48,7.91,12.94,6,24.47,2026-06-30,2026-06-30
Massillon,OH,"Canton-Massillon, OH",Stark County,221897.37391336236,3.11,1092.9629629629628,5.03,13115.555555555555,0.493,16.9,5.91,3.84,Moderate,32750,2.19,374091,-0.12,4.1,7.26,2.95,31.43,2026-06-30,2026-06-30
Crown Point,IN,"Chicago-Naperville-Elgin, IL-IN-WI",Lake County,364726.75225540315,1.5,1795.158080808081,1.79,21541.896969696973,0.492,16.9,5.91,3.84,Moderate,35097,3.24,502955,0.8,4.19,10.57,4.92,29.14,2026-06-30,2026-06-30
Garner,NC,"Raleigh-Cary, NC",Wake County,385626.4467392207,-1.98,1898.3381554677208,0.65,22780.05786561265,0.492,16.9,5.91,3.84,Moderate,39345,25.25,1232444,9,18.32,7.54,9.49,35.57,2026-06-30,2026-06-30
Hoffman Estates,IL,"Chicago-Naperville-Elgin, IL-IN-WI",Cook County,412865.6419895667,5.46,2031.7638583638584,4.48,24381.1663003663,0.492,16.9,5.91,3.84,Moderate,50920,-2.79,5182617,-1.6,5.9,8.18,4.67,42.49,2026-06-30,2026-06-30
Pittsfield,MA,"Pittsfield, MA",Berkshire County,313732.1621821216,1.34,1546.25,1.44,18555,0.493,16.9,5.91,3.84,Moderate,43121,-1.63,128726,-0.84,5.7,19.1,3.73,30.04,2026-06-30,2026-06-30
Miamisburg,OH,"Dayton-Kettering, OH",Montgomery County,270749.28974142694,4.17,1331.8545391806265,1.55,15982.254470167518,0.492,16.9,5.9,3.84,Moderate,20253,1.71,537443,0.06,5.01,8.84,4.22,37.67,2026-06-30,2026-06-30
Palmer,AK,"Anchorage, AK",Matanuska Susitna Borough,440883.148254513,11.15,2167.8333333333335,NA,26014,0.492,16.9,5.9,3.84,Moderate,NA,NA,NA,NA,NA,NA,NA,NA,2026-06-30,2026-06-30
Piedmont,SC,"Greenville-Anderson, SC",Greenville County,308695.44561549835,2.77,1518.0277777777776,-0.17,18216.333333333332,0.492,16.9,5.9,3.84,Moderate,NA,NA,570745,8.25,17.14,7.49,6.9,31.24,2026-06-30,2026-06-30
Cantonment,FL,"Pensacola-Ferry Pass-Brent, FL",Escambia County,329034.97625912755,0.87,1619.436507936508,3.6,19433.238095238095,0.492,16.9,5.91,3.84,Moderate,NA,NA,331275,2.69,10.82,13.13,5.08,36,2026-06-30,2026-06-30
Mountain Home,AR,"Mountain Home, AR",Baxter County,240317.60602509903,1.72,1183.3333333333333,NA,14200,0.492,16.9,5.91,3.84,Moderate,13348,3.95,43007,3.14,13.77,15.53,5.11,25.04,2026-06-30,2026-06-30
Taos,NM,"Taos, NM",Taos County,447021.147153606,-0.81,2200,NA,26400,0.492,16.9,5.91,3.84,Moderate,NA,NA,NA,NA,NA,NA,NA,NA,2026-06-30,2026-06-30
Breinigsville,PA,"Allentown-Bethlehem-Easton, PA-NJ",Lehigh County,487143.0114469248,2.73,2397.361111111111,2.37,28768.33333333333,0.492,16.9,5.91,3.84,Moderate,NA,NA,385655,2.98,11.77,4.72,3.33,34.79,2026-06-30,2026-06-30
Argyle,TX,"Dallas-Fort Worth-Arlington, TX",Denton County,606333.4913740369,-4.12,2987.888888888889,4.09,35854.66666666667,0.493,16.9,5.91,3.84,Moderate,6294,41.12,1045120,14.28,23.72,4.75,5.09,34.63,2026-06-30,2026-06-30
Cocoa Beach,FL,"Palm Bay-Melbourne-Titusville, FL",Brevard County,456584.70058072335,-1.11,2246.9017094017095,3.66,26962.820512820515,0.492,16.9,5.91,3.84,Moderate,11386,0.33,658447,8.16,22.48,14.46,11.39,23.08,2026-06-30,2026-06-30
Wyomissing,PA,"Reading, PA",Berks County,388850.50715534616,-0.4,1915.4166666666667,3.91,22985,0.493,16.9,5.91,3.84,Moderate,11292,1.68,439117,2.43,7.84,5.52,4.51,28.95,2026-06-30,2026-06-30
Mentone,CA,"Riverside-San Bernardino-Ontario, CA",San Bernardino County,521652.1487725363,-0.77,2571.25,NA,30855,0.493,16.9,5.91,3.84,Moderate,NA,NA,NA,NA,NA,NA,NA,NA,2026-06-30,2026-06-30
Delmar,MD,"Salisbury, MD-DE",Wicomico County,300727.45808043604,1.94,1480,NA,17760,0.492,16.9,5.91,3.84,Moderate,NA,NA,NA,NA,NA,NA,NA,NA,2026-06-30,2026-06-30
Sultan,WA,"Seattle-Tacoma-Bellevue, WA",Snohomish County,564220.6707537574,0.07,2778.3333333333335,NA,33340,0.492,16.9,5.91,3.84,Moderate,7002,35.49,864113,4.11,11.83,4.9,4.3,31.61,2026-06-30,2026-06-30
Lake Dallas,TX,"Dallas-Fort Worth-Arlington, TX",Denton County,350485.2528463006,-1.69,1724.1666666666667,NA,20690,0.492,16.9,5.9,3.84,Moderate,NA,NA,NA,NA,NA,NA,NA,NA,2026-06-30,2026-06-30
Waller,TX,"Houston-The Woodlands-Sugar Land, TX",Waller County,297075.4414345179,3.69,1463.1666666666667,1.94,17558,0.493,16.9,5.91,3.84,Moderate,4138,53.2,65109,13.65,12.62,9.85,7.28,29.45,2026-06-30,2026-06-30
Lexington,MN,"Minneapolis-St. Paul-Bloomington, MN-WI",Anoka County,329551.34746363905,0.78,1622.5,NA,19470,0.492,16.9,5.91,3.84,Moderate,NA,NA,NA,NA,NA,NA,NA,NA,2026-06-30,2026-06-30
Redington Shores,FL,"Tampa-St. Petersburg-Clearwater, FL",Pinellas County,667756.5547456878,-6.99,3287.5,NA,39450,0.492,16.9,5.91,3.84,Moderate,NA,NA,NA,NA,NA,NA,NA,NA,2026-06-30,2026-06-30
Saint Paul,MN,"Minneapolis-St. Paul-Bloomington, MN-WI",Ramsey County,301096.0693426276,0.76,1480.1206845020886,3.27,17761.448214025062,0.492,17,5.9,3.83,Moderate,NA,NA,542015,-1.76,3.41,5.41,6.16,38.97,2026-06-30,2026-06-30
Danbury,CT,"Bridgeport-Stamford-Norwalk, CT",Fairfield County,496968.9818659196,3.77,2439.0038847117794,1.11,29268.046616541353,0.491,17,5.89,3.83,Moderate,88692,3.02,NA,NA,NA,NA,NA,NA,2026-06-30,2026-06-30
Maryville,TN,"Knoxville, TN",Blount County,398571.465582696,2.04,1955.294871794872,0.89,23463.538461538465,0.491,17,5.89,3.83,Moderate,32373,1.13,142211,4.83,9.42,10.61,3.93,23.05,2026-06-30,2026-06-30
West Lafayette,IN,"Lafayette-West Lafayette, IN",Tippecanoe County,374551.7005917641,0.83,1840.6120448179272,2.82,22087.344537815126,0.491,17,5.9,3.83,Moderate,46338,3.75,191650,2.82,2.6,6.19,5.31,46.1,2026-06-30,2026-06-30
Newark,OH,"Columbus, OH",Licking County,249582.47741683671,3.3,1225.699074074074,3.68,14708.388888888887,0.491,17,5.89,3.83,Moderate,51424,2.76,184898,3.41,7.71,6.46,4.85,26.27,2026-06-30,2026-06-30
East Hartford,CT,"Hartford-East Hartford-Middletown, CT",Hartford County,313778.68531015835,4.92,1539.2666666666664,5.34,18471.199999999997,0.491,17,5.89,3.83,Moderate,NA,NA,NA,NA,NA,NA,NA,NA,2026-06-30,2026-06-30
Cibolo,TX,"San Antonio-New Braunfels, TX",Guadalupe County,337148.03241872275,-1.47,1653.8206578947368,-2.5,19845.847894736842,0.491,17,5.89,3.83,Moderate,37816,15.25,195166,12.35,28.34,6.55,4.38,21.53,2026-06-30,2026-06-30
Waynesboro,PA,"Chambersburg-Waynesboro, PA",Franklin County,280819.02026958176,2.84,1380,NA,16560,0.491,17,5.9,3.83,Moderate,11101,0.65,159285,2.14,8.04,5.63,3.51,26.78,2026-06-30,2026-06-30
Haymarket,VA,"Washington-Arlington-Alexandria, DC-VA-MD-WV",Prince William County,828920.4305808377,1.31,4075,NA,48900,0.492,17,5.9,3.83,Moderate,1594,3.04,497003,2.93,3.17,3.52,5.04,25.62,2026-06-30,2026-06-30
Coos Bay,OR,"Coos Bay, OR",Coos County,332031.5904983584,-2.5,1632.2222222222224,11.89,19586.666666666668,0.492,17,5.9,3.83,Moderate,NA,NA,NA,NA,NA,NA,NA,NA,2026-06-30,2026-06-30
Erlanger,KY,"Cincinnati, OH-KY-IN",Kenton County,252727.91120400664,0.08,1241.7222222222224,2.78,14900.666666666668,0.491,17,5.9,3.83,Moderate,20172,2.45,174862,3.3,10.73,7.27,5.15,29.96,2026-06-30,2026-06-30
Bethel,CT,"Bridgeport-Stamford-Norwalk, CT",Fairfield County,573657.5843993487,3.06,2814.75,NA,33777,0.491,17,5.89,3.83,Moderate,NA,NA,NA,NA,NA,NA,NA,NA,2026-06-30,2026-06-30
Berea,OH,"Cleveland-Elyria, OH",Cuyahoga County,248893.95396469624,5.28,1220.75,NA,14649,0.49,17,5.89,3.83,Moderate,17998,-2.72,1240594,-1.75,1.72,9.97,5.22,40.95,2026-06-30,2026-06-30
Conshohocken,PA,"Philadelphia-Camden-Wilmington, PA-NJ-DE-MD",Montgomery County,496490.1456921841,1.81,2439.227692271651,5.71,29270.732307259812,0.491,17,5.9,3.83,Moderate,9342,0.9,879190,2.6,7.92,4.35,5.68,28.27,2026-06-30,2026-06-30
Claymont,DE,"Philadelphia-Camden-Wilmington, PA-NJ-DE-MD",New Castle County,331136.52879546676,2.21,1627.7142857142856,2.49,19532.571428571428,0.492,17,5.9,3.83,Moderate,NA,NA,588093,3,8.7,5.15,4.98,31.49,2026-06-30,2026-06-30
Alexandria,IN,"Indianapolis-Carmel-Anderson, IN",Madison County,189813.29403361367,3.99,931.25,NA,11175,0.491,17,5.89,3.83,Moderate,NA,NA,NA,NA,NA,NA,NA,NA,2026-06-30,2026-06-30
Waite Park,MN,"St. Cloud, MN",Stearns County,258176.08150095947,1.99,1267.1944444444443,NA,15206.333333333332,0.491,17,5.89,3.83,Moderate,8504,1.94,163997,3.48,6.4,7.97,4.39,32.19,2026-06-30,2026-06-30
Fortville,IN,"Indianapolis-Carmel-Anderson, IN",Hancock County,316927.88682649884,2.16,1554.1666666666667,NA,18650,0.49,17,5.88,3.83,Moderate,4927,2.45,88810,10.76,28.66,3.45,4.86,20.41,2026-06-30,2026-06-30
Royal Palm Estates,FL,"Miami-Fort Lauderdale-Pompano Beach, FL",Palm Beach County,407827.27580195223,1.28,2005,NA,24060,0.492,17,5.9,3.83,Moderate,NA,NA,NA,NA,NA,NA,NA,NA,2026-06-30,2026-06-30
Lawrenceville,GA,"Atlanta-Sandy Springs-Alpharetta, GA",Gwinnett County,383934.8672562959,-3,1881.43638034816,0.49,22577.236564177918,0.49,17,5.88,3.82,Moderate,31877,4.37,1003869,4.75,5.96,3.94,4.99,33.31,2026-06-30,2026-06-30
Saint Augustine,FL,"Jacksonville, FL",Saint Johns County,433288.51477353653,-2.64,2121.386247625831,1.01,25456.63497150997,0.49,17,5.88,3.82,Moderate,NA,NA,NA,NA,NA,NA,NA,NA,2026-06-30,2026-06-30
Levittown,NY,"New York-Newark-Jersey City, NY-NJ-PA",Nassau County,740175.4475479977,3.64,3623.3333333333335,NA,43480,0.49,17,5.87,3.82,Moderate,NA,NA,NA,NA,NA,NA,NA,NA,2026-06-30,2026-06-30
Buda,TX,"Austin-Round Rock-Georgetown, TX",Hays County,356634.07547097537,-5.2,1747.0700371057512,-2.04,20964.840445269016,0.49,17,5.88,3.82,Moderate,16090,5.29,292029,19.69,29.92,5.29,3.58,35.89,2026-06-30,2026-06-30
Wethersfield,CT,"Hartford-East Hartford-Middletown, CT",Hartford County,444139.6498106877,9.91,2176.055555555555,NA,26112.666666666664,0.49,17,5.88,3.82,Moderate,NA,NA,NA,NA,NA,NA,NA,NA,2026-06-30,2026-06-30
Mount Holly,NC,"Charlotte-Concord-Gastonia, NC-SC",Gaston County,365239.37819299154,1.35,1789.3682983682984,2.8,21472.41958041958,0.49,17,5.88,3.82,Moderate,18723,5.4,242010,5.85,15.72,7.81,5.03,34.18,2026-06-30,2026-06-30
Choctaw,OK,"Oklahoma City, OK",Oklahoma County,310133.8786421282,0.89,1518.6666666666667,0.89,18224,0.49,17,5.88,3.82,Moderate,12358,0.87,816490,2.28,2.8,9.49,7.85,41.39,2026-06-30,2026-06-30
Union,MO,"St. Louis, MO-IL",Franklin County,264676.9593893515,4.19,1297.5,NA,15570,0.49,17,5.88,3.82,Moderate,NA,NA,NA,NA,NA,NA,NA,NA,2026-06-30,2026-06-30
Dayton,NV,"Fernley, NV",Lyon County,461142.95712773263,1,2260.791666666667,NA,27129.500000000004,0.49,17,5.88,3.82,Moderate,NA,NA,NA,NA,NA,NA,NA,NA,2026-06-30,2026-06-30
Opa-locka,FL,"Miami-Fort Lauderdale-Pompano Beach, FL",Miami-Dade County,475081.4869184075,-0.9,2327.777777777778,-0.5,27933.333333333336,0.49,17,5.88,3.82,Moderate,16507,0.75,2838461,5.29,19.88,11.11,5.36,47.81,2026-06-30,2026-06-30
Poquoson,VA,"Virginia Beach-Norfolk-Newport News, VA-NC",Poquoson City,470688.7489199262,1.22,2304.5,NA,27654,0.49,17,5.88,3.82,Moderate,NA,NA,NA,NA,NA,NA,NA,NA,2026-06-30,2026-06-30
Worcester,MA,"Worcester, MA-CT",Worcester County,443386.6118827155,1.23,2163.924234344727,0.64,25967.090812136725,0.488,17.1,5.86,3.81,Moderate,211286,4.35,881248,2.82,8.7,5.7,3.41,34.33,2026-06-30,2026-06-30
Roanoke,VA,"Roanoke, VA",Roanoke County,285212.8154968617,3.01,1394.216835016835,4.75,16730.60202020202,0.489,17,5.87,3.81,Moderate,97912,-1.99,97334,0.39,6.02,7.15,5.92,23.74,2026-06-30,2026-06-30
Rochester,MN,"Rochester, MN",Olmsted County,348286.3678070722,4.04,1702.2829710856724,2.2,20427.39565302807,0.489,17,5.87,3.81,Moderate,123624,1.69,166424,2.07,4.01,5.16,5.59,29.29,2026-06-30,2026-06-30
Clermont,FL,"Orlando-Kissimmee-Sanford, FL",Lake County,432288.0133065893,-3.56,2113.757150451887,0.12,25365.08580542264,0.489,17,5.87,3.81,Moderate,50851,17.33,444204,15.01,42.09,12.7,9.37,23.35,2026-06-30,2026-06-30
Johnson City,TN,"Johnson City, TN",Washington County,300336.65822962945,0.57,1467.4871500147362,2.81,17609.845800176834,0.489,17.1,5.86,3.81,Moderate,73635,3.53,139642,4.82,10.43,8.45,4.02,35.55,2026-06-30,2026-06-30
Elizabethtown,KY,"Elizabethtown-Fort Knox, KY",Hardin County,271662.1702177502,-2.9,1327.219373219373,-0.18,15926.632478632477,0.489,17.1,5.86,3.81,Moderate,34565,10.04,112826,1.79,3.14,8.2,6.65,37.68,2026-06-30,2026-06-30
Milford,CT,"New Haven-Milford, CT",New Haven County,519597.8311663194,4.56,2534.8884432560903,2.49,30418.661319073086,0.488,17.1,5.85,3.81,Moderate,53396,2.75,NA,NA,NA,NA,NA,NA,2026-06-30,2026-06-30
Salem,VA,"Roanoke, VA",Roanoke County,314298.1035734861,4.31,1535.575,2.32,18426.9,0.489,17.1,5.86,3.81,Moderate,25908,2.02,97334,0.39,6.02,7.15,5.92,23.74,2026-06-30,2026-06-30
Inver Grove Heights,MN,"Minneapolis-St. Paul-Bloomington, MN-WI",Dakota County,381411.46345978905,2.25,1860.6237472766888,3.36,22327.484967320266,0.488,17.1,5.85,3.81,Moderate,36226,1.12,453156,2.89,6.72,2.73,3.92,24.65,2026-06-30,2026-06-30
Middletown,PA,"Harrisburg-Carlisle, PA",Dauphin County,270590.08903471945,5.85,1322.2222222222224,4.18,15866.666666666668,0.489,17.1,5.86,3.81,Moderate,9748,2.15,293029,2.2,6.37,5.89,4.98,36.68,2026-06-30,2026-06-30
Roselle,NJ,"New York-Newark-Jersey City, NY-NJ-PA",Union County,524920.6190318784,0.44,2565.4666666666667,0.72,30785.6,0.489,17.1,5.86,3.81,Moderate,23064,2.03,594160,3.57,15.84,4.55,3.18,42.39,2026-06-30,2026-06-30
Greenwood,AR,"Fort Smith, AR-OK",Sebastian County,245943.8816133344,4.82,1200,NA,14400,0.488,17.1,5.85,3.81,Moderate,NA,NA,NA,NA,NA,NA,NA,NA,2026-06-30,2026-06-30
Las Cruces,NM,"Las Cruces, NM",Dona Ana County,291884.0948076249,-0.36,1423.7091097308487,0.66,17084.509316770185,0.488,17.1,5.85,3.8,Moderate,116998,4.72,NA,NA,NA,NA,NA,NA,2026-06-30,2026-06-30
Hickory,NC,"Hickory-Lenoir-Morganton, NC",Catawba County,300549.13742965215,1.93,1462.639393939394,4.37,17551.67272727273,0.487,17.1,5.84,3.8,Moderate,45081,3.19,167054,3.83,14.62,9.48,5.52,27.28,2026-06-30,2026-06-30
Ypsilanti,MI,"Ann Arbor, MI",Washtenaw County,294686.768885315,1.62,1435.244107744108,4.55,17222.929292929297,0.487,17.1,5.84,3.8,Moderate,20150,-2.21,373875,0.54,7.38,5.6,3.61,38.37,2026-06-30,2026-06-30
Grove City,OH,"Columbus, OH",Franklin County,338259.69279728207,1.67,1645.9533333333336,3.51,19751.440000000002,0.487,17.1,5.84,3.8,Moderate,44019,6.55,1356303,2.4,7.58,6.96,3.98,47.03,2026-06-30,2026-06-30
Lakewood,OH,"Cleveland-Elyria, OH",Cuyahoga County,301226.55834070913,4.47,1465.8494208494203,3.71,17590.193050193044,0.487,17.1,5.84,3.8,Moderate,49517,-2.57,1240594,-1.75,1.72,9.97,5.22,40.95,2026-06-30,2026-06-30
Evesham Township,NJ,"Philadelphia-Camden-Wilmington, PA-NJ-DE-MD",Burlington County,508427.525725,3.25,2476.090391090391,2.81,29713.084693084696,0.487,17.1,5.84,3.8,Moderate,NA,NA,475515,2.99,9.35,5.16,3.54,24.27,2026-06-30,2026-06-30
Thomasville,NC,"Winston-Salem, NC",Davidson County,242141.00015089425,2.81,1180.2777777777778,-0.13,14163.333333333334,0.487,17.1,5.85,3.8,Moderate,27605,1.77,177809,5.18,19.16,9.39,3.95,26.47,2026-06-30,2026-06-30
Clover,SC,"Charlotte-Concord-Gastonia, NC-SC",York County,418891.5366474088,-0.47,2040.9940476190477,1.49,24491.928571428572,0.487,17.1,5.85,3.8,Moderate,7558,11.47,303001,6.74,13.44,5.45,4.52,26.57,2026-06-30,2026-06-30
Manitowoc,WI,"Manitowoc, WI",Manitowoc County,244653.55274946432,5.61,1192.25,NA,14307,0.487,17.1,5.85,3.8,Moderate,NA,NA,NA,NA,NA,NA,NA,NA,2026-06-30,2026-06-30
Northampton,MA,"Springfield, MA",Hampshire County,508767.3299710069,4.67,2476.919191919192,3.48,29723.030303030304,0.487,17.1,5.84,3.8,Moderate,31315,6.95,165399,11.31,1.4,7.1,6.45,31.21,2026-06-30,2026-06-30
Mount Dora,FL,"Orlando-Kissimmee-Sanford, FL",Lake County,391992.3730160513,-1.53,1911.3350168350169,4.9,22936.0202020202,0.488,17.1,5.85,3.8,Moderate,18261,11.31,444204,15.01,42.09,12.7,9.37,23.35,2026-06-30,2026-06-30
Cottonwood,AZ,"Prescott Valley-Prescott, AZ",Yavapai County,397958.54229599953,0.08,1939.7222222222224,3.01,23276.666666666668,0.487,17.1,5.85,3.8,Moderate,12939,6.85,252013,6.23,16.63,12.2,4.45,26.49,2026-06-30,2026-06-30
Pooler,GA,"Savannah, GA",Chatham County,347283.67020139174,-4.4,1691.9458333333334,-3.81,20303.350000000002,0.487,17.1,5.85,3.8,Moderate,31171,21.39,307336,4.15,6.5,12.31,7,43.71,2026-06-30,2026-06-30
Stillwater,MN,"Minneapolis-St. Paul-Bloomington, MN-WI",Washington County,459966.88922440074,3.93,2240,NA,26880,0.487,17.1,5.84,3.8,Moderate,19386,-0.09,283960,5.8,13.75,3.39,4.74,18.85,2026-06-30,2026-06-30
Burtonsville,MD,"Washington-Arlington-Alexandria, DC-VA-MD-WV",Montgomery County,480629.3497774156,-2.2,2339.861111111111,NA,28078.33333333333,0.487,17.1,5.84,3.8,Moderate,NA,NA,1082273,2.02,7.76,4.26,3.68,34.66,2026-06-30,2026-06-30
Canton,NC,"Asheville, NC",Haywood County,303140.54406343796,-4.9,1475,NA,17700,0.487,17.1,5.84,3.8,Moderate,NA,NA,NA,NA,NA,NA,NA,NA,2026-06-30,2026-06-30
Setauket,NY,"New York-Newark-Jersey City, NY-NJ-PA",Suffolk County,864731.1059257385,7.59,4216.5,NA,50598,0.488,17.1,5.85,3.8,Moderate,NA,NA,NA,NA,NA,NA,NA,NA,2026-06-30,2026-06-30
Mounds View,MN,"Minneapolis-St. Paul-Bloomington, MN-WI",Ramsey County,351589.81260352134,1.5,1715,NA,20580,0.488,17.1,5.85,3.8,Moderate,NA,NA,NA,NA,NA,NA,NA,NA,2026-06-30,2026-06-30
Huntington,VA,"Washington-Arlington-Alexandria, DC-VA-MD-WV",Fairfax County,452293.63798945333,0.09,2202.4899222641156,-1.39,26429.879067169386,0.487,17.1,5.84,3.8,Moderate,NA,NA,1160925,1.07,6.94,3.66,4.16,31.65,2026-06-30,2026-06-30
Marion,AR,"Memphis, TN-MS-AR",Crittenden County,240710.01070363264,4.12,1173.75,NA,14085,0.488,17.1,5.85,3.8,Moderate,NA,NA,NA,NA,NA,NA,NA,NA,2026-06-30,2026-06-30
Bloomingdale,GA,"Savannah, GA",Bryan County,323618.6758435594,-2.31,1574.861111111111,NA,18898.333333333332,0.487,17.1,5.84,3.8,Moderate,3100,8.51,51105,13.46,19.49,8.68,9.55,24.37,2026-06-30,2026-06-30
Lake Mohegan,NY,"New York-Newark-Jersey City, NY-NJ-PA",Westchester County,602222.021287077,1.69,2937.3333333333335,NA,35248,0.488,17.1,5.85,3.8,Moderate,NA,NA,NA,NA,NA,NA,NA,NA,2026-06-30,2026-06-30
Valley Park,MO,"St. Louis, MO-IL",Saint Louis County,301373.4879013012,1.7,1468.0833333333333,NA,17617,0.487,17.1,5.85,3.8,Moderate,6747,-1.79,NA,NA,NA,NA,NA,NA,2026-06-30,2026-06-30
Oxford,FL,"The Villages, FL",Sumter County,355757.66051739664,-0.76,1732.6772486772486,NA,20792.126984126982,0.487,17.1,5.84,3.8,Moderate,NA,NA,154693,18.72,29.98,16.71,16.47,11.9,2026-06-30,2026-06-30
Oakbrook Terrace,IL,"Chicago-Naperville-Elgin, IL-IN-WI",DuPage County,432002.40108380554,5.07,2105.7380952380954,NA,25268.857142857145,0.487,17.1,5.85,3.8,Moderate,2729,-0.62,937142,0.6,5.3,4.53,5.6,26.87,2026-06-30,2026-06-30
Greenwood,IN,"Indianapolis-Carmel-Anderson, IN",Johnson County,331141.94148133247,1.37,1609.3955114652788,1.72,19312.746137583345,0.486,17.1,5.83,3.79,Moderate,68175,6.56,170614,5.15,11.12,5.07,6.28,26.06,2026-06-30,2026-06-30
Wellington,FL,"Miami-Fort Lauderdale-Pompano Beach, FL",Palm Beach County,658112.2005950435,-0.58,3195.223595605175,2.25,38342.6831472621,0.486,17.2,5.83,3.79,Moderate,63258,2.74,1582055,5.87,15.98,16.36,6.94,30.14,2026-06-30,2026-06-30
Southington,CT,"Hartford-East Hartford-Middletown, CT",Hartford County,450911.0120134856,5.1,2190.3333333333335,15.48,26284,0.486,17.2,5.83,3.79,Moderate,NA,NA,NA,NA,NA,NA,NA,NA,2026-06-30,2026-06-30
Norfolk,NE,"Norfolk, NE",Madison County,264593.09944081114,4.87,1285.6057692307693,3.03,15427.26923076923,0.486,17.2,5.83,3.79,Moderate,26162,1.05,35579,0.14,-6.16,7.93,7.02,32.45,2026-06-30,2026-06-30
Radcliff,KY,"Elizabethtown-Fort Knox, KY",Hardin County,217094.9806885589,-2.06,1054.7619047619048,2.4,12657.142857142859,0.486,17.2,5.83,3.79,Moderate,22706,-1.38,112826,1.79,3.14,8.2,6.65,37.68,2026-06-30,2026-06-30
Hood River,OR,"Hood River, OR",Hood River County,725007.6835840024,1.21,3521.944444444445,61.84,42263.333333333336,0.486,17.2,5.83,3.79,Moderate,NA,NA,NA,NA,NA,NA,NA,NA,2026-06-30,2026-06-30
Itasca,IL,"Chicago-Naperville-Elgin, IL-IN-WI",DuPage County,459003.0990982489,4.53,2228.1666666666665,3.76,26738,0.485,17.2,5.83,3.79,Moderate,9506,-0.37,937142,0.6,5.3,4.53,5.6,26.87,2026-06-30,2026-06-30
Buhl,ID,"Twin Falls, ID",Twin Falls County,381665.4483214077,4.14,1855,NA,22260,0.486,17.1,5.83,3.79,Moderate,NA,NA,NA,NA,NA,NA,NA,NA,2026-06-30,2026-06-30
Oakwood,OH,"Dayton-Kettering, OH",Montgomery County,413752.98980492493,3.52,2010.972222222222,NA,24131.666666666664,0.486,17.1,5.83,3.79,Moderate,3496,-1.96,1240594,-1.75,1.72,9.97,5.22,40.95,2026-06-30,2026-06-30
Monticello,MN,"Minneapolis-St. Paul-Bloomington, MN-WI",Wright County,334457.2731318253,1.83,1623.3015873015872,6.02,19479.619047619046,0.485,17.2,5.82,3.79,Moderate,15482,6.84,154593,8.96,15.08,6.05,2.93,15.74,2026-06-30,2026-06-30
Highlands,NJ,"New York-Newark-Jersey City, NY-NJ-PA",Monmouth County,604096.9275734074,3.62,2933.3333333333335,NA,35200,0.486,17.2,5.83,3.79,Moderate,NA,NA,NA,NA,NA,NA,NA,NA,2026-06-30,2026-06-30
Macomb,MI,"Detroit-Warren-Dearborn, MI",Macomb County,434902.18642881775,3.2,2109.2619047619046,5.95,25311.142857142855,0.485,17.2,5.82,3.78,Moderate,NA,NA,886175,0.67,8.17,4.12,3.23,25.04,2026-06-30,2026-06-30
West Allis,WI,"Milwaukee-Waukesha, WI",Milwaukee County,282914.61037772504,3.61,1371.5238095238094,5.23,16458.285714285714,0.485,17.2,5.82,3.78,Moderate,59784,-0.79,924740,-1.48,0.57,8.21,6.16,50.2,2026-06-30,2026-06-30
Coraopolis,PA,"Pittsburgh, PA",Allegheny County,311280.86167710484,2.19,1506.876984126984,3.37,18082.52380952381,0.484,17.2,5.81,3.78,Moderate,5340,-3.68,1231814,-1.43,2.72,9.6,6.37,35.07,2026-06-30,2026-06-30
Cutler Bay,FL,"Miami-Fort Lauderdale-Pompano Beach, FL",Miami-Dade County,566892.0047033281,-0.83,2748.560371517028,0.81,32982.724458204335,0.485,17.2,5.82,3.78,Moderate,45833,1.36,2838461,5.29,19.88,11.11,5.36,47.81,2026-06-30,2026-06-30
Lewiston,ME,"Lewiston-Auburn, ME",Androscoggin County,305710.7513811458,1.71,1479.75,3.1,17757,0.484,17.2,5.81,3.78,Moderate,38772,4.48,115272,3.68,8.08,7.11,1.58,32.64,2026-06-30,2026-06-30
Kuna,ID,"Boise City, ID",Ada County,461915.6836370479,-0.22,2236.1116402116404,3.81,26833.339682539685,0.484,17.2,5.81,3.78,Moderate,29127,18.81,535799,7.53,14.17,4.08,3.49,28.65,2026-06-30,2026-06-30
Shelbyville,IN,"Indianapolis-Carmel-Anderson, IN",Shelby County,229138.97771185485,-0.73,1110.111111111111,6.05,13321.333333333332,0.484,17.2,5.81,3.78,Moderate,20845,3.57,45654,1.3,7.73,7.31,8.4,26.19,2026-06-30,2026-06-30
Grandville,MI,"Grand Rapids-Kentwood, MI",Kent County,364042.4127872016,4.55,1766.1375661375662,-0.6,21193.650793650795,0.485,17.2,5.82,3.78,Moderate,17094,6.44,673002,2.2,7.09,4.57,4.07,29.64,2026-06-30,2026-06-30
Merrimack,NH,"Manchester-Nashua, NH",Hillsborough County,541146.9713100119,3.03,2623.2833333333333,2.82,31479.4,0.485,17.2,5.82,3.78,Moderate,NA,NA,430462,1.78,5.81,5.1,3.09,32.47,2026-06-30,2026-06-30
Waukee,IA,"Des Moines-West Des Moines, IA",Dallas County,343420.16587334324,-1.91,1665.2801346801346,2.65,19983.361616161616,0.485,17.2,5.82,3.78,Moderate,34420,41.25,115343,14.72,25.99,5.39,7.47,30.52,2026-06-30,2026-06-30
Juneau,AK,"Juneau, AK",Juneau Borough,482869.05154160806,4.6,2342.5,NA,28110,0.485,17.2,5.82,3.78,Moderate,NA,NA,NA,NA,NA,NA,NA,NA,2026-06-30,2026-06-30
Easton,MD,"Easton, MD",Talbot County,453883.8657289433,-0.27,2200.75,NA,26409,0.485,17.2,5.82,3.78,Moderate,17381,1.46,38244,1.92,10.93,17.59,4.47,27.31,2026-06-30,2026-06-30
Hobe Sound,FL,"Port St. Lucie, FL",Martin County,505979.4351603459,-2.84,2450,3.61,29400,0.484,17.2,5.81,3.78,Moderate,NA,NA,165666,4.41,14.54,17.59,6.28,19.89,2026-06-30,2026-06-30
Pinewood,FL,"Miami-Fort Lauderdale-Pompano Beach, FL",Miami-Dade County,430835.82130725146,-0.67,2085.516666666667,NA,25026.200000000004,0.484,17.2,5.81,3.78,Moderate,NA,NA,2838461,5.29,19.88,11.11,5.36,47.81,2026-06-30,2026-06-30
Bay Harbor Islands,FL,"Miami-Fort Lauderdale-Pompano Beach, FL",Miami-Dade County,680616.6638151014,-2.19,3302.698412698412,1.01,39632.38095238095,0.485,17.2,5.82,3.78,Moderate,5937,0.8,2838461,5.29,19.88,11.11,5.36,47.81,2026-06-30,2026-06-30
Omaha,NE,"Omaha-Council Bluffs, NE-IA",Douglas County,300783.4871465456,1.52,1453.4808951509597,3.03,17441.770741811517,0.483,17.2,5.8,3.77,Moderate,489265,-0.71,601158,2.68,7.03,5.47,6.04,38.25,2026-06-30,2026-06-30
Naples,FL,"Naples-Marco Island, FL",Collier County,548904.5512661483,-4.66,2653.7960254501227,0.21,31845.55230540147,0.483,17.2,5.8,3.77,Moderate,20168,5.39,416233,10.31,17.5,31.47,9.54,24.02,2026-06-30,2026-06-30
York,PA,"York-Hanover, PA",York County,282926.32393985987,3.41,1365.9175213675214,4.36,16391.010256410256,0.483,17.3,5.79,3.77,Moderate,45241,1.02,471240,3.17,10.19,4.45,2.79,24.17,2026-06-30,2026-06-30
Pueblo,CO,"Pueblo, CO",Pueblo County,287604.8820351486,-2.41,1391.5684684684686,1.78,16698.821621621624,0.484,17.2,5.81,3.77,Moderate,111166,-0.66,169866,0.9,3.56,7.14,2.06,31.68,2026-06-30,2026-06-30
Athens,GA,"Athens-Clarke County, GA",Clarke County,344299.33876103186,1.92,1662.6710979590457,2.15,19952.053175508547,0.483,17.3,5.79,3.77,Moderate,NA,NA,129995,1.13,-4.98,4.84,2.1,58.76,2026-06-30,2026-06-30
Mechanicsburg,PA,"Harrisburg-Carlisle, PA",Cumberland County,407884.9755194436,1.52,1971.287524366472,3.29,23655.450292397665,0.483,17.2,5.8,3.77,Moderate,10085,7.73,275516,5.86,13.9,4.61,1.99,28.63,2026-06-30,2026-06-30
Woodbury,MN,"Minneapolis-St. Paul-Bloomington, MN-WI",Washington County,466549.1167802161,1.4,2257.2787545787546,3.66,27087.345054945057,0.484,17.2,5.81,3.77,Moderate,80596,6.78,283960,5.8,13.75,3.39,4.74,18.85,2026-06-30,2026-06-30
Palm Desert,CA,"Riverside-San Bernardino-Ontario, CA",Riverside County,545952.5202275715,-2.31,2638.2132423132425,3.56,31658.55890775891,0.483,17.2,5.8,3.77,Moderate,53147,3.81,2529933,4.34,7.33,11.37,4.89,31.14,2026-06-30,2026-06-30
North Brunswick,NJ,"New York-Newark-Jersey City, NY-NJ-PA",Middlesex County,551952.7869335992,1.28,2670.468253968254,3.1,32045.619047619046,0.484,17.2,5.81,3.77,Moderate,NA,NA,890119,3.33,12.92,3.48,2.61,36.53,2026-06-30,2026-06-30
Emporia,KS,"Emporia, KS",Lyon County,178024.02399691858,4.33,860.3174603174602,6.69,10323.809523809523,0.483,17.2,5.8,3.77,Moderate,24354,1.07,32520,1.27,6.89,11.17,3.2,41.83,2026-06-30,2026-06-30
Macungie,PA,"Allentown-Bethlehem-Easton, PA-NJ",Lehigh County,454028.5773024175,2.77,2196.25,2.39,26355,0.484,17.2,5.8,3.77,Moderate,3335,2.49,385655,2.98,11.77,4.72,3.33,34.79,2026-06-30,2026-06-30
Holland,OH,"Toledo, OH",Lucas County,296030.27766792173,2.04,1432.5,NA,17190,0.484,17.2,5.81,3.77,Moderate,1795,-1.48,426291,-1.06,-0.51,9.27,4.76,38.34,2026-06-30,2026-06-30
Hartsdale,NY,"New York-Newark-Jersey City, NY-NJ-PA",Westchester County,739298.3009248466,7.3,3572.5,NA,42870,0.483,17.2,5.8,3.77,Moderate,NA,NA,NA,NA,NA,NA,NA,NA,2026-06-30,2026-06-30
Holly Springs,GA,"Atlanta-Sandy Springs-Alpharetta, GA",Cherokee County,438661.02143639146,-1.24,2119.5530303030305,0.51,25434.636363636368,0.483,17.2,5.8,3.77,Moderate,20133,20.61,293513,9.45,18.15,4.61,5.09,22.59,2026-06-30,2026-06-30
Somerdale,NJ,"Philadelphia-Camden-Wilmington, PA-NJ-DE-MD",Camden County,358700.90827423637,4.9,1735.8333333333333,NA,20830,0.484,17.2,5.81,3.77,Moderate,NA,NA,NA,NA,NA,NA,NA,NA,2026-06-30,2026-06-30
Doraville,GA,"Atlanta-Sandy Springs-Alpharetta, GA",Dekalb County,370600.5752879781,-0.54,1790.6090909090908,1.16,21487.30909090909,0.483,17.2,5.8,3.77,Moderate,12436,17.13,NA,NA,NA,NA,NA,NA,2026-06-30,2026-06-30
Oak Park Heights,MN,"Minneapolis-St. Paul-Bloomington, MN-WI",Washington County,351067.9130807148,-0.66,1698.75,NA,20385,0.484,17.2,5.81,3.77,Moderate,NA,NA,NA,NA,NA,NA,NA,NA,2026-06-30,2026-06-30
Davenport,IA,"Davenport-Moline-Rock Island, IA-IL",Scott County,197010.09123374228,3.02,948.7573512906848,3.72,11385.088215488218,0.482,17.3,5.78,3.76,Moderate,100938,-0.7,175601,0.56,4.16,6.98,5.79,30.4,2026-06-30,2026-06-30
Tomball,TX,"Houston-The Woodlands-Sugar Land, TX",Harris County,361896.9523607581,-1.47,1745.0439926739928,1.08,20940.527912087913,0.482,17.3,5.79,3.76,Moderate,15152,22.92,5009302,5.78,13.97,8.3,8.76,45.24,2026-06-30,2026-06-30
Rockledge,FL,"Palm Bay-Melbourne-Titusville, FL",Brevard County,401293.8133420031,-1.21,1934.6392429792431,1.3,23215.670915750918,0.482,17.3,5.79,3.76,Moderate,31429,13.44,658447,8.16,22.48,14.46,11.39,23.08,2026-06-30,2026-06-30
Bartlett,IL,"Chicago-Naperville-Elgin, IL-IN-WI",DuPage County,448185.01810646354,3.55,2161.5,NA,25938,0.482,17.3,5.79,3.76,Moderate,NA,NA,NA,NA,NA,NA,NA,NA,2026-06-30,2026-06-30
Groton,CT,"Norwich-New London, CT",New London County,450476.8126710609,5.26,2171.632575757576,6.31,26059.59090909091,0.482,17.3,5.78,3.76,Moderate,10160,8.54,NA,NA,NA,NA,NA,NA,2026-06-30,2026-06-30
Pittsford,NY,"Rochester, NY",Monroe County,534825.3066358255,5.88,2579.6666666666665,NA,30956,0.482,17.3,5.79,3.76,Moderate,1327,-2.78,752202,-0.73,1.18,6.27,5.62,36.48,2026-06-30,2026-06-30
Mount Pleasant,WI,"Racine, WI",Racine County,349021.6447989494,5.26,1680.2298701298705,5.38,20162.758441558446,0.481,17.3,5.78,3.76,Moderate,28184,1.55,198651,0.3,6.1,6.44,5.54,28.85,2026-06-30,2026-06-30
Patterson,CA,"Modesto, CA",Stanislaus County,508300.11474333145,-2.05,2447.5,NA,29370,0.482,17.3,5.78,3.76,Moderate,NA,NA,NA,NA,NA,NA,NA,NA,2026-06-30,2026-06-30
Fruitland Park,FL,"Orlando-Kissimmee-Sanford, FL",Lake County,295383.9456145366,-2.27,1425.6666666666663,NA,17107.999999999996,0.483,17.3,5.79,3.76,Moderate,NA,NA,NA,NA,NA,NA,NA,NA,2026-06-30,2026-06-30
Live Oak,TX,"San Antonio-New Braunfels, TX",Bexar County,246903.29130703575,-1.51,1191.299062049062,-4.34,14295.588744588746,0.482,17.3,5.79,3.76,Moderate,16218,2.52,2127737,5.56,8.6,8.27,8.16,40.89,2026-06-30,2026-06-30
Metairie,LA,"New Orleans-Metairie, LA",Jefferson Parish,334224.33425694716,8.37,1605.0053220907566,-1.44,19260.06386508908,0.48,17.4,5.76,3.75,Moderate,NA,NA,427253,-2.84,2.2,8.82,5.5,37.69,2026-06-30,2026-06-30
Menifee,CA,"Riverside-San Bernardino-Ontario, CA",Riverside County,586780.859305513,-1.1,2823.8813741277504,2.97,33886.57648953301,0.481,17.3,5.77,3.75,Moderate,117041,13.39,2529933,4.34,7.33,11.37,4.89,31.14,2026-06-30,2026-06-30
Duluth,MN,"Duluth, MN-WI",Saint Louis County,303635.452322751,6.21,1457.8764083139083,3.95,17494.5168997669,0.48,17.4,5.76,3.75,Moderate,87986,1.46,NA,NA,NA,NA,NA,NA,2026-06-30,2026-06-30
O Fallon,MO,"St. Louis, MO-IL",Saint Charles County,383592.8992193751,1.19,1845.9676679841896,3.66,22151.612015810275,0.481,17.3,5.77,3.75,Moderate,NA,NA,NA,NA,NA,NA,NA,NA,2026-06-30,2026-06-30
Decatur,AL,"Decatur, AL",Morgan County,224899.58732472017,-0.97,1082.1361111111112,2.61,12985.633333333335,0.481,17.3,5.77,3.75,Moderate,57974,1.47,126084,2.23,5.48,8.99,3.32,27.49,2026-06-30,2026-06-30
Van Buren,AR,"Fort Smith, AR-OK",Crawford County,211773.5878697929,6.4,1019.1468253968254,3.43,12229.761904761905,0.481,17.3,5.77,3.75,Moderate,24396,4.97,62258,3.49,8.95,9.86,7.25,25.76,2026-06-30,2026-06-30
Latrobe,PA,"Pittsburgh, PA",Westmoreland County,210090.30653613075,-1.35,1011.3888888888888,6.64,12136.666666666666,0.481,17.3,5.78,3.75,Moderate,7906,-1.91,350935,-0.96,3.65,8.33,4.09,21.75,2026-06-30,2026-06-30
Peyton,CO,"Colorado Springs, CO",El Paso County,543740.221128413,-1.96,2614.68253968254,2.76,31376.19047619048,0.481,17.3,5.77,3.75,Moderate,NA,NA,752772,2.58,3.46,4.58,3.67,33.62,2026-06-30,2026-06-30
Lathrop,CA,"Stockton, CA",San Joaquin County,640809.0752926106,-4.74,3082.8030303030305,-0.08,36993.63636363637,0.481,17.3,5.77,3.75,Moderate,40860,40.3,816108,4.54,9.17,6.02,3.67,38.47,2026-06-30,2026-06-30
Hudson,OH,"Akron, OH",Summit County,569392.5804781397,4.39,2735.75,NA,32829,0.48,17.3,5.77,3.75,Moderate,NA,NA,NA,NA,NA,NA,NA,NA,2026-06-30,2026-06-30
Amelia,OH,"Cincinnati, OH-KY-IN",Clermont County,312865.0002993929,4.29,1503.2380952380954,3.86,18038.857142857145,0.48,17.3,5.77,3.75,Moderate,NA,NA,214123,2.57,8.81,3.66,1.81,26.62,2026-06-30,2026-06-30
Charles Town,WV,"Washington-Arlington-Alexandria, DC-VA-MD-WV",Jefferson County,410729.7820147989,2.98,1976.0015873015873,4.38,23712.019047619047,0.481,17.3,5.77,3.75,Moderate,8869,35.9,61264,6.02,25.09,9.47,4.36,20.76,2026-06-30,2026-06-30
Holden,MA,"Worcester, MA-CT",Worcester County,568519.6900478681,1.67,2732.5,NA,32790,0.481,17.3,5.77,3.75,Moderate,NA,NA,NA,NA,NA,NA,NA,NA,2026-06-30,2026-06-30
Farmville,VA,NA,Prince Edward County,268439.2568656709,7.4,1290.8333333333333,NA,15490,0.481,17.3,5.77,3.75,Moderate,7578,0.36,22276,1.75,14.23,17.57,2.2,40.05,2026-06-30,2026-06-30
Portsmouth,RI,"Providence-Warwick, RI-MA",Newport County,702513.5223260885,3.47,3377.777777777778,NA,40533.333333333336,0.481,17.3,5.77,3.75,Moderate,NA,NA,83468,-2.39,-1.38,16.92,7.6,32.56,2026-06-30,2026-06-30
Creedmoor,NC,"Durham-Chapel Hill, NC",Granville County,342851.1354251159,-0.22,1650,NA,19800,0.481,17.3,5.78,3.75,Moderate,NA,NA,NA,NA,NA,NA,NA,NA,2026-06-30,2026-06-30
Luling,LA,"New Orleans-Metairie, LA",Saint Charles Parish,291073.34991750034,2.96,1400,NA,16800,0.481,17.3,5.77,3.75,Moderate,NA,NA,NA,NA,NA,NA,NA,NA,2026-06-30,2026-06-30
Willow Park,TX,"Dallas-Fort Worth-Arlington, TX",Parker County,419874.74903300125,-0.77,2020.611111111111,1.61,24247.333333333332,0.481,17.3,5.77,3.75,Moderate,6851,37.49,179707,20.16,32.26,7.74,10.08,17.92,2026-06-30,2026-06-30
Albany,NY,"Albany-Schenectady-Troy, NY",Albany County,336028.4236896632,4.53,1610.7714460784312,5.84,19329.257352941175,0.479,17.4,5.75,3.74,Moderate,101317,2.75,319964,1.89,6.58,9.68,4.33,43.28,2026-06-30,2026-06-30
Hesperia,CA,"Riverside-San Bernardino-Ontario, CA",San Bernardino County,463981.89144350943,1.21,2224.0937908496735,2.57,26689.125490196082,0.479,17.4,5.75,3.74,Moderate,101836,1.87,2214281,1.41,1.68,9.55,3.22,38.46,2026-06-30,2026-06-30
Greer,SC,"Greenville-Anderson, SC",Greenville County,354804.337992076,1.89,1701.7558080808085,2.6,20421.069696969702,0.48,17.4,5.76,3.74,Moderate,46316,29.27,570745,8.25,17.14,7.49,6.9,31.24,2026-06-30,2026-06-30
Cookeville,TN,"Cookeville, TN",Putnam County,326533.7898550414,2.07,1563.9503205128203,-1.46,18767.403846153844,0.479,17.4,5.75,3.74,Moderate,37102,6.2,84894,6.01,11.17,8.15,4.7,39.32,2026-06-30,2026-06-30
Saint Louis Park,MN,"Minneapolis-St. Paul-Bloomington, MN-WI",Hennepin County,386980.23098382534,0.89,1855.2896265398183,3.83,22263.47551847782,0.479,17.4,5.75,3.74,Moderate,NA,NA,1273334,-0.65,4.24,5.29,5.38,37.05,2026-06-30,2026-06-30
Merritt Island,FL,"Palm Bay-Melbourne-Titusville, FL",Brevard County,436289.01997743733,-0.66,2092.3281385281384,4.38,25107.93766233766,0.48,17.4,5.75,3.74,Moderate,NA,NA,658447,8.16,22.48,14.46,11.39,23.08,2026-06-30,2026-06-30
Middle River,MD,"Baltimore-Columbia-Towson, MD",Baltimore County,340719.5913178218,0.62,1631.9944444444443,-0.15,19583.93333333333,0.479,17.4,5.75,3.74,Moderate,NA,NA,852425,-0.11,3.96,5.75,5.61,33.67,2026-06-30,2026-06-30
College Park,MD,"Washington-Arlington-Alexandria, DC-VA-MD-WV",Prince Georges County,443217.2625292923,-1.14,2124.7872054747054,2,25497.446465696463,0.479,17.4,5.75,3.74,Moderate,34667,-0.13,NA,NA,NA,NA,NA,NA,2026-06-30,2026-06-30
Lemoore,CA,"Hanford-Corcoran, CA",Kings County,387131.6678553436,3.24,1857.7777777777776,4.51,22293.333333333332,0.48,17.4,5.76,3.74,Moderate,27057,-0.24,154913,1.38,4.25,6.34,2.45,45.18,2026-06-30,2026-06-30
Blairsville,GA,NA,Union County,391025.2093741737,-0.44,1872.5,NA,22470,0.479,17.4,5.75,3.74,Moderate,NA,NA,NA,NA,NA,NA,NA,NA,2026-06-30,2026-06-30
Coralville,IA,"Iowa City, IA",Johnson County,263400.71265551966,3.5,1262.929487179487,6.72,15155.153846153844,0.479,17.4,5.75,3.74,Moderate,23959,7.27,160080,4.59,6.75,7.43,6.54,41.16,2026-06-30,2026-06-30
Nashville,NC,"Rocky Mount, NC",Nash County,262785.3310364932,0.71,1260,NA,15120,0.479,17.4,5.75,3.74,Moderate,NA,NA,NA,NA,NA,NA,NA,NA,2026-06-30,2026-06-30
Farmington,AR,"Fayetteville-Springdale-Rogers, AR",Washington County,338753.0052229245,3.79,1622.5,1.26,19470,0.479,17.4,5.75,3.74,Moderate,10473,37.4,266184,7.86,10.41,7.47,4.52,44.44,2026-06-30,2026-06-30
Urbana,OH,"Urbana, OH",Champaign County,207574.7960899725,2.81,994.5,NA,11934,0.479,17.4,5.75,3.74,Moderate,11211,0.24,38907,0.42,1.41,8.23,4.26,23.34,2026-06-30,2026-06-30
New Hudson,MI,"Detroit-Warren-Dearborn, MI",Oakland County,464799.6451023354,2.85,2226.5555555555557,NA,26718.666666666668,0.479,17.4,5.75,3.74,Moderate,NA,NA,1296888,1.91,10.58,5.25,6.51,27.73,2026-06-30,2026-06-30
Lemoyne,PA,"Harrisburg-Carlisle, PA",Cumberland County,274832.486320812,2.74,1318.611111111111,NA,15823.333333333332,0.48,17.4,5.76,3.74,Moderate,4824,3.25,275516,5.86,13.9,4.61,1.99,28.63,2026-06-30,2026-06-30
Jersey City,NJ,"New York-Newark-Jersey City, NY-NJ-PA",Hudson County,665140.4158490807,-1.26,3182.2111008941224,2.75,38186.53321072947,0.478,17.4,5.74,3.73,Moderate,302824,3.72,736185,1.98,14.43,6.78,4.46,68.82,2026-06-30,2026-06-30
Middletown,OH,"Cincinnati, OH-KY-IN",Butler County,266121.2875457111,2.62,1272.375816993464,3.55,15268.509803921568,0.478,17.4,5.74,3.73,Moderate,52291,2.49,399542,2.21,8.05,6.17,4.38,30.13,2026-06-30,2026-06-30
North Bergen Township,NJ,"New York-Newark-Jersey City, NY-NJ-PA",Hudson County,589648.0471097172,1.28,2822.4203842940683,4.51,33869.04461152882,0.479,17.4,5.74,3.73,Moderate,NA,NA,736185,1.98,14.43,6.78,4.46,68.82,2026-06-30,2026-06-30
Irvington,NJ,"New York-Newark-Jersey City, NY-NJ-PA",Essex County,426368.00285887305,5.24,2037.6616390145805,0.56,24451.939668174964,0.478,17.4,5.73,3.73,Moderate,NA,NA,881527,2.5,15.1,5.39,2.7,55.47,2026-06-30,2026-06-30
Montgomery,TX,"Houston-The Woodlands-Sugar Land, TX",Montgomery County,394621.081395521,-1.51,1884.7575280112044,3.15,22617.090336134454,0.478,17.4,5.73,3.73,Moderate,2860,42.29,749613,19.86,40.55,7.22,7.84,28.27,2026-06-30,2026-06-30
Indian Trail,NC,"Charlotte-Concord-Gastonia, NC-SC",Union County,422532.6749415985,-2.31,2020.6321839080456,1.89,24247.586206896547,0.478,17.4,5.74,3.73,Moderate,43867,8.84,263386,9.89,19.55,5.19,2.44,18.15,2026-06-30,2026-06-30
Batavia,OH,"Cincinnati, OH-KY-IN",Clermont County,335979.467301579,2.92,1607.5563186813188,3.11,19290.675824175825,0.478,17.4,5.74,3.73,Moderate,2026,2.01,214123,2.57,8.81,3.66,1.81,26.62,2026-06-30,2026-06-30
Wisconsin Rapids,WI,"Wisconsin Rapids-Marshfield, WI",Wood County,229060.82804980595,8.22,1095.3333333333333,7.86,13144,0.478,17.4,5.74,3.73,Moderate,18675,-0.95,73943,-0.33,2.16,7.85,6.99,26.61,2026-06-30,2026-06-30
Nixa,MO,"Springfield, MO",Christian County,326357.8041801721,1.77,1561.809523809524,2.31,18741.71428571429,0.479,17.4,5.74,3.73,Moderate,26352,12.38,96045,7.56,14.74,4.77,1.67,24.01,2026-06-30,2026-06-30
Central Point,OR,"Medford, OR",Jackson County,424561.4544604272,0.95,2032.5,5.83,24390,0.479,17.4,5.74,3.73,Moderate,19128,0.15,221331,-1.08,2.88,6.6,3.86,35.02,2026-06-30,2026-06-30
Temple Hills,MD,"Washington-Arlington-Alexandria, DC-VA-MD-WV",Prince Georges County,329409.9943278588,-2.49,1574.0555555555557,1.28,18888.666666666668,0.478,17.4,5.73,3.73,Moderate,NA,NA,NA,NA,NA,NA,NA,NA,2026-06-30,2026-06-30
Ooltewah,TN,"Chattanooga, TN-GA",Hamilton County,446718.2149215881,-0.81,2138.435185185185,1.87,25661.222222222223,0.479,17.4,5.74,3.73,Moderate,NA,NA,386256,4.99,11.65,8.63,4.18,35.65,2026-06-30,2026-06-30
Cheshire,CT,"New Haven-Milford, CT",New Haven County,547088.217394764,4.94,2614.027777777778,NA,31368.333333333336,0.478,17.4,5.73,3.73,Moderate,NA,NA,NA,NA,NA,NA,NA,NA,2026-06-30,2026-06-30
Little River,SC,"Myrtle Beach-Conway-North Myrtle Beach, SC-NC",Horry County,323400.79843184934,-1.01,1546.8974358974358,-1.78,18562.76923076923,0.478,17.4,5.74,3.73,Moderate,NA,NA,413391,16.85,39.46,28.98,22.81,24.16,2026-06-30,2026-06-30
Watertown,CT,"Torrington, CT",Litchfield County,396281.49281080905,1.23,1897.5,NA,22770,0.479,17.4,5.75,3.73,Moderate,NA,NA,NA,NA,NA,NA,NA,NA,2026-06-30,2026-06-30
Bulverde,TX,"San Antonio-New Braunfels, TX",Comal County,480068.1193806098,0.3,2294.1666666666665,NA,27530,0.478,17.4,5.73,3.73,Moderate,7198,25.12,201628,23.22,36.2,9.17,6.79,23.15,2026-06-30,2026-06-30
East Grand Rapids,MI,"Grand Rapids-Kentwood, MI",Kent County,700485.3494355459,6.44,3347.5,NA,40170,0.478,17.4,5.73,3.73,Moderate,NA,NA,NA,NA,NA,NA,NA,NA,2026-06-30,2026-06-30
Virginia Beach,VA,"Virginia Beach-Norfolk-Newport News, VA-NC",Virginia Beach City,432733.9086718052,3.25,2064.8055838074483,4.61,24777.667005689378,0.477,17.5,5.73,3.72,Moderate,454808,-1.06,NA,NA,NA,NA,NA,NA,2026-06-30,2026-06-30
Holland,MI,"Grand Rapids-Kentwood, MI",Ottawa County,375914.0139066437,4.42,1791.7527777777775,4.31,21501.03333333333,0.477,17.5,5.72,3.72,Moderate,35023,1.96,306235,3.14,6.51,5.3,2.83,21.5,2026-06-30,2026-06-30
Kentwood,MI,"Grand Rapids-Kentwood, MI",Kent County,340016.9336826756,3.9,1619.625,6.28,19435.5,0.476,17.5,5.72,3.72,Moderate,54768,0.93,673002,2.2,7.09,4.57,4.07,29.64,2026-06-30,2026-06-30
Friendswood,TX,"Houston-The Woodlands-Sugar Land, TX",Galveston County,465040.2416582401,0.45,2219.6111111111113,5.02,26635.333333333336,0.477,17.5,5.73,3.72,Moderate,41291,0.64,367407,4.49,11.39,13,8.22,32.51,2026-06-30,2026-06-30
Addison,IL,"Chicago-Naperville-Elgin, IL-IN-WI",DuPage County,388523.95472478634,3.64,1852.7777777777776,NA,22233.333333333332,0.477,17.5,5.72,3.72,Moderate,35728,0.27,937142,0.6,5.3,4.53,5.6,26.87,2026-06-30,2026-06-30
Dawsonville,GA,"Atlanta-Sandy Springs-Alpharetta, GA",Dawson County,447444.3958276741,-0.5,2133.5026515151517,1.94,25602.031818181822,0.477,17.5,5.72,3.72,Moderate,4875,28.87,33748,24.71,58.26,13.46,4.4,21.62,2026-06-30,2026-06-30
Fremont,NE,"Fremont, NE",Dodge County,261079.60534254336,5.46,1244.361111111111,0.67,14932.333333333332,0.477,17.5,5.72,3.72,Moderate,28190,3.94,37884,2.06,8.68,10.21,8.69,33.23,2026-06-30,2026-06-30
Jenks,OK,"Tulsa, OK",Tulsa County,358115.7583159805,2.91,1705.7592592592591,0.49,20469.11111111111,0.476,17.5,5.72,3.72,Moderate,27869,6.88,693514,3.4,7.29,9.07,6.06,40.26,2026-06-30,2026-06-30
Citrus Park,FL,"Tampa-St. Petersburg-Clearwater, FL",Hillsborough County,428571.1742522032,-0.8,2043.69070961718,-1.81,24524.28851540616,0.477,17.5,5.72,3.72,Moderate,NA,NA,1581426,7.85,12.2,7.8,6.74,38.94,2026-06-30,2026-06-30
New London,CT,"Norwich-New London, CT",New London County,332807.0858696856,4.13,1586.0316350316352,5.05,19032.379620379623,0.477,17.5,5.72,3.72,Moderate,28081,4.82,NA,NA,NA,NA,NA,NA,2026-06-30,2026-06-30
Sycamore,IL,"Chicago-Naperville-Elgin, IL-IN-WI",DeKalb County,323610.0209716648,3.62,1543.3333333333333,NA,18520,0.477,17.5,5.72,3.72,Moderate,18968,1.57,101335,0.96,4.64,5.27,2.95,39.14,2026-06-30,2026-06-30
Harrisburg,NC,"Charlotte-Concord-Gastonia, NC-SC",Cabarrus County,502403.0926144598,-1.27,2398.5444444444447,3.03,28782.533333333336,0.477,17.5,5.73,3.72,Moderate,20335,7.52,244925,7.78,14.7,12.01,9.95,27.87,2026-06-30,2026-06-30
Siloam Springs,AR,"Fayetteville-Springdale-Rogers, AR",Benton County,286411.71706130035,2.38,1365.4666666666665,1.62,16385.6,0.477,17.5,5.72,3.72,Moderate,20075,14.58,321566,12.19,23.43,9.14,4.86,32.8,2026-06-30,2026-06-30
Swartz Creek,MI,"Flint, MI",Genesee County,256173.2672107036,5.3,1222.2222222222224,NA,14666.666666666668,0.477,17.5,5.73,3.72,Moderate,5848,-0.66,402279,-0.87,3.33,9.45,3.6,29.16,2026-06-30,2026-06-30
Seabrook,TX,"Houston-The Woodlands-Sugar Land, TX",Chambers County,354146.6209338181,0.95,1687.7857142857144,NA,20253.428571428572,0.477,17.5,5.72,3.72,Moderate,13976,2.87,56179,19.52,29.71,8.74,9.04,17.56,2026-06-30,2026-06-30
Platte City,MO,"Kansas City, MO-KS",Platte County,407557.2408810298,1.13,1943.4444444444448,NA,23321.333333333336,0.477,17.5,5.72,3.72,Moderate,4867,1.82,113207,5.61,6.94,5.93,6.25,32.98,2026-06-30,2026-06-30
Lincolnwood,IL,"Chicago-Naperville-Elgin, IL-IN-WI",Cook County,577486.978613949,6.37,2752.3611111111113,NA,33028.333333333336,0.477,17.5,5.72,3.72,Moderate,13055,-2.65,5182617,-1.6,5.9,8.18,4.67,42.49,2026-06-30,2026-06-30
Gardiner,ME,"Augusta-Waterville, ME",Kennebec County,296711.8744271355,-2.9,1415,NA,16980,0.477,17.5,5.72,3.72,Moderate,NA,NA,NA,NA,NA,NA,NA,NA,2026-06-30,2026-06-30
Bakersfield,CA,"Bakersfield, CA",Kern County,392104.81893052626,-0.37,1865.3072866100736,1.78,22383.687439320882,0.476,17.5,5.71,3.71,Moderate,417468,3.02,922529,1.81,2.68,7.58,3.4,40.19,2026-06-30,2026-06-30
Spring,TX,"Houston-The Woodlands-Sugar Land, TX",Harris County,368162.3219203763,-0.84,1750.3722411475255,-0.6,21004.466893770306,0.475,17.5,5.71,3.71,Moderate,NA,NA,5009302,5.78,13.97,8.3,8.76,45.24,2026-06-30,2026-06-30
Chesapeake,VA,"Virginia Beach-Norfolk-Newport News, VA-NC",Chesapeake City,429006.4920603538,3.38,2040.5912719107637,6.31,24487.095262929164,0.476,17.5,5.71,3.71,Moderate,254997,2.11,NA,NA,NA,NA,NA,NA,2026-06-30,2026-06-30
Fontana,CA,"Riverside-San Bernardino-Ontario, CA",San Bernardino County,639379.654054029,-0.56,3042.2223573527917,1.75,36506.6682882335,0.476,17.5,5.71,3.71,Moderate,218455,4.43,2214281,1.41,1.68,9.55,3.22,38.46,2026-06-30,2026-06-30
Visalia,CA,"Visalia, CA",Tulare County,401692.2076216131,0.67,1909.4395977011493,3.2,22913.275172413792,0.475,17.5,5.7,3.71,Moderate,146271,3.16,483546,2.03,-1.06,6.89,2.76,41.38,2026-06-30,2026-06-30
Canton,MI,"Detroit-Warren-Dearborn, MI",Wayne County,412612.31088827737,1.77,1964.8149386845041,3.66,23577.77926421405,0.476,17.5,5.71,3.71,Moderate,NA,NA,1771063,-1.04,3.75,12.9,4.58,35.52,2026-06-30,2026-06-30
Mechanicsville,VA,"Richmond, VA",Hanover County,449720.5177508974,3.49,2138.522792022792,2.03,25662.273504273508,0.476,17.5,5.71,3.71,Moderate,NA,NA,115309,4.63,10.7,4.48,3.54,17.19,2026-06-30,2026-06-30
Bristol,CT,"Hartford-East Hartford-Middletown, CT",Hartford County,353528.4727842275,5.67,1679.3333333333333,3.99,20152,0.475,17.5,5.7,3.71,Moderate,62195,2.39,NA,NA,NA,NA,NA,NA,2026-06-30,2026-06-30
Wentzville,MO,"St. Louis, MO-IL",Saint Charles County,405915.19150235347,0.61,1929.6666666666667,4.78,23156,0.475,17.5,5.7,3.71,Moderate,48646,7.43,NA,NA,NA,NA,NA,NA,2026-06-30,2026-06-30
Wasilla,AK,"Anchorage, AK",Matanuska Susitna Borough,424843.4342818796,7.98,2023.4474747474749,1.83,24281.369696969698,0.476,17.5,5.72,3.71,Moderate,10318,13.2,NA,NA,NA,NA,NA,NA,2026-06-30,2026-06-30
Westfield,MA,"Springfield, MA",Hampden County,394387.7057039307,3.79,1873.3916666666669,3.58,22480.700000000004,0.475,17.5,5.7,3.71,Moderate,40403,0.58,464151,0.09,4.76,6.59,3.41,37.78,2026-06-30,2026-06-30
Midlothian,TX,"Dallas-Fort Worth-Arlington, TX",Ellis County,456472.3870975788,-0.87,2171.0099789915967,-0.24,26052.11974789916,0.476,17.5,5.71,3.71,Moderate,44104,24.08,232387,19.58,34.12,5.09,4.27,23.75,2026-06-30,2026-06-30
Marysville,CA,"Yuba City, CA",Yuba County,396575.1197924526,-1.53,1888.111111111111,5.76,22657.333333333332,0.476,17.5,5.71,3.71,Moderate,12714,-1.07,87469,6.67,15.14,6.73,3.31,36.68,2026-06-30,2026-06-30
Seneca,SC,"Seneca, SC",Oconee County,313925.5405271675,2.17,1493.1833333333334,-0.12,17918.2,0.476,17.5,5.71,3.71,Moderate,9202,3.86,82475,4.68,16.36,18.94,5.92,24.58,2026-06-30,2026-06-30
Fairhope,AL,"Daphne-Fairhope-Foley, AL",Baldwin County,471630.5065327373,0.6,2241.9907407407404,9.24,26903.888888888883,0.475,17.5,5.7,3.71,Moderate,26044,14.69,261608,12.16,29.22,26.36,33.41,22.46,2026-06-30,2026-06-30
Woodway,TX,"Waco, TX",McLennan County,376856.31474737794,0.72,1792.611111111111,1.57,21511.333333333332,0.476,17.5,5.71,3.71,Moderate,9686,2.82,270358,3.51,2.79,10.47,4.56,38.83,2026-06-30,2026-06-30
Granger,IN,"South Bend-Mishawaka, IN-MI",Saint Joseph County,425409.2196683059,4.1,2024.1142857142856,13.35,24289.371428571427,0.476,17.5,5.71,3.71,Moderate,NA,NA,NA,NA,NA,NA,NA,NA,2026-06-30,2026-06-30
Nanuet,NY,"New York-Newark-Jersey City, NY-NJ-PA",Rockland County,651962.4572731868,2.46,3102.8888888888887,-2.16,37234.666666666664,0.476,17.5,5.71,3.71,Moderate,NA,NA,348144,3.19,1.26,4.87,2.49,31.75,2026-06-30,2026-06-30
West Deptford Township,NJ,"Philadelphia-Camden-Wilmington, PA-NJ-DE-MD",Gloucester County,365927.0780136743,5.09,1742.388888888889,NA,20908.666666666668,0.476,17.5,5.71,3.71,Moderate,NA,NA,311783,3.04,8.48,4.88,3.06,20.57,2026-06-30,2026-06-30
South Saint Paul,MN,"Minneapolis-St. Paul-Bloomington, MN-WI",Dakota County,305438.8651779783,3.14,1453.320105820106,NA,17439.841269841272,0.476,17.5,5.71,3.71,Moderate,NA,NA,453156,2.89,6.72,2.73,3.92,24.65,2026-06-30,2026-06-30
Ansonia,CT,"New Haven-Milford, CT",New Haven County,390491.0405485405,3.95,1858.8333333333333,5.71,22306,0.476,17.5,5.71,3.71,Moderate,19195,1.58,NA,NA,NA,NA,NA,NA,2026-06-30,2026-06-30
Coopersburg,PA,"Allentown-Bethlehem-Easton, PA-NJ",Lehigh County,526518.5977291177,5.1,2507.5,NA,30090,0.476,17.5,5.71,3.71,Moderate,NA,NA,NA,NA,NA,NA,NA,NA,2026-06-30,2026-06-30
Big Bear City,CA,"Riverside-San Bernardino-Ontario, CA",San Bernardino County,394428.2988904514,-5.08,1877.777777777778,4,22533.333333333336,0.476,17.5,5.71,3.71,Moderate,NA,NA,2214281,1.41,1.68,9.55,3.22,38.46,2026-06-30,2026-06-30
Troutman,NC,"Charlotte-Concord-Gastonia, NC-SC",Iredell County,400709.3403003432,0.22,1908.1714285714288,6.7,22898.057142857146,0.476,17.5,5.71,3.71,Moderate,4234,11.19,206361,9.94,28.47,9.63,3.66,28.53,2026-06-30,2026-06-30
Ellisville,MO,"St. Louis, MO-IL",Saint Louis County,415012.6329178089,2.02,1974.5833333333337,NA,23695.000000000004,0.476,17.5,5.71,3.71,Moderate,NA,NA,NA,NA,NA,NA,NA,NA,2026-06-30,2026-06-30
Broadview,IL,"Chicago-Naperville-Elgin, IL-IN-WI",Cook County,282524.61729030486,7.67,1342.5,NA,16110,0.475,17.5,5.7,3.71,Moderate,NA,NA,NA,NA,NA,NA,NA,NA,2026-06-30,2026-06-30
Edmond,OK,"Oklahoma City, OK",Oklahoma County,358374.4586230186,0.64,1701.4667308590103,1.06,20417.600770308123,0.475,17.6,5.7,3.7,Moderate,99040,4.53,816490,2.28,2.8,9.49,7.85,41.39,2026-06-30,2026-06-30
Stafford,VA,"Washington-Arlington-Alexandria, DC-VA-MD-WV",Stafford County,562006.2708213347,0.27,2663.525,1.89,31962.300000000003,0.474,17.6,5.69,3.7,Moderate,NA,NA,168919,7.07,13.4,4.74,6.31,19.17,2026-06-30,2026-06-30
Covington,LA,"New Orleans-Metairie, LA",Saint Tammany Parish,326883.34642781474,0.43,1552.4430976430976,0.48,18629.31717171717,0.475,17.5,5.7,3.7,Moderate,11686,1.01,NA,NA,NA,NA,NA,NA,2026-06-30,2026-06-30
Newburgh,NY,"Poughkeepsie-Newburgh-Middletown, NY",Orange County,405523.80880009127,4.89,1924.8846153846152,1.83,23098.615384615383,0.475,17.6,5.7,3.7,Moderate,28181,-2.06,411767,2.69,1.95,7.51,3.61,31.57,2026-06-30,2026-06-30
Spotsylvania,VA,"Washington-Arlington-Alexandria, DC-VA-MD-WV",Spotsylvania County,440787.5532124958,1.14,2091.704761904762,8.54,25100.457142857143,0.475,17.6,5.69,3.7,Moderate,NA,NA,152021,8.11,12.84,5.06,7.09,20.35,2026-06-30,2026-06-30
Wappingers Falls,NY,"Poughkeepsie-Newburgh-Middletown, NY",Dutchess County,504929.2845101624,5.37,2398.0444444444443,7.94,28776.533333333333,0.475,17.5,5.7,3.7,Moderate,6070,-0.56,299963,1.37,5.8,6.08,3.65,31.17,2026-06-30,2026-06-30
Knightdale,NC,"Raleigh-Cary, NC",Wake County,370516.0154658958,-2.41,1758.6128205128207,0.6,21103.35384615385,0.475,17.6,5.7,3.7,Moderate,21829,12.21,1232444,9,18.32,7.54,9.49,35.57,2026-06-30,2026-06-30
Grayson,GA,"Atlanta-Sandy Springs-Alpharetta, GA",Gwinnett County,435586.3176250239,-2.96,2068.531144781145,4.94,24822.37373737374,0.475,17.5,5.7,3.7,Moderate,5252,12.66,1003869,4.75,5.96,3.94,4.99,33.31,2026-06-30,2026-06-30
Laurens,SC,"Greenville-Anderson, SC",Laurens County,187905.9453058379,-2.08,892.5,NA,10710,0.475,17.5,5.7,3.7,Moderate,NA,NA,NA,NA,NA,NA,NA,NA,2026-06-30,2026-06-30
Harrison Township,MI,"Detroit-Warren-Dearborn, MI",Macomb County,264522.39164613426,-3.28,1253.5925925925926,4.37,15043.111111111111,0.474,17.6,5.69,3.7,Moderate,NA,NA,886175,0.67,8.17,4.12,3.23,25.04,2026-06-30,2026-06-30
Barre,VT,"Barre, VT",Washington County,312915.22428635083,1.63,1483.3333333333333,NA,17800,0.474,17.6,5.69,3.7,Moderate,NA,NA,NA,NA,NA,NA,NA,NA,2026-06-30,2026-06-30
Destrehan,LA,"New Orleans-Metairie, LA",Saint Charles Parish,300226.14314170944,1.8,1425,NA,17100,0.475,17.6,5.7,3.7,Moderate,NA,NA,NA,NA,NA,NA,NA,NA,2026-06-30,2026-06-30
Spring Hill,KS,"Kansas City, MO-KS",Miami County,421697.4257588415,0.15,2001.5555555555557,NA,24018.666666666668,0.475,17.6,5.7,3.7,Moderate,NA,NA,NA,NA,NA,NA,NA,NA,2026-06-30,2026-06-30
Palmyra,NY,"Rochester, NY",Wayne County,245940.1529720608,4.22,1167.5,NA,14010,0.475,17.6,5.7,3.7,Moderate,NA,NA,NA,NA,NA,NA,NA,NA,2026-06-30,2026-06-30
East Lyme,CT,"Norwich-New London, CT",New London County,542394.3587822206,5.86,2574.1666666666665,NA,30890,0.475,17.6,5.7,3.7,Moderate,NA,NA,NA,NA,NA,NA,NA,NA,2026-06-30,2026-06-30
Halfway,MD,"Hagerstown-Martinsburg, MD-WV",Washington County,294465.0378902377,0.61,1398.1666666666667,NA,16778,0.475,17.6,5.7,3.7,Moderate,NA,NA,NA,NA,NA,NA,NA,NA,2026-06-30,2026-06-30
Kemah,TX,"Houston-The Woodlands-Sugar Land, TX",Galveston County,308871.9848629202,-2.76,1464.7138888888887,3.38,17576.566666666666,0.474,17.6,5.69,3.7,Moderate,2853,57.54,367407,4.49,11.39,13,8.22,32.51,2026-06-30,2026-06-30
Davie,FL,"Miami-Fort Lauderdale-Pompano Beach, FL",Broward County,518236.2667548903,-3.36,2450.3190406105946,0.96,29403.828487327133,0.473,17.6,5.67,3.69,Moderate,112052,5.68,2037472,4.84,14.84,13.18,6.08,36.74,2026-06-30,2026-06-30
Simpsonville,SC,"Greenville-Anderson, SC",Greenville County,382931.4284701903,2.3,1813.4622587703984,1.79,21761.547105244783,0.474,17.6,5.68,3.69,Moderate,28078,18.95,570745,8.25,17.14,7.49,6.9,31.24,2026-06-30,2026-06-30
West Hartford,CT,"Hartford-East Hartford-Middletown, CT",Hartford County,515170.4414417493,5.24,2437.281904761905,3.9,29247.38285714286,0.473,17.6,5.68,3.69,Moderate,NA,NA,NA,NA,NA,NA,NA,NA,2026-06-30,2026-06-30
Bonita Springs,FL,"Cape Coral-Fort Myers, FL",Lee County,507316.5653581989,-5.86,2399.602905982906,0.31,28795.234871794873,0.473,17.6,5.68,3.69,Moderate,57112,5.98,860959,12.46,20.97,25.72,10.08,26.02,2026-06-30,2026-06-30
Crossville,TN,"Crossville, TN",Cumberland County,314091.02434978966,0.62,1484.3055555555557,NA,17811.666666666668,0.473,17.6,5.67,3.69,Moderate,NA,NA,NA,NA,NA,NA,NA,NA,2026-06-30,2026-06-30
Perth Amboy,NJ,"New York-Newark-Jersey City, NY-NJ-PA",Middlesex County,506200.98189929407,2.02,2393.694444444445,NA,28724.333333333336,0.473,17.6,5.67,3.69,Moderate,56939,2.82,890119,3.33,12.92,3.48,2.61,36.53,2026-06-30,2026-06-30
Granbury,TX,"Granbury, TX",Hood County,377474.61861358065,-0.27,1784.4862098685626,3.47,21413.83451842275,0.473,17.6,5.67,3.69,Moderate,12934,17.06,69126,11.39,23.23,13.22,16.3,18.68,2026-06-30,2026-06-30
Nicholasville,KY,"Lexington-Fayette, KY",Jessamine County,327264.876847129,3.03,1546.3796296296296,7.17,18556.555555555555,0.473,17.6,5.67,3.69,Moderate,33458,7.47,56495,6.56,15.9,6.17,4.04,30.74,2026-06-30,2026-06-30
Cottage Grove,MN,"Minneapolis-St. Paul-Bloomington, MN-WI",Washington County,404732.7301590677,1.9,1916.311507936508,2.13,22995.738095238095,0.473,17.6,5.68,3.69,Moderate,42760,9.67,283960,5.8,13.75,3.39,4.74,18.85,2026-06-30,2026-06-30
Parkland,FL,"Miami-Fort Lauderdale-Pompano Beach, FL",Broward County,1078188.1187669002,-1.15,5097.169312169312,3.05,61166.031746031746,0.473,17.6,5.67,3.69,Moderate,39700,13.72,2037472,4.84,14.84,13.18,6.08,36.74,2026-06-30,2026-06-30
Blacklick,OH,"Columbus, OH",Franklin County,359142.90402060567,-0.24,1697.854377104377,NA,20374.252525252523,0.473,17.6,5.67,3.69,Moderate,NA,NA,1356303,2.4,7.58,6.96,3.98,47.03,2026-06-30,2026-06-30
Raymore,MO,"Kansas City, MO-KS",Cass County,362470.8194396358,4.5,1715.9967320261435,2.6,20591.96078431372,0.473,17.6,5.68,3.69,Moderate,25962,12.78,113873,5.28,18.34,5.82,3.72,24.11,2026-06-30,2026-06-30
Port Jefferson Station,NY,"New York-Newark-Jersey City, NY-NJ-PA",Suffolk County,628965.7647547699,5.41,2978.754761904762,1.29,35745.05714285714,0.474,17.6,5.68,3.69,Moderate,NA,NA,1535909,0.9,2.22,11.64,3.67,18.09,2026-06-30,2026-06-30
Port Allen,LA,"Baton Rouge, LA",West Baton Rouge Parish,218678.218838176,0.53,1035,NA,12420,0.473,17.6,5.68,3.69,Moderate,NA,NA,NA,NA,NA,NA,NA,NA,2026-06-30,2026-06-30
Portland,CT,"Hartford-East Hartford-Middletown, CT",Middlesex County,422793.3908523419,2.84,2000,NA,24000,0.473,17.6,5.68,3.69,Moderate,NA,NA,NA,NA,NA,NA,NA,NA,2026-06-30,2026-06-30
Bath,ME,"Portland-South Portland, ME",Sagadahoc County,386295.7069685902,-0.9,1825,NA,21900,0.472,17.6,5.67,3.69,Moderate,NA,NA,NA,NA,NA,NA,NA,NA,2026-06-30,2026-06-30
Cheswick,PA,"Pittsburgh, PA",Allegheny County,253325.91507688505,0.64,1199.5,NA,14394,0.474,17.6,5.68,3.69,Moderate,NA,NA,NA,NA,NA,NA,NA,NA,2026-06-30,2026-06-30
Freeport,FL,"Crestview-Fort Walton Beach-Destin, FL",Walton County,389770.24112503,-2.59,1842.138888888889,0.12,22105.666666666668,0.473,17.6,5.67,3.69,Moderate,7234,19.16,89666,18.15,36.1,44.55,32.56,22.85,2026-06-30,2026-06-30
Glendale,CO,"Denver-Aurora-Lakewood, CO",Arapahoe County,325260.245083217,-8.17,1537.1705002513827,-3.72,18446.046003016592,0.473,17.6,5.67,3.69,Moderate,4465,-2.93,666918,1.77,3.13,4.55,5.64,34.88,2026-06-30,2026-06-30
Leavenworth,KS,"Kansas City, MO-KS",Leavenworth County,269060.070487433,4.33,1268.8893162393165,3.92,15226.671794871798,0.472,17.7,5.66,3.68,Moderate,37370,0.14,84670,3.31,8.44,5.81,6.75,31.19,2026-06-30,2026-06-30
Winchester,KY,"Lexington-Fayette, KY",Clark County,256090.89884118616,4.82,1209.0277777777776,5.82,14508.333333333332,0.472,17.7,5.67,3.68,Moderate,19413,1.23,37673,1.69,11.12,8.26,0.4,28.52,2026-06-30,2026-06-30
Milford,OH,"Cincinnati, OH-KY-IN",Clermont County,340266.76208737865,2.61,1605.9166666666667,1.61,19271,0.472,17.7,5.66,3.68,Moderate,6433,-2.14,214123,2.57,8.81,3.66,1.81,26.62,2026-06-30,2026-06-30
Murrells Inlet,SC,"Georgetown, SC",Georgetown County,400598.5655526445,-0.29,1887.4472222222223,4.4,22649.36666666667,0.471,17.7,5.65,3.68,Moderate,NA,NA,66035,3.96,12.33,27.55,0.04,16.9,2026-06-30,2026-06-30
Clemmons,NC,"Winston-Salem, NC",Forsyth County,392201.0580693166,0.89,1851.309523809524,1.77,22215.71428571429,0.472,17.7,5.66,3.68,Moderate,22471,5.83,398143,4.05,9.43,10.09,8.4,37.31,2026-06-30,2026-06-30
Batesville,AR,"Batesville, AR",Independence County,183022.6320911171,6.74,864.1666666666666,NA,10370,0.472,17.6,5.67,3.68,Moderate,NA,NA,NA,NA,NA,NA,NA,NA,2026-06-30,2026-06-30
Willow Grove,PA,"Philadelphia-Camden-Wilmington, PA-NJ-DE-MD",Montgomery County,424430.5771140217,1.84,2003.75,4.79,24045,0.472,17.7,5.67,3.68,Moderate,NA,NA,879190,2.6,7.92,4.35,5.68,28.27,2026-06-30,2026-06-30
Keaau,HI,"Hilo, HI",Hawaii County,470264.6469368292,1.12,2216.6666666666665,NA,26600,0.471,17.7,5.66,3.68,Moderate,NA,NA,209790,4.5,9.9,18.74,10.31,26.9,2026-06-30,2026-06-30
Vandalia,OH,"Dayton-Kettering, OH",Montgomery County,247318.37780967564,4.54,1167.638888888889,-1,14011.666666666668,0.472,17.7,5.67,3.68,Moderate,15013,-1.18,537443,0.06,5.01,8.84,4.22,37.67,2026-06-30,2026-06-30
Mauldin,SC,"Greenville-Anderson, SC",Greenville County,301137.86850325274,1.56,1420.816993464052,3.1,17049.803921568626,0.472,17.7,5.66,3.68,Moderate,29746,20.01,570745,8.25,17.14,7.49,6.9,31.24,2026-06-30,2026-06-30
Bogota,NJ,"New York-Newark-Jersey City, NY-NJ-PA",Bergen County,626584.381345387,1.72,2956.6666666666665,NA,35480,0.472,17.7,5.66,3.68,Moderate,NA,NA,NA,NA,NA,NA,NA,NA,2026-06-30,2026-06-30
Rock Hill,MO,"St. Louis, MO-IL",Saint Louis County,311227.7314249641,1.04,1467.4444444444443,NA,17609.333333333332,0.472,17.7,5.66,3.68,Moderate,4669,-1.46,NA,NA,NA,NA,NA,NA,2026-06-30,2026-06-30
Stateline,NV,"Gardnerville Ranchos, NV",Douglas County,791182.9644850331,-0.66,3733.3333333333335,NA,44800,0.472,17.7,5.66,3.68,Moderate,NA,NA,NA,NA,NA,NA,NA,NA,2026-06-30,2026-06-30
Lowell,MA,"Boston-Cambridge-Newton, MA-NH",Middlesex County,492699.3105761128,0.13,2316.0397254397253,0.34,27792.476705276706,0.47,17.7,5.64,3.67,Moderate,120418,3.96,1668956,2.54,11.63,4.52,2.96,38.37,2026-06-30,2026-06-30
Saint Cloud,MN,"Minneapolis-St. Paul-Bloomington, MN-WI",Sherburne County,261854.97646956987,1.83,1232.3425396825396,4.31,14788.110476190475,0.471,17.7,5.65,3.67,Moderate,NA,NA,103059,5.61,1.93,4.46,3.96,15.75,2026-06-30,2026-06-30
Wildwood,MO,"St. Louis, MO-IL",Saint Louis County,591786.1692633865,2.78,2785.8888888888887,NA,33430.666666666664,0.471,17.7,5.65,3.67,Moderate,NA,NA,NA,NA,NA,NA,NA,NA,2026-06-30,2026-06-30
Indiana,PA,"Indiana, PA",Indiana County,207362.58505481423,7.31,975.8888888888888,29,11710.666666666666,0.471,17.7,5.65,3.67,Moderate,14294,1.95,82953,-0.24,1.94,14.28,13.49,28.88,2026-06-30,2026-06-30
Stroudsburg,PA,"East Stroudsburg, PA",Monroe County,361046.2955673448,1.74,1700.4166666666667,NA,20405,0.471,17.7,5.65,3.67,Moderate,5819,-2.02,166523,-1.07,1.94,23.78,3.78,20.47,2026-06-30,2026-06-30
Shaker Heights,OH,"Cleveland-Elyria, OH",Cuyahoga County,362955.90866875934,3.96,1705.888888888889,2.01,20470.666666666668,0.47,17.7,5.64,3.67,Moderate,28689,-2.36,1240594,-1.75,1.72,9.97,5.22,40.95,2026-06-30,2026-06-30
Simsbury,CT,"Hartford-East Hartford-Middletown, CT",Hartford County,556415.9954341006,6.1,2614.9166666666665,0.66,31379,0.47,17.7,5.64,3.67,Moderate,NA,NA,NA,NA,NA,NA,NA,NA,2026-06-30,2026-06-30
Morris Plains,NJ,"New York-Newark-Jersey City, NY-NJ-PA",Morris County,745549.2679646566,4.19,3504.472222222222,1.37,42053.666666666664,0.47,17.7,5.64,3.67,Moderate,6590,7.47,523053,2.87,8.07,3.41,3.25,26.1,2026-06-30,2026-06-30
Brockport,NY,"Rochester, NY",Monroe County,285514.18441931024,4.69,1344.1666666666667,1.48,16130,0.471,17.7,5.65,3.67,Moderate,7489,5.29,752202,-0.73,1.18,6.27,5.62,36.48,2026-06-30,2026-06-30
Hudson,NY,"Hudson, NY",Columbia County,458886.3390383122,5.42,2159.1666666666665,0.06,25910,0.471,17.7,5.65,3.67,Moderate,5735,-2.88,60299,-1.82,-0.3,21.7,3.54,24.64,2026-06-30,2026-06-30
Pierre,SD,"Pierre, SD",Hughes County,304545.5919279324,6.09,1431,NA,17172,0.47,17.7,5.64,3.67,Moderate,NA,NA,NA,NA,NA,NA,NA,NA,2026-06-30,2026-06-30
Croton-on-Hudson,NY,"New York-Newark-Jersey City, NY-NJ-PA",Westchester County,850153.7397062838,7.96,4000,NA,48000,0.471,17.7,5.65,3.67,Moderate,NA,NA,NA,NA,NA,NA,NA,NA,2026-06-30,2026-06-30
Exeter,CA,"Visalia, CA",Tulare County,395329.5977677985,0.36,1860.4166666666663,NA,22324.999999999996,0.471,17.7,5.65,3.67,Moderate,NA,NA,NA,NA,NA,NA,NA,NA,2026-06-30,2026-06-30
Kearney,MO,"Kansas City, MO-KS",Clay County,402312.3752603316,1.96,1894.8333333333333,NA,22738,0.471,17.7,5.65,3.67,Moderate,NA,NA,NA,NA,NA,NA,NA,NA,2026-06-30,2026-06-30
Reading,OH,"Cincinnati, OH-KY-IN",Hamilton County,236914.4497141392,1.3,1114.6805555555557,5.48,13376.166666666668,0.47,17.7,5.65,3.67,Moderate,10482,-1.01,837359,0.84,4.18,7.42,4.2,41.01,2026-06-30,2026-06-30
Youngtown,AZ,"Phoenix-Mesa-Chandler, AZ",Maricopa County,300968.7279728835,-3.79,1416.9444444444443,NA,17003.333333333332,0.471,17.7,5.65,3.67,Moderate,7062,-0.03,4673096,5.12,9.38,8.29,5.4,34.99,2026-06-30,2026-06-30
Oakwood,OH,"Cleveland-Elyria, OH",Cuyahoga County,227609.55329559525,2.9,1070.0000000000002,NA,12840.000000000004,0.47,17.7,5.64,3.67,Moderate,3496,-1.96,1240594,-1.75,1.72,9.97,5.22,40.95,2026-06-30,2026-06-30
Midland,NC,"Charlotte-Concord-Gastonia, NC-SC",Cabarrus County,431776.3022303185,1.55,2030,NA,24360,0.47,17.7,5.64,3.67,Moderate,5027,7.37,244925,7.78,14.7,12.01,9.95,27.87,2026-06-30,2026-06-30
Indialantic,FL,"Palm Bay-Melbourne-Titusville, FL",Brevard County,618091.791940198,0.26,2910.6666666666665,10.75,34928,0.471,17.7,5.65,3.67,Moderate,3117,3.42,658447,8.16,22.48,14.46,11.39,23.08,2026-06-30,2026-06-30
Richmond,TX,"Houston-The Woodlands-Sugar Land, TX",Fort Bend County,381153.92630969855,-2.94,1787.642627252921,-0.97,21451.711527035055,0.469,17.8,5.63,3.66,Moderate,13305,14.51,958434,15.57,27.37,4.23,6.33,22.52,2026-06-30,2026-06-30
Frederick,MD,"Washington-Arlington-Alexandria, DC-VA-MD-WV",Frederick County,469710.841835406,-1.1,2204.995454257676,1.96,26459.945451092113,0.469,17.8,5.63,3.66,Moderate,89537,14.21,299317,9.73,14.45,4.39,3.38,22.96,2026-06-30,2026-06-30
Hagerstown,MD,"Hagerstown-Martinsburg, MD-WV",Washington County,307383.23722531885,0.58,1442.4502344416026,3.2,17309.40281329923,0.469,17.8,5.63,3.66,Moderate,43909,0.9,157228,1.65,9.15,7.12,4.9,34.11,2026-06-30,2026-06-30
Mount Vernon,NY,"New York-Newark-Jersey City, NY-NJ-PA",Westchester County,594936.6267598161,4.22,2794.0715811965815,6.66,33528.85897435898,0.47,17.7,5.64,3.66,Moderate,71999,-2.12,1006447,0.5,6.23,5.51,2.35,37.8,2026-06-30,2026-06-30
Dover,DE,"Dover, DE",Kent County,345287.79016605386,1.78,1618.8954565901934,2.01,19426.74547908232,0.469,17.8,5.63,3.66,Moderate,40191,1.99,192690,5.69,12.59,6.59,3.54,29.03,2026-06-30,2026-06-30
Athens,AL,"Huntsville, AL",Limestone County,313022.51220513834,1.13,1467.5251322751326,3.89,17610.30158730159,0.469,17.8,5.63,3.66,Moderate,32587,26.64,118942,14.14,33.45,7.97,6.79,22.5,2026-06-30,2026-06-30
Windsor Mill,MD,"Baltimore-Columbia-Towson, MD",Baltimore County,329697.2619604724,-0.15,1545.2262931034484,-0.3,18542.71551724138,0.469,17.8,5.62,3.66,Moderate,NA,NA,852425,-0.11,3.96,5.75,5.61,33.67,2026-06-30,2026-06-30
Dayton,TX,"Houston-The Woodlands-Sugar Land, TX",Liberty County,307240.00905598776,0.33,1441.111111111111,NA,17293.333333333332,0.469,17.8,5.63,3.66,Moderate,9752,15.33,115042,24.36,46.81,13.68,4.23,19.22,2026-06-30,2026-06-30
Daphne,AL,"Daphne-Fairhope-Foley, AL",Baldwin County,331195.12651001516,0.12,1556.155929038282,3.55,18673.871148459384,0.47,17.7,5.64,3.66,Moderate,30751,11.04,261608,12.16,29.22,26.36,33.41,22.46,2026-06-30,2026-06-30
South Plainfield,NJ,"New York-Newark-Jersey City, NY-NJ-PA",Middlesex County,598450.4449571128,4.61,2805.1777777777775,NA,33662.13333333333,0.469,17.8,5.62,3.66,Moderate,25062,3.21,890119,3.33,12.92,3.48,2.61,36.53,2026-06-30,2026-06-30
Fernley,NV,"Fallon, NV",Churchill County,403312.07957604114,2.01,1890.7777777777776,6.54,22689.333333333332,0.469,17.8,5.63,3.66,Moderate,25508,10.78,26033,1.78,6.95,10.95,2.2,31.95,2026-06-30,2026-06-30
South Portland,ME,"Portland-South Portland, ME",Cumberland County,540159.6551931094,2.45,2532.5740740740744,5.42,30390.88888888889,0.469,17.8,5.63,3.66,Moderate,26994,1.55,313809,3.36,8.17,14.2,3.63,29.63,2026-06-30,2026-06-30
Willow Spring,NC,"Raleigh-Cary, NC",Wake County,409146.5963874532,-0.9,1920,NA,23040,0.469,17.8,5.63,3.66,Moderate,NA,NA,NA,NA,NA,NA,NA,NA,2026-06-30,2026-06-30
Bellingham,MA,"Boston-Cambridge-Newton, MA-NH",Norfolk County,550916.1111861779,1.01,2583.883333333333,0.99,31006.6,0.469,17.8,5.63,3.66,Moderate,NA,NA,740754,2.35,9.81,4.09,3.95,31.48,2026-06-30,2026-06-30
Greenville,PA,"Youngstown-Warren-Boardman, OH-PA",Mercer County,170424.5679785667,-0.46,800,NA,9600,0.469,17.8,5.63,3.66,Moderate,NA,NA,NA,NA,NA,NA,NA,NA,2026-06-30,2026-06-30
Joppa,MD,"Baltimore-Columbia-Towson, MD",Harford County,372408.7945463596,0.63,1746.6666666666667,NA,20960,0.469,17.8,5.63,3.66,Moderate,NA,NA,NA,NA,NA,NA,NA,NA,2026-06-30,2026-06-30
Hershey,PA,"Harrisburg-Carlisle, PA",Dauphin County,413690.6458468798,2.95,1940.6833333333336,1.33,23288.200000000004,0.469,17.8,5.63,3.66,Moderate,NA,NA,NA,NA,NA,NA,NA,NA,2026-06-30,2026-06-30
Pryor,OK,NA,Mayes County,221570.80387538773,5.83,1039.888888888889,NA,12478.666666666668,0.469,17.8,5.63,3.66,Moderate,NA,NA,NA,NA,NA,NA,NA,NA,2026-06-30,2026-06-30
Lincoln Park,NJ,"New York-Newark-Jersey City, NY-NJ-PA",Morris County,549193.2278359978,1.7,2575,NA,30900,0.469,17.8,5.63,3.66,Moderate,NA,NA,NA,NA,NA,NA,NA,NA,2026-06-30,2026-06-30
Sutherlin,OR,"Roseburg, OR",Douglas County,351099.4477291132,1.42,1648.75,NA,19785,0.47,17.7,5.64,3.66,Moderate,NA,NA,NA,NA,NA,NA,NA,NA,2026-06-30,2026-06-30
Highwood,IL,"Chicago-Naperville-Elgin, IL-IN-WI",Lake County,497500.5135361051,9.61,2332.111111111111,NA,27985.33333333333,0.469,17.8,5.63,3.66,Moderate,5358,5.33,718604,0.73,3.75,4.97,4.19,25.6,2026-06-30,2026-06-30
Keene,TX,"Dallas-Fort Worth-Arlington, TX",Johnson County,255562.05992966297,-3.27,1200,NA,14400,0.47,17.7,5.63,3.66,Moderate,NA,NA,NA,NA,NA,NA,NA,NA,2026-06-30,2026-06-30
Bullard,TX,"Jacksonville, TX",Cherokee County,378272.5252574906,-0.86,1776.5,NA,21318,0.47,17.7,5.64,3.66,Moderate,5070,32.07,53223,5.16,8.92,13.73,9.07,27.26,2026-06-30,2026-06-30
Greenville,SC,"Greenville-Anderson, SC",Greenville County,333223.76733119646,2.07,1560.9921439756588,0.98,18731.905727707905,0.468,17.8,5.62,3.65,Moderate,74371,4.12,570745,8.25,17.14,7.49,6.9,31.24,2026-06-30,2026-06-30
Pearland,TX,"Houston-The Woodlands-Sugar Land, TX",Brazoria County,385580.5428548944,-0.81,1803.9489217836256,0.63,21647.387061403508,0.468,17.8,5.61,3.65,Moderate,129620,2.86,413224,10.63,23.74,10.51,11.33,26,2026-06-30,2026-06-30
Leander,TX,"Austin-Round Rock-Georgetown, TX",Travis County,427761.55251628946,-7.09,2000.1294008585876,-0.4,24001.552810303052,0.468,17.8,5.61,3.65,Moderate,87511,43.82,1363767,5.18,4.41,5.57,4.27,46.97,2026-06-30,2026-06-30
Farmington,NM,"Farmington, NM",San Juan County,286428.0682781962,5.64,1341.190476190476,3.98,16094.28571428571,0.468,17.8,5.62,3.65,Moderate,46262,-0.51,120817,-0.47,-0.57,14.62,8.35,29.82,2026-06-30,2026-06-30
Pell City,AL,"Birmingham-Hoover, AL",Saint Clair County,283882.48294835066,3.31,1329.111111111111,NA,15949.333333333332,0.468,17.8,5.62,3.65,Moderate,NA,NA,NA,NA,NA,NA,NA,NA,2026-06-30,2026-06-30
Clinton,UT,"Ogden-Clearfield, UT",Davis County,500765.6658901587,1.26,2344.1666666666665,3.42,28130,0.468,17.8,5.62,3.65,Moderate,23728,1.13,378470,4.04,4.18,3.29,3.85,22.6,2026-06-30,2026-06-30
Wareham,MA,"Boston-Cambridge-Newton, MA-NH",Plymouth County,488846.7550471343,2.08,2287.5,NA,27450,0.468,17.8,5.62,3.65,Moderate,NA,NA,NA,NA,NA,NA,NA,NA,2026-06-30,2026-06-30
Delmar,NY,"Albany-Schenectady-Troy, NY",Albany County,462707.0572340421,6.15,2162.777777777778,NA,25953.333333333336,0.467,17.8,5.61,3.65,Moderate,NA,NA,319964,1.89,6.58,9.68,4.33,43.28,2026-06-30,2026-06-30
Sweetwater,TN,"Athens, TN",Monroe County,266821.11859950033,2.48,1247.5,NA,14970,0.468,17.8,5.61,3.65,Moderate,NA,NA,NA,NA,NA,NA,NA,NA,2026-06-30,2026-06-30
Millbury,MA,"Worcester, MA-CT",Worcester County,514819.25241358817,1.46,2410.1111111111113,NA,28921.333333333336,0.468,17.8,5.62,3.65,Moderate,NA,NA,881248,2.82,8.7,5.7,3.41,34.33,2026-06-30,2026-06-30
Saint Anthony,MN,"Minneapolis-St. Paul-Bloomington, MN-WI",Hennepin County,407471.63553935726,1.04,1907.7619047619048,NA,22893.14285714286,0.468,17.8,5.62,3.65,Moderate,NA,NA,1273334,-0.65,4.24,5.29,5.38,37.05,2026-06-30,2026-06-30
Ellsworth,ME,NA,Hancock County,373880.2161614747,2.31,1747.5,NA,20970,0.467,17.8,5.61,3.65,Moderate,NA,NA,NA,NA,NA,NA,NA,NA,2026-06-30,2026-06-30
Winooski,VT,"Burlington-South Burlington, VT",Chittenden County,441791.8906711124,-1.75,2068.962962962963,3.33,24827.555555555555,0.468,17.8,5.62,3.65,Moderate,8370,4,170851,1.44,4.59,4.84,1.57,36.44,2026-06-30,2026-06-30
Concord,NC,"Charlotte-Concord-Gastonia, NC-SC",Cabarrus County,387217.953675922,-0.94,1805.0246939794024,1.78,21660.29632775283,0.466,17.9,5.59,3.64,Moderate,112395,7.13,244925,7.78,14.7,12.01,9.95,27.87,2026-06-30,2026-06-30
Weston,FL,"Miami-Fort Lauderdale-Pompano Beach, FL",Broward County,727062.8013610969,-2.92,3392.661376970382,0.8,40711.93652364459,0.467,17.9,5.6,3.64,Moderate,70674,3.92,2037472,4.84,14.84,13.18,6.08,36.74,2026-06-30,2026-06-30
Apache Junction,AZ,"Phoenix-Mesa-Chandler, AZ",Maricopa County,373628.87461973255,-2.07,1741.2973856209148,2.45,20895.56862745098,0.466,17.9,5.59,3.64,Moderate,44309,14.39,4673096,5.12,9.38,8.29,5.4,34.99,2026-06-30,2026-06-30
Winter Springs,FL,"Orlando-Kissimmee-Sanford, FL",Seminole County,427735.25777640333,-2.05,1994.9170875420875,1.63,23939.00505050505,0.466,17.9,5.6,3.64,Moderate,39822,3.75,494605,4.91,9.63,5.97,6.62,34.24,2026-06-30,2026-06-30
Springfield,TN,"Nashville-Davidson--Murfreesboro--Franklin, TN",Robertson County,332867.44687533524,0.28,1554.190476190476,-3.04,18650.28571428571,0.467,17.8,5.6,3.64,Moderate,19842,5.49,78459,7.53,20.38,5.15,3.83,22.79,2026-06-30,2026-06-30
Farmington,MO,"Farmington, MO",Saint Francois County,263451.5750286524,3.54,1230,NA,14760,0.467,17.8,5.6,3.64,Moderate,NA,NA,NA,NA,NA,NA,NA,NA,2026-06-30,2026-06-30
Manvel,TX,"Houston-The Woodlands-Sugar Land, TX",Brazoria County,447211.28067317023,-2.86,2084.4555555555553,2.22,25013.466666666664,0.466,17.9,5.59,3.64,Moderate,19309,89.04,413224,10.63,23.74,10.51,11.33,26,2026-06-30,2026-06-30
Avon Lake,OH,"Cleveland-Elyria, OH",Lorain County,435174.4898234608,4.87,2031.5833333333337,NA,24379.000000000004,0.467,17.9,5.6,3.64,Moderate,NA,NA,NA,NA,NA,NA,NA,NA,2026-06-30,2026-06-30
Youngsville,NC,"Raleigh-Cary, NC",Franklin County,411369.57138819015,-0.85,1920.5555555555557,NA,23046.666666666668,0.467,17.8,5.6,3.64,Moderate,2375,14.4,79771,15.56,31.84,10.87,2.6,21.88,2026-06-30,2026-06-30
Sanger,TX,"Dallas-Fort Worth-Arlington, TX",Denton County,358240.2018085537,-2.25,1673,-2.34,20076,0.467,17.8,5.6,3.64,Moderate,10142,13.56,1045120,14.28,23.72,4.75,5.09,34.63,2026-06-30,2026-06-30
Cudahy,WI,"Milwaukee-Waukesha, WI",Milwaukee County,297083.5648574643,4.58,1386,NA,16632,0.467,17.9,5.6,3.64,Moderate,17704,-2.62,924740,-1.48,0.57,8.21,6.16,50.2,2026-06-30,2026-06-30
Clinton,MA,"Worcester, MA-CT",Worcester County,458309.1727081567,-0.59,2136.940476190476,4.11,25643.285714285714,0.466,17.9,5.6,3.64,Moderate,NA,NA,881248,2.82,8.7,5.7,3.41,34.33,2026-06-30,2026-06-30
Rifle,CO,"Glenwood Springs, CO",Rio Blanco County,506919.452692118,4.73,2366.6666666666665,NA,28400,0.467,17.8,5.6,3.64,Moderate,NA,NA,NA,NA,NA,NA,NA,NA,2026-06-30,2026-06-30
Edinburg,TX,"McAllen-Edinburg-Mission, TX",Hidalgo County,219008.88969422827,1.59,1019.4220322886988,0.23,12233.064387464387,0.465,17.9,5.59,3.63,Moderate,108733,7.91,914820,4.8,3.41,12.59,6.81,32.43,2026-06-30,2026-06-30
Brockton,MA,"Boston-Cambridge-Newton, MA-NH",Plymouth County,516481.8293435786,1.96,2406.2301587301586,1.51,28874.7619047619,0.466,17.9,5.59,3.63,Moderate,105788,0.29,542090,2.58,7.97,7.23,1.91,22.38,2026-06-30,2026-06-30
Brooklyn Park,MN,"Minneapolis-St. Paul-Bloomington, MN-WI",Hennepin County,354606.0860576325,1.24,1649.3046783625732,10.37,19791.65614035088,0.465,17.9,5.58,3.63,Moderate,82893,-3.85,1273334,-0.65,4.24,5.29,5.38,37.05,2026-06-30,2026-06-30
Somerset,NJ,"New York-Newark-Jersey City, NY-NJ-PA",Somerset County,584760.2729423066,2.06,2719.961111111111,3.39,32639.533333333333,0.465,17.9,5.58,3.63,Moderate,NA,NA,357467,3.68,12.99,2.54,1.98,25.53,2026-06-30,2026-06-30
The Colony,TX,"Dallas-Fort Worth-Arlington, TX",Denton County,406210.6603386589,-4.04,1891.1511904761908,-1.68,22693.81428571429,0.466,17.9,5.59,3.63,Moderate,45897,2.51,1045120,14.28,23.72,4.75,5.09,34.63,2026-06-30,2026-06-30
Carol Stream,IL,"Chicago-Naperville-Elgin, IL-IN-WI",DuPage County,391628.4602292877,3.63,1821.6108597285067,1.9,21859.33031674208,0.465,17.9,5.58,3.63,Moderate,39556,-0.51,937142,0.6,5.3,4.53,5.6,26.87,2026-06-30,2026-06-30
North Canton,OH,"Canton-Massillon, OH",Stark County,294790.0901054657,3.57,1372.5925925925924,6.55,16471.11111111111,0.466,17.9,5.59,3.63,Moderate,17677,-0.81,374091,-0.12,4.1,7.26,2.95,31.43,2026-06-30,2026-06-30
Mount Vernon,VA,"Washington-Arlington-Alexandria, DC-VA-MD-WV",Fairfax County,596099.9332065898,0.07,2775.4179894179892,2.67,33305.01587301587,0.466,17.9,5.59,3.63,Moderate,NA,NA,1160925,1.07,6.94,3.66,4.16,31.65,2026-06-30,2026-06-30
Cedar Falls,IA,"Waterloo-Cedar Falls, IA",Black Hawk County,271836.20861653023,2.83,1263.8703703703704,1.68,15166.444444444445,0.465,17.9,5.58,3.63,Moderate,41417,1.73,132348,0.99,6.61,8.52,6.11,34.68,2026-06-30,2026-06-30
Shelbyville,KY,"Louisville/Jefferson County, KY-IN",Shelby County,310942.55529985065,-0.48,1447.5,NA,17370,0.466,17.9,5.59,3.63,Moderate,NA,NA,NA,NA,NA,NA,NA,NA,2026-06-30,2026-06-30
Graham,NC,"Burlington, NC",Alamance County,297369.6811449893,1.85,1382.1666666666667,NA,16586,0.465,17.9,5.58,3.63,Moderate,NA,NA,NA,NA,NA,NA,NA,NA,2026-06-30,2026-06-30
Aberdeen,WA,"Aberdeen, WA",Grays Harbor County,282237.0750914581,-3.49,1313.3333333333333,1.06,15760,0.465,17.9,5.58,3.63,Moderate,17044,0.04,77893,2.68,9.46,18.01,3.96,27.39,2026-06-30,2026-06-30
Riverbank,CA,"Modesto, CA",Stanislaus County,489130.3579269343,-0.54,2275,NA,27300,0.465,17.9,5.58,3.63,Moderate,NA,NA,NA,NA,NA,NA,NA,NA,2026-06-30,2026-06-30
Canal Winchester,OH,"Columbus, OH",Fairfield County,422163.0704063356,0.73,1965.2571428571428,3.85,23583.085714285713,0.466,17.9,5.59,3.63,Moderate,NA,NA,NA,NA,NA,NA,NA,NA,2026-06-30,2026-06-30
Ponte Vedra,FL,"Jacksonville, FL",Saint Johns County,677575.7909082707,-3.32,3156.470238095238,3.41,37877.642857142855,0.466,17.9,5.59,3.63,Moderate,NA,NA,NA,NA,NA,NA,NA,NA,2026-06-30,2026-06-30
Berthoud,CO,"Fort Collins, CO",Larimer County,617081.5335091864,-1.5,2874.5,NA,34494,0.466,17.9,5.59,3.63,Moderate,13648,28.62,374574,4.07,7.03,6.37,3.02,35.68,2026-06-30,2026-06-30
Johnstown,OH,"Columbus, OH",Licking County,450381.393008156,4.64,2096.1111111111113,NA,25153.333333333336,0.465,17.9,5.58,3.63,Moderate,5356,3.14,184898,3.41,7.71,6.46,4.85,26.27,2026-06-30,2026-06-30
Marco Island,FL,"Naples-Marco Island, FL",Collier County,851909.8401625963,-1.77,3966.6666666666665,8.6,47600,0.466,17.9,5.59,3.63,Moderate,16554,5.01,416233,10.31,17.5,31.47,9.54,24.02,2026-06-30,2026-06-30
Belfair,WA,"Shelton, WA",Mason County,486541.4989929299,-0.23,2264.6666666666665,NA,27176,0.465,17.9,5.59,3.63,Moderate,NA,NA,69632,5.45,15.14,24.82,4.1,18.88,2026-06-30,2026-06-30
Fairport Harbor,OH,"Cleveland-Elyria, OH",Lake County,193242.92524092665,5.34,900,NA,10800,0.466,17.9,5.59,3.63,Moderate,NA,NA,NA,NA,NA,NA,NA,NA,2026-06-30,2026-06-30
Chattanooga,TN,"Chattanooga, TN-GA",Hamilton County,324364.4541022882,-1.08,1504.9858779191652,1.88,18059.83053502998,0.464,18,5.57,3.62,Moderate,191496,5.06,386256,4.99,11.65,8.63,4.18,35.65,2026-06-30,2026-06-30
Lincoln,CA,"Sacramento-Roseville-Folsom, CA",Placer County,648540.6751298195,-0.55,3006.327777777778,3.26,36075.933333333334,0.464,18,5.56,3.62,Moderate,56268,12.6,433822,6.87,21.94,11.81,3.91,25.72,2026-06-30,2026-06-30
Frankfort,KY,"Frankfort, KY",Franklin County,247817.4013505572,-1.78,1151.2650793650794,1.37,13815.180952380953,0.465,17.9,5.57,3.62,Moderate,28610,-0.01,52442,1.63,16.06,6.37,2.81,35.63,2026-06-30,2026-06-30
North Providence,RI,"Providence-Warwick, RI-MA",Providence County,419416.6143032706,1.32,1944.3968253968253,5.78,23332.761904761905,0.464,18,5.56,3.62,Moderate,NA,NA,675912,2.4,11.33,7.44,4.46,43.38,2026-06-30,2026-06-30
Farmington,CT,"Hartford-East Hartford-Middletown, CT",Hartford County,504063.02639516187,6.71,2338.5984848484845,3.06,28063.181818181816,0.464,18,5.57,3.62,Moderate,NA,NA,NA,NA,NA,NA,NA,NA,2026-06-30,2026-06-30
Bay City,TX,"Bay City, TX",Matagorda County,203978.93492870269,1.2,946.2222222222222,0.36,11354.666666666666,0.464,18,5.57,3.62,Moderate,17471,-3.2,36391,0.26,-1.4,21.45,12.1,31.25,2026-06-30,2026-06-30
Mount Washington,KY,"Louisville/Jefferson County, KY-IN",Bullitt County,330040.8147921696,2.87,1531.25,NA,18375,0.464,18,5.57,3.62,Moderate,NA,NA,NA,NA,NA,NA,NA,NA,2026-06-30,2026-06-30
Franklin,OH,"Cincinnati, OH-KY-IN",Warren County,271466.99169963616,3.1,1259.2777777777776,NA,15111.333333333332,0.464,18,5.57,3.62,Moderate,NA,NA,NA,NA,NA,NA,NA,NA,2026-06-30,2026-06-30
Vinton,VA,"Lynchburg, VA",Bedford County,292993.61113323376,4.7,1359.5,NA,16314,0.464,18,5.57,3.62,Moderate,8059,0.17,82182,3.27,10.01,12.53,5.79,15.79,2026-06-30,2026-06-30
Colchester,VT,"Burlington-South Burlington, VT",Chittenden County,493205.9648159472,1.06,2291.6666666666665,NA,27500,0.465,17.9,5.58,3.62,Moderate,NA,NA,NA,NA,NA,NA,NA,NA,2026-06-30,2026-06-30
Buena Vista,VA,NA,Rockbridge County,204840.9724763754,5.29,950,NA,11400,0.464,18,5.57,3.62,Moderate,NA,NA,NA,NA,NA,NA,NA,NA,2026-06-30,2026-06-30
Belle Isle,FL,"Orlando-Kissimmee-Sanford, FL",Orange County,539162.5997473641,0.34,2500,NA,30000,0.464,18,5.56,3.62,Moderate,NA,NA,NA,NA,NA,NA,NA,NA,2026-06-30,2026-06-30
Woodstock,GA,"Atlanta-Sandy Springs-Alpharetta, GA",Cherokee County,464952.5103478784,-1.8,2149.0279982363313,1.98,25788.335978835974,0.462,18,5.55,3.61,Moderate,39381,11.77,293513,9.45,18.15,4.61,5.09,22.59,2026-06-30,2026-06-30
Rialto,CA,"Riverside-San Bernardino-Ontario, CA",San Bernardino County,592779.8038236368,0.55,2740.2492063492064,5,32882.990476190476,0.462,18,5.55,3.61,Moderate,104918,0.92,2214281,1.41,1.68,9.55,3.22,38.46,2026-06-30,2026-06-30
Levittown,PA,"Philadelphia-Camden-Wilmington, PA-NJ-DE-MD",Bucks County,406353.95083279087,2.89,1881.457671957672,2.29,22577.492063492064,0.463,18,5.56,3.61,Moderate,NA,NA,650131,0.61,4.89,3.41,3.04,21.99,2026-06-30,2026-06-30
Greensburg,PA,"Pittsburgh, PA",Westmoreland County,252571.7371036196,-0.43,1168.7195767195767,5.79,14024.63492063492,0.463,18,5.55,3.61,Moderate,14586,-2.26,350935,-0.96,3.65,8.33,4.09,21.75,2026-06-30,2026-06-30
Chester,VA,"Richmond, VA",Chesterfield County,397036.94180034375,2.24,1835.2714102564105,0.54,22023.256923076926,0.462,18,5.55,3.61,Moderate,NA,NA,389793,6.69,10.05,3.91,4.88,22.7,2026-06-30,2026-06-30
Henderson,KY,"Evansville, IN-KY",Henderson County,206305.2364778469,0.16,955,NA,11460,0.463,18,5.55,3.61,Moderate,NA,NA,NA,NA,NA,NA,NA,NA,2026-06-30,2026-06-30
Brooklyn Center,MN,"Minneapolis-St. Paul-Bloomington, MN-WI",Hennepin County,304541.664710981,1.17,1408.0753968253969,7.21,16896.904761904763,0.462,18,5.55,3.61,Moderate,31755,-5.66,1273334,-0.65,4.24,5.29,5.38,37.05,2026-06-30,2026-06-30
Darien,IL,"Chicago-Naperville-Elgin, IL-IN-WI",DuPage County,466722.8867489449,4.44,2157.944444444445,5.07,25895.333333333336,0.462,18,5.55,3.61,Moderate,22015,0.08,937142,0.6,5.3,4.53,5.6,26.87,2026-06-30,2026-06-30
Warwick,NY,"Poughkeepsie-Newburgh-Middletown, NY",Orange County,585033.3930861652,5.35,2706.25,NA,32475,0.463,18,5.55,3.61,Moderate,NA,NA,NA,NA,NA,NA,NA,NA,2026-06-30,2026-06-30
Sylva,NC,"Cullowhee, NC",Jackson County,333796.38227567053,-0.16,1543.75,NA,18525,0.462,18,5.55,3.61,Moderate,NA,NA,NA,NA,NA,NA,NA,NA,2026-06-30,2026-06-30
West Henrietta,NY,"Rochester, NY",Monroe County,373484.9617729403,3.96,1726.4444444444443,1.6,20717.333333333332,0.462,18,5.55,3.61,Moderate,NA,NA,752202,-0.73,1.18,6.27,5.62,36.48,2026-06-30,2026-06-30
Stockton,CA,"Stockton, CA",San Joaquin County,431216.97879865783,-3.32,1989.2075059101655,1.22,23870.490070921987,0.461,18.1,5.54,3.6,Moderate,324975,1.25,816108,4.54,9.17,6.02,3.67,38.47,2026-06-30,2026-06-30
Pawtucket,RI,"Providence-Warwick, RI-MA",Providence County,405279.1860721185,1.05,1872.0084586466169,4.1,22464.101503759404,0.462,18,5.54,3.6,Moderate,76996,2,675912,2.4,11.33,7.44,4.46,43.38,2026-06-30,2026-06-30
Chambersburg,PA,"Chambersburg-Waynesboro, PA",Franklin County,293161.9441831124,2.15,1352.053571428571,3.95,16224.642857142853,0.461,18.1,5.53,3.6,Moderate,23041,5.31,159285,2.14,8.04,5.63,3.51,26.78,2026-06-30,2026-06-30
Owings Mills,MD,"Baltimore-Columbia-Towson, MD",Baltimore County,405208.6221387973,0.61,1870.6683461754792,1.23,22448.02015410575,0.462,18.1,5.54,3.6,Moderate,NA,NA,852425,-0.11,3.96,5.75,5.61,33.67,2026-06-30,2026-06-30
Mandeville,LA,"New Orleans-Metairie, LA",Saint Tammany Parish,364640.37168505305,-0.11,1682.7539215686272,1.87,20193.047058823526,0.461,18.1,5.54,3.6,Moderate,12973,1.15,NA,NA,NA,NA,NA,NA,2026-06-30,2026-06-30
Red Bluff,CA,"Red Bluff, CA",Tehama County,319748.90669242427,2.7,1476.5,5.07,17718,0.462,18,5.54,3.6,Moderate,14286,-3.09,64451,-1.89,-6.66,10.67,1.77,32.42,2026-06-30,2026-06-30
Ellijay,GA,NA,Gilmer County,411702.36946466664,-1.06,1900.5,NA,22806,0.462,18.1,5.54,3.6,Moderate,NA,NA,NA,NA,NA,NA,NA,NA,2026-06-30,2026-06-30
Anderson,CA,"Redding, CA",Shasta County,345201.14432629716,-0.16,1593.8333333333333,NA,19126,0.462,18,5.54,3.6,Moderate,11171,-1.36,181121,-0.59,7.25,10.38,5.09,34.65,2026-06-30,2026-06-30
Westmont,IL,"Chicago-Naperville-Elgin, IL-IN-WI",DuPage County,417365.54591771384,4.02,1928.4431022408965,5.14,23141.31722689076,0.462,18,5.54,3.6,Moderate,24308,-0.43,937142,0.6,5.3,4.53,5.6,26.87,2026-06-30,2026-06-30
Andrews,TX,"Andrews, TX",Andrews County,267633.62063711096,7.16,1236.25,NA,14835,0.462,18,5.54,3.6,Moderate,NA,NA,NA,NA,NA,NA,NA,NA,2026-06-30,2026-06-30
Bennington,NE,"Omaha-Council Bluffs, NE-IA",Douglas County,414768.2335644152,0.14,1914.25,1.33,22971,0.462,18.1,5.54,3.6,Moderate,1982,-1.98,601158,2.68,7.03,5.47,6.04,38.25,2026-06-30,2026-06-30
Ardmore,PA,"Philadelphia-Camden-Wilmington, PA-NJ-DE-MD",Delaware County,538585.3362140589,1.33,2484.906746031746,4.11,29818.880952380954,0.461,18.1,5.54,3.6,Moderate,NA,NA,584882,1.45,5.58,5.55,4.21,30.36,2026-06-30,2026-06-30
Henrietta,NY,"Rochester, NY",Monroe County,318688.520372476,4.22,1472.5,-1.21,17670,0.462,18,5.54,3.6,Moderate,NA,NA,752202,-0.73,1.18,6.27,5.62,36.48,2026-06-30,2026-06-30
Kempner,TX,"Killeen-Temple, TX",Burnet County,371490.3025283051,0.8,1712.5,NA,20550,0.461,18.1,5.53,3.6,Moderate,NA,NA,NA,NA,NA,NA,NA,NA,2026-06-30,2026-06-30
Knoxville,TN,"Knoxville, TN",Knox County,376648.3094246874,0.98,1735.434518810438,0.06,20825.214225725256,0.461,18.1,5.53,3.59,Moderate,198722,3.92,506748,5.46,9.51,8.07,5.28,35.05,2026-06-30,2026-06-30
Lexington,KY,"Lexington-Fayette, KY",Fayette County,336762.32424950576,3,1551.3305724270638,2.89,18615.966869124764,0.461,18.1,5.53,3.59,Moderate,NA,NA,329437,2.11,11.49,6.71,4.3,46.39,2026-06-30,2026-06-30
Irving,TX,"Dallas-Fort Worth-Arlington, TX",Dallas County,346142.3329716549,-1.31,1591.652769127435,0.45,19099.83322952922,0.46,18.1,5.52,3.59,Moderate,258060,0.45,2656028,1.73,0.15,7.76,8.95,49.22,2026-06-30,2026-06-30
Oshkosh,WI,"Oshkosh-Neenah, WI",Winnebago County,262781.5366454452,5.6,1208.37587535014,4.82,14500.51050420168,0.46,18.1,5.52,3.59,Moderate,67242,0.49,173307,0.88,7.15,6.27,4.7,34.21,2026-06-30,2026-06-30
Stratford,CT,"Bridgeport-Stamford-Norwalk, CT",Fairfield County,473311.35064937506,4.57,2177.1428571428573,-0.92,26125.71428571429,0.46,18.1,5.52,3.59,Moderate,NA,NA,NA,NA,NA,NA,NA,NA,2026-06-30,2026-06-30
Monroe Township,NJ,"New York-Newark-Jersey City, NY-NJ-PA",Middlesex County,635774.9820324095,1.46,2926.6111111111113,NA,35119.333333333336,0.46,18.1,5.52,3.59,Moderate,NA,NA,890119,3.33,12.92,3.48,2.61,36.53,2026-06-30,2026-06-30
Derry,NH,"Boston-Cambridge-Newton, MA-NH",Rockingham County,512240.4580170997,3.42,2356.6444444444446,4.84,28279.733333333337,0.46,18.1,5.52,3.59,Moderate,NA,NA,322433,2.47,5.64,7.38,3.42,21.38,2026-06-30,2026-06-30
Gatesville,TX,"Killeen-Temple, TX",Coryell County,243431.1727807025,1.65,1121.6666666666667,NA,13460,0.461,18.1,5.53,3.59,Moderate,16388,1.66,86370,3.9,4.84,10.56,1.81,40.64,2026-06-30,2026-06-30
Elmwood Park,IL,"Chicago-Naperville-Elgin, IL-IN-WI",Cook County,362828.55597443273,4.48,1670.9722222222224,NA,20051.666666666668,0.461,18.1,5.53,3.59,Moderate,23698,-2.99,5182617,-1.6,5.9,8.18,4.67,42.49,2026-06-30,2026-06-30
Clarksburg,MD,"Washington-Arlington-Alexandria, DC-VA-MD-WV",Montgomery County,639846.0084350994,-2.37,2944.3777777777777,NA,35332.53333333333,0.46,18.1,5.52,3.59,Moderate,NA,NA,1082273,2.02,7.76,4.26,3.68,34.66,2026-06-30,2026-06-30
Dixon,CA,"Vallejo, CA",Solano County,613513.355196035,-1.25,2825,NA,33900,0.46,18.1,5.53,3.59,Moderate,NA,NA,NA,NA,NA,NA,NA,NA,2026-06-30,2026-06-30
Liberty Hill,TX,"Austin-Round Rock-Georgetown, TX",Williamson County,488855.85685222945,-7.24,2247.411616161616,-0.94,26968.939393939392,0.46,18.1,5.52,3.59,Moderate,11984,222.84,727480,18.17,29.75,3.91,3.51,32.92,2026-06-30,2026-06-30
Rancho Mirage,CA,"Riverside-San Bernardino-Ontario, CA",Riverside County,836062.3875310764,-2.35,3846.8333333333335,9.69,46162,0.46,18.1,5.52,3.59,Moderate,18001,5.62,2529933,4.34,7.33,11.37,4.89,31.14,2026-06-30,2026-06-30
Honesdale,PA,NA,Wayne County,302696.8634558076,4.99,1393.75,NA,16725,0.46,18.1,5.53,3.59,Moderate,NA,NA,NA,NA,NA,NA,NA,NA,2026-06-30,2026-06-30
Doctor Phillips,FL,"Orlando-Kissimmee-Sanford, FL",Orange County,542132.9345625965,-1.76,2494.601282051282,3.29,29935.21538461538,0.46,18.1,5.52,3.59,Moderate,NA,NA,1533646,7.12,16.48,11.72,10.93,42.64,2026-06-30,2026-06-30
Hayes,VA,"Virginia Beach-Norfolk-Newport News, VA-NC",Gloucester County,374373.20649402286,5.04,1723.75,NA,20685,0.46,18.1,5.53,3.59,Moderate,NA,NA,NA,NA,NA,NA,NA,NA,2026-06-30,2026-06-30
Spicewood,TX,"Austin-Round Rock-Georgetown, TX",Travis County,711905.6579498416,-2.95,3274.1666666666665,3.43,39290,0.46,18.1,5.52,3.59,Moderate,NA,NA,1363767,5.18,4.41,5.57,4.27,46.97,2026-06-30,2026-06-30
Delphi,IN,"Lafayette-West Lafayette, IN",Carroll County,231452.5384141358,2.81,1065,NA,12780,0.46,18.1,5.52,3.59,Moderate,NA,NA,NA,NA,NA,NA,NA,NA,2026-06-30,2026-06-30
Windsor Heights,IA,"Des Moines-West Des Moines, IA",Polk County,289989.6702509739,1.77,1335,NA,16020,0.46,18.1,5.52,3.59,Moderate,5106,-2.48,516185,4.69,12.01,5.87,5,32.93,2026-06-30,2026-06-30
Thorndale,PA,"Philadelphia-Camden-Wilmington, PA-NJ-DE-MD",Chester County,425728.4879367824,2.68,1957.777777777778,NA,23493.333333333336,0.46,18.1,5.52,3.59,Moderate,NA,NA,560745,4.84,7.29,3.95,3.98,25.05,2026-06-30,2026-06-30
Surprise,AZ,"Phoenix-Mesa-Chandler, AZ",Maricopa County,420220.8341894027,-2.22,1926.951886753716,-0.53,23123.42264104459,0.459,18.2,5.5,3.58,Moderate,167564,16.05,4673096,5.12,9.38,8.29,5.4,34.99,2026-06-30,2026-06-30
Manchester,NH,"Manchester-Nashua, NH",Hillsborough County,448035.3970041028,0.93,2057.6833048099443,3.35,24692.19965771933,0.459,18.1,5.51,3.58,Moderate,116386,0.76,430462,1.78,5.81,5.1,3.09,32.47,2026-06-30,2026-06-30
Lebanon,PA,"Lebanon, PA",Lebanon County,294097.83995572635,5.41,1348.107142857143,1.81,16177.285714285714,0.458,18.2,5.5,3.58,Moderate,26456,-1.22,145319,1.41,6.01,6.27,4.84,28.75,2026-06-30,2026-06-30
Waterford,MI,"Detroit-Warren-Dearborn, MI",Oakland County,282827.71623257734,3.62,1297.4243386243386,4.54,15569.092063492062,0.459,18.2,5.5,3.58,Moderate,NA,NA,1296888,1.91,10.58,5.25,6.51,27.73,2026-06-30,2026-06-30
The Hammocks,FL,"Miami-Fort Lauderdale-Pompano Beach, FL",Miami-Dade County,538248.4370534121,-1.55,2467.059881175735,0.61,29604.718574108818,0.458,18.2,5.5,3.58,Moderate,NA,NA,2838461,5.29,19.88,11.11,5.36,47.81,2026-06-30,2026-06-30
Bridgewater,MA,"Boston-Cambridge-Newton, MA-NH",Plymouth County,648312.626726564,3.14,2978.452380952381,2.82,35741.42857142857,0.459,18.1,5.51,3.58,Moderate,NA,NA,542090,2.58,7.97,7.23,1.91,22.38,2026-06-30,2026-06-30
Dover,NJ,"New York-Newark-Jersey City, NY-NJ-PA",Morris County,522244.2046634359,1.1,2396.25,NA,28755,0.459,18.2,5.51,3.58,Moderate,NA,NA,NA,NA,NA,NA,NA,NA,2026-06-30,2026-06-30
White Bear Lake,MN,"Minneapolis-St. Paul-Bloomington, MN-WI",Ramsey County,366383.15424840426,3.39,1682.7264957264954,2.53,20192.717948717946,0.459,18.1,5.51,3.58,Moderate,23479,-5.29,542015,-1.76,3.41,5.41,6.16,38.97,2026-06-30,2026-06-30
Port Hueneme,CA,"Oxnard-Thousand Oaks-Ventura, CA",Ventura County,628003.7091330768,0.6,2878.75,-0.22,34545,0.458,18.2,5.5,3.58,Moderate,21325,-2.8,835427,-0.99,0.32,5.64,3.81,35.84,2026-06-30,2026-06-30
Newton,IA,"Des Moines-West Des Moines, IA",Jasper County,209423.16818163276,4.99,961.6666666666666,NA,11540,0.459,18.1,5.51,3.58,Moderate,15709,-0.26,38107,0.76,4.49,9.01,8,25.18,2026-06-30,2026-06-30
Hazlet Township,NJ,"New York-Newark-Jersey City, NY-NJ-PA",Monmouth County,620171.6701773327,5.2,2843.8333333333335,NA,34126,0.459,18.2,5.5,3.58,Moderate,NA,NA,NA,NA,NA,NA,NA,NA,2026-06-30,2026-06-30
Aledo,TX,"Dallas-Fort Worth-Arlington, TX",Parker County,543352.793849598,-1.85,2494.952777777778,3.65,29939.433333333334,0.459,18.1,5.51,3.58,Moderate,6655,34.88,179707,20.16,32.26,7.74,10.08,17.92,2026-06-30,2026-06-30
Thonotosassa,FL,"Tampa-St. Petersburg-Clearwater, FL",Hillsborough County,412574.0591247981,-2.11,1895.6,NA,22747.199999999997,0.459,18.1,5.51,3.58,Moderate,NA,NA,1581426,7.85,12.2,7.8,6.74,38.94,2026-06-30,2026-06-30
Ridgeville,SC,"Charleston-North Charleston, SC",Dorchester County,365957.2710120098,0.29,1677.75,NA,20133,0.458,18.2,5.5,3.58,Moderate,NA,NA,NA,NA,NA,NA,NA,NA,2026-06-30,2026-06-30
Brandon,FL,"Tampa-St. Petersburg-Clearwater, FL",Hillsborough County,358444.9312177948,-1.31,1639.230196703881,-4.16,19670.76236044657,0.457,18.2,5.49,3.57,Moderate,NA,NA,1581426,7.85,12.2,7.8,6.74,38.94,2026-06-30,2026-06-30
Palm Harbor,FL,"Tampa-St. Petersburg-Clearwater, FL",Pinellas County,402681.03824338195,-3.53,1845.1266738402676,-3.18,22141.520086083212,0.458,18.2,5.5,3.57,Moderate,NA,NA,965870,0.63,3.8,18.32,8.78,30.56,2026-06-30,2026-06-30
Mebane,NC,"Burlington, NC",Alamance County,357562.9871675917,-0.42,1635.469576719577,0.3,19625.634920634922,0.457,18.2,5.49,3.57,Moderate,20654,13.25,183040,6.65,19.2,9.3,5.47,34.39,2026-06-30,2026-06-30
Front Royal,VA,"Washington-Arlington-Alexandria, DC-VA-MD-WV",Warren County,390286.91901680897,2.59,1786.25,NA,21435,0.458,18.2,5.49,3.57,Moderate,15628,3.91,42461,4.08,11.33,9.32,2.95,23.82,2026-06-30,2026-06-30
Hackettstown,NJ,"Allentown-Bethlehem-Easton, PA-NJ",Warren County,502022.4619384664,2.77,2295.8333333333335,NA,27550,0.457,18.2,5.49,3.57,Moderate,10182,-0.49,112031,2.29,7.62,3.71,1.84,25.71,2026-06-30,2026-06-30
Rahway,NJ,"New York-Newark-Jersey City, NY-NJ-PA",Union County,547382.1143533464,-0.45,2505.6203703703704,2.35,30067.444444444445,0.458,18.2,5.49,3.57,Moderate,30763,3.68,594160,3.57,15.84,4.55,3.18,42.39,2026-06-30,2026-06-30
Versailles,KY,"Lexington-Fayette, KY",Woodford County,360176.60200566397,-2.14,1650,NA,19800,0.458,18.2,5.5,3.57,Moderate,10656,2.86,27728,3.05,7.47,7.28,5.01,28.44,2026-06-30,2026-06-30
Fletcher,NC,"Asheville, NC",Henderson County,455683.2236220785,-3.44,2084.4444444444443,NA,25013.333333333332,0.457,18.2,5.49,3.57,Moderate,8251,3.46,120771,3.6,13.84,12.06,6.26,25.79,2026-06-30,2026-06-30
Gaines,MI,"Grand Rapids-Kentwood, MI",Kent County,420687.21560742473,3.39,1925.4166666666667,NA,23105,0.458,18.2,5.49,3.57,Moderate,NA,NA,NA,NA,NA,NA,NA,NA,2026-06-30,2026-06-30
Russellville,KY,NA,Logan County,194296.45697973637,-3.19,890,NA,10680,0.458,18.2,5.5,3.57,Moderate,NA,NA,NA,NA,NA,NA,NA,NA,2026-06-30,2026-06-30
Sellersville,PA,"Philadelphia-Camden-Wilmington, PA-NJ-DE-MD",Bucks County,471074.4796883559,3.06,2158,NA,25896,0.458,18.2,5.5,3.57,Moderate,NA,NA,NA,NA,NA,NA,NA,NA,2026-06-30,2026-06-30
Piedmont,OK,"Oklahoma City, OK",Canadian County,345481.3077080997,1.22,1579.7222222222224,NA,18956.666666666668,0.457,18.2,5.49,3.57,Moderate,9092,21.47,181760,16.93,26.01,5.78,5.62,25.24,2026-06-30,2026-06-30
Sugar Land,TX,"Houston-The Woodlands-Sugar Land, TX",Fort Bend County,452251.02859008266,-0.24,2065.138561937438,-1.05,24781.66274324926,0.457,18.2,5.48,3.56,Moderate,109851,-0.9,958434,15.57,27.37,4.23,6.33,22.52,2026-06-30,2026-06-30
Anderson,SC,"Greenville-Anderson, SC",Anderson County,276879.93955922284,1.85,1263.8720538720538,2.95,15166.464646464647,0.456,18.3,5.48,3.56,Moderate,30937,5.02,217183,6.36,15.37,9.75,8.93,24.56,2026-06-30,2026-06-30
Bellevue,NE,"Omaha-Council Bluffs, NE-IA",Sarpy County,302975.91632472136,2.78,1384.469696969697,0.66,16613.636363636364,0.457,18.2,5.48,3.56,Moderate,64777,-0.58,204828,7.14,15.85,3.5,4.21,29.38,2026-06-30,2026-06-30
Highland,CA,"Riverside-San Bernardino-Ontario, CA",San Bernardino County,538217.9353699214,1.02,2459.325396825397,2.97,29511.904761904763,0.457,18.2,5.48,3.56,Moderate,56499,-0.84,2214281,1.41,1.68,9.55,3.22,38.46,2026-06-30,2026-06-30
Ballston Spa,NY,"Albany-Schenectady-Troy, NY",Saratoga County,440406.65319595864,5.53,2010.253968253968,7.59,24123.047619047615,0.456,18.3,5.48,3.56,Moderate,4930,-3.64,240360,1.93,6.74,10.16,5.99,27.83,2026-06-30,2026-06-30
Englewood,NJ,"New York-Newark-Jersey City, NY-NJ-PA",Bergen County,639931.7194857596,0.89,2917.003205128205,4.05,35004.03846153846,0.456,18.3,5.47,3.56,Moderate,30221,3.38,978641,2.61,10.38,4.13,3.53,34.64,2026-06-30,2026-06-30
Bergenfield,NJ,"New York-Newark-Jersey City, NY-NJ-PA",Bergen County,654528.490400346,4.21,2986.6666666666665,NA,35840,0.456,18.3,5.48,3.56,Moderate,NA,NA,NA,NA,NA,NA,NA,NA,2026-06-30,2026-06-30
Red Wing,MN,"Red Wing, MN",Goodhue County,293135.1298381943,0.82,1337.7777777777776,NA,16053.333333333332,0.456,18.3,5.48,3.56,Moderate,16788,0.95,47982,0.85,-0.83,6.83,4.64,22,2026-06-30,2026-06-30
Elkins Park,PA,"Philadelphia-Camden-Wilmington, PA-NJ-DE-MD",Montgomery County,424398.0484293437,1.98,1938.6190476190477,4.79,23263.428571428572,0.457,18.2,5.48,3.56,Moderate,NA,NA,879190,2.6,7.92,4.35,5.68,28.27,2026-06-30,2026-06-30
Lexington,VA,NA,Rockbridge County,372594.0475710463,4.21,1698.611111111111,NA,20383.333333333332,0.456,18.3,5.47,3.56,Moderate,7802,6.66,22368,-1.28,8.23,15.58,3.78,21.57,2026-06-30,2026-06-30
North East,MD,"Philadelphia-Camden-Wilmington, PA-NJ-DE-MD",Cecil County,402711.19027814287,-0.16,1836.8452380952376,-0.11,22042.14285714285,0.456,18.3,5.47,3.56,Moderate,4191,2.52,106305,2.41,6.42,9.03,6.6,24.69,2026-06-30,2026-06-30
Glendale,WI,"Milwaukee-Waukesha, WI",Milwaukee County,366040.8009896196,5.01,1671.4,2.79,20056.800000000003,0.457,18.3,5.48,3.56,Moderate,14381,7.34,924740,-1.48,0.57,8.21,6.16,50.2,2026-06-30,2026-06-30
East Rutherford,NJ,"New York-Newark-Jersey City, NY-NJ-PA",Bergen County,656896.8360794523,4.71,3002.2380952380954,5.11,36026.857142857145,0.457,18.2,5.48,3.56,Moderate,10624,6.3,978641,2.61,10.38,4.13,3.53,34.64,2026-06-30,2026-06-30
Saint Pete Beach,FL,"Tampa-St. Petersburg-Clearwater, FL",Pinellas County,608062.29226999,-7.14,2775.4861111111113,0.84,33305.833333333336,0.456,18.3,5.48,3.56,Moderate,NA,NA,965870,0.63,3.8,18.32,8.78,30.56,2026-06-30,2026-06-30
Flowood,MS,"Jackson, MS",Rankin County,332110.2559547091,1.11,1514.8476190476192,2.2,18178.17142857143,0.456,18.3,5.47,3.56,Moderate,10853,5.49,160573,2.16,0.45,6.95,6.63,22.38,2026-06-30,2026-06-30
Lafayette,IN,"Lafayette-West Lafayette, IN",Tippecanoe County,271083.49999656976,2.37,1233.589081632653,2.04,14803.068979591837,0.455,18.3,5.46,3.55,Moderate,71757,1.4,191650,2.82,2.6,6.19,5.31,46.1,2026-06-30,2026-06-30
Wallingford,CT,"New Haven-Milford, CT",New Haven County,432431.7869731938,6.73,1966.8412698412696,NA,23602.095238095237,0.455,18.3,5.46,3.55,Moderate,NA,NA,NA,NA,NA,NA,NA,NA,2026-06-30,2026-06-30
Russellville,AR,"Russellville, AR",Pope County,219596.0310579619,2.79,999.8809523809524,4.01,11998.57142857143,0.455,18.3,5.46,3.55,Moderate,29442,1.71,64829,2.24,0.99,10.95,6.05,28.77,2026-06-30,2026-06-30
Ronkonkoma,NY,"New York-Newark-Jersey City, NY-NJ-PA",Suffolk County,644286.5739489145,4.24,2933.5182539682537,2.61,35202.219047619044,0.455,18.3,5.46,3.55,Moderate,NA,NA,1535909,0.9,2.22,11.64,3.67,18.09,2026-06-30,2026-06-30
Kearney,NE,"Kearney, NE",Buffalo County,319176.1601350395,6.5,1451.2234848484848,10.53,17414.681818181816,0.455,18.3,5.46,3.55,Moderate,34741,2.54,51156,1.9,5.22,7.17,4.22,34.84,2026-06-30,2026-06-30
Savage,MN,"Minneapolis-St. Paul-Bloomington, MN-WI",Scott County,434921.5924008699,1.66,1979.475,1.49,23753.699999999997,0.455,18.3,5.46,3.55,Moderate,32896,0.98,157206,3.87,2.74,2.6,1.89,15.7,2026-06-30,2026-06-30
Farmington,MN,"Minneapolis-St. Paul-Bloomington, MN-WI",Dakota County,406892.0158898784,1.44,1850.857142857143,NA,22210.285714285714,0.455,18.3,5.46,3.55,Moderate,NA,NA,NA,NA,NA,NA,NA,NA,2026-06-30,2026-06-30
Morris,IL,"Chicago-Naperville-Elgin, IL-IN-WI",Grundy County,314708.69206938846,4.53,1433.3333333333333,NA,17200,0.455,18.3,5.47,3.55,Moderate,14587,2.49,53835,2.47,3.72,3.78,1.99,24.19,2026-06-30,2026-06-30
Lewisburg,PA,"Lewisburg, PA",Union County,337047.12119613116,6.46,1532.1666666666667,NA,18386,0.455,18.3,5.46,3.55,Moderate,NA,NA,NA,NA,NA,NA,NA,NA,2026-06-30,2026-06-30
White House,TN,"Nashville-Davidson--Murfreesboro--Franklin, TN",Robertson County,391533.9277628942,-0.69,1782.9166666666667,1.28,21395,0.455,18.3,5.46,3.55,Moderate,16463,25.61,78459,7.53,20.38,5.15,3.83,22.79,2026-06-30,2026-06-30
Leon Valley,TX,"San Antonio-New Braunfels, TX",Bexar County,268525.4548836294,1.01,1221.4,NA,14656.800000000001,0.455,18.3,5.46,3.55,Moderate,11424,-1.08,2127737,5.56,8.6,8.27,8.16,40.89,2026-06-30,2026-06-30
Selma,TX,"San Antonio-New Braunfels, TX",Bexar County,288466.91918752313,-2.97,1313.7334320455868,-5.56,15764.801184547043,0.455,18.3,5.47,3.55,Moderate,11900,4.13,2127737,5.56,8.6,8.27,8.16,40.89,2026-06-30,2026-06-30
Osage Beach,MO,NA,Camden County,334214.5779638087,-6.34,1523,NA,18276,0.456,18.3,5.47,3.55,Moderate,NA,NA,NA,NA,NA,NA,NA,NA,2026-06-30,2026-06-30
Airway Heights,WA,"Spokane-Spokane Valley, WA",Spokane County,378508.50144908455,0.48,1721.222222222222,NA,20654.666666666664,0.455,18.3,5.46,3.55,Moderate,11950,10.72,555947,2.73,4.76,5.38,3.55,36.11,2026-06-30,2026-06-30
Ludlow,KY,"Cincinnati, OH-KY-IN",Kenton County,219100.08075455533,0.21,997.5,NA,11970,0.455,18.3,5.46,3.55,Moderate,NA,NA,NA,NA,NA,NA,NA,NA,2026-06-30,2026-06-30
Hickory Creek,TX,"Dallas-Fort Worth-Arlington, TX",Denton County,499322.05856695626,-2.12,2275,NA,27300,0.456,18.3,5.47,3.55,Moderate,NA,NA,NA,NA,NA,NA,NA,NA,2026-06-30,2026-06-30
Rock Hill,SC,"Charlotte-Concord-Gastonia, NC-SC",York County,329229.2917843063,-1.35,1494.1676235058587,4.05,17930.011482070306,0.454,18.4,5.45,3.54,Moderate,75798,1.53,303001,6.74,13.44,5.45,4.52,26.57,2026-06-30,2026-06-30
Bowie,MD,"Washington-Arlington-Alexandria, DC-VA-MD-WV",Prince Georges County,530886.4309912416,-0.3,2412.3849206349205,2.47,28948.619047619046,0.454,18.3,5.45,3.54,Moderate,58421,0.33,NA,NA,NA,NA,NA,NA,2026-06-30,2026-06-30
Bloomington,MN,"Minneapolis-St. Paul-Bloomington, MN-WI",Hennepin County,370580.0049734821,2.33,1683.8369453044372,2.25,20206.043343653248,0.454,18.3,5.45,3.54,Moderate,88344,-1.68,1273334,-0.65,4.24,5.29,5.38,37.05,2026-06-30,2026-06-30
Avondale,AZ,"Phoenix-Mesa-Chandler, AZ",Maricopa County,398215.3076063168,-1.81,1809.0635097845625,-0.64,21708.76211741475,0.454,18.3,5.45,3.54,Moderate,96609,7.86,4673096,5.12,9.38,8.29,5.4,34.99,2026-06-30,2026-06-30
West Bloomfield,MI,"Detroit-Warren-Dearborn, MI",Oakland County,466634.8540208806,2.99,2114.982456140351,3.19,25379.789473684214,0.453,18.4,5.44,3.54,Moderate,NA,NA,1296888,1.91,10.58,5.25,6.51,27.73,2026-06-30,2026-06-30
Monroe,GA,"Atlanta-Sandy Springs-Alpharetta, GA",Walton County,377829.2736044801,1.09,1715.3333333333333,2.44,20584,0.454,18.4,5.45,3.54,Moderate,16270,8.29,109792,13.03,25.68,4.54,1.62,20.82,2026-06-30,2026-06-30
Marion,IA,"Cedar Rapids, IA",Linn County,281615.99536004785,3.57,1277.65811965812,8.91,15331.897435897441,0.454,18.4,5.44,3.54,Moderate,42542,2.33,231762,0.58,8.41,6.8,8.73,26.69,2026-06-30,2026-06-30
Essex,MD,"Baltimore-Columbia-Towson, MD",Baltimore County,297674.23681195226,1.02,1352.0714285714284,2.92,16224.857142857141,0.454,18.3,5.45,3.54,Moderate,NA,NA,852425,-0.11,3.96,5.75,5.61,33.67,2026-06-30,2026-06-30
Edwardsville,IL,"St. Louis, MO-IL",Madison County,336493.39664582215,4.57,1525.1572649572652,5.32,18301.88717948718,0.453,18.4,5.44,3.54,Moderate,26715,-0.37,263017,-1.03,1.59,8.04,3.83,26.39,2026-06-30,2026-06-30
West Warwick,RI,"Providence-Warwick, RI-MA",Kent County,412966.666118168,4.78,1872.9880952380952,3.52,22475.85714285714,0.454,18.4,5.44,3.54,Moderate,NA,NA,172450,1.19,6.54,4.69,3.57,27.85,2026-06-30,2026-06-30
Manchester,TN,"Tullahoma-Manchester, TN",Coffee County,329276.8893958911,2.56,1493.3333333333333,NA,17920,0.454,18.4,5.44,3.54,Moderate,13484,9.92,61285,5.4,14.98,9.5,3.69,29.75,2026-06-30,2026-06-30
Yelm,WA,"Olympia-Lacey-Tumwater, WA",Thurston County,490816.9790840421,0.66,2225.7559523809523,8.25,26709.071428571428,0.453,18.4,5.44,3.54,Moderate,11715,9.49,302912,2.33,10.68,5,3.8,32.24,2026-06-30,2026-06-30
Central,SC,"Greenville-Anderson, SC",Pickens County,296075.78034842695,0.09,1342.142857142857,NA,16105.714285714286,0.453,18.4,5.44,3.54,Moderate,5339,1.31,138207,4.95,11.74,10.9,6.6,29.48,2026-06-30,2026-06-30
Greenbrier,AR,"Little Rock-North Little Rock-Conway, AR",Faulkner County,288192.2610943301,2.95,1308,NA,15696,0.454,18.4,5.45,3.54,Moderate,NA,NA,NA,NA,NA,NA,NA,NA,2026-06-30,2026-06-30
Discovery Bay,CA,"San Francisco-Oakland-Berkeley, CA",Contra Costa County,793843.3096197309,-2.52,3599.3333333333335,0.12,43192,0.453,18.4,5.44,3.54,Moderate,NA,NA,1172607,0.55,6.48,3.5,2.91,32.35,2026-06-30,2026-06-30
Brewer,ME,"Bangor, ME",Penobscot County,312862.8524697542,2.33,1421.6666666666667,NA,17060,0.454,18.3,5.45,3.54,Moderate,9629,-0.41,156840,3.06,7.33,14.11,6.32,29.72,2026-06-30,2026-06-30
Raritan,NJ,"New York-Newark-Jersey City, NY-NJ-PA",Somerset County,562270.9909966245,2.07,2553.3333333333335,NA,30640,0.454,18.4,5.45,3.54,Moderate,8584,9.77,357467,3.68,12.99,2.54,1.98,25.53,2026-06-30,2026-06-30
Flagler Beach,FL,"Deltona-Daytona Beach-Ormond Beach, FL",Flagler County,458536.7539994104,-1.36,2079.111111111111,NA,24949.33333333333,0.453,18.4,5.44,3.54,Moderate,5568,7.89,136744,17.85,41.48,14.05,5.46,18.48,2026-06-30,2026-06-30
Pea Ridge,AR,"Fayetteville-Springdale-Rogers, AR",Benton County,347678.77648778266,2.48,1578.3333333333333,2.31,18940,0.454,18.4,5.45,3.54,Moderate,10190,52.73,321566,12.19,23.43,9.14,4.86,32.8,2026-06-30,2026-06-30
West Berlin,NJ,"Philadelphia-Camden-Wilmington, PA-NJ-DE-MD",Camden County,362276.5247831798,2.13,1645,NA,19740,0.454,18.4,5.45,3.54,Moderate,NA,NA,NA,NA,NA,NA,NA,NA,2026-06-30,2026-06-30
Farmersville,TX,"Dallas-Fort Worth-Arlington, TX",Collin County,333671.349539577,-4.61,1513.9583333333333,NA,18167.5,0.454,18.4,5.44,3.54,Moderate,NA,NA,NA,NA,NA,NA,NA,NA,2026-06-30,2026-06-30
North Las Vegas,NV,"Las Vegas-Henderson-Paradise, NV",Clark County,408279.5527386048,-1.83,1846.3798048404951,0.06,22156.55765808594,0.452,18.4,5.43,3.53,Moderate,294034,12.58,2398871,5.4,16.64,9.46,7.1,42.95,2026-06-30,2026-06-30
Pflugerville,TX,"Austin-Round Rock-Georgetown, TX",Travis County,375311.9571452074,-5.3,1698.5699515085842,-1.44,20382.83941810301,0.453,18.4,5.43,3.53,Moderate,66819,2.03,1363767,5.18,4.41,5.57,4.27,46.97,2026-06-30,2026-06-30
San Marcos,TX,"Austin-Round Rock-Georgetown, TX",Hays County,310919.26435178216,-4.11,1408.311646139705,-1.79,16899.739753676462,0.453,18.4,5.44,3.53,Moderate,74316,8.93,292029,19.69,29.92,5.29,3.58,35.89,2026-06-30,2026-06-30
Berwyn,IL,"Chicago-Naperville-Elgin, IL-IN-WI",Cook County,325586.9178324206,6.03,1472.4463383838383,6.03,17669.35606060606,0.452,18.4,5.43,3.53,Moderate,55152,-3.24,5182617,-1.6,5.9,8.18,4.67,42.49,2026-06-30,2026-06-30
Revere,MA,"Boston-Cambridge-Newton, MA-NH",Suffolk County,624317.6155303945,0.37,2825.6497854955937,0.95,33907.79742594712,0.453,18.4,5.43,3.53,Moderate,60702,-1.95,793144,-0.51,10.02,8.97,4.43,63.39,2026-06-30,2026-06-30
Bullhead City,AZ,"Lake Havasu City-Kingman, AZ",Mohave County,303382.88522655517,2.21,1374.047233468286,0.9,16488.566801619432,0.453,18.4,5.43,3.53,Moderate,43266,4.27,226479,5.75,21.83,18.98,2.42,26.37,2026-06-30,2026-06-30
Marlborough,MA,"Boston-Cambridge-Newton, MA-NH",Middlesex County,590383.1925597651,0.11,2668.138278388278,-0.39,32017.65934065934,0.452,18.4,5.42,3.53,Moderate,42169,1.16,1668956,2.54,11.63,4.52,2.96,38.37,2026-06-30,2026-06-30
Ozark,MO,"Springfield, MO",Christian County,324156.935143168,1.24,1466.800925925926,2.28,17601.611111111113,0.452,18.4,5.43,3.53,Moderate,23248,8.59,96045,7.56,14.74,4.77,1.67,24.01,2026-06-30,2026-06-30
Rosemont,CA,"Sacramento-Roseville-Folsom, CA",Sacramento County,469046.1738415837,-1.19,2124.555555555555,4.02,25494.666666666664,0.453,18.4,5.44,3.53,Moderate,NA,NA,1611231,1.54,7.33,4.28,3.63,41.37,2026-06-30,2026-06-30
Floresville,TX,"San Antonio-New Braunfels, TX",Wilson County,358894.4654788324,-0.08,1624.4444444444443,NA,19493.333333333332,0.453,18.4,5.43,3.53,Moderate,NA,NA,NA,NA,NA,NA,NA,NA,2026-06-30,2026-06-30
Prairie Village,KS,"Kansas City, MO-KS",Johnson County,504469.81586945587,7.47,2282.613553113553,5.2,27391.362637362632,0.452,18.4,5.43,3.53,Moderate,22919,-0.17,632276,3.45,6.72,4.13,5,31.44,2026-06-30,2026-06-30
Chardon,OH,"Cleveland-Elyria, OH",Geauga County,381340.9429943629,4.93,1725.5,NA,20706,0.452,18.4,5.43,3.53,Moderate,NA,NA,NA,NA,NA,NA,NA,NA,2026-06-30,2026-06-30
Watervliet,NY,"Albany-Schenectady-Troy, NY",Albany County,325191.3529451367,3.64,1470.6888888888889,2.76,17648.266666666666,0.452,18.4,5.43,3.53,Moderate,10268,-0.86,319964,1.89,6.58,9.68,4.33,43.28,2026-06-30,2026-06-30
Hopkins,MN,"Minneapolis-St. Paul-Bloomington, MN-WI",Hennepin County,339779.6056128045,3.01,1538.6439393939393,5.01,18463.727272727272,0.453,18.4,5.43,3.53,Moderate,19462,2.38,1273334,-0.65,4.24,5.29,5.38,37.05,2026-06-30,2026-06-30
Montvale,NJ,"New York-Newark-Jersey City, NY-NJ-PA",Bergen County,941509.634301966,5,4256.61111111111,NA,51079.33333333333,0.452,18.4,5.43,3.53,Moderate,NA,NA,NA,NA,NA,NA,NA,NA,2026-06-30,2026-06-30
Island Park,NY,"New York-Newark-Jersey City, NY-NJ-PA",Nassau County,760780.5815303106,3.49,3440,NA,41280,0.452,18.4,5.43,3.53,Moderate,5019,1.5,1392438,0.13,2.32,4.56,4.6,18.07,2026-06-30,2026-06-30
Lincoln,NE,"Lincoln, NE",Lancaster County,297538.94217638567,3.44,1344.6453630289072,2.49,16135.744356346888,0.452,18.4,5.42,3.52,Moderate,300619,3.01,332857,3,9.01,4.39,3,41.16,2026-06-30,2026-06-30
Huntsville,AL,"Huntsville, AL",Madison County,292728.2866886125,0.7,1322.113226425232,0.87,15865.358717102783,0.452,18.5,5.42,3.52,Moderate,230402,6.48,423355,8.41,20.5,7.01,5.85,31.22,2026-06-30,2026-06-30
Cleveland,TN,"Cleveland, TN",Bradley County,319177.86578009656,1.65,1439.277777777778,0.44,17271.333333333336,0.451,18.5,5.41,3.52,Moderate,50232,4.84,113782,4.55,14.5,7.71,3.56,32.47,2026-06-30,2026-06-30
Fairfield,OH,"Cincinnati, OH-KY-IN",Butler County,289328.21341164474,3.19,1304.1386996904023,0.07,15649.664396284828,0.451,18.5,5.41,3.52,Moderate,45094,0.41,399542,2.21,8.05,6.17,4.38,30.13,2026-06-30,2026-06-30
District Heights,MD,"Washington-Arlington-Alexandria, DC-VA-MD-WV",Prince Georges County,346165.82693476515,-1.67,1562.8055555555554,1.39,18753.666666666664,0.451,18.5,5.42,3.52,Moderate,5916,-0.27,NA,NA,NA,NA,NA,NA,2026-06-30,2026-06-30
Rosemount,MN,"Minneapolis-St. Paul-Bloomington, MN-WI",Dakota County,439657.96943152434,0.38,1984.7068376068376,3.22,23816.48205128205,0.451,18.5,5.42,3.52,Moderate,30581,18.6,453156,2.89,6.72,2.73,3.92,24.65,2026-06-30,2026-06-30
Medford Township,NJ,"Philadelphia-Camden-Wilmington, PA-NJ-DE-MD",Burlington County,641059.5808498939,4,2891.6666666666665,NA,34700,0.451,18.5,5.41,3.52,Moderate,NA,NA,NA,NA,NA,NA,NA,NA,2026-06-30,2026-06-30
Tipp City,OH,"Dayton-Kettering, OH",Miami County,354317.19674388197,2.84,1598.7222222222224,3.33,19184.666666666668,0.451,18.5,5.41,3.52,Moderate,10596,2.85,111950,2.74,10.5,5.24,3.26,26.6,2026-06-30,2026-06-30
Eloy,AZ,"Phoenix-Mesa-Chandler, AZ",Pinal County,272989.251293434,-1.79,1230.8333333333337,NA,14770.000000000004,0.451,18.5,5.41,3.52,Moderate,NA,NA,NA,NA,NA,NA,NA,NA,2026-06-30,2026-06-30
Commerce,GA,"Jefferson, GA",Jackson County,335663.7387092681,2.34,1513.7833333333335,-0.17,18165.4,0.451,18.5,5.41,3.52,Moderate,8803,17.34,93825,22.26,52.1,8.21,1.14,20.21,2026-06-30,2026-06-30
Hedgesville,WV,"Hagerstown-Martinsburg, MD-WV",Berkeley County,343816.2535697754,4.62,1550,NA,18600,0.451,18.5,5.41,3.52,Moderate,NA,NA,NA,NA,NA,NA,NA,NA,2026-06-30,2026-06-30
Platteville,WI,"Platteville, WI",Grant County,261899.36011304203,5.69,1180.5555555555557,NA,14166.666666666668,0.451,18.5,5.41,3.52,Moderate,NA,NA,NA,NA,NA,NA,NA,NA,2026-06-30,2026-06-30
Manassas Park,VA,"Washington-Arlington-Alexandria, DC-VA-MD-WV",Manassas Park City,466850.56027434656,0.93,2106.187321937322,-2.05,25274.247863247863,0.451,18.5,5.41,3.52,Moderate,16611,-3.22,NA,NA,NA,NA,NA,NA,2026-06-30,2026-06-30
Kirksville,MO,"Kirksville, MO",Adair County,158500.57563759686,1.78,715.6746031746032,-0.65,8588.095238095239,0.452,18.5,5.42,3.52,Moderate,17841,1.84,25660,1.54,13.8,21.7,8.54,39.41,2026-06-30,2026-06-30
Lady Lake,FL,"Orlando-Kissimmee-Sanford, FL",Lake County,336595.74134642957,-1.34,1520.047619047619,-3.96,18240.571428571428,0.452,18.5,5.42,3.52,Moderate,17288,7.86,444204,15.01,42.09,12.7,9.37,23.35,2026-06-30,2026-06-30
Key Biscayne,FL,"Miami-Fort Lauderdale-Pompano Beach, FL",Miami-Dade County,1706574.997687783,2.55,7691.824074074076,5.94,92301.8888888889,0.451,18.5,5.41,3.52,Moderate,15111,2.48,2838461,5.29,19.88,11.11,5.36,47.81,2026-06-30,2026-06-30
Highland,NY,"Kingston, NY",Ulster County,435295.2538660676,3.09,1965.2777777777776,NA,23583.333333333332,0.451,18.5,5.42,3.52,Moderate,NA,NA,NA,NA,NA,NA,NA,NA,2026-06-30,2026-06-30
East Riverdale,MD,"Washington-Arlington-Alexandria, DC-VA-MD-WV",Prince Georges County,374199.105120122,-1.2,1689.9666666666665,3.13,20279.6,0.452,18.5,5.42,3.52,Moderate,NA,NA,NA,NA,NA,NA,NA,NA,2026-06-30,2026-06-30
Centerton,AR,"Fayetteville-Springdale-Rogers, AR",Benton County,350698.95011080423,-0.37,1584.5630088292628,-1.14,19014.756105951154,0.452,18.4,5.42,3.52,Moderate,25745,41.08,321566,12.19,23.43,9.14,4.86,32.8,2026-06-30,2026-06-30
Bladensburg,MD,"Washington-Arlington-Alexandria, DC-VA-MD-WV",Prince Georges County,328466.4741999574,-1.54,1482.1333333333332,-3,17785.6,0.451,18.5,5.41,3.52,Moderate,9635,-0.08,NA,NA,NA,NA,NA,NA,2026-06-30,2026-06-30
Kenwood,OH,"Cincinnati, OH-KY-IN",Hamilton County,519117.53635436896,1.36,2341.6,NA,28099.199999999997,0.451,18.5,5.41,3.52,Moderate,NA,NA,837359,0.84,4.18,7.42,4.2,41.01,2026-06-30,2026-06-30
Somerset,WI,"Minneapolis-St. Paul-Bloomington, MN-WI",Saint Croix County,423187.57226257934,1.43,1908.3333333333333,NA,22900,0.451,18.5,5.41,3.52,Moderate,NA,NA,NA,NA,NA,NA,NA,NA,2026-06-30,2026-06-30
Coral Springs,FL,"Miami-Fort Lauderdale-Pompano Beach, FL",Broward County,524238.97847689455,-3.52,2357.1343634366444,-0.04,28285.612361239735,0.45,18.5,5.4,3.51,Moderate,140808,4.94,2037472,4.84,14.84,13.18,6.08,36.74,2026-06-30,2026-06-30
Lawrence,MA,"Boston-Cambridge-Newton, MA-NH",Essex County,521894.65620689496,2.23,2347.0819444444446,3.14,28164.983333333337,0.45,18.5,5.4,3.51,Moderate,89332,0.51,823938,2,7.8,5.11,2.53,36.04,2026-06-30,2026-06-30
Williamsport,PA,"Williamsport, PA",Lycoming County,214263.734780708,3.37,964.2777777777778,7.94,11571.333333333334,0.45,18.5,5.4,3.51,Moderate,27628,-0.43,113236,-0.78,1.85,12.32,5.15,30.8,2026-06-30,2026-06-30
Glastonbury,CT,"Hartford-East Hartford-Middletown, CT",Hartford County,572681.5952940201,6.2,2576.4555555555557,3.85,30917.466666666667,0.45,18.5,5.4,3.51,Moderate,NA,NA,NA,NA,NA,NA,NA,NA,2026-06-30,2026-06-30
Elizabethton,TN,"Johnson City, TN",Carter County,236955.3912876551,-0.73,1066.6666666666667,NA,12800,0.45,18.5,5.4,3.51,Moderate,14461,-0.45,57434,1.86,12.95,13.56,6.85,25.93,2026-06-30,2026-06-30
Mehlville,MO,"St. Louis, MO-IL",Saint Louis County,260841.24937765577,2.87,1174.7333333333331,NA,14096.799999999997,0.45,18.5,5.4,3.51,Moderate,NA,NA,NA,NA,NA,NA,NA,NA,2026-06-30,2026-06-30
Long Beach,NY,"New York-Newark-Jersey City, NY-NJ-PA",Nassau County,819579.1759407396,4.87,3684.4017094017095,5.58,44212.820512820515,0.45,18.5,5.39,3.51,Moderate,34777,-0.07,1392438,0.13,2.32,4.56,4.6,18.07,2026-06-30,2026-06-30
Easton,MA,"Providence-Warwick, RI-MA",Bristol County,708324.5705468995,3.77,3189.1666666666665,NA,38270,0.45,18.5,5.4,3.51,Moderate,NA,NA,NA,NA,NA,NA,NA,NA,2026-06-30,2026-06-30
Auburn,ME,"Lewiston-Auburn, ME",Androscoggin County,334420.9633833698,0.88,1503.0555555555557,5.19,18036.666666666668,0.449,18.5,5.39,3.51,Moderate,25200,4.63,115272,3.68,8.08,7.11,1.58,32.64,2026-06-30,2026-06-30
Sweet Home,OR,"Albany-Lebanon, OR",Linn County,354516.90751997445,-0.11,1597.5,NA,19170,0.451,18.5,5.41,3.51,Moderate,NA,NA,NA,NA,NA,NA,NA,NA,2026-06-30,2026-06-30
Hartford,VT,"Lebanon, NH-VT",Windsor County,433716.3088964733,4.73,1953.722222222222,NA,23444.666666666664,0.45,18.5,5.41,3.51,Moderate,NA,NA,57697,-0.07,-1.25,28.47,5.85,25.15,2026-06-30,2026-06-30
Dunellen,NJ,"New York-Newark-Jersey City, NY-NJ-PA",Middlesex County,545870.0891946243,2.5,2454.8888888888887,NA,29458.666666666664,0.45,18.5,5.4,3.51,Moderate,8411,10.41,890119,3.33,12.92,3.48,2.61,36.53,2026-06-30,2026-06-30
Topanga,CA,"Los Angeles-Long Beach-Anaheim, CA",Los Angeles County,1435635.368840037,-3.87,6454.166666666667,NA,77450,0.45,18.5,5.39,3.51,Moderate,NA,NA,NA,NA,NA,NA,NA,NA,2026-06-30,2026-06-30
Bloomington,IN,"Bloomington, IN",Monroe County,321472.6614882273,1.57,1443.5599414666694,2.24,17322.719297600033,0.449,18.6,5.39,3.5,Moderate,79986,-0.19,140702,0.04,-1.41,10.16,6.86,45.17,2026-06-30,2026-06-30
Manteca,CA,"Stockton, CA",San Joaquin County,585226.7446691951,-4.21,2623.8611111111113,0.52,31486.333333333336,0.448,18.6,5.38,3.5,Moderate,94292,12.17,816108,4.54,9.17,6.02,3.67,38.47,2026-06-30,2026-06-30
Rancho Cordova,CA,"Sacramento-Roseville-Folsom, CA",Sacramento County,537180.1476140645,-2.74,2411.9818662818666,3.17,28943.782395382397,0.449,18.6,5.39,3.5,Moderate,84113,5.63,1611231,1.54,7.33,4.28,3.63,41.37,2026-06-30,2026-06-30
State College,PA,"State College, PA",Centre County,420352.58902970096,1.65,1888.1447368421052,5.76,22657.736842105263,0.449,18.6,5.39,3.5,Moderate,41228,1.29,159805,1.15,4.44,10.63,5.92,38.24,2026-06-30,2026-06-30
Waxahachie,TX,"Dallas-Fort Worth-Arlington, TX",Ellis County,372912.9880197164,-1.8,1673.1897034864778,0.17,20078.276441837734,0.449,18.6,5.38,3.5,Moderate,48617,16.81,232387,19.58,34.12,5.09,4.27,23.75,2026-06-30,2026-06-30
Rowlett,TX,"Dallas-Fort Worth-Arlington, TX",Dallas County,371638.7630945829,-3.34,1668.0947213447214,-2.22,20017.136656136656,0.449,18.6,5.39,3.5,Moderate,68123,8.53,2656028,1.73,0.15,7.76,8.95,49.22,2026-06-30,2026-06-30
Butte,MT,"Butte-Silver Bow, MT",Silver Bow County,292618.2515458023,4.86,1313.5079365079366,1.85,15762.09523809524,0.449,18.6,5.39,3.5,Moderate,NA,NA,36134,2.62,3.43,11.78,11.97,29.51,2026-06-30,2026-06-30
Tehachapi,CA,"Bakersfield, CA",Kern County,429182.1214587498,-0.02,1923.1349206349205,-1.25,23077.619047619046,0.448,18.6,5.38,3.5,Moderate,11114,-14.61,922529,1.81,2.68,7.58,3.4,40.19,2026-06-30,2026-06-30
Liberty,MO,"Kansas City, MO-KS",Clay County,332805.57912479696,1.74,1491.327380952381,2.92,17895.928571428572,0.448,18.6,5.38,3.5,Moderate,31245,3.38,263370,3.63,8.53,5.32,4.67,31.12,2026-06-30,2026-06-30
Athens,TX,"Athens, TX",Henderson County,260037.0697222928,-1.53,1168.4444444444443,NA,14021.333333333332,0.449,18.5,5.39,3.5,Moderate,13575,5.36,87467,6.15,16.63,21.17,7.99,23.49,2026-06-30,2026-06-30
Maryland Heights,MO,"St. Louis, MO-IL",Saint Louis County,269172.5048706474,4.34,1208.423015873016,-2.54,14501.076190476193,0.449,18.6,5.39,3.5,Moderate,27671,-2.07,NA,NA,NA,NA,NA,NA,2026-06-30,2026-06-30
Hoschton,GA,"Jefferson, GA",Jackson County,482930.4873633152,-1.99,2164.4126984126983,2.69,25972.95238095238,0.448,18.6,5.38,3.5,Moderate,6723,143.76,93825,22.26,52.1,8.21,1.14,20.21,2026-06-30,2026-06-30
Hastings,MN,"Minneapolis-St. Paul-Bloomington, MN-WI",Dakota County,388896.1383946701,3.43,1743.3333333333333,NA,20920,0.448,18.6,5.38,3.5,Moderate,22502,1.56,453156,2.89,6.72,2.73,3.92,24.65,2026-06-30,2026-06-30
Cortez,CO,NA,Montezuma County,348929.8413559022,1.6,1566.6666666666667,6.17,18800,0.449,18.6,5.39,3.5,Moderate,9151,4.25,26841,3.68,11.81,11.36,5.31,25.17,2026-06-30,2026-06-30
Pineville,NC,"Charlotte-Concord-Gastonia, NC-SC",Mecklenburg County,407275.78886980953,-0.74,1829.2628205128203,-2.51,21951.153846153844,0.449,18.6,5.39,3.5,Moderate,11567,8.73,1206285,8.06,18.3,7.37,7.33,44.5,2026-06-30,2026-06-30
Frederickson,WA,"Seattle-Tacoma-Bellevue, WA",Pierce County,542413.192939873,0.92,2434.7638888888887,0.3,29217.166666666664,0.449,18.6,5.39,3.5,Moderate,NA,NA,941170,1.9,6.6,5.21,4.02,35.21,2026-06-30,2026-06-30
Fort Wright,KY,"Cincinnati, OH-KY-IN",Kenton County,348589.0220349682,2.72,1565.3333333333333,NA,18784,0.449,18.6,5.39,3.5,Moderate,6096,5.12,174862,3.3,10.73,7.27,5.15,29.96,2026-06-30,2026-06-30
Clovis,CA,"Fresno, CA",Fresno County,522796.8243574011,0.36,2341.296547821166,3.99,28095.55857385399,0.448,18.6,5.37,3.49,Moderate,127993,5.97,1024125,1.44,-1.54,5.8,3.02,44.58,2026-06-30,2026-06-30
Buford,GA,"Atlanta-Sandy Springs-Alpharetta, GA",Gwinnett County,472251.1185604595,-2.68,2111.6967042136,-1.23,25340.360450563196,0.447,18.6,5.37,3.49,Moderate,18642,8.87,1003869,4.75,5.96,3.94,4.99,33.31,2026-06-30,2026-06-30
Florence-Graham,CA,"Los Angeles-Long Beach-Anaheim, CA",Los Angeles County,599360.1524023269,0.88,2683,NA,32196,0.448,18.6,5.37,3.49,Moderate,NA,NA,9757179,-2.4,0.03,6.45,4.01,53.92,2026-06-30,2026-06-30
West Chester,OH,"Cincinnati, OH-KY-IN",Butler County,430556.9571776371,2.78,1926.2872807017543,3.5,23115.447368421053,0.447,18.6,5.37,3.49,Moderate,NA,NA,399542,2.21,8.05,6.17,4.38,30.13,2026-06-30,2026-06-30
Freehold,NJ,"New York-Newark-Jersey City, NY-NJ-PA",Monmouth County,650304.8620019344,3.11,2913.0651515151512,3.12,34956.781818181815,0.448,18.6,5.38,3.49,Moderate,12530,0.16,647520,0.74,2.8,7.24,3.49,24.63,2026-06-30,2026-06-30
Hanover,PA,"York-Hanover, PA",York County,298489.3353796155,3.12,1333.9246031746034,2.35,16007.09523809524,0.447,18.6,5.36,3.49,Moderate,16728,1.67,471240,3.17,10.19,4.45,2.79,24.17,2026-06-30,2026-06-30
Cape Girardeau,MO,"Cape Girardeau, MO-IL",Cape Girardeau County,224404.3104160504,4.56,1003.7683823529412,3.09,12045.220588235294,0.447,18.6,5.37,3.49,Moderate,40818,2.59,83658,2.24,5.31,9.33,6.31,34.05,2026-06-30,2026-06-30
Shelton,CT,"Bridgeport-Stamford-Norwalk, CT",Fairfield County,571686.2299192642,4.79,2557.3166666666666,5.48,30687.8,0.447,18.6,5.37,3.49,Moderate,42805,5.01,NA,NA,NA,NA,NA,NA,2026-06-30,2026-06-30
Canonsburg,PA,"Pittsburgh, PA",Washington County,365437.5124549636,2.04,1634.9592074592074,0.43,19619.51048951049,0.447,18.6,5.37,3.49,Moderate,9601,-1.55,210434,0.49,4.53,10.07,6.42,23.56,2026-06-30,2026-06-30
Candler,NC,"Asheville, NC",Buncombe County,422803.73328708886,-3.27,1892.0833333333333,NA,22705,0.448,18.6,5.37,3.49,Moderate,NA,NA,279210,3.52,10.34,22.33,12.88,35.56,2026-06-30,2026-06-30
Golden Valley,MN,"Minneapolis-St. Paul-Bloomington, MN-WI",Hennepin County,447241.06934504135,3.73,2001.4476408412336,4.88,24017.371690094802,0.448,18.6,5.37,3.49,Moderate,21263,-5.41,1273334,-0.65,4.24,5.29,5.38,37.05,2026-06-30,2026-06-30
Melissa,TX,"Dallas-Fort Worth-Arlington, TX",Collin County,430721.756405582,-6.4,1926.5366308243729,1.56,23118.439569892475,0.447,18.6,5.37,3.49,Moderate,26194,82.71,1254658,16.64,31.61,5.16,6.55,35.92,2026-06-30,2026-06-30
Fort Atkinson,WI,"Watertown-Fort Atkinson, WI",Jefferson County,312450.94677615276,4.36,1400,NA,16800,0.448,18.6,5.38,3.49,Moderate,NA,NA,NA,NA,NA,NA,NA,NA,2026-06-30,2026-06-30
Vernal,UT,"Vernal, UT",Uintah County,297311.8522105597,4.11,1330.5555555555557,NA,15966.666666666668,0.448,18.6,5.37,3.49,Moderate,NA,NA,NA,NA,NA,NA,NA,NA,2026-06-30,2026-06-30
Schenectady,NY,"Albany-Schenectady-Troy, NY",Schenectady County,334098.37523785693,5.5,1489.200789406672,2.08,17870.409472880063,0.446,18.7,5.35,3.48,Moderate,69495,1.68,162261,1.86,11.06,6.65,4.78,36.18,2026-06-30,2026-06-30
Fayetteville,AR,"Fayetteville-Springdale-Rogers, AR",Washington County,385227.3758409803,4.28,1719.930046805047,1.61,20639.160561660563,0.446,18.7,5.36,3.48,Moderate,103134,8.81,266184,7.86,10.41,7.47,4.52,44.44,2026-06-30,2026-06-30
Chino,CA,"Riverside-San Bernardino-Ontario, CA",San Bernardino County,758989.1367414853,-0.7,3388.065217391304,2.65,40656.78260869565,0.446,18.7,5.36,3.48,Moderate,94010,3.26,2214281,1.41,1.68,9.55,3.22,38.46,2026-06-30,2026-06-30
Carlisle,PA,"Harrisburg-Carlisle, PA",Cumberland County,338075.2686023456,3.61,1507.8842105263157,2.9,18094.610526315788,0.446,18.7,5.35,3.48,Moderate,22517,11.75,275516,5.86,13.9,4.61,1.99,28.63,2026-06-30,2026-06-30
Hoboken,NJ,"New York-Newark-Jersey City, NY-NJ-PA",Hudson County,883215.073854766,2.02,3940.7664840470447,3.76,47289.19780856454,0.446,18.7,5.35,3.48,Moderate,59149,-1.28,736185,1.98,14.43,6.78,4.46,68.82,2026-06-30,2026-06-30
Longwood,FL,"Orlando-Kissimmee-Sanford, FL",Seminole County,459778.8431745774,-0.98,2050.6375000000003,3.62,24607.65,0.446,18.7,5.35,3.48,Moderate,17089,10.82,494605,4.91,9.63,5.97,6.62,34.24,2026-06-30,2026-06-30
Patchogue,NY,"New York-Newark-Jersey City, NY-NJ-PA",Suffolk County,600660.4370399491,3.47,2679.2999999999997,3.6,32151.6,0.446,18.7,5.35,3.48,Moderate,12447,0.59,1535909,0.9,2.22,11.64,3.67,18.09,2026-06-30,2026-06-30
Maplewood,MN,"Minneapolis-St. Paul-Bloomington, MN-WI",Ramsey County,351948.7143424664,1.72,1570.8849206349205,4.35,18850.619047619046,0.446,18.7,5.36,3.48,Moderate,40142,-4.48,542015,-1.76,3.41,5.41,6.16,38.97,2026-06-30,2026-06-30
Golden Glades,FL,"Miami-Fort Lauderdale-Pompano Beach, FL",Miami-Dade County,482905.0629184901,0.19,2151.436026936027,1.71,25817.23232323232,0.446,18.7,5.35,3.48,Moderate,NA,NA,2838461,5.29,19.88,11.11,5.36,47.81,2026-06-30,2026-06-30
Ridgecrest,CA,"Bakersfield, CA",Kern County,269578.15282251063,-2.21,1204.069264069264,0.14,14448.831168831166,0.447,18.7,5.36,3.48,Moderate,28373,1.35,922529,1.81,2.68,7.58,3.4,40.19,2026-06-30,2026-06-30
Central Falls,RI,"Providence-Warwick, RI-MA",Providence County,385610.9212724221,1.39,1720.8333333333333,5.01,20650,0.446,18.7,5.36,3.48,Moderate,23034,2.15,675912,2.4,11.33,7.44,4.46,43.38,2026-06-30,2026-06-30
Los Alamos,NM,"Los Alamos, NM",Los Alamos County,593333.8636543149,-1.06,2645,NA,31740,0.446,18.7,5.35,3.48,Moderate,NA,NA,NA,NA,NA,NA,NA,NA,2026-06-30,2026-06-30
Cinnaminson Township,NJ,"Philadelphia-Camden-Wilmington, PA-NJ-DE-MD",Burlington County,470077.6273854493,4.03,2100,NA,25200,0.447,18.7,5.36,3.48,Moderate,NA,NA,NA,NA,NA,NA,NA,NA,2026-06-30,2026-06-30
Ashland City,TN,"Nashville-Davidson--Murfreesboro--Franklin, TN",Cheatham County,354016.3465295287,0.8,1580.35,4.04,18964.199999999997,0.446,18.7,5.36,3.48,Moderate,5689,9.7,42604,3.68,9.93,7.36,0.28,18.05,2026-06-30,2026-06-30
Hooksett,NH,"Concord, NH",Merrimack County,537450.8129801503,2.26,2398.722222222222,NA,28784.666666666664,0.446,18.7,5.36,3.48,Moderate,NA,NA,157869,2.49,7.68,8.53,4.51,26.5,2026-06-30,2026-06-30
Somerville,NJ,"New York-Newark-Jersey City, NY-NJ-PA",Somerset County,556166.5498524798,3.36,2480.334175084175,3.86,29764.0101010101,0.446,18.7,5.35,3.48,Moderate,14428,16.76,357467,3.68,12.99,2.54,1.98,25.53,2026-06-30,2026-06-30
Mount Shasta,CA,NA,Siskiyou County,421077.1362992623,-0.61,1879.1666666666667,NA,22550,0.446,18.7,5.36,3.48,Moderate,NA,NA,NA,NA,NA,NA,NA,NA,2026-06-30,2026-06-30
Kemp,TX,"Dallas-Fort Worth-Arlington, TX",Kaufman County,271595.8584697044,-2.42,1213,NA,14556,0.447,18.7,5.36,3.48,Moderate,NA,NA,NA,NA,NA,NA,NA,NA,2026-06-30,2026-06-30
Bowling Green,KY,"Bowling Green, KY",Warren County,288478.0448128406,0.23,1284.2360895482336,2.78,15410.833074578804,0.445,18.7,5.34,3.47,Moderate,79076,9.11,147936,9.56,22.19,7.44,5.34,43.29,2026-06-30,2026-06-30
New Braunfels,TX,"San Antonio-New Braunfels, TX",Comal County,351340.3368016784,-2.42,1563.112871203067,-2.15,18757.354454436805,0.445,18.7,5.34,3.47,Moderate,116477,27.04,201628,23.22,36.2,9.17,6.79,23.15,2026-06-30,2026-06-30
Edison,NJ,"New York-Newark-Jersey City, NY-NJ-PA",Middlesex County,649271.452564143,1.73,2888.5171624713953,1.02,34662.205949656745,0.445,18.7,5.34,3.47,Moderate,NA,NA,890119,3.33,12.92,3.48,2.61,36.53,2026-06-30,2026-06-30
Columbia,MD,"Baltimore-Columbia-Towson, MD",Howard County,518039.02176524926,0.07,2304.305089443185,2.76,27651.661073318217,0.445,18.7,5.34,3.47,Moderate,NA,NA,339668,2.06,3.73,3.55,5.06,28.29,2026-06-30,2026-06-30
Bluffton,SC,"Hilton Head Island-Bluffton, SC",Beaufort County,502009.84857207374,-1.59,2233.4489745121464,1.84,26801.387694145757,0.445,18.7,5.34,3.47,Moderate,36146,27.62,201775,7.42,14.95,22.12,17.97,24.27,2026-06-30,2026-06-30
Ankeny,IA,"Des Moines-West Des Moines, IA",Polk County,342158.6180398623,1.29,1520.3238587424632,0.41,18243.88630490956,0.444,18.8,5.33,3.47,Moderate,76727,11.91,516185,4.69,12.01,5.87,5,32.93,2026-06-30,2026-06-30
Mahwah Township,NJ,"New York-Newark-Jersey City, NY-NJ-PA",Bergen County,723507.0981824094,5.36,3216.25,NA,38595,0.445,18.7,5.33,3.47,Moderate,NA,NA,NA,NA,NA,NA,NA,NA,2026-06-30,2026-06-30
Danville,KY,"Danville, KY",Boyle County,255060.10658496653,1.69,1134.1666666666667,NA,13610,0.445,18.7,5.34,3.47,Moderate,17562,1.39,31394,2.06,11.12,8.97,5.21,30.54,2026-06-30,2026-06-30
Belmont,NC,"Charlotte-Concord-Gastonia, NC-SC",Gaston County,440068.1933682611,1.09,1959.4444444444448,-0.45,23513.333333333336,0.445,18.7,5.34,3.47,Moderate,16044,5.8,242010,5.85,15.72,7.81,5.03,34.18,2026-06-30,2026-06-30
Altoona,IA,"Des Moines-West Des Moines, IA",Polk County,322615.9962542491,-0.45,1435.9670329670328,NA,17231.604395604394,0.445,18.7,5.34,3.47,Moderate,22598,14.41,516185,4.69,12.01,5.87,5,32.93,2026-06-30,2026-06-30
Whitmore Lake,MI,"Ann Arbor, MI",Washtenaw County,367008.39788268646,2.07,1635,NA,19620,0.445,18.7,5.35,3.47,Moderate,NA,NA,NA,NA,NA,NA,NA,NA,2026-06-30,2026-06-30
Middlesex,NJ,"New York-Newark-Jersey City, NY-NJ-PA",Middlesex County,556523.5758105175,4.09,2475.6666666666665,NA,29708,0.445,18.7,5.34,3.47,Moderate,NA,NA,NA,NA,NA,NA,NA,NA,2026-06-30,2026-06-30
Waddell,AZ,"Phoenix-Mesa-Chandler, AZ",Maricopa County,514612.9705215231,-0.68,2288.472222222222,-1.45,27461.666666666664,0.445,18.7,5.34,3.47,Moderate,NA,NA,4673096,5.12,9.38,8.29,5.4,34.99,2026-06-30,2026-06-30
Blaine,WA,"Bellingham, WA",Whatcom County,545855.1682848475,-0.44,2428.7000000000003,1.09,29144.4,0.445,18.7,5.34,3.47,Moderate,6371,7.96,234954,3.3,9.58,9.34,3.08,36.47,2026-06-30,2026-06-30
Elmsford,NY,"New York-Newark-Jersey City, NY-NJ-PA",Westchester County,703003.3173606264,5.65,3130.694444444445,1.7,37568.333333333336,0.445,18.7,5.34,3.47,Moderate,5168,-1.64,1006447,0.5,6.23,5.51,2.35,37.8,2026-06-30,2026-06-30
Cle Elum,WA,"Ellensburg, WA",Kittitas County,598935.5451380037,0.71,2661,NA,31932,0.444,18.8,5.33,3.47,Moderate,NA,NA,NA,NA,NA,NA,NA,NA,2026-06-30,2026-06-30
Treasure Island,FL,"Tampa-St. Petersburg-Clearwater, FL",Pinellas County,523868.9521987036,-6.01,2329.305555555555,2.58,27951.666666666664,0.445,18.7,5.34,3.47,Moderate,6524,-0.78,965870,0.63,3.8,18.32,8.78,30.56,2026-06-30,2026-06-30
Richmond,VA,"Richmond, VA",Richmond City,379364.99275783147,2.08,1681.6850664197343,3.19,20180.22079703681,0.443,18.8,5.32,3.46,Moderate,233655,2.97,NA,NA,NA,NA,NA,NA,2026-06-30,2026-06-30
Traverse City,MI,"Traverse City, MI",Grand Traverse County,451363.57350974606,1.48,2005.0555555555557,3.63,24060.666666666668,0.444,18.8,5.33,3.46,Moderate,15782,0.69,96625,1.26,3.28,14.73,7.65,23.47,2026-06-30,2026-06-30
Woodland,CA,"Sacramento-Roseville-Folsom, CA",Yolo County,556779.5562136825,-1.27,2467.4574314574315,0.69,29609.48917748918,0.443,18.8,5.32,3.46,Moderate,62983,3.31,225251,3.44,8.98,6.01,4.8,46.44,2026-06-30,2026-06-30
Lancaster,SC,"Charlotte-Concord-Gastonia, NC-SC",Lancaster County,296839.44783766655,-1.16,1318.3333333333333,NA,15820,0.444,18.8,5.33,3.46,Moderate,NA,NA,NA,NA,NA,NA,NA,NA,2026-06-30,2026-06-30
Georgetown,KY,"Lexington-Fayette, KY",Scott County,343496.6524178747,4.22,1524.0696969696971,3.65,18288.836363636365,0.444,18.8,5.32,3.46,Moderate,40518,7.22,61700,7.24,13.79,5.21,1.28,27.85,2026-06-30,2026-06-30
Severn,MD,"Baltimore-Columbia-Towson, MD",Anne Arundel County,522551.7355667095,1.05,2315.5846153846155,2.08,27787.015384615384,0.443,18.8,5.32,3.46,Moderate,NA,NA,602350,1.51,0.69,4.79,5.5,25.04,2026-06-30,2026-06-30
Winona,MN,"Winona, MN",Winona County,264049.8962367324,3.34,1171.2,15.7,14054.400000000001,0.444,18.8,5.32,3.46,Moderate,26173,0.73,49973,0.61,6.74,6.78,3.76,31.25,2026-06-30,2026-06-30
Lemont,IL,"Chicago-Naperville-Elgin, IL-IN-WI",Cook County,592840.844815184,7.58,2628.3333333333335,NA,31540,0.443,18.8,5.32,3.46,Moderate,NA,NA,NA,NA,NA,NA,NA,NA,2026-06-30,2026-06-30
Dyersburg,TN,"Dyersburg, TN",Dyer County,170553.17008797268,-0.22,756.6666666666666,7.67,9080,0.444,18.8,5.32,3.46,Moderate,15915,-1.26,36403,-0.83,1.4,8.66,3.66,37.62,2026-06-30,2026-06-30
Castaic,CA,"Los Angeles-Long Beach-Anaheim, CA",Los Angeles County,806487.0719303385,-0.75,3575,NA,42900,0.443,18.8,5.32,3.46,Moderate,NA,NA,NA,NA,NA,NA,NA,NA,2026-06-30,2026-06-30
Charleston,IL,"Charleston-Mattoon, IL",Coles County,164471.231681324,6.94,729.6111111111112,NA,8755.333333333334,0.444,18.8,5.32,3.46,Moderate,NA,NA,NA,NA,NA,NA,NA,NA,2026-06-30,2026-06-30
Palmyra,PA,"Lebanon, PA",Lebanon County,355974.41814682406,4.85,1578.25,NA,18939,0.443,18.8,5.32,3.46,Moderate,7735,-1.11,145319,1.41,6.01,6.27,4.84,28.75,2026-06-30,2026-06-30
Rocky Hill,CT,"Hartford-East Hartford-Middletown, CT",Hartford County,418827.9161502034,4.25,1857.4102564102568,0.99,22288.92307692308,0.443,18.8,5.32,3.46,Moderate,NA,NA,NA,NA,NA,NA,NA,NA,2026-06-30,2026-06-30
Dexter,MI,"Ann Arbor, MI",Washtenaw County,518220.45765134366,3.83,2300,NA,27600,0.444,18.8,5.33,3.46,Moderate,NA,NA,NA,NA,NA,NA,NA,NA,2026-06-30,2026-06-30
Knoxville,IA,"Pella, IA",Marion County,212296.18713750053,1.63,940.8333333333334,0.8,11290,0.443,18.8,5.32,3.46,Moderate,7440,-1.77,34048,1.9,10.4,6.02,4.97,22.25,2026-06-30,2026-06-30
Audubon,NJ,"Philadelphia-Camden-Wilmington, PA-NJ-DE-MD",Camden County,391689.58361959714,1.71,1735,NA,20820,0.443,18.8,5.32,3.46,Moderate,NA,NA,NA,NA,NA,NA,NA,NA,2026-06-30,2026-06-30
La Grande,OR,"La Grande, OR",Union County,306704.94363421027,5.27,1359.1666666666667,NA,16310,0.443,18.8,5.32,3.46,Moderate,13058,0.4,26058,-0.42,5.3,7.89,1.69,35.42,2026-06-30,2026-06-30
Fairfield Harbour,NC,"New Bern, NC",Craven County,337741.15655827103,1.47,1500,NA,18000,0.444,18.8,5.33,3.46,Moderate,NA,NA,NA,NA,NA,NA,NA,NA,2026-06-30,2026-06-30
Modesto,CA,"Modesto, CA",Stanislaus County,449606.68607503385,-0.66,1986.2053592168577,0.46,23834.464310602292,0.442,18.9,5.3,3.45,Moderate,220592,0.86,556972,0.59,2.04,4.22,2.75,39,2026-06-30,2026-06-30
Fuquay Varina,NC,"Fayetteville, NC",Harnett County,443899.41540642193,-2.56,1962.8326071169208,1.71,23553.991285403048,0.442,18.8,5.31,3.45,Moderate,NA,NA,146096,9.26,25.57,10.01,8.1,30.51,2026-06-30,2026-06-30
Sierra Vista,AZ,"Sierra Vista-Douglas, AZ",Cochise County,302852.899646192,0.85,1340.6473700591348,2.26,16087.768440709617,0.443,18.8,5.31,3.45,Moderate,44710,-1.52,125773,0.19,9.76,14.9,5.32,29.5,2026-06-30,2026-06-30
Greeneville,TN,"Greeneville, TN",Greene County,252114.49987004753,2.43,1114.3849206349205,8.87,13372.619047619046,0.442,18.9,5.3,3.45,Moderate,15979,3.02,73398,4.34,17.97,13.48,8.49,24.09,2026-06-30,2026-06-30
Salem,MA,"Boston-Cambridge-Newton, MA-NH",Essex County,620748.0883156754,0.4,2742.4661093695577,1.61,32909.59331243469,0.442,18.9,5.3,3.45,Moderate,45677,4.6,823938,2,7.8,5.11,2.53,36.04,2026-06-30,2026-06-30
Eagle Mountain,UT,"Provo-Orem, UT",Utah County,512412.8504370111,0.07,2264.688034188034,2.88,27176.25641025641,0.442,18.9,5.3,3.45,Moderate,60575,35.77,747234,12.6,17.51,3.79,2.69,31.87,2026-06-30,2026-06-30
Havertown,PA,"Philadelphia-Camden-Wilmington, PA-NJ-DE-MD",Delaware County,553631.5041523447,4.5,2445.3333333333335,NA,29344,0.442,18.9,5.3,3.45,Moderate,NA,NA,584882,1.45,5.58,5.55,4.21,30.36,2026-06-30,2026-06-30
Neptune Township,NJ,"New York-Newark-Jersey City, NY-NJ-PA",Monmouth County,625758.762362769,4.52,2769.375,1.05,33232.5,0.443,18.8,5.31,3.45,Moderate,NA,NA,647520,0.74,2.8,7.24,3.49,24.63,2026-06-30,2026-06-30
Sanford,ME,"Portland-South Portland, ME",York County,380115.5815205541,0.61,1680.5555555555557,NA,20166.666666666668,0.442,18.8,5.31,3.45,Moderate,NA,NA,NA,NA,NA,NA,NA,NA,2026-06-30,2026-06-30
Newbury,MA,"Boston-Cambridge-Newton, MA-NH",Essex County,961796.658392936,2.54,4250,NA,51000,0.442,18.9,5.3,3.45,Moderate,NA,NA,NA,NA,NA,NA,NA,NA,2026-06-30,2026-06-30
Fort Oglethorpe,GA,"Chattanooga, TN-GA",Catoosa County,248198.4636268395,0.9,1097.2666666666669,NA,13167.200000000003,0.442,18.8,5.31,3.45,Moderate,10614,2.73,68940,1.37,6.4,7.55,4.75,24.92,2026-06-30,2026-06-30
Springdale,AR,"Fayetteville-Springdale-Rogers, AR",Washington County,342726.93412857084,3.93,1513.1999007936508,1.42,18158.39880952381,0.442,18.9,5.3,3.44,Moderate,89368,2.33,266184,7.86,10.41,7.47,4.52,44.44,2026-06-30,2026-06-30
Yuba City,CA,"Yuba City, CA",Sutter County,446422.49817521655,0.26,1967.2346320346321,2.85,23606.815584415584,0.441,18.9,5.29,3.44,Moderate,69148,-1.32,98545,-0.94,-2.01,4.16,1.45,40.82,2026-06-30,2026-06-30
Fond du Lac,WI,"Fond du Lac, WI",Fond du Lac County,268386.70838602656,4.56,1183.672619047619,9.88,14204.071428571428,0.441,18.9,5.29,3.44,Moderate,44469,-0.46,104269,0.11,2.49,6.3,5.83,29.65,2026-06-30,2026-06-30
Lancaster,OH,"Columbus, OH",Fairfield County,281080.72611002275,3.35,1240.1814814814811,3.62,14882.177777777773,0.441,18.9,5.29,3.44,Moderate,41671,2.56,167762,5.2,12.34,5.39,5.3,25.78,2026-06-30,2026-06-30
Piscataway,NJ,"New York-Newark-Jersey City, NY-NJ-PA",Middlesex County,605665.6559775479,2.32,2669.457905982906,2.12,32033.494871794872,0.441,18.9,5.29,3.44,Moderate,NA,NA,890119,3.33,12.92,3.48,2.61,36.53,2026-06-30,2026-06-30
Yorktown,VA,"Virginia Beach-Norfolk-Newport News, VA-NC",York County,487061.390161393,1.86,2148.689976689977,4.7,25784.279720279723,0.441,18.9,5.29,3.44,Moderate,NA,NA,71410,1.67,4.99,6.26,7.91,28.82,2026-06-30,2026-06-30
Hurst,TX,"Dallas-Fort Worth-Arlington, TX",Tarrant County,341011.39167562197,0.03,1504.5698529411766,1.98,18054.83823529412,0.441,18.9,5.29,3.44,Moderate,39500,-2.02,2230708,5.41,8.74,7.08,7.73,40.64,2026-06-30,2026-06-30
Woodstock,IL,"Chicago-Naperville-Elgin, IL-IN-WI",McHenry County,338605.9810262732,3.89,1491.8222222222223,NA,17901.86666666667,0.441,18.9,5.29,3.44,Moderate,25892,0.93,315959,1.93,5.95,3.55,3.04,17.42,2026-06-30,2026-06-30
Melrose Park,IL,"Chicago-Naperville-Elgin, IL-IN-WI",Cook County,324614.69496212644,4.98,1433.3333333333333,NA,17200,0.442,18.9,5.3,3.44,Moderate,23999,-2.86,5182617,-1.6,5.9,8.18,4.67,42.49,2026-06-30,2026-06-30
Farmers Branch,TX,"Dallas-Fort Worth-Arlington, TX",Dallas County,382129.2055359825,0.65,1684.1835616438357,-0.51,20210.202739726028,0.441,18.9,5.29,3.44,Moderate,37341,3.09,2656028,1.73,0.15,7.76,8.95,49.22,2026-06-30,2026-06-30
Lisle,IL,"Chicago-Naperville-Elgin, IL-IN-WI",DuPage County,439364.80843496375,3.5,1938.9466666666667,4.42,23267.36,0.441,18.9,5.3,3.44,Moderate,23548,-0.49,937142,0.6,5.3,4.53,5.6,26.87,2026-06-30,2026-06-30
Lexington Park,MD,"California-Lexington Park, MD",Saint Marys County,392147.6177325042,3.25,1727.6772247360484,-1.65,20732.12669683258,0.441,18.9,5.29,3.44,Moderate,NA,NA,NA,NA,NA,NA,NA,NA,2026-06-30,2026-06-30
Truckee,CA,"Truckee-Grass Valley, CA",Nevada County,1030166.5032894304,0.33,4537.694444444444,4.34,54452.33333333333,0.44,18.9,5.29,3.44,Moderate,17240,2.81,102195,-0.07,4.94,22.43,3.91,25.56,2026-06-30,2026-06-30
Laconia,NH,"Laconia, NH",Belknap County,447826.4873717013,2.27,1973.625,20.12,23683.5,0.441,18.9,5.29,3.44,Moderate,17310,2.49,65257,2.33,9.09,32.54,2.11,21.31,2026-06-30,2026-06-30
Saddle Brook,NJ,"New York-Newark-Jersey City, NY-NJ-PA",Bergen County,675829.0369339442,4.12,2979.444444444444,NA,35753.33333333333,0.441,18.9,5.29,3.44,Moderate,NA,NA,978641,2.61,10.38,4.13,3.53,34.64,2026-06-30,2026-06-30
Middleton,ID,"Boise City, ID",Canyon County,507802.6066878095,0.94,2242.222222222222,NA,26906.666666666664,0.442,18.9,5.3,3.44,Moderate,NA,NA,NA,NA,NA,NA,NA,NA,2026-06-30,2026-06-30
Little Falls,NJ,"New York-Newark-Jersey City, NY-NJ-PA",Passaic County,625989.4461455796,3.63,2763.5,NA,33162,0.441,18.9,5.3,3.44,Moderate,NA,NA,NA,NA,NA,NA,NA,NA,2026-06-30,2026-06-30
Isanti,MN,"Minneapolis-St. Paul-Bloomington, MN-WI",Isanti County,337786.44009630877,2.3,1491.6666666666667,NA,17900,0.442,18.9,5.3,3.44,Moderate,NA,NA,NA,NA,NA,NA,NA,NA,2026-06-30,2026-06-30
Moseley,VA,"Richmond, VA",Chesterfield County,629328.6625842246,1.83,2778.75,NA,33345,0.442,18.9,5.3,3.44,Moderate,NA,NA,NA,NA,NA,NA,NA,NA,2026-06-30,2026-06-30
Syracuse,IN,"Warsaw, IN",Kosciusko County,385813.51480021374,6.78,1700,NA,20400,0.441,18.9,5.29,3.44,Moderate,NA,NA,NA,NA,NA,NA,NA,NA,2026-06-30,2026-06-30
Closter,NJ,"New York-Newark-Jersey City, NY-NJ-PA",Bergen County,1208549.438902097,7.16,5333.333333333333,NA,64000,0.441,18.9,5.3,3.44,Moderate,NA,NA,NA,NA,NA,NA,NA,NA,2026-06-30,2026-06-30
Conifer,CO,"Denver-Aurora-Lakewood, CO",Jefferson County,760679.1045049933,-3.67,3357.5,NA,40290,0.441,18.9,5.3,3.44,Moderate,NA,NA,NA,NA,NA,NA,NA,NA,2026-06-30,2026-06-30
Boston,MA,"Boston-Cambridge-Newton, MA-NH",Suffolk County,788881.2802137071,-1.34,3469.070594145843,2.89,41628.84712975012,0.44,19,5.28,3.43,Moderate,673458,-0.31,793144,-0.51,10.02,8.97,4.43,63.39,2026-06-30,2026-06-30
Downers Grove,IL,"Chicago-Naperville-Elgin, IL-IN-WI",DuPage County,514191.1553410925,6.22,2264.3567810457516,3.52,27172.28137254902,0.44,18.9,5.28,3.43,Moderate,50552,0.74,937142,0.6,5.3,4.53,5.6,26.87,2026-06-30,2026-06-30
El Centro,CA,"El Centro, CA",Imperial County,390913.7079159391,7.51,1719.4444444444443,NA,20633.333333333332,0.44,18.9,5.28,3.43,Moderate,NA,NA,NA,NA,NA,NA,NA,NA,2026-06-30,2026-06-30
Camp Hill,PA,"Harrisburg-Carlisle, PA",Cumberland County,339637.1326905236,4.14,1491.4708994708997,3.01,17897.650793650795,0.439,19,5.27,3.43,Moderate,8231,1.4,275516,5.86,13.9,4.61,1.99,28.63,2026-06-30,2026-06-30
Drexel Hill,PA,"Philadelphia-Camden-Wilmington, PA-NJ-DE-MD",Delaware County,327832.4083356007,2.1,1442.0238095238094,7.05,17304.285714285714,0.44,18.9,5.28,3.43,Moderate,NA,NA,584882,1.45,5.58,5.55,4.21,30.36,2026-06-30,2026-06-30
New Castle,IN,"New Castle, IN",Henry County,171867.5156515511,1.61,755.8333333333334,-1,9070,0.44,18.9,5.28,3.43,Moderate,17382,-0.11,49081,0.35,5.42,11.96,6.27,24.06,2026-06-30,2026-06-30
Carteret,NJ,"New York-Newark-Jersey City, NY-NJ-PA",Middlesex County,564361.4985545584,5.41,2483.047222222222,0.08,29796.566666666666,0.44,18.9,5.28,3.43,Moderate,26003,2.79,890119,3.33,12.92,3.48,2.61,36.53,2026-06-30,2026-06-30
Pendleton,OR,"Hermiston-Pendleton, OR",Umatilla County,305642.9067224124,2.47,1342.642857142857,1.66,16111.714285714286,0.439,19,5.27,3.43,Moderate,17026,0.11,80491,0.75,8.6,11.04,5.28,32.86,2026-06-30,2026-06-30
Telford,PA,"Philadelphia-Camden-Wilmington, PA-NJ-DE-MD",Montgomery County,448495.5718458411,1.77,1970,NA,23640,0.439,19,5.27,3.43,Moderate,NA,NA,NA,NA,NA,NA,NA,NA,2026-06-30,2026-06-30
Rockport,TX,"Rockport, TX",Aransas County,308877.4339032659,-4.85,1358.2777777777776,-0.17,16299.333333333332,0.44,19,5.28,3.43,Moderate,11069,8.97,25595,6.92,17.97,25.69,1.8,22.33,2026-06-30,2026-06-30
Montoursville,PA,"Williamsport, PA",Lycoming County,294520.58187587775,4.56,1293.75,NA,15525,0.439,19,5.27,3.43,Moderate,NA,NA,NA,NA,NA,NA,NA,NA,2026-06-30,2026-06-30
Waynesville,MO,"Fort Leonard Wood, MO",Pulaski County,250591.0144360011,4.7,1101.7083333333333,6.57,13220.5,0.44,19,5.28,3.43,Moderate,5493,1.2,53964,-0.14,-2.78,15.17,11.48,40.59,2026-06-30,2026-06-30
Pleasant Hill,IA,"Des Moines-West Des Moines, IA",Polk County,306187.27067849255,0.34,1346.111111111111,6.27,16153.333333333332,0.44,19,5.28,3.43,Moderate,11942,17.48,516185,4.69,12.01,5.87,5,32.93,2026-06-30,2026-06-30
Carolina Beach,NC,"Wilmington, NC",New Hanover County,611973.8638742968,0.22,2691.222222222222,10.74,32294.666666666664,0.44,18.9,5.28,3.43,Moderate,NA,NA,NA,NA,NA,NA,NA,NA,2026-06-30,2026-06-30
Nolanville,TX,"Killeen-Temple, TX",Bell County,309298.05820510746,-1.2,1361,NA,16332,0.44,18.9,5.28,3.43,Moderate,NA,NA,NA,NA,NA,NA,NA,NA,2026-06-30,2026-06-30
Saint Charles,MO,"St. Louis, MO-IL",Saint Charles County,353187.34931850265,1.96,1549.5809523809523,3.55,18594.97142857143,0.439,19,5.26,3.42,Moderate,NA,NA,NA,NA,NA,NA,NA,NA,2026-06-30,2026-06-30
Springfield,VA,"Washington-Arlington-Alexandria, DC-VA-MD-WV",Fairfax County,717079.6174232732,-0.32,3142.1532567049812,1.65,37705.83908045977,0.438,19,5.26,3.42,Moderate,NA,NA,1160925,1.07,6.94,3.66,4.16,31.65,2026-06-30,2026-06-30
Cicero,IL,"Chicago-Naperville-Elgin, IL-IN-WI",Cook County,280419.16921355756,3.53,1228.5436507936508,7.54,14742.52380952381,0.438,19,5.26,3.42,Moderate,82090,-3.33,5182617,-1.6,5.9,8.18,4.67,42.49,2026-06-30,2026-06-30
Winchester,VA,"Winchester, VA-WV",Frederick County,406745.9794476398,1.55,1784.687417654809,4.98,21416.249011857708,0.439,19,5.27,3.42,Moderate,27800,-0.72,98109,6.75,18.52,6.22,3.38,21.98,2026-06-30,2026-06-30
Wylie,TX,"Dallas-Fort Worth-Arlington, TX",Collin County,423647.0134234334,-6.33,1858.8885816692264,-0.64,22306.662980030716,0.439,19,5.27,3.42,Moderate,62954,8.76,1254658,16.64,31.61,5.16,6.55,35.92,2026-06-30,2026-06-30
Oak Park,IL,"Chicago-Naperville-Elgin, IL-IN-WI",Cook County,492875.6410383892,10.67,2160.3098726670155,5.49,25923.718472004184,0.438,19,5.26,3.42,Moderate,52947,-2.98,5182617,-1.6,5.9,8.18,4.67,42.49,2026-06-30,2026-06-30
Evans,GA,"Augusta-Richmond County, GA-SC",Columbia County,410144.0531859645,1.15,1799.1724867724868,0.73,21590.06984126984,0.439,19,5.26,3.42,Moderate,NA,NA,167472,6.76,9.29,13.79,10.72,21.51,2026-06-30,2026-06-30
Fitchburg,MA,"Worcester, MA-CT",Worcester County,409829.7076383699,1.8,1798.5,7.05,21582,0.439,19,5.27,3.42,Moderate,42145,1.14,881248,2.82,8.7,5.7,3.41,34.33,2026-06-30,2026-06-30
Oakville,MO,"St. Louis, MO-IL",Saint Louis County,372536.0113990015,3.28,1633.3333333333337,NA,19600.000000000004,0.438,19,5.26,3.42,Moderate,NA,NA,NA,NA,NA,NA,NA,NA,2026-06-30,2026-06-30
Elk Grove Village,IL,"Chicago-Naperville-Elgin, IL-IN-WI",Cook County,406674.6945079512,5.76,1781.1555555555558,1.1,21373.86666666667,0.438,19,5.26,3.42,Moderate,31802,-2.74,5182617,-1.6,5.9,8.18,4.67,42.49,2026-06-30,2026-06-30
Johnston,RI,"Providence-Warwick, RI-MA",Providence County,460113.3871441071,1.24,2018.611111111111,NA,24223.333333333332,0.439,19,5.26,3.42,Moderate,NA,NA,NA,NA,NA,NA,NA,NA,2026-06-30,2026-06-30
Lochearn,MD,"Baltimore-Columbia-Towson, MD",Baltimore County,321996.95337543165,2.06,1411.4472934472935,5.29,16937.367521367523,0.438,19,5.26,3.42,Moderate,NA,NA,852425,-0.11,3.96,5.75,5.61,33.67,2026-06-30,2026-06-30
Shoreview,MN,"Minneapolis-St. Paul-Bloomington, MN-WI",Ramsey County,421512.3262201757,2.11,1847.7931561996784,4.8,22173.51787439614,0.438,19,5.26,3.42,Moderate,26939,0.07,542015,-1.76,3.41,5.41,6.16,38.97,2026-06-30,2026-06-30
Gardner,KS,"Kansas City, MO-KS",Johnson County,357383.7549127808,3.43,1568.955451955452,-1.16,18827.465423465423,0.439,19,5.27,3.42,Moderate,25836,10.28,632276,3.45,6.72,4.13,5,31.44,2026-06-30,2026-06-30
Avon,OH,"Cleveland-Elyria, OH",Lorain County,484807.6148322639,5.02,2125.3333333333335,NA,25504,0.438,19,5.26,3.42,Moderate,25573,2.56,322030,2.71,9.62,7.17,7.76,26.3,2026-06-30,2026-06-30
Arnold,MD,"Baltimore-Columbia-Towson, MD",Anne Arundel County,610070.0564585127,2.04,2676.6,4.61,32119.199999999997,0.439,19,5.26,3.42,Moderate,NA,NA,602350,1.51,0.69,4.79,5.5,25.04,2026-06-30,2026-06-30
Jessup,MD,"Baltimore-Columbia-Towson, MD",Howard County,522491.71329162194,-0.53,2290.1666666666665,2.48,27482,0.438,19,5.26,3.42,Moderate,NA,NA,339668,2.06,3.73,3.55,5.06,28.29,2026-06-30,2026-06-30
Concord,MO,"St. Louis, MO-IL",Saint Louis County,344167.36600862164,3.82,1509.6666666666667,NA,18116,0.439,19,5.26,3.42,Moderate,NA,NA,NA,NA,NA,NA,NA,NA,2026-06-30,2026-06-30
South Hadley,MA,"Springfield, MA",Hampshire County,392607.920691714,0,1723.75,NA,20685,0.439,19,5.27,3.42,Moderate,NA,NA,NA,NA,NA,NA,NA,NA,2026-06-30,2026-06-30
North Myrtle Beach,SC,"Myrtle Beach-Conway-North Myrtle Beach, SC-NC",Horry County,397671.373463712,-0.71,1744.7619047619046,16.05,20937.142857142855,0.439,19,5.26,3.42,Moderate,20798,9.9,413391,16.85,39.46,28.98,22.81,24.16,2026-06-30,2026-06-30
Madison,GA,"Atlanta-Sandy Springs-Alpharetta, GA",Morgan County,441183.3442340316,4.11,1935,NA,23220,0.439,19,5.26,3.42,Moderate,NA,NA,NA,NA,NA,NA,NA,NA,2026-06-30,2026-06-30
Harahan,LA,"New Orleans-Metairie, LA",Jefferson Parish,322389.80733282253,5.35,1414.611111111111,0.86,16975.333333333332,0.439,19,5.27,3.42,Moderate,8819,-3.07,427253,-2.84,2.2,8.82,5.5,37.69,2026-06-30,2026-06-30
Waretown,NJ,"New York-Newark-Jersey City, NY-NJ-PA",Ocean County,563078.4596308899,4.04,2466.666666666667,NA,29600.000000000004,0.438,19,5.26,3.42,Moderate,NA,NA,NA,NA,NA,NA,NA,NA,2026-06-30,2026-06-30
Idyllwild,CA,"Riverside-San Bernardino-Ontario, CA",Riverside County,470310.39823618886,-4.16,2064.444444444445,NA,24773.333333333336,0.439,19,5.27,3.42,Moderate,NA,NA,NA,NA,NA,NA,NA,NA,2026-06-30,2026-06-30
Charlotte,NC,"Charlotte-Concord-Gastonia, NC-SC",Mecklenburg County,399434.3546498916,-1.1,1745.7658527125816,0.21,20949.19023255098,0.437,19.1,5.24,3.41,Moderate,943476,7.83,1206285,8.06,18.3,7.37,7.33,44.5,2026-06-30,2026-06-30
Tucson,AZ,"Tucson, AZ",Pima County,325520.365222863,-2.16,1424.6460963323898,0.76,17095.753155988677,0.438,19,5.25,3.41,Moderate,554013,2.09,1080149,3.34,11.47,9.34,5.65,35.19,2026-06-30,2026-06-30
Washington,DC,"Washington-Arlington-Alexandria, DC-VA-MD-WV",District of Columbia,579158.7226661956,-2.34,2532.1927194463738,-0.88,30386.312633356487,0.437,19.1,5.25,3.41,Moderate,702250,4.67,702250,4.67,17.32,9.7,6.94,58.86,2026-06-30,2026-06-30
Newark,NJ,"New York-Newark-Jersey City, NY-NJ-PA",Essex County,486844.728942066,-1.8,2129.9195142051617,0.51,25559.034170461942,0.437,19,5.25,3.41,Moderate,317303,2.14,881527,2.5,15.1,5.39,2.7,55.47,2026-06-30,2026-06-30
Dubuque,IA,"Dubuque, IA",Dubuque County,253885.6024123913,5.52,1110.3796296296296,3.76,13324.555555555555,0.437,19.1,5.25,3.41,Moderate,58987,-1.12,99242,-0.07,2.52,5.62,5.38,26.83,2026-06-30,2026-06-30
Coatesville,PA,"Philadelphia-Camden-Wilmington, PA-NJ-DE-MD",Chester County,395010.0543274762,3.68,1725.2547619047618,3.02,20703.057142857142,0.437,19.1,5.24,3.41,Moderate,13390,0.44,560745,4.84,7.29,3.95,3.98,25.05,2026-06-30,2026-06-30
Randolph,MA,"Boston-Cambridge-Newton, MA-NH",Norfolk County,600384.8798642358,2.26,2626.803703703704,5.38,31521.644444444446,0.438,19,5.25,3.41,Moderate,NA,NA,740754,2.35,9.81,4.09,3.95,31.48,2026-06-30,2026-06-30
Princeton,WV,"Bluefield, WV-VA",Mercer County,179901.08083596476,0.58,787.5,9.86,9450,0.438,19,5.25,3.41,Moderate,5595,-4.52,57524,-3.35,-1.29,16.84,4.21,30.26,2026-06-30,2026-06-30
Surfside Beach,SC,"Myrtle Beach-Conway-North Myrtle Beach, SC-NC",Horry County,360899.74789064174,0.84,1578.4,2.01,18940.800000000003,0.437,19.1,5.25,3.41,Moderate,4368,5,413391,16.85,39.46,28.98,22.81,24.16,2026-06-30,2026-06-30
Easthampton,MA,"Springfield, MA",Hampshire County,445295.7954135789,2.38,1947.5,NA,23370,0.437,19.1,5.25,3.41,Moderate,NA,NA,NA,NA,NA,NA,NA,NA,2026-06-30,2026-06-30
Bremen,GA,"Atlanta-Sandy Springs-Alpharetta, GA",Haralson County,296094.36901033093,1.61,1295,NA,15540,0.437,19.1,5.25,3.41,Moderate,NA,NA,NA,NA,NA,NA,NA,NA,2026-06-30,2026-06-30
Leicester,NC,"Asheville, NC",Buncombe County,434177.8757484107,-3.21,1900,NA,22800,0.438,19,5.25,3.41,Moderate,NA,NA,NA,NA,NA,NA,NA,NA,2026-06-30,2026-06-30
Newport,OR,"Newport, OR",Lincoln County,455820.7189751139,0.33,1995.5555555555552,NA,23946.666666666664,0.438,19,5.25,3.41,Moderate,10833,5.14,51212,1.38,6.7,29.48,8.28,28.63,2026-06-30,2026-06-30
Boone,IA,"Ames, IA",Boone County,216918.4486994128,3.1,947.1944444444443,NA,11366.333333333332,0.437,19.1,5.24,3.41,Moderate,12461,0.1,26729,0.1,7.97,8.91,10.5,18.95,2026-06-30,2026-06-30
Fergus Falls,MN,"Fergus Falls, MN",Otter Tail County,209070.48713617612,5.46,914.4444444444443,NA,10973.333333333332,0.437,19.1,5.25,3.41,Moderate,NA,NA,NA,NA,NA,NA,NA,NA,2026-06-30,2026-06-30
Fairfield,IA,"Fairfield, IA",Jefferson County,161996.8232786937,3.62,707.25,NA,8487,0.437,19.1,5.24,3.41,Moderate,NA,NA,NA,NA,NA,NA,NA,NA,2026-06-30,2026-06-30
Midlothian,VA,"Richmond, VA",Chesterfield County,475870.8667238354,2.09,2072.3093939393943,4.37,24867.71272727273,0.435,19.1,5.23,3.4,Moderate,NA,NA,389793,6.69,10.05,3.91,4.88,22.7,2026-06-30,2026-06-30
Euless,TX,"Dallas-Fort Worth-Arlington, TX",Tarrant County,359526.6436527991,-0.81,1567.1619462599856,0.44,18805.943355119827,0.436,19.1,5.23,3.4,Moderate,60010,-1.75,2230708,5.41,8.74,7.08,7.73,40.64,2026-06-30,2026-06-30
Bay Shore,NY,"New York-Newark-Jersey City, NY-NJ-PA",Suffolk County,663766.7305048837,2.97,2895.801587301588,-0.97,34749.61904761905,0.436,19.1,5.24,3.4,Moderate,NA,NA,1535909,0.9,2.22,11.64,3.67,18.09,2026-06-30,2026-06-30
Canon City,CO,"Ca±on City, CO",Fremont County,335543.6875564549,-1.77,1460.873015873016,0,17530.47619047619,0.435,19.1,5.22,3.4,Moderate,NA,NA,50093,2.46,-0.14,13.47,2.31,23.85,2026-06-30,2026-06-30
Springboro,OH,"Cincinnati, OH-KY-IN",Warren County,436049.7553910951,0.54,1902.4023809523808,NA,22828.82857142857,0.436,19.1,5.24,3.4,Moderate,19646,2.66,256059,5.27,8.42,4.87,6.12,20.4,2026-06-30,2026-06-30
Marina,CA,"Salinas, CA",Monterey County,873614.2130580657,-1.58,3804.404761904762,4.65,45652.857142857145,0.435,19.1,5.23,3.4,Moderate,23047,3,436251,-0.97,-4.66,8.72,2.33,47.72,2026-06-30,2026-06-30
West Saint Paul,MN,"Minneapolis-St. Paul-Bloomington, MN-WI",Dakota County,327720.64497113513,3.7,1428.3088972431078,1.92,17139.706766917294,0.436,19.1,5.23,3.4,Moderate,NA,NA,453156,2.89,6.72,2.73,3.92,24.65,2026-06-30,2026-06-30
North Palm Beach,FL,"Miami-Fort Lauderdale-Pompano Beach, FL",Palm Beach County,630042.5149968796,-1.25,2747.5217948717946,2.11,32970.261538461535,0.436,19.1,5.23,3.4,Moderate,13423,2.14,1582055,5.87,15.98,16.36,6.94,30.14,2026-06-30,2026-06-30
North Smithfield,RI,"Providence-Warwick, RI-MA",Providence County,526088.8041992193,1.83,2292.5,NA,27510,0.436,19.1,5.23,3.4,Moderate,NA,NA,675912,2.4,11.33,7.44,4.46,43.38,2026-06-30,2026-06-30
Belle Haven,VA,"Washington-Arlington-Alexandria, DC-VA-MD-WV",Fairfax County,524070.2787529924,-0.17,2283.7999999999997,2.86,27405.6,0.436,19.1,5.23,3.4,Moderate,536,-0.56,1160925,1.07,6.94,3.66,4.16,31.65,2026-06-30,2026-06-30
Hemet,CA,"Riverside-San Bernardino-Ontario, CA",Riverside County,445920.5808123956,-0.06,1938.6772946859903,0.2,23264.127536231885,0.435,19.2,5.22,3.39,Moderate,92912,3.38,2529933,4.34,7.33,11.37,4.89,31.14,2026-06-30,2026-06-30
Gainesville,GA,"Gainesville, GA",Hall County,376186.6806682691,-1.38,1635.15503875969,1.63,19621.86046511628,0.435,19.2,5.22,3.39,Moderate,47712,13.06,221745,9.01,11.78,10.06,4.34,31.13,2026-06-30,2026-06-30
Kennesaw,GA,"Atlanta-Sandy Springs-Alpharetta, GA",Cobb County,408706.8789167628,-3.11,1774.2748106783758,1.51,21291.29772814051,0.434,19.2,5.21,3.39,Moderate,37740,13.09,787538,2.76,2.77,5.82,5.06,33.01,2026-06-30,2026-06-30
Williamsburg,VA,"Virginia Beach-Norfolk-Newport News, VA-NC",James City County,473283.4939884877,1.02,2057.713305254371,4.9,24692.559663052452,0.435,19.2,5.22,3.39,Moderate,16030,3.6,82797,5.49,7.56,8.86,10.28,21.15,2026-06-30,2026-06-30
Cranston,RI,"Providence-Warwick, RI-MA",Providence County,462628.9449585487,0.39,2009.485042735043,5.33,24113.820512820515,0.434,19.2,5.21,3.39,Moderate,84448,2.02,675912,2.4,11.33,7.44,4.46,43.38,2026-06-30,2026-06-30
Everett,MA,"Boston-Cambridge-Newton, MA-NH",Middlesex County,648249.552345734,1.44,2815.16918767507,2.2,33782.03025210084,0.434,19.2,5.21,3.39,Moderate,51825,5.86,1668956,2.54,11.63,4.52,2.96,38.37,2026-06-30,2026-06-30
Mount Pleasant,MI,"Mount Pleasant, MI",Isabella County,232395.0435157568,6.59,1009.5833333333334,9.39,12115,0.434,19.2,5.21,3.39,Moderate,NA,NA,NA,NA,NA,NA,NA,NA,2026-06-30,2026-06-30
Fenton,MO,"St. Louis, MO-IL",Saint Louis County,360597.84080808144,4.05,1565.3452380952378,6.09,18784.142857142855,0.434,19.2,5.21,3.39,Moderate,4073,-1,NA,NA,NA,NA,NA,NA,2026-06-30,2026-06-30
Taylors,SC,"Greenville-Anderson, SC",Greenville County,315965.6242524512,1.86,1372.3748931623932,2.42,16468.498717948718,0.434,19.2,5.21,3.39,Moderate,NA,NA,570745,8.25,17.14,7.49,6.9,31.24,2026-06-30,2026-06-30
Lanham Seabrook,MD,"Washington-Arlington-Alexandria, DC-VA-MD-WV",Prince Georges County,445980.09763605753,-1.07,1940.0030303030303,0.82,23280.03636363636,0.435,19.2,5.22,3.39,Moderate,NA,NA,NA,NA,NA,NA,NA,NA,2026-06-30,2026-06-30
Stevens Point,WI,"Stevens Point, WI",Portage County,293101.95584926504,8.69,1274.777777777778,0.59,15297.333333333336,0.435,19.2,5.22,3.39,Moderate,26465,2.95,72040,2.31,8.66,5.91,4.14,30.68,2026-06-30,2026-06-30
Sanger,CA,"Fresno, CA",Fresno County,415499.3427157884,2.27,1808.0555555555557,NA,21696.666666666668,0.435,19.2,5.22,3.39,Moderate,NA,NA,NA,NA,NA,NA,NA,NA,2026-06-30,2026-06-30
Sugar Hill,GA,"Atlanta-Sandy Springs-Alpharetta, GA",Gwinnett County,461406.9475081665,-3.36,2006.5415053763445,0.57,24078.498064516134,0.435,19.2,5.22,3.39,Moderate,28598,13.78,1003869,4.75,5.96,3.94,4.99,33.31,2026-06-30,2026-06-30
Libertyville,IL,"Chicago-Naperville-Elgin, IL-IN-WI",Lake County,638262.2602455156,7.35,2775.777777777778,9.85,33309.333333333336,0.435,19.2,5.22,3.39,Moderate,NA,NA,NA,NA,NA,NA,NA,NA,2026-06-30,2026-06-30
Mountain Home,ID,"Mountain Home, ID",Elmore County,363603.91870897176,1.16,1581.8888888888887,6.13,18982.666666666664,0.435,19.2,5.22,3.39,Moderate,16912,5.22,29729,3.66,-7.16,10.85,0.13,34.67,2026-06-30,2026-06-30
Indianola,IA,"Des Moines-West Des Moines, IA",Warren County,317948.9607907569,3.01,1381.6666666666667,NA,16580,0.435,19.2,5.21,3.39,Moderate,NA,NA,NA,NA,NA,NA,NA,NA,2026-06-30,2026-06-30
Harrison,NJ,"New York-Newark-Jersey City, NY-NJ-PA",Hudson County,595421.9519600379,1.18,2589.34494834971,0.5,31072.139380196524,0.435,19.2,5.22,3.39,Moderate,22182,13.86,736185,1.98,14.43,6.78,4.46,68.82,2026-06-30,2026-06-30
Colonia,NJ,"New York-Newark-Jersey City, NY-NJ-PA",Middlesex County,651562.9246717535,3.62,2835.8333333333335,NA,34030,0.435,19.1,5.22,3.39,Moderate,NA,NA,890119,3.33,12.92,3.48,2.61,36.53,2026-06-30,2026-06-30
Gambrills,MD,"Baltimore-Columbia-Towson, MD",Anne Arundel County,622836.8494541316,0.82,2707.5833333333335,-0.31,32491,0.435,19.2,5.22,3.39,Moderate,NA,NA,602350,1.51,0.69,4.79,5.5,25.04,2026-06-30,2026-06-30
Red Bank,TN,"Chattanooga, TN-GA",Hamilton County,316195.5647983323,-2.07,1373.7380952380954,-1.33,16484.857142857145,0.434,19.2,5.21,3.39,Moderate,12073,1.23,386256,4.99,11.65,8.63,4.18,35.65,2026-06-30,2026-06-30
Newmarket,NH,"Boston-Cambridge-Newton, MA-NH",Rockingham County,571668.1293417038,4.54,2487.5,NA,29850,0.435,19.2,5.22,3.39,Moderate,NA,NA,NA,NA,NA,NA,NA,NA,2026-06-30,2026-06-30
Westworth Village,TX,"Dallas-Fort Worth-Arlington, TX",Tarrant County,350169.5251528206,-2.45,1522,7.36,18264,0.435,19.2,5.22,3.39,Moderate,2717,4.94,2230708,5.41,8.74,7.08,7.73,40.64,2026-06-30,2026-06-30
Clifton,NJ,"New York-Newark-Jersey City, NY-NJ-PA",Passaic County,616095.8961033663,3.6,2668.3141025641025,2.73,32019.76923076923,0.433,19.2,5.2,3.38,Moderate,90322,0.83,526597,0.6,7.33,4.03,2.2,47.17,2026-06-30,2026-06-30
Casper,WY,"Casper, WY",Natrona County,314485.36146739975,1.5,1362.5553830227743,0.73,16350.664596273291,0.433,19.2,5.2,3.38,Moderate,58823,-0.83,80410,0.14,4.71,10.29,6.85,26.43,2026-06-30,2026-06-30
Asheboro,NC,"Greensboro-High Point, NC",Randolph County,246496.86728874384,2.63,1068.716931216931,3.24,12824.603174603173,0.434,19.2,5.2,3.38,Moderate,27928,2.51,148389,2.76,6.31,8.91,2.98,27.33,2026-06-30,2026-06-30
Shakopee,MN,"Minneapolis-St. Paul-Bloomington, MN-WI",Scott County,412596.86701588286,1.23,1787.594987228608,3.48,21451.139846743295,0.433,19.2,5.2,3.38,Moderate,48401,9.82,157206,3.87,2.74,2.6,1.89,15.7,2026-06-30,2026-06-30
Moorhead,MN,"Fargo, ND-MN",Clay County,290230.1344517464,2.11,1257.925925925926,3.51,15095.111111111113,0.433,19.2,5.2,3.38,Moderate,45726,2.65,66848,2.28,8.56,4.78,7.37,33.36,2026-06-30,2026-06-30
Collegeville,PA,"Philadelphia-Camden-Wilmington, PA-NJ-DE-MD",Montgomery County,586420.1501029079,1.76,2541.4667184667182,4.47,30497.60062160062,0.433,19.2,5.2,3.38,Moderate,5308,5.23,879190,2.6,7.92,4.35,5.68,28.27,2026-06-30,2026-06-30
Lutherville Timonium,MD,"Baltimore-Columbia-Towson, MD",Baltimore County,516837.18060611654,1.37,2239.759259259259,3.15,26877.11111111111,0.433,19.2,5.2,3.38,Moderate,NA,NA,852425,-0.11,3.96,5.75,5.61,33.67,2026-06-30,2026-06-30
Park Ridge,IL,"Chicago-Naperville-Elgin, IL-IN-WI",Cook County,599416.7790196842,8.27,2598.230158730159,NA,31178.76190476191,0.433,19.2,5.2,3.38,Moderate,38445,-2.68,5182617,-1.6,5.9,8.18,4.67,42.49,2026-06-30,2026-06-30
Sidney,OH,"Sidney, OH",Shelby County,219807.7397288566,8.32,951.3333333333334,NA,11416,0.433,19.3,5.19,3.38,Moderate,NA,NA,NA,NA,NA,NA,NA,NA,2026-06-30,2026-06-30
East Wenatchee,WA,"Wenatchee, WA",Douglas County,518972.6779621318,2.32,2246.5,4.48,26958,0.433,19.3,5.19,3.38,Moderate,14330,1.45,45795,6.42,13.84,11.36,2.63,31.59,2026-06-30,2026-06-30
Evans,CO,"Greeley, CO",Weld County,397143.7191420093,-1.57,1722.7777777777776,0.48,20673.333333333332,0.434,19.2,5.21,3.38,Moderate,22394,0.46,369745,11.55,19.05,4.01,5.91,24.45,2026-06-30,2026-06-30
Corinth,TX,"Dallas-Fort Worth-Arlington, TX",Denton County,415406.2308167528,-2.98,1798.045648795649,1.62,21576.547785547787,0.433,19.3,5.19,3.38,Moderate,24450,7.44,1045120,14.28,23.72,4.75,5.09,34.63,2026-06-30,2026-06-30
Fulshear,TX,"Houston-The Woodlands-Sugar Land, TX",Fort Bend County,505101.79343136697,-2.58,2185.755816170862,-1.77,26229.069794050345,0.433,19.3,5.19,3.38,Moderate,54629,210.09,958434,15.57,27.37,4.23,6.33,22.52,2026-06-30,2026-06-30
Dobbs Ferry,NY,"New York-Newark-Jersey City, NY-NJ-PA",Westchester County,1028822.0657209104,10.27,4459.916666666667,23.16,53519,0.433,19.2,5.2,3.38,Moderate,11513,0.33,1006447,0.5,6.23,5.51,2.35,37.8,2026-06-30,2026-06-30
Savoy,IL,"Champaign-Urbana, IL",Champaign County,358768.9031142385,3.89,1556.5833333333333,NA,18679,0.434,19.2,5.21,3.38,Moderate,9260,4.46,212374,2.97,9.8,11.21,10.06,46.55,2026-06-30,2026-06-30
Belleville,MI,"Detroit-Warren-Dearborn, MI",Wayne County,316727.4736366234,5.44,1371.7075757575756,6.14,16460.490909090906,0.433,19.2,5.2,3.38,Moderate,3874,-3,1771063,-1.04,3.75,12.9,4.58,35.52,2026-06-30,2026-06-30
Woodbridge,VA,"Washington-Arlington-Alexandria, DC-VA-MD-WV",Prince William County,507905.5352395929,0.21,2194.539766081871,-0.46,26334.477192982456,0.432,19.3,5.18,3.37,Moderate,NA,NA,497003,2.93,3.17,3.52,5.04,25.62,2026-06-30,2026-06-30
Antioch,CA,"San Francisco-Oakland-Berkeley, CA",Contra Costa County,596319.748210508,-2.7,2575.23745819398,1.26,30902.849498327756,0.432,19.3,5.18,3.37,Moderate,118453,2.66,1172607,0.55,6.48,3.5,2.91,32.35,2026-06-30,2026-06-30
Noblesville,IN,"Indianapolis-Carmel-Anderson, IN",Hamilton County,397221.212083318,2.09,1716.4616948092555,2.54,20597.540337711067,0.432,19.3,5.19,3.37,Moderate,75239,7.23,379704,8.79,14.45,5.14,7.51,23.72,2026-06-30,2026-06-30
Manhattan,KS,"Manhattan, KS",Riley County,299404.8317227095,4.84,1292.6723952213083,5.11,15512.0687426557,0.432,19.3,5.18,3.37,Moderate,54700,1.01,72557,0.76,7.64,11.53,6.95,55.15,2026-06-30,2026-06-30
Beaufort,SC,"Hilton Head Island-Bluffton, SC",Beaufort County,416559.0667052508,1.31,1799.7751585332232,-0.23,21597.301902398678,0.432,19.3,5.18,3.37,Moderate,14334,5.2,201775,7.42,14.95,22.12,17.97,24.27,2026-06-30,2026-06-30
Lincolnton,NC,"Charlotte-Concord-Gastonia, NC-SC",Lincoln County,302243.31822864193,2.32,1305,3.69,15660,0.432,19.3,5.18,3.37,Moderate,12353,10.94,97611,11.98,19.15,7.54,3.05,21.53,2026-06-30,2026-06-30
Bloomsburg,PA,"Bloomsburg-Berwick, PA",Columbia County,267977.7904871118,5.81,1156.6666666666667,6.42,13880,0.432,19.3,5.18,3.37,Moderate,13286,4.6,66012,2.05,6.29,13.1,3.18,29.57,2026-06-30,2026-06-30
Newtown,CT,"Bridgeport-Stamford-Norwalk, CT",Fairfield County,672027.0040384275,3.9,2900,NA,34800,0.432,19.3,5.18,3.37,Moderate,NA,NA,NA,NA,NA,NA,NA,NA,2026-06-30,2026-06-30
Huntington,IN,"Huntington, IN",Huntington County,202822.55467187715,4.69,875,NA,10500,0.431,19.3,5.18,3.37,Moderate,NA,NA,NA,NA,NA,NA,NA,NA,2026-06-30,2026-06-30
Glen Cove,NY,"New York-Newark-Jersey City, NY-NJ-PA",Nassau County,834657.5799422542,8.17,3605.122023809524,5.24,43261.46428571429,0.432,19.3,5.18,3.37,Moderate,28088,-0.51,1392438,0.13,2.32,4.56,4.6,18.07,2026-06-30,2026-06-30
Berea,KY,"Richmond-Berea, KY",Madison County,251320.64084183436,0.18,1084.4444444444446,NA,13013.333333333336,0.431,19.3,5.18,3.37,Moderate,16436,5.37,99582,7.09,18.92,8.01,4.84,37.6,2026-06-30,2026-06-30
Seymour,TN,"Sevierville, TN",Sevier County,376526.5949296148,1.66,1625.0722222222223,4.68,19500.86666666667,0.432,19.3,5.18,3.37,Moderate,NA,NA,100184,1.33,1.38,32.15,23.3,28.02,2026-06-30,2026-06-30
Gulf Breeze,FL,"Pensacola-Ferry Pass-Brent, FL",Santa Rosa County,480616.51808560226,-0.72,2077.9985754985755,2.34,24935.982905982906,0.432,19.3,5.19,3.37,Moderate,6955,9.67,207653,9.86,19.76,8.97,3.52,20.02,2026-06-30,2026-06-30
Tuscumbia,AL,"Florence-Muscle Shoals, AL",Colbert County,202008.16772811243,1.24,873.3333333333334,NA,10480,0.432,19.3,5.19,3.37,Moderate,9222,1.95,58785,2.58,10.48,13.16,3.1,29.2,2026-06-30,2026-06-30
Sartell,MN,"St. Cloud, MN",Stearns County,349326.6862121034,2.64,1510.436507936508,NA,18125.238095238095,0.432,19.3,5.19,3.37,Moderate,19979,3.11,163997,3.48,6.4,7.97,4.39,32.19,2026-06-30,2026-06-30
Nokomis,FL,"North Port-Sarasota-Bradenton, FL",Sarasota County,497162.1628446618,-5.83,2147.9179487179485,-2.31,25775.015384615384,0.432,19.3,5.18,3.37,Moderate,NA,NA,476604,9.25,17.16,21.04,7.8,23.66,2026-06-30,2026-06-30
Sellersburg,IN,"Louisville/Jefferson County, KY-IN",Clark County,301636.38070059894,1.04,1302.9907407407406,NA,15635.888888888887,0.432,19.3,5.18,3.37,Moderate,NA,NA,NA,NA,NA,NA,NA,NA,2026-06-30,2026-06-30
Canton,TX,NA,Van Zandt County,306246.45373331936,1.44,1325,NA,15900,0.433,19.3,5.19,3.37,Moderate,NA,NA,NA,NA,NA,NA,NA,NA,2026-06-30,2026-06-30
Fayetteville,PA,"Chambersburg-Waynesboro, PA",Franklin County,289158.21553660085,3.77,1250,NA,15000,0.432,19.3,5.19,3.37,Moderate,NA,NA,NA,NA,NA,NA,NA,NA,2026-06-30,2026-06-30
Bal Harbour,FL,"Miami-Fort Lauderdale-Pompano Beach, FL",Miami-Dade County,1938593.591509136,3.11,8374.047619047618,5.22,100488.57142857142,0.432,19.3,5.18,3.37,Moderate,3099,0.75,2838461,5.29,19.88,11.11,5.36,47.81,2026-06-30,2026-06-30
Henrico,VA,"Richmond, VA",Henrico County,413916.43581711984,1.5,1782.420248009582,2.73,21389.042976114986,0.431,19.4,5.17,3.36,Moderate,NA,NA,338696,1.12,7.45,5.15,5.64,35.38,2026-06-30,2026-06-30
Columbia,MO,"Columbia, MO",Boone County,330372.7702093081,2.7,1424.120000074338,3.99,17089.440000892057,0.431,19.3,5.17,3.36,Moderate,130900,3.63,192154,4.4,6.91,7.2,6.56,41.88,2026-06-30,2026-06-30
Olathe,KS,"Kansas City, MO-KS",Johnson County,441697.5364118459,4.95,1900.137542087542,4.53,22801.650505050504,0.43,19.4,5.16,3.36,Moderate,149035,5.28,632276,3.45,6.72,4.13,5,31.44,2026-06-30,2026-06-30
Belleville,NJ,"New York-Newark-Jersey City, NY-NJ-PA",Essex County,528929.7019111506,4.06,2276.7573099415204,2.65,27321.087719298244,0.43,19.4,5.17,3.36,Moderate,NA,NA,881527,2.5,15.1,5.39,2.7,55.47,2026-06-30,2026-06-30
Franklin,WI,"Milwaukee-Waukesha, WI",Milwaukee County,451971.6430922808,3.68,1947.0416666666667,NA,23364.5,0.431,19.3,5.17,3.36,Moderate,36591,1.21,924740,-1.48,0.57,8.21,6.16,50.2,2026-06-30,2026-06-30
Pike Road,AL,"Montgomery, AL",Montgomery County,410366.0482934872,2.11,1766.8412698412696,4.6,21202.095238095237,0.431,19.4,5.17,3.36,Moderate,11500,20.23,225894,-1.08,-2.72,14.19,7.21,42.3,2026-06-30,2026-06-30
Cherryville,NC,"Charlotte-Concord-Gastonia, NC-SC",Gaston County,255282.48311760687,1.56,1100,NA,13200,0.431,19.3,5.17,3.36,Moderate,NA,NA,NA,NA,NA,NA,NA,NA,2026-06-30,2026-06-30
Rogers,MN,"Minneapolis-St. Paul-Bloomington, MN-WI",Hennepin County,468374.05057043274,0.71,2020.1712962962963,NA,24242.055555555555,0.431,19.3,5.18,3.36,Moderate,14493,8.77,1273334,-0.65,4.24,5.29,5.38,37.05,2026-06-30,2026-06-30
New Carrollton,MD,"Washington-Arlington-Alexandria, DC-VA-MD-WV",Prince Georges County,407999.89827692974,-1.18,1757.3396825396824,10.81,21088.07619047619,0.431,19.3,5.17,3.36,Moderate,13645,-0.12,NA,NA,NA,NA,NA,NA,2026-06-30,2026-06-30
Hull,MA,"Boston-Cambridge-Newton, MA-NH",Plymouth County,731711.588716404,2.22,3148,NA,37776,0.43,19.4,5.16,3.36,Moderate,NA,NA,NA,NA,NA,NA,NA,NA,2026-06-30,2026-06-30
Madras,OR,NA,Jefferson County,362980.5648285066,0.37,1563.3333333333333,NA,18760,0.431,19.3,5.17,3.36,Moderate,NA,NA,NA,NA,NA,NA,NA,NA,2026-06-30,2026-06-30
Talent,OR,"Medford, OR",Jackson County,439444.5014745973,2.56,1891.6666666666667,NA,22700,0.43,19.4,5.17,3.36,Moderate,NA,NA,NA,NA,NA,NA,NA,NA,2026-06-30,2026-06-30
Avondale Estates,GA,"Atlanta-Sandy Springs-Alpharetta, GA",Dekalb County,533849.3098850154,0.59,2297.5,NA,27570,0.43,19.4,5.16,3.36,Moderate,NA,NA,NA,NA,NA,NA,NA,NA,2026-06-30,2026-06-30
Big Coppitt Key,FL,"Key West, FL",Monroe County,779018.1385018663,-3.17,3357.5,NA,40290,0.431,19.3,5.17,3.36,Moderate,NA,NA,NA,NA,NA,NA,NA,NA,2026-06-30,2026-06-30
Sacramento,CA,"Sacramento-Roseville-Folsom, CA",Sacramento County,482968.0169799032,-1.86,2071.4546088722345,1.28,24857.455306466814,0.429,19.4,5.15,3.35,Moderate,535798,1.94,1611231,1.54,7.33,4.28,3.63,41.37,2026-06-30,2026-06-30
Apple Valley,CA,"Riverside-San Bernardino-Ontario, CA",San Bernardino County,435129.6451277493,0.71,1868.4791666666667,3.64,22421.75,0.429,19.4,5.15,3.35,Moderate,75029,-1.09,2214281,1.41,1.68,9.55,3.22,38.46,2026-06-30,2026-06-30
Caldwell,ID,"Boise City, ID",Canyon County,402987.6116227291,0.26,1728.75012345679,3.9,20745.001481481482,0.429,19.4,5.15,3.35,Moderate,73088,20.32,266892,14.53,25.29,3.18,3.05,24.91,2026-06-30,2026-06-30
Norcross,GA,"Atlanta-Sandy Springs-Alpharetta, GA",Gwinnett County,331202.24259562005,-2.52,1421.9398578458174,-3.71,17063.278294149808,0.429,19.4,5.15,3.35,Moderate,18902,7.74,1003869,4.75,5.96,3.94,4.99,33.31,2026-06-30,2026-06-30
Lake Mary,FL,"Orlando-Kissimmee-Sanford, FL",Seminole County,469230.61359057506,-1.71,2012.8516491868063,3.25,24154.219790241674,0.429,19.4,5.15,3.35,Moderate,16989,0.91,494605,4.91,9.63,5.97,6.62,34.24,2026-06-30,2026-06-30
Montrose,CO,"Montrose, CO",Montrose County,472176.82780183386,2.05,2027.0833333333333,9.2,24325,0.429,19.4,5.15,3.35,Moderate,21646,6.19,44806,4.64,13.15,9.78,6.64,25.35,2026-06-30,2026-06-30
Westlake,OH,"Cleveland-Elyria, OH",Cuyahoga County,430881.2033128394,3.79,1852.9444444444448,1.83,22235.333333333336,0.43,19.4,5.16,3.35,Moderate,34232,0.09,1240594,-1.75,1.72,9.97,5.22,40.95,2026-06-30,2026-06-30
Waynesville,NC,"Asheville, NC",Haywood County,363126.7516249392,-4,1559.4444444444443,9.77,18713.333333333332,0.429,19.4,5.15,3.35,Moderate,10709,4.54,63048,1.33,9.72,24.17,3.39,24.99,2026-06-30,2026-06-30
Derwood,MD,"Washington-Arlington-Alexandria, DC-VA-MD-WV",Montgomery County,644251.2982639038,-1.01,2763.3333333333335,2.79,33160,0.429,19.4,5.15,3.35,Moderate,NA,NA,NA,NA,NA,NA,NA,NA,2026-06-30,2026-06-30
Greater Northdale,FL,"Tampa-St. Petersburg-Clearwater, FL",Hillsborough County,453764.84490045934,-0.21,1951.21164021164,-2.14,23414.539682539682,0.43,19.4,5.16,3.35,Moderate,NA,NA,1581426,7.85,12.2,7.8,6.74,38.94,2026-06-30,2026-06-30
Canyon,TX,"Amarillo, TX",Randall County,301506.8354110767,2.41,1296.1289682539682,7.56,15553.547619047618,0.43,19.4,5.16,3.35,Moderate,16457,10.29,150547,6.52,13.2,8.8,9.76,31.39,2026-06-30,2026-06-30
Leland,NC,"Myrtle Beach-Conway-North Myrtle Beach, SC-NC",Brunswick County,388694.2719969519,0.18,1670.5179252479022,2.35,20046.215102974827,0.43,19.4,5.16,3.35,Moderate,34451,36.91,167112,20.95,48.26,31.43,24.54,16.16,2026-06-30,2026-06-30
Shiloh,IL,"St. Louis, MO-IL",Saint Clair County,321774.8407920412,1.53,1382.0583333333334,7.13,16584.7,0.43,19.4,5.15,3.35,Moderate,14754,4.35,NA,NA,NA,NA,NA,NA,2026-06-30,2026-06-30
Ashwaubenon,WI,"Green Bay, WI",Brown County,351266.24922852,2.36,1510,NA,18120,0.43,19.4,5.16,3.35,Moderate,NA,NA,NA,NA,NA,NA,NA,NA,2026-06-30,2026-06-30
Weehawken,NJ,"New York-Newark-Jersey City, NY-NJ-PA",Hudson County,883170.2176612435,2.36,3793.4290039615166,1.89,45521.1480475382,0.43,19.4,5.15,3.35,Moderate,NA,NA,736185,1.98,14.43,6.78,4.46,68.82,2026-06-30,2026-06-30
Spanish Fort,AL,"Daphne-Fairhope-Foley, AL",Baldwin County,388231.9385173563,0.52,1666.0584415584417,5.57,19992.7012987013,0.429,19.4,5.15,3.35,Moderate,11118,9.44,261608,12.16,29.22,26.36,33.41,22.46,2026-06-30,2026-06-30
Boonton,NJ,"New York-Newark-Jersey City, NY-NJ-PA",Morris County,689275.9800749033,3.18,2963.3333333333335,NA,35560,0.43,19.4,5.16,3.35,Moderate,8894,1.11,523053,2.87,8.07,3.41,3.25,26.1,2026-06-30,2026-06-30
Old Saybrook,CT,"Hartford-East Hartford-Middletown, CT",Middlesex County,706800.9177457053,4.37,3038.75,NA,36465,0.43,19.4,5.16,3.35,Moderate,NA,NA,NA,NA,NA,NA,NA,NA,2026-06-30,2026-06-30
Bridgewater,VA,"Harrisonburg, VA",Rockingham County,378343.3486193851,0.86,1625,NA,19500,0.43,19.4,5.15,3.35,Moderate,NA,NA,NA,NA,NA,NA,NA,NA,2026-06-30,2026-06-30
Crozet,VA,"Charlottesville, VA",Albemarle County,598142.8338876353,2.09,2571.1111111111113,NA,30853.333333333336,0.43,19.4,5.16,3.35,Moderate,NA,NA,117313,4.22,12.53,6.82,2.72,34.05,2026-06-30,2026-06-30
Sidney,MT,NA,Richland County,280932.76675483654,6.44,1205,NA,14460,0.429,19.4,5.15,3.35,Moderate,NA,NA,NA,NA,NA,NA,NA,NA,2026-06-30,2026-06-30
Almont,MI,"Detroit-Warren-Dearborn, MI",Lapeer County,363238.861079042,5.49,1559,NA,18708,0.429,19.4,5.15,3.35,Moderate,NA,NA,NA,NA,NA,NA,NA,NA,2026-06-30,2026-06-30
Clayton,NY,"Watertown-Fort Drum, NY",Jefferson County,337660.09265751974,6.63,1450,NA,17400,0.429,19.4,5.15,3.35,Moderate,NA,NA,NA,NA,NA,NA,NA,NA,2026-06-30,2026-06-30
King City,OR,"Portland-Vancouver-Hillsboro, OR-WA",Washington County,469463.15290703694,-1.16,2016.3333333333333,NA,24196,0.429,19.4,5.15,3.35,Moderate,NA,NA,NA,NA,NA,NA,NA,NA,2026-06-30,2026-06-30
Fraser,CO,NA,Grand County,788427.0035827793,-3.02,3383.3333333333335,NA,40600,0.429,19.4,5.15,3.35,Moderate,NA,NA,NA,NA,NA,NA,NA,NA,2026-06-30,2026-06-30
Nashua,NH,"Manchester-Nashua, NH",Hillsborough County,517356.5958221152,3.35,2216.073742089428,2.68,26592.884905073137,0.428,19.5,5.14,3.34,Moderate,91851,0.72,430462,1.78,5.81,5.1,3.09,32.47,2026-06-30,2026-06-30
Iowa City,IA,"Iowa City, IA",Johnson County,305696.9191858349,4.35,1308.2645502645505,3.48,15699.174603174606,0.428,19.5,5.14,3.34,Moderate,76710,2.4,160080,4.59,6.75,7.43,6.54,41.16,2026-06-30,2026-06-30
Turlock,CA,"Modesto, CA",Stanislaus County,485817.2558270725,-0.61,2082.71978021978,-0.25,24992.63736263736,0.429,19.4,5.14,3.34,Moderate,72888,0.16,556972,0.59,2.04,4.22,2.75,39,2026-06-30,2026-06-30
Auburn,AL,"Auburn-Opelika, AL",Lee County,425459.8517847422,4.09,1822.3080808080808,4.09,21867.696969696968,0.428,19.5,5.14,3.34,Moderate,83757,8.68,187847,7.43,16.52,12.34,6.97,34.27,2026-06-30,2026-06-30
East Orange,NJ,"New York-Newark-Jersey City, NY-NJ-PA",Essex County,483574.8519677695,-1.01,2067.7917460317462,2.34,24813.500952380957,0.428,19.5,5.13,3.34,Moderate,71850,3.5,881527,2.5,15.1,5.39,2.7,55.47,2026-06-30,2026-06-30
Woonsocket,RI,"Providence-Warwick, RI-MA",Providence County,393718.5496030974,-0.37,1684.145299145299,4.21,20209.74358974359,0.428,19.5,5.13,3.34,Moderate,44508,3.12,675912,2.4,11.33,7.44,4.46,43.38,2026-06-30,2026-06-30
Milford,MA,"Worcester, MA-CT",Worcester County,573378.2576615139,2.73,2452.402777777778,-0.33,29428.833333333336,0.428,19.5,5.13,3.34,Moderate,NA,NA,881248,2.82,8.7,5.7,3.41,34.33,2026-06-30,2026-06-30
Columbia,PA,"Lancaster, PA",Lancaster County,301623.9477277817,4.27,1290.861111111111,4.05,15490.333333333332,0.428,19.5,5.14,3.34,Moderate,10399,1.86,563293,1.89,3.04,3.36,2.54,30.06,2026-06-30,2026-06-30
Hanahan,SC,"Charleston-North Charleston, SC",Berkeley County,415574.7531753248,-0.25,1780.681818181818,7.17,21368.181818181816,0.428,19.4,5.14,3.34,Moderate,21983,6.82,264276,14.15,27.06,7.35,5.97,25.9,2026-06-30,2026-06-30
Alexandria,KY,"Cincinnati, OH-KY-IN",Campbell County,347025.47203755664,5.64,1487.5,NA,17850,0.429,19.4,5.14,3.34,Moderate,NA,NA,NA,NA,NA,NA,NA,NA,2026-06-30,2026-06-30
Manchester,MO,"St. Louis, MO-IL",Saint Louis County,388600.2256296219,1.7,1662.5,NA,19950,0.428,19.5,5.13,3.34,Moderate,NA,NA,NA,NA,NA,NA,NA,NA,2026-06-30,2026-06-30
Sterling,CO,"Sterling, CO",Logan County,250247.62119581757,1.66,1070,NA,12840,0.428,19.5,5.13,3.34,Moderate,13114,-2.24,20755,-2.14,8.43,6.44,3.15,31.7,2026-06-30,2026-06-30
Saint Simons Island,GA,"Brunswick, GA",Glynn County,688772.3568305033,1.68,2946.6666666666665,4.13,35360,0.428,19.5,5.13,3.34,Moderate,NA,NA,86540,2.43,5.74,19.34,10.55,32.96,2026-06-30,2026-06-30
Lock Haven,PA,"Lock Haven, PA",Clinton County,207599.82220657403,2.9,889.5833333333334,6.28,10675,0.429,19.4,5.14,3.34,Moderate,8531,5.4,37865,1.31,1.9,18.14,4.23,28.36,2026-06-30,2026-06-30
Orange,CT,"New Haven-Milford, CT",New Haven County,648782.7940518179,1.41,2781.25,NA,33375,0.429,19.4,5.14,3.34,Moderate,NA,NA,NA,NA,NA,NA,NA,NA,2026-06-30,2026-06-30
Sugarcreek,OH,"Dayton-Kettering, OH",Greene County,519420.0430990558,3.22,2222.027777777778,NA,26664.333333333336,0.428,19.5,5.13,3.34,Moderate,2316,-2.69,172347,2.51,11.6,6.18,4.42,32.42,2026-06-30,2026-06-30
Kennedale,TX,"Dallas-Fort Worth-Arlington, TX",Tarrant County,389697.43245901127,-0.82,1666.4444444444443,2.03,19997.333333333332,0.428,19.5,5.13,3.34,Moderate,10771,26.6,2230708,5.41,8.74,7.08,7.73,40.64,2026-06-30,2026-06-30
Miramar Beach,FL,"Crestview-Fort Walton Beach-Destin, FL",Walton County,659177.1410253481,-1.51,2823.3333333333335,NA,33880,0.428,19.5,5.14,3.34,Moderate,NA,NA,89666,18.15,36.1,44.55,32.56,22.85,2026-06-30,2026-06-30
Moreno Valley,CA,"Riverside-San Bernardino-Ontario, CA",Riverside County,553115.6181504134,-0.6,2364.3068044788974,2.37,28371.681653746768,0.427,19.5,5.13,3.33,Moderate,213919,2.42,2529933,4.34,7.33,11.37,4.89,31.14,2026-06-30,2026-06-30
Clarksville,TN,"Clarksville, TN-KY",Montgomery County,322201.6585540508,-0.23,1375.635701556752,0.74,16507.628418681026,0.427,19.5,5.12,3.33,Moderate,185690,10.84,246025,11.17,14.09,6.54,5.89,37.06,2026-06-30,2026-06-30
Fredericksburg,VA,"Washington-Arlington-Alexandria, DC-VA-MD-WV",Stafford County,487338.8504106536,0.69,2079.2019969278035,3.14,24950.423963133642,0.427,19.5,5.12,3.33,Moderate,29992,7.13,168919,7.07,13.4,4.74,6.31,19.17,2026-06-30,2026-06-30
Jupiter,FL,"Miami-Fort Lauderdale-Pompano Beach, FL",Palm Beach County,702538.2176167689,-1.29,3003.183752417795,1.4,36038.20502901354,0.427,19.5,5.13,3.33,Moderate,62987,2.95,1582055,5.87,15.98,16.36,6.94,30.14,2026-06-30,2026-06-30
Ewa Beach,HI,"Urban Honolulu, HI",Honolulu County,837257.1268677443,0.29,3572.25975908432,6.4,42867.117109011844,0.427,19.5,5.12,3.33,Moderate,NA,NA,998747,-1.35,1.96,9.47,5.27,40.46,2026-06-30,2026-06-30
Union,NJ,"New York-Newark-Jersey City, NY-NJ-PA",Union County,589879.4176976731,2.39,2517.971153846154,3.72,30215.653846153844,0.427,19.5,5.12,3.33,Moderate,NA,NA,594160,3.57,15.84,4.55,3.18,42.39,2026-06-30,2026-06-30
Northbrook,IL,"Chicago-Naperville-Elgin, IL-IN-WI",Cook County,719284.8404422539,9.08,3067.1142857142854,8.1,36805.37142857142,0.426,19.5,5.12,3.33,Moderate,34546,-1.72,5182617,-1.6,5.9,8.18,4.67,42.49,2026-06-30,2026-06-30
Athens,OH,"Athens, OH",Athens County,250606.2741670813,5.16,1068.861111111111,NA,12826.333333333332,0.427,19.5,5.12,3.33,Moderate,NA,NA,NA,NA,NA,NA,NA,NA,2026-06-30,2026-06-30
Banning,CA,"Riverside-San Bernardino-Ontario, CA",Riverside County,413485.6760764815,-1.12,1767.3333333333333,7.78,21208,0.427,19.5,5.13,3.33,Moderate,31929,7.07,2529933,4.34,7.33,11.37,4.89,31.14,2026-06-30,2026-06-30
Canyon Lake,TX,"San Antonio-New Braunfels, TX",Comal County,398225.524429345,-2.32,1699.4675925925924,3.32,20393.61111111111,0.427,19.5,5.12,3.33,Moderate,NA,NA,201628,23.22,36.2,9.17,6.79,23.15,2026-06-30,2026-06-30
Fridley,MN,"Minneapolis-St. Paul-Bloomington, MN-WI",Anoka County,329840.85096978996,2.04,1410.2248760488176,2.5,16922.698512585812,0.428,19.5,5.13,3.33,Moderate,30679,3.72,376840,3.38,6.34,2.91,3.32,20.04,2026-06-30,2026-06-30
Windsor,CA,"Santa Rosa-Petaluma, CA",Sonoma County,807595.5408953185,-0.48,3447.222222222222,NA,41366.666666666664,0.427,19.5,5.12,3.33,Moderate,25846,-1.89,485375,-0.64,4.42,7.67,2.55,37.8,2026-06-30,2026-06-30
Nazareth,PA,"Allentown-Bethlehem-Easton, PA-NJ",Northampton County,463939.3561838188,3.58,1981.6666666666667,NA,23780,0.427,19.5,5.13,3.33,Moderate,6088,0.78,322989,3.25,8.06,5.53,2.64,28.88,2026-06-30,2026-06-30
Pinole,CA,"San Francisco-Oakland-Berkeley, CA",Contra Costa County,726696.8816731082,-3.09,3106.8333333333335,NA,37282,0.428,19.5,5.13,3.33,Moderate,NA,NA,NA,NA,NA,NA,NA,NA,2026-06-30,2026-06-30
Caledonia,MI,"Grand Rapids-Kentwood, MI",Kent County,473598.5812404379,4.42,2020,NA,24240,0.427,19.5,5.12,3.33,Moderate,NA,NA,NA,NA,NA,NA,NA,NA,2026-06-30,2026-06-30
Abington,MA,"Boston-Cambridge-Newton, MA-NH",Plymouth County,611749.2353433601,3.36,2612.3611111111113,NA,31348.333333333336,0.427,19.5,5.12,3.33,Moderate,NA,NA,542090,2.58,7.97,7.23,1.91,22.38,2026-06-30,2026-06-30
Greensboro,GA,NA,Greene County,740026.4151913876,2.65,3155,NA,37860,0.426,19.5,5.12,3.33,Moderate,NA,NA,NA,NA,NA,NA,NA,NA,2026-06-30,2026-06-30
Blanchard,OK,"Oklahoma City, OK",Grady County,325543.19602380885,2.54,1391.6666666666667,NA,16700,0.427,19.5,5.13,3.33,Moderate,NA,NA,NA,NA,NA,NA,NA,NA,2026-06-30,2026-06-30
Pennington,NJ,"Trenton-Princeton, NJ",Mercer County,689311.7050683949,1.47,2947.0833333333335,0.45,35365,0.428,19.5,5.13,3.33,Moderate,2906,4.27,392138,1.46,11.79,6.07,3.03,38.11,2026-06-30,2026-06-30
Tega Cay,SC,"Charlotte-Concord-Gastonia, NC-SC",York County,608245.0774729493,0.23,2600,NA,31200,0.427,19.5,5.13,3.33,Moderate,NA,NA,NA,NA,NA,NA,NA,NA,2026-06-30,2026-06-30
Croydon,PA,"Philadelphia-Camden-Wilmington, PA-NJ-DE-MD",Bucks County,358657.8903527423,1.38,1533.1666666666663,NA,18397.999999999996,0.427,19.5,5.13,3.33,Moderate,NA,NA,NA,NA,NA,NA,NA,NA,2026-06-30,2026-06-30
Victoria,MN,"Minneapolis-St. Paul-Bloomington, MN-WI",Carver County,624126.5487184557,2.47,2667.444444444444,NA,32009.33333333333,0.427,19.5,5.13,3.33,Moderate,11937,11.86,112628,4.96,8.5,2.81,3.46,18.29,2026-06-30,2026-06-30
New Bedford,MA,"Providence-Warwick, RI-MA",Bristol County,449675.55699633405,3.35,1915.7089169000935,6.62,22988.50700280112,0.426,19.6,5.11,3.32,Moderate,101318,0.37,588593,2.05,7.41,4.9,2.27,37.75,2026-06-30,2026-06-30
Glen Burnie,MD,"Baltimore-Columbia-Towson, MD",Anne Arundel County,401290.9602450232,0.63,1707.6360756360757,1.89,20491.63290763291,0.426,19.6,5.11,3.32,Moderate,NA,NA,602350,1.51,0.69,4.79,5.5,25.04,2026-06-30,2026-06-30
Portland,ME,"Portland-South Portland, ME",Cumberland County,571364.1298657682,-0.89,2429.031034143945,3.15,29148.372409727337,0.425,19.6,5.1,3.32,Moderate,69568,1.57,313809,3.36,8.17,14.2,3.63,29.63,2026-06-30,2026-06-30
Bel Air,MD,"Baltimore-Columbia-Towson, MD",Harford County,469899.6338111065,1.25,1998.719088319088,3.18,23984.629059829058,0.425,19.6,5.1,3.32,Moderate,10395,-2.83,265514,1.63,2.3,3.96,3.4,20.29,2026-06-30,2026-06-30
Union City,NJ,"New York-Newark-Jersey City, NY-NJ-PA",Hudson County,569523.3203395746,5.03,2421.1645787944803,2.35,29053.974945533766,0.425,19.6,5.1,3.32,Moderate,66918,-1.79,736185,1.98,14.43,6.78,4.46,68.82,2026-06-30,2026-06-30
Bristow,VA,"Washington-Arlington-Alexandria, DC-VA-MD-WV",Prince William County,747848.5329203326,1.31,3180.1111111111113,NA,38161.333333333336,0.425,19.6,5.1,3.32,Moderate,NA,NA,497003,2.93,3.17,3.52,5.04,25.62,2026-06-30,2026-06-30
Southlake,TX,"Dallas-Fort Worth-Arlington, TX",Tarrant County,1339501.9941369132,2.35,5700,NA,68400,0.426,19.6,5.11,3.32,Moderate,NA,NA,NA,NA,NA,NA,NA,NA,2026-06-30,2026-06-30
Hermiston,OR,"Hermiston-Pendleton, OR",Umatilla County,347437.8544613506,0.87,1477.8333333333333,NA,17734,0.425,19.6,5.1,3.32,Moderate,NA,NA,NA,NA,NA,NA,NA,NA,2026-06-30,2026-06-30
Saugus,MA,"Boston-Cambridge-Newton, MA-NH",Essex County,703717.2719837014,0.77,2996.334595959596,NA,35956.01515151515,0.426,19.6,5.11,3.32,Moderate,NA,NA,823938,2,7.8,5.11,2.53,36.04,2026-06-30,2026-06-30
Birmingham,MI,"Detroit-Warren-Dearborn, MI",Oakland County,757615.541854585,6.41,3221.3148148148143,4.01,38655.777777777774,0.425,19.6,5.1,3.32,Moderate,22198,1.98,1296888,1.91,10.58,5.25,6.51,27.73,2026-06-30,2026-06-30
Verona,NJ,"New York-Newark-Jersey City, NY-NJ-PA",Essex County,782530.9377802358,6.09,3325.777777777778,NA,39909.333333333336,0.425,19.6,5.1,3.32,Moderate,NA,NA,NA,NA,NA,NA,NA,NA,2026-06-30,2026-06-30
Dresher,PA,"Philadelphia-Camden-Wilmington, PA-NJ-DE-MD",Montgomery County,731977.5642762716,3.46,3116.027777777778,NA,37392.333333333336,0.426,19.6,5.11,3.32,Moderate,NA,NA,NA,NA,NA,NA,NA,NA,2026-06-30,2026-06-30
Albuquerque,NM,"Albuquerque, NM",Bernalillo County,350090.7816710593,1.13,1485.5076753344604,0.75,17826.092104013525,0.424,19.6,5.09,3.31,Moderate,560326,-0.81,671747,-0.76,-1,5.86,5.24,35.73,2026-06-30,2026-06-30
Durham,NC,"Durham-Chapel Hill, NC",Durham County,400564.06485252705,-3.24,1699.6803358478592,0.64,20396.16403017431,0.424,19.6,5.09,3.31,Moderate,301870,7.17,343628,6.55,13.44,7.14,6.46,44.98,2026-06-30,2026-06-30
Valparaiso,IN,"Chicago-Naperville-Elgin, IL-IN-WI",Porter County,365161.6686447996,2.61,1550.120695970696,2.94,18601.448351648352,0.425,19.6,5.09,3.31,Moderate,35065,2.62,175860,1.45,4.29,5.62,4.57,22.79,2026-06-30,2026-06-30
Oviedo,FL,"Orlando-Kissimmee-Sanford, FL",Seminole County,511369.5069808811,-0.91,2168.6546163920116,1.87,26023.855396704137,0.424,19.7,5.09,3.31,Moderate,41901,4.72,494605,4.91,9.63,5.97,6.62,34.24,2026-06-30,2026-06-30
Amherst,MA,"Springfield, MA",Hampshire County,552868.6264334702,1.14,2343.7820512820513,4.17,28125.384615384617,0.424,19.7,5.09,3.31,Moderate,NA,NA,165399,11.31,1.4,7.1,6.45,31.21,2026-06-30,2026-06-30
Flowery Branch,GA,"Gainesville, GA",Hall County,428204.9282071851,-2.36,1818.7928153717628,-2.91,21825.513784461153,0.425,19.6,5.1,3.31,Moderate,12292,29.17,221745,9.01,11.78,10.06,4.34,31.13,2026-06-30,2026-06-30
Marquette,MI,"Marquette, MI",Marquette County,348066.2681594359,9.57,1475.8333333333333,5.53,17710,0.424,19.7,5.09,3.31,Moderate,21845,3.33,67979,2.16,7.52,16.89,4.13,28.77,2026-06-30,2026-06-30
Jackson,MO,"Cape Girardeau, MO-IL",Cape Girardeau County,277676.0456354485,4.83,1177.6666666666667,4.52,14132,0.424,19.6,5.09,3.31,Moderate,15929,3.08,83658,2.24,5.31,9.33,6.31,34.05,2026-06-30,2026-06-30
Washington,MI,"Detroit-Warren-Dearborn, MI",Macomb County,486699.4713710213,2.33,2064.75,NA,24777,0.424,19.6,5.09,3.31,Moderate,NA,NA,NA,NA,NA,NA,NA,NA,2026-06-30,2026-06-30
Miami Shores,FL,"Miami-Fort Lauderdale-Pompano Beach, FL",Miami-Dade County,756423.5007944363,1.34,3210.555555555555,1.77,38526.666666666664,0.424,19.6,5.09,3.31,Moderate,11917,1.91,2838461,5.29,19.88,11.11,5.36,47.81,2026-06-30,2026-06-30
Centerville,OH,"Dayton-Kettering, OH",Montgomery County,395213.34046142106,2.92,1676.9277777777777,1.88,20123.13333333333,0.424,19.6,5.09,3.31,Moderate,26311,8.8,537443,0.06,5.01,8.84,4.22,37.67,2026-06-30,2026-06-30
Anoka,MN,"Minneapolis-St. Paul-Bloomington, MN-WI",Anoka County,339441.24729438213,3.21,1439.0396825396826,4.85,17268.47619047619,0.424,19.7,5.09,3.31,Moderate,18068,0.93,376840,3.38,6.34,2.91,3.32,20.04,2026-06-30,2026-06-30
Budd Lake,NJ,"New York-Newark-Jersey City, NY-NJ-PA",Morris County,548001.6953557911,2.02,2324.277777777778,17.06,27891.333333333336,0.424,19.6,5.09,3.31,Moderate,NA,NA,523053,2.87,8.07,3.41,3.25,26.1,2026-06-30,2026-06-30
Highland Village,TX,"Dallas-Fort Worth-Arlington, TX",Denton County,596948.7610367178,-1.45,2533.6666666666665,NA,30404,0.424,19.6,5.09,3.31,Moderate,16137,1.15,1045120,14.28,23.72,4.75,5.09,34.63,2026-06-30,2026-06-30
Spencer,MA,"Worcester, MA-CT",Worcester County,447100.2044502688,1.16,1897.5,NA,22770,0.424,19.6,5.09,3.31,Moderate,NA,NA,NA,NA,NA,NA,NA,NA,2026-06-30,2026-06-30
Point Pleasant Beach,NJ,"New York-Newark-Jersey City, NY-NJ-PA",Ocean County,1118595.625530727,12.54,4750,NA,57000,0.425,19.6,5.1,3.31,Moderate,NA,NA,NA,NA,NA,NA,NA,NA,2026-06-30,2026-06-30
Riverside,MO,"Kansas City, MO-KS",Platte County,482904.64805171633,4,2051.111111111111,NA,24613.33333333333,0.425,19.6,5.1,3.31,Moderate,4498,12.06,113207,5.61,6.94,5.93,6.25,32.98,2026-06-30,2026-06-30
Owasso,OK,"Tulsa, OK",Tulsa County,321610.26676926546,1.94,1361.937777777778,2.11,16343.253333333334,0.423,19.7,5.08,3.3,Moderate,42821,11.51,693514,3.4,7.29,9.07,6.06,40.26,2026-06-30,2026-06-30
Fairport,NY,"Rochester, NY",Monroe County,419774.5598960826,4.82,1773.9583333333333,2.19,21287.5,0.423,19.7,5.07,3.3,Moderate,5341,-2.11,752202,-0.73,1.18,6.27,5.62,36.48,2026-06-30,2026-06-30
West Springfield,MA,"Springfield, MA",Hampden County,371172.8342819677,4.32,1568.5333333333335,NA,18822.4,0.423,19.7,5.07,3.3,Moderate,NA,NA,NA,NA,NA,NA,NA,NA,2026-06-30,2026-06-30
New Milford,CT,"Torrington, CT",Litchfield County,479362.3251505972,3.74,2025,NA,24300,0.422,19.7,5.07,3.3,Moderate,NA,NA,NA,NA,NA,NA,NA,NA,2026-06-30,2026-06-30
Jefferson,GA,"Jefferson, GA",Jackson County,419628.49880749936,-1.4,1773.0324074074076,5.37,21276.38888888889,0.423,19.7,5.07,3.3,Moderate,16459,23.05,93825,22.26,52.1,8.21,1.14,20.21,2026-06-30,2026-06-30
Fulton,MO,"Jefferson City, MO",Callaway County,255981.82297543556,6.98,1082.361111111111,NA,12988.333333333332,0.423,19.7,5.07,3.3,Moderate,12573,-0.3,45126,1.76,6.91,12.87,4.79,23.66,2026-06-30,2026-06-30
Pembroke,MA,"Boston-Cambridge-Newton, MA-NH",Plymouth County,685408.6734477392,4.41,2897.5,NA,34770,0.423,19.7,5.07,3.3,Moderate,NA,NA,NA,NA,NA,NA,NA,NA,2026-06-30,2026-06-30
New Market,MD,"Washington-Arlington-Alexandria, DC-VA-MD-WV",Frederick County,600719.4758246721,-0.42,2543.891666666667,1.31,30526.700000000004,0.423,19.7,5.08,3.3,Moderate,1609,5.44,299317,9.73,14.45,4.39,3.38,22.96,2026-06-30,2026-06-30
North Saint Paul,MN,"Minneapolis-St. Paul-Bloomington, MN-WI",Ramsey County,333408.7018549167,1.39,1409.6666666666667,5.22,16916,0.423,19.7,5.07,3.3,Moderate,NA,NA,542015,-1.76,3.41,5.41,6.16,38.97,2026-06-30,2026-06-30
Sleepy Hollow,NY,"New York-Newark-Jersey City, NY-NJ-PA",Westchester County,1052116.1788507476,9.14,4450.833333333333,4,53410,0.423,19.7,5.08,3.3,Moderate,11427,14.65,1006447,0.5,6.23,5.51,2.35,37.8,2026-06-30,2026-06-30
Chester,MD,"Baltimore-Columbia-Towson, MD",Queen Annes County,536411.8316134721,-0.1,2266.666666666667,NA,27200.000000000004,0.423,19.7,5.07,3.3,Moderate,NA,NA,NA,NA,NA,NA,NA,NA,2026-06-30,2026-06-30
Elk Grove,CA,"Sacramento-Roseville-Folsom, CA",Sacramento County,637106.3896387304,-2.98,2687.54921865387,1.98,32250.590623846438,0.422,19.8,5.06,3.29,Moderate,182797,3.52,1611231,1.54,7.33,4.28,3.63,41.37,2026-06-30,2026-06-30
Pittsburg,CA,"San Francisco-Oakland-Berkeley, CA",Contra Costa County,568059.7512726475,-2.56,2395.535238095238,1.85,28746.422857142858,0.422,19.8,5.06,3.29,Moderate,77131,1.02,1172607,0.55,6.48,3.5,2.91,32.35,2026-06-30,2026-06-30
Salisbury,NC,"Charlotte-Concord-Gastonia, NC-SC",Rowan County,285761.1027196618,1.31,1206.3508771929826,0.78,14476.21052631579,0.422,19.7,5.07,3.29,Moderate,36579,3.54,153384,4.41,11.42,10.12,5.17,28.76,2026-06-30,2026-06-30
East Providence,RI,"Providence-Warwick, RI-MA",Providence County,452910.09256502095,1.87,1907.805402930403,2.35,22893.664835164836,0.421,19.8,5.05,3.29,Moderate,47961,1.93,675912,2.4,11.33,7.44,4.46,43.38,2026-06-30,2026-06-30
West Babylon,NY,"New York-Newark-Jersey City, NY-NJ-PA",Suffolk County,660755.2036297816,0.23,2789.8888888888887,NA,33478.666666666664,0.422,19.7,5.07,3.29,Moderate,NA,NA,NA,NA,NA,NA,NA,NA,2026-06-30,2026-06-30
Aberdeen,SD,"Aberdeen, SD",Brown County,248542.04665039256,7.11,1049.0333333333333,NA,12588.4,0.422,19.7,5.06,3.29,Moderate,27919,-1.82,37495,-1.89,-3.31,9.13,9.13,34.29,2026-06-30,2026-06-30
Red Bank,NJ,"New York-Newark-Jersey City, NY-NJ-PA",Monmouth County,733262.473643185,7.89,3094.84126984127,2.13,37138.09523809524,0.422,19.7,5.06,3.29,Moderate,12830,-0.58,647520,0.74,2.8,7.24,3.49,24.63,2026-06-30,2026-06-30
West Richland,WA,"Kennewick-Richland, WA",Benton County,498518.53316008,-0.38,2104.1666666666665,NA,25250,0.422,19.7,5.07,3.29,Moderate,18820,14.85,218190,5.19,10.36,6.23,5.79,31.5,2026-06-30,2026-06-30
McDonald,PA,"Pittsburgh, PA",Washington County,383512.9476167942,3.28,1616.1666666666667,NA,19394,0.421,19.8,5.06,3.29,Moderate,NA,NA,NA,NA,NA,NA,NA,NA,2026-06-30,2026-06-30
Troy,IL,"St. Louis, MO-IL",Madison County,337914.7686681202,5.37,1425,NA,17100,0.422,19.8,5.06,3.29,Moderate,11810,3.11,263017,-1.03,1.59,8.04,3.83,26.39,2026-06-30,2026-06-30
North Mankato,MN,"Mankato, MN",Nicollet County,321514.09522606916,4.59,1356.25,NA,16275,0.422,19.8,5.06,3.29,Moderate,NA,NA,NA,NA,NA,NA,NA,NA,2026-06-30,2026-06-30
Eden Isle,LA,"New Orleans-Metairie, LA",Saint Tammany Parish,334256.20964893594,-3.65,1409.3333333333333,3.81,16912,0.422,19.8,5.06,3.29,Moderate,NA,NA,NA,NA,NA,NA,NA,NA,2026-06-30,2026-06-30
Maize,KS,"Wichita, KS",Sedgwick County,311154.76389428583,1.4,1313.088888888889,NA,15757.066666666668,0.422,19.7,5.06,3.29,Moderate,NA,NA,NA,NA,NA,NA,NA,NA,2026-06-30,2026-06-30
Round Rock,TX,"Austin-Round Rock-Georgetown, TX",Williamson County,407037.7141057661,-6.24,1713.4577534635707,-0.75,20561.493041562848,0.421,19.8,5.05,3.28,Moderate,135359,12.26,727480,18.17,29.75,3.91,3.51,32.92,2026-06-30,2026-06-30
Sterling,VA,"Washington-Arlington-Alexandria, DC-VA-MD-WV",Loudoun County,645529.5401750118,0.43,2718.008502252252,1.07,32616.102027027024,0.421,19.8,5.05,3.28,Moderate,NA,NA,443380,4.89,7.24,2.75,4.35,22.08,2026-06-30,2026-06-30
Marysville,WA,"Seattle-Tacoma-Bellevue, WA",Snohomish County,631610.0609318224,0.08,2655.500496031746,3.02,31866.005952380954,0.42,19.8,5.05,3.28,Moderate,76209,7.37,864113,4.11,11.83,4.9,4.3,31.61,2026-06-30,2026-06-30
Brentwood,CA,"San Francisco-Oakland-Berkeley, CA",Contra Costa County,799856.7889774876,-2.55,3365.4555555555557,4.04,40385.46666666667,0.421,19.8,5.05,3.28,Moderate,66286,2.84,1172607,0.55,6.48,3.5,2.91,32.35,2026-06-30,2026-06-30
Winter Garden,FL,"Orlando-Kissimmee-Sanford, FL",Orange County,569557.4700670963,-2.17,2396.243599149389,-0.3,28754.923189792666,0.421,19.8,5.05,3.28,Moderate,48771,2.71,1533646,7.12,16.48,11.72,10.93,42.64,2026-06-30,2026-06-30
Haverhill,MA,"Boston-Cambridge-Newton, MA-NH",Essex County,558210.4413105849,2.11,2345.415343915344,1.25,28144.984126984127,0.42,19.8,5.04,3.28,Moderate,68291,0.97,823938,2,7.8,5.11,2.53,36.04,2026-06-30,2026-06-30
Twin Falls,ID,"Twin Falls, ID",Twin Falls County,374440.24674191256,2.98,1574.5072239422086,2.76,18894.086687306502,0.42,19.8,5.05,3.28,Moderate,55589,6.66,96509,6.79,8.59,5.14,3.11,30.41,2026-06-30,2026-06-30
Galveston,TX,"Houston-The Woodlands-Sugar Land, TX",Galveston County,322875.5418738558,-6.55,1356.2148699883571,4.42,16274.578439860285,0.42,19.8,5.04,3.28,Moderate,53538,-0.21,367407,4.49,11.39,13,8.22,32.51,2026-06-30,2026-06-30
Lake Stevens,WA,"Seattle-Tacoma-Bellevue, WA",Snohomish County,704136.3674209007,-1.98,2963.925407925408,2,35567.104895104894,0.421,19.8,5.05,3.28,Moderate,41350,5.72,864113,4.11,11.83,4.9,4.3,31.61,2026-06-30,2026-06-30
Glen Ellyn,IL,"Chicago-Naperville-Elgin, IL-IN-WI",DuPage County,590707.159633346,6.68,2480.388888888889,NA,29764.66666666667,0.42,19.8,5.04,3.28,Moderate,NA,NA,NA,NA,NA,NA,NA,NA,2026-06-30,2026-06-30
Greenfield,WI,"Milwaukee-Waukesha, WI",Milwaukee County,338790.8360902625,5.44,1425,NA,17100,0.421,19.8,5.05,3.28,Moderate,NA,NA,NA,NA,NA,NA,NA,NA,2026-06-30,2026-06-30
Montclair,CA,"Riverside-San Bernardino-Ontario, CA",San Bernardino County,659287.0364854486,-0.43,2769.7666666666664,3.16,33237.2,0.42,19.8,5.04,3.28,Moderate,37650,-0.78,2214281,1.41,1.68,9.55,3.22,38.46,2026-06-30,2026-06-30
Bellefonte,PA,"State College, PA",Centre County,319123.1420306459,3.1,1342.6666666666667,NA,16112,0.421,19.8,5.05,3.28,Moderate,5986,-1.22,159805,1.15,4.44,10.63,5.92,38.24,2026-06-30,2026-06-30
Imperial,MO,"St. Louis, MO-IL",Jefferson County,332763.34956847236,3.24,1400,NA,16800,0.421,19.8,5.05,3.28,Moderate,NA,NA,NA,NA,NA,NA,NA,NA,2026-06-30,2026-06-30
Windsor,CO,"Greeley, CO",Weld County,583277.4155169612,-1.65,2452.3690476190477,1.58,29428.428571428572,0.42,19.8,5.05,3.28,Moderate,41734,25.55,369745,11.55,19.05,4.01,5.91,24.45,2026-06-30,2026-06-30
Londonderry,NH,"Boston-Cambridge-Newton, MA-NH",Rockingham County,625379.2476613083,2.71,2632.638888888889,NA,31591.66666666667,0.421,19.8,5.05,3.28,Moderate,NA,NA,NA,NA,NA,NA,NA,NA,2026-06-30,2026-06-30
Walker,MI,"Grand Rapids-Kentwood, MI",Kent County,364504.7073051646,4.95,1530.538888888889,NA,18366.466666666667,0.42,19.8,5.04,3.28,Moderate,25921,2.71,673002,2.2,7.09,4.57,4.07,29.64,2026-06-30,2026-06-30
Carney,MD,"Baltimore-Columbia-Towson, MD",Baltimore County,350857.4284079671,0.96,1477.6190476190477,5.07,17731.428571428572,0.421,19.8,5.05,3.28,Moderate,NA,NA,852425,-0.11,3.96,5.75,5.61,33.67,2026-06-30,2026-06-30
Canfield,OH,"Youngstown-Warren-Boardman, OH-PA",Mahoning County,332925.06782062794,4.54,1400,NA,16800,0.421,19.8,5.05,3.28,Moderate,NA,NA,NA,NA,NA,NA,NA,NA,2026-06-30,2026-06-30
Lawrenceburg,KY,"Frankfort, KY",Anderson County,270553.7284749726,0.96,1138.3333333333333,NA,13660,0.421,19.8,5.05,3.28,Moderate,NA,NA,NA,NA,NA,NA,NA,NA,2026-06-30,2026-06-30
Gardner,MA,"Worcester, MA-CT",Worcester County,380663.5170221629,1.41,1602.9444444444446,1,19235.333333333336,0.421,19.8,5.05,3.28,Moderate,21381,0.75,881248,2.82,8.7,5.7,3.41,34.33,2026-06-30,2026-06-30
Sandy,OR,"Portland-Vancouver-Hillsboro, OR-WA",Clackamas County,528146.6822694171,-0.32,2218.174603174603,6.44,26618.095238095237,0.42,19.8,5.04,3.28,Moderate,12990,2.6,425857,0.79,3.92,5.7,4.07,28.66,2026-06-30,2026-06-30
Ball Ground,GA,"Atlanta-Sandy Springs-Alpharetta, GA",Cherokee County,508795.9406851909,2.17,2141.222222222222,NA,25694.666666666664,0.421,19.8,5.05,3.28,Moderate,NA,NA,NA,NA,NA,NA,NA,NA,2026-06-30,2026-06-30
Somersworth,NH,"Boston-Cambridge-Newton, MA-NH",Strafford County,457283.9357898312,2.78,1925.5555555555557,NA,23106.666666666668,0.421,19.8,5.05,3.28,Moderate,NA,NA,NA,NA,NA,NA,NA,NA,2026-06-30,2026-06-30
Star,ID,"Boise City, ID",Ada County,581656.4490766106,-0.37,2442.540792540792,6.18,29310.489510489504,0.42,19.8,5.04,3.28,Moderate,18208,58.8,535799,7.53,14.17,4.08,3.49,28.65,2026-06-30,2026-06-30
Independence,OR,"Salem, OR",Polk County,430058.3990336175,2.23,1810.5396825396824,0.06,21726.47619047619,0.421,19.8,5.05,3.28,Moderate,10295,2.94,90549,2.89,3.24,5.43,3.94,35.41,2026-06-30,2026-06-30
Box Elder,SD,"Rapid City, SD",Meade County,370373.9140358899,2.46,1556.571428571429,3.35,18678.857142857145,0.42,19.8,5.04,3.28,Moderate,13887,16.25,30918,3.39,-1.42,6.7,3.91,27.29,2026-06-30,2026-06-30
Edgerton,WI,"Janesville-Beloit, WI",Rock County,309102.6862389951,5.34,1300,NA,15600,0.421,19.8,5.05,3.28,Moderate,NA,NA,NA,NA,NA,NA,NA,NA,2026-06-30,2026-06-30
Vacaville,CA,"Vallejo, CA",Solano County,610648.6020622043,-1.24,2562.3552925569056,1.15,30748.263510682867,0.42,19.9,5.04,3.27,Moderate,103994,1.81,455101,0.49,7.61,4.68,3.13,36.77,2026-06-30,2026-06-30
West Des Moines,IA,"Des Moines-West Des Moines, IA",Polk County,326595.82970965985,0.85,1368.7208333333335,1.76,16424.65,0.419,19.9,5.03,3.27,Moderate,73664,6.88,516185,4.69,12.01,5.87,5,32.93,2026-06-30,2026-06-30
Columbia,TN,"Nashville-Davidson--Murfreesboro--Franklin, TN",Maury County,376730.7229459465,1.19,1579.812885802469,0.3,18957.754629629628,0.419,19.9,5.03,3.27,Moderate,48812,16.24,113411,11.37,21.6,7.99,8.58,28.72,2026-06-30,2026-06-30
Plymouth,MA,"Boston-Cambridge-Newton, MA-NH",Plymouth County,665166.994368888,3.77,2787.67735042735,0.73,33452.1282051282,0.419,19.9,5.03,3.27,Moderate,NA,NA,542090,2.58,7.97,7.23,1.91,22.38,2026-06-30,2026-06-30
Tucker,GA,"Atlanta-Sandy Springs-Alpharetta, GA",Dekalb County,392762.12541831593,-0.61,1645.6299648064353,3.56,19747.559577677224,0.419,19.9,5.03,3.27,Moderate,37224,0.17,NA,NA,NA,NA,NA,NA,2026-06-30,2026-06-30
Litchfield Park,AZ,"Phoenix-Mesa-Chandler, AZ",Maricopa County,519677.77944422554,0.17,2180.1203703703704,1.16,26161.444444444445,0.42,19.9,5.03,3.27,Moderate,6863,-0.49,4673096,5.12,9.38,8.29,5.4,34.99,2026-06-30,2026-06-30
Gahanna,OH,"Columbus, OH",Franklin County,386534.15780116274,2.88,1620.844444444445,0.97,19450.13333333334,0.419,19.9,5.03,3.27,Moderate,35544,-0.45,1356303,2.4,7.58,6.96,3.98,47.03,2026-06-30,2026-06-30
Palm City,FL,"Port St. Lucie, FL",Martin County,622385.0183315998,-1.85,2611.714285714286,5.94,31340.571428571428,0.42,19.9,5.04,3.27,Moderate,NA,NA,165666,4.41,14.54,17.59,6.28,19.89,2026-06-30,2026-06-30
Hatboro,PA,"Philadelphia-Camden-Wilmington, PA-NJ-DE-MD",Montgomery County,457237.8929647709,1.86,1917.5,NA,23010,0.419,19.9,5.03,3.27,Moderate,NA,NA,NA,NA,NA,NA,NA,NA,2026-06-30,2026-06-30
La Vista,NE,"Omaha-Council Bluffs, NE-IA",Sarpy County,313989.6117157587,2.85,1314.7661782661785,2.76,15777.194139194142,0.419,19.9,5.02,3.27,Moderate,16543,-1.41,204828,7.14,15.85,3.5,4.21,29.38,2026-06-30,2026-06-30
Pearl River,NY,"New York-Newark-Jersey City, NY-NJ-PA",Rockland County,727535.3264633472,6.13,3050,NA,36600,0.419,19.9,5.03,3.27,Moderate,NA,NA,NA,NA,NA,NA,NA,NA,2026-06-30,2026-06-30
Torrington,WY,NA,Goshen County,238310.8927380948,-0.59,1000,NA,12000,0.42,19.9,5.04,3.27,Moderate,NA,NA,NA,NA,NA,NA,NA,NA,2026-06-30,2026-06-30
Richmond Heights,MO,"St. Louis, MO-IL",Saint Louis County,406163.00988509046,0.76,1702.0239057239055,4.85,20424.286868686868,0.419,19.9,5.03,3.27,Moderate,9096,-1.93,NA,NA,NA,NA,NA,NA,2026-06-30,2026-06-30
Palm Beach,FL,"Miami-Fort Lauderdale-Pompano Beach, FL",Palm Beach County,2145595.0675693443,-1.04,8998.611111111111,14.84,107983.33333333334,0.419,19.9,5.03,3.27,Moderate,9493,2.67,1582055,5.87,15.98,16.36,6.94,30.14,2026-06-30,2026-06-30
Timnath,CO,"Fort Collins, CO",Larimer County,680623.2381072211,-2.08,2852.2222222222226,NA,34226.66666666667,0.419,19.9,5.03,3.27,Moderate,10848,60.83,374574,4.07,7.03,6.37,3.02,35.68,2026-06-30,2026-06-30
Nashville,TN,"Nashville-Davidson--Murfreesboro--Franklin, TN",Davidson County,436602.7511329418,-3.26,1824.8998504818485,-0.15,21898.798205782183,0.418,19.9,5.02,3.26,Moderate,NA,NA,729505,1.87,8.29,8.82,6.95,46.58,2026-06-30,2026-06-30
Denton,TX,"Dallas-Fort Worth-Arlington, TX",Denton County,353756.67320913007,-3.84,1480.4511363636364,-4.11,17765.413636363635,0.418,19.9,5.02,3.26,Moderate,165998,17.62,1045120,14.28,23.72,4.75,5.09,34.63,2026-06-30,2026-06-30
Fishers,IN,"Indianapolis-Carmel-Anderson, IN",Hamilton County,450919.162400919,1.7,1883.2082957231896,2.94,22598.499548678275,0.418,20,5.01,3.26,Lean Rent,103986,4.51,379704,8.79,14.45,5.14,7.51,23.72,2026-06-30,2026-06-30
Smyrna,TN,"Nashville-Davidson--Murfreesboro--Franklin, TN",Rutherford County,405721.3805945549,-0.87,1693.219955654102,1.64,20318.639467849225,0.417,20,5.01,3.26,Lean Rent,60302,12.68,376996,9.81,14.23,7,7.53,34.99,2026-06-30,2026-06-30
Wausau,WI,"Wausau-Weston, WI",Marathon County,251133.2734791845,8.35,1049.8659673659674,7.66,12598.391608391608,0.418,19.9,5.02,3.26,Moderate,40262,0.55,139091,0.71,1.64,5.68,4.07,26.58,2026-06-30,2026-06-30
West Sacramento,CA,"Sacramento-Roseville-Folsom, CA",Yolo County,532492.9577650846,-2.87,2228.447368421053,2.05,26741.368421052633,0.418,19.9,5.02,3.26,Moderate,55991,4.04,225251,3.44,8.98,6.01,4.8,46.44,2026-06-30,2026-06-30
Lindenhurst,NY,"New York-Newark-Jersey City, NY-NJ-PA",Suffolk County,646537.6697948383,0.46,2699.375,NA,32392.5,0.418,20,5.01,3.26,Lean Rent,NA,NA,NA,NA,NA,NA,NA,NA,2026-06-30,2026-06-30
Linden,NJ,"New York-Newark-Jersey City, NY-NJ-PA",Union County,560289.4379056442,1.29,2342.8878205128203,3,28114.653846153844,0.418,19.9,5.02,3.26,Moderate,45393,4.26,594160,3.57,15.84,4.55,3.18,42.39,2026-06-30,2026-06-30
Langhorne,PA,"Philadelphia-Camden-Wilmington, PA-NJ-DE-MD",Bucks County,599533.4434689208,3.54,2508.827380952381,1.16,30105.928571428572,0.418,19.9,5.02,3.26,Moderate,1634,-0.37,650131,0.61,4.89,3.41,3.04,21.99,2026-06-30,2026-06-30
Salem,NH,"Boston-Cambridge-Newton, MA-NH",Rockingham County,619217.5995241004,2.83,2591.2548076923076,0.06,31095.05769230769,0.418,19.9,5.02,3.26,Moderate,NA,NA,322433,2.47,5.64,7.38,3.42,21.38,2026-06-30,2026-06-30
Holbrook,NY,"New York-Newark-Jersey City, NY-NJ-PA",Suffolk County,675938.2573309535,4.58,2826.564393939394,9.01,33918.77272727273,0.418,19.9,5.02,3.26,Moderate,NA,NA,1535909,0.9,2.22,11.64,3.67,18.09,2026-06-30,2026-06-30
Royersford,PA,"Philadelphia-Camden-Wilmington, PA-NJ-DE-MD",Montgomery County,465029.188220236,1.98,1944.1031746031747,1.99,23329.238095238095,0.418,19.9,5.02,3.26,Moderate,4958,0.69,879190,2.6,7.92,4.35,5.68,28.27,2026-06-30,2026-06-30
Cliffside Park,NJ,"New York-Newark-Jersey City, NY-NJ-PA",Bergen County,643859.3877144175,2.75,2688.928571428571,2.67,32267.142857142855,0.418,20,5.01,3.26,Lean Rent,26183,2.09,978641,2.61,10.38,4.13,3.53,34.64,2026-06-30,2026-06-30
Goodlettsville,TN,"Nashville-Davidson--Murfreesboro--Franklin, TN",Sumner County,393761.1552143796,-1.53,1647.920634920635,-0.76,19775.04761904762,0.419,19.9,5.02,3.26,Moderate,17433,-2.13,211721,7.24,14.08,5.74,5.01,27.78,2026-06-30,2026-06-30
Maumelle,AR,"Little Rock-North Little Rock-Conway, AR",Pulaski County,309679.73546923965,3.01,1293.0130952380953,0.88,15516.157142857144,0.418,20,5.01,3.26,Lean Rent,19541,1.49,401209,0.48,-0.94,11.78,9.74,42.25,2026-06-30,2026-06-30
Beaver Dam,WI,"Beaver Dam, WI",Dodge County,299353.74726721953,4.81,1252.2777777777776,NA,15027.333333333332,0.418,19.9,5.02,3.26,Moderate,NA,NA,NA,NA,NA,NA,NA,NA,2026-06-30,2026-06-30
North Plainfield,NJ,"New York-Newark-Jersey City, NY-NJ-PA",Somerset County,505624.6271683369,-1.18,2113.4444444444443,NA,25361.333333333332,0.418,19.9,5.02,3.26,Moderate,23072,1.42,357467,3.68,12.99,2.54,1.98,25.53,2026-06-30,2026-06-30
Brunswick,ME,"Portland-South Portland, ME",Cumberland County,505341.3911426148,0.51,2109.1847041847045,-1.13,25310.216450216452,0.417,20,5.01,3.26,Lean Rent,NA,NA,313809,3.36,8.17,14.2,3.63,29.63,2026-06-30,2026-06-30
Ashland,VA,"Richmond, VA",Hanover County,472690.2056698965,4.21,1974.1666666666667,NA,23690,0.418,20,5.01,3.26,Lean Rent,7910,4.04,115309,4.63,10.7,4.48,3.54,17.19,2026-06-30,2026-06-30
Saco,ME,"Portland-South Portland, ME",York County,533454.3918284442,0.79,2226.3888888888887,3.79,26716.666666666664,0.417,20,5.01,3.26,Lean Rent,21064,3.16,220143,3.71,8.2,20.73,4.36,23.86,2026-06-30,2026-06-30
Gretna,NE,"Omaha-Council Bluffs, NE-IA",Sarpy County,432239.9297215668,0.93,1807.0857142857144,1.91,21685.02857142857,0.418,19.9,5.02,3.26,Moderate,9207,-1.16,204828,7.14,15.85,3.5,4.21,29.38,2026-06-30,2026-06-30
Emmaus,PA,"Allentown-Bethlehem-Easton, PA-NJ",Lehigh County,397830.11635795893,4.36,1662.3277777777778,0.57,19947.933333333334,0.418,19.9,5.01,3.26,Moderate,12314,5.79,385655,2.98,11.77,4.72,3.33,34.79,2026-06-30,2026-06-30
Seymour,CT,"New Haven-Milford, CT",New Haven County,430037.823102518,6.8,1798.611111111111,NA,21583.333333333332,0.418,19.9,5.02,3.26,Moderate,NA,NA,NA,NA,NA,NA,NA,NA,2026-06-30,2026-06-30
Leonardtown,MD,"California-Lexington Park, MD",Saint Marys County,541015.793709666,3.37,2262.5,NA,27150,0.418,19.9,5.02,3.26,Moderate,NA,NA,NA,NA,NA,NA,NA,NA,2026-06-30,2026-06-30
Quincy,WA,"Moses Lake, WA",Grant County,429559.96844875865,0.78,1795,NA,21540,0.418,19.9,5.01,3.26,Moderate,NA,NA,NA,NA,NA,NA,NA,NA,2026-06-30,2026-06-30
Louisburg,KS,"Kansas City, MO-KS",Miami County,414306.21566694975,3.4,1733.75,NA,20805,0.418,19.9,5.02,3.26,Moderate,NA,NA,NA,NA,NA,NA,NA,NA,2026-06-30,2026-06-30
Granby,CO,NA,Grand County,793446.3554110691,0.06,3316.6666666666665,NA,39800,0.418,19.9,5.02,3.26,Moderate,2305,10.6,16154,2.58,9.04,62.08,29.35,23.62,2026-06-30,2026-06-30
Medford,OR,"Medford, OR",Jackson County,412749.0545153192,1.03,1720.6832674571806,3.49,20648.199209486167,0.417,20,5,3.25,Lean Rent,86301,-0.03,221331,-1.08,2.88,6.6,3.86,35.02,2026-06-30,2026-06-30
Lacey,WA,"Olympia-Lacey-Tumwater, WA",Thurston County,518901.3567528008,0.21,2163.303928170594,2.41,25959.64713804713,0.417,20,5,3.25,Lean Rent,58644,3.31,302912,2.33,10.68,5,3.8,32.24,2026-06-30,2026-06-30
Paramount,CA,"Los Angeles-Long Beach-Anaheim, CA",Los Angeles County,652714.0097668242,3.01,2723,7.82,32676,0.417,20,5.01,3.25,Lean Rent,51169,-4.49,9757179,-2.4,0.03,6.45,4.01,53.92,2026-06-30,2026-06-30
Oroville,CA,"Chico, CA",Butte County,315291.36646512843,-0.53,1315.2777777777776,2.45,15783.333333333332,0.417,20,5.01,3.25,Lean Rent,19712,-1.63,208334,-0.9,6.92,9.69,5.88,41.72,2026-06-30,2026-06-30
New Hyde Park,NY,"New York-Newark-Jersey City, NY-NJ-PA",Nassau County,986146.569375316,4.33,4111.111111111111,NA,49333.333333333336,0.417,20,5,3.25,Lean Rent,10220,-0.54,1392438,0.13,2.32,4.56,4.6,18.07,2026-06-30,2026-06-30
Fleming Island,FL,"Jacksonville, FL",Clay County,448485.5637949776,-0.79,1870.6679894179897,2.32,22448.015873015876,0.417,20,5.01,3.25,Lean Rent,NA,NA,236760,8.13,16.84,6.2,2.2,23.76,2026-06-30,2026-06-30
Greencastle,PA,"Chambersburg-Waynesboro, PA",Franklin County,334941.6552979739,4.4,1397.5,NA,16770,0.417,20,5.01,3.25,Lean Rent,NA,NA,NA,NA,NA,NA,NA,NA,2026-06-30,2026-06-30
New Richmond,WI,"Minneapolis-St. Paul-Bloomington, MN-WI",Saint Croix County,383760.6604792694,0.21,1599.8333333333333,NA,19198,0.417,20,5,3.25,Lean Rent,10879,7.14,NA,NA,NA,NA,NA,NA,2026-06-30,2026-06-30
Gold Canyon,AZ,"Phoenix-Mesa-Chandler, AZ",Pinal County,483076.58483496663,-1.98,2013.3333333333333,NA,24160,0.417,20,5,3.25,Lean Rent,NA,NA,513862,19.44,51.32,12.6,6.32,19.48,2026-06-30,2026-06-30
Paradise,CA,"Chico, CA",Butte County,337564.0411147894,-2.78,1408.6111111111113,2.12,16903.333333333336,0.417,20,5.01,3.25,Lean Rent,9114,79.09,208334,-0.9,6.92,9.69,5.88,41.72,2026-06-30,2026-06-30
Gotha,FL,"Orlando-Kissimmee-Sanford, FL",Orange County,507578.40547492594,-1.73,2115,NA,25380,0.417,20,5,3.25,Lean Rent,NA,NA,NA,NA,NA,NA,NA,NA,2026-06-30,2026-06-30
Guerneville,CA,"Santa Rosa-Petaluma, CA",Sonoma County,540248.0185772321,-4.59,2252.5,NA,27030,0.417,20,5,3.25,Lean Rent,NA,NA,NA,NA,NA,NA,NA,NA,2026-06-30,2026-06-30
Redding,CA,"Redding, CA",Shasta County,394739.4214086091,-1.04,1641.767788018433,2.91,19701.213456221198,0.416,20,4.99,3.24,Lean Rent,93502,-0.32,181121,-0.59,7.25,10.38,5.09,34.65,2026-06-30,2026-06-30
Lake Elsinore,CA,"Riverside-San Bernardino-Ontario, CA",Riverside County,586307.4923816301,-0.77,2435.8347338935573,1.86,29230.016806722688,0.415,20.1,4.99,3.24,Lean Rent,73595,4.3,2529933,4.34,7.33,11.37,4.89,31.14,2026-06-30,2026-06-30
Shawnee,KS,"Kansas City, MO-KS",Johnson County,432969.86033984896,4.76,1796.36,-0.18,21556.32,0.415,20.1,4.98,3.24,Lean Rent,69724,3.4,632276,3.45,6.72,4.13,5,31.44,2026-06-30,2026-06-30
Hendersonville,NC,"Asheville, NC",Henderson County,416631.4465857028,-2.14,1730.0582010582011,7.01,20760.698412698413,0.415,20.1,4.98,3.24,Lean Rent,15656,2.93,120771,3.6,13.84,12.06,6.26,25.79,2026-06-30,2026-06-30
Westfield,IN,"Indianapolis-Carmel-Anderson, IN",Hamilton County,478817.70781669376,2.82,1986.2738505747127,2.51,23835.28620689655,0.415,20.1,4.98,3.24,Lean Rent,62994,33.96,379704,8.79,14.45,5.14,7.51,23.72,2026-06-30,2026-06-30
Woodburn,OR,"Salem, OR",Marion County,429505.3010160643,0.49,1784.5367965367966,-2.72,21414.44155844156,0.415,20.1,4.99,3.24,Lean Rent,30449,16.81,352867,1.89,7.06,3.97,4.07,37.76,2026-06-30,2026-06-30
Olney,MD,"Washington-Arlington-Alexandria, DC-VA-MD-WV",Montgomery County,675500.4350077626,-0.34,2803.3333333333335,NA,33640,0.415,20.1,4.98,3.24,Lean Rent,NA,NA,NA,NA,NA,NA,NA,NA,2026-06-30,2026-06-30
Elko,NV,"Elko, NV",Elko County,364923.4183520708,1.6,1517.2,NA,18206.4,0.416,20,4.99,3.24,Lean Rent,20822,1.29,54363,1.28,-1.38,11.29,10.03,29.55,2026-06-30,2026-06-30
Universal City,TX,"San Antonio-New Braunfels, TX",Bexar County,268166.1714551559,-2.77,1114.5842203548084,-2.23,13375.010644257702,0.416,20,4.99,3.24,Lean Rent,20267,2.6,2127737,5.56,8.6,8.27,8.16,40.89,2026-06-30,2026-06-30
Harriman,TN,"Knoxville, TN",Roane County,247616.03916031713,5.64,1028.3333333333333,NA,12340,0.415,20.1,4.98,3.24,Lean Rent,NA,NA,NA,NA,NA,NA,NA,NA,2026-06-30,2026-06-30
Lake Forest,IL,"Chicago-Naperville-Elgin, IL-IN-WI",Lake County,1246312.3934040202,9.39,5170.88888888889,NA,62050.66666666667,0.415,20.1,4.98,3.24,Lean Rent,19642,1.51,718604,0.73,3.75,4.97,4.19,25.6,2026-06-30,2026-06-30
Webster,MA,"Worcester, MA-CT",Worcester County,451862.6610885185,2.32,1877.8333333333333,NA,22534,0.416,20.1,4.99,3.24,Lean Rent,NA,NA,NA,NA,NA,NA,NA,NA,2026-06-30,2026-06-30
Plain City,OH,"Columbus, OH",Madison County,549940.0162908924,0.58,2283.4666666666667,-3.78,27401.6,0.415,20.1,4.98,3.24,Lean Rent,4374,5.37,45531,3.81,18.95,6.11,5.67,24.05,2026-06-30,2026-06-30
Spring Lake,MI,"Grand Rapids-Kentwood, MI",Ottawa County,434683.2793262201,5.98,1808.3333333333333,NA,21700,0.416,20,4.99,3.24,Lean Rent,2510,-1.14,306235,3.14,6.51,5.3,2.83,21.5,2026-06-30,2026-06-30
Jacksonville,TX,"Jacksonville, TX",Cherokee County,215343.05212782335,-1.86,895,NA,10740,0.416,20.1,4.99,3.24,Lean Rent,NA,NA,NA,NA,NA,NA,NA,NA,2026-06-30,2026-06-30
Edgemere,MD,"Baltimore-Columbia-Towson, MD",Baltimore County,383182.5832362841,1.59,1590,NA,19080,0.415,20.1,4.98,3.24,Lean Rent,NA,NA,NA,NA,NA,NA,NA,NA,2026-06-30,2026-06-30
Vallejo,CA,"Vallejo, CA",Solano County,526807.524450591,-4.25,2180.99074802576,0.34,26171.888976309117,0.414,20.1,4.97,3.23,Lean Rent,123475,-1.95,455101,0.49,7.61,4.68,3.13,36.77,2026-06-30,2026-06-30
Canton,GA,"Atlanta-Sandy Springs-Alpharetta, GA",Cherokee County,521728.4527845325,-0.12,2161.8754542948095,0.52,25942.505451537712,0.414,20.1,4.97,3.23,Lean Rent,38049,13.94,293513,9.45,18.15,4.61,5.09,22.59,2026-06-30,2026-06-30
Porterville,CA,"Visalia, CA",Tulare County,332605.8692316927,0.23,1377.0833333333333,5.58,16525,0.414,20.1,4.97,3.23,Lean Rent,63517,0.81,483546,2.03,-1.06,6.89,2.76,41.38,2026-06-30,2026-06-30
Wheaton,IL,"Chicago-Naperville-Elgin, IL-IN-WI",DuPage County,524542.345894039,5.2,2169.2820192774425,0.87,26031.38423132931,0.414,20.2,4.96,3.23,Lean Rent,53741,-0.29,937142,0.6,5.3,4.53,5.6,26.87,2026-06-30,2026-06-30
Delaware,OH,"Columbus, OH",Delaware County,417715.0964708075,0.23,1729.2466460268315,2.82,20750.959752321978,0.414,20.1,4.97,3.23,Lean Rent,46521,11.53,237966,10.6,19.13,4.46,4.27,21.81,2026-06-30,2026-06-30
Oxford,OH,"Cincinnati, OH-KY-IN",Butler County,351650.05071992305,2.61,1455.2222222222224,NA,17462.666666666668,0.414,20.1,4.97,3.23,Lean Rent,22585,-2,399542,2.21,8.05,6.17,4.38,30.13,2026-06-30,2026-06-30
American Canyon,CA,"Napa, CA",Napa County,736029.5877628323,-2.38,3046.8333333333335,NA,36562,0.414,20.1,4.97,3.23,Lean Rent,21742,-0.26,132727,-3.45,-4.02,10.68,4.97,35.6,2026-06-30,2026-06-30
Big Lake,MN,"Minneapolis-St. Paul-Bloomington, MN-WI",Sherburne County,379876.0368839901,1.9,1572.5,NA,18870,0.414,20.1,4.97,3.23,Lean Rent,NA,NA,NA,NA,NA,NA,NA,NA,2026-06-30,2026-06-30
Avon,CT,"Hartford-East Hartford-Middletown, CT",Hartford County,594563.5822436031,4.66,2458.3333333333335,NA,29500,0.413,20.2,4.96,3.23,Lean Rent,NA,NA,NA,NA,NA,NA,NA,NA,2026-06-30,2026-06-30
Plainville,CT,"Hartford-East Hartford-Middletown, CT",Hartford County,352363.9839178738,6.4,1460.4166666666667,NA,17525,0.414,20.1,4.97,3.23,Lean Rent,NA,NA,NA,NA,NA,NA,NA,NA,2026-06-30,2026-06-30
Saint Helens,OR,"Portland-Vancouver-Hillsboro, OR-WA",Columbia County,429445.6002281585,-0.43,1776.8055555555557,1.62,21321.666666666668,0.414,20.1,4.96,3.23,Lean Rent,NA,NA,54063,2.56,5.09,5.78,1.31,24.29,2026-06-30,2026-06-30
Martin,TN,"Martin, TN",Weakley County,224769.06773307393,6.2,930.3968253968254,NA,11164.761904761905,0.414,20.1,4.97,3.23,Lean Rent,NA,NA,NA,NA,NA,NA,NA,NA,2026-06-30,2026-06-30
Blue Ash,OH,"Cincinnati, OH-KY-IN",Hamilton County,457079.97756496136,2.3,1890.8166666666664,1.25,22689.799999999996,0.414,20.1,4.96,3.23,Lean Rent,13616,1.57,837359,0.84,4.18,7.42,4.2,41.01,2026-06-30,2026-06-30
Webster,TX,"Houston-The Woodlands-Sugar Land, TX",Harris County,326863.4475630278,1.13,1354.6666666666667,-1.94,16256,0.414,20.1,4.97,3.23,Lean Rent,12548,0.8,5009302,5.78,13.97,8.3,8.76,45.24,2026-06-30,2026-06-30
River Ridge,LA,"New Orleans-Metairie, LA",Jefferson Parish,362313.371645455,9.06,1498.3333333333333,NA,17980,0.414,20.2,4.96,3.23,Lean Rent,NA,NA,NA,NA,NA,NA,NA,NA,2026-06-30,2026-06-30
Johnstown,CO,"Greeley, CO",Weld County,507666.0397438411,-3.57,2104.052380952381,0.88,25248.628571428573,0.414,20.1,4.97,3.23,Lean Rent,20639,18.84,369745,11.55,19.05,4.01,5.91,24.45,2026-06-30,2026-06-30
Farmington,MI,"Detroit-Warren-Dearborn, MI",Oakland County,338684.9653879006,3.2,1403.1666666666663,NA,16837.999999999996,0.414,20.1,4.97,3.23,Lean Rent,NA,NA,NA,NA,NA,NA,NA,NA,2026-06-30,2026-06-30
College Station,TX,"College Station-Bryan, TX",Brazos County,349845.3072193302,0.2,1446.2763348082597,2.03,17355.316017699115,0.413,20.2,4.96,3.22,Lean Rent,128023,6,249624,6.44,3.39,10.8,8.47,53.21,2026-06-30,2026-06-30
Gaithersburg,MD,"Washington-Arlington-Alexandria, DC-VA-MD-WV",Montgomery County,529015.7791168679,-2.11,2187.274745906268,0.6,26247.296950875214,0.413,20.2,4.96,3.22,Lean Rent,70686,1.74,1082273,2.02,7.76,4.26,3.68,34.66,2026-06-30,2026-06-30
North Richland Hills,TX,"Dallas-Fort Worth-Arlington, TX",Tarrant County,372578.06370906,-0.27,1539.264595103578,0.72,18471.175141242937,0.413,20.2,4.96,3.22,Lean Rent,71436,1.62,2230708,5.41,8.74,7.08,7.73,40.64,2026-06-30,2026-06-30
Plainfield,NJ,"New York-Newark-Jersey City, NY-NJ-PA",Union County,526196.7311634226,0.11,2173.6111111111113,NA,26083.333333333336,0.413,20.2,4.96,3.22,Lean Rent,56507,3.98,594160,3.57,15.84,4.55,3.18,42.39,2026-06-30,2026-06-30
Ceres,CA,"Modesto, CA",Stanislaus County,456918.61658873176,-0.17,1884.4444444444443,NA,22613.333333333332,0.412,20.2,4.95,3.22,Lean Rent,49253,-0.89,556972,0.59,2.04,4.22,2.75,39,2026-06-30,2026-06-30
Powell,OH,"Columbus, OH",Delaware County,580468.4374711282,-0.37,2394.5026455026455,1.17,28734.031746031746,0.413,20.2,4.95,3.22,Lean Rent,14613,2.55,237966,10.6,19.13,4.46,4.27,21.81,2026-06-30,2026-06-30
Culpeper,VA,"Washington-Arlington-Alexandria, DC-VA-MD-WV",Culpeper County,462647.21494165465,3.26,1908.2333333333331,4.87,22898.799999999996,0.412,20.2,4.95,3.22,Lean Rent,21464,6.44,56125,6.37,16.37,4.84,1.7,25.48,2026-06-30,2026-06-30
Graham,WA,"Seattle-Tacoma-Bellevue, WA",Pierce County,604771.6749470802,-0.55,2499.0833333333335,5.01,29989,0.413,20.2,4.96,3.22,Lean Rent,NA,NA,941170,1.9,6.6,5.21,4.02,35.21,2026-06-30,2026-06-30
Lakewood Ranch,FL,"North Port-Sarasota-Bradenton, FL",Manatee County,587150.0775929968,-5.63,2426.1292517006805,-1.44,29113.551020408166,0.413,20.2,4.96,3.22,Lean Rent,NA,NA,458352,14.12,32.53,21.45,16.3,25.31,2026-06-30,2026-06-30
Crawfordsville,IN,"Crawfordsville, IN",Montgomery County,231278.40422603505,2.94,953.7666666666664,7.34,11445.199999999997,0.412,20.2,4.95,3.22,Lean Rent,16594,1.52,38633,1.82,1.55,6.11,5.12,22.19,2026-06-30,2026-06-30
Lyndhurst,NJ,"New York-Newark-Jersey City, NY-NJ-PA",Bergen County,657152.7330685374,3.39,2708.8222222222225,-1.1,32505.86666666667,0.412,20.2,4.95,3.22,Lean Rent,NA,NA,978641,2.61,10.38,4.13,3.53,34.64,2026-06-30,2026-06-30
Secaucus,NJ,"New York-Newark-Jersey City, NY-NJ-PA",Hudson County,669199.9135052004,4.05,2763.896825396825,2.68,33166.7619047619,0.413,20.2,4.96,3.22,Lean Rent,22710,3.05,736185,1.98,14.43,6.78,4.46,68.82,2026-06-30,2026-06-30
Metuchen,NJ,"New York-Newark-Jersey City, NY-NJ-PA",Middlesex County,700726.5306584379,1.87,2893.8888888888887,4.7,34726.666666666664,0.413,20.2,4.96,3.22,Lean Rent,15470,2.76,890119,3.33,12.92,3.48,2.61,36.53,2026-06-30,2026-06-30
Dallas,PA,"Scranton--Wilkes-Barre, PA",Luzerne County,310155.2812718513,0,1280,NA,15360,0.413,20.2,4.95,3.22,Lean Rent,NA,NA,NA,NA,NA,NA,NA,NA,2026-06-30,2026-06-30
Beaver,PA,"Pittsburgh, PA",Beaver County,283169.6015802904,4.45,1170.4166666666667,NA,14045,0.413,20.2,4.96,3.22,Lean Rent,4336,-2.01,165540,-1.38,4.65,9.08,7.23,25.47,2026-06-30,2026-06-30
Little Ferry,NJ,"New York-Newark-Jersey City, NY-NJ-PA",Bergen County,603675.699842298,3.95,2491.944444444445,NA,29903.333333333336,0.413,20.2,4.95,3.22,Lean Rent,11137,1.67,978641,2.61,10.38,4.13,3.53,34.64,2026-06-30,2026-06-30
Port Royal,SC,"Hilton Head Island-Bluffton, SC",Beaufort County,365187.0880926231,6.4,1505.375,8.01,18064.5,0.412,20.2,4.95,3.22,Lean Rent,16507,13.21,201775,7.42,14.95,22.12,17.97,24.27,2026-06-30,2026-06-30
Elizabeth,NJ,"New York-Newark-Jersey City, NY-NJ-PA",Union County,547806.1662224815,1.16,2255.1642495126707,0.92,27061.97099415205,0.412,20.2,4.94,3.21,Lean Rent,140413,2.73,594160,3.57,15.84,4.55,3.18,42.39,2026-06-30,2026-06-30
Grand Junction,CO,"Grand Junction, CO",Mesa County,429488.1611766355,2.08,1767.824458574495,4.08,21213.89350289394,0.412,20.2,4.94,3.21,Lean Rent,70554,7.29,161260,3.36,11.09,6.25,3.88,28.11,2026-06-30,2026-06-30
Lodi,CA,"Stockton, CA",San Joaquin County,518964.5878548214,-2.43,2137.2883597883597,4.02,25647.460317460318,0.412,20.2,4.94,3.21,Lean Rent,68642,3.31,816108,4.54,9.17,6.02,3.67,38.47,2026-06-30,2026-06-30
Lakeville,MN,"Minneapolis-St. Paul-Bloomington, MN-WI",Dakota County,493680.957437357,0.9,2028.6422578184593,1.71,24343.70709382151,0.411,20.3,4.93,3.21,Lean Rent,77971,11.34,453156,2.89,6.72,2.73,3.92,24.65,2026-06-30,2026-06-30
Downingtown,PA,"Philadelphia-Camden-Wilmington, PA-NJ-DE-MD",Chester County,598849.6901269155,2.45,2463.575512207091,3.24,29562.90614648509,0.411,20.3,4.94,3.21,Lean Rent,8463,5.56,560745,4.84,7.29,3.95,3.98,25.05,2026-06-30,2026-06-30
Trumbull,CT,"Bridgeport-Stamford-Norwalk, CT",Fairfield County,691601.038066798,5.41,2843.555555555555,3.91,34122.666666666664,0.411,20.3,4.93,3.21,Lean Rent,NA,NA,NA,NA,NA,NA,NA,NA,2026-06-30,2026-06-30
Dedham,MA,"Boston-Cambridge-Newton, MA-NH",Norfolk County,783813.0233351231,1.43,3225.5166666666664,1.24,38706.2,0.412,20.3,4.94,3.21,Lean Rent,NA,NA,740754,2.35,9.81,4.09,3.95,31.48,2026-06-30,2026-06-30
Syosset,NY,"New York-Newark-Jersey City, NY-NJ-PA",Nassau County,1134639.7116114253,4.19,4666.666666666667,NA,56000,0.411,20.3,4.94,3.21,Lean Rent,NA,NA,NA,NA,NA,NA,NA,NA,2026-06-30,2026-06-30
Maitland,FL,"Orlando-Kissimmee-Sanford, FL",Orange County,484057.78033791314,0.39,1994.0012626262624,1.08,23928.01515151515,0.412,20.2,4.94,3.21,Lean Rent,19776,1.6,1533646,7.12,16.48,11.72,10.93,42.64,2026-06-30,2026-06-30
Hawthorne,NJ,"New York-Newark-Jersey City, NY-NJ-PA",Passaic County,652494.0859818697,5.94,2682.5,NA,32190,0.411,20.3,4.93,3.21,Lean Rent,NA,NA,NA,NA,NA,NA,NA,NA,2026-06-30,2026-06-30
Middletown,RI,"Providence-Warwick, RI-MA",Newport County,784591.6839717831,5.03,3228.527777777778,-1.05,38742.333333333336,0.411,20.3,4.94,3.21,Lean Rent,NA,NA,83468,-2.39,-1.38,16.92,7.6,32.56,2026-06-30,2026-06-30
Marble Falls,TX,"Austin-Round Rock-Georgetown, TX",Burnet County,407851.1333186623,-2.86,1680.6049107142856,-1.06,20167.258928571428,0.412,20.2,4.94,3.21,Lean Rent,9413,33.01,55722,12.62,25.54,20.26,4.76,22.75,2026-06-30,2026-06-30
Kensington,MD,"Washington-Arlington-Alexandria, DC-VA-MD-WV",Montgomery County,821700.6270438964,-1.76,3381.944444444445,NA,40583.333333333336,0.412,20.2,4.94,3.21,Lean Rent,2155,1.27,1082273,2.02,7.76,4.26,3.68,34.66,2026-06-30,2026-06-30
Havre,MT,NA,Hill County,239672.8788615726,7.75,987.5,NA,11850,0.412,20.2,4.94,3.21,Lean Rent,NA,NA,NA,NA,NA,NA,NA,NA,2026-06-30,2026-06-30
Midland,WA,"Seattle-Tacoma-Bellevue, WA",Pierce County,493086.3903249065,0.28,2028.5,NA,24342,0.411,20.3,4.94,3.21,Lean Rent,NA,NA,NA,NA,NA,NA,NA,NA,2026-06-30,2026-06-30
South Berwick,ME,"Portland-South Portland, ME",York County,535378.0325494265,2.36,2200,NA,26400,0.411,20.3,4.93,3.21,Lean Rent,NA,NA,NA,NA,NA,NA,NA,NA,2026-06-30,2026-06-30
Lutz,FL,"Tampa-St. Petersburg-Clearwater, FL",Hillsborough County,491211.3420153141,-2.03,2015.9004791504792,-3.06,24190.80574980575,0.41,20.3,4.92,3.2,Lean Rent,NA,NA,1581426,7.85,12.2,7.8,6.74,38.94,2026-06-30,2026-06-30
Hilliard,OH,"Columbus, OH",Franklin County,391812.43705548934,0.79,1607.0559523809525,2.48,19284.67142857143,0.41,20.3,4.92,3.2,Lean Rent,38832,4.42,1356303,2.4,7.58,6.96,3.98,47.03,2026-06-30,2026-06-30
East Brunswick,NJ,"New York-Newark-Jersey City, NY-NJ-PA",Middlesex County,640035.0199396418,3.5,2626.2063492063494,3.12,31514.47619047619,0.41,20.3,4.92,3.2,Lean Rent,NA,NA,890119,3.33,12.92,3.48,2.61,36.53,2026-06-30,2026-06-30
Concord,NH,"Concord, NH",Merrimack County,459761.06905056024,3.13,1885.9166666666667,5.94,22631,0.41,20.3,4.92,3.2,Lean Rent,44674,1.44,157869,2.49,7.68,8.53,4.51,26.5,2026-06-30,2026-06-30
Brookfield,WI,"Milwaukee-Waukesha, WI",Waukesha County,537316.6281468564,4.83,2207.0208333333335,1.48,26484.25,0.411,20.3,4.93,3.2,Lean Rent,41268,-0.51,417029,2.33,7.17,3.9,4.02,23.57,2026-06-30,2026-06-30
South Lake Tahoe,CA,"Sacramento-Roseville-Folsom, CA",El Dorado County,665209.2386644549,-0.46,2729.4748338081677,11.03,32753.69800569801,0.41,20.3,4.92,3.2,Lean Rent,21225,-0.37,192823,0.82,3.5,19.67,6.98,23.61,2026-06-30,2026-06-30
King of Prussia,PA,"Philadelphia-Camden-Wilmington, PA-NJ-DE-MD",Montgomery County,515085.0303965739,3.39,2111.178828896955,2.99,25334.145946763463,0.41,20.3,4.92,3.2,Lean Rent,NA,NA,879190,2.6,7.92,4.35,5.68,28.27,2026-06-30,2026-06-30
Northfield,MN,"Faribault-Northfield, MN",Rice County,399574.8226253087,2.65,1640.3333333333333,NA,19684,0.411,20.3,4.93,3.2,Lean Rent,21316,2.38,69025,2.87,7.49,7.26,4.41,24.12,2026-06-30,2026-06-30
Brevard,NC,"Brevard, NC",Transylvania County,465305.2628171423,-1.65,1911.6666666666667,NA,22940,0.411,20.3,4.93,3.2,Lean Rent,NA,NA,NA,NA,NA,NA,NA,NA,2026-06-30,2026-06-30
Sandwich,MA,"Barnstable Town, MA",Barnstable County,700575.1805977895,2.15,2875,NA,34500,0.41,20.3,4.92,3.2,Lean Rent,NA,NA,NA,NA,NA,NA,NA,NA,2026-06-30,2026-06-30
Babylon,NY,"New York-Newark-Jersey City, NY-NJ-PA",Suffolk County,768049.6522625027,-0.32,3151.6666666666665,NA,37820,0.41,20.3,4.92,3.2,Lean Rent,12193,0.21,1535909,0.9,2.22,11.64,3.67,18.09,2026-06-30,2026-06-30
Lees Summit,MO,"Kansas City, MO-KS",Jackson County,398656.00246003,2.68,1631.9847814125649,2.92,19583.817376950778,0.409,20.4,4.91,3.19,Lean Rent,NA,NA,727362,1.35,6.69,9.2,4.42,41.15,2026-06-30,2026-06-30
Quakertown,PA,"Philadelphia-Camden-Wilmington, PA-NJ-DE-MD",Bucks County,453428.463867602,4.01,1852.6444444444444,0.13,22231.733333333334,0.409,20.4,4.9,3.19,Lean Rent,9302,-0.69,650131,0.61,4.89,3.41,3.04,21.99,2026-06-30,2026-06-30
Wildomar,CA,"Riverside-San Bernardino-Ontario, CA",Riverside County,658731.271650793,-0.56,2697.50873015873,2.52,32370.10476190476,0.41,20.3,4.91,3.19,Lean Rent,37736,2.19,2529933,4.34,7.33,11.37,4.89,31.14,2026-06-30,2026-06-30
Cranberry Township,PA,"Pittsburgh, PA",Butler County,463227.158344979,2.64,1891.9451985922576,0.95,22703.34238310709,0.408,20.4,4.9,3.19,Lean Rent,NA,NA,199341,2.72,5.8,7.12,5.23,23.63,2026-06-30,2026-06-30
Lenoir City,TN,"Knoxville, TN",Loudon County,422910.6564129512,2.04,1731.5530303030305,2.34,20778.636363636368,0.409,20.4,4.91,3.19,Lean Rent,12041,18.91,62129,12.68,29.63,7.78,3.77,19.05,2026-06-30,2026-06-30
The Dalles,OR,"The Dalles, OR",Wasco County,399201.1460407769,2.32,1632.0833333333333,2.55,19585,0.409,20.4,4.91,3.19,Lean Rent,15884,-0.61,26507,-0.39,8.9,13.97,2.39,33.78,2026-06-30,2026-06-30
Rhinelander,WI,NA,Oneida County,268101.8465008125,7.06,1095,NA,13140,0.408,20.4,4.9,3.19,Lean Rent,NA,NA,NA,NA,NA,NA,NA,NA,2026-06-30,2026-06-30
Yardley,PA,"Philadelphia-Camden-Wilmington, PA-NJ-DE-MD",Bucks County,649898.7901118688,4.04,2660.7222222222226,1.87,31928.66666666667,0.409,20.4,4.91,3.19,Lean Rent,2591,-0.46,650131,0.61,4.89,3.41,3.04,21.99,2026-06-30,2026-06-30
Larchmont,NY,"New York-Newark-Jersey City, NY-NJ-PA",Westchester County,1761205.7540302975,11.49,7202.222222222223,NA,86426.66666666667,0.409,20.4,4.91,3.19,Lean Rent,NA,NA,NA,NA,NA,NA,NA,NA,2026-06-30,2026-06-30
Asbury Park,NJ,"New York-Newark-Jersey City, NY-NJ-PA",Monmouth County,701723.6288658433,3.9,2871.6666666666665,9.23,34460,0.409,20.4,4.91,3.19,Lean Rent,15473,2.02,647520,0.74,2.8,7.24,3.49,24.63,2026-06-30,2026-06-30
Port Jefferson,NY,"New York-Newark-Jersey City, NY-NJ-PA",Suffolk County,774571.5431464674,6.27,3165.2833333333333,NA,37983.4,0.409,20.4,4.9,3.19,Lean Rent,NA,NA,NA,NA,NA,NA,NA,NA,2026-06-30,2026-06-30
Richmond,CA,"San Francisco-Oakland-Berkeley, CA",Contra Costa County,614961.7156202438,-3.39,2508.540184453228,2.51,30102.482213438736,0.408,20.4,4.9,3.18,Lean Rent,115353,-0.71,1172607,0.55,6.48,3.5,2.91,32.35,2026-06-30,2026-06-30
Papillion,NE,"Omaha-Council Bluffs, NE-IA",Sarpy County,415721.1265632541,1.68,1692.871794871795,2.33,20314.46153846154,0.407,20.5,4.89,3.18,Lean Rent,25248,-1.21,204828,7.14,15.85,3.5,4.21,29.38,2026-06-30,2026-06-30
Spanish Fork,UT,"Provo-Orem, UT",Utah County,521755.57192084607,1.53,2127.0634920634925,4,25524.76190476191,0.408,20.4,4.89,3.18,Lean Rent,47809,11.81,747234,12.6,17.51,3.79,2.69,31.87,2026-06-30,2026-06-30
Marysville,OH,"Columbus, OH",Union County,375608.3104623282,1.6,1533.0358974358976,0.56,18396.43076923077,0.408,20.4,4.9,3.18,Lean Rent,29276,13.91,71721,13.68,24.29,3.3,1.04,20.63,2026-06-30,2026-06-30
Cumberland,RI,"Providence-Warwick, RI-MA",Providence County,528985.5651635303,2.71,2159.808080808081,3.68,25917.696969696968,0.408,20.4,4.9,3.18,Lean Rent,NA,NA,675912,2.4,11.33,7.44,4.46,43.38,2026-06-30,2026-06-30
Dover,NH,"Boston-Cambridge-Newton, MA-NH",Strafford County,556223.3583736982,1.54,2267.234632034632,1.58,27206.815584415584,0.408,20.4,4.89,3.18,Lean Rent,33909,3.43,134202,2.39,5.98,7.97,5.97,33.02,2026-06-30,2026-06-30
Woodridge,IL,"Chicago-Naperville-Elgin, IL-IN-WI",DuPage County,421544.2350551525,3.02,1718.1113053613053,-0.39,20617.335664335664,0.408,20.4,4.89,3.18,Lean Rent,34103,-0.04,937142,0.6,5.3,4.53,5.6,26.87,2026-06-30,2026-06-30
Erie,CO,"Greeley, CO",Weld County,732095.2348942957,-2.18,2988.6170634920636,0.74,35863.40476190476,0.408,20.4,4.9,3.18,Lean Rent,38594,26.9,369745,11.55,19.05,4.01,5.91,24.45,2026-06-30,2026-06-30
Pecan Grove,TX,"Houston-The Woodlands-Sugar Land, TX",Fort Bend County,404019.82924664905,-1.54,1647.6076923076923,1.77,19771.292307692307,0.408,20.4,4.89,3.18,Lean Rent,NA,NA,958434,15.57,27.37,4.23,6.33,22.52,2026-06-30,2026-06-30
Ashland,MA,"Boston-Cambridge-Newton, MA-NH",Middlesex County,682019.8326856724,0.05,2777.4973544973545,NA,33329.968253968254,0.407,20.5,4.89,3.18,Lean Rent,NA,NA,1668956,2.54,11.63,4.52,2.96,38.37,2026-06-30,2026-06-30
Owens Cross Roads,AL,"Huntsville, AL",Madison County,436329.68215845287,1.42,1781.4722222222224,3.23,21377.666666666668,0.408,20.4,4.9,3.18,Lean Rent,3164,18.9,423355,8.41,20.5,7.01,5.85,31.22,2026-06-30,2026-06-30
Grimes,IA,"Des Moines-West Des Moines, IA",Polk County,351742.6852943322,-0.38,1434.9702650290883,2.29,17219.64318034906,0.408,20.4,4.9,3.18,Lean Rent,17266,9.85,516185,4.69,12.01,5.87,5,32.93,2026-06-30,2026-06-30
Bogart,GA,"Athens-Clarke County, GA",Oconee County,483712.5054674961,1.1,1972.222222222222,NA,23666.666666666664,0.408,20.4,4.89,3.18,Lean Rent,NA,NA,NA,NA,NA,NA,NA,NA,2026-06-30,2026-06-30
Glen Allen,VA,"Richmond, VA",Henrico County,520344.73888156866,0.52,2113.1496731853185,3.73,25357.796078223822,0.406,20.5,4.87,3.17,Lean Rent,NA,NA,338696,1.12,7.45,5.15,5.64,35.38,2026-06-30,2026-06-30
Reston,VA,"Washington-Arlington-Alexandria, DC-VA-MD-WV",Fairfax County,639125.9018092832,-0.91,2597.713659130906,1.6,31172.56390957087,0.406,20.5,4.88,3.17,Lean Rent,NA,NA,1160925,1.07,6.94,3.66,4.16,31.65,2026-06-30,2026-06-30
Webster,NY,"Rochester, NY",Monroe County,407096.089827623,4.92,1656.7445038621509,-0.12,19880.93404634581,0.407,20.5,4.88,3.17,Lean Rent,5787,1.56,752202,-0.73,1.18,6.27,5.62,36.48,2026-06-30,2026-06-30
Ballwin,MO,"St. Louis, MO-IL",Saint Louis County,424467.6607068183,2.02,1722.4454545454546,5.17,20669.345454545455,0.406,20.5,4.87,3.17,Lean Rent,31036,-1.99,NA,NA,NA,NA,NA,NA,2026-06-30,2026-06-30
Garfield,NJ,"New York-Newark-Jersey City, NY-NJ-PA",Bergen County,595434.0524902738,1.62,2422.6759259259256,8.75,29072.11111111111,0.407,20.5,4.88,3.17,Lean Rent,33530,2.98,978641,2.61,10.38,4.13,3.53,34.64,2026-06-30,2026-06-30
Sevierville,TN,"Sevierville, TN",Sevier County,421597.970842389,-0.73,1710.7407407407409,13.63,20528.88888888889,0.406,20.5,4.87,3.17,Lean Rent,18231,-1.25,100184,1.33,1.38,32.15,23.3,28.02,2026-06-30,2026-06-30
Chalfont,PA,"Philadelphia-Camden-Wilmington, PA-NJ-DE-MD",Bucks County,621321.6824123947,3.54,2525.555555555555,NA,30306.666666666664,0.406,20.5,4.88,3.17,Lean Rent,NA,NA,NA,NA,NA,NA,NA,NA,2026-06-30,2026-06-30
Saint Michael,MN,"Minneapolis-St. Paul-Bloomington, MN-WI",Wright County,437875.9154867273,-0.24,1778.4761904761906,6.31,21341.714285714286,0.406,20.5,4.87,3.17,Lean Rent,NA,NA,154593,8.96,15.08,6.05,2.93,15.74,2026-06-30,2026-06-30
Plymouth Meeting,PA,"Philadelphia-Camden-Wilmington, PA-NJ-DE-MD",Montgomery County,557997.8069213777,2.81,2269.5666666666666,5.44,27234.8,0.407,20.5,4.88,3.17,Lean Rent,NA,NA,879190,2.6,7.92,4.35,5.68,28.27,2026-06-30,2026-06-30
Roselle Park,NJ,"New York-Newark-Jersey City, NY-NJ-PA",Union County,552963.1050133187,0.2,2245,NA,26940,0.406,20.5,4.87,3.17,Lean Rent,NA,NA,NA,NA,NA,NA,NA,NA,2026-06-30,2026-06-30
Lampasas,TX,"Killeen-Temple, TX",Lampasas County,295065.5878353516,1.41,1200,NA,14400,0.407,20.5,4.88,3.17,Lean Rent,NA,NA,NA,NA,NA,NA,NA,NA,2026-06-30,2026-06-30
Fairview,TN,"Nashville-Davidson--Murfreesboro--Franklin, TN",Williamson County,545382.0673343654,0.16,2215.5,NA,26586,0.406,20.5,4.87,3.17,Lean Rent,NA,NA,NA,NA,NA,NA,NA,NA,2026-06-30,2026-06-30
Bound Brook,NJ,"New York-Newark-Jersey City, NY-NJ-PA",Somerset County,522037.064579596,-0.51,2118.4714285714285,5.43,25421.65714285714,0.406,20.5,4.87,3.17,Lean Rent,12643,5.78,357467,3.68,12.99,2.54,1.98,25.53,2026-06-30,2026-06-30
Firestone,CO,"Greeley, CO",Weld County,582537.1799033183,-3.09,2370.0833333333335,33.79,28441,0.407,20.5,4.88,3.17,Lean Rent,NA,NA,NA,NA,NA,NA,NA,NA,2026-06-30,2026-06-30
McFarland,WI,"Madison, WI",Dane County,497209.40318308974,1.77,2021.6666666666667,NA,24260,0.407,20.5,4.88,3.17,Lean Rent,NA,NA,NA,NA,NA,NA,NA,NA,2026-06-30,2026-06-30
Lansing,KS,"Kansas City, MO-KS",Leavenworth County,331823.4675793454,4.7,1350,NA,16200,0.407,20.5,4.88,3.17,Lean Rent,NA,NA,NA,NA,NA,NA,NA,NA,2026-06-30,2026-06-30
Las Vegas,NV,"Las Vegas-Henderson-Paradise, NV",Clark County,425535.1767946024,-3.13,1721.8127771380557,0.47,20661.753325656668,0.405,20.6,4.86,3.16,Lean Rent,678922,4.81,2398871,5.4,16.64,9.46,7.1,42.95,2026-06-30,2026-06-30
Roseville,CA,"Sacramento-Roseville-Folsom, CA",Placer County,652215.7806746466,-0.56,2644.523844057665,2.22,31734.28612869198,0.405,20.6,4.87,3.16,Lean Rent,163304,9.95,433822,6.87,21.94,11.81,3.91,25.72,2026-06-30,2026-06-30
Stamford,CT,"Bridgeport-Stamford-Norwalk, CT",Fairfield County,730251.877150722,6.78,2954.0334707571024,1.03,35448.40164908523,0.405,20.6,4.85,3.16,Lean Rent,139134,2.7,NA,NA,NA,NA,NA,NA,2026-06-30,2026-06-30
Janesville,WI,"Janesville-Beloit, WI",Rock County,300088.85945247486,6.05,1213.9186507936508,5.23,14567.02380952381,0.405,20.6,4.85,3.16,Lean Rent,66428,1.18,165461,1.04,5.98,5.72,3.48,29.36,2026-06-30,2026-06-30
Minot,ND,"Minot, ND",Ward County,282148.30464612227,3.63,1142.788372093023,6.38,13713.460465116277,0.405,20.6,4.86,3.16,Lean Rent,47440,-1.96,68427,-2.14,-6.31,12.61,6.55,38.08,2026-06-30,2026-06-30
Attleboro,MA,"Providence-Warwick, RI-MA",Bristol County,548291.8774371854,2.88,2224.5,8.65,26694,0.406,20.5,4.87,3.16,Lean Rent,47085,1.31,588593,2.05,7.41,4.9,2.27,37.75,2026-06-30,2026-06-30
Wailuku,HI,"Kahului-Wailuku-Lahaina, HI",Maui County,911534.536146247,-2.71,3691.1111111111113,-0.11,44293.333333333336,0.405,20.6,4.86,3.16,Lean Rent,NA,NA,163688,-0.68,-8.08,23.26,22.16,35.01,2026-06-30,2026-06-30
Bardstown,KY,"Bardstown, KY",Nelson County,265127.1487974963,3.68,1075,NA,12900,0.405,20.6,4.87,3.16,Lean Rent,NA,NA,NA,NA,NA,NA,NA,NA,2026-06-30,2026-06-30
Brookfield,CT,"Bridgeport-Stamford-Norwalk, CT",Fairfield County,591916.5293608197,4.71,2400,NA,28800,0.405,20.6,4.87,3.16,Lean Rent,NA,NA,NA,NA,NA,NA,NA,NA,2026-06-30,2026-06-30
Highland Park,NJ,"New York-Newark-Jersey City, NY-NJ-PA",Middlesex County,601902.8610079644,3.17,2439.795238095238,3.9,29277.542857142857,0.405,20.6,4.86,3.16,Lean Rent,15386,2.34,890119,3.33,12.92,3.48,2.61,36.53,2026-06-30,2026-06-30
Northborough,MA,"Worcester, MA-CT",Worcester County,712712.8421416163,1.7,2889.25,NA,34671,0.405,20.6,4.86,3.16,Lean Rent,NA,NA,NA,NA,NA,NA,NA,NA,2026-06-30,2026-06-30
Clifton,CO,"Grand Junction, CO",Mesa County,338108.9896005855,1.9,1370.8333333333333,-0.38,16450,0.405,20.6,4.87,3.16,Lean Rent,NA,NA,161260,3.36,11.09,6.25,3.88,28.11,2026-06-30,2026-06-30
Adelphi,MD,"Washington-Arlington-Alexandria, DC-VA-MD-WV",Prince Georges County,453989.47641916946,-0.83,1841.388888888889,NA,22096.666666666668,0.406,20.5,4.87,3.16,Lean Rent,NA,NA,NA,NA,NA,NA,NA,NA,2026-06-30,2026-06-30
Plattsmouth,NE,"Omaha-Council Bluffs, NE-IA",Cass County,314821.4666364495,5.56,1275.8333333333337,NA,15310.000000000004,0.405,20.6,4.86,3.16,Lean Rent,NA,NA,NA,NA,NA,NA,NA,NA,2026-06-30,2026-06-30
Laughlin,NV,"Las Vegas-Henderson-Paradise, NV",Clark County,255145.23756306735,-3,1033.2333333333331,-7.21,12398.799999999997,0.405,20.6,4.86,3.16,Lean Rent,NA,NA,2398871,5.4,16.64,9.46,7.1,42.95,2026-06-30,2026-06-30
Hiawatha,IA,"Cedar Rapids, IA",Linn County,265458.62431350315,5.23,1073.75,NA,12885,0.404,20.6,4.85,3.16,Lean Rent,7347,2.33,231762,0.58,8.41,6.8,8.73,26.69,2026-06-30,2026-06-30
Citrus Heights,CA,"Sacramento-Roseville-Folsom, CA",Sacramento County,478999.0178327956,-1.43,1931.4356261022929,1.79,23177.227513227514,0.403,20.7,4.84,3.15,Lean Rent,86909,-0.73,1611231,1.54,7.33,4.28,3.63,41.37,2026-06-30,2026-06-30
Malden,MA,"Boston-Cambridge-Newton, MA-NH",Middlesex County,694637.4230559001,1.53,2802.9020178197065,-0.3,33634.82421383648,0.404,20.7,4.84,3.15,Lean Rent,66693,0.92,1668956,2.54,11.63,4.52,2.96,38.37,2026-06-30,2026-06-30
Mason,OH,"Cincinnati, OH-KY-IN",Warren County,519230.4183014257,1.57,2097.1941137566137,2.32,25166.329365079364,0.404,20.6,4.85,3.15,Lean Rent,36046,3.33,256059,5.27,8.42,4.87,6.12,20.4,2026-06-30,2026-06-30
Orange,NJ,"New York-Newark-Jersey City, NY-NJ-PA",Essex County,473003.893930878,-1.1,1912.0952380952376,0.7,22945.14285714285,0.404,20.6,4.85,3.15,Lean Rent,NA,NA,881527,2.5,15.1,5.39,2.7,55.47,2026-06-30,2026-06-30
Farmingdale,NY,"New York-Newark-Jersey City, NY-NJ-PA",Suffolk County,750122.036392441,6.27,3027.777777777778,NA,36333.333333333336,0.404,20.6,4.84,3.15,Lean Rent,NA,NA,NA,NA,NA,NA,NA,NA,2026-06-30,2026-06-30
Boone,NC,"Boone, NC",Watauga County,494936.5998913361,-0.19,1997.361111111111,NA,23968.333333333332,0.404,20.6,4.84,3.15,Lean Rent,20080,2.81,54997,0.97,-5.33,35.85,1.6,38.82,2026-06-30,2026-06-30
Tewksbury,MA,"Boston-Cambridge-Newton, MA-NH",Middlesex County,688589.6195855357,2.1,2781.095238095238,0.42,33373.142857142855,0.404,20.6,4.85,3.15,Lean Rent,NA,NA,1668956,2.54,11.63,4.52,2.96,38.37,2026-06-30,2026-06-30
Stoughton,MA,"Boston-Cambridge-Newton, MA-NH",Norfolk County,616907.6000440818,1.1,2489.555555555555,3.59,29874.666666666664,0.404,20.6,4.84,3.15,Lean Rent,NA,NA,740754,2.35,9.81,4.09,3.95,31.48,2026-06-30,2026-06-30
Athens,TN,"Athens, TN",McMinn County,268391.5772305553,2.83,1085.138888888889,3.3,13021.666666666668,0.404,20.6,4.85,3.15,Lean Rent,15050,6.81,56754,6.39,20.03,10.64,0.91,25.27,2026-06-30,2026-06-30
Hercules,CA,"San Francisco-Oakland-Berkeley, CA",Contra Costa County,746281.9060932683,-3.38,3013.464285714286,2.77,36161.57142857143,0.404,20.6,4.85,3.15,Lean Rent,26499,1.46,1172607,0.55,6.48,3.5,2.91,32.35,2026-06-30,2026-06-30
Triangle,VA,"Washington-Arlington-Alexandria, DC-VA-MD-WV",Stafford County,578706.360249543,-0,2337.25,NA,28047,0.404,20.6,4.85,3.15,Lean Rent,NA,NA,NA,NA,NA,NA,NA,NA,2026-06-30,2026-06-30
Duvall,WA,"Seattle-Tacoma-Bellevue, WA",King County,967539.0912654558,-2.67,3909.444444444445,NA,46913.333333333336,0.404,20.6,4.85,3.15,Lean Rent,NA,NA,NA,NA,NA,NA,NA,NA,2026-06-30,2026-06-30
Saukville,WI,"Milwaukee-Waukesha, WI",Ozaukee County,413584.72939155047,6.73,1671.6666666666667,NA,20060,0.404,20.6,4.85,3.15,Lean Rent,4305,1.25,93956,2.54,4.53,4.18,2.49,27.22,2026-06-30,2026-06-30
Anchorage,AK,"Anchorage, AK",Anchorage Borough,424576.9714351076,4.65,1710.090883421152,4.53,20521.090601053824,0.403,20.7,4.83,3.14,Lean Rent,289600,-0.45,NA,NA,NA,NA,NA,NA,2026-06-30,2026-06-30
Lewisville,TX,"Dallas-Fort Worth-Arlington, TX",Denton County,395461.3699307416,-4.13,1592.6000850788369,-1.05,19111.201020946042,0.403,20.7,4.83,3.14,Lean Rent,135983,7.56,1045120,14.28,23.72,4.75,5.09,34.63,2026-06-30,2026-06-30
Grants Pass,OR,"Grants Pass, OR",Josephine County,405435.3945006432,0.06,1631.8939393939393,-0.42,19582.727272727272,0.403,20.7,4.83,3.14,Lean Rent,39468,0.57,88276,0.05,10.27,7.35,2.67,28.31,2026-06-30,2026-06-30
Albany,OR,"Albany-Lebanon, OR",Linn County,440581.0230845727,0.27,1774.4691142191143,1.06,21293.629370629373,0.403,20.7,4.83,3.14,Lean Rent,57156,1.11,132474,2.72,8.21,4.18,2.4,32.95,2026-06-30,2026-06-30
Kapolei,HI,"Urban Honolulu, HI",Honolulu County,849650.2579023418,0.79,3419.8582456140352,5.37,41038.29894736842,0.403,20.7,4.83,3.14,Lean Rent,NA,NA,998747,-1.35,1.96,9.47,5.27,40.46,2026-06-30,2026-06-30
Lititz,PA,"Lancaster, PA",Lancaster County,471880.5817889453,4.67,1897.7666666666669,NA,22773.200000000004,0.402,20.7,4.83,3.14,Lean Rent,NA,NA,NA,NA,NA,NA,NA,NA,2026-06-30,2026-06-30
Moses Lake,WA,"Moses Lake, WA",Grant County,367680.15564853954,0.46,1480.5055555555557,-3.25,17766.06666666667,0.403,20.7,4.83,3.14,Lean Rent,26969,6.04,104717,5.3,10.97,12.64,4.24,34.35,2026-06-30,2026-06-30
North Tonawanda,NY,"Buffalo-Cheektowaga, NY",Niagara County,291026.0391348743,5.43,1172.5,7.18,14070,0.403,20.7,4.83,3.14,Lean Rent,29981,-1.49,209570,-1.21,2.67,8.81,4.61,29.1,2026-06-30,2026-06-30
Saratoga Springs,UT,"Provo-Orem, UT",Utah County,563246.6304774237,0.54,2267.272486772487,2.34,27207.269841269845,0.403,20.7,4.83,3.14,Lean Rent,57411,49.9,747234,12.6,17.51,3.79,2.69,31.87,2026-06-30,2026-06-30
Mandan,ND,"Bismarck, ND",Morton County,349814.1906535304,6.2,1409.6333333333332,8.72,16915.6,0.403,20.7,4.84,3.14,Lean Rent,24788,2.33,34194,2.62,1.2,11.77,6.36,24.94,2026-06-30,2026-06-30
Marshfield,WI,"Wisconsin Rapids-Marshfield, WI",Wood County,258270.48209592924,5.59,1039.75,NA,12477,0.403,20.7,4.83,3.14,Lean Rent,NA,NA,NA,NA,NA,NA,NA,NA,2026-06-30,2026-06-30
New Hope,MN,"Minneapolis-St. Paul-Bloomington, MN-WI",Hennepin County,357871.92200647626,3.42,1442.0555555555557,4.6,17304.666666666668,0.403,20.7,4.84,3.14,Lean Rent,20745,-5.3,1273334,-0.65,4.24,5.29,5.38,37.05,2026-06-30,2026-06-30
Haslett,MI,"Lansing-East Lansing, MI",Ingham County,320644.74578346754,2.91,1291.8333333333333,NA,15502,0.403,20.7,4.83,3.14,Lean Rent,NA,NA,290427,1.9,8.02,7.35,5.48,40.45,2026-06-30,2026-06-30
Union Gap,WA,"Yakima, WA",Yakima County,261202.68319794937,0.97,1050,NA,12600,0.402,20.7,4.82,3.14,Lean Rent,NA,NA,NA,NA,NA,NA,NA,NA,2026-06-30,2026-06-30
San Bernardino,CA,"Riverside-San Bernardino-Ontario, CA",San Bernardino County,496079.7616109439,1.22,1993.5784303350968,3.72,23922.941164021162,0.402,20.7,4.82,3.13,Lean Rent,224775,1.2,2214281,1.41,1.68,9.55,3.22,38.46,2026-06-30,2026-06-30
Fairfield,CA,"Vallejo, CA",Solano County,609592.9563360802,-2.15,2445.763095238095,1.68,29349.15714285714,0.401,20.8,4.81,3.13,Lean Rent,122646,2.3,455101,0.49,7.61,4.68,3.13,36.77,2026-06-30,2026-06-30
White Plains,NY,"New York-Newark-Jersey City, NY-NJ-PA",Westchester County,804471.2966134051,4.35,3228.2941811734363,5.43,38739.530174081236,0.401,20.8,4.82,3.13,Lean Rent,62561,4.98,1006447,0.5,6.23,5.51,2.35,37.8,2026-06-30,2026-06-30
Taunton,MA,"Providence-Warwick, RI-MA",Bristol County,528720.4162745675,3.7,2123.5416666666665,5.84,25482.5,0.402,20.7,4.82,3.13,Lean Rent,61936,4.26,588593,2.05,7.41,4.9,2.27,37.75,2026-06-30,2026-06-30
Blacksburg,VA,"Blacksburg-Christiansburg, VA",Montgomery County,428945.85063780175,2.76,1721.1113053613053,3.6,20653.335664335664,0.401,20.8,4.81,3.13,Lean Rent,45452,1.56,98998,-0.59,-0.17,13.02,3.29,45.26,2026-06-30,2026-06-30
La Porte,IN,"Michigan City-La Porte, IN",La Porte County,281147.83215475525,3.79,1126.6666666666667,NA,13520,0.401,20.8,4.81,3.13,Lean Rent,22444,0.12,NA,NA,NA,NA,NA,NA,2026-06-30,2026-06-30
Leominster,MA,"Worcester, MA-CT",Worcester County,477833.9715106164,1.78,1919.9107142857144,2.43,23038.928571428572,0.402,20.7,4.82,3.13,Lean Rent,44209,1.04,881248,2.82,8.7,5.7,3.41,34.33,2026-06-30,2026-06-30
Oak Creek,WI,"Milwaukee-Waukesha, WI",Milwaukee County,419276.920655954,5.34,1682.271155830753,0.55,20187.253869969038,0.401,20.8,4.81,3.13,Lean Rent,38373,4.63,924740,-1.48,0.57,8.21,6.16,50.2,2026-06-30,2026-06-30
Sykesville,MD,"Baltimore-Columbia-Towson, MD",Carroll County,566909.4181436314,0.84,2276.6666666666665,NA,27320,0.402,20.8,4.82,3.13,Lean Rent,4622,6.84,177108,2.43,2.28,4.05,4.89,16.15,2026-06-30,2026-06-30
Chillum,MD,"Washington-Arlington-Alexandria, DC-VA-MD-WV",Prince Georges County,410070.5330835935,-1.37,1643.6222222222225,-0.31,19723.46666666667,0.401,20.8,4.81,3.13,Lean Rent,NA,NA,NA,NA,NA,NA,NA,NA,2026-06-30,2026-06-30
Lebanon,OR,"Albany-Lebanon, OR",Linn County,396863.0321207128,0.26,1594.7380952380954,1.53,19136.857142857145,0.402,20.7,4.82,3.13,Lean Rent,19950,7.59,132474,2.72,8.21,4.18,2.4,32.95,2026-06-30,2026-06-30
Newton,NJ,"New York-Newark-Jersey City, NY-NJ-PA",Sussex County,451581.6550819292,2.15,1811,NA,21732,0.401,20.8,4.81,3.13,Lean Rent,NA,NA,NA,NA,NA,NA,NA,NA,2026-06-30,2026-06-30
Webster Groves,MO,"St. Louis, MO-IL",Saint Louis County,454878.02514358767,3.57,1827.777777777778,NA,21933.333333333336,0.402,20.7,4.82,3.13,Lean Rent,NA,NA,NA,NA,NA,NA,NA,NA,2026-06-30,2026-06-30
Wilmington,MA,"Boston-Cambridge-Newton, MA-NH",Middlesex County,801486.0031272272,2.29,3217.5,NA,38610,0.401,20.8,4.82,3.13,Lean Rent,NA,NA,NA,NA,NA,NA,NA,NA,2026-06-30,2026-06-30
Watkinsville,GA,"Athens-Clarke County, GA",Oconee County,524746.634300301,0.76,2106.9444444444443,NA,25283.333333333332,0.402,20.8,4.82,3.13,Lean Rent,3897,34.19,44751,6.49,11.22,4.31,1.95,18.4,2026-06-30,2026-06-30
New Canaan,CT,"Bridgeport-Stamford-Norwalk, CT",Fairfield County,2242402.653817209,11.33,8997.444444444443,NA,107969.33333333331,0.401,20.8,4.81,3.13,Lean Rent,NA,NA,NA,NA,NA,NA,NA,NA,2026-06-30,2026-06-30
Guntersville,AL,"Albertville, AL",Marshall County,311007.97845906415,2.72,1247.5,NA,14970,0.401,20.8,4.81,3.13,Lean Rent,NA,NA,NA,NA,NA,NA,NA,NA,2026-06-30,2026-06-30
Killingly,CT,"Worcester, MA-CT",Windham County,370461.4036288331,2.73,1487.5,NA,17850,0.402,20.8,4.82,3.13,Lean Rent,NA,NA,NA,NA,NA,NA,NA,NA,2026-06-30,2026-06-30
Leadville,CO,"Edwards, CO",Lake County,514105.53643933893,1.23,2064.75,NA,24777,0.402,20.7,4.82,3.13,Lean Rent,NA,NA,NA,NA,NA,NA,NA,NA,2026-06-30,2026-06-30
Wilmington,NC,"Wilmington, NC",New Hanover County,422871.74380473985,-0.81,1693.8787391208953,2.81,20326.544869450743,0.401,20.8,4.81,3.12,Lean Rent,125284,8.11,243333,7.46,13.87,12.68,6.83,39.3,2026-06-30,2026-06-30
Norwalk,CT,"Bridgeport-Stamford-Norwalk, CT",Fairfield County,679881.2530780779,4.96,2717.7768607839384,1.96,32613.32232940726,0.4,20.8,4.8,3.12,Lean Rent,93661,3.04,NA,NA,NA,NA,NA,NA,2026-06-30,2026-06-30
Springfield,OR,"Eugene-Springfield, OR",Lane County,423728.06985787855,0.5,1692.8833357904566,1.29,20314.60002948548,0.4,20.9,4.79,3.12,Lean Rent,61182,-1.1,382396,-0.47,4.1,5.23,2.88,40.62,2026-06-30,2026-06-30
Eagan,MN,"Minneapolis-St. Paul-Bloomington, MN-WI",Dakota County,408529.5796162461,1.83,1632.374309793665,1.81,19588.49171752398,0.4,20.9,4.79,3.12,Lean Rent,67240,-2.19,453156,2.89,6.72,2.73,3.92,24.65,2026-06-30,2026-06-30
Klamath Falls,OR,"Klamath Falls, OR",Klamath County,313956.8214061113,2.04,1257.4502164502164,1.99,15089.402597402597,0.401,20.8,4.81,3.12,Lean Rent,22174,1.23,70438,1.16,4.66,12.62,1.52,31.27,2026-06-30,2026-06-30
Barnstable,MA,"Barnstable Town, MA",Barnstable County,731906.9477891495,0.52,2931.5166666666664,5.94,35178.2,0.401,20.8,4.81,3.12,Lean Rent,NA,NA,232570,1.98,6.7,37.84,5.62,19.45,2026-06-30,2026-06-30
Waianae,HI,"Urban Honolulu, HI",Honolulu County,584268.9250778874,1.86,2336.4468864468868,8.49,28037.36263736264,0.4,20.8,4.8,3.12,Lean Rent,NA,NA,998747,-1.35,1.96,9.47,5.27,40.46,2026-06-30,2026-06-30
Panama City Beach,FL,"Panama City, FL",Bay County,416066.0822634276,-2.96,1666.0789001122332,0.8,19992.9468013468,0.4,20.8,4.81,3.12,Lean Rent,19955,10.94,199718,14.42,36.38,28.33,10.57,31.72,2026-06-30,2026-06-30
Bridgewater Township,NJ,"New York-Newark-Jersey City, NY-NJ-PA",Somerset County,756961.9959697989,2.03,3027.055555555555,3.66,36324.666666666664,0.4,20.8,4.8,3.12,Lean Rent,NA,NA,357467,3.68,12.99,2.54,1.98,25.53,2026-06-30,2026-06-30
Braintree,MA,"Boston-Cambridge-Newton, MA-NH",Norfolk County,745802.613808251,2.04,2987.465811965812,1.62,35849.58974358974,0.401,20.8,4.81,3.12,Lean Rent,NA,NA,740754,2.35,9.81,4.09,3.95,31.48,2026-06-30,2026-06-30
Saline,MI,"Ann Arbor, MI",Washtenaw County,477767.54702337674,2.12,1908.3333333333333,NA,22900,0.399,20.9,4.79,3.12,Lean Rent,NA,NA,NA,NA,NA,NA,NA,NA,2026-06-30,2026-06-30
Elmwood Park,NJ,"New York-Newark-Jersey City, NY-NJ-PA",Bergen County,625505.8269754461,3.58,2498.8611111111113,6.02,29986.333333333336,0.399,20.9,4.79,3.12,Lean Rent,21680,1.48,978641,2.61,10.38,4.13,3.53,34.64,2026-06-30,2026-06-30
Nevada City,CA,"Truckee-Grass Valley, CA",Nevada County,568817.9892433971,-1.56,2277.222222222222,NA,27326.666666666664,0.4,20.8,4.8,3.12,Lean Rent,3195,1.36,102195,-0.07,4.94,22.43,3.91,25.56,2026-06-30,2026-06-30
Gulf Shores,AL,"Daphne-Fairhope-Foley, AL",Baldwin County,456903.3488889664,-1.44,1830.2407407407409,3.29,21962.88888888889,0.401,20.8,4.81,3.12,Lean Rent,17431,13.52,261608,12.16,29.22,26.36,33.41,22.46,2026-06-30,2026-06-30
Hampton,NH,"Boston-Cambridge-Newton, MA-NH",Rockingham County,639355.602433269,3.91,2556.4814814814813,5.43,30677.777777777774,0.4,20.8,4.8,3.12,Lean Rent,NA,NA,322433,2.47,5.64,7.38,3.42,21.38,2026-06-30,2026-06-30
Saint Peter,MN,"Mankato, MN",Nicollet County,303822.69001817034,3.91,1215,NA,14580,0.4,20.8,4.8,3.12,Lean Rent,NA,NA,NA,NA,NA,NA,NA,NA,2026-06-30,2026-06-30
Woodland Park,CO,"Colorado Springs, CO",Teller County,541096.4137560179,-1.29,2165.10582010582,3.94,25981.269841269837,0.4,20.8,4.8,3.12,Lean Rent,8043,1.59,24862,0.47,6.6,16.74,2.58,17.79,2026-06-30,2026-06-30
Ravena,NY,"Albany-Schenectady-Troy, NY",Albany County,300036.48307855224,2.12,1200,NA,14400,0.4,20.8,4.8,3.12,Lean Rent,NA,NA,NA,NA,NA,NA,NA,NA,2026-06-30,2026-06-30
Ann Arbor,MI,"Ann Arbor, MI",Washtenaw County,540694.2691629074,3.01,2158.500397676569,1.07,25902.004772118824,0.399,20.9,4.79,3.11,Lean Rent,122925,-0.67,373875,0.54,7.38,5.6,3.61,38.37,2026-06-30,2026-06-30
Quincy,MA,"Boston-Cambridge-Newton, MA-NH",Norfolk County,690382.0954658898,0.87,2749.518001265022,2.33,32994.21601518027,0.398,20.9,4.78,3.11,Lean Rent,103434,1.91,740754,2.35,9.81,4.09,3.95,31.48,2026-06-30,2026-06-30
Great Falls,MT,"Great Falls, MT",Cascade County,342813.79242195055,3.58,1367.2073480803458,5.35,16406.48817696415,0.399,20.9,4.79,3.11,Lean Rent,60013,-0.73,84523,0.13,-0.25,11.06,6.27,29.85,2026-06-30,2026-06-30
Towson,MD,"Baltimore-Columbia-Towson, MD",Baltimore County,483869.2745346315,2.18,1931.678633995404,2.78,23180.143607944847,0.399,20.9,4.79,3.11,Lean Rent,NA,NA,852425,-0.11,3.96,5.75,5.61,33.67,2026-06-30,2026-06-30
Medford,MA,"Boston-Cambridge-Newton, MA-NH",Middlesex County,856375.4552023843,0.51,3419.4918192918194,3.14,41033.90183150183,0.399,20.9,4.79,3.11,Lean Rent,59898,0.64,1668956,2.54,11.63,4.52,2.96,38.37,2026-06-30,2026-06-30
Bonney Lake,WA,"Seattle-Tacoma-Bellevue, WA",Pierce County,678955.076962884,-0.69,2705.2348484848485,3.95,32462.818181818184,0.398,20.9,4.78,3.11,Lean Rent,22145,0.55,941170,1.9,6.6,5.21,4.02,35.21,2026-06-30,2026-06-30
Phoenixville,PA,"Philadelphia-Camden-Wilmington, PA-NJ-DE-MD",Chester County,536513.3809598893,1.18,2137.8592592592595,5.07,25654.311111111114,0.398,20.9,4.78,3.11,Lean Rent,20286,9.15,560745,4.84,7.29,3.95,3.98,25.05,2026-06-30,2026-06-30
San Pablo,CA,"San Francisco-Oakland-Berkeley, CA",Contra Costa County,566160.1052603052,-3.2,2254.6111111111113,NA,27055.333333333336,0.398,20.9,4.78,3.11,Lean Rent,31562,-1.67,1172607,0.55,6.48,3.5,2.91,32.35,2026-06-30,2026-06-30
Peachtree City,GA,"Atlanta-Sandy Springs-Alpharetta, GA",Fayette County,572872.8993971074,-0.6,2285.9,-0.87,27430.800000000003,0.399,20.9,4.79,3.11,Lean Rent,40758,6.23,125107,4.68,12.06,4.85,5.93,19.01,2026-06-30,2026-06-30
Dracut,MA,"Boston-Cambridge-Newton, MA-NH",Middlesex County,584581.0752037648,0.38,2328.1666666666665,NA,27938,0.398,20.9,4.78,3.11,Lean Rent,NA,NA,1668956,2.54,11.63,4.52,2.96,38.37,2026-06-30,2026-06-30
South Milwaukee,WI,"Milwaukee-Waukesha, WI",Milwaukee County,313885.29035562853,2.52,1250.3833333333334,6.3,15004.600000000002,0.398,20.9,4.78,3.11,Lean Rent,20233,-2.59,924740,-1.48,0.57,8.21,6.16,50.2,2026-06-30,2026-06-30
Copiague,NY,"New York-Newark-Jersey City, NY-NJ-PA",Suffolk County,608909.8422313019,0.06,2424.5,NA,29094,0.398,20.9,4.78,3.11,Lean Rent,NA,NA,NA,NA,NA,NA,NA,NA,2026-06-30,2026-06-30
Penfield,NY,"Rochester, NY",Monroe County,412724.2356138376,5.57,1646.5277777777776,NA,19758.333333333332,0.399,20.9,4.79,3.11,Lean Rent,NA,NA,752202,-0.73,1.18,6.27,5.62,36.48,2026-06-30,2026-06-30
Dillsburg,PA,"York-Hanover, PA",York County,388373.6155944555,4.54,1548.75,NA,18585,0.399,20.9,4.79,3.11,Lean Rent,NA,NA,NA,NA,NA,NA,NA,NA,2026-06-30,2026-06-30
Baraboo,WI,"Baraboo, WI",Sauk County,311035.3090736815,2.59,1241.25,NA,14895,0.399,20.9,4.79,3.11,Lean Rent,NA,NA,NA,NA,NA,NA,NA,NA,2026-06-30,2026-06-30
Federal Heights,CO,"Denver-Aurora-Lakewood, CO",Adams County,395047.83927403175,-3.81,1575.9851851851852,4.1,18911.82222222222,0.399,20.9,4.79,3.11,Lean Rent,13971,-2.95,542973,4.31,8.16,3.55,3.6,31.13,2026-06-30,2026-06-30
Coto de Caza,CA,"Los Angeles-Long Beach-Anaheim, CA",Orange County,2008431.6011956197,1.11,8000,NA,96000,0.398,20.9,4.78,3.11,Lean Rent,NA,NA,NA,NA,NA,NA,NA,NA,2026-06-30,2026-06-30
Kennebunk,ME,"Portland-South Portland, ME",York County,632892.0281055162,1.5,2525,NA,30300,0.399,20.9,4.79,3.11,Lean Rent,NA,NA,NA,NA,NA,NA,NA,NA,2026-06-30,2026-06-30
Silverthorne,CO,"Breckenridge, CO",Summit County,847558.0693996064,-2.7,3376.6666666666665,12.67,40520,0.398,20.9,4.78,3.11,Lean Rent,5220,17.28,30882,-1.14,-3.89,61.23,39.16,30.78,2026-06-30,2026-06-30
Knob Noster,MO,"Warrensburg, MO",Johnson County,272774.02606522787,4.59,1086.111111111111,NA,13033.333333333332,0.398,20.9,4.78,3.11,Lean Rent,NA,NA,NA,NA,NA,NA,NA,NA,2026-06-30,2026-06-30
Santa Clara,UT,"St. George, UT",Washington County,537041.0217578212,-1.6,2138.75,NA,25665,0.398,20.9,4.78,3.11,Lean Rent,NA,NA,NA,NA,NA,NA,NA,NA,2026-06-30,2026-06-30
Daleville,VA,"Roanoke, VA",Botetourt County,442780.2389185824,1.39,1766.6666666666667,NA,21200,0.399,20.9,4.79,3.11,Lean Rent,NA,NA,NA,NA,NA,NA,NA,NA,2026-06-30,2026-06-30
Hollister,CA,"San Jose-Sunnyvale-Santa Clara, CA",San Benito County,764108.2543764492,-1.66,3037.0833333333335,6.76,36445,0.397,21,4.77,3.1,Lean Rent,45033,7.52,69159,7.17,6.85,3.58,0.48,32.57,2026-06-30,2026-06-30
Geneva,IL,"Chicago-Naperville-Elgin, IL-IN-WI",Kane County,558070.0146162284,6.23,2221.3333333333335,6.84,26656,0.398,20.9,4.78,3.1,Lean Rent,21168,-0.79,520997,0.89,3.7,3.54,3.6,24.26,2026-06-30,2026-06-30
Soddy-Daisy,TN,"Chattanooga, TN-GA",Hamilton County,362835.9241694242,-0.01,1444.1111111111113,NA,17329.333333333336,0.398,20.9,4.78,3.1,Lean Rent,13430,2.9,386256,4.99,11.65,8.63,4.18,35.65,2026-06-30,2026-06-30
Jacksonville,AL,"Anniston-Oxford, AL",Calhoun County,217462.66320584528,5.13,863.6507936507936,6.47,10363.809523809523,0.397,21,4.77,3.1,Lean Rent,14651,2.45,116427,0.16,3.01,15.29,5.39,29.61,2026-06-30,2026-06-30
Bolivar,MO,"Springfield, MO",Polk County,262220.66902334726,1.4,1042.5,NA,12510,0.398,21,4.77,3.1,Lean Rent,11549,6.9,33070,4.6,8.04,10.99,4.4,28.72,2026-06-30,2026-06-30
Bridgeville,PA,"Pittsburgh, PA",Allegheny County,320784.6322716709,2.49,1275.8333333333333,NA,15310,0.398,21,4.77,3.1,Lean Rent,4620,-3.63,1231814,-1.43,2.72,9.6,6.37,35.07,2026-06-30,2026-06-30
North Ogden,UT,"Ogden-Clearfield, UT",Weber County,534174.714915522,2.01,2121.944444444445,NA,25463.333333333336,0.397,21,4.77,3.1,Lean Rent,NA,NA,NA,NA,NA,NA,NA,NA,2026-06-30,2026-06-30
Beachwood,OH,"Cleveland-Elyria, OH",Cuyahoga County,511327.9179992164,5.93,2033.6388888888887,4.35,24403.666666666664,0.398,21,4.77,3.1,Lean Rent,13820,-1.43,1240594,-1.75,1.72,9.97,5.22,40.95,2026-06-30,2026-06-30
Clute,TX,"Houston-The Woodlands-Sugar Land, TX",Brazoria County,199702.81565725408,-0.72,793.7698412698413,NA,9525.238095238095,0.397,21,4.77,3.1,Lean Rent,10893,2.52,413224,10.63,23.74,10.51,11.33,26,2026-06-30,2026-06-30
Alondra Park,CA,"Los Angeles-Long Beach-Anaheim, CA",Los Angeles County,881436.6349261514,1.93,3500,NA,42000,0.397,21,4.76,3.1,Lean Rent,NA,NA,NA,NA,NA,NA,NA,NA,2026-06-30,2026-06-30
Bremerton,WA,"Bremerton-Silverdale-Port Orchard, WA",Kitsap County,487923.8243444608,1.45,1934.325777670605,3.05,23211.90933204726,0.396,21,4.76,3.09,Lean Rent,45291,3.82,281420,2.03,11.34,6.99,3.99,29.85,2026-06-30,2026-06-30
Mankato,MN,"Mankato, MN",Blue Earth County,311041.3220568862,2.64,1231.7555555555557,6.53,14781.06666666667,0.396,21,4.75,3.09,Lean Rent,46459,4.08,70700,2.17,2.46,7.99,6.56,38.24,2026-06-30,2026-06-30
Peabody,MA,"Boston-Cambridge-Newton, MA-NH",Essex County,710733.9271435145,0.64,2811.6666666666665,1.45,33740,0.396,21.1,4.75,3.09,Lean Rent,55418,1.87,823938,2,7.8,5.11,2.53,36.04,2026-06-30,2026-06-30
Redmond,OR,"Bend, OR",Deschutes County,518699.77119694307,-0.8,2055.08692185008,5.41,24661.043062200963,0.396,21,4.75,3.09,Lean Rent,37626,11.41,211535,6.05,12.57,14.29,3.27,29.26,2026-06-30,2026-06-30
Brighton,CO,"Denver-Aurora-Lakewood, CO",Adams County,499415.6030109821,-3.12,1976.209851905167,-3.43,23714.518222862003,0.396,21.1,4.75,3.09,Lean Rent,43473,7.89,542973,4.31,8.16,3.55,3.6,31.13,2026-06-30,2026-06-30
Chamblee,GA,"Atlanta-Sandy Springs-Alpharetta, GA",Dekalb County,486051.68286822224,0.82,1923.270440251572,2.97,23079.245283018863,0.396,21.1,4.75,3.09,Lean Rent,32321,6.98,NA,NA,NA,NA,NA,NA,2026-06-30,2026-06-30
Boyertown,PA,"Reading, PA",Berks County,344051.43086136406,3.32,1365,NA,16380,0.397,21,4.76,3.09,Lean Rent,NA,NA,NA,NA,NA,NA,NA,NA,2026-06-30,2026-06-30
Waunakee,WI,"Madison, WI",Dane County,593595.2414597933,1.84,2350.194444444445,NA,28202.333333333336,0.396,21,4.75,3.09,Lean Rent,NA,NA,NA,NA,NA,NA,NA,NA,2026-06-30,2026-06-30
Chesterton,IN,"Chicago-Naperville-Elgin, IL-IN-WI",Porter County,351243.5287416769,2.56,1392.5,NA,16710,0.396,21,4.76,3.09,Lean Rent,NA,NA,NA,NA,NA,NA,NA,NA,2026-06-30,2026-06-30
Kingston,MA,"Boston-Cambridge-Newton, MA-NH",Plymouth County,711796.2738327201,3.58,2820.472222222222,NA,33845.666666666664,0.396,21,4.75,3.09,Lean Rent,NA,NA,542090,2.58,7.97,7.23,1.91,22.38,2026-06-30,2026-06-30
Leola,PA,"Lancaster, PA",Lancaster County,414388.9677115926,4.4,1640.4166666666663,NA,19684.999999999996,0.396,21.1,4.75,3.09,Lean Rent,NA,NA,NA,NA,NA,NA,NA,NA,2026-06-30,2026-06-30
La Riviera,CA,"Sacramento-Roseville-Folsom, CA",Sacramento County,481122.44479768653,-1.12,1908.8333333333333,-0.03,22906,0.397,21,4.76,3.09,Lean Rent,NA,NA,NA,NA,NA,NA,NA,NA,2026-06-30,2026-06-30
East Hanover Township,NJ,"New York-Newark-Jersey City, NY-NJ-PA",Morris County,880297.0489039575,5.4,3487.462962962963,-1.77,41849.555555555555,0.396,21,4.75,3.09,Lean Rent,NA,NA,523053,2.87,8.07,3.41,3.25,26.1,2026-06-30,2026-06-30
Whitehouse Station,NJ,"New York-Newark-Jersey City, NY-NJ-PA",Hunterdon County,717918.3760865718,2.19,2847.5,NA,34170,0.397,21,4.76,3.09,Lean Rent,NA,NA,NA,NA,NA,NA,NA,NA,2026-06-30,2026-06-30
Northlake,TX,"Dallas-Fort Worth-Arlington, TX",Denton County,497033.8770734473,-3.54,1969.650793650794,NA,23635.809523809527,0.396,21,4.76,3.09,Lean Rent,10746,95.06,1045120,14.28,23.72,4.75,5.09,34.63,2026-06-30,2026-06-30
Sherrills Ford,NC,"Hickory-Lenoir-Morganton, NC",Catawba County,506550.01614815014,-2.35,2006.0222222222224,NA,24072.26666666667,0.396,21,4.75,3.09,Lean Rent,NA,NA,167054,3.83,14.62,9.48,5.52,27.28,2026-06-30,2026-06-30
Robinwood,MD,"Hagerstown-Martinsburg, MD-WV",Washington County,383408.574057268,1.31,1517.388888888889,NA,18208.666666666668,0.396,21.1,4.75,3.09,Lean Rent,NA,NA,NA,NA,NA,NA,NA,NA,2026-06-30,2026-06-30
Sioux Falls,SD,"Sioux Falls, SD",Minnehaha County,336150.8160968945,1.43,1326.7274083305012,3.52,15920.728899966016,0.395,21.1,4.74,3.08,Lean Rent,209289,8.19,208639,5.52,4.31,5.34,6.42,36.49,2026-06-30,2026-06-30
Carrollton,TX,"Dallas-Fort Worth-Arlington, TX",Dallas County,409844.8326659033,-3.2,1617.9531335522715,1.32,19415.43760262726,0.395,21.1,4.74,3.08,Lean Rent,135456,1.42,2656028,1.73,0.15,7.76,8.95,49.22,2026-06-30,2026-06-30
Tracy,CA,"Stockton, CA",San Joaquin County,688734.5089553329,-5.28,2716.903431372549,-0.47,32602.84117647059,0.394,21.1,4.73,3.08,Lean Rent,100136,6.96,816108,4.54,9.17,6.02,3.67,38.47,2026-06-30,2026-06-30
Fall River,MA,"Providence-Warwick, RI-MA",Bristol County,459250.2415242048,2.25,1811.2123655913977,3.3,21734.548387096773,0.394,21.1,4.73,3.08,Lean Rent,94689,0.82,588593,2.05,7.41,4.9,2.27,37.75,2026-06-30,2026-06-30
Shelby Township,MI,"Detroit-Warren-Dearborn, MI",Macomb County,416129.3246822443,2.87,1645.1303030303031,5.86,19741.563636363637,0.395,21.1,4.74,3.08,Lean Rent,NA,NA,886175,0.67,8.17,4.12,3.23,25.04,2026-06-30,2026-06-30
Burnsville,MN,"Minneapolis-St. Paul-Bloomington, MN-WI",Dakota County,375753.57052501413,2.72,1485.5444307501589,0.88,17826.53316900191,0.395,21.1,4.74,3.08,Lean Rent,64864,0.53,453156,2.89,6.72,2.73,3.92,24.65,2026-06-30,2026-06-30
Loveland,OH,"Cincinnati, OH-KY-IN",Clermont County,456477.9869451606,3.14,1804.164102564103,4.04,21649.969230769235,0.395,21.1,4.74,3.08,Lean Rent,13277,-0.2,214123,2.57,8.81,3.66,1.81,26.62,2026-06-30,2026-06-30
Weymouth,MA,"Boston-Cambridge-Newton, MA-NH",Norfolk County,633136.1714810575,1.67,2501.221158958001,1.32,30014.653907496013,0.395,21.1,4.74,3.08,Lean Rent,NA,NA,740754,2.35,9.81,4.09,3.95,31.48,2026-06-30,2026-06-30
Methuen,MA,"Boston-Cambridge-Newton, MA-NH",Essex County,635202.2456495203,2.18,2507.011111111111,-0.45,30084.13333333333,0.395,21.1,4.74,3.08,Lean Rent,54272,2.45,823938,2,7.8,5.11,2.53,36.04,2026-06-30,2026-06-30
Bloomfield,NJ,"New York-Newark-Jersey City, NY-NJ-PA",Essex County,617320.2567340749,2.27,2441.289052287582,2.36,29295.46862745098,0.395,21.1,4.75,3.08,Lean Rent,NA,NA,881527,2.5,15.1,5.39,2.7,55.47,2026-06-30,2026-06-30
Wauwatosa,WI,"Milwaukee-Waukesha, WI",Milwaukee County,435496.5603613515,4.29,1722.422096908939,1.73,20669.065162907267,0.396,21.1,4.75,3.08,Lean Rent,48794,0.95,924740,-1.48,0.57,8.21,6.16,50.2,2026-06-30,2026-06-30
Westbury,NY,"New York-Newark-Jersey City, NY-NJ-PA",Nassau County,798382.6348400355,5.01,3153.75,NA,37845,0.395,21.1,4.74,3.08,Lean Rent,15871,0.39,1392438,0.13,2.32,4.56,4.6,18.07,2026-06-30,2026-06-30
Garden City,NY,"New York-Newark-Jersey City, NY-NJ-PA",Nassau County,1405479.653157295,9.64,5550,NA,66600,0.395,21.1,4.74,3.08,Lean Rent,NA,NA,NA,NA,NA,NA,NA,NA,2026-06-30,2026-06-30
Kelso,WA,"Longview, WA",Cowlitz County,392699.4501249537,0.15,1552.7777777777776,1.92,18633.333333333332,0.395,21.1,4.74,3.08,Lean Rent,12737,0.04,113982,2.67,8.67,5.39,2.32,33.85,2026-06-30,2026-06-30
Belgrade,MT,"Bozeman, MT",Gallatin County,554965.6149580664,-1.78,2188.272144522145,0.05,26259.26573426574,0.394,21.1,4.73,3.08,Lean Rent,12741,19.15,126984,6.17,4.63,10,5.16,38.48,2026-06-30,2026-06-30
Mineola,NY,"New York-Newark-Jersey City, NY-NJ-PA",Nassau County,845117.3869559782,4.43,3341.0218253968255,2.46,40092.26190476191,0.395,21.1,4.74,3.08,Lean Rent,21305,2.19,1392438,0.13,2.32,4.56,4.6,18.07,2026-06-30,2026-06-30
Jacksonville Beach,FL,"Jacksonville, FL",Duval County,643236.9544056659,0.58,2537.8777777777777,3.77,30454.533333333333,0.395,21.1,4.73,3.08,Lean Rent,23630,-0.77,1055159,5.75,12.67,9.15,6.97,41.93,2026-06-30,2026-06-30
Selah,WA,"Yakima, WA",Yakima County,445086.9103948253,1.56,1757.2222222222224,6.3,21086.666666666668,0.395,21.1,4.74,3.08,Lean Rent,8653,5.67,258523,0.7,1.67,5.41,2.76,37.58,2026-06-30,2026-06-30
Fruita,CO,"Grand Junction, CO",Mesa County,489487.05773146823,2.84,1935.4166666666667,6.07,23225,0.395,21.1,4.74,3.08,Lean Rent,13912,3.64,161260,3.36,11.09,6.25,3.88,28.11,2026-06-30,2026-06-30
Orange,VA,NA,Orange County,347697.11226034927,2.62,1375,NA,16500,0.395,21.1,4.75,3.08,Lean Rent,NA,NA,NA,NA,NA,NA,NA,NA,2026-06-30,2026-06-30
Van Alstyne,TX,"Sherman-Denison, TX",Grayson County,431782.38935003895,-3,1703.7083333333333,NA,20444.5,0.395,21.1,4.73,3.08,Lean Rent,NA,NA,NA,NA,NA,NA,NA,NA,2026-06-30,2026-06-30
Oceano,CA,"San Luis Obispo-Paso Robles, CA",San Luis Obispo County,683638.5134601757,3.09,2700,NA,32400,0.395,21.1,4.74,3.08,Lean Rent,NA,NA,NA,NA,NA,NA,NA,NA,2026-06-30,2026-06-30
Grosse Pointe,MI,"Detroit-Warren-Dearborn, MI",Wayne County,487849.99013426394,3.69,1925,NA,23100,0.395,21.1,4.74,3.08,Lean Rent,NA,NA,NA,NA,NA,NA,NA,NA,2026-06-30,2026-06-30
Nederland,CO,"Boulder, CO",Boulder County,677888.4399681654,-1.64,2674.75,NA,32097,0.395,21.1,4.73,3.08,Lean Rent,1487,1.16,330262,-0.21,4.58,5.31,3.67,37.54,2026-06-30,2026-06-30
Ontario,CA,"Riverside-San Bernardino-Ontario, CA",San Bernardino County,670586.6004430396,-0.98,2635.328920361248,1.12,31623.94704433498,0.393,21.2,4.72,3.07,Lean Rent,185285,5.44,2214281,1.41,1.68,9.55,3.22,38.46,2026-06-30,2026-06-30
Troy,MI,"Detroit-Warren-Dearborn, MI",Oakland County,472471.3367632259,2.56,1860.5258064516129,1.29,22326.309677419355,0.394,21.2,4.73,3.07,Lean Rent,89209,2.4,1296888,1.91,10.58,5.25,6.51,27.73,2026-06-30,2026-06-30
Pasco,WA,"Kennewick-Richland, WA",Franklin County,423113.06389168353,-0.09,1665.0642135642136,1.95,19980.77056277056,0.394,21.2,4.72,3.07,Lean Rent,81724,5.2,101238,4.21,8,4.49,3.9,29.92,2026-06-30,2026-06-30
Lehi,UT,"Provo-Orem, UT",Utah County,575370.3474747087,1.66,2265.100183150183,1.33,27181.202197802195,0.394,21.2,4.72,3.07,Lean Rent,93446,21.57,747234,12.6,17.51,3.79,2.69,31.87,2026-06-30,2026-06-30
Catonsville,MD,"Baltimore-Columbia-Towson, MD",Baltimore County,429130.0095723829,1.18,1691.5059523809523,-0.1,20298.071428571428,0.394,21.1,4.73,3.07,Lean Rent,NA,NA,852425,-0.11,3.96,5.75,5.61,33.67,2026-06-30,2026-06-30
Hilton Head Island,SC,"Hilton Head Island-Bluffton, SC",Beaufort County,789690.4461315976,2.86,3106.101190476191,6.68,37273.21428571429,0.393,21.2,4.72,3.07,Lean Rent,38158,1.52,201775,7.42,14.95,22.12,17.97,24.27,2026-06-30,2026-06-30
West Bend,WI,"Milwaukee-Waukesha, WI",Washington County,362472.0128639059,6.7,1425.111111111111,10.88,17101.333333333332,0.393,21.2,4.72,3.07,Lean Rent,32149,1.27,138727,1.4,2.18,3.89,2.97,21.9,2026-06-30,2026-06-30
Anthem,AZ,"Phoenix-Mesa-Chandler, AZ",Maricopa County,567027.7516613932,-1.54,2228.8925925925923,3.37,26746.711111111108,0.393,21.2,4.72,3.07,Lean Rent,NA,NA,4673096,5.12,9.38,8.29,5.4,34.99,2026-06-30,2026-06-30
Point Pleasant,NJ,"New York-Newark-Jersey City, NY-NJ-PA",Ocean County,764964.8772050231,9.97,3014.5833333333335,NA,36175,0.394,21.1,4.73,3.07,Lean Rent,NA,NA,NA,NA,NA,NA,NA,NA,2026-06-30,2026-06-30
Foxborough,MA,"Boston-Cambridge-Newton, MA-NH",Norfolk County,730228.0914970987,0.65,2873.1888888888884,NA,34478.26666666666,0.393,21.2,4.72,3.07,Lean Rent,NA,NA,740754,2.35,9.81,4.09,3.95,31.48,2026-06-30,2026-06-30
Tiverton,RI,"Providence-Warwick, RI-MA",Newport County,567417.0874642608,2.86,2230.555555555555,NA,26766.666666666664,0.393,21.2,4.72,3.07,Lean Rent,NA,NA,NA,NA,NA,NA,NA,NA,2026-06-30,2026-06-30
Harrisonville,MO,"Kansas City, MO-KS",Cass County,301038.6902730199,5.35,1186,NA,14232,0.394,21.2,4.73,3.07,Lean Rent,NA,NA,NA,NA,NA,NA,NA,NA,2026-06-30,2026-06-30
Wilton Manors,FL,"Miami-Fort Lauderdale-Pompano Beach, FL",Broward County,583844.4858628312,-2.15,2299.2361111111113,2.19,27590.833333333336,0.394,21.2,4.73,3.07,Lean Rent,11788,3.08,2037472,4.84,14.84,13.18,6.08,36.74,2026-06-30,2026-06-30
Lincoln City,OR,"Newport, OR",Lincoln County,502801.12082353554,0.71,1981.1111111111113,9.15,23773.333333333336,0.394,21.1,4.73,3.07,Lean Rent,10034,1.9,51212,1.38,6.7,29.48,8.28,28.63,2026-06-30,2026-06-30
Yonkers,NY,"New York-Newark-Jersey City, NY-NJ-PA",Westchester County,702854.1957109176,6.14,2754.0867724867726,3.93,33049.04126984127,0.392,21.3,4.7,3.06,Lean Rent,211040,0.02,1006447,0.5,6.23,5.51,2.35,37.8,2026-06-30,2026-06-30
Murfreesboro,TN,"Nashville-Davidson--Murfreesboro--Franklin, TN",Rutherford County,430235.8995510405,-0.34,1686.7113303592305,1.68,20240.535964310766,0.392,21.3,4.7,3.06,Lean Rent,168387,9.47,376996,9.81,14.23,7,7.53,34.99,2026-06-30,2026-06-30
Manassas,VA,"Washington-Arlington-Alexandria, DC-VA-MD-WV",Prince William County,561775.9374422011,0.29,2200.3899620582692,2.12,26404.679544699233,0.392,21.3,4.7,3.06,Lean Rent,43616,2.16,497003,2.93,3.17,3.52,5.04,25.62,2026-06-30,2026-06-30
Rapid City,SD,"Rapid City, SD",Pennington County,367620.1962675841,1.9,1443.2533361018825,3.22,17319.04003322259,0.393,21.2,4.71,3.06,Lean Rent,79894,6.61,115979,5.85,-1.09,9.79,4.71,30.92,2026-06-30,2026-06-30
Bayonne,NJ,"New York-Newark-Jersey City, NY-NJ-PA",Hudson County,600724.4980591233,1.21,2353.24044011544,3.6,28238.88528138528,0.392,21.3,4.7,3.06,Lean Rent,74532,4.09,736185,1.98,14.43,6.78,4.46,68.82,2026-06-30,2026-06-30
Teaneck,NJ,"New York-Newark-Jersey City, NY-NJ-PA",Bergen County,702473.8102920628,0.52,2757.9166666666665,4.97,33095,0.393,21.2,4.71,3.06,Lean Rent,NA,NA,978641,2.61,10.38,4.13,3.53,34.64,2026-06-30,2026-06-30
Bowling Green,OH,"Toledo, OH",Wood County,267684.8182020615,2.57,1049.1666666666667,NA,12590,0.392,21.3,4.7,3.06,Lean Rent,30463,-1.06,133077,0.61,2,5.46,2.9,35.44,2026-06-30,2026-06-30
Fernandina Beach,FL,"Jacksonville, FL",Nassau County,613397.9494164138,-1.6,2402.5530303030305,12.4,28830.636363636368,0.392,21.3,4.7,3.06,Lean Rent,13672,4.45,104376,14.65,29.77,12.52,7.09,17.02,2026-06-30,2026-06-30
Port Chester,NY,"New York-Newark-Jersey City, NY-NJ-PA",Westchester County,740751.5457519522,6.91,2908.85,3.09,34906.2,0.393,21.2,4.71,3.06,Lean Rent,30957,-1.95,1006447,0.5,6.23,5.51,2.35,37.8,2026-06-30,2026-06-30
Sherwood,OR,"Portland-Vancouver-Hillsboro, OR-WA",Washington County,633160.9735867586,-2.79,2484.777777777778,0.87,29817.333333333336,0.392,21.2,4.71,3.06,Lean Rent,20441,-0.05,611272,1.7,7.45,3.35,3.82,39.13,2026-06-30,2026-06-30
Basking Ridge,NJ,"New York-Newark-Jersey City, NY-NJ-PA",Somerset County,961664.6696461455,4.09,3773.055555555555,NA,45276.666666666664,0.392,21.2,4.71,3.06,Lean Rent,NA,NA,357467,3.68,12.99,2.54,1.98,25.53,2026-06-30,2026-06-30
Flat Rock,NC,"Asheville, NC",Henderson County,460998.34815151105,-1.92,1806.75,NA,21681,0.392,21.3,4.7,3.06,Lean Rent,NA,NA,NA,NA,NA,NA,NA,NA,2026-06-30,2026-06-30
Puyallup,WA,"Seattle-Tacoma-Bellevue, WA",Pierce County,573847.2064781095,-0.26,2245.957634314156,1.72,26951.491611769874,0.391,21.3,4.7,3.05,Lean Rent,42552,-1.13,941170,1.9,6.6,5.21,4.02,35.21,2026-06-30,2026-06-30
Laurel,MD,"Washington-Arlington-Alexandria, DC-VA-MD-WV",Prince Georges County,480750.00739967247,-0.64,1882.4951726964057,0.98,22589.94207235687,0.392,21.3,4.7,3.05,Lean Rent,30238,0.85,NA,NA,NA,NA,NA,NA,2026-06-30,2026-06-30
Watsonville,CA,"Santa Cruz-Watsonville, CA",Santa Cruz County,833281.625758683,0.67,3257.428571428571,3.15,39089.142857142855,0.391,21.3,4.69,3.05,Lean Rent,51320,-2.19,262406,-3.44,-6,9.15,3.39,40.02,2026-06-30,2026-06-30
Palm Beach Gardens,FL,"Miami-Fort Lauderdale-Pompano Beach, FL",Palm Beach County,696720.7539909485,0.5,2725.051211498145,3.71,32700.614537977744,0.391,21.3,4.69,3.05,Lean Rent,63284,6.81,1582055,5.87,15.98,16.36,6.94,30.14,2026-06-30,2026-06-30
Richmond,KY,"Richmond-Berea, KY",Madison County,303364.050560309,1.58,1187.5539080459769,2.62,14250.646896551723,0.391,21.3,4.7,3.05,Lean Rent,39581,12.14,99582,7.09,18.92,8.01,4.84,37.6,2026-06-30,2026-06-30
Chantilly,VA,"Washington-Arlington-Alexandria, DC-VA-MD-WV",Fairfax County,820359.3099763041,-0.86,3207.5881410256407,3.07,38491.05769230769,0.391,21.3,4.69,3.05,Lean Rent,NA,NA,1160925,1.07,6.94,3.66,4.16,31.65,2026-06-30,2026-06-30
Butler,PA,"Pittsburgh, PA",Butler County,258096.94164434972,3.39,1010.5555555555557,12.63,12126.666666666668,0.392,21.3,4.7,3.05,Lean Rent,13010,-3.53,199341,2.72,5.8,7.12,5.23,23.63,2026-06-30,2026-06-30
Prescott Valley,AZ,"Prescott Valley-Prescott, AZ",Yavapai County,461552.0947820039,0.06,1804.017361111111,-1.07,21648.208333333332,0.391,21.3,4.69,3.05,Lean Rent,51440,9.51,252013,6.23,16.63,12.2,4.45,26.49,2026-06-30,2026-06-30
Roseburg,OR,"Roseburg, OR",Douglas County,365814.2656013039,0.39,1431.772486772487,3.62,17181.269841269845,0.391,21.3,4.7,3.05,Lean Rent,23795,0.53,112255,0.87,6.37,7.12,1.77,28.24,2026-06-30,2026-06-30
Grass Valley,CA,"Truckee-Grass Valley, CA",Nevada County,520195.537336773,0.06,2035.5555555555552,8.27,24426.666666666664,0.391,21.3,4.7,3.05,Lean Rent,14085,0.04,102195,-0.07,4.94,22.43,3.91,25.56,2026-06-30,2026-06-30
Fenton,MI,"Detroit-Warren-Dearborn, MI",Livingston County,369840.3280206528,3.6,1443.9714285714288,2.85,17327.657142857144,0.39,21.3,4.69,3.05,Lean Rent,11882,-1.22,196976,1.54,1.07,4.78,4.45,13.38,2026-06-30,2026-06-30
Seaside,CA,"Salinas, CA",Monterey County,806666.6764159077,-1.88,3155,0.91,37860,0.391,21.3,4.69,3.05,Lean Rent,31524,-2.51,436251,-0.97,-4.66,8.72,2.33,47.72,2026-06-30,2026-06-30
Grand Haven,MI,"Grand Rapids-Kentwood, MI",Ottawa County,405204.1582442333,4.26,1583.9444444444443,5.84,19007.333333333332,0.391,21.3,4.69,3.05,Lean Rent,11045,0.27,306235,3.14,6.51,5.3,2.83,21.5,2026-06-30,2026-06-30
Ashland,OH,"Ashland, OH",Ashland County,238874.7888562992,6.54,933.4722222222224,7.33,11201.666666666668,0.391,21.3,4.69,3.05,Lean Rent,18770,-2.38,52420,-0.11,5.88,8.27,9.39,21.12,2026-06-30,2026-06-30
Newberg,OR,"Portland-Vancouver-Hillsboro, OR-WA",Yamhill County,537364.5762677285,-1.77,2098.4,0.36,25180.800000000003,0.39,21.3,4.69,3.05,Lean Rent,27136,6.34,110886,2.92,16.32,4.68,2.84,30.06,2026-06-30,2026-06-30
Owatonna,MN,"Owatonna, MN",Steele County,302291.69631304516,2.67,1183.3333333333333,NA,14200,0.391,21.3,4.7,3.05,Lean Rent,26626,0.81,37434,0.14,-2.22,5.52,4.29,20.1,2026-06-30,2026-06-30
Sachse,TX,"Dallas-Fort Worth-Arlington, TX",Dallas County,437025.07643930154,-4.06,1711.2929717341483,1.35,20535.51566080978,0.392,21.3,4.7,3.05,Lean Rent,33008,21.88,2656028,1.73,0.15,7.76,8.95,49.22,2026-06-30,2026-06-30
Hudson,MA,"Boston-Cambridge-Newton, MA-NH",Middlesex County,631578.0570018537,1.1,2468.777777777778,1.92,29625.333333333336,0.391,21.3,4.69,3.05,Lean Rent,NA,NA,1668956,2.54,11.63,4.52,2.96,38.37,2026-06-30,2026-06-30
Grafton,MA,"Worcester, MA-CT",Worcester County,622294.2256097413,2.56,2432.777777777778,NA,29193.333333333336,0.391,21.3,4.69,3.05,Lean Rent,NA,NA,NA,NA,NA,NA,NA,NA,2026-06-30,2026-06-30
Langley Park,MD,"Washington-Arlington-Alexandria, DC-VA-MD-WV",Prince Georges County,383605.94908481976,1.8,1500.6666666666667,NA,18008,0.391,21.3,4.69,3.05,Lean Rent,NA,NA,NA,NA,NA,NA,NA,NA,2026-06-30,2026-06-30
Abington,PA,"Philadelphia-Camden-Wilmington, PA-NJ-DE-MD",Montgomery County,421566.5039408882,2.43,1651,NA,19812,0.392,21.3,4.7,3.05,Lean Rent,NA,NA,NA,NA,NA,NA,NA,NA,2026-06-30,2026-06-30
Morehead City,NC,"Morehead City, NC",Carteret County,419524.0910419025,1.08,1638.1666666666667,1.09,19658,0.39,21.3,4.69,3.05,Lean Rent,9963,3.97,70259,3.79,15.49,39.56,1.63,26.5,2026-06-30,2026-06-30
Camp Verde,AZ,"Prescott Valley-Prescott, AZ",Yavapai County,435233.7658588627,1.5,1700,NA,20400,0.391,21.3,4.69,3.05,Lean Rent,NA,NA,NA,NA,NA,NA,NA,NA,2026-06-30,2026-06-30
North Haledon,NJ,"New York-Newark-Jersey City, NY-NJ-PA",Passaic County,729520.2340764281,7.48,2855.055555555555,NA,34260.666666666664,0.391,21.3,4.7,3.05,Lean Rent,8854,-0.63,526597,0.6,7.33,4.03,2.2,47.17,2026-06-30,2026-06-30
Mather,CA,"Sacramento-Roseville-Folsom, CA",Sacramento County,575543.1878113573,-0.9,2247.5,NA,26970,0.391,21.3,4.69,3.05,Lean Rent,NA,NA,NA,NA,NA,NA,NA,NA,2026-06-30,2026-06-30
Shenandoah,TX,"Houston-The Woodlands-Sugar Land, TX",Montgomery County,433978.2870510063,-0.94,1695.563492063492,-1.87,20346.761904761905,0.391,21.3,4.69,3.05,Lean Rent,3839,8.91,749613,19.86,40.55,7.22,7.84,28.27,2026-06-30,2026-06-30
Compton,CA,"Los Angeles-Long Beach-Anaheim, CA",Los Angeles County,640999.4660839853,2.6,2499.75,-3.79,29997,0.39,21.4,4.68,3.04,Lean Rent,91129,-4.48,9757179,-2.4,0.03,6.45,4.01,53.92,2026-06-30,2026-06-30
Flower Mound,TX,"Dallas-Fort Worth-Arlington, TX",Denton County,616638.7825852385,-1.56,2404.175379457707,3.17,28850.104553492485,0.39,21.4,4.68,3.04,Lean Rent,79990,4.57,1045120,14.28,23.72,4.75,5.09,34.63,2026-06-30,2026-06-30
Washington,PA,"Pittsburgh, PA",Washington County,241477.7293703789,4.34,939.8666666666668,5.83,11278.400000000001,0.389,21.4,4.67,3.04,Lean Rent,13334,1.46,210434,0.49,4.53,10.07,6.42,23.56,2026-06-30,2026-06-30
Burke,VA,"Washington-Arlington-Alexandria, DC-VA-MD-WV",Fairfax County,742102.5688116703,-0.48,2895.715873015873,3.1,34748.590476190475,0.39,21.4,4.68,3.04,Lean Rent,NA,NA,1160925,1.07,6.94,3.66,4.16,31.65,2026-06-30,2026-06-30
Saint Charles,IL,"Chicago-Naperville-Elgin, IL-IN-WI",Kane County,484111.6624107378,5.82,1883.9843137254904,2.44,22607.811764705886,0.389,21.4,4.67,3.04,Lean Rent,NA,NA,520997,0.89,3.7,3.54,3.6,24.26,2026-06-30,2026-06-30
Kearny,NJ,"New York-Newark-Jersey City, NY-NJ-PA",Hudson County,590269.1598432614,2.31,2301.2190476190476,3.35,27614.62857142857,0.39,21.4,4.68,3.04,Lean Rent,40866,-2.02,736185,1.98,14.43,6.78,4.46,68.82,2026-06-30,2026-06-30
Tooele,UT,"Salt Lake City, UT",Tooele County,434528.8182843332,-0.31,1695.861111111111,NA,20350.333333333332,0.39,21.4,4.68,3.04,Lean Rent,40919,13.55,84488,15.18,20.8,4.51,6.32,17.36,2026-06-30,2026-06-30
Livingston,NJ,"New York-Newark-Jersey City, NY-NJ-PA",Essex County,1118817.65117928,5.58,4354.4682539682535,2.26,52253.61904761904,0.389,21.4,4.67,3.04,Lean Rent,NA,NA,881527,2.5,15.1,5.39,2.7,55.47,2026-06-30,2026-06-30
King George,VA,NA,King George County,475460.92762247304,2.69,1852.2222222222224,NA,22226.666666666668,0.39,21.4,4.67,3.04,Lean Rent,NA,NA,NA,NA,NA,NA,NA,NA,2026-06-30,2026-06-30
Paris,TN,"Paris, TN",Henry County,218205.65920964547,7.16,850,NA,10200,0.39,21.4,4.67,3.04,Lean Rent,NA,NA,NA,NA,NA,NA,NA,NA,2026-06-30,2026-06-30
Stonington,CT,"Norwich-New London, CT",New London County,645687.8796440368,7.31,2512.6111111111113,NA,30151.333333333336,0.389,21.4,4.67,3.04,Lean Rent,NA,NA,NA,NA,NA,NA,NA,NA,2026-06-30,2026-06-30
Perry Hall,MD,"Baltimore-Columbia-Towson, MD",Baltimore County,434302.2625927801,0.03,1695.3333333333333,NA,20344,0.39,21.3,4.68,3.04,Lean Rent,NA,NA,NA,NA,NA,NA,NA,NA,2026-06-30,2026-06-30
Ephrata,WA,"Moses Lake, WA",Grant County,327031.6954304048,0.91,1275,NA,15300,0.39,21.4,4.68,3.04,Lean Rent,NA,NA,NA,NA,NA,NA,NA,NA,2026-06-30,2026-06-30
Ammon,ID,"Idaho Falls, ID",Bonneville County,419648.6209342617,0.66,1636.013888888889,2.99,19632.166666666668,0.39,21.4,4.68,3.04,Lean Rent,20095,12.41,133644,7.14,10.04,6.56,4.3,28.39,2026-06-30,2026-06-30
Lumberton Township,NJ,"Philadelphia-Camden-Wilmington, PA-NJ-DE-MD",Burlington County,505913.6875141061,3.5,1973.9484126984128,NA,23687.380952380954,0.39,21.4,4.68,3.04,Lean Rent,NA,NA,475515,2.99,9.35,5.16,3.54,24.27,2026-06-30,2026-06-30
Page,AZ,"Flagstaff, AZ",Coconino County,384512.6535018729,0.61,1500,NA,18000,0.39,21.4,4.68,3.04,Lean Rent,NA,NA,NA,NA,NA,NA,NA,NA,2026-06-30,2026-06-30
Glen Ridge,NJ,"New York-Newark-Jersey City, NY-NJ-PA",Essex County,1206642.8773855192,5.37,4700,NA,56400,0.39,21.4,4.67,3.04,Lean Rent,NA,NA,NA,NA,NA,NA,NA,NA,2026-06-30,2026-06-30
Pembroke,NH,"Concord, NH",Merrimack County,487056.3513744997,5.28,1900,NA,22800,0.39,21.4,4.68,3.04,Lean Rent,NA,NA,NA,NA,NA,NA,NA,NA,2026-06-30,2026-06-30
Winona Lake,IN,"Warsaw, IN",Kosciusko County,309665.1962839719,4.82,1207.5,NA,14490,0.39,21.4,4.68,3.04,Lean Rent,NA,NA,NA,NA,NA,NA,NA,NA,2026-06-30,2026-06-30
Wood Village,OR,"Portland-Vancouver-Hillsboro, OR-WA",Multnomah County,416632.3699201929,-2.63,1626.1666666666667,NA,19514,0.39,21.4,4.68,3.04,Lean Rent,4722,7.61,795897,-2.5,1.19,5.52,4.7,45.9,2026-06-30,2026-06-30
Nampa,ID,"Boise City, ID",Canyon County,418846.91064922325,0.65,1626.4581890903405,3.54,19517.498269084084,0.388,21.5,4.66,3.03,Lean Rent,117350,15.7,266892,14.53,25.29,3.18,3.05,24.91,2026-06-30,2026-06-30
Rockville,MD,"Washington-Arlington-Alexandria, DC-VA-MD-WV",Montgomery County,623895.6291703162,-1.05,2426.2078421501988,-0.16,29114.494105802383,0.389,21.4,4.67,3.03,Lean Rent,68417,1.6,1082273,2.02,7.76,4.26,3.68,34.66,2026-06-30,2026-06-30
Arlington Heights,IL,"Chicago-Naperville-Elgin, IL-IN-WI",Cook County,502324.8592216209,8.04,1949.2609318996413,1.49,23391.131182795696,0.388,21.5,4.66,3.03,Lean Rent,75596,-2.33,5182617,-1.6,5.9,8.18,4.67,42.49,2026-06-30,2026-06-30
Jefferson City,MO,"Jefferson City, MO",Cole County,282736.55151908164,7.78,1098.4424603174602,8.2,13181.309523809523,0.389,21.4,4.66,3.03,Lean Rent,42564,0.08,77625,1.31,3.66,7.9,5.56,32.64,2026-06-30,2026-06-30
Novi,MI,"Detroit-Warren-Dearborn, MI",Oakland County,478638.18180093303,2.95,1857.3703703703704,1.49,22288.444444444445,0.388,21.5,4.66,3.03,Lean Rent,67675,2.34,1296888,1.91,10.58,5.25,6.51,27.73,2026-06-30,2026-06-30
Lansdale,PA,"Philadelphia-Camden-Wilmington, PA-NJ-DE-MD",Montgomery County,513642.7178562159,1.51,1997.1445614035083,0.46,23965.7347368421,0.389,21.4,4.67,3.03,Lean Rent,19154,1.7,879190,2.6,7.92,4.35,5.68,28.27,2026-06-30,2026-06-30
Kailua Kona,HI,"Hilo, HI",Hawaii County,884262.3463561544,-1.99,3432.555555555555,25.04,41190.666666666664,0.388,21.5,4.66,3.03,Lean Rent,NA,NA,NA,NA,NA,NA,NA,NA,2026-06-30,2026-06-30
Atwater,CA,"Merced, CA",Merced County,424582.3698711794,0.4,1648.611111111111,NA,19783.333333333332,0.388,21.5,4.66,3.03,Lean Rent,32248,0.97,296774,4.88,2.88,5.59,2.8,46.7,2026-06-30,2026-06-30
Bettendorf,IA,"Davenport-Moline-Rock Island, IA-IL",Scott County,342222.7512357019,5.33,1327.3168831168832,6.28,15927.802597402599,0.388,21.5,4.65,3.03,Lean Rent,40281,2.94,175601,0.56,4.16,6.98,5.79,30.4,2026-06-30,2026-06-30
Matawan,NJ,"New York-Newark-Jersey City, NY-NJ-PA",Middlesex County,661683.480832136,3.59,2570.5984126984126,0.33,30847.18095238095,0.388,21.5,4.66,3.03,Lean Rent,9739,2.04,890119,3.33,12.92,3.48,2.61,36.53,2026-06-30,2026-06-30
Randallstown,MD,"Baltimore-Columbia-Towson, MD",Baltimore County,380598.9109141943,1.18,1480.6494708994708,-0.38,17767.79365079365,0.389,21.4,4.67,3.03,Lean Rent,NA,NA,852425,-0.11,3.96,5.75,5.61,33.67,2026-06-30,2026-06-30
Tyrone,GA,"Atlanta-Sandy Springs-Alpharetta, GA",Fayette County,509203.424611998,-1.63,1975,NA,23700,0.388,21.5,4.65,3.03,Lean Rent,NA,NA,NA,NA,NA,NA,NA,NA,2026-06-30,2026-06-30
Haledon,NJ,"New York-Newark-Jersey City, NY-NJ-PA",Passaic County,570916.2762006646,3.92,2216.6666666666665,NA,26600,0.388,21.5,4.66,3.03,Lean Rent,NA,NA,NA,NA,NA,NA,NA,NA,2026-06-30,2026-06-30
Clover Creek,WA,"Seattle-Tacoma-Bellevue, WA",Pierce County,535443.5098876354,0.67,2077,NA,24924,0.388,21.5,4.65,3.03,Lean Rent,NA,NA,941170,1.9,6.6,5.21,4.02,35.21,2026-06-30,2026-06-30
Goldendale,WA,NA,Klickitat County,321769.8994766618,1.28,1250,NA,15000,0.388,21.5,4.66,3.03,Lean Rent,NA,NA,NA,NA,NA,NA,NA,NA,2026-06-30,2026-06-30
Altoona,WI,"Eau Claire, WI",Eau Claire County,341346.2752589356,1.71,1327.7777777777776,NA,15933.333333333332,0.389,21.4,4.67,3.03,Lean Rent,9302,10.55,108830,2.79,5.81,5.58,4.51,37.17,2026-06-30,2026-06-30
Green Bay,WI,"Green Bay, WI",Brown County,289377.80219323357,5.83,1119.4755892255891,2.86,13433.70707070707,0.387,21.5,4.64,3.02,Lean Rent,106311,-0.92,273909,1.84,4.22,3.4,2.45,35.38,2026-06-30,2026-06-30
Lynn,MA,"Boston-Cambridge-Newton, MA-NH",Essex County,595052.7801588668,0.46,2300.432596643123,2.47,27605.191159717477,0.387,21.6,4.64,3.02,Lean Rent,103489,2.39,823938,2,7.8,5.11,2.53,36.04,2026-06-30,2026-06-30
Lakewood,CA,"Los Angeles-Long Beach-Anaheim, CA",Los Angeles County,884734.6284581557,2.06,3429.875,5.45,41158.5,0.388,21.5,4.65,3.02,Lean Rent,78494,-4.54,9757179,-2.4,0.03,6.45,4.01,53.92,2026-06-30,2026-06-30
Valley Stream,NY,"New York-Newark-Jersey City, NY-NJ-PA",Nassau County,773887.4952663202,4.77,2994.0833333333335,-0.24,35929,0.387,21.5,4.64,3.02,Lean Rent,40232,-0.66,1392438,0.13,2.32,4.56,4.6,18.07,2026-06-30,2026-06-30
Davison,MI,"Flint, MI",Genesee County,263889.40014599485,5.9,1022.2301587301588,NA,12266.761904761905,0.387,21.5,4.65,3.02,Lean Rent,NA,NA,NA,NA,NA,NA,NA,NA,2026-06-30,2026-06-30
Poulsbo,WA,"Bremerton-Silverdale-Port Orchard, WA",Kitsap County,675775.4026471946,1.02,2616.774358974359,2.94,31401.29230769231,0.387,21.5,4.65,3.02,Lean Rent,12562,4.9,281420,2.03,11.34,6.99,3.99,29.85,2026-06-30,2026-06-30
Hampstead,NC,"Wilmington, NC",Pender County,491412.7172215891,-0.44,1904.4940170940172,4.64,22853.928205128206,0.388,21.5,4.65,3.02,Lean Rent,NA,NA,70077,15.59,25.5,22.11,9.76,18.18,2026-06-30,2026-06-30
Troutdale,OR,"Portland-Vancouver-Hillsboro, OR-WA",Multnomah County,492919.5078301008,-1.41,1910,NA,22920,0.387,21.5,4.65,3.02,Lean Rent,NA,NA,NA,NA,NA,NA,NA,NA,2026-06-30,2026-06-30
Clarkston,WA,"Lewiston, ID-WA",Asotin County,348964.30232107773,1.1,1350,NA,16200,0.387,21.5,4.64,3.02,Lean Rent,NA,NA,NA,NA,NA,NA,NA,NA,2026-06-30,2026-06-30
Coalinga,CA,"Fresno, CA",Fresno County,299368.38573904237,3.28,1158.3333333333333,NA,13900,0.387,21.5,4.64,3.02,Lean Rent,16722,-5.42,1024125,1.44,-1.54,5.8,3.02,44.58,2026-06-30,2026-06-30
Gorham,ME,"Portland-South Portland, ME",Cumberland County,555271.7449554977,0.22,2150,NA,25800,0.387,21.5,4.65,3.02,Lean Rent,NA,NA,NA,NA,NA,NA,NA,NA,2026-06-30,2026-06-30
Amherst,OH,"Cleveland-Elyria, OH",Lorain County,285723.5011058499,5.33,1105,NA,13260,0.387,21.5,4.64,3.02,Lean Rent,NA,NA,NA,NA,NA,NA,NA,NA,2026-06-30,2026-06-30
Duson,LA,"Lafayette, LA",Lafayette Parish,219752.43486249103,4.42,850,NA,10200,0.387,21.5,4.64,3.02,Lean Rent,NA,NA,NA,NA,NA,NA,NA,NA,2026-06-30,2026-06-30
Garden City,ID,"Boise City, ID",Ada County,478960.3870031484,-2.41,1855.3128205128205,7,22263.753846153846,0.387,21.5,4.65,3.02,Lean Rent,12936,5.19,535799,7.53,14.17,4.08,3.49,28.65,2026-06-30,2026-06-30
Ventnor City,NJ,"Atlantic City-Hammonton, NJ",Atlantic County,644493.2745943445,8.8,2498.75,58.38,29985,0.388,21.5,4.65,3.02,Lean Rent,9372,1.97,279114,1.79,8.62,17.71,4.68,32.16,2026-06-30,2026-06-30
Benson,AZ,"Sierra Vista-Douglas, AZ",Cochise County,255662.82119347507,0.86,989.5,NA,11874,0.387,21.5,4.64,3.02,Lean Rent,NA,NA,NA,NA,NA,NA,NA,NA,2026-06-30,2026-06-30
Eastampton Township,NJ,"Philadelphia-Camden-Wilmington, PA-NJ-DE-MD",Burlington County,485523.0482430418,2.17,1881.25,NA,22575,0.387,21.5,4.65,3.02,Lean Rent,NA,NA,475515,2.99,9.35,5.16,3.54,24.27,2026-06-30,2026-06-30
Colorado Springs,CO,"Colorado Springs, CO",El Paso County,450253.5389890177,-1.84,1739.0342052502438,0.97,20868.410463002925,0.386,21.6,4.63,3.01,Lean Rent,493554,2.46,752772,2.58,3.46,4.58,3.67,33.62,2026-06-30,2026-06-30
Peoria,AZ,"Phoenix-Mesa-Chandler, AZ",Maricopa County,486091.3483126297,-1.31,1876.4425181075665,0.25,22517.310217290797,0.386,21.6,4.63,3.01,Lean Rent,199924,4.13,4673096,5.12,9.38,8.29,5.4,34.99,2026-06-30,2026-06-30
Sparks,NV,"Reno, NV",Washoe County,537388.2237966978,0.7,2071.871245739276,8.27,24862.454948871316,0.386,21.6,4.63,3.01,Lean Rent,111520,2.42,507280,4.01,13.63,8.28,5.88,40.53,2026-06-30,2026-06-30
Temecula,CA,"Riverside-San Bernardino-Ontario, CA",Riverside County,766780.4404752739,-1.2,2954.339417644502,1.23,35452.07301173403,0.385,21.6,4.62,3.01,Lean Rent,112431,2.13,2529933,4.34,7.33,11.37,4.89,31.14,2026-06-30,2026-06-30
Mansfield,TX,"Dallas-Fort Worth-Arlington, TX",Tarrant County,449168.6540988413,-0.95,1731.991384432561,0.36,20783.896613190733,0.386,21.6,4.63,3.01,Lean Rent,80803,10.98,2230708,5.41,8.74,7.08,7.73,40.64,2026-06-30,2026-06-30
Grand Forks,ND,"Grand Forks, ND-MN",Grand Forks County,303687.1216231692,7.58,1172.176958662253,7.9,14066.123503947034,0.386,21.6,4.63,3.01,Lean Rent,59845,1.18,73771,0.87,4.2,7.98,7.28,47.94,2026-06-30,2026-06-30
Colton,CA,"Riverside-San Bernardino-Ontario, CA",San Bernardino County,499865.0394251034,0.04,1928.6454545454544,4.44,23143.745454545453,0.386,21.6,4.63,3.01,Lean Rent,53528,-0.83,2214281,1.41,1.68,9.55,3.22,38.46,2026-06-30,2026-06-30
Spring Hill,TN,"Nashville-Davidson--Murfreesboro--Franklin, TN",Maury County,526820.5640392023,-0.42,2030.113553113553,-2,24361.362637362636,0.385,21.6,4.62,3.01,Lean Rent,59398,15.76,113411,11.37,21.6,7.99,8.58,28.72,2026-06-30,2026-06-30
Lorton,VA,"Washington-Arlington-Alexandria, DC-VA-MD-WV",Fairfax County,664082.1495232065,0.49,2566.9118629908103,-0.73,30802.942355889725,0.387,21.6,4.64,3.01,Lean Rent,NA,NA,1160925,1.07,6.94,3.66,4.16,31.65,2026-06-30,2026-06-30
McMinnville,TN,"McMinnville, TN",Warren County,259478.75351815563,1.73,999.7777777777778,NA,11997.333333333334,0.385,21.6,4.62,3.01,Lean Rent,NA,NA,NA,NA,NA,NA,NA,NA,2026-06-30,2026-06-30
Martinsville,IN,"Indianapolis-Carmel-Anderson, IN",Morgan County,297391.4437379288,1.82,1147.5,NA,13770,0.386,21.6,4.63,3.01,Lean Rent,NA,NA,NA,NA,NA,NA,NA,NA,2026-06-30,2026-06-30
Clearfield,UT,"Ogden-Clearfield, UT",Davis County,425613.39674495306,2.03,1645.1416666666669,0.06,19741.700000000004,0.387,21.6,4.64,3.01,Lean Rent,34778,8.97,378470,4.04,4.18,3.29,3.85,22.6,2026-06-30,2026-06-30
Cockeysville,MD,"Baltimore-Columbia-Towson, MD",Baltimore County,487368.2234046057,0.91,1879.5535353535352,1,22554.642424242422,0.386,21.6,4.63,3.01,Lean Rent,NA,NA,852425,-0.11,3.96,5.75,5.61,33.67,2026-06-30,2026-06-30
Fredericksburg,TX,"Fredericksburg, TX",Gillespie County,525994.4194504764,-5.73,2032.936507936508,NA,24395.238095238095,0.386,21.6,4.64,3.01,Lean Rent,11766,6.65,28159,5.2,17.29,20.93,7.89,28.99,2026-06-30,2026-06-30
Blue Bell,PA,"Philadelphia-Camden-Wilmington, PA-NJ-DE-MD",Montgomery County,713768.0292985536,3.25,2756.133333333333,4.87,33073.6,0.386,21.6,4.63,3.01,Lean Rent,NA,NA,879190,2.6,7.92,4.35,5.68,28.27,2026-06-30,2026-06-30
Sappington,MO,"St. Louis, MO-IL",Saint Louis County,370240.1594624806,2.84,1428.3333333333333,4.21,17140,0.386,21.6,4.63,3.01,Lean Rent,NA,NA,NA,NA,NA,NA,NA,NA,2026-06-30,2026-06-30
Burlington,WA,"Mount Vernon-Anacortes, WA",Skagit County,546739.6105821489,1.22,2110.055555555555,3.9,25320.666666666664,0.386,21.6,4.63,3.01,Lean Rent,10945,18.41,132736,2.18,8.04,8.77,1.09,29.36,2026-06-30,2026-06-30
Mammoth Lakes,CA,NA,Mono County,825454.8709236528,1.84,3188.8888888888887,NA,38266.666666666664,0.386,21.6,4.64,3.01,Lean Rent,NA,NA,NA,NA,NA,NA,NA,NA,2026-06-30,2026-06-30
Cheverly,MD,"Washington-Arlington-Alexandria, DC-VA-MD-WV",Prince Georges County,473540.62506239046,-2.86,1829.7777777777776,NA,21957.333333333332,0.386,21.6,4.64,3.01,Lean Rent,NA,NA,NA,NA,NA,NA,NA,NA,2026-06-30,2026-06-30
Georgetown,TX,"Austin-Round Rock-Georgetown, TX",Williamson County,427646.6960141138,-5.24,1643.4653775665518,0.7,19721.58453079862,0.384,21.7,4.61,3,Lean Rent,101344,47.49,727480,18.17,29.75,3.91,3.51,32.92,2026-06-30,2026-06-30
Appleton,WI,"Appleton, WI",Outagamie County,308434.70583509316,6.51,1187.2435897435898,5,14246.923076923078,0.385,21.6,4.62,3,Lean Rent,75344,-0.33,195390,2.31,5.33,3.33,2.2,28.26,2026-06-30,2026-06-30
Chelmsford,MA,"Boston-Cambridge-Newton, MA-NH",Middlesex County,696378.625324794,0.79,2680.4785353535353,-0.45,32165.742424242424,0.385,21.6,4.62,3,Lean Rent,NA,NA,1668956,2.54,11.63,4.52,2.96,38.37,2026-06-30,2026-06-30
Orion,MI,"Detroit-Warren-Dearborn, MI",Oakland County,412165.0589353847,3.05,1587.35,NA,19048.199999999997,0.385,21.6,4.62,3,Lean Rent,NA,NA,1296888,1.91,10.58,5.25,6.51,27.73,2026-06-30,2026-06-30
Oakdale,CA,"Modesto, CA",Stanislaus County,562450.9746832052,0.62,2162.5,NA,25950,0.384,21.7,4.61,3,Lean Rent,23209,0,556972,0.59,2.04,4.22,2.75,39,2026-06-30,2026-06-30
Chaska,MN,"Minneapolis-St. Paul-Bloomington, MN-WI",Carver County,489384.3194276439,2.44,1883.1799370220424,2.81,22598.15924426451,0.385,21.7,4.62,3,Lean Rent,30167,8.22,112628,4.96,8.5,2.81,3.46,18.29,2026-06-30,2026-06-30
Paris,KY,"Lexington-Fayette, KY",Bourbon County,266417.3854831118,-3.65,1023.3333333333334,NA,12280,0.384,21.7,4.61,3,Lean Rent,NA,NA,NA,NA,NA,NA,NA,NA,2026-06-30,2026-06-30
Lincoln,RI,"Providence-Warwick, RI-MA",Providence County,563676.2528521683,4.87,2166.6666666666665,NA,26000,0.384,21.7,4.61,3,Lean Rent,NA,NA,675912,2.4,11.33,7.44,4.46,43.38,2026-06-30,2026-06-30
Gypsum,CO,"Glenwood Springs, CO",Garfield County,712792.4370254063,0.96,2737.5,NA,32850,0.384,21.7,4.61,3,Lean Rent,NA,NA,NA,NA,NA,NA,NA,NA,2026-06-30,2026-06-30
Cloverdale,CA,"Santa Rosa-Petaluma, CA",Sonoma County,642658.0911253069,-2.28,2475,NA,29700,0.385,21.6,4.62,3,Lean Rent,NA,NA,NA,NA,NA,NA,NA,NA,2026-06-30,2026-06-30
Tuckahoe,NY,"New York-Newark-Jersey City, NY-NJ-PA",Westchester County,876099.0476928285,6.68,3371.875,NA,40462.5,0.385,21.7,4.62,3,Lean Rent,NA,NA,NA,NA,NA,NA,NA,NA,2026-06-30,2026-06-30
Smithfield,UT,"Logan, UT-ID",Cache County,473165.9671805783,1.96,1817.5,NA,21810,0.384,21.7,4.61,3,Lean Rent,NA,NA,NA,NA,NA,NA,NA,NA,2026-06-30,2026-06-30
Meridian,ID,"Boise City, ID",Ada County,538033.0266584113,-0.07,2065.0505627931216,4.12,24780.60675351746,0.384,21.7,4.61,2.99,Lean Rent,139740,16.94,535799,7.53,14.17,4.08,3.49,28.65,2026-06-30,2026-06-30
Charlottesville,VA,"Charlottesville, VA",Albemarle County,527611.0636615526,0.51,2020.7625261042283,1.49,24249.15031325074,0.383,21.8,4.6,2.99,Lean Rent,44767,-3.59,117313,4.22,12.53,6.82,2.72,34.05,2026-06-30,2026-06-30
Centreville,VA,"Washington-Arlington-Alexandria, DC-VA-MD-WV",Fairfax County,632530.0793301559,-0.33,2424.1733333333336,-0.55,29090.08,0.383,21.7,4.6,2.99,Lean Rent,NA,NA,1160925,1.07,6.94,3.66,4.16,31.65,2026-06-30,2026-06-30
East Lansing,MI,"Lansing-East Lansing, MI",Ingham County,329352.5696258413,4.4,1261.3373015873017,5.43,15136.04761904762,0.383,21.8,4.6,2.99,Lean Rent,48964,1.96,290427,1.9,8.02,7.35,5.48,40.45,2026-06-30,2026-06-30
Burlington,VT,"Burlington-South Burlington, VT",Chittenden County,519611.1053247252,-1.88,1990.029673811743,1.36,23880.356085740914,0.383,21.8,4.6,2.99,Lean Rent,44432,-0.7,170851,1.44,4.59,4.84,1.57,36.44,2026-06-30,2026-06-30
Riverton,UT,"Salt Lake City, UT",Salt Lake County,629696.8315547399,1.16,2414.369963369963,2.44,28972.439560439554,0.383,21.7,4.6,2.99,Lean Rent,46680,3.06,1216274,2.46,7.39,5.36,5.82,33,2026-06-30,2026-06-30
Warsaw,IN,"Warsaw, IN",Kosciusko County,282782.2921424553,4.29,1084.4166666666667,3.29,13013,0.383,21.7,4.6,2.99,Lean Rent,16111,1.92,80669,0.63,2.43,17.73,5.37,23.02,2026-06-30,2026-06-30
Maple Valley,WA,"Seattle-Tacoma-Bellevue, WA",King County,794244.9238248685,-2.67,3046.7393162393164,4.1,36560.8717948718,0.384,21.7,4.6,2.99,Lean Rent,28553,1.66,2340211,2.9,15.35,6.12,5.05,43.91,2026-06-30,2026-06-30
Dickinson,ND,"Dickinson, ND",Stark County,333456.0695686801,5.11,1278.3314814814814,0.84,15339.977777777778,0.383,21.7,4.6,2.99,Lean Rent,25695,-0.45,33767,-0.2,12.59,14.48,9.19,35.05,2026-06-30,2026-06-30
Warrensburg,MO,"Warrensburg, MO",Johnson County,272234.5330945884,4.25,1042.6314814814816,2.41,12511.57777777778,0.383,21.8,4.6,2.99,Lean Rent,19998,3.34,55880,3.41,9.47,8.75,3.55,36.14,2026-06-30,2026-06-30
Payson,AZ,"Payson, AZ",Gila County,452321.9688859991,-1.21,1732.5,NA,20790,0.383,21.8,4.6,2.99,Lean Rent,NA,NA,NA,NA,NA,NA,NA,NA,2026-06-30,2026-06-30
Amesbury,MA,"Boston-Cambridge-Newton, MA-NH",Essex County,639492.0304366985,2.2,2453.0833333333335,3.96,29437,0.384,21.7,4.6,2.99,Lean Rent,NA,NA,NA,NA,NA,NA,NA,NA,2026-06-30,2026-06-30
Tenafly,NJ,"New York-Newark-Jersey City, NY-NJ-PA",Bergen County,1341157.3055721286,7.86,5136.527777777777,NA,61638.33333333333,0.383,21.8,4.6,2.99,Lean Rent,15455,0.7,978641,2.61,10.38,4.13,3.53,34.64,2026-06-30,2026-06-30
Wyncote,PA,"Philadelphia-Camden-Wilmington, PA-NJ-DE-MD",Montgomery County,474834.4768436785,1.03,1820.5238095238096,5.67,21846.285714285717,0.383,21.7,4.6,2.99,Lean Rent,NA,NA,879190,2.6,7.92,4.35,5.68,28.27,2026-06-30,2026-06-30
Montecito,CA,"Santa Maria-Santa Barbara, CA",Santa Barbara County,5619517.811652813,10.94,21543.888888888887,NA,258526.66666666663,0.383,21.7,4.6,2.99,Lean Rent,NA,NA,444500,-0.8,-2.53,6.76,3.08,47.13,2026-06-30,2026-06-30
Phoenix,AZ,"Phoenix-Mesa-Chandler, AZ",Maricopa County,410222.3818733138,-2.14,1569.4524243513476,-0.27,18833.42909221617,0.383,21.8,4.59,2.98,Lean Rent,1673164,3.76,4673096,5.12,9.38,8.29,5.4,34.99,2026-06-30,2026-06-30
Cumming,GA,"Atlanta-Sandy Springs-Alpharetta, GA",Forsyth County,605713.4379664684,-2.64,2310.854458783226,0.62,27730.253505398716,0.382,21.8,4.58,2.98,Lean Rent,10175,38.27,280096,10.75,17.09,4.25,7.47,15.03,2026-06-30,2026-06-30
Cheyenne,WY,"Cheyenne, WY",Laramie County,391685.4743859047,3.54,1493.994455994456,4.19,17927.933471933473,0.381,21.8,4.58,2.98,Lean Rent,65704,0.64,101783,1.04,5.7,5.62,1.65,29.2,2026-06-30,2026-06-30
Richland,WA,"Kennewick-Richland, WA",Benton County,470358.905791782,0.1,1799.824074074074,0.93,21597.888888888887,0.383,21.8,4.59,2.98,Lean Rent,64372,5.72,218190,5.19,10.36,6.23,5.79,31.5,2026-06-30,2026-06-30
Billerica,MA,"Boston-Cambridge-Newton, MA-NH",Middlesex County,716641.1371350676,2.07,2740.9292929292933,0.05,32891.15151515152,0.382,21.8,4.59,2.98,Lean Rent,NA,NA,1668956,2.54,11.63,4.52,2.96,38.37,2026-06-30,2026-06-30
Gainesville,VA,"Washington-Arlington-Alexandria, DC-VA-MD-WV",Prince William County,770563.0554500317,1.27,2947.475,0.43,35369.7,0.383,21.8,4.59,2.98,Lean Rent,NA,NA,497003,2.93,3.17,3.52,5.04,25.62,2026-06-30,2026-06-30
Roseville,MN,"Minneapolis-St. Paul-Bloomington, MN-WI",Ramsey County,385405.6252462347,3.36,1471.394117647059,2.74,17656.729411764707,0.382,21.8,4.58,2.98,Lean Rent,35637,-1.62,542015,-1.76,3.41,5.41,6.16,38.97,2026-06-30,2026-06-30
Prior Lake,MN,"Minneapolis-St. Paul-Bloomington, MN-WI",Scott County,536321.064212103,2.04,2050.67619047619,4.01,24608.114285714284,0.382,21.8,4.59,2.98,Lean Rent,28018,1.41,157206,3.87,2.74,2.6,1.89,15.7,2026-06-30,2026-06-30
Elizabethtown,PA,"Lancaster, PA",Lancaster County,370733.0119316897,5,1415.547619047619,3.9,16986.571428571428,0.382,21.8,4.58,2.98,Lean Rent,11993,2.83,563293,1.89,3.04,3.36,2.54,30.06,2026-06-30,2026-06-30
Sonora,CA,"Sonora, CA",Tuolumne County,407907.5287209504,-2.46,1558.75,NA,18705,0.382,21.8,4.59,2.98,Lean Rent,NA,NA,NA,NA,NA,NA,NA,NA,2026-06-30,2026-06-30
Scarborough,ME,"Portland-South Portland, ME",Cumberland County,705593.9282833334,-1.12,2693.6059523809527,3.87,32323.271428571432,0.382,21.8,4.58,2.98,Lean Rent,NA,NA,313809,3.36,8.17,14.2,3.63,29.63,2026-06-30,2026-06-30
Merrill,WI,"Wausau-Weston, WI",Lincoln County,222378.63362615393,5.73,850,NA,10200,0.382,21.8,4.59,2.98,Lean Rent,NA,NA,NA,NA,NA,NA,NA,NA,2026-06-30,2026-06-30
Rockland,MA,"Boston-Cambridge-Newton, MA-NH",Plymouth County,568391.6402347182,3.16,2175,NA,26100,0.383,21.8,4.59,2.98,Lean Rent,NA,NA,NA,NA,NA,NA,NA,NA,2026-06-30,2026-06-30
Southern Pines,NC,"Pinehurst-Southern Pines, NC",Moore County,462912.0026581675,0.79,1770.0370370370372,-2.4,21240.444444444445,0.382,21.8,4.59,2.98,Lean Rent,16987,8.29,108417,8.1,14.51,13.37,3.35,23.67,2026-06-30,2026-06-30
Stoughton,WI,"Madison, WI",Dane County,439675.7369236953,3.95,1677.5,NA,20130,0.382,21.8,4.58,2.98,Lean Rent,13134,-0.22,588347,4.57,11.72,3.59,2.98,42.34,2026-06-30,2026-06-30
Barrington,IL,"Chicago-Naperville-Elgin, IL-IN-WI",Cook County,650509.2943213687,7.46,2486.722222222222,NA,29840.666666666664,0.382,21.8,4.59,2.98,Lean Rent,10615,-0.85,5182617,-1.6,5.9,8.18,4.67,42.49,2026-06-30,2026-06-30
Aurora,CO,"Denver-Aurora-Lakewood, CO",Arapahoe County,462423.6498546915,-3.55,1758.9959733552707,-1.91,21107.95168026325,0.38,21.9,4.56,2.97,Lean Rent,403130,4.22,666918,1.77,3.13,4.55,5.64,34.88,2026-06-30,2026-06-30
Madison,WI,"Madison, WI",Dane County,435430.26168723934,2.1,1656.3062823437756,2.5,19875.675388125306,0.38,21.9,4.56,2.97,Lean Rent,285300,3.79,588347,4.57,11.72,3.59,2.98,42.34,2026-06-30,2026-06-30
Eugene,OR,"Eugene-Springfield, OR",Lane County,484307.82793631806,0.02,1841.823792243399,3.07,22101.88550692079,0.38,21.9,4.56,2.97,Lean Rent,178786,0.2,382396,-0.47,4.1,5.23,2.88,40.62,2026-06-30,2026-06-30
Somerville,MA,"Boston-Cambridge-Newton, MA-NH",Middlesex County,941329.5761961858,0.39,3588.9131798963117,3.78,43066.95815875574,0.381,21.9,4.58,2.97,Lean Rent,82149,1.54,1668956,2.54,11.63,4.52,2.96,38.37,2026-06-30,2026-06-30
Madison,AL,"Huntsville, AL",Limestone County,379054.9870065576,0.81,1442.1888880982317,1.21,17306.26665717878,0.38,21.9,4.57,2.97,Lean Rent,64029,11.72,118942,14.14,33.45,7.97,6.79,22.5,2026-06-30,2026-06-30
Clarkston,MI,"Detroit-Warren-Dearborn, MI",Oakland County,437273.7105627689,3.56,1663.711111111111,2.42,19964.533333333333,0.38,21.9,4.57,2.97,Lean Rent,NA,NA,1296888,1.91,10.58,5.25,6.51,27.73,2026-06-30,2026-06-30
Media,PA,"Philadelphia-Camden-Wilmington, PA-NJ-DE-MD",Delaware County,653708.4607557615,4.06,2488.035714285714,2.02,29856.428571428572,0.381,21.9,4.57,2.97,Lean Rent,5938,0.99,584882,1.45,5.58,5.55,4.21,30.36,2026-06-30,2026-06-30
Port Angeles,WA,"Port Angeles, WA",Clallam County,462048.41654738015,0.29,1758.6111111111113,NA,21103.333333333336,0.381,21.9,4.57,2.97,Lean Rent,20112,0.55,77958,0.77,14.64,10.23,2.64,27.24,2026-06-30,2026-06-30
Miami Lakes,FL,"Miami-Fort Lauderdale-Pompano Beach, FL",Miami-Dade County,654572.5417238718,-0.32,2490.348516218082,3.1,29884.18219461698,0.38,21.9,4.57,2.97,Lean Rent,33247,9.22,2838461,5.29,19.88,11.11,5.36,47.81,2026-06-30,2026-06-30
Danvers,MA,"Boston-Cambridge-Newton, MA-NH",Essex County,749370.8320102288,1.79,2848.759259259259,-1.53,34185.11111111111,0.38,21.9,4.56,2.97,Lean Rent,NA,NA,823938,2,7.8,5.11,2.53,36.04,2026-06-30,2026-06-30
Biddeford,ME,"Portland-South Portland, ME",York County,520252.3701773868,0.24,1982.032828282828,1.15,23784.393939393936,0.381,21.9,4.57,2.97,Lean Rent,22370,-0.76,220143,3.71,8.2,20.73,4.36,23.86,2026-06-30,2026-06-30
Washington,MO,"St. Louis, MO-IL",Franklin County,314251.79506808193,4.19,1197.5,NA,14370,0.381,21.9,4.57,2.97,Lean Rent,NA,NA,NA,NA,NA,NA,NA,NA,2026-06-30,2026-06-30
Rocky River,OH,"Cleveland-Elyria, OH",Cuyahoga County,413655.77775238384,5.93,1576.988888888889,NA,18923.86666666667,0.381,21.9,4.57,2.97,Lean Rent,21468,-1.17,1240594,-1.75,1.72,9.97,5.22,40.95,2026-06-30,2026-06-30
Grafton,WI,"Milwaukee-Waukesha, WI",Ozaukee County,467780.0524812639,5.68,1783.0555555555557,NA,21396.666666666668,0.381,21.9,4.57,2.97,Lean Rent,12741,5.41,93956,2.54,4.53,4.18,2.49,27.22,2026-06-30,2026-06-30
Barrington,RI,"Providence-Warwick, RI-MA",Bristol County,807566.594158609,1.98,3070,NA,36840,0.38,21.9,4.56,2.97,Lean Rent,NA,NA,NA,NA,NA,NA,NA,NA,2026-06-30,2026-06-30
Waconia,MN,"Minneapolis-St. Paul-Bloomington, MN-WI",Carver County,468932.8123333606,1.47,1783.0833333333333,NA,21397,0.38,21.9,4.56,2.97,Lean Rent,13831,6.06,112628,4.96,8.5,2.81,3.46,18.29,2026-06-30,2026-06-30
Wrentham,MA,"Boston-Cambridge-Newton, MA-NH",Norfolk County,786958.0615705805,2.85,2992.75,NA,35913,0.38,21.9,4.56,2.97,Lean Rent,NA,NA,NA,NA,NA,NA,NA,NA,2026-06-30,2026-06-30
Medical Lake,WA,"Spokane-Spokane Valley, WA",Spokane County,431441.75164746307,1.68,1645,NA,19740,0.381,21.9,4.58,2.97,Lean Rent,NA,NA,NA,NA,NA,NA,NA,NA,2026-06-30,2026-06-30
New Castle,CO,"Glenwood Springs, CO",Garfield County,657600.3544536001,4.34,2502.777777777778,NA,30033.333333333336,0.381,21.9,4.57,2.97,Lean Rent,4894,-0.35,63167,2.21,-0.81,6.37,3.48,30.28,2026-06-30,2026-06-30
Windcrest,TX,"San Antonio-New Braunfels, TX",Bexar County,314814.447086208,-1.47,1200.2222222222224,NA,14402.666666666668,0.381,21.9,4.57,2.97,Lean Rent,NA,NA,NA,NA,NA,NA,NA,NA,2026-06-30,2026-06-30
Johnson,AR,"Fayetteville-Springdale-Rogers, AR",Washington County,351327.56963531644,3.87,1337.5972222222224,NA,16051.166666666668,0.381,21.9,4.57,2.97,Lean Rent,NA,NA,NA,NA,NA,NA,NA,NA,2026-06-30,2026-06-30
Santa Maria,CA,"Santa Maria-Santa Barbara, CA",Santa Barbara County,665003.6275695157,3.04,2519.534588980813,5.13,30234.415067769758,0.379,22,4.55,2.96,Lean Rent,111346,1.42,444500,-0.8,-2.53,6.76,3.08,47.13,2026-06-30,2026-06-30
Thornton,CO,"Denver-Aurora-Lakewood, CO",Adams County,503274.7270981106,-2.97,1909.9450536062377,-1.1,22919.340643274852,0.38,22,4.55,2.96,Lean Rent,146689,3.16,542973,4.31,8.16,3.55,3.6,31.13,2026-06-30,2026-06-30
Rogers,AR,"Fayetteville-Springdale-Rogers, AR",Benton County,387696.1949187808,3.19,1472.619399954884,2.51,17671.43279945861,0.38,21.9,4.56,2.96,Lean Rent,75639,7.5,321566,12.19,23.43,9.14,4.86,32.8,2026-06-30,2026-06-30
Winter Park,FL,"Orlando-Kissimmee-Sanford, FL",Orange County,470915.247716244,-0.34,1787.3552829680343,0.14,21448.263395616414,0.38,22,4.55,2.96,Lean Rent,30835,2.72,1533646,7.12,16.48,11.72,10.93,42.64,2026-06-30,2026-06-30
Collierville,TN,"Memphis, TN-MS-AR",Shelby County,516172.19693061896,-1.92,1956.3816895179125,0.23,23476.58027421495,0.379,22,4.55,2.96,Lean Rent,51951,1.21,910530,-2.07,-7.65,10.56,7.81,45.42,2026-06-30,2026-06-30
Elmhurst,IL,"Chicago-Naperville-Elgin, IL-IN-WI",DuPage County,645981.3989784769,8.28,2448.779657477026,3.75,29385.355889724313,0.379,22,4.55,2.96,Lean Rent,46108,0.83,937142,0.6,5.3,4.53,5.6,26.87,2026-06-30,2026-06-30
Plymouth,MI,"Detroit-Warren-Dearborn, MI",Wayne County,489862.6206402015,4.66,1858.5873015873017,4.51,22303.04761904762,0.379,22,4.55,2.96,Lean Rent,9185,-1.59,1771063,-1.04,3.75,12.9,4.58,35.52,2026-06-30,2026-06-30
Battle Ground,WA,"Portland-Vancouver-Hillsboro, OR-WA",Clark County,611493.7953057324,-0.32,2320,4.83,27840,0.379,22,4.55,2.96,Lean Rent,22959,10.03,527269,4.33,6.69,3.84,3.08,33.79,2026-06-30,2026-06-30
De Pere,WI,"Green Bay, WI",Brown County,411652.2890091808,5.43,1564.6555555555558,NA,18775.86666666667,0.38,21.9,4.56,2.96,Lean Rent,25453,0.18,273909,1.84,4.22,3.4,2.45,35.38,2026-06-30,2026-06-30
Ukiah,CA,"Ukiah, CA",Mendocino County,489025.0090338808,-2.27,1855.8333333333333,8.73,22270,0.379,22,4.55,2.96,Lean Rent,16067,-2.92,89175,-2.39,0.53,16.69,3.25,39.13,2026-06-30,2026-06-30
North Attleboro,MA,"Providence-Warwick, RI-MA",Bristol County,617998.0884628335,2.49,2342.9925925925927,3.17,28115.911111111112,0.379,22,4.55,2.96,Lean Rent,NA,NA,588593,2.05,7.41,4.9,2.27,37.75,2026-06-30,2026-06-30
Onalaska,WI,"La Crosse-Onalaska, WI-MN",La Crosse County,371712.0754625004,3.33,1411.5277777777776,2.86,16938.333333333332,0.38,21.9,4.56,2.96,Lean Rent,19898,5.46,121060,0.1,2.94,5.06,3.75,37.51,2026-06-30,2026-06-30
Watertown,SD,"Watertown, SD",Codington County,318757.09382386593,2.99,1211.5,NA,14538,0.38,21.9,4.56,2.96,Lean Rent,23492,3.57,29278,3.26,9.26,7.67,4.62,32.59,2026-06-30,2026-06-30
Seal Beach,CA,"Los Angeles-Long Beach-Anaheim, CA",Orange County,840578.5849653939,3.49,3188.551587301587,2.9,38262.619047619046,0.379,22,4.55,2.96,Lean Rent,24421,-3.06,3170435,-0.5,2.33,5.61,4.39,43.55,2026-06-30,2026-06-30
Morganville,NJ,"New York-Newark-Jersey City, NY-NJ-PA",Monmouth County,878091.5402294853,2.58,3336.4166666666665,NA,40037,0.38,21.9,4.56,2.96,Lean Rent,NA,NA,647520,0.74,2.8,7.24,3.49,24.63,2026-06-30,2026-06-30
Sedro-Woolley,WA,"Mount Vernon-Anacortes, WA",Skagit County,501362.14952224534,0.09,1905.5555555555557,NA,22866.666666666668,0.38,21.9,4.56,2.96,Lean Rent,13215,6.04,132736,2.18,8.04,8.77,1.09,29.36,2026-06-30,2026-06-30
Waikoloa,HI,"Hilo, HI",Hawaii County,850018.3750916058,0.2,3230.333333333333,NA,38764,0.38,21.9,4.56,2.96,Lean Rent,NA,NA,NA,NA,NA,NA,NA,NA,2026-06-30,2026-06-30
Murrieta,CA,"Riverside-San Bernardino-Ontario, CA",Riverside County,691251.5919050211,-1.1,2610.095373448163,2.21,31321.14448137796,0.378,22.1,4.53,2.95,Lean Rent,112539,1.26,2529933,4.34,7.33,11.37,4.89,31.14,2026-06-30,2026-06-30
Annapolis,MD,"Baltimore-Columbia-Towson, MD",Anne Arundel County,633333.4602693216,2,2397.81186194207,2.11,28773.742343304843,0.379,22,4.54,2.95,Lean Rent,40689,-0.41,602350,1.51,0.69,4.79,5.5,25.04,2026-06-30,2026-06-30
Port Orchard,WA,"Bremerton-Silverdale-Port Orchard, WA",Kitsap County,563736.818945269,1.91,2135.4364478114476,4.89,25625.23737373737,0.379,22,4.55,2.95,Lean Rent,19122,22.35,281420,2.03,11.34,6.99,3.99,29.85,2026-06-30,2026-06-30
Cranford,NJ,"New York-Newark-Jersey City, NY-NJ-PA",Union County,798611.0251537096,5.55,3023.095238095238,2.94,36277.142857142855,0.379,22,4.54,2.95,Lean Rent,NA,NA,594160,3.57,15.84,4.55,3.18,42.39,2026-06-30,2026-06-30
Lakeland,TN,"Memphis, TN-MS-AR",Shelby County,456047.5244339037,-1.49,1725.157142857143,NA,20701.885714285716,0.378,22,4.54,2.95,Lean Rent,14416,2.77,910530,-2.07,-7.65,10.56,7.81,45.42,2026-06-30,2026-06-30
West Boylston,MA,"Worcester, MA-CT",Worcester County,527684.1836841957,2.29,1993.75,NA,23925,0.378,22.1,4.53,2.95,Lean Rent,NA,NA,NA,NA,NA,NA,NA,NA,2026-06-30,2026-06-30
Oxnard,CA,"Oxnard-Thousand Oaks-Ventura, CA",Ventura County,765563.838712425,0.09,2881.9481074481077,2.02,34583.37728937729,0.376,22.1,4.52,2.94,Lean Rent,200616,-0.64,835427,-0.99,0.32,5.64,3.81,35.84,2026-06-30,2026-06-30
McKinney,TX,"Dallas-Fort Worth-Arlington, TX",Collin County,482598.5382179117,-6.69,1818.7076836767171,-1.65,21824.492204120605,0.377,22.1,4.52,2.94,Lean Rent,227526,15.2,1254658,16.64,31.61,5.16,6.55,35.92,2026-06-30,2026-06-30
Jurupa Valley,CA,"Riverside-San Bernardino-Ontario, CA",Riverside County,677991.0652778703,0.51,2555.7190476190476,0.02,30668.62857142857,0.377,22.1,4.52,2.94,Lean Rent,108154,2.66,2529933,4.34,7.33,11.37,4.89,31.14,2026-06-30,2026-06-30
Lawrence,KS,"Lawrence, KS",Douglas County,341775.0014029013,3.61,1288.4188415750916,5.28,15461.0260989011,0.377,22.1,4.52,2.94,Lean Rent,97271,2.46,121989,2.7,5.3,6.32,5.44,50.49,2026-06-30,2026-06-30
Duluth,GA,"Atlanta-Sandy Springs-Alpharetta, GA",Gwinnett County,448624.2905896995,-2.73,1689.3665648440417,0.58,20272.3987781285,0.377,22.1,4.52,2.94,Lean Rent,33157,3.76,1003869,4.75,5.96,3.94,4.99,33.31,2026-06-30,2026-06-30
Eau Claire,WI,"Eau Claire, WI",Eau Claire County,321576.0389155685,1.31,1214.0929006085191,1.98,14569.11480730223,0.378,22.1,4.53,2.94,Lean Rent,72331,4.09,108830,2.79,5.81,5.58,4.51,37.17,2026-06-30,2026-06-30
Redlands,CA,"Riverside-San Bernardino-Ontario, CA",San Bernardino County,640635.8745378777,0.72,2418.2204301075267,2.76,29018.64516129032,0.377,22.1,4.53,2.94,Lean Rent,74279,1.41,2214281,1.41,1.68,9.55,3.22,38.46,2026-06-30,2026-06-30
Weatherford,TX,"Dallas-Fort Worth-Arlington, TX",Parker County,400892.1384350147,0.09,1509.1396480331262,2.92,18109.675776397515,0.376,22.1,4.52,2.94,Lean Rent,39397,26.36,179707,20.16,32.26,7.74,10.08,17.92,2026-06-30,2026-06-30
Lebanon,TN,"Nashville-Davidson--Murfreesboro--Franklin, TN",Wilson County,451681.0290921843,0.95,1704.1807533462706,2.59,20450.169040155248,0.377,22.1,4.53,2.94,Lean Rent,51501,32.41,169948,14.33,30.62,7.16,7.44,23.17,2026-06-30,2026-06-30
Lompoc,CA,"Santa Maria-Santa Barbara, CA",Santa Barbara County,597536.3345395211,3.15,2254.049728049728,5.3,27048.596736596737,0.377,22.1,4.53,2.94,Lean Rent,43594,-1.36,444500,-0.8,-2.53,6.76,3.08,47.13,2026-06-30,2026-06-30
Sheboygan,WI,"Sheboygan, WI",Sheboygan County,268122.8400200437,4.87,1011.4555555555554,4.51,12137.466666666665,0.377,22.1,4.53,2.94,Lean Rent,49624,-0.7,118331,0.23,3.26,5.94,3.68,28.73,2026-06-30,2026-06-30
Fort Washington,MD,"Washington-Arlington-Alexandria, DC-VA-MD-WV",Prince Georges County,458442.85526907747,-0.43,1726.6589743589743,3.4,20719.907692307694,0.377,22.1,4.52,2.94,Lean Rent,NA,NA,NA,NA,NA,NA,NA,NA,2026-06-30,2026-06-30
Celina,TX,"Dallas-Fort Worth-Arlington, TX",Collin County,526525.0895057071,-9.65,1985.7431773879143,-3.16,23828.918128654972,0.377,22.1,4.53,2.94,Lean Rent,51661,189.97,1254658,16.64,31.61,5.16,6.55,35.92,2026-06-30,2026-06-30
Westchase,FL,"Tampa-St. Petersburg-Clearwater, FL",Hillsborough County,558345.7178165248,-2.07,2106.993294346979,-3.07,25283.919532163745,0.377,22.1,4.53,2.94,Lean Rent,NA,NA,1581426,7.85,12.2,7.8,6.74,38.94,2026-06-30,2026-06-30
Lake Saint Louis,MO,"St. Louis, MO-IL",Saint Charles County,437812.47161216225,-0.05,1652.112121212121,3.29,19825.34545454545,0.377,22.1,4.53,2.94,Lean Rent,NA,NA,NA,NA,NA,NA,NA,NA,2026-06-30,2026-06-30
Selinsgrove,PA,"Selinsgrove, PA",Snyder County,264944.1508843055,6.03,1000,NA,12000,0.377,22.1,4.53,2.94,Lean Rent,NA,NA,NA,NA,NA,NA,NA,NA,2026-06-30,2026-06-30
Kingston,TN,"Knoxville, TN",Roane County,340685.16143095045,4.04,1285,NA,15420,0.377,22.1,4.53,2.94,Lean Rent,6340,3.78,56742,5.74,15.81,11.82,0.32,22.39,2026-06-30,2026-06-30
Pinehurst,NC,"Pinehurst-Southern Pines, NC",Moore County,541605.856285368,0.34,2040.1666666666667,1.1,24482,0.377,22.1,4.52,2.94,Lean Rent,18502,4.64,108417,8.1,14.51,13.37,3.35,23.67,2026-06-30,2026-06-30
Little Canada,MN,"Minneapolis-St. Paul-Bloomington, MN-WI",Ramsey County,370928.3067398562,1.84,1400.2698412698412,1.9,16803.238095238095,0.378,22.1,4.53,2.94,Lean Rent,10590,-1.89,542015,-1.76,3.41,5.41,6.16,38.97,2026-06-30,2026-06-30
Louisville,TN,"Knoxville, TN",Blount County,477553.9967585576,2.76,1799.5166666666669,0.27,21594.200000000004,0.377,22.1,4.52,2.94,Lean Rent,4334,-1.21,142211,4.83,9.42,10.61,3.93,23.05,2026-06-30,2026-06-30
Wahpeton,ND,"Wahpeton, ND-MN",Richland County,239805.4922514859,5.02,902.8055555555557,NA,10833.666666666668,0.376,22.1,4.52,2.94,Lean Rent,8115,1.31,16658,0.76,2.94,10.43,6.44,30.91,2026-06-30,2026-06-30
Henderson,NV,"Las Vegas-Henderson-Paradise, NV",Clark County,486533.4699783898,-2.61,1825.801486195087,0.21,21909.617834341043,0.375,22.2,4.5,2.93,Lean Rent,350039,9.85,2398871,5.4,16.64,9.46,7.1,42.95,2026-06-30,2026-06-30
Charleston,SC,"Charleston-North Charleston, SC",Charleston County,598418.7844133786,0.82,2244.9976390107327,3.74,26939.97166812879,0.375,22.2,4.5,2.93,Lean Rent,157665,4.37,431001,5.13,9.27,14.93,11.6,36.51,2026-06-30,2026-06-30
Eastvale,CA,"Riverside-San Bernardino-Ontario, CA",Riverside County,948803.0920890118,0.11,3567.2575757575755,2.04,42807.090909090904,0.376,22.2,4.51,2.93,Lean Rent,70751,1.02,2529933,4.34,7.33,11.37,4.89,31.14,2026-06-30,2026-06-30
Mount Juliet,TN,"Nashville-Davidson--Murfreesboro--Franklin, TN",Wilson County,569212.5193117218,0,2137.90770609319,2.68,25654.892473118278,0.376,22.2,4.51,2.93,Lean Rent,44066,11.03,169948,14.33,30.62,7.16,7.44,23.17,2026-06-30,2026-06-30
Pahrump,NV,"Pahrump, NV",Nye County,373623.39725425746,1.31,1403.1329365079366,0.8,16837.59523809524,0.376,22.2,4.51,2.93,Lean Rent,NA,NA,55990,7.73,15.18,12.88,7.63,24.77,2026-06-30,2026-06-30
Ridgefield,CT,"Bridgeport-Stamford-Norwalk, CT",Fairfield County,1027304.9639789828,7.3,3855.555555555555,NA,46266.666666666664,0.375,22.2,4.5,2.93,Lean Rent,NA,NA,NA,NA,NA,NA,NA,NA,2026-06-30,2026-06-30
Prineville,OR,"Prineville, OR",Crook County,436645.545807157,0.49,1640.611111111111,2.06,19687.333333333332,0.376,22.2,4.51,2.93,Lean Rent,NA,NA,NA,NA,NA,NA,NA,NA,2026-06-30,2026-06-30
Hurricane,UT,"St. George, UT",Washington County,507973.69443022535,-1.73,1907.5297619047624,3.81,22890.35714285715,0.376,22.2,4.51,2.93,Lean Rent,24753,22.47,207943,14.24,22.34,15.29,9.04,27.41,2026-06-30,2026-06-30
Weatherford,OK,"Weatherford, OK",Custer County,238131.9017550683,4.43,895.8333333333333,NA,10750,0.376,22.2,4.51,2.93,Lean Rent,NA,NA,NA,NA,NA,NA,NA,NA,2026-06-30,2026-06-30
Lighthouse Point,FL,"Miami-Fort Lauderdale-Pompano Beach, FL",Broward County,775915.2348479397,-0.77,2912.6888888888884,3.94,34952.26666666666,0.375,22.2,4.5,2.93,Lean Rent,10878,3.91,2037472,4.84,14.84,13.18,6.08,36.74,2026-06-30,2026-06-30
Oregon,WI,"Madison, WI",Dane County,500528.8843318683,2.32,1880.8333333333333,NA,22570,0.376,22.2,4.51,2.93,Lean Rent,NA,NA,NA,NA,NA,NA,NA,NA,2026-06-30,2026-06-30
Glendale,AZ,"Phoenix-Mesa-Chandler, AZ",Maricopa County,407384.8006368604,-1.89,1524.1965159478784,-0.49,18290.35819137454,0.374,22.3,4.49,2.92,Lean Rent,258143,3.7,4673096,5.12,9.38,8.29,5.4,34.99,2026-06-30,2026-06-30
Plymouth,MN,"Minneapolis-St. Paul-Bloomington, MN-WI",Hennepin County,518482.6101186224,2.15,1939.58752400751,2.96,23275.05028809012,0.374,22.3,4.49,2.92,Lean Rent,78551,-2.98,1273334,-0.65,4.24,5.29,5.38,37.05,2026-06-30,2026-06-30
Olympia,WA,"Olympia-Lacey-Tumwater, WA",Thurston County,538645.8904920635,-0.15,2013.4732042560615,2.64,24161.678451072738,0.374,22.3,4.49,2.92,Lean Rent,56271,1.19,302912,2.33,10.68,5,3.8,32.24,2026-06-30,2026-06-30
Rochester Hills,MI,"Detroit-Warren-Dearborn, MI",Oakland County,480333.6030731045,3.6,1799.8465811965814,1.21,21598.158974358976,0.375,22.2,4.5,2.92,Lean Rent,78330,2.87,1296888,1.91,10.58,5.25,6.51,27.73,2026-06-30,2026-06-30
La Crosse,WI,"La Crosse-Onalaska, WI-MN",La Crosse County,288611.7852130578,4.53,1080.2156862745098,4.44,12962.588235294119,0.374,22.3,4.49,2.92,Lean Rent,51049,-3.06,121060,0.1,2.94,5.06,3.75,37.51,2026-06-30,2026-06-30
Lake Havasu City,AZ,"Lake Havasu City-Kingman, AZ",Mohave County,468522.3801496364,-0.69,1753.077164215095,3.79,21036.925970581142,0.374,22.3,4.49,2.92,Lean Rent,59037,2.91,226479,5.75,21.83,18.98,2.42,26.37,2026-06-30,2026-06-30
Mount Prospect,IL,"Chicago-Naperville-Elgin, IL-IN-WI",Cook County,458866.7533441991,6.77,1718.4009084167592,-0.12,20620.81090100111,0.374,22.3,4.49,2.92,Lean Rent,55460,-2.2,5182617,-1.6,5.9,8.18,4.67,42.49,2026-06-30,2026-06-30
Minnetonka,MN,"Minneapolis-St. Paul-Bloomington, MN-WI",Hennepin County,496327.6812364547,3.5,1856.869607688435,3.16,22282.43529226122,0.374,22.3,4.49,2.92,Lean Rent,52651,-2.69,1273334,-0.65,4.24,5.29,5.38,37.05,2026-06-30,2026-06-30
West Fargo,ND,"Fargo, ND-MN",Cass County,360903.8384354831,2.91,1350.2237076648842,4.49,16202.684491978609,0.374,22.3,4.49,2.92,Lean Rent,41027,5.47,200945,8.68,8.16,6.66,6.56,48,2026-06-30,2026-06-30
Lawndale,CA,"Los Angeles-Long Beach-Anaheim, CA",Los Angeles County,787717.9923808333,0.9,2949.5833333333335,4.39,35395,0.374,22.3,4.49,2.92,Lean Rent,30160,-4.95,9757179,-2.4,0.03,6.45,4.01,53.92,2026-06-30,2026-06-30
Gardnerville,NV,"Gardnerville Ranchos, NV",Douglas County,615068.217222984,2.25,2300,NA,27600,0.374,22.3,4.49,2.92,Lean Rent,NA,NA,49564,0.07,9.74,14.24,5.94,21.63,2026-06-30,2026-06-30
Forest Lake,MN,"Minneapolis-St. Paul-Bloomington, MN-WI",Washington County,434496.7877239366,3.4,1624.614285714286,3.97,19495.371428571434,0.374,22.3,4.49,2.92,Lean Rent,20700,-0.01,283960,5.8,13.75,3.39,4.74,18.85,2026-06-30,2026-06-30
Dripping Springs,TX,"Austin-Round Rock-Georgetown, TX",Hays County,700623.5072096674,-1.73,2618.5522486772484,5.01,31422.626984126982,0.374,22.3,4.48,2.92,Lean Rent,10165,98.88,292029,19.69,29.92,5.29,3.58,35.89,2026-06-30,2026-06-30
Mitchell,SD,"Mitchell, SD",Davison County,259551.35991582155,2.11,971.8333333333334,NA,11662,0.374,22.3,4.49,2.92,Lean Rent,15621,-0.34,19907,-0.24,-1.81,8.75,9.34,36.96,2026-06-30,2026-06-30
Horsham,PA,"Philadelphia-Camden-Wilmington, PA-NJ-DE-MD",Montgomery County,454863.5278133307,1.34,1704.7222222222224,-1.4,20456.666666666668,0.375,22.2,4.5,2.92,Lean Rent,NA,NA,879190,2.6,7.92,4.35,5.68,28.27,2026-06-30,2026-06-30
Hauppauge,NY,"New York-Newark-Jersey City, NY-NJ-PA",Suffolk County,803783.8349918755,5.95,3012.277777777778,1.83,36147.333333333336,0.375,22.2,4.5,2.92,Lean Rent,NA,NA,1535909,0.9,2.22,11.64,3.67,18.09,2026-06-30,2026-06-30
Alamosa,CO,NA,Alamosa County,320951.48167792306,3.35,1199.6527777777776,NA,14395.833333333332,0.374,22.3,4.49,2.92,Lean Rent,9906,0.96,16689,1.92,-1.32,8.09,3.05,43.61,2026-06-30,2026-06-30
Burnet,TX,NA,Burnet County,414726.6174784333,-1.52,1550,NA,18600,0.374,22.3,4.48,2.92,Lean Rent,NA,NA,NA,NA,NA,NA,NA,NA,2026-06-30,2026-06-30
Blue Ridge,GA,NA,Fannin County,521037.99984918995,-0.3,1950,NA,23400,0.374,22.3,4.49,2.92,Lean Rent,NA,NA,NA,NA,NA,NA,NA,NA,2026-06-30,2026-06-30
Black Mountain,NC,"Asheville, NC",Buncombe County,470255.2941614892,-3.26,1760.6944444444443,NA,21128.333333333332,0.374,22.3,4.49,2.92,Lean Rent,8572,1.55,279210,3.52,10.34,22.33,12.88,35.56,2026-06-30,2026-06-30
Maywood,NJ,"New York-Newark-Jersey City, NY-NJ-PA",Bergen County,705862.3048317366,6.08,2642,NA,31704,0.374,22.3,4.49,2.92,Lean Rent,NA,NA,NA,NA,NA,NA,NA,NA,2026-06-30,2026-06-30
Wood Ridge,NJ,"New York-Newark-Jersey City, NY-NJ-PA",Bergen County,707654.2356935292,4.99,2648.6666666666665,NA,31784,0.374,22.3,4.49,2.92,Lean Rent,NA,NA,NA,NA,NA,NA,NA,NA,2026-06-30,2026-06-30
Elmwood,LA,"New Orleans-Metairie, LA",Jefferson Parish,440928.8920140268,7.29,1651.2857142857144,-0.02,19815.428571428572,0.375,22.3,4.49,2.92,Lean Rent,NA,NA,427253,-2.84,2.2,8.82,5.5,37.69,2026-06-30,2026-06-30
Big Bear Lake,CA,"Riverside-San Bernardino-Ontario, CA",San Bernardino County,548833.2182143586,-4.45,2054.5833333333335,10.5,24655,0.374,22.3,4.49,2.92,Lean Rent,5044,0.04,2214281,1.41,1.68,9.55,3.22,38.46,2026-06-30,2026-06-30
Riverside,CA,"Riverside-San Bernardino-Ontario, CA",Riverside County,648360.3595072372,-0.5,2419.939248426596,1.4,29039.270981119153,0.373,22.3,4.48,2.91,Lean Rent,323757,2.61,2529933,4.34,7.33,11.37,4.89,31.14,2026-06-30,2026-06-30
Richardson,TX,"Dallas-Fort Worth-Arlington, TX",Dallas County,448332.3962688578,-0.96,1674.8924420309531,-0.93,20098.709304371438,0.374,22.3,4.48,2.91,Lean Rent,118221,-0.91,2656028,1.73,0.15,7.76,8.95,49.22,2026-06-30,2026-06-30
Kennewick,WA,"Kennewick-Richland, WA",Benton County,435175.8662098677,0.44,1621.1231040564371,2.18,19453.477248677245,0.373,22.4,4.47,2.91,Lean Rent,86728,3.25,218190,5.19,10.36,6.23,5.79,31.5,2026-06-30,2026-06-30
Highlands Ranch,CO,"Denver-Aurora-Lakewood, CO",Douglas County,710471.9050225314,-2.84,2650.08865335092,-0.2,31801.06384021104,0.373,22.3,4.48,2.91,Lean Rent,NA,NA,393995,9.34,17.82,3.14,4.54,22.23,2026-06-30,2026-06-30
Lockport,NY,"Buffalo-Cheektowaga, NY",Niagara County,274484.42115084414,6.78,1023.5777777777776,5.08,12282.93333333333,0.373,22.3,4.47,2.91,Lean Rent,20394,-2.09,209570,-1.21,2.67,8.81,4.61,29.1,2026-06-30,2026-06-30
Rockwall,TX,"Dallas-Fort Worth-Arlington, TX",Rockwall County,481123.5012577796,-1.33,1793.525159305647,0.44,21522.301911667764,0.373,22.4,4.47,2.91,Lean Rent,53547,12.15,137044,25.5,35.89,4.62,4.94,17.44,2026-06-30,2026-06-30
Hilo,HI,"Hilo, HI",Hawaii County,561904.170514475,4.34,2095.1555555555556,NA,25141.86666666667,0.373,22.3,4.47,2.91,Lean Rent,NA,NA,209790,4.5,9.9,18.74,10.31,26.9,2026-06-30,2026-06-30
Ellensburg,WA,"Ellensburg, WA",Kittitas County,459945.1031087115,-0.34,1715.603122730574,4.01,20587.237472766887,0.373,22.3,4.48,2.91,Lean Rent,20996,-2.92,48172,2.88,6.08,19.42,5.95,37.65,2026-06-30,2026-06-30
Wexford,PA,"Pittsburgh, PA",Allegheny County,571930.236082091,2.62,2134.5208754208757,2.71,25614.250505050506,0.373,22.3,4.48,2.91,Lean Rent,NA,NA,1231814,-1.43,2.72,9.6,6.37,35.07,2026-06-30,2026-06-30
Stoneham,MA,"Boston-Cambridge-Newton, MA-NH",Middlesex County,826748.6397030422,2.38,3086.226190476191,4.74,37034.71428571429,0.373,22.3,4.48,2.91,Lean Rent,NA,NA,1668956,2.54,11.63,4.52,2.96,38.37,2026-06-30,2026-06-30
Deerfield,IL,"Chicago-Naperville-Elgin, IL-IN-WI",Lake County,669191.3088482431,7.17,2498.7128205128206,-0.29,29984.553846153845,0.373,22.3,4.48,2.91,Lean Rent,19138,0.04,718604,0.73,3.75,4.97,4.19,25.6,2026-06-30,2026-06-30
Sheridan,CO,"Denver-Aurora-Lakewood, CO",Arapahoe County,435410.3503776857,-4.77,1621.638888888889,-1.3,19459.666666666668,0.372,22.4,4.47,2.91,Lean Rent,5932,-2.82,666918,1.77,3.13,4.55,5.64,34.88,2026-06-30,2026-06-30
Newport,MN,"Minneapolis-St. Paul-Bloomington, MN-WI",Washington County,349841.65318341344,2.64,1305.75,NA,15669,0.373,22.3,4.48,2.91,Lean Rent,NA,NA,NA,NA,NA,NA,NA,NA,2026-06-30,2026-06-30
Moriches,NY,"New York-Newark-Jersey City, NY-NJ-PA",Suffolk County,636567.5524336387,4.15,2376.4185185185183,-0.72,28517.022222222222,0.373,22.3,4.48,2.91,Lean Rent,NA,NA,1535909,0.9,2.22,11.64,3.67,18.09,2026-06-30,2026-06-30
Spokane,WA,"Spokane-Spokane Valley, WA",Spokane County,403557.3276352384,-0.33,1498.0360278286928,1.99,17976.432333944314,0.371,22.4,4.45,2.9,Lean Rent,230609,0.61,555947,2.73,4.76,5.38,3.55,36.11,2026-06-30,2026-06-30
Yakima,WA,"Yakima, WA",Yakima County,367990.753251753,1.41,1368.6317476383267,3.81,16423.58097165992,0.372,22.4,4.46,2.9,Lean Rent,97390,0.32,258523,0.7,1.67,5.41,2.76,37.58,2026-06-30,2026-06-30
Passaic,NJ,"New York-Newark-Jersey City, NY-NJ-PA",Passaic County,563433.9322851462,1.69,2096.9166666666665,5.24,25163,0.372,22.4,4.47,2.9,Lean Rent,70722,0.57,526597,0.6,7.33,4.03,2.2,47.17,2026-06-30,2026-06-30
Gallatin,TN,"Nashville-Davidson--Murfreesboro--Franklin, TN",Sumner County,439440.28742923046,0.55,1633.0514296905603,1.25,19596.617156286724,0.372,22.4,4.46,2.9,Lean Rent,52489,17.1,211721,7.24,14.08,5.74,5.01,27.78,2026-06-30,2026-06-30
West Orange,NJ,"New York-Newark-Jersey City, NY-NJ-PA",Essex County,706661.1979707209,9.46,2625,3.99,31500,0.371,22.4,4.46,2.9,Lean Rent,NA,NA,881527,2.5,15.1,5.39,2.7,55.47,2026-06-30,2026-06-30
Elmont,NY,"New York-Newark-Jersey City, NY-NJ-PA",Nassau County,739973.9260952364,5.07,2750,NA,33000,0.372,22.4,4.46,2.9,Lean Rent,NA,NA,NA,NA,NA,NA,NA,NA,2026-06-30,2026-06-30
Richfield,MN,"Minneapolis-St. Paul-Bloomington, MN-WI",Hennepin County,354993.9158514538,2.35,1317.771564364445,0.22,15813.258772373341,0.371,22.4,4.45,2.9,Lean Rent,36491,-1.18,1273334,-0.65,4.24,5.29,5.38,37.05,2026-06-30,2026-06-30
Magna,UT,"Salt Lake City, UT",Salt Lake County,445264.7575412602,1.14,1657.1666666666667,NA,19886,0.372,22.4,4.47,2.9,Lean Rent,NA,NA,1216274,2.46,7.39,5.36,5.82,33,2026-06-30,2026-06-30
Hudson,WI,"Minneapolis-St. Paul-Bloomington, MN-WI",Saint Croix County,509816.6187052179,1.09,1896.7857142857144,3.12,22761.428571428572,0.372,22.4,4.46,2.9,Lean Rent,15031,1.42,NA,NA,NA,NA,NA,NA,2026-06-30,2026-06-30
Monmouth Junction,NJ,"New York-Newark-Jersey City, NY-NJ-PA",Middlesex County,702798.4095630277,0.76,2612.211111111111,2.04,31346.533333333333,0.372,22.4,4.46,2.9,Lean Rent,NA,NA,890119,3.33,12.92,3.48,2.61,36.53,2026-06-30,2026-06-30
Chippewa Falls,WI,"Eau Claire, WI",Chippewa County,342767.80688244326,2.07,1273.7910052910054,3.85,15285.492063492064,0.372,22.4,4.46,2.9,Lean Rent,15075,2.33,67323,1.47,5.93,8.44,1.62,25.38,2026-06-30,2026-06-30
Malibu,CA,"Los Angeles-Long Beach-Anaheim, CA",Los Angeles County,3212655.3150504436,-0.02,11931.567078754577,3.14,143178.80494505493,0.371,22.4,4.46,2.9,Lean Rent,10298,-3.07,9757179,-2.4,0.03,6.45,4.01,53.92,2026-06-30,2026-06-30
Roanoke,TX,"Dallas-Fort Worth-Arlington, TX",Denton County,433091.1751494761,-2.44,1612.142764774344,-0.15,19345.713177292128,0.372,22.4,4.47,2.9,Lean Rent,10895,11.62,1045120,14.28,23.72,4.75,5.09,34.63,2026-06-30,2026-06-30
Franklinton,NC,"Raleigh-Cary, NC",Franklin County,360590.7626120043,-0.12,1340,NA,16080,0.372,22.4,4.46,2.9,Lean Rent,NA,NA,NA,NA,NA,NA,NA,NA,2026-06-30,2026-06-30
South Ogden,UT,"Ogden-Clearfield, UT",Weber County,431880.2448729472,1.13,1605.7222222222224,1.51,19268.666666666668,0.372,22.4,4.46,2.9,Lean Rent,17749,1.48,276118,4.99,7.11,6.33,4.96,25.45,2026-06-30,2026-06-30
Prince Frederick,MD,"Washington-Arlington-Alexandria, DC-VA-MD-WV",Calvert County,485461.0640387668,2.05,1803.3333333333333,NA,21640,0.371,22.4,4.46,2.9,Lean Rent,NA,NA,NA,NA,NA,NA,NA,NA,2026-06-30,2026-06-30
Warren,RI,"Providence-Warwick, RI-MA",Bristol County,555384.7544879398,1.57,2063.125,NA,24757.5,0.371,22.4,4.46,2.9,Lean Rent,NA,NA,NA,NA,NA,NA,NA,NA,2026-06-30,2026-06-30
Clarendon Hills,IL,"Chicago-Naperville-Elgin, IL-IN-WI",DuPage County,711557.5963019839,8.79,2643.722222222222,NA,31724.666666666664,0.372,22.4,4.46,2.9,Lean Rent,8703,0.16,937142,0.6,5.3,4.53,5.6,26.87,2026-06-30,2026-06-30
Spring Lake,NJ,"New York-Newark-Jersey City, NY-NJ-PA",Monmouth County,1516855.73508015,13.79,5641.666666666667,15.04,67700,0.372,22.4,4.46,2.9,Lean Rent,2781,-0.22,647520,0.74,2.8,7.24,3.49,24.63,2026-06-30,2026-06-30
Deerfield,WI,"Madison, WI",Dane County,429875.8575349636,2.32,1600,NA,19200,0.372,22.4,4.47,2.9,Lean Rent,NA,NA,NA,NA,NA,NA,NA,NA,2026-06-30,2026-06-30
Riverton-Boulevard Park,WA,"Seattle-Tacoma-Bellevue, WA",King County,512872.89000583853,-0.2,1907.111111111111,NA,22885.333333333332,0.372,22.4,4.46,2.9,Lean Rent,NA,NA,2340211,2.9,15.35,6.12,5.05,43.91,2026-06-30,2026-06-30
Frisco,CO,"Breckenridge, CO",Summit County,991113.8848038472,1.61,3691.055555555555,NA,44292.666666666664,0.372,22.4,4.47,2.9,Lean Rent,2732,-6.5,30882,-1.14,-3.89,61.23,39.16,30.78,2026-06-30,2026-06-30
Spokane Valley,WA,"Spokane-Spokane Valley, WA",Spokane County,417512.3663191293,0.3,1548.771847618166,0.58,18585.26217141799,0.371,22.5,4.45,2.89,Lean Rent,108267,4.46,555947,2.73,4.76,5.38,3.55,36.11,2026-06-30,2026-06-30
Castle Rock,CO,"Denver-Aurora-Lakewood, CO",Douglas County,672668.0131429242,-1.84,2493.424940898345,1.15,29921.09929078014,0.371,22.5,4.45,2.89,Lean Rent,83213,12.62,393995,9.34,17.82,3.14,4.54,22.23,2026-06-30,2026-06-30
Gillette,WY,"Gillette, WY",Campbell County,337594.33840125747,-5.23,1249.436507936508,3.22,14993.238095238095,0.37,22.5,4.44,2.89,Lean Rent,33846,1.05,47946,1.7,3.84,10.39,18.32,21.59,2026-06-30,2026-06-30
Roy,UT,"Ogden-Clearfield, UT",Weber County,440483.6446504989,1.58,1632.3583333333331,-0.73,19588.299999999996,0.371,22.5,4.45,2.89,Lean Rent,38719,-1.54,276118,4.99,7.11,6.33,4.96,25.45,2026-06-30,2026-06-30
South Kingstown,RI,"Providence-Warwick, RI-MA",Washington County,732658.7433141647,5.97,2713.277777777778,9.9,32559.333333333336,0.37,22.5,4.44,2.89,Lean Rent,NA,NA,130333,0.43,4.25,21.22,4.07,23.17,2026-06-30,2026-06-30
Forest,VA,"Lynchburg, VA",Bedford County,419706.8426768992,2.56,1556.6666666666667,0.76,18680,0.371,22.5,4.45,2.89,Lean Rent,NA,NA,82182,3.27,10.01,12.53,5.79,15.79,2026-06-30,2026-06-30
Chanhassen,MN,"Minneapolis-St. Paul-Bloomington, MN-WI",Carver County,569346.3433712152,2.17,2109.6507936507933,NA,25315.80952380952,0.371,22.5,4.45,2.89,Lean Rent,25746,-0.91,112628,4.96,8.5,2.81,3.46,18.29,2026-06-30,2026-06-30
Wapakoneta,OH,"Wapakoneta, OH",Auglaize County,243069.19935215937,6.2,900,NA,10800,0.37,22.5,4.44,2.89,Lean Rent,NA,NA,NA,NA,NA,NA,NA,NA,2026-06-30,2026-06-30
Springfield,NJ,"New York-Newark-Jersey City, NY-NJ-PA",Union County,726417.9689878174,0.32,2694.428571428571,NA,32333.142857142855,0.371,22.5,4.45,2.89,Lean Rent,NA,NA,594160,3.57,15.84,4.55,3.18,42.39,2026-06-30,2026-06-30
Lakeway,TX,"Austin-Round Rock-Georgetown, TX",Travis County,750436.8833079012,-1.92,2782.71626984127,1.95,33392.59523809524,0.371,22.5,4.45,2.89,Lean Rent,19056,-1.01,1363767,5.18,4.41,5.57,4.27,46.97,2026-06-30,2026-06-30
Templeton,CA,"San Luis Obispo-Paso Robles, CA",San Luis Obispo County,945856.208711681,1.51,3500,NA,42000,0.37,22.5,4.44,2.89,Lean Rent,NA,NA,NA,NA,NA,NA,NA,NA,2026-06-30,2026-06-30
Park Ridge,NJ,"New York-Newark-Jersey City, NY-NJ-PA",Bergen County,866437.0255120919,4.07,3212.9166666666665,NA,38555,0.371,22.5,4.45,2.89,Lean Rent,9634,8.7,978641,2.61,10.38,4.13,3.53,34.64,2026-06-30,2026-06-30
Old Orchard Beach,ME,"Portland-South Portland, ME",York County,517558.0146418547,1.6,1914.7222222222224,3.69,22976.666666666668,0.37,22.5,4.44,2.89,Lean Rent,NA,NA,220143,3.71,8.2,20.73,4.36,23.86,2026-06-30,2026-06-30
Saint Augustine Beach,FL,"Jacksonville, FL",Saint Johns County,593261.7555123013,-0.59,2197.222222222222,3.55,26366.666666666664,0.37,22.5,4.44,2.89,Lean Rent,NA,NA,NA,NA,NA,NA,NA,NA,2026-06-30,2026-06-30
Ashburn,VA,"Washington-Arlington-Alexandria, DC-VA-MD-WV",Loudoun County,811012.0699694924,-0.85,2994.9602399469463,-0.31,35939.52287936336,0.369,22.6,4.43,2.88,Lean Rent,NA,NA,443380,4.89,7.24,2.75,4.35,22.08,2026-06-30,2026-06-30
Loveland,CO,"Fort Collins, CO",Larimer County,504320.6325205679,-1.43,1859.3669556080904,1.96,22312.403467297085,0.369,22.6,4.42,2.88,Lean Rent,81102,6.19,374574,4.07,7.03,6.37,3.02,35.68,2026-06-30,2026-06-30
Carson,CA,"Los Angeles-Long Beach-Anaheim, CA",Los Angeles County,798573.0634565499,1.08,2953.2511904761905,-0.08,35439.014285714286,0.37,22.5,4.44,2.88,Lean Rent,91358,-4.26,9757179,-2.4,0.03,6.45,4.01,53.92,2026-06-30,2026-06-30
Bedford,TX,"Dallas-Fort Worth-Arlington, TX",Tarrant County,380245.7152855042,-0.02,1405.4009324009323,0.69,16864.81118881119,0.37,22.5,4.44,2.88,Lean Rent,48728,-2.19,2230708,5.41,8.74,7.08,7.73,40.64,2026-06-30,2026-06-30
Rohnert Park,CA,"Santa Rosa-Petaluma, CA",Sonoma County,717361.7607954465,-0.65,2649.4710260499737,3.02,31793.652312599683,0.369,22.6,4.43,2.88,Lean Rent,44894,0.96,485375,-0.64,4.42,7.67,2.55,37.8,2026-06-30,2026-06-30
Watertown,MA,"Boston-Cambridge-Newton, MA-NH",Middlesex County,846577.8996478711,1.21,3124.401881606765,2.5,37492.82257928118,0.369,22.6,4.43,2.88,Lean Rent,35985,1.74,1668956,2.54,11.63,4.52,2.96,38.37,2026-06-30,2026-06-30
Trussville,AL,"Birmingham-Hoover, AL",Jefferson County,400981.1659034491,3.3,1480.684523809524,3.19,17768.21428571429,0.369,22.6,4.43,2.88,Lean Rent,27079,3.34,664744,-1.48,0.68,13.13,7.2,36.28,2026-06-30,2026-06-30
Burlington,MA,"Boston-Cambridge-Newton, MA-NH",Middlesex County,899955.933690704,1.29,3327.5920634920635,0.7,39931.10476190476,0.37,22.5,4.44,2.88,Lean Rent,NA,NA,1668956,2.54,11.63,4.52,2.96,38.37,2026-06-30,2026-06-30
Lodi,NJ,"New York-Newark-Jersey City, NY-NJ-PA",Bergen County,634973.5501533073,5.29,2342.924603174603,4.66,28115.095238095237,0.369,22.6,4.43,2.88,Lean Rent,26358,0.9,978641,2.61,10.38,4.13,3.53,34.64,2026-06-30,2026-06-30
Kihei,HI,"Kahului-Wailuku-Lahaina, HI",Maui County,1020859.2642958025,-9.11,3765.891414141414,8.24,45190.69696969697,0.369,22.6,4.43,2.88,Lean Rent,NA,NA,163688,-0.68,-8.08,23.26,22.16,35.01,2026-06-30,2026-06-30
Newtown Square,PA,"Philadelphia-Camden-Wilmington, PA-NJ-DE-MD",Delaware County,797094.259892665,4.48,2945.726190476191,NA,35348.71428571429,0.37,22.5,4.43,2.88,Lean Rent,NA,NA,584882,1.45,5.58,5.55,4.21,30.36,2026-06-30,2026-06-30
Germantown,WI,"Milwaukee-Waukesha, WI",Washington County,464914.2124726179,5.68,1716.5555555555557,NA,20598.666666666668,0.369,22.6,4.43,2.88,Lean Rent,NA,NA,NA,NA,NA,NA,NA,NA,2026-06-30,2026-06-30
Bridgeport,WV,"Clarksburg, WV",Harrison County,311013.6151950219,3.17,1148.5,NA,13782,0.369,22.6,4.43,2.88,Lean Rent,NA,NA,NA,NA,NA,NA,NA,NA,2026-06-30,2026-06-30
Pawleys Island,SC,"Georgetown, SC",Georgetown County,549126.978979847,-0.09,2025,NA,24300,0.369,22.6,4.43,2.88,Lean Rent,NA,NA,NA,NA,NA,NA,NA,NA,2026-06-30,2026-06-30
Signal Hill,CA,"Los Angeles-Long Beach-Anaheim, CA",Los Angeles County,709578.3919531276,-0.97,2624.1,NA,31489.199999999997,0.37,22.5,4.44,2.88,Lean Rent,11279,-4.53,9757179,-2.4,0.03,6.45,4.01,53.92,2026-06-30,2026-06-30
Grand Chute,WI,"Appleton, WI",Outagamie County,453329.9325028784,3.34,1672.1666666666667,NA,20066,0.369,22.6,4.43,2.88,Lean Rent,NA,NA,NA,NA,NA,NA,NA,NA,2026-06-30,2026-06-30
De Forest,WI,"Madison, WI",Dane County,455210.0333577964,2.28,1683.0277777777776,1.35,20196.333333333332,0.37,22.5,4.44,2.88,Lean Rent,NA,NA,588347,4.57,11.72,3.59,2.98,42.34,2026-06-30,2026-06-30
Anaconda,MT,NA,Deer Lodge County,308714.5466204789,2.85,1140.1666666666663,NA,13681.999999999996,0.369,22.6,4.43,2.88,Lean Rent,NA,NA,NA,NA,NA,NA,NA,NA,2026-06-30,2026-06-30
Milton,WA,"Seattle-Tacoma-Bellevue, WA",Pierce County,578401.0146538279,-0.61,2135.5555555555557,0.21,25626.666666666668,0.369,22.6,4.43,2.88,Lean Rent,8833,1.51,941170,1.9,6.6,5.21,4.02,35.21,2026-06-30,2026-06-30
Sunderland,MA,"Springfield, MA",Franklin County,498991.7267896718,-0.13,1845,NA,22140,0.37,22.5,4.44,2.88,Lean Rent,NA,NA,NA,NA,NA,NA,NA,NA,2026-06-30,2026-06-30
Eureka,CA,"Eureka-Arcata, CA",Humboldt County,415533.52392312017,-2.47,1527.5555555555554,2.94,18330.666666666664,0.368,22.7,4.41,2.87,Lean Rent,25412,-4,132380,-2.89,-8.38,12.37,2.47,43.73,2026-06-30,2026-06-30
Glenside,PA,"Philadelphia-Camden-Wilmington, PA-NJ-DE-MD",Montgomery County,475750.0364269083,1.98,1748.3888888888887,NA,20980.666666666664,0.368,22.7,4.41,2.87,Lean Rent,NA,NA,879190,2.6,7.92,4.35,5.68,28.27,2026-06-30,2026-06-30
Sequim,WA,"Port Angeles, WA",Clallam County,570034.0682238907,-2.16,2098.3333333333335,NA,25180,0.368,22.6,4.42,2.87,Lean Rent,8199,1.6,77958,0.77,14.64,10.23,2.64,27.24,2026-06-30,2026-06-30
Highland Park,IL,"Chicago-Naperville-Elgin, IL-IN-WI",Lake County,809080.0960922944,7.2,2980.1666666666665,8.85,35762,0.368,22.6,4.42,2.87,Lean Rent,30794,2.11,718604,0.73,3.75,4.97,4.19,25.6,2026-06-30,2026-06-30
Menasha,WI,"Oshkosh-Neenah, WI",Winnebago County,318053.1500278378,5.64,1170.8333333333333,7.88,14050,0.368,22.6,4.42,2.87,Lean Rent,18433,0.85,173307,0.88,7.15,6.27,4.7,34.21,2026-06-30,2026-06-30
Nipomo,CA,"San Luis Obispo-Paso Robles, CA",San Luis Obispo County,950928.6801874684,3.29,3497.5,NA,41970,0.368,22.7,4.41,2.87,Lean Rent,NA,NA,NA,NA,NA,NA,NA,NA,2026-06-30,2026-06-30
Cottage Grove,WI,"Madison, WI",Dane County,482615.5440262304,2.75,1778.611111111111,1.38,21343.333333333332,0.369,22.6,4.42,2.87,Lean Rent,8974,21.5,588347,4.57,11.72,3.59,2.98,42.34,2026-06-30,2026-06-30
Bonsall,CA,"San Diego-Chula Vista-Carlsbad, CA",San Diego County,1018110.3751203114,-0.95,3750,NA,45000,0.368,22.6,4.42,2.87,Lean Rent,NA,NA,NA,NA,NA,NA,NA,NA,2026-06-30,2026-06-30
North Sioux City,SD,"Sioux City, IA-NE-SD",Union County,428872.7167761161,1.74,1579.3333333333333,NA,18952,0.368,22.6,4.42,2.87,Lean Rent,NA,NA,NA,NA,NA,NA,NA,NA,2026-06-30,2026-06-30
Cedar Park,TX,"Austin-Round Rock-Georgetown, TX",Williamson County,473251.0126235054,-5.21,1734.511178450732,-1.92,20814.134141408784,0.367,22.7,4.4,2.86,Lean Rent,78380,0.44,727480,18.17,29.75,3.91,3.51,32.92,2026-06-30,2026-06-30
Carson City,NV,"Carson City, NV",Carson City,501950.42189812585,0.35,1840.2860472860473,5.07,22083.432567432566,0.367,22.7,4.4,2.86,Lean Rent,NA,NA,58148,-0.91,3.44,5.02,3.46,36.79,2026-06-30,2026-06-30
New Berlin,WI,"Milwaukee-Waukesha, WI",Waukesha County,463447.0217192561,5.11,1699.1666666666667,NA,20390,0.367,22.7,4.4,2.86,Lean Rent,NA,NA,NA,NA,NA,NA,NA,NA,2026-06-30,2026-06-30
Franklin,MA,"Boston-Cambridge-Newton, MA-NH",Norfolk County,717119.4625870859,1.86,2631.484523809524,2.66,31577.81428571429,0.367,22.7,4.4,2.86,Lean Rent,NA,NA,740754,2.35,9.81,4.09,3.95,31.48,2026-06-30,2026-06-30
Sun Prairie,WI,"Madison, WI",Dane County,447954.7843284763,3.15,1641.9732142857144,3.08,19703.678571428572,0.367,22.7,4.4,2.86,Lean Rent,39253,9.01,588347,4.57,11.72,3.59,2.98,42.34,2026-06-30,2026-06-30
Washington,UT,"St. George, UT",Washington County,544746.2560006729,-1.36,2000.5515151515149,7.52,24006.61818181818,0.367,22.7,4.41,2.86,Lean Rent,35501,23.96,207943,14.24,22.34,15.29,9.04,27.41,2026-06-30,2026-06-30
Prospect,KY,"Louisville/Jefferson County, KY-IN",Oldham County,639019.4401684381,3.42,2343.139682539683,3.76,28117.676190476195,0.367,22.7,4.4,2.86,Lean Rent,4696,2.22,70525,4.18,2.31,4.49,7.35,11.95,2026-06-30,2026-06-30
Cinco Ranch,TX,"Houston-The Woodlands-Sugar Land, TX",Fort Bend County,547431.9892425594,-0.53,2010.2333333333331,-2.06,24122.799999999996,0.367,22.7,4.41,2.86,Lean Rent,NA,NA,958434,15.57,27.37,4.23,6.33,22.52,2026-06-30,2026-06-30
Winthrop,MA,"Boston-Cambridge-Newton, MA-NH",Suffolk County,699392.9061590005,0.21,2562.7619047619046,9.91,30753.142857142855,0.366,22.7,4.4,2.86,Lean Rent,NA,NA,793144,-0.51,10.02,8.97,4.43,63.39,2026-06-30,2026-06-30
Rathdrum,ID,"Coeur d'Alene, ID",Kootenai County,585638.3123856538,2.44,2150,NA,25800,0.367,22.7,4.41,2.86,Lean Rent,12626,35.89,188323,8.99,15.6,11.42,3.93,27.79,2026-06-30,2026-06-30
Fort Thomas,KY,"Cincinnati, OH-KY-IN",Campbell County,381895.6950131724,6.15,1402.25,4.99,16827,0.367,22.7,4.41,2.86,Lean Rent,16914,-2.89,94008,0.94,0.59,6.11,5.78,28.97,2026-06-30,2026-06-30
Northview,MI,"Grand Rapids-Kentwood, MI",Kent County,364961.29290260863,5.48,1340.4,NA,16084.800000000001,0.367,22.7,4.41,2.86,Lean Rent,NA,NA,673002,2.2,7.09,4.57,4.07,29.64,2026-06-30,2026-06-30
Nyack,NY,"New York-Newark-Jersey City, NY-NJ-PA",Rockland County,777940.6921758163,6.17,2855.2083333333335,6.01,34262.5,0.367,22.7,4.4,2.86,Lean Rent,7369,1.82,348144,3.19,1.26,4.87,2.49,31.75,2026-06-30,2026-06-30
Camano Island,WA,"Oak Harbor, WA",Island County,737349.0723673912,-0.54,2700,NA,32400,0.366,22.8,4.39,2.86,Lean Rent,NA,NA,NA,NA,NA,NA,NA,NA,2026-06-30,2026-06-30
Sumner,WA,"Seattle-Tacoma-Bellevue, WA",Pierce County,599911.8955868721,0.78,2203.401154401154,4.9,26440.81385281385,0.367,22.7,4.41,2.86,Lean Rent,10885,2.1,941170,1.9,6.6,5.21,4.02,35.21,2026-06-30,2026-06-30
Boulder Creek,CA,"Santa Cruz-Watsonville, CA",Santa Cruz County,748902.9540603386,-0.44,2750,NA,33000,0.367,22.7,4.41,2.86,Lean Rent,NA,NA,NA,NA,NA,NA,NA,NA,2026-06-30,2026-06-30
Garden Home-Whitford,OR,"Portland-Vancouver-Hillsboro, OR-WA",Washington County,642963.6800699057,-1.55,2358,1.05,28296,0.367,22.7,4.4,2.86,Lean Rent,NA,NA,611272,1.7,7.45,3.35,3.82,39.13,2026-06-30,2026-06-30
Chandler,AZ,"Phoenix-Mesa-Chandler, AZ",Maricopa County,521562.5895066392,-1.8,1903.213012491454,0.49,22838.55614989745,0.365,22.8,4.38,2.85,Lean Rent,281231,1.37,4673096,5.12,9.38,8.29,5.4,34.99,2026-06-30,2026-06-30
Hillsboro,OR,"Portland-Vancouver-Hillsboro, OR-WA",Washington County,520910.8098202168,-3.31,1902.1661336636105,-3.08,22825.993603963325,0.365,22.8,4.38,2.85,Lean Rent,110337,3.04,611272,1.7,7.45,3.35,3.82,39.13,2026-06-30,2026-06-30
Ames,IA,"Ames, IA",Story County,307550.5548590121,2.66,1124.6713286713286,2.99,13496.055944055945,0.366,22.8,4.39,2.85,Lean Rent,69026,3.81,102498,3.9,7.35,7.05,6.39,44.02,2026-06-30,2026-06-30
Azusa,CA,"Los Angeles-Long Beach-Anaheim, CA",Los Angeles County,718130.7235904295,0.8,2625.6777777777775,6.95,31508.13333333333,0.366,22.8,4.39,2.85,Lean Rent,48383,-3.63,9757179,-2.4,0.03,6.45,4.01,53.92,2026-06-30,2026-06-30
Grand Blanc,MI,"Flint, MI",Genesee County,296064.34729061654,4.75,1080.084656084656,3.29,12961.015873015873,0.365,22.8,4.38,2.85,Lean Rent,7924,-1.91,402279,-0.87,3.33,9.45,3.6,29.16,2026-06-30,2026-06-30
Placerville,CA,"Sacramento-Roseville-Folsom, CA",El Dorado County,539580.9508708868,-0.22,1974.1666666666667,1.46,23690,0.366,22.8,4.39,2.85,Lean Rent,10695,-0.34,192823,0.82,3.5,19.67,6.98,23.61,2026-06-30,2026-06-30
Walpole,MA,"Boston-Cambridge-Newton, MA-NH",Norfolk County,796024.5885030817,1.42,2912.366666666667,1.4,34948.4,0.366,22.8,4.39,2.85,Lean Rent,NA,NA,740754,2.35,9.81,4.09,3.95,31.48,2026-06-30,2026-06-30
Parkland,WA,"Seattle-Tacoma-Bellevue, WA",Pierce County,473732.58649492235,0.1,1730.3305555555555,1.15,20763.966666666667,0.365,22.8,4.38,2.85,Lean Rent,NA,NA,941170,1.9,6.6,5.21,4.02,35.21,2026-06-30,2026-06-30
Valley Center,CA,"San Diego-Chula Vista-Carlsbad, CA",San Diego County,944334.6994460268,-0.46,3448.333333333333,NA,41380,0.365,22.8,4.38,2.85,Lean Rent,NA,NA,NA,NA,NA,NA,NA,NA,2026-06-30,2026-06-30
Mesquite,NV,"Las Vegas-Henderson-Paradise, NV",Lincoln County,377694.0402266436,-2.32,1379.138888888889,-1.97,16549.666666666668,0.365,22.8,4.38,2.85,Lean Rent,23599,14.51,4345,-2.1,-8.52,29.97,3.17,26.26,2026-06-30,2026-06-30
Nolensville,TN,"Nashville-Davidson--Murfreesboro--Franklin, TN",Williamson County,844556.7841585311,2.45,3089.5833333333335,NA,37075,0.366,22.8,4.39,2.85,Lean Rent,NA,NA,NA,NA,NA,NA,NA,NA,2026-06-30,2026-06-30
Dumont,NJ,"New York-Newark-Jersey City, NY-NJ-PA",Bergen County,688006.7905852807,8.14,2512.5,NA,30150,0.365,22.8,4.38,2.85,Lean Rent,NA,NA,NA,NA,NA,NA,NA,NA,2026-06-30,2026-06-30
Milford,NH,"Manchester-Nashua, NH",Hillsborough County,522858.9257849576,2.3,1910.9444444444443,NA,22931.333333333332,0.365,22.8,4.39,2.85,Lean Rent,NA,NA,NA,NA,NA,NA,NA,NA,2026-06-30,2026-06-30
Montgomery,OH,"Cincinnati, OH-KY-IN",Hamilton County,690643.4023234094,3.38,2526.6666666666665,NA,30320,0.366,22.8,4.39,2.85,Lean Rent,NA,NA,NA,NA,NA,NA,NA,NA,2026-06-30,2026-06-30
Dudley,MA,"Worcester, MA-CT",Worcester County,472777.5770613373,2.55,1725,NA,20700,0.365,22.8,4.38,2.85,Lean Rent,NA,NA,NA,NA,NA,NA,NA,NA,2026-06-30,2026-06-30
Greenville,OH,"Greenville, OH",Darke County,206427.3611436911,6.97,754.1666666666667,NA,9050,0.365,22.8,4.38,2.85,Lean Rent,NA,NA,NA,NA,NA,NA,NA,NA,2026-06-30,2026-06-30
Olivette,MO,"St. Louis, MO-IL",Saint Louis County,503334.596813908,3.12,1840.2444444444443,4.15,22082.93333333333,0.366,22.8,4.39,2.85,Lean Rent,8960,5.29,NA,NA,NA,NA,NA,NA,2026-06-30,2026-06-30
Overland Park,KS,"Kansas City, MO-KS",Johnson County,493604.68551834655,5.52,1799.9496408492475,3.23,21599.39569019097,0.365,22.9,4.38,2.84,Lean Rent,202893,2.55,632276,3.45,6.72,4.13,5,31.44,2026-06-30,2026-06-30
Asheville,NC,"Asheville, NC",Buncombe County,464131.2210618227,-5.2,1688.191796600646,0.46,20258.301559207754,0.364,22.9,4.36,2.84,Lean Rent,94992,0.68,279210,3.52,10.34,22.33,12.88,35.56,2026-06-30,2026-06-30
Yucaipa,CA,"Riverside-San Bernardino-Ontario, CA",San Bernardino County,574973.6976172784,1.34,2095.4761904761904,1.07,25145.714285714283,0.364,22.9,4.37,2.84,Lean Rent,54465,-0.26,2214281,1.41,1.68,9.55,3.22,38.46,2026-06-30,2026-06-30
Orangevale,CA,"Sacramento-Roseville-Folsom, CA",Sacramento County,565652.6387035415,-0.52,2063.055555555555,4.64,24756.666666666664,0.365,22.8,4.38,2.84,Lean Rent,NA,NA,1611231,1.54,7.33,4.28,3.63,41.37,2026-06-30,2026-06-30
Cedar City,UT,"Cedar City, UT",Iron County,407452.8930658629,2.28,1482.4534161490683,-0.25,17789.44099378882,0.364,22.9,4.37,2.84,Lean Rent,40885,15.26,65936,14.25,14.62,13.87,8.7,32.57,2026-06-30,2026-06-30
Lewes,DE,"Salisbury, MD-DE",Sussex County,596132.5647313916,-0.13,2169.875,5.48,26038.5,0.364,22.9,4.37,2.84,Lean Rent,3702,11.51,271134,13.61,29.11,30.22,5.78,18.73,2026-06-30,2026-06-30
Fountain Hills,AZ,"Phoenix-Mesa-Chandler, AZ",Maricopa County,668008.9441791183,0.77,2434.690476190476,4.3,29216.285714285714,0.364,22.9,4.37,2.84,Lean Rent,23696,-0.74,4673096,5.12,9.38,8.29,5.4,34.99,2026-06-30,2026-06-30
New Cumberland,PA,"York-Hanover, PA",York County,300325.00438619347,4.43,1091.6666666666667,NA,13100,0.363,22.9,4.36,2.84,Lean Rent,7625,1.4,471240,3.17,10.19,4.45,2.79,24.17,2026-06-30,2026-06-30
North Arlington,NJ,"New York-Newark-Jersey City, NY-NJ-PA",Bergen County,636298.0470252407,3.35,2315.8333333333335,NA,27790,0.364,22.9,4.37,2.84,Lean Rent,16694,1.77,978641,2.61,10.38,4.13,3.53,34.64,2026-06-30,2026-06-30
Black Diamond,WA,"Seattle-Tacoma-Bellevue, WA",King County,770692.8947756429,-2.44,2803.3095238095243,2.23,33639.71428571429,0.364,22.9,4.36,2.84,Lean Rent,6787,40.05,2340211,2.9,15.35,6.12,5.05,43.91,2026-06-30,2026-06-30
Coupeville,WA,"Oak Harbor, WA",Island County,652867.9982647861,2.3,2375,NA,28500,0.364,22.9,4.37,2.84,Lean Rent,NA,NA,NA,NA,NA,NA,NA,NA,2026-06-30,2026-06-30
Raleigh,NC,"Raleigh-Cary, NC",Wake County,436056.09544694534,-2.14,1579.446401735139,0.14,18953.356820821667,0.362,23,4.35,2.83,Lean Rent,499825,7.29,1232444,9,18.32,7.54,9.49,35.57,2026-06-30,2026-06-30
Naperville,IL,"Chicago-Naperville-Elgin, IL-IN-WI",DuPage County,636280.5538132027,4.44,2309.656896335547,3.12,27715.882756026564,0.363,23,4.36,2.83,Lean Rent,153124,2.47,937142,0.6,5.3,4.53,5.6,26.87,2026-06-30,2026-06-30
Goodyear,AZ,"Phoenix-Mesa-Chandler, AZ",Maricopa County,467489.5726751398,-0.99,1696.660861211104,-1.66,20359.93033453325,0.363,23,4.36,2.83,Lean Rent,118186,20.83,4673096,5.12,9.38,8.29,5.4,34.99,2026-06-30,2026-06-30
Goshen,IN,"Elkhart-Goshen, IN",Elkhart County,283556.65250693006,5.3,1029.1666666666667,8.59,12350,0.363,23,4.36,2.83,Lean Rent,34458,-0.14,207436,0.21,-2.63,10.41,12.12,28.75,2026-06-30,2026-06-30
Hicksville,NY,"New York-Newark-Jersey City, NY-NJ-PA",Nassau County,793497.6366679654,3.76,2879.2619047619046,14.84,34551.142857142855,0.363,23,4.35,2.83,Lean Rent,NA,NA,1392438,0.13,2.32,4.56,4.6,18.07,2026-06-30,2026-06-30
Englewood,CO,"Denver-Aurora-Lakewood, CO",Arapahoe County,516330.2390458439,-2.71,1872.591131834848,-1.66,22471.093582018177,0.363,23,4.35,2.83,Lean Rent,35238,4.81,666918,1.77,3.13,4.55,5.64,34.88,2026-06-30,2026-06-30
Huntington,NY,"New York-Newark-Jersey City, NY-NJ-PA",Suffolk County,917416.9265119368,1.84,3331.944444444445,4.33,39983.333333333336,0.363,22.9,4.36,2.83,Lean Rent,NA,NA,1535909,0.9,2.22,11.64,3.67,18.09,2026-06-30,2026-06-30
Wilmette,IL,"Chicago-Naperville-Elgin, IL-IN-WI",Cook County,1020009.6315121236,11.72,3703.4888888888886,NA,44441.86666666666,0.363,23,4.36,2.83,Lean Rent,NA,NA,NA,NA,NA,NA,NA,NA,2026-06-30,2026-06-30
River Falls,WI,"Minneapolis-St. Paul-Bloomington, MN-WI",Pierce County,417525.1757765422,2.18,1513.2310606060607,5,18158.772727272728,0.362,23,4.35,2.83,Lean Rent,17802,9.11,43380,2.73,4.15,7.55,6.65,24.22,2026-06-30,2026-06-30
Loma Linda,CA,"Riverside-San Bernardino-Ontario, CA",San Bernardino County,644517.2151658679,1.45,2337.9532407407405,-1.79,28055.438888888886,0.363,23,4.35,2.83,Lean Rent,25197,1.12,2214281,1.41,1.68,9.55,3.22,38.46,2026-06-30,2026-06-30
Exton,PA,"Philadelphia-Camden-Wilmington, PA-NJ-DE-MD",Chester County,632816.9019095586,2.34,2295.954761904762,5.73,27551.457142857143,0.363,23,4.35,2.83,Lean Rent,NA,NA,560745,4.84,7.29,3.95,3.98,25.05,2026-06-30,2026-06-30
Tumwater,WA,"Olympia-Lacey-Tumwater, WA",Thurston County,530540.2123061446,0.71,1921.8128342245989,0.44,23061.754010695186,0.362,23,4.35,2.83,Lean Rent,27826,6.44,302912,2.33,10.68,5,3.8,32.24,2026-06-30,2026-06-30
Oakland,CA,"San Francisco-Oakland-Berkeley, CA",Alameda County,721965.9140838581,-4.55,2613.685307621671,7.76,31364.223691460054,0.362,23,4.34,2.82,Lean Rent,443554,0.58,1649060,-1.88,3.29,5.96,5.26,45.93,2026-06-30,2026-06-30
Billings,MT,"Billings, MT",Yellowstone County,402553.9654345354,2.14,1457.7617421285456,2.91,17493.140905542547,0.362,23,4.35,2.82,Lean Rent,121483,3.63,171583,3.86,3.93,5.58,4.69,30.69,2026-06-30,2026-06-30
Saint George,UT,"St. George, UT",Washington County,521140.473711815,-1.2,1883.6374207188155,2.75,22603.649048625786,0.361,23.1,4.34,2.82,Lean Rent,NA,NA,207943,14.24,22.34,15.29,9.04,27.41,2026-06-30,2026-06-30
Waltham,MA,"Boston-Cambridge-Newton, MA-NH",Middlesex County,841318.5887511099,0.97,3041.950512155992,2.57,36503.4061458719,0.362,23,4.34,2.82,Lean Rent,65849,2.51,1668956,2.54,11.63,4.52,2.96,38.37,2026-06-30,2026-06-30
Shelton,WA,"Shelton, WA",Mason County,428809.4964697302,-0.17,1552.6,NA,18631.199999999997,0.362,23,4.34,2.82,Lean Rent,10737,2.88,69632,5.45,15.14,24.82,4.1,18.88,2026-06-30,2026-06-30
Marshfield,MA,"Boston-Cambridge-Newton, MA-NH",Plymouth County,818286.0046742238,4.27,2955.8333333333335,NA,35470,0.361,23.1,4.33,2.82,Lean Rent,NA,NA,542090,2.58,7.97,7.23,1.91,22.38,2026-06-30,2026-06-30
New Brighton,MN,"Minneapolis-St. Paul-Bloomington, MN-WI",Ramsey County,391225.52959990595,2,1415.7146464646466,3.34,16988.57575757576,0.362,23,4.34,2.82,Lean Rent,22374,-4.66,542015,-1.76,3.41,5.41,6.16,38.97,2026-06-30,2026-06-30
Glen Mills,PA,"Philadelphia-Camden-Wilmington, PA-NJ-DE-MD",Delaware County,714979.4240898463,3.15,2584.3888888888887,12.52,31012.666666666664,0.361,23.1,4.34,2.82,Lean Rent,NA,NA,584882,1.45,5.58,5.55,4.21,30.36,2026-06-30,2026-06-30
Brawley,CA,"El Centro, CA",Imperial County,359421.87050881045,5.03,1300,NA,15600,0.362,23,4.34,2.82,Lean Rent,NA,NA,NA,NA,NA,NA,NA,NA,2026-06-30,2026-06-30
Spring Grove,PA,"York-Hanover, PA",York County,336354.494300093,3.78,1216.25,NA,14595,0.362,23,4.34,2.82,Lean Rent,NA,NA,NA,NA,NA,NA,NA,NA,2026-06-30,2026-06-30
Minnetrista,MN,"Minneapolis-St. Paul-Bloomington, MN-WI",Hennepin County,695447.0408395549,2.71,2513.3888888888887,NA,30160.666666666664,0.361,23.1,4.34,2.82,Lean Rent,NA,NA,NA,NA,NA,NA,NA,NA,2026-06-30,2026-06-30
Salem,OR,"Salem, OR",Marion County,440407.22842789657,0.35,1585.0589797544023,0.05,19020.707757052827,0.36,23.2,4.32,2.81,Lean Rent,180406,2.52,352867,1.89,7.06,3.97,4.07,37.76,2026-06-30,2026-06-30
Norwalk,CA,"Los Angeles-Long Beach-Anaheim, CA",Los Angeles County,765009.4693773752,0.99,2757.3888888888887,0.34,33088.666666666664,0.36,23.1,4.33,2.81,Lean Rent,98230,-4.08,9757179,-2.4,0.03,6.45,4.01,53.92,2026-06-30,2026-06-30
Farmington Hills,MI,"Detroit-Warren-Dearborn, MI",Oakland County,398911.9798479741,2.68,1435.2404761904763,1.88,17222.885714285716,0.36,23.2,4.32,2.81,Lean Rent,84173,0.42,1296888,1.91,10.58,5.25,6.51,27.73,2026-06-30,2026-06-30
Johns Creek,GA,"Atlanta-Sandy Springs-Alpharetta, GA",Fulton County,710726.8359017177,0.57,2561.453289473684,0.91,30737.439473684208,0.36,23.1,4.32,2.81,Lean Rent,81167,-1.72,1090354,1.97,1.33,8.52,7.69,45.86,2026-06-30,2026-06-30
Oak Harbor,WA,"Oak Harbor, WA",Island County,537671.7629297,1.63,1940.342203548086,5.12,23284.10644257703,0.361,23.1,4.33,2.81,Lean Rent,24163,-1.89,86478,-0.61,3.08,16.2,8.47,25.35,2026-06-30,2026-06-30
Lewiston,ID,"Lewiston, ID-WA",Nez Perce County,393973.22732951987,1.55,1419.4444444444443,NA,17033.333333333332,0.36,23.1,4.32,2.81,Lean Rent,NA,NA,NA,NA,NA,NA,NA,NA,2026-06-30,2026-06-30
Byron Center,MI,"Grand Rapids-Kentwood, MI",Kent County,468379.9393704161,4.88,1688.75,NA,20265,0.361,23.1,4.33,2.81,Lean Rent,NA,NA,NA,NA,NA,NA,NA,NA,2026-06-30,2026-06-30
Mint Hill,NC,"Charlotte-Concord-Gastonia, NC-SC",Mecklenburg County,519729.4758885759,0.72,1872.928571428571,-0.99,22475.142857142855,0.36,23.1,4.32,2.81,Lean Rent,28825,8.64,1206285,8.06,18.3,7.37,7.33,44.5,2026-06-30,2026-06-30
Vinings,GA,"Atlanta-Sandy Springs-Alpharetta, GA",Cobb County,491166.78128119634,-2.66,1771.8824004586197,-2.03,21262.588805503437,0.361,23.1,4.33,2.81,Lean Rent,NA,NA,787538,2.76,2.77,5.82,5.06,33.01,2026-06-30,2026-06-30
Portsmouth,NH,"Boston-Cambridge-Newton, MA-NH",Rockingham County,809649.605819176,3.44,2920.1388888888887,1.92,35041.666666666664,0.361,23.1,4.33,2.81,Lean Rent,22938,4.31,322433,2.47,5.64,7.38,3.42,21.38,2026-06-30,2026-06-30
Anacortes,WA,"Mount Vernon-Anacortes, WA",Skagit County,734315.3935457227,1.1,2644.1666666666665,4.59,31730,0.36,23.1,4.32,2.81,Lean Rent,18148,2.63,132736,2.18,8.04,8.77,1.09,29.36,2026-06-30,2026-06-30
New Holland,PA,"Lancaster, PA",Lancaster County,422643.495430134,4.88,1525,NA,18300,0.361,23.1,4.33,2.81,Lean Rent,NA,NA,NA,NA,NA,NA,NA,NA,2026-06-30,2026-06-30
Monona,WI,"Madison, WI",Dane County,485405.96692307433,1.73,1750.138888888889,NA,21001.666666666668,0.361,23.1,4.33,2.81,Lean Rent,NA,NA,NA,NA,NA,NA,NA,NA,2026-06-30,2026-06-30
Salem,UT,"Provo-Orem, UT",Utah County,613930.9086386249,3.14,2212.5,NA,26550,0.36,23.1,4.32,2.81,Lean Rent,NA,NA,NA,NA,NA,NA,NA,NA,2026-06-30,2026-06-30
Freeport,ME,"Portland-South Portland, ME",Cumberland County,702218.714942017,2.69,2531.666666666667,NA,30380.000000000004,0.361,23.1,4.33,2.81,Lean Rent,NA,NA,NA,NA,NA,NA,NA,NA,2026-06-30,2026-06-30
Paoli,PA,"Philadelphia-Camden-Wilmington, PA-NJ-DE-MD",Chester County,651521.3951677998,3.12,2351.222222222222,NA,28214.666666666664,0.361,23.1,4.33,2.81,Lean Rent,NA,NA,560745,4.84,7.29,3.95,3.98,25.05,2026-06-30,2026-06-30
Paterson,NJ,"New York-Newark-Jersey City, NY-NJ-PA",Passaic County,541016.9325752981,4.56,1940.6050804093568,-0.08,23287.260964912282,0.359,23.2,4.3,2.8,Lean Rent,160463,0.71,526597,0.6,7.33,4.03,2.2,47.17,2026-06-30,2026-06-30
Bismarck,ND,"Bismarck, ND",Burleigh County,381726.7421518306,5.48,1371.6642069013983,4.25,16459.97048281678,0.359,23.2,4.31,2.8,Lean Rent,77772,5.47,103107,4.58,12.45,6.97,8.8,28.43,2026-06-30,2026-06-30
Smyrna,GA,"Atlanta-Sandy Springs-Alpharetta, GA",Cobb County,449565.07416432543,-2.91,1614.498090903028,0.33,19373.977090836335,0.359,23.2,4.31,2.8,Lean Rent,57177,1.8,787538,2.76,2.77,5.82,5.06,33.01,2026-06-30,2026-06-30
Westerville,OH,"Columbus, OH",Franklin County,457532.80320352665,1.42,1644.9788998357965,2.98,19739.74679802956,0.36,23.2,4.31,2.8,Lean Rent,38612,-1.6,1356303,2.4,7.58,6.96,3.98,47.03,2026-06-30,2026-06-30
Glenview,IL,"Chicago-Naperville-Elgin, IL-IN-WI",Cook County,702097.8882017363,9.01,2520.2887426900584,5.41,30243.464912280702,0.359,23.2,4.31,2.8,Lean Rent,47634,-1.89,5182617,-1.6,5.9,8.18,4.67,42.49,2026-06-30,2026-06-30
McMinnville,OR,"Portland-Vancouver-Hillsboro, OR-WA",Yamhill County,489473.1339804406,-1.45,1756.599206349206,0.18,21079.190476190473,0.359,23.2,4.31,2.8,Lean Rent,35255,2.89,110886,2.92,16.32,4.68,2.84,30.06,2026-06-30,2026-06-30
Rock Springs,WY,"Rock Springs, WY",Sweetwater County,295751.9678499983,-1.11,1061.111111111111,-4.35,12733.333333333332,0.359,23.2,4.31,2.8,Lean Rent,22967,-2.25,41273,-2.19,-1.33,12.29,15.52,26.02,2026-06-30,2026-06-30
Agoura Hills,CA,"Los Angeles-Long Beach-Anaheim, CA",Los Angeles County,1260420.6619951108,1.51,4530.476190476191,0.79,54365.71428571429,0.359,23.2,4.31,2.8,Lean Rent,19429,-3.96,9757179,-2.4,0.03,6.45,4.01,53.92,2026-06-30,2026-06-30
Hanover,MA,"Boston-Cambridge-Newton, MA-NH",Plymouth County,846857.2492909433,4.83,3042.3333333333335,NA,36508,0.359,23.2,4.31,2.8,Lean Rent,NA,NA,542090,2.58,7.97,7.23,1.91,22.38,2026-06-30,2026-06-30
Atlantic Beach,FL,"Jacksonville, FL",Duval County,717865.2938237126,-0.66,2580.357142857143,2.03,30964.285714285717,0.359,23.2,4.31,2.8,Lean Rent,13279,-1.59,1055159,5.75,12.67,9.15,6.97,41.93,2026-06-30,2026-06-30
Fairview,OR,"Portland-Vancouver-Hillsboro, OR-WA",Multnomah County,482515.6910287864,-1.28,1733.3722222222225,-3.35,20800.46666666667,0.359,23.2,4.31,2.8,Lean Rent,10796,3.84,795897,-2.5,1.19,5.52,4.7,45.9,2026-06-30,2026-06-30
Neptune Beach,FL,"Jacksonville, FL",Duval County,797736.5703263603,4.42,2865.277777777778,6.46,34383.333333333336,0.359,23.2,4.31,2.8,Lean Rent,7032,-2.29,1055159,5.75,12.67,9.15,6.97,41.93,2026-06-30,2026-06-30
De Soto,KS,"Kansas City, MO-KS",Johnson County,434867.60367483186,4.64,1562.5,NA,18750,0.359,23.2,4.31,2.8,Lean Rent,NA,NA,NA,NA,NA,NA,NA,NA,2026-06-30,2026-06-30
Marietta,GA,"Atlanta-Sandy Springs-Alpharetta, GA",Cobb County,480648.1319547677,-1.64,1717.047089076501,1.54,20604.56506891801,0.357,23.3,4.29,2.79,Lean Rent,63122,3.42,787538,2.76,2.77,5.82,5.06,33.01,2026-06-30,2026-06-30
Baldwin Park,CA,"Los Angeles-Long Beach-Anaheim, CA",Los Angeles County,725567.1770581218,1.39,2598.055555555556,NA,31176.66666666667,0.358,23.3,4.3,2.79,Lean Rent,69247,-3.78,9757179,-2.4,0.03,6.45,4.01,53.92,2026-06-30,2026-06-30
Woburn,MA,"Boston-Cambridge-Newton, MA-NH",Middlesex County,777989.2351365192,1.87,2780.440860215054,-0.05,33365.290322580644,0.357,23.3,4.29,2.79,Lean Rent,43895,7.51,1668956,2.54,11.63,4.52,2.96,38.37,2026-06-30,2026-06-30
Saratoga Springs,NY,"Albany-Schenectady-Troy, NY",Saratoga County,663115.7393421485,5.96,2374.076315789474,5.12,28488.915789473685,0.358,23.3,4.3,2.79,Lean Rent,28741,0.67,240360,1.93,6.74,10.16,5.99,27.83,2026-06-30,2026-06-30
Kirkwood,MO,"St. Louis, MO-IL",Saint Louis County,476266.6483851965,3.63,1704.9583333333333,4.49,20459.5,0.358,23.3,4.3,2.79,Lean Rent,29348,-0.37,NA,NA,NA,NA,NA,NA,2026-06-30,2026-06-30
Westford,MA,"Boston-Cambridge-Newton, MA-NH",Middlesex County,855334.2967565452,-0.62,3062.861111111111,-5.58,36754.33333333333,0.358,23.3,4.3,2.79,Lean Rent,NA,NA,1668956,2.54,11.63,4.52,2.96,38.37,2026-06-30,2026-06-30
Middleborough,MA,"Boston-Cambridge-Newton, MA-NH",Plymouth County,578996.4847970741,3.61,2070,NA,24840,0.358,23.3,4.29,2.79,Lean Rent,NA,NA,542090,2.58,7.97,7.23,1.91,22.38,2026-06-30,2026-06-30
Mansfield,MA,"Providence-Warwick, RI-MA",Bristol County,726995.136753145,2.53,2602.444444444445,3.61,31229.333333333336,0.358,23.3,4.3,2.79,Lean Rent,NA,NA,588593,2.05,7.41,4.9,2.27,37.75,2026-06-30,2026-06-30
Bedford,VA,"Lynchburg, VA",Bedford County,289583.1502942678,7.43,1035,NA,12420,0.357,23.3,4.29,2.79,Lean Rent,NA,NA,NA,NA,NA,NA,NA,NA,2026-06-30,2026-06-30
Kaukauna,WI,"Appleton, WI",Outagamie County,312266.3022967795,4.28,1115.8333333333333,NA,13390,0.357,23.3,4.29,2.79,Lean Rent,18363,7.19,195390,2.31,5.33,3.33,2.2,28.26,2026-06-30,2026-06-30
El Sobrante,CA,"San Francisco-Oakland-Berkeley, CA",Contra Costa County,682477.8492172785,-3.54,2440,NA,29280,0.358,23.3,4.29,2.79,Lean Rent,NA,NA,1172607,0.55,6.48,3.5,2.91,32.35,2026-06-30,2026-06-30
Salisbury,MA,"Boston-Cambridge-Newton, MA-NH",Essex County,642976.5504703029,1.3,2300,NA,27600,0.358,23.3,4.29,2.79,Lean Rent,NA,NA,NA,NA,NA,NA,NA,NA,2026-06-30,2026-06-30
Mesa,AZ,"Phoenix-Mesa-Chandler, AZ",Maricopa County,434616.2311601611,-1.39,1548.5834756576323,-0.34,18583.001707891588,0.356,23.4,4.28,2.78,Lean Rent,517151,2.21,4673096,5.12,9.38,8.29,5.4,34.99,2026-06-30,2026-06-30
Tempe,AZ,"Phoenix-Mesa-Chandler, AZ",Maricopa County,467862.9215397709,-1.3,1667.2973205260512,-1.2,20007.567846312613,0.356,23.4,4.28,2.78,Lean Rent,190114,2.59,4673096,5.12,9.38,8.29,5.4,34.99,2026-06-30,2026-06-30
Rancho Cucamonga,CA,"Riverside-San Bernardino-Ontario, CA",San Bernardino County,789064.4649175772,-0.67,2812.534917709336,-0.31,33750.41901251203,0.356,23.4,4.28,2.78,Lean Rent,176675,1.14,2214281,1.41,1.68,9.55,3.22,38.46,2026-06-30,2026-06-30
Westminster,CO,"Denver-Aurora-Lakewood, CO",Jefferson County,527399.9588083441,-2.65,1878.754563119904,-0.91,22545.054757438847,0.356,23.4,4.27,2.78,Lean Rent,115302,-1.16,578533,-0.79,0.75,4.44,4.86,29.39,2026-06-30,2026-06-30
National City,CA,"San Diego-Chula Vista-Carlsbad, CA",San Diego County,692258.3267873599,1.66,2471.7070707070707,-0.05,29660.484848484848,0.357,23.3,4.28,2.78,Lean Rent,58460,-4.91,3298799,-0.07,0.09,6.51,4.02,45.49,2026-06-30,2026-06-30
Aliso Viejo,CA,"Los Angeles-Long Beach-Anaheim, CA",Orange County,1008119.4175664876,0.66,3594.2759787437208,4.24,43131.31174492465,0.357,23.4,4.28,2.78,Lean Rent,50457,-3.11,3170435,-0.5,2.33,5.61,4.39,43.55,2026-06-30,2026-06-30
Morrisville,NC,"Raleigh-Cary, NC",Wake County,481242.5490828881,-5.18,1714.3431487606242,-1.07,20572.11778512749,0.356,23.4,4.27,2.78,Lean Rent,32628,8.5,1232444,9,18.32,7.54,9.49,35.57,2026-06-30,2026-06-30
Helotes,TX,"San Antonio-New Braunfels, TX",Bexar County,470048.97852415097,0.06,1672.3333333333333,NA,20068,0.356,23.4,4.27,2.78,Lean Rent,NA,NA,NA,NA,NA,NA,NA,NA,2026-06-30,2026-06-30
Dallastown,PA,"York-Hanover, PA",York County,284527.1506011676,3.93,1012.5,NA,12150,0.356,23.4,4.27,2.78,Lean Rent,NA,NA,NA,NA,NA,NA,NA,NA,2026-06-30,2026-06-30
Oakhurst,NJ,"New York-Newark-Jersey City, NY-NJ-PA",Monmouth County,1079681.6011038462,7.2,3850,NA,46200,0.357,23.4,4.28,2.78,Lean Rent,NA,NA,NA,NA,NA,NA,NA,NA,2026-06-30,2026-06-30
Vancouver,WA,"Portland-Vancouver-Hillsboro, OR-WA",Clark County,511271.4192474405,-0.52,1817.5430283224405,0.35,21810.516339869286,0.355,23.4,4.27,2.77,Lean Rent,198992,4.03,527269,4.33,6.69,3.84,3.08,33.79,2026-06-30,2026-06-30
Boise,ID,"Boise City, ID",Ada County,508258.3708662128,0.89,1808.003296761844,5.32,21696.039561142126,0.356,23.4,4.27,2.77,Lean Rent,NA,NA,535799,7.53,14.17,4.08,3.49,28.65,2026-06-30,2026-06-30
Novato,CA,"San Francisco-Oakland-Berkeley, CA",Marin County,1084524.179289244,0.63,3857.0509259259256,5.55,46284.61111111111,0.356,23.4,4.27,2.77,Lean Rent,52311,-1.57,256400,-1.89,2.96,7.74,3.07,36.12,2026-06-30,2026-06-30
Palm Springs,CA,"Riverside-San Bernardino-Ontario, CA",Riverside County,619611.9391008759,-1.72,2200.687003968254,3.72,26408.244047619046,0.355,23.5,4.26,2.77,Lean Rent,45453,1.81,2529933,4.34,7.33,11.37,4.89,31.14,2026-06-30,2026-06-30
Walla Walla,WA,"Walla Walla, WA",Walla Walla County,424733.993251926,0.97,1506.4137254901962,2.54,18076.964705882354,0.355,23.5,4.26,2.77,Lean Rent,33901,-1.09,62068,-0.9,8.18,7.25,6.15,34.06,2026-06-30,2026-06-30
Beverly,MA,"Boston-Cambridge-Newton, MA-NH",Essex County,779753.0377757851,3.24,2772.7079248366013,3.99,33272.49509803922,0.356,23.4,4.27,2.77,Lean Rent,43223,1.53,823938,2,7.8,5.11,2.53,36.04,2026-06-30,2026-06-30
Canton,MA,"Boston-Cambridge-Newton, MA-NH",Norfolk County,820574.4737561457,2.17,2909.0856180856185,1.68,34909.02741702742,0.355,23.5,4.25,2.77,Lean Rent,NA,NA,740754,2.35,9.81,4.09,3.95,31.48,2026-06-30,2026-06-30
Weaverville,NC,"Asheville, NC",Buncombe County,474694.2280206348,-3.35,1685.107142857143,-0.95,20221.285714285714,0.355,23.5,4.26,2.77,Lean Rent,4799,4.69,279210,3.52,10.34,22.33,12.88,35.56,2026-06-30,2026-06-30
Westborough,MA,"Worcester, MA-CT",Worcester County,752633.6337693301,0.14,2673.867965367965,1.11,32086.415584415583,0.355,23.5,4.26,2.77,Lean Rent,NA,NA,881248,2.82,8.7,5.7,3.41,34.33,2026-06-30,2026-06-30
Cottage Grove,OR,"Eugene-Springfield, OR",Lane County,406265.4526503828,-0.13,1445,NA,17340,0.356,23.4,4.27,2.77,Lean Rent,NA,NA,NA,NA,NA,NA,NA,NA,2026-06-30,2026-06-30
Bluffdale,UT,"Salt Lake City, UT",Salt Lake County,617131.3991348301,-0.24,2194.8599439775912,2.27,26338.319327731093,0.356,23.4,4.27,2.77,Lean Rent,19393,11.71,1216274,2.46,7.39,5.36,5.82,33,2026-06-30,2026-06-30
Whitefish Bay,WI,"Milwaukee-Waukesha, WI",Milwaukee County,673594.32162224,5.53,2390.222222222222,NA,28682.666666666664,0.355,23.5,4.26,2.77,Lean Rent,NA,NA,NA,NA,NA,NA,NA,NA,2026-06-30,2026-06-30
Wallington,NJ,"New York-Newark-Jersey City, NY-NJ-PA",Bergen County,697197.9801887042,8.45,2475,NA,29700,0.355,23.5,4.26,2.77,Lean Rent,12060,1.81,978641,2.61,10.38,4.13,3.53,34.64,2026-06-30,2026-06-30
Hardeeville,SC,"Hilton Head Island-Bluffton, SC",Jasper County,422493.3865627768,-7.56,1498.9333333333334,-3.15,17987.2,0.355,23.5,4.26,2.77,Lean Rent,13862,79.26,35618,22.2,56.21,10.44,3.87,24.01,2026-06-30,2026-06-30
Salado,TX,"Killeen-Temple, TX",Bell County,494112.47148040176,-1.35,1756.25,NA,21075,0.355,23.4,4.27,2.77,Lean Rent,NA,NA,NA,NA,NA,NA,NA,NA,2026-06-30,2026-06-30
Silver Spring,MD,"Washington-Arlington-Alexandria, DC-VA-MD-WV",Montgomery County,556502.5003113513,-1.07,1965.9961073726936,-2.04,23591.953288472323,0.353,23.6,4.24,2.76,Lean Rent,NA,NA,1082273,2.02,7.76,4.26,3.68,34.66,2026-06-30,2026-06-30
Chula Vista,CA,"San Diego-Chula Vista-Carlsbad, CA",San Diego County,849515.9171344857,-0.31,3007.6941752275293,0.27,36092.33010273035,0.354,23.5,4.25,2.76,Lean Rent,278546,0.99,3298799,-0.07,0.09,6.51,4.02,45.49,2026-06-30,2026-06-30
Rocklin,CA,"Sacramento-Roseville-Folsom, CA",Placer County,697457.7230439024,-0.85,2469.1037318153067,2,29629.24478178368,0.354,23.5,4.25,2.76,Lean Rent,75129,4.68,433822,6.87,21.94,11.81,3.91,25.72,2026-06-30,2026-06-30
Gig Harbor,WA,"Seattle-Tacoma-Bellevue, WA",Pierce County,828733.4146435306,0,2937.527777777778,1.26,35250.333333333336,0.354,23.5,4.25,2.76,Lean Rent,12643,4.6,941170,1.9,6.6,5.21,4.02,35.21,2026-06-30,2026-06-30
Logan,UT,"Logan, UT-ID",Cache County,397839.9661519802,2.12,1405.6248015873016,5.52,16867.49761904762,0.353,23.6,4.24,2.76,Lean Rent,56770,7.38,145487,8.87,6.35,5.14,3.62,36.38,2026-06-30,2026-06-30
Reisterstown,MD,"Baltimore-Columbia-Towson, MD",Baltimore County,421456.9521755122,0.5,1489.5059523809523,5.15,17874.071428571428,0.353,23.6,4.24,2.76,Lean Rent,NA,NA,852425,-0.11,3.96,5.75,5.61,33.67,2026-06-30,2026-06-30
Westmont,CA,"Los Angeles-Long Beach-Anaheim, CA",Los Angeles County,705874.5300336395,1.07,2499.722222222222,-0.31,29996.666666666664,0.354,23.5,4.25,2.76,Lean Rent,NA,NA,9757179,-2.4,0.03,6.45,4.01,53.92,2026-06-30,2026-06-30
Beltsville,MD,"Washington-Arlington-Alexandria, DC-VA-MD-WV",Prince Georges County,463307.2306478216,-0.06,1641.4638888888887,2.05,19697.566666666666,0.354,23.5,4.25,2.76,Lean Rent,NA,NA,NA,NA,NA,NA,NA,NA,2026-06-30,2026-06-30
Ashland,OR,"Medford, OR",Jackson County,557653.4203531924,2.05,1970.7361111111113,3.52,23648.833333333336,0.353,23.6,4.24,2.76,Lean Rent,20935,-1.97,221331,-1.08,2.88,6.6,3.86,35.02,2026-06-30,2026-06-30
Dallas,OR,"Salem, OR",Polk County,481152.9605606298,1.37,1699.5833333333333,-0.53,20395,0.353,23.6,4.24,2.76,Lean Rent,17911,5.36,90549,2.89,3.24,5.43,3.94,35.41,2026-06-30,2026-06-30
Burley,ID,"Burley, ID",Cassia County,339221.38660664466,4.3,1200,NA,14400,0.354,23.6,4.25,2.76,Lean Rent,NA,NA,NA,NA,NA,NA,NA,NA,2026-06-30,2026-06-30
Crockett,CA,"San Francisco-Oakland-Berkeley, CA",Contra Costa County,673998.6782972841,-5.05,2382.5,NA,28590,0.353,23.6,4.24,2.76,Lean Rent,NA,NA,NA,NA,NA,NA,NA,NA,2026-06-30,2026-06-30
Gilbert,AZ,"Phoenix-Mesa-Chandler, AZ",Maricopa County,572452.8920760719,-0.85,2019.334266834328,-0.75,24232.011202011934,0.353,23.6,4.23,2.75,Lean Rent,288790,7.19,4673096,5.12,9.38,8.29,5.4,34.99,2026-06-30,2026-06-30
Westminster,MD,"Baltimore-Columbia-Towson, MD",Carroll County,471982.33108488674,1.33,1665.3666666666668,1.66,19984.4,0.353,23.6,4.23,2.75,Lean Rent,20662,2.64,177108,2.43,2.28,4.05,4.89,16.15,2026-06-30,2026-06-30
Keizer,OR,"Salem, OR",Marion County,454074.5615938014,-0.12,1603.8055555555557,2.69,19245.666666666668,0.353,23.6,4.24,2.75,Lean Rent,39152,-0.44,352867,1.89,7.06,3.97,4.07,37.76,2026-06-30,2026-06-30
Watertown,WI,"Beaver Dam, WI",Dodge County,331081.4073365342,6.14,1165.5555555555557,NA,13986.666666666668,0.352,23.7,4.22,2.75,Lean Rent,22617,-1.38,88635,-0.79,5.08,6.7,2.74,28.74,2026-06-30,2026-06-30
La Grange,IL,"Chicago-Naperville-Elgin, IL-IN-WI",Cook County,677849.4053925186,12.06,2385.7000000000003,6.74,28628.4,0.352,23.7,4.22,2.75,Lean Rent,15943,-2.18,5182617,-1.6,5.9,8.18,4.67,42.49,2026-06-30,2026-06-30
Norwalk,IA,"Des Moines-West Des Moines, IA",Warren County,337407.40800537856,1.83,1189.1888888888889,NA,14270.266666666666,0.352,23.6,4.23,2.75,Lean Rent,NA,NA,NA,NA,NA,NA,NA,NA,2026-06-30,2026-06-30
Middletown,MD,"Washington-Arlington-Alexandria, DC-VA-MD-WV",Frederick County,578077.2461124569,0.88,2040.777777777778,NA,24489.333333333336,0.353,23.6,4.24,2.75,Lean Rent,NA,NA,NA,NA,NA,NA,NA,NA,2026-06-30,2026-06-30
Falmouth,ME,"Portland-South Portland, ME",Cumberland County,917979.897367191,2.26,3241.6666666666665,NA,38900,0.353,23.6,4.24,2.75,Lean Rent,NA,NA,313809,3.36,8.17,14.2,3.63,29.63,2026-06-30,2026-06-30
Littleton,MA,"Boston-Cambridge-Newton, MA-NH",Middlesex County,800132.8412010772,0.92,2818.722222222222,NA,33824.666666666664,0.352,23.7,4.23,2.75,Lean Rent,NA,NA,NA,NA,NA,NA,NA,NA,2026-06-30,2026-06-30
Port Townsend,WA,NA,Jefferson County,642357.472184274,0.61,2265.416666666667,NA,27185.000000000004,0.353,23.6,4.23,2.75,Lean Rent,NA,NA,NA,NA,NA,NA,NA,NA,2026-06-30,2026-06-30
Washington Terrace,UT,"Ogden-Clearfield, UT",Weber County,399353.7077872562,0.31,1409.6111111111113,NA,16915.333333333336,0.353,23.6,4.24,2.75,Lean Rent,9091,-1.86,276118,4.99,7.11,6.33,4.96,25.45,2026-06-30,2026-06-30
West Miami,FL,"Miami-Fort Lauderdale-Pompano Beach, FL",Miami-Dade County,667170.7523577198,-3.76,2352.858201058201,-5.45,28234.29841269841,0.353,23.6,4.23,2.75,Lean Rent,7247,0.46,2838461,5.29,19.88,11.11,5.36,47.81,2026-06-30,2026-06-30
Osprey,FL,"North Port-Sarasota-Bradenton, FL",Sarasota County,661749.466203936,-5.28,2333,NA,27996,0.353,23.6,4.23,2.75,Lean Rent,NA,NA,476604,9.25,17.16,21.04,7.8,23.66,2026-06-30,2026-06-30
Surf City,NC,"Wilmington, NC",Pender County,643052.8308293045,1.94,2264.722222222222,-0.32,27176.666666666664,0.352,23.7,4.23,2.75,Lean Rent,4961,27.43,70077,15.59,25.5,22.11,9.76,18.18,2026-06-30,2026-06-30
Santa Clarita,CA,"Los Angeles-Long Beach-Anaheim, CA",Los Angeles County,798111.6184392571,-1.31,2806.4892051576594,1.09,33677.870461891915,0.352,23.7,4.22,2.74,Lean Rent,229159,-1.4,9757179,-2.4,0.03,6.45,4.01,53.92,2026-06-30,2026-06-30
Tacoma,WA,"Seattle-Tacoma-Bellevue, WA",Pierce County,498063.20791304455,-0.4,1749.351274093188,1.93,20992.215289118256,0.351,23.7,4.21,2.74,Lean Rent,228202,3.84,941170,1.9,6.6,5.21,4.02,35.21,2026-06-30,2026-06-30
Santa Rosa,CA,"Santa Rosa-Petaluma, CA",Sonoma County,720728.1943160285,-1.47,2534.490137146555,2.44,30413.881645758658,0.352,23.7,4.22,2.74,Lean Rent,177524,-0.25,485375,-0.64,4.42,7.67,2.55,37.8,2026-06-30,2026-06-30
Corona,CA,"Riverside-San Bernardino-Ontario, CA",Riverside County,762689.3832879952,-0.93,2682.4314925710037,2.83,32189.177910852042,0.352,23.7,4.22,2.74,Lean Rent,161540,2.66,2529933,4.34,7.33,11.37,4.89,31.14,2026-06-30,2026-06-30
Beaverton,OR,"Portland-Vancouver-Hillsboro, OR-WA",Washington County,532256.7736080483,-3.04,1871.394963052036,-0.51,22456.73955662443,0.352,23.7,4.22,2.74,Lean Rent,98302,0.76,611272,1.7,7.45,3.35,3.82,39.13,2026-06-30,2026-06-30
Longmont,CO,"Boulder, CO",Boulder County,557628.2248081825,-2.21,1961.0828281536128,1.4,23532.993937843356,0.352,23.7,4.22,2.74,Lean Rent,99818,0.62,330262,-0.21,4.58,5.31,3.67,37.54,2026-06-30,2026-06-30
Wake Forest,NC,"Raleigh-Cary, NC",Wake County,515728.6095956818,-1.47,1812.862327256813,0.92,21754.347927081755,0.352,23.7,4.22,2.74,Lean Rent,56764,14.16,1232444,9,18.32,7.54,9.49,35.57,2026-06-30,2026-06-30
Princeton,NJ,"Trenton-Princeton, NJ",Mercer County,987048.5302100782,2.52,3461.1833618233613,2.49,41534.200341880336,0.351,23.8,4.21,2.74,Lean Rent,31445,2.66,392138,1.46,11.79,6.07,3.03,38.11,2026-06-30,2026-06-30
Rockville Centre,NY,"New York-Newark-Jersey City, NY-NJ-PA",Nassau County,996328.8111417912,5.64,3501.527777777778,NA,42018.333333333336,0.351,23.7,4.22,2.74,Lean Rent,25718,-0.68,1392438,0.13,2.32,4.56,4.6,18.07,2026-06-30,2026-06-30
Pittsboro,NC,"Durham-Chapel Hill, NC",Chatham County,565217.1181445771,0.35,1984.7916666666667,3.4,23817.5,0.351,23.7,4.21,2.74,Lean Rent,4989,9.14,83874,9.41,23.99,7.88,6.4,19.59,2026-06-30,2026-06-30
Covington,WA,"Seattle-Tacoma-Bellevue, WA",King County,674124.2514662371,-2.32,2367.342857142857,6.01,28408.114285714284,0.351,23.7,4.21,2.74,Lean Rent,21567,3.38,2340211,2.9,15.35,6.12,5.05,43.91,2026-06-30,2026-06-30
Clive,IA,"Des Moines-West Des Moines, IA",Polk County,434027.5514093469,0.57,1523.75,NA,18285,0.351,23.7,4.21,2.74,Lean Rent,NA,NA,NA,NA,NA,NA,NA,NA,2026-06-30,2026-06-30
Wilton,CT,"Bridgeport-Stamford-Norwalk, CT",Fairfield County,1296355.342138929,7.04,4556.733333333333,NA,54680.79999999999,0.352,23.7,4.22,2.74,Lean Rent,NA,NA,NA,NA,NA,NA,NA,NA,2026-06-30,2026-06-30
Bristol,RI,"Providence-Warwick, RI-MA",Bristol County,620083.7208170037,1.04,2180.5555555555557,3.76,26166.666666666668,0.352,23.7,4.22,2.74,Lean Rent,NA,NA,50145,-1.26,-0.08,9.91,5.05,26.74,2026-06-30,2026-06-30
Souderton,PA,"Philadelphia-Camden-Wilmington, PA-NJ-DE-MD",Montgomery County,476650.9391351054,1.92,1675,NA,20100,0.351,23.7,4.22,2.74,Lean Rent,NA,NA,NA,NA,NA,NA,NA,NA,2026-06-30,2026-06-30
Fairview,NJ,"New York-Newark-Jersey City, NY-NJ-PA",Bergen County,663457.011798612,6.3,2332.9166666666665,NA,27995,0.352,23.7,4.22,2.74,Lean Rent,15606,4.16,978641,2.61,10.38,4.13,3.53,34.64,2026-06-30,2026-06-30
Scappoose,OR,"Portland-Vancouver-Hillsboro, OR-WA",Columbia County,491798.1521275535,-1.47,1728.5555555555557,NA,20742.666666666668,0.351,23.7,4.22,2.74,Lean Rent,NA,NA,NA,NA,NA,NA,NA,NA,2026-06-30,2026-06-30
Kittery,ME,"Portland-South Portland, ME",York County,701080.1476256674,3.8,2459.031746031746,-3.13,29508.380952380954,0.351,23.8,4.21,2.74,Lean Rent,NA,NA,220143,3.71,8.2,20.73,4.36,23.86,2026-06-30,2026-06-30
Campton,NH,"Lebanon, NH-VT",Grafton County,426070.63247349294,5.63,1495,NA,17940,0.351,23.7,4.21,2.74,Lean Rent,NA,NA,NA,NA,NA,NA,NA,NA,2026-06-30,2026-06-30
Concord,CA,"San Francisco-Oakland-Berkeley, CA",Contra Costa County,737771.0591809676,-1.91,2583.5488372093027,2.87,31002.586046511635,0.35,23.8,4.2,2.73,Lean Rent,124016,-1.01,1172607,0.55,6.48,3.5,2.91,32.35,2026-06-30,2026-06-30
Mount Vernon,WA,"Mount Vernon-Anacortes, WA",Skagit County,595306.8529212349,1.57,2084.1111111111113,4.06,25009.333333333336,0.35,23.8,4.2,2.73,Lean Rent,35344,0.09,132736,2.18,8.04,8.77,1.09,29.36,2026-06-30,2026-06-30
Vestavia Hills,AL,"Birmingham-Hoover, AL",Jefferson County,576336.512217899,4.14,2016.9944444444443,3.12,24203.93333333333,0.35,23.8,4.2,2.73,Lean Rent,38151,-2.47,664744,-1.48,0.68,13.13,7.2,36.28,2026-06-30,2026-06-30
East Palo Alto,CA,"San Francisco-Oakland-Berkeley, CA",San Mateo County,1030709.1941591244,-1.92,3608.3333333333335,NA,43300,0.35,23.8,4.2,2.73,Lean Rent,NA,NA,NA,NA,NA,NA,NA,NA,2026-06-30,2026-06-30
Imperial Beach,CA,"San Diego-Chula Vista-Carlsbad, CA",San Diego County,858720.9516075678,2.13,3010.9578794480753,2.29,36131.494553376906,0.351,23.8,4.21,2.73,Lean Rent,25568,-2.04,3298799,-0.07,0.09,6.51,4.02,45.49,2026-06-30,2026-06-30
Hayden,ID,"Coeur d'Alene, ID",Kootenai County,650797.8158568327,2.3,2276.8333333333335,5.31,27322,0.35,23.8,4.2,2.73,Lean Rent,16924,8.14,188323,8.99,15.6,11.42,3.93,27.79,2026-06-30,2026-06-30
Scotts Valley,CA,"Santa Cruz-Watsonville, CA",Santa Cruz County,1267347.9139973505,2.33,4436.11111111111,NA,53233.33333333333,0.35,23.8,4.2,2.73,Lean Rent,11828,-3.23,262406,-3.44,-6,9.15,3.39,40.02,2026-06-30,2026-06-30
Ivins,UT,"St. George, UT",Washington County,617886.6309071857,-0.67,2161.1111111111113,NA,25933.333333333336,0.35,23.8,4.2,2.73,Lean Rent,NA,NA,NA,NA,NA,NA,NA,NA,2026-06-30,2026-06-30
Wickenburg,AZ,"Phoenix-Mesa-Chandler, AZ",Maricopa County,514367.2089262858,-1.01,1800,NA,21600,0.35,23.8,4.2,2.73,Lean Rent,NA,NA,NA,NA,NA,NA,NA,NA,2026-06-30,2026-06-30
Denver,CO,"Denver-Aurora-Lakewood, CO",Denver County,538991.7369347923,-3.38,1876.915142925388,-1.36,22522.981715104655,0.348,23.9,4.18,2.72,Lean Rent,729019,1.59,729019,1.59,5.87,6.53,4.98,50.87,2026-06-30,2026-06-30
Greeley,CO,"Greeley, CO",Weld County,423172.5430658648,-1.61,1474.4144540644538,-0.11,17692.973448773446,0.348,23.9,4.18,2.72,Lean Rent,114363,4.64,369745,11.55,19.05,4.01,5.91,24.45,2026-06-30,2026-06-30
Santee,CA,"San Diego-Chula Vista-Carlsbad, CA",San Diego County,799400.4496873313,-2.67,2790.4915824915824,2.2,33485.89898989899,0.349,23.9,4.19,2.72,Lean Rent,59104,-1.26,3298799,-0.07,0.09,6.51,4.02,45.49,2026-06-30,2026-06-30
Syracuse,UT,"Ogden-Clearfield, UT",Davis County,590587.687348773,2.41,2061.7508417508416,NA,24741.0101010101,0.349,23.9,4.19,2.72,Lean Rent,38999,20.4,378470,4.04,4.18,3.29,3.85,22.6,2026-06-30,2026-06-30
Frankfort,IN,"Frankfort, IN",Clinton County,218430.69355777637,4.62,762.5,NA,9150,0.349,23.9,4.19,2.72,Lean Rent,NA,NA,NA,NA,NA,NA,NA,NA,2026-06-30,2026-06-30
Kennett Square,PA,"Philadelphia-Camden-Wilmington, PA-NJ-DE-MD",Chester County,639033.8128489918,2.46,2224.5499999999997,3.95,26694.6,0.348,23.9,4.18,2.72,Lean Rent,6713,13.07,560745,4.84,7.29,3.95,3.98,25.05,2026-06-30,2026-06-30
Arden,NC,"Asheville, NC",Buncombe County,443587.80321342155,-4.16,1547.0125,-2.42,18564.15,0.349,23.9,4.19,2.72,Lean Rent,NA,NA,279210,3.52,10.34,22.33,12.88,35.56,2026-06-30,2026-06-30
Forest Acres,SC,"Columbia, SC",Richland County,342485.0102033121,6.11,1193.0555555555557,-4.82,14316.666666666668,0.348,23.9,4.18,2.72,Lean Rent,10438,-1.72,430651,3.6,10.35,10.74,5.98,39.63,2026-06-30,2026-06-30
College Place,WA,"Walla Walla, WA",Walla Walla County,412025.3295398648,0.22,1434.2592592592591,NA,17211.11111111111,0.348,23.9,4.18,2.72,Lean Rent,9846,-1.23,62068,-0.9,8.18,7.25,6.15,34.06,2026-06-30,2026-06-30
Montverde,FL,"Orlando-Kissimmee-Sanford, FL",Lake County,688217.9058548041,-0.67,2400,NA,28800,0.349,23.9,4.18,2.72,Lean Rent,NA,NA,NA,NA,NA,NA,NA,NA,2026-06-30,2026-06-30
Idaho Falls,ID,"Idaho Falls, ID",Bonneville County,398674.4811517079,0.68,1382.6370915032678,0.91,16591.645098039215,0.347,24,4.16,2.71,Lean Rent,69523,5.45,133644,7.14,10.04,6.56,4.3,28.39,2026-06-30,2026-06-30
Waukesha,WI,"Milwaukee-Waukesha, WI",Waukesha County,428780.5744589982,6.11,1490.48063973064,4.18,17885.76767676768,0.348,24,4.17,2.71,Lean Rent,71461,0.45,417029,2.33,7.17,3.9,4.02,23.57,2026-06-30,2026-06-30
Mililani,HI,"Urban Honolulu, HI",Honolulu County,886626.3876587265,0.64,3078.3613445378155,4.45,36940.336134453784,0.347,24,4.17,2.71,Lean Rent,NA,NA,998747,-1.35,1.96,9.47,5.27,40.46,2026-06-30,2026-06-30
Wenatchee,WA,"Wenatchee, WA",Chelan County,498235.40000152186,0.44,1729.0712074303403,2.38,20748.854489164085,0.347,24,4.16,2.71,Lean Rent,35401,-0.57,81228,2.42,11.45,19.16,4.16,36.67,2026-06-30,2026-06-30
Collingswood,NJ,"Philadelphia-Camden-Wilmington, PA-NJ-DE-MD",Camden County,460413.1928084209,5.09,1600.888888888889,8.62,19210.666666666668,0.348,24,4.17,2.71,Lean Rent,14344,1.29,533988,2.07,5.74,5.92,4.3,34.97,2026-06-30,2026-06-30
Jericho,NY,"New York-Newark-Jersey City, NY-NJ-PA",Nassau County,1294482.972257113,5.58,4502.777777777777,NA,54033.33333333333,0.348,24,4.17,2.71,Lean Rent,NA,NA,NA,NA,NA,NA,NA,NA,2026-06-30,2026-06-30
Ridgefield Park,NJ,"New York-Newark-Jersey City, NY-NJ-PA",Bergen County,606008.0295701576,0.56,2108.75,NA,25305,0.348,23.9,4.18,2.71,Lean Rent,NA,NA,NA,NA,NA,NA,NA,NA,2026-06-30,2026-06-30
Grover Beach,CA,"San Luis Obispo-Paso Robles, CA",San Luis Obispo County,778331.6571946247,0.83,2701.2896825396824,NA,32415.47619047619,0.347,24,4.16,2.71,Lean Rent,12534,-1.06,281843,-0.03,0.58,12.79,4.74,38.1,2026-06-30,2026-06-30
Pagosa Springs,CO,NA,Archuleta County,572528.2980178477,-1.66,1992.2222222222224,NA,23906.666666666668,0.348,23.9,4.18,2.71,Lean Rent,NA,NA,NA,NA,NA,NA,NA,NA,2026-06-30,2026-06-30
Heath,TX,"Dallas-Fort Worth-Arlington, TX",Rockwall County,717147.892972101,-1.01,2495,NA,29940,0.348,24,4.17,2.71,Lean Rent,NA,NA,NA,NA,NA,NA,NA,NA,2026-06-30,2026-06-30
Pigeon Forge,TN,"Sevierville, TN",Sevier County,424506.1261446144,-3.35,1475,NA,17700,0.347,24,4.17,2.71,Lean Rent,NA,NA,NA,NA,NA,NA,NA,NA,2026-06-30,2026-06-30
Honolulu,HI,"Urban Honolulu, HI",Honolulu County,767859.5611143418,0.88,2659.9278421576323,5.87,31919.134105891586,0.346,24.1,4.16,2.7,Lean Rent,NA,NA,998747,-1.35,1.96,9.47,5.27,40.46,2026-06-30,2026-06-30
Pomona,CA,"Los Angeles-Long Beach-Anaheim, CA",Los Angeles County,687947.7403439654,-0.02,2385.093542260209,0.65,28621.122507122505,0.347,24,4.16,2.7,Lean Rent,147966,-2.05,9757179,-2.4,0.03,6.45,4.01,53.92,2026-06-30,2026-06-30
Folsom,CA,"Sacramento-Roseville-Folsom, CA",Sacramento County,767453.7740536127,-1.71,2655.272130286314,3.07,31863.265563435772,0.346,24.1,4.15,2.7,Lean Rent,88091,8.94,1611231,1.54,7.33,4.28,3.63,41.37,2026-06-30,2026-06-30
Queen Creek,AZ,"Phoenix-Mesa-Chandler, AZ",Pinal County,630827.9687835127,-0.3,2180.595698924731,0.83,26167.14838709677,0.346,24.1,4.15,2.7,Lean Rent,83781,37.63,513862,19.44,51.32,12.6,6.32,19.48,2026-06-30,2026-06-30
Framingham,MA,"Boston-Cambridge-Newton, MA-NH",Middlesex County,682123.5120911783,-0.01,2359.6405329311215,-3.12,28315.686395173456,0.346,24.1,4.15,2.7,Lean Rent,73361,1.71,1668956,2.54,11.63,4.52,2.96,38.37,2026-06-30,2026-06-30
Eden Prairie,MN,"Minneapolis-St. Paul-Bloomington, MN-WI",Hennepin County,512268.7523979611,2.91,1772.492285962625,3.03,21269.9074315515,0.346,24.1,4.15,2.7,Lean Rent,62905,-1.99,1273334,-0.65,4.24,5.29,5.38,37.05,2026-06-30,2026-06-30
Lenexa,KS,"Kansas City, MO-KS",Johnson County,487609.8468678965,4.36,1684.9288370437307,2.75,20219.14604452477,0.346,24.1,4.15,2.7,Lean Rent,59427,3.3,632276,3.45,6.72,4.13,5,31.44,2026-06-30,2026-06-30
Norwood,MA,"Boston-Cambridge-Newton, MA-NH",Norfolk County,750935.9984529028,0.8,2600.739184918819,-0.48,31208.870219025826,0.346,24.1,4.16,2.7,Lean Rent,NA,NA,740754,2.35,9.81,4.09,3.95,31.48,2026-06-30,2026-06-30
Fitchburg,WI,"Madison, WI",Dane County,509170.5905851544,0.15,1759.8061403508773,1.55,21117.673684210527,0.346,24.1,4.15,2.7,Lean Rent,34357,9.77,588347,4.57,11.72,3.59,2.98,42.34,2026-06-30,2026-06-30
South Salt Lake,UT,"Salt Lake City, UT",Salt Lake County,444318.8387643182,0.06,1540.61221001221,0.78,18487.34652014652,0.347,24,4.16,2.7,Lean Rent,26561,-0.55,1216274,2.46,7.39,5.36,5.82,33,2026-06-30,2026-06-30
Harleysville,PA,"Philadelphia-Camden-Wilmington, PA-NJ-DE-MD",Montgomery County,553293.4294082137,2.73,1914.4444444444443,NA,22973.333333333332,0.346,24.1,4.15,2.7,Lean Rent,NA,NA,NA,NA,NA,NA,NA,NA,2026-06-30,2026-06-30
Worthington,OH,"Columbus, OH",Franklin County,501313.0291118413,4.36,1736.3888888888887,NA,20836.666666666664,0.346,24.1,4.16,2.7,Lean Rent,14649,-0.92,1356303,2.4,7.58,6.96,3.98,47.03,2026-06-30,2026-06-30
La Grange Park,IL,"Chicago-Naperville-Elgin, IL-IN-WI",Cook County,506270.4257274677,9.9,1750.6222222222225,NA,21007.46666666667,0.346,24.1,4.15,2.7,Lean Rent,NA,NA,NA,NA,NA,NA,NA,NA,2026-06-30,2026-06-30
Grand Terrace,CA,"Riverside-San Bernardino-Ontario, CA",San Bernardino County,593257.9434389583,-0.62,2050.7380952380954,-1.09,24608.857142857145,0.346,24.1,4.15,2.7,Lean Rent,12979,-1.34,2214281,1.41,1.68,9.55,3.22,38.46,2026-06-30,2026-06-30
Raymond,NH,"Boston-Cambridge-Newton, MA-NH",Rockingham County,499121.1768295571,1.01,1725,NA,20700,0.346,24.1,4.15,2.7,Lean Rent,NA,NA,NA,NA,NA,NA,NA,NA,2026-06-30,2026-06-30
Brooklyn,MI,"Jackson, MI",Jackson County,302716.3538536473,3.11,1047.5,NA,12570,0.346,24.1,4.15,2.7,Lean Rent,NA,NA,NA,NA,NA,NA,NA,NA,2026-06-30,2026-06-30
Allendale,NJ,"New York-Newark-Jersey City, NY-NJ-PA",Bergen County,1125741.7565213274,6.69,3903.75,NA,46845,0.347,24,4.16,2.7,Lean Rent,NA,NA,NA,NA,NA,NA,NA,NA,2026-06-30,2026-06-30
Tahoe City,CA,"Sacramento-Roseville-Folsom, CA",Placer County,1298252.3833804058,5.88,4500,NA,54000,0.347,24,4.16,2.7,Lean Rent,NA,NA,NA,NA,NA,NA,NA,NA,2026-06-30,2026-06-30
Gresham,OR,"Portland-Vancouver-Hillsboro, OR-WA",Multnomah County,473726.3594330318,-0.68,1631.5556010928965,-0.29,19578.667213114757,0.344,24.2,4.13,2.69,Lean Rent,111507,-2.61,795897,-2.5,1.19,5.52,4.7,45.9,2026-06-30,2026-06-30
Cambridge,MA,"Boston-Cambridge-Newton, MA-NH",Middlesex County,1044285.814503486,-1.46,3597.544472212811,3.13,43170.53366655373,0.344,24.2,4.13,2.69,Lean Rent,121186,2.52,1668956,2.54,11.63,4.52,2.96,38.37,2026-06-30,2026-06-30
Grapevine,TX,"Dallas-Fort Worth-Arlington, TX",Tarrant County,561208.6162372573,0.77,1936.9329354930376,0.55,23243.19522591645,0.345,24.1,4.14,2.69,Lean Rent,51320,1.09,2230708,5.41,8.74,7.08,7.73,40.64,2026-06-30,2026-06-30
Matthews,NC,"Charlotte-Concord-Gastonia, NC-SC",Mecklenburg County,508497.9908260328,0.69,1756.0818894009217,-0.76,21072.98267281106,0.345,24.1,4.14,2.69,Lean Rent,32048,8.56,1206285,8.06,18.3,7.37,7.33,44.5,2026-06-30,2026-06-30
Duarte,CA,"Los Angeles-Long Beach-Anaheim, CA",Los Angeles County,799742.5668488638,1.35,2757.5916666666667,-2.74,33091.1,0.345,24.2,4.14,2.69,Lean Rent,23493,8.42,9757179,-2.4,0.03,6.45,4.01,53.92,2026-06-30,2026-06-30
East Greenwich,RI,"Providence-Warwick, RI-MA",Kent County,829588.7234510457,3.38,2858.3333333333335,14.48,34300,0.345,24.2,4.13,2.69,Lean Rent,NA,NA,172450,1.19,6.54,4.69,3.57,27.85,2026-06-30,2026-06-30
Tarrytown,NY,"New York-Newark-Jersey City, NY-NJ-PA",Westchester County,881817.0335727349,11.07,3043.7000000000003,NA,36524.4,0.345,24.1,4.14,2.69,Lean Rent,NA,NA,NA,NA,NA,NA,NA,NA,2026-06-30,2026-06-30
Fife,WA,"Seattle-Tacoma-Bellevue, WA",Pierce County,559331.1162337699,-0.54,1926.6507936507935,1.45,23119.809523809523,0.344,24.2,4.13,2.69,Lean Rent,11077,0.12,941170,1.9,6.6,5.21,4.02,35.21,2026-06-30,2026-06-30
Williston,VT,"Burlington-South Burlington, VT",Chittenden County,584528.697440856,2.51,2012.5,NA,24150,0.344,24.2,4.13,2.69,Lean Rent,NA,NA,NA,NA,NA,NA,NA,NA,2026-06-30,2026-06-30
Kingsland,TX,NA,Llano County,456381.8944805728,-3.86,1575,NA,18900,0.345,24.1,4.14,2.69,Lean Rent,NA,NA,NA,NA,NA,NA,NA,NA,2026-06-30,2026-06-30
Philomath,OR,"Corvallis, OR",Benton County,530222.9280808818,-0.36,1830.5555555555552,NA,21966.666666666664,0.345,24.1,4.14,2.69,Lean Rent,5795,8.48,98899,5.64,3.22,5.62,4.76,43.97,2026-06-30,2026-06-30
Jacksonville,OR,"Medford, OR",Jackson County,612357.271531193,2.53,2115,NA,25380,0.345,24.1,4.14,2.69,Lean Rent,NA,NA,NA,NA,NA,NA,NA,NA,2026-06-30,2026-06-30
Centennial,CO,"Denver-Aurora-Lakewood, CO",Arapahoe County,649089.59828058735,-2.35,2228.1221796509153,-0.39,26737.466155810984,0.343,24.3,4.12,2.68,Lean Rent,108853,0.6,666918,1.77,3.13,4.55,5.64,34.88,2026-06-30,2026-06-30
Helena,MT,"Helena, MT",Lewis and Clark County,483690.23984587775,2.88,1663.3055555555557,1.99,19959.666666666668,0.344,24.2,4.13,2.68,Lean Rent,34729,7.67,75129,5.55,4.15,9.4,4.39,30.31,2026-06-30,2026-06-30
Paso Robles,CA,"San Luis Obispo-Paso Robles, CA",San Luis Obispo County,782267.5360402666,1.38,2683.7407407407404,-0.59,32204.888888888883,0.343,24.3,4.12,2.68,Lean Rent,NA,NA,281843,-0.03,0.58,12.79,4.74,38.1,2026-06-30,2026-06-30
Dartmouth,MA,"Providence-Warwick, RI-MA",Bristol County,624895.2417261964,5.44,2150,NA,25800,0.344,24.2,4.13,2.68,Lean Rent,NA,NA,NA,NA,NA,NA,NA,NA,2026-06-30,2026-06-30
North Andover,MA,"Boston-Cambridge-Newton, MA-NH",Essex County,826809.0204737037,1.37,2845.5416666666665,2.47,34146.5,0.344,24.2,4.13,2.68,Lean Rent,NA,NA,823938,2,7.8,5.11,2.53,36.04,2026-06-30,2026-06-30
Tukwila,WA,"Seattle-Tacoma-Bellevue, WA",King County,578091.6915222112,-0.91,1983.1830808080808,2.52,23798.196969696968,0.343,24.3,4.12,2.68,Lean Rent,21636,-0.51,2340211,2.9,15.35,6.12,5.05,43.91,2026-06-30,2026-06-30
Howard,WI,"Green Bay, WI",Brown County,401843.1360759258,4.73,1380,NA,16560,0.343,24.3,4.12,2.68,Lean Rent,NA,NA,NA,NA,NA,NA,NA,NA,2026-06-30,2026-06-30
Eatontown,NJ,"New York-Newark-Jersey City, NY-NJ-PA",Monmouth County,645981.7146020826,6.33,2216.6666666666665,NA,26600,0.343,24.3,4.12,2.68,Lean Rent,13582,0.03,647520,0.74,2.8,7.24,3.49,24.63,2026-06-30,2026-06-30
Rochester,MI,"Detroit-Warren-Dearborn, MI",Oakland County,502261.62874906184,3.92,1726.3444444444442,7.89,20716.13333333333,0.344,24.2,4.12,2.68,Lean Rent,12978,-0.15,1296888,1.91,10.58,5.25,6.51,27.73,2026-06-30,2026-06-30
Vineyard,UT,"Provo-Orem, UT",Utah County,528879.7655665979,1.59,1817.625,0.78,21811.5,0.344,24.2,4.12,2.68,Lean Rent,16077,24.54,747234,12.6,17.51,3.79,2.69,31.87,2026-06-30,2026-06-30
Solvang,CA,"Santa Maria-Santa Barbara, CA",Santa Barbara County,1427263.2217763194,7.12,4900,NA,58800,0.343,24.3,4.12,2.68,Lean Rent,NA,NA,NA,NA,NA,NA,NA,NA,2026-06-30,2026-06-30
Harrisburg,SD,"Sioux Falls, SD",Lincoln County,368022.9517159252,0.47,1264.5472222222222,NA,15174.566666666666,0.344,24.3,4.12,2.68,Lean Rent,10203,49.01,75244,14.62,25.42,3.29,3.76,28.02,2026-06-30,2026-06-30
Lakewood,NJ,"New York-Newark-Jersey City, NY-NJ-PA",Ocean County,591176.540397179,7.79,2021,NA,24252,0.342,24.4,4.1,2.67,Lean Rent,NA,NA,666434,4.37,4.36,18.18,2.79,19.83,2026-06-30,2026-06-30
East Los Angeles,CA,"Los Angeles-Long Beach-Anaheim, CA",Los Angeles County,677747.7875693147,0.33,2318.8928571428573,5.04,27826.71428571429,0.342,24.4,4.11,2.67,Lean Rent,NA,NA,9757179,-2.4,0.03,6.45,4.01,53.92,2026-06-30,2026-06-30
Fallbrook,CA,"San Diego-Chula Vista-Carlsbad, CA",San Diego County,889368.8666369622,0.25,3044.821428571429,1.64,36537.857142857145,0.342,24.3,4.11,2.67,Lean Rent,NA,NA,3298799,-0.07,0.09,6.51,4.02,45.49,2026-06-30,2026-06-30
Windermere,FL,"Orlando-Kissimmee-Sanford, FL",Orange County,714453.1801441523,-1.72,2445.873362248125,-0.03,29350.4803469775,0.342,24.3,4.11,2.67,Lean Rent,3223,6.33,1533646,7.12,16.48,11.72,10.93,42.64,2026-06-30,2026-06-30
El Dorado Hills,CA,"Sacramento-Roseville-Folsom, CA",El Dorado County,921605.7727145064,-0.12,3155.694444444444,3.29,37868.33333333333,0.342,24.3,4.11,2.67,Lean Rent,NA,NA,192823,0.82,3.5,19.67,6.98,23.61,2026-06-30,2026-06-30
Pullman,WA,"Pullman, WA",Whitman County,435750.0800204239,-3.19,1492.8995726495723,7.29,17914.794871794868,0.343,24.3,4.11,2.67,Lean Rent,33543,2.09,48399,1.21,8.95,15.45,15.47,53.4,2026-06-30,2026-06-30
Lemon Grove,CA,"San Diego-Chula Vista-Carlsbad, CA",San Diego County,765135.0877200401,-0.9,2618.4694444444444,0.23,31421.63333333333,0.342,24.4,4.11,2.67,Lean Rent,27867,0.41,3298799,-0.07,0.09,6.51,4.02,45.49,2026-06-30,2026-06-30
Westport,CT,"Bridgeport-Stamford-Norwalk, CT",Fairfield County,2111210.9756231783,11.14,7220.833333333333,7.43,86650,0.342,24.4,4.1,2.67,Lean Rent,NA,NA,NA,NA,NA,NA,NA,NA,2026-06-30,2026-06-30
Johnston,IA,"Des Moines-West Des Moines, IA",Polk County,403139.1813802541,0.55,1382.2115384615383,4.16,16586.53846153846,0.343,24.3,4.11,2.67,Lean Rent,25022,4.29,516185,4.69,12.01,5.87,5,32.93,2026-06-30,2026-06-30
Cheney,WA,"Spokane-Spokane Valley, WA",Spokane County,423644.7207453236,-0.47,1450.611111111111,2,17407.333333333332,0.342,24.3,4.11,2.67,Lean Rent,12700,-5.08,555947,2.73,4.76,5.38,3.55,36.11,2026-06-30,2026-06-30
Makawao,HI,"Kahului-Wailuku-Lahaina, HI",Maui County,1111810.478290541,-2.02,3808.333333333333,NA,45700,0.343,24.3,4.11,2.67,Lean Rent,NA,NA,NA,NA,NA,NA,NA,NA,2026-06-30,2026-06-30
Lander,WY,"Riverton, WY",Fremont County,386818.4757090478,2.13,1325,NA,15900,0.343,24.3,4.11,2.67,Lean Rent,NA,NA,NA,NA,NA,NA,NA,NA,2026-06-30,2026-06-30
Plainville,MA,"Boston-Cambridge-Newton, MA-NH",Norfolk County,612580.5523812316,1.39,2094,NA,25128,0.342,24.4,4.1,2.67,Lean Rent,NA,NA,740754,2.35,9.81,4.09,3.95,31.48,2026-06-30,2026-06-30
Hastings on Hudson,NY,"New York-Newark-Jersey City, NY-NJ-PA",Westchester County,1143898.8781757837,11.92,3911.25,NA,46935,0.342,24.4,4.1,2.67,Lean Rent,NA,NA,NA,NA,NA,NA,NA,NA,2026-06-30,2026-06-30
Oyster Bay,NY,"New York-Newark-Jersey City, NY-NJ-PA",Nassau County,1054622.4360029525,7.05,3604.944444444445,NA,43259.333333333336,0.342,24.4,4.1,2.67,Lean Rent,NA,NA,1392438,0.13,2.32,4.56,4.6,18.07,2026-06-30,2026-06-30
Cottleville,MO,"St. Louis, MO-IL",Saint Charles County,505442.9853085894,2.28,1732.5,NA,20790,0.343,24.3,4.11,2.67,Lean Rent,NA,NA,NA,NA,NA,NA,NA,NA,2026-06-30,2026-06-30
Alexandria,VA,"Washington-Arlington-Alexandria, DC-VA-MD-WV",Fairfax County,679076.862220896,0,2318.3320039135706,-1.21,27819.984046962847,0.341,24.4,4.1,2.66,Lean Rent,159102,-0.03,1160925,1.07,6.94,3.66,4.16,31.65,2026-06-30,2026-06-30
Fort Collins,CO,"Fort Collins, CO",Larimer County,569102.0217759586,-0.96,1937.99481074665,1.27,23255.9377289598,0.341,24.5,4.09,2.66,Lean Rent,170924,0.55,374574,4.07,7.03,6.37,3.02,35.68,2026-06-30,2026-06-30
Inglewood,CA,"Los Angeles-Long Beach-Anaheim, CA",Los Angeles County,764548.2571293967,2.41,2605.050700280112,0.49,31260.608403361344,0.341,24.5,4.09,2.66,Lean Rent,102774,-4.31,9757179,-2.4,0.03,6.45,4.01,53.92,2026-06-30,2026-06-30
Arvada,CO,"Denver-Aurora-Lakewood, CO",Jefferson County,614627.3299429711,-2.48,2094.457264957265,0.03,25133.48717948718,0.341,24.5,4.09,2.66,Lean Rent,121873,-2,578533,-0.79,0.75,4.44,4.86,29.39,2026-06-30,2026-06-30
Ellicott City,MD,"Baltimore-Columbia-Towson, MD",Howard County,748152.0864938432,-0.25,2551.51861973775,3.36,30618.223436853004,0.341,24.4,4.09,2.66,Lean Rent,NA,NA,339668,2.06,3.73,3.55,5.06,28.29,2026-06-30,2026-06-30
Heber City,UT,"Heber, UT",Wasatch County,814384.3882984985,-0.21,2781.5750000000003,5.25,33378.9,0.342,24.4,4.1,2.66,Lean Rent,NA,NA,37858,7.97,9.14,22.41,5.5,21.09,2026-06-30,2026-06-30
Auburn,IN,"Auburn, IN",De Kalb County,284912.81761346804,5.19,971.875,NA,11662.5,0.341,24.4,4.09,2.66,Lean Rent,NA,NA,NA,NA,NA,NA,NA,NA,2026-06-30,2026-06-30
Surfside,FL,"Miami-Fort Lauderdale-Pompano Beach, FL",Miami-Dade County,1339801.3408946036,5.27,4568.333333333333,9.89,54820,0.341,24.4,4.09,2.66,Lean Rent,5719,1.19,2838461,5.29,19.88,11.11,5.36,47.81,2026-06-30,2026-06-30
Plano,TX,"Dallas-Fort Worth-Arlington, TX",Collin County,504391.1899095706,-5.1,1712.9732470257347,-1.03,20555.678964308816,0.34,24.5,4.08,2.65,Lean Rent,293286,2.4,1254658,16.64,31.61,5.16,6.55,35.92,2026-06-30,2026-06-30
Fort Mill,SC,"Charlotte-Concord-Gastonia, NC-SC",York County,530830.3704103284,-1.68,1803.064034309376,0.22,21636.76841171251,0.34,24.5,4.08,2.65,Lean Rent,36244,43.8,303001,6.74,13.44,5.45,4.52,26.57,2026-06-30,2026-06-30
San Marcos,CA,"San Diego-Chula Vista-Carlsbad, CA",San Diego County,957605.9088449412,-1.06,3258.0426033637555,1.89,39096.511240365064,0.34,24.5,4.08,2.65,Lean Rent,96620,1.77,3298799,-0.07,0.09,6.51,4.02,45.49,2026-06-30,2026-06-30
Huntersville,NC,"Charlotte-Concord-Gastonia, NC-SC",Mecklenburg County,555686.3627367034,0.55,1891.2440492034684,0.46,22694.92859044162,0.34,24.5,4.08,2.65,Lean Rent,67087,8.89,1206285,8.06,18.3,7.37,7.33,44.5,2026-06-30,2026-06-30
La Mirada,CA,"Los Angeles-Long Beach-Anaheim, CA",Los Angeles County,894511.7540725325,2.04,3036.2999999999997,2.15,36435.6,0.339,24.6,4.07,2.65,Lean Rent,46367,-4.47,9757179,-2.4,0.03,6.45,4.01,53.92,2026-06-30,2026-06-30
Angola,IN,"Angola, IN",Steuben County,312512.3675526551,5.73,1060.2222222222224,NA,12722.666666666668,0.339,24.6,4.07,2.65,Lean Rent,9432,0.7,34862,1.2,0.86,27.76,4.45,19.82,2026-06-30,2026-06-30
Forest Hill,MD,"Baltimore-Columbia-Towson, MD",Harford County,521243.70389408566,1.52,1772.5,NA,21270,0.34,24.5,4.08,2.65,Lean Rent,NA,NA,NA,NA,NA,NA,NA,NA,2026-06-30,2026-06-30
Wimberley,TX,"Austin-Round Rock-Georgetown, TX",Hays County,607572.5478661455,-0.73,2061.8333333333335,NA,24742,0.339,24.6,4.07,2.65,Lean Rent,NA,NA,NA,NA,NA,NA,NA,NA,2026-06-30,2026-06-30
Plover,WI,"Stevens Point, WI",Portage County,357957.45775948674,7.64,1216.0222222222224,NA,14592.266666666668,0.34,24.5,4.08,2.65,Lean Rent,14208,4.77,72040,2.31,8.66,5.91,4.14,30.68,2026-06-30,2026-06-30
Watford City,ND,NA,McKenzie County,388715.27627273096,6.79,1321.888888888889,NA,15862.666666666668,0.34,24.5,4.08,2.65,Lean Rent,6207,-0.69,14782,0.04,25.77,23.16,19.07,44.89,2026-06-30,2026-06-30
Oceanside,CA,"San Diego-Chula Vista-Carlsbad, CA",San Diego County,877394.6657699053,0.05,2974.2801080945196,2.75,35691.36129713424,0.339,24.6,4.07,2.64,Lean Rent,170941,-1.8,3298799,-0.07,0.09,6.51,4.02,45.49,2026-06-30,2026-06-30
Parker,CO,"Denver-Aurora-Lakewood, CO",Douglas County,687772.5833162904,-2.48,2331.5029193111845,-2.46,27978.035031734216,0.339,24.6,4.07,2.64,Lean Rent,65473,11.25,393995,9.34,17.82,3.14,4.54,22.23,2026-06-30,2026-06-30
Hacienda Heights,CA,"Los Angeles-Long Beach-Anaheim, CA",Los Angeles County,960936.2604951524,1.93,3254.1666666666665,4.78,39050,0.339,24.6,4.06,2.64,Lean Rent,NA,NA,9757179,-2.4,0.03,6.45,4.01,53.92,2026-06-30,2026-06-30
Oro Valley,AZ,"Tucson, AZ",Pima County,506660.19068598165,-1.54,1715.6069340016709,1.98,20587.28320802005,0.339,24.6,4.06,2.64,Lean Rent,48855,3.45,1080149,3.34,11.47,9.34,5.65,35.19,2026-06-30,2026-06-30
Shrewsbury,MA,"Worcester, MA-CT",Worcester County,708422.1188327452,0.43,2398.807882749059,0.71,28785.694592988708,0.339,24.6,4.06,2.64,Lean Rent,NA,NA,881248,2.82,8.7,5.7,3.41,34.33,2026-06-30,2026-06-30
Moorpark,CA,"Oxnard-Thousand Oaks-Ventura, CA",Ventura County,944695.9565370752,1.09,3200.3928571428573,-1.52,38404.71428571429,0.339,24.6,4.07,2.64,Lean Rent,35621,-1.73,835427,-0.99,0.32,5.64,3.81,35.84,2026-06-30,2026-06-30
Waxhaw,NC,"Charlotte-Concord-Gastonia, NC-SC",Union County,721700.6356428396,0.09,2438.1079365079368,2.62,29257.29523809524,0.338,24.7,4.05,2.64,Lean Rent,23178,11.54,263386,9.89,19.55,5.19,2.44,18.15,2026-06-30,2026-06-30
Stanton,CA,"Los Angeles-Long Beach-Anaheim, CA",Orange County,798262.5644311045,1.01,2700.929810929811,1.27,32411.157731157735,0.338,24.6,4.06,2.64,Lean Rent,41188,8.15,3170435,-0.5,2.33,5.61,4.39,43.55,2026-06-30,2026-06-30
Ridgewood,NJ,"New York-Newark-Jersey City, NY-NJ-PA",Bergen County,1264893.8664046137,8.58,4279.166666666667,NA,51350,0.338,24.6,4.06,2.64,Lean Rent,26701,3.1,978641,2.61,10.38,4.13,3.53,34.64,2026-06-30,2026-06-30
North Potomac,MD,"Washington-Arlington-Alexandria, DC-VA-MD-WV",Montgomery County,914721.7064322412,-1.56,3094.3888888888887,-1.95,37132.666666666664,0.338,24.6,4.06,2.64,Lean Rent,NA,NA,1082273,2.02,7.76,4.26,3.68,34.66,2026-06-30,2026-06-30
Menomonie,WI,"Menomonie, WI",Dunn County,310702.53541724704,2.84,1052.1675084175083,4.38,12626.010101010099,0.339,24.6,4.06,2.64,Lean Rent,16709,-0.9,46135,1.5,4.92,7.67,4.01,33.48,2026-06-30,2026-06-30
Washougal,WA,"Portland-Vancouver-Hillsboro, OR-WA",Skamania County,649705.1071812141,0.29,2201.6666666666665,-0.3,26420,0.339,24.6,4.07,2.64,Lean Rent,17944,5.24,12660,5.11,2.05,15.83,3.6,19.42,2026-06-30,2026-06-30
Lahaina,HI,"Kahului-Wailuku-Lahaina, HI",Maui County,990108.4258563896,-9.11,3345.5,8.77,40146,0.338,24.7,4.05,2.64,Lean Rent,NA,NA,163688,-0.68,-8.08,23.26,22.16,35.01,2026-06-30,2026-06-30
Signal Mountain,TN,"Chattanooga, TN-GA",Sequatchie County,643896.9998596429,1.6,2183.3333333333335,NA,26200,0.339,24.6,4.07,2.64,Lean Rent,8877,0.26,17620,11.19,26.11,11.94,13.37,25.31,2026-06-30,2026-06-30
Carrboro,NC,"Durham-Chapel Hill, NC",Orange County,437713.6827998045,-3.26,1480.3165458937194,-0.99,17763.798550724634,0.338,24.6,4.06,2.64,Lean Rent,21079,-0.95,152877,6.36,2.62,9.13,5.91,35.76,2026-06-30,2026-06-30
Cave Creek,AZ,"Phoenix-Mesa-Chandler, AZ",Maricopa County,1057746.1145781905,1.09,3583.3333333333335,NA,43000,0.339,24.6,4.07,2.64,Lean Rent,NA,NA,NA,NA,NA,NA,NA,NA,2026-06-30,2026-06-30
New Hill,NC,"Durham-Chapel Hill, NC",Chatham County,698433.4944260768,-1.95,2362.5,NA,28350,0.338,24.6,4.06,2.64,Lean Rent,NA,NA,NA,NA,NA,NA,NA,NA,2026-06-30,2026-06-30
Allen,TX,"Dallas-Fort Worth-Arlington, TX",Collin County,497364.0269153043,-6.37,1677.8959683500443,-1.77,20134.75162020053,0.337,24.7,4.05,2.63,Lean Rent,113746,7.76,1254658,16.64,31.61,5.16,6.55,35.92,2026-06-30,2026-06-30
Urbandale,IA,"Des Moines-West Des Moines, IA",Polk County,355747.6631690113,0.62,1197.361111111111,2.33,14368.333333333332,0.337,24.8,4.04,2.63,Lean Rent,47759,4.79,516185,4.69,12.01,5.87,5,32.93,2026-06-30,2026-06-30
Rolla,MO,"Rolla, MO",Phelps County,245062.80835107353,3.72,827.505114638448,8.15,9930.061375661377,0.338,24.7,4.05,2.63,Lean Rent,20660,3.71,45672,2.48,4.73,12.85,5.27,38.09,2026-06-30,2026-06-30
Voorhees Township,NJ,"Philadelphia-Camden-Wilmington, PA-NJ-DE-MD",Camden County,558049.1292307804,9.04,1882.0761904761905,4.43,22584.914285714287,0.337,24.7,4.05,2.63,Lean Rent,NA,NA,533988,2.07,5.74,5.92,4.3,34.97,2026-06-30,2026-06-30
Wakefield,MA,"Boston-Cambridge-Newton, MA-NH",Middlesex County,838213.1912632985,2.01,2824.037037037037,1.63,33888.444444444445,0.337,24.7,4.04,2.63,Lean Rent,NA,NA,1668956,2.54,11.63,4.52,2.96,38.37,2026-06-30,2026-06-30
Moorestown Township,NJ,"Philadelphia-Camden-Wilmington, PA-NJ-DE-MD",Burlington County,781636.3859719451,4.81,2632.083333333333,NA,31584.999999999996,0.337,24.7,4.04,2.63,Lean Rent,NA,NA,NA,NA,NA,NA,NA,NA,2026-06-30,2026-06-30
Lomita,CA,"Los Angeles-Long Beach-Anaheim, CA",Los Angeles County,923638.0433674916,1.24,3117.79797979798,1.63,37413.57575757576,0.338,24.7,4.05,2.63,Lean Rent,19841,-4.96,9757179,-2.4,0.03,6.45,4.01,53.92,2026-06-30,2026-06-30
Weston,WI,"Wausau-Weston, WI",Marathon County,309875.1276410112,8.38,1045.4166666666667,NA,12545,0.337,24.7,4.05,2.63,Lean Rent,NA,NA,NA,NA,NA,NA,NA,NA,2026-06-30,2026-06-30
Woods Cross,UT,"Ogden-Clearfield, UT",Davis County,534786.4136668332,1.8,1801.6111111111113,NA,21619.333333333336,0.337,24.7,4.04,2.63,Lean Rent,NA,NA,NA,NA,NA,NA,NA,NA,2026-06-30,2026-06-30
Bala-Cynwyd,PA,"Philadelphia-Camden-Wilmington, PA-NJ-DE-MD",Montgomery County,707148.4329060744,4,2379.868518518518,-2.24,28558.422222222216,0.337,24.8,4.04,2.63,Lean Rent,NA,NA,879190,2.6,7.92,4.35,5.68,28.27,2026-06-30,2026-06-30
Salida,CO,NA,Chaffee County,719284.8408537015,-0.03,2427.777777777778,NA,29133.333333333336,0.338,24.7,4.05,2.63,Lean Rent,6007,5.16,20780,6.63,11.36,18.74,4.89,27.06,2026-06-30,2026-06-30
Thatcher,AZ,"Safford, AZ",Graham County,356415.71525061736,4.83,1200,NA,14400,0.337,24.8,4.04,2.63,Lean Rent,NA,NA,NA,NA,NA,NA,NA,NA,2026-06-30,2026-06-30
Cornwall on Hudson,NY,"Poughkeepsie-Newburgh-Middletown, NY",Orange County,561631.1379622133,5.67,1893.75,NA,22725,0.337,24.7,4.05,2.63,Lean Rent,NA,NA,NA,NA,NA,NA,NA,NA,2026-06-30,2026-06-30
Chico,CA,"Chico, CA",Butte County,469145.2139833848,0.58,1577.2433712970435,2.48,18926.920455564523,0.336,24.8,4.03,2.62,Lean Rent,102911,-0.37,208334,-0.9,6.92,9.69,5.88,41.72,2026-06-30,2026-06-30
Shingle Springs,CA,"Sacramento-Roseville-Folsom, CA",El Dorado County,672126.9847805371,-0.13,2261.5333333333333,6.27,27138.4,0.336,24.8,4.04,2.62,Lean Rent,NA,NA,192823,0.82,3.5,19.67,6.98,23.61,2026-06-30,2026-06-30
Mount Airy,MD,"Washington-Arlington-Alexandria, DC-VA-MD-WV",Frederick County,646881.2916867156,0.9,2175,NA,26100,0.336,24.8,4.03,2.62,Lean Rent,NA,NA,NA,NA,NA,NA,NA,NA,2026-06-30,2026-06-30
Feasterville Trevose,PA,"Philadelphia-Camden-Wilmington, PA-NJ-DE-MD",Bucks County,498478.3770569119,2.56,1676.1666666666667,NA,20114,0.336,24.8,4.04,2.62,Lean Rent,NA,NA,NA,NA,NA,NA,NA,NA,2026-06-30,2026-06-30
Evergreen,CO,"Denver-Aurora-Lakewood, CO",Clear Creek County,901048.9084165676,-2.55,3026.3611111111113,4.2,36316.333333333336,0.336,24.8,4.03,2.62,Lean Rent,NA,NA,9076,-3.03,-3.42,21.78,10.97,17.44,2026-06-30,2026-06-30
Brookings,SD,"Brookings, SD",Brookings County,327507.65405641956,5.25,1100.0703703703705,3.38,13200.844444444447,0.336,24.8,4.03,2.62,Lean Rent,24555,5.07,36359,5.85,8.36,10.22,5.18,41.13,2026-06-30,2026-06-30
Verona,WI,"Madison, WI",Dane County,600928.7423869933,0.6,2020.8425925925924,3.52,24250.11111111111,0.336,24.8,4.04,2.62,Lean Rent,16825,20.34,588347,4.57,11.72,3.59,2.98,42.34,2026-06-30,2026-06-30
Princeton,MN,"Minneapolis-St. Paul-Bloomington, MN-WI",Mille Lacs County,379944.5117765267,2.64,1275,NA,15300,0.336,24.8,4.03,2.62,Lean Rent,NA,NA,NA,NA,NA,NA,NA,NA,2026-06-30,2026-06-30
Sharon,MA,"Boston-Cambridge-Newton, MA-NH",Norfolk County,897632.270750529,0.53,3015.6666666666665,2.84,36188,0.336,24.8,4.03,2.62,Lean Rent,NA,NA,740754,2.35,9.81,4.09,3.95,31.48,2026-06-30,2026-06-30
Destin,FL,"Crestview-Fort Walton Beach-Destin, FL",Okaloosa County,615436.0774142725,0.12,2067.892549019608,1.19,24814.710588235295,0.336,24.8,4.03,2.62,Lean Rent,13991,0.38,220483,3.95,1.51,17.91,14.17,32.25,2026-06-30,2026-06-30
Oxford,PA,"Philadelphia-Camden-Wilmington, PA-NJ-DE-MD",Chester County,477193.7423667265,3.78,1600,NA,19200,0.335,24.9,4.02,2.62,Lean Rent,NA,NA,NA,NA,NA,NA,NA,NA,2026-06-30,2026-06-30
Hatfield,PA,"Philadelphia-Camden-Wilmington, PA-NJ-DE-MD",Montgomery County,492867.3817564273,1.56,1653.7698412698412,4.99,19845.238095238095,0.336,24.8,4.03,2.62,Lean Rent,3514,0.75,879190,2.6,7.92,4.35,5.68,28.27,2026-06-30,2026-06-30
Laurel,MT,"Billings, MT",Yellowstone County,382649.56970577664,1.14,1285.6944444444443,NA,15428.333333333332,0.336,24.8,4.03,2.62,Lean Rent,NA,NA,NA,NA,NA,NA,NA,NA,2026-06-30,2026-06-30
Taneytown,MD,"Baltimore-Columbia-Towson, MD",Carroll County,402053.47313617053,1.88,1350,NA,16200,0.336,24.8,4.03,2.62,Lean Rent,NA,NA,NA,NA,NA,NA,NA,NA,2026-06-30,2026-06-30
Sparks Glencoe,MD,"Baltimore-Columbia-Towson, MD",Baltimore County,535332.2627676273,2.45,1795,NA,21540,0.335,24.9,4.02,2.62,Lean Rent,NA,NA,NA,NA,NA,NA,NA,NA,2026-06-30,2026-06-30
Seaside Heights,NJ,"New York-Newark-Jersey City, NY-NJ-PA",Ocean County,733892.1227617613,8.09,2468.75,NA,29625,0.336,24.8,4.04,2.62,Lean Rent,NA,NA,NA,NA,NA,NA,NA,NA,2026-06-30,2026-06-30
Reno,NV,"Reno, NV",Washoe County,576913.2251117956,0.32,1932.1602492404825,5.97,23185.92299088579,0.335,24.9,4.02,2.61,Lean Rent,281714,6.31,507280,4.01,13.63,8.28,5.88,40.53,2026-06-30,2026-06-30
Fargo,ND,"Fargo, ND-MN",Cass County,324918.4195418353,3.96,1088.126669323279,3.16,13057.520031879347,0.335,24.9,4.02,2.61,Lean Rent,136285,8.17,200945,8.68,8.16,6.66,6.56,48,2026-06-30,2026-06-30
Apex,NC,"Raleigh-Cary, NC",Wake County,603236.8236372941,-2.2,2016.774585838814,0.39,24201.29503006577,0.334,24.9,4.01,2.61,Lean Rent,75977,16.51,1232444,9,18.32,7.54,9.49,35.57,2026-06-30,2026-06-30
Cornelius,NC,"Charlotte-Concord-Gastonia, NC-SC",Mecklenburg County,531730.2043748222,0.96,1777.5395256916995,-1.29,21330.474308300392,0.334,24.9,4.01,2.61,Lean Rent,34366,9.02,1206285,8.06,18.3,7.37,7.33,44.5,2026-06-30,2026-06-30
Oconomowoc,WI,"Milwaukee-Waukesha, WI",Waukesha County,556282.249292404,5.97,1862.4444444444443,2.78,22349.333333333332,0.335,24.9,4.02,2.61,Lean Rent,20002,9.83,417029,2.33,7.17,3.9,4.02,23.57,2026-06-30,2026-06-30
Reading,MA,"Boston-Cambridge-Newton, MA-NH",Middlesex County,946735.4236654516,3.07,3162.3333333333335,5.03,37948,0.334,24.9,4.01,2.61,Lean Rent,NA,NA,1668956,2.54,11.63,4.52,2.96,38.37,2026-06-30,2026-06-30
Bedford,NH,"Manchester-Nashua, NH",Hillsborough County,781990.995944988,1.96,2618.222222222222,NA,31418.666666666664,0.335,24.9,4.02,2.61,Lean Rent,NA,NA,430462,1.78,5.81,5.1,3.09,32.47,2026-06-30,2026-06-30
Morrison,CO,"Denver-Aurora-Lakewood, CO",Jefferson County,723558.7493299049,-2.98,2419.277777777778,NA,29031.333333333336,0.334,24.9,4.01,2.61,Lean Rent,394,-1.01,578533,-0.79,0.75,4.44,4.86,29.39,2026-06-30,2026-06-30
Cedarburg,WI,"Milwaukee-Waukesha, WI",Ozaukee County,575764.6590821659,5.18,1927.3333333333333,NA,23128,0.335,24.9,4.02,2.61,Lean Rent,NA,NA,NA,NA,NA,NA,NA,NA,2026-06-30,2026-06-30
Manorville,NY,"New York-Newark-Jersey City, NY-NJ-PA",Suffolk County,719508.2175884707,6.98,2409.5,NA,28914,0.335,24.9,4.02,2.61,Lean Rent,NA,NA,1535909,0.9,2.22,11.64,3.67,18.09,2026-06-30,2026-06-30
Gladstone,OR,"Portland-Vancouver-Hillsboro, OR-WA",Clackamas County,521867.6500672833,-0.2,1746.5555555555557,4.1,20958.666666666668,0.335,24.9,4.02,2.61,Lean Rent,11898,-1.23,425857,0.79,3.92,5.7,4.07,28.66,2026-06-30,2026-06-30
Lake Elmo,MN,"Minneapolis-St. Paul-Bloomington, MN-WI",Washington County,638137.0069723093,2.22,2135.208333333333,NA,25622.499999999996,0.335,24.9,4.02,2.61,Lean Rent,NA,NA,NA,NA,NA,NA,NA,NA,2026-06-30,2026-06-30
Tremonton,UT,"Ogden-Clearfield, UT",Box Elder County,430024.67188295507,1.3,1440.5555555555557,NA,17286.666666666668,0.335,24.9,4.02,2.61,Lean Rent,12677,27.18,64120,10.65,12.99,5.57,6.14,24.29,2026-06-30,2026-06-30
Montpelier,VT,"Barre, VT",Washington County,433729.2409012741,1.65,1448.75,NA,17385,0.334,24.9,4.01,2.61,Lean Rent,NA,NA,NA,NA,NA,NA,NA,NA,2026-06-30,2026-06-30
Bargersville,IN,"Indianapolis-Carmel-Anderson, IN",Johnson County,459267.07564894063,3.07,1538.7555555555557,NA,18465.06666666667,0.335,24.9,4.02,2.61,Lean Rent,NA,NA,NA,NA,NA,NA,NA,NA,2026-06-30,2026-06-30
Mooresville,NC,"Charlotte-Concord-Gastonia, NC-SC",Iredell County,486446.07563845674,0.11,1620.9990890774695,0.18,19451.989068929634,0.333,25,4,2.6,Rent Favored,52884,4.59,206361,9.94,28.47,9.63,3.66,28.53,2026-06-30,2026-06-30
Manalapan Township,NJ,"New York-Newark-Jersey City, NY-NJ-PA",Monmouth County,809660.9391185576,2.52,2696.5185185185187,1.52,32358.222222222226,0.333,25,4,2.6,Rent Favored,NA,NA,647520,0.74,2.8,7.24,3.49,24.63,2026-06-30,2026-06-30
Mount Olympus,UT,"Salt Lake City, UT",Salt Lake County,1139434.2082989574,5.07,3800,NA,45600,0.333,25,4,2.6,Rent Favored,NA,NA,NA,NA,NA,NA,NA,NA,2026-06-30,2026-06-30
Dillon,CO,"Breckenridge, CO",Summit County,838109.3865219167,-1.55,2793.1111111111113,NA,33517.333333333336,0.333,25,4,2.6,Rent Favored,1013,-4.88,30882,-1.14,-3.89,61.23,39.16,30.78,2026-06-30,2026-06-30
South San Francisco,CA,"San Francisco-Oakland-Berkeley, CA",San Mateo County,1230344.8251805448,1.64,4084.2666666666664,8.84,49011.2,0.332,25.1,3.98,2.59,Rent Favored,64660,-1.89,742893,-2.6,8.67,7.4,7.73,40.91,2026-06-30,2026-06-30
Warrenton,VA,"Washington-Arlington-Alexandria, DC-VA-MD-WV",Fauquier County,692086.1863224348,2.13,2296.1666666666665,NA,27554,0.332,25.1,3.98,2.59,Rent Favored,10224,1.75,75865,3.91,6.25,7.69,2.13,21.87,2026-06-30,2026-06-30
Williston,ND,"Williston, ND",Williams County,378688.7039579358,6.59,1255.7663201663202,-3.01,15069.195841995843,0.332,25.1,3.98,2.59,Rent Favored,28821,-1.7,40763,-1.03,25.64,24.56,26.91,42.76,2026-06-30,2026-06-30
Wheat Ridge,CO,"Denver-Aurora-Lakewood, CO",Jefferson County,606435.3518741204,-2.63,2014.0770186335403,-0.49,24168.924223602484,0.332,25.1,3.99,2.59,Rent Favored,31999,-1.19,578533,-0.79,0.75,4.44,4.86,29.39,2026-06-30,2026-06-30
Seatac,WA,"Seattle-Tacoma-Bellevue, WA",King County,592417.954293494,-0.77,1967.6920634920637,3.2,23612.304761904765,0.332,25.1,3.99,2.59,Rent Favored,NA,NA,2340211,2.9,15.35,6.12,5.05,43.91,2026-06-30,2026-06-30
Arcata,CA,"Eureka-Arcata, CA",Humboldt County,485895.75353799487,-4.19,1615,4.51,19380,0.332,25.1,3.99,2.59,Rent Favored,18748,-0.47,132380,-2.89,-8.38,12.37,2.47,43.73,2026-06-30,2026-06-30
Payson,UT,"Provo-Orem, UT",Utah County,476000.0977325382,1.41,1582.222222222222,2.13,18986.666666666664,0.332,25.1,3.99,2.59,Rent Favored,24666,15.61,747234,12.6,17.51,3.79,2.69,31.87,2026-06-30,2026-06-30
Arlington,VA,"Washington-Arlington-Alexandria, DC-VA-MD-WV",Arlington County,823027.5884530464,-0.44,2722.442874311331,-0.38,32669.314491735968,0.331,25.2,3.97,2.58,Rent Favored,NA,NA,239807,0.41,13.23,7.63,4.68,58.15,2026-06-30,2026-06-30
Salinas,CA,"Salinas, CA",Monterey County,754291.7450859904,0.38,2497.9023752012886,5.03,29974.82850241546,0.331,25.2,3.97,2.58,Rent Favored,160783,-1.6,436251,-0.97,-4.66,8.72,2.33,47.72,2026-06-30,2026-06-30
Herndon,VA,"Washington-Arlington-Alexandria, DC-VA-MD-WV",Fairfax County,745393.8142190907,-0.62,2466.662660619804,-0.4,29599.951927437643,0.331,25.2,3.97,2.58,Rent Favored,25180,2.41,1160925,1.07,6.94,3.66,4.16,31.65,2026-06-30,2026-06-30
Northglenn,CO,"Denver-Aurora-Lakewood, CO",Adams County,463187.7457886096,-3.34,1533.1554252199412,-3.85,18397.865102639294,0.331,25.2,3.97,2.58,Rent Favored,38287,0.65,542973,4.31,8.16,3.55,3.6,31.13,2026-06-30,2026-06-30
Altadena,CA,"Los Angeles-Long Beach-Anaheim, CA",Los Angeles County,1114913.2390902045,-11.35,3690.8333333333335,NA,44290,0.331,25.2,3.97,2.58,Rent Favored,NA,NA,9757179,-2.4,0.03,6.45,4.01,53.92,2026-06-30,2026-06-30
Lafayette,CO,"Boulder, CO",Boulder County,681332.3201156288,-2.79,2250.1910653469563,0.84,27002.292784163474,0.33,25.2,3.96,2.58,Rent Favored,30587,0.61,330262,-0.21,4.58,5.31,3.67,37.54,2026-06-30,2026-06-30
Gettysburg,PA,"Gettysburg, PA",Adams County,377532.127847805,3.7,1246.6666666666667,NA,14960,0.33,25.2,3.96,2.58,Rent Favored,8647,21.72,107914,3.96,9.05,6.84,3.96,20.94,2026-06-30,2026-06-30
McKinleyville,CA,"Eureka-Arcata, CA",Humboldt County,486572.0459800729,-4.4,1606.9444444444443,1.85,19283.333333333332,0.33,25.2,3.96,2.58,Rent Favored,NA,NA,132380,-2.89,-8.38,12.37,2.47,43.73,2026-06-30,2026-06-30
Narberth,PA,"Philadelphia-Camden-Wilmington, PA-NJ-DE-MD",Montgomery County,886862.902415139,6.88,2930.1666666666665,NA,35162,0.33,25.2,3.96,2.58,Rent Favored,4530,0.85,879190,2.6,7.92,4.35,5.68,28.27,2026-06-30,2026-06-30
Ijamsville,MD,"Washington-Arlington-Alexandria, DC-VA-MD-WV",Frederick County,730501.6582957314,0.78,2417.444444444444,NA,29009.33333333333,0.331,25.2,3.97,2.58,Rent Favored,NA,NA,299317,9.73,14.45,4.39,3.38,22.96,2026-06-30,2026-06-30
Oakmont,PA,"Pittsburgh, PA",Allegheny County,351201.2516268571,0.27,1159.611111111111,NA,13915.333333333332,0.33,25.2,3.96,2.58,Rent Favored,NA,NA,NA,NA,NA,NA,NA,NA,2026-06-30,2026-06-30
Bentonville,AR,"Fayetteville-Springdale-Rogers, AR",Benton County,496895.0891376711,3.26,1639.5312770921012,3.43,19674.375325105215,0.33,25.3,3.96,2.57,Rent Favored,61791,12.72,321566,12.19,23.43,9.14,4.86,32.8,2026-06-30,2026-06-30
Longview,WA,"Longview, WA",Cowlitz County,392614.42795233446,0.19,1295.5238095238094,0.21,15546.285714285714,0.33,25.3,3.96,2.57,Rent Favored,38294,1.12,113982,2.67,8.67,5.39,2.32,33.85,2026-06-30,2026-06-30
Long Branch,NJ,"New York-Newark-Jersey City, NY-NJ-PA",Monmouth County,836272.8226868602,4.95,2753.3795321637426,7.46,33040.55438596491,0.329,25.3,3.95,2.57,Rent Favored,33214,4.87,647520,0.74,2.8,7.24,3.49,24.63,2026-06-30,2026-06-30
Forest Grove,OR,"Portland-Vancouver-Hillsboro, OR-WA",Washington County,528052.0032026371,-1.76,1738.138888888889,-2.84,20857.666666666668,0.329,25.3,3.95,2.57,Rent Favored,27076,3.79,611272,1.7,7.45,3.35,3.82,39.13,2026-06-30,2026-06-30
Pelham,NY,"New York-Newark-Jersey City, NY-NJ-PA",Westchester County,1435653.584116393,12.17,4729.166666666667,NA,56750,0.329,25.3,3.95,2.57,Rent Favored,7579,3.79,1006447,0.5,6.23,5.51,2.35,37.8,2026-06-30,2026-06-30
Eatonville,WA,"Seattle-Tacoma-Bellevue, WA",Pierce County,601770.0159570781,0.18,1983.3333333333333,NA,23800,0.33,25.3,3.95,2.57,Rent Favored,NA,NA,NA,NA,NA,NA,NA,NA,2026-06-30,2026-06-30
Terrell,NC,"Hickory-Lenoir-Morganton, NC",Catawba County,531024.9847696646,-0.33,1747.5,NA,20970,0.329,25.3,3.95,2.57,Rent Favored,NA,NA,NA,NA,NA,NA,NA,NA,2026-06-30,2026-06-30
Santa Fe,NM,"Santa Fe, NM",Santa Fe County,589610.6394649834,0.32,1932.073288575831,1.09,23184.879462909972,0.328,25.4,3.93,2.56,Rent Favored,90551,3.2,157765,1.75,10.83,10.73,4.43,29.38,2026-06-30,2026-06-30
Waipahu,HI,"Urban Honolulu, HI",Honolulu County,876164.7894892379,1.75,2876.3269230769233,4.58,34515.92307692308,0.328,25.4,3.94,2.56,Rent Favored,NA,NA,998747,-1.35,1.96,9.47,5.27,40.46,2026-06-30,2026-06-30
Kalispell,MT,"Kalispell, MT",Flathead County,565330.3807782207,0.44,1852.2240215924428,2.33,22226.688259109313,0.328,25.4,3.93,2.56,Rent Favored,31296,23.86,114527,9.2,7.48,14.49,7.26,25.96,2026-06-30,2026-06-30
La Puente,CA,"Los Angeles-Long Beach-Anaheim, CA",Los Angeles County,725793.7153871538,0.59,2383.0555555555557,NA,28596.666666666668,0.328,25.4,3.94,2.56,Rent Favored,NA,NA,NA,NA,NA,NA,NA,NA,2026-06-30,2026-06-30
Arlington,WA,"Seattle-Tacoma-Bellevue, WA",Snohomish County,665911.7336716132,0.91,2183.236752136752,4.46,26198.84102564102,0.328,25.4,3.93,2.56,Rent Favored,21959,9.55,864113,4.11,11.83,4.9,4.3,31.61,2026-06-30,2026-06-30
Great Neck,NY,"New York-Newark-Jersey City, NY-NJ-PA",Nassau County,1494310.945036772,6.26,4908.194444444444,3.35,58898.33333333333,0.328,25.4,3.94,2.56,Rent Favored,11075,-0.27,1392438,0.13,2.32,4.56,4.6,18.07,2026-06-30,2026-06-30
Des Moines,WA,"Seattle-Tacoma-Bellevue, WA",King County,613136.38826335,-1.27,2013.3666666666668,1.56,24160.4,0.328,25.4,3.94,2.56,Rent Favored,33207,0.97,2340211,2.9,15.35,6.12,5.05,43.91,2026-06-30,2026-06-30
North Wales,PA,"Philadelphia-Camden-Wilmington, PA-NJ-DE-MD",Montgomery County,548445.1781365786,1.36,1800.0833333333333,3.51,21601,0.328,25.4,3.94,2.56,Rent Favored,3450,0.64,879190,2.6,7.92,4.35,5.68,28.27,2026-06-30,2026-06-30
Enumclaw,WA,"Seattle-Tacoma-Bellevue, WA",King County,679533.518561155,-0.33,2226.7944444444443,2.6,26721.533333333333,0.328,25.4,3.93,2.56,Rent Favored,13173,4.38,941170,1.9,6.6,5.21,4.02,35.21,2026-06-30,2026-06-30
Mount Rainier,MD,"Washington-Arlington-Alexandria, DC-VA-MD-WV",Prince Georges County,457382.22893910133,-2.9,1502.3333333333333,NA,18028,0.328,25.4,3.94,2.56,Rent Favored,8269,-0.51,NA,NA,NA,NA,NA,NA,2026-06-30,2026-06-30
West Point,UT,"Ogden-Clearfield, UT",Davis County,560479.7161937592,3.52,1837.711111111111,NA,22052.533333333333,0.328,25.4,3.93,2.56,Rent Favored,NA,NA,NA,NA,NA,NA,NA,NA,2026-06-30,2026-06-30
Seabrook,NH,"Boston-Cambridge-Newton, MA-NH",Rockingham County,669842.2762596946,2.26,2200,NA,26400,0.328,25.4,3.94,2.56,Rent Favored,NA,NA,NA,NA,NA,NA,NA,NA,2026-06-30,2026-06-30
Waialua,HI,"Urban Honolulu, HI",Honolulu County,1039143.2275416306,0.65,3406.944444444445,NA,40883.333333333336,0.328,25.4,3.93,2.56,Rent Favored,NA,NA,998747,-1.35,1.96,9.47,5.27,40.46,2026-06-30,2026-06-30
Littleton,CO,"Denver-Aurora-Lakewood, CO",Jefferson County,631525.6614324012,-2.45,2064.501494476933,-0.95,24774.017933723197,0.327,25.5,3.92,2.55,Rent Favored,44879,-1.58,578533,-0.79,0.75,4.44,4.86,29.39,2026-06-30,2026-06-30
Auburn,CA,"Sacramento-Roseville-Folsom, CA",Placer County,638190.6295082133,0.52,2090.444444444445,5.47,25085.333333333336,0.328,25.4,3.93,2.55,Rent Favored,13780,-0.1,433822,6.87,21.94,11.81,3.91,25.72,2026-06-30,2026-06-30
Fair Oaks,CA,"Sacramento-Roseville-Folsom, CA",Sacramento County,624145.8098882814,-0.73,2038.4778554778557,2.44,24461.734265734267,0.327,25.5,3.92,2.55,Rent Favored,NA,NA,1611231,1.54,7.33,4.28,3.63,41.37,2026-06-30,2026-06-30
Sonoma,CA,"Santa Rosa-Petaluma, CA",Sonoma County,956345.4326962784,-4.13,3127.777777777778,3,37533.333333333336,0.327,25.5,3.92,2.55,Rent Favored,10606,-1.12,485375,-0.64,4.42,7.67,2.55,37.8,2026-06-30,2026-06-30
Monroe,WA,"Seattle-Tacoma-Bellevue, WA",Snohomish County,727152.7642152151,-0.7,2376.8222222222225,5.59,28521.86666666667,0.327,25.5,3.92,2.55,Rent Favored,19927,-0.48,864113,4.11,11.83,4.9,4.3,31.61,2026-06-30,2026-06-30
Silverdale,WA,"Bremerton-Silverdale-Port Orchard, WA",Kitsap County,609770.6840660105,1.6,1990.704656862745,2.75,23888.45588235294,0.326,25.5,3.92,2.55,Rent Favored,NA,NA,281420,2.03,11.34,6.99,3.99,29.85,2026-06-30,2026-06-30
Newport,RI,"Providence-Warwick, RI-MA",Newport County,967099.9374586332,7.77,3162.554511278196,1.55,37950.65413533835,0.327,25.5,3.92,2.55,Rent Favored,24482,-2.52,83468,-2.39,-1.38,16.92,7.6,32.56,2026-06-30,2026-06-30
Silverton,OR,"Salem, OR",Marion County,556772.7256857516,-0.49,1817.0833333333333,NA,21805,0.326,25.5,3.92,2.55,Rent Favored,NA,NA,NA,NA,NA,NA,NA,NA,2026-06-30,2026-06-30
West Chester,PA,"Philadelphia-Camden-Wilmington, PA-NJ-DE-MD",Chester County,676838.0397186,2.76,2201.2562770562768,3.02,26415.075324675323,0.325,25.6,3.9,2.54,Rent Favored,22758,21.94,560745,4.84,7.29,3.95,3.98,25.05,2026-06-30,2026-06-30
Ogden,UT,"Ogden-Clearfield, UT",Weber County,401773.81522683566,0.63,1309.8118469174503,0.06,15717.742163009403,0.326,25.6,3.91,2.54,Rent Favored,88656,1.55,276118,4.99,7.11,6.33,4.96,25.45,2026-06-30,2026-06-30
Fairfield,CT,"Bridgeport-Stamford-Norwalk, CT",Fairfield County,1005556.4884382492,7.32,3278.672402159244,8.7,39344.06882591093,0.326,25.6,3.91,2.54,Rent Favored,NA,NA,NA,NA,NA,NA,NA,NA,2026-06-30,2026-06-30
Post Falls,ID,"Coeur d'Alene, ID",Kootenai County,535206.7164383136,1.93,1745.5941176470587,2.65,20947.129411764705,0.326,25.6,3.91,2.54,Rent Favored,45800,16.53,188323,8.99,15.6,11.42,3.93,27.79,2026-06-30,2026-06-30
Cerritos,CA,"Los Angeles-Long Beach-Anaheim, CA",Los Angeles County,1104451.3848334,2.72,3600.1030303030307,2.06,43201.236363636366,0.326,25.6,3.91,2.54,Rent Favored,46851,-5.15,9757179,-2.4,0.03,6.45,4.01,53.92,2026-06-30,2026-06-30
Kaneohe,HI,"Urban Honolulu, HI",Honolulu County,1094740.8338443127,1.62,3558.1515151515155,5.44,42697.818181818184,0.325,25.6,3.9,2.54,Rent Favored,NA,NA,998747,-1.35,1.96,9.47,5.27,40.46,2026-06-30,2026-06-30
Holly Springs,NC,"Raleigh-Cary, NC",Wake County,583189.0831985116,-1.16,1902.5073015873015,2.15,22830.08761904762,0.326,25.5,3.91,2.54,Rent Favored,48674,17.08,1232444,9,18.32,7.54,9.49,35.57,2026-06-30,2026-06-30
Nutley,NJ,"New York-Newark-Jersey City, NY-NJ-PA",Essex County,670886.5887567278,3.26,2183.2380952380954,NA,26198.857142857145,0.325,25.6,3.91,2.54,Rent Favored,NA,NA,881527,2.5,15.1,5.39,2.7,55.47,2026-06-30,2026-06-30
Centralia,WA,"Centralia, WA",Lewis County,399239.87500845146,1.15,1299.5,6.62,15594,0.325,25.6,3.91,2.54,Rent Favored,19061,3.61,87049,5.43,11.18,10.33,4.27,25.84,2026-06-30,2026-06-30
Gloucester,MA,"Boston-Cambridge-Newton, MA-NH",Essex County,791623.1446030397,1.91,2574.472222222222,7.12,30893.666666666664,0.325,25.6,3.9,2.54,Rent Favored,30491,2.5,823938,2,7.8,5.11,2.53,36.04,2026-06-30,2026-06-30
Key West,FL,"Key West, FL",Monroe County,1028033.9924783468,-2.91,3350.694444444445,1.38,40208.333333333336,0.326,25.6,3.91,2.54,Rent Favored,25240,-4.25,80908,-2.35,-5.34,36.36,20.39,36.61,2026-06-30,2026-06-30
Ridgefield,WA,"Portland-Vancouver-Hillsboro, OR-WA",Clark County,675595.8788153561,-0.86,2195.690476190476,1.14,26348.285714285714,0.325,25.6,3.9,2.54,Rent Favored,15359,41.27,527269,4.33,6.69,3.84,3.08,33.79,2026-06-30,2026-06-30
Astoria,OR,"Astoria, OR",Clatsop County,489627.6416568621,-0.44,1592.7083333333333,-0.51,19112.5,0.325,25.6,3.9,2.54,Rent Favored,9906,-2.79,41043,-0.28,3.02,22.18,2.03,38.33,2026-06-30,2026-06-30
West Haven,UT,"Ogden-Clearfield, UT",Weber County,531445.8360232422,0.82,1727.4819902319905,-0.59,20729.783882783886,0.325,25.6,3.9,2.54,Rent Favored,24617,43.46,276118,4.99,7.11,6.33,4.96,25.45,2026-06-30,2026-06-30
Duxbury,MA,"Boston-Cambridge-Newton, MA-NH",Plymouth County,1147097.8670154314,4.65,3733.75,NA,44805,0.325,25.6,3.91,2.54,Rent Favored,NA,NA,NA,NA,NA,NA,NA,NA,2026-06-30,2026-06-30
Swampscott,MA,"Boston-Cambridge-Newton, MA-NH",Essex County,847308.0534745805,2.21,2764.3333333333335,NA,33172,0.326,25.5,3.91,2.54,Rent Favored,NA,NA,NA,NA,NA,NA,NA,NA,2026-06-30,2026-06-30
Clarksville,MD,"Baltimore-Columbia-Towson, MD",Howard County,1073730.45539344,1.49,3491.666666666667,NA,41900,0.325,25.6,3.9,2.54,Rent Favored,NA,NA,NA,NA,NA,NA,NA,NA,2026-06-30,2026-06-30
Jersey Village,TX,"Houston-The Woodlands-Sugar Land, TX",Harris County,388495.3746065208,-1.01,1264.4920634920634,-4.49,15173.90476190476,0.325,25.6,3.91,2.54,Rent Favored,7791,-1.91,5009302,5.78,13.97,8.3,8.76,45.24,2026-06-30,2026-06-30
Lakewood,WA,"Seattle-Tacoma-Bellevue, WA",Pierce County,526659.4794656894,-0.16,1708.1211661689686,2.68,20497.453994027623,0.324,25.7,3.89,2.53,Rent Favored,62709,-1.43,941170,1.9,6.6,5.21,4.02,35.21,2026-06-30,2026-06-30
Wayne,NJ,"New York-Newark-Jersey City, NY-NJ-PA",Passaic County,757928.7336366498,6.4,2460.8055555555557,1,29529.666666666668,0.325,25.7,3.9,2.53,Rent Favored,NA,NA,526597,0.6,7.33,4.03,2.2,47.17,2026-06-30,2026-06-30
Coppell,TX,"Dallas-Fort Worth-Arlington, TX",Dallas County,627929.3495448156,-1.7,2033.7759916567773,-1.75,24405.311899881326,0.324,25.7,3.89,2.53,Rent Favored,41785,-2.46,2656028,1.73,0.15,7.76,8.95,49.22,2026-06-30,2026-06-30
Aiea,HI,"Urban Honolulu, HI",Honolulu County,838626.851356369,0.67,2718.439393939394,6.39,32621.272727272728,0.324,25.7,3.89,2.53,Rent Favored,NA,NA,998747,-1.35,1.96,9.47,5.27,40.46,2026-06-30,2026-06-30
Port Washington,NY,"New York-Newark-Jersey City, NY-NJ-PA",Nassau County,1299668.606097245,6.64,4208.444444444444,8.76,50501.33333333333,0.324,25.7,3.89,2.53,Rent Favored,NA,NA,1392438,0.13,2.32,4.56,4.6,18.07,2026-06-30,2026-06-30
North Bend,WA,"Seattle-Tacoma-Bellevue, WA",King County,1008556.7429591652,-2.11,3269.444444444445,8.01,39233.333333333336,0.324,25.7,3.89,2.53,Rent Favored,8553,14.01,2340211,2.9,15.35,6.12,5.05,43.91,2026-06-30,2026-06-30
Los Osos,CA,"San Luis Obispo-Paso Robles, CA",San Luis Obispo County,879365.5222727469,2.02,2855.555555555555,NA,34266.666666666664,0.325,25.7,3.9,2.53,Rent Favored,NA,NA,NA,NA,NA,NA,NA,NA,2026-06-30,2026-06-30
Bloomfield Hills,MI,"Detroit-Warren-Dearborn, MI",Oakland County,690653.5010873446,4.9,2234.6666666666665,4.76,26816,0.324,25.8,3.88,2.52,Rent Favored,4444,-0.02,1296888,1.91,10.58,5.25,6.51,27.73,2026-06-30,2026-06-30
Huntingdon Valley,PA,"Philadelphia-Camden-Wilmington, PA-NJ-DE-MD",Montgomery County,651098.7188351268,2,2107.5555555555557,NA,25290.666666666668,0.324,25.7,3.88,2.52,Rent Favored,NA,NA,879190,2.6,7.92,4.35,5.68,28.27,2026-06-30,2026-06-30
Healdsburg,CA,"Santa Rosa-Petaluma, CA",Sonoma County,1115950.7959771089,-1.98,3609.444444444445,5.04,43313.333333333336,0.323,25.8,3.88,2.52,Rent Favored,11231,-1.07,485375,-0.64,4.42,7.67,2.55,37.8,2026-06-30,2026-06-30
Liberty Lake,WA,"Spokane-Spokane Valley, WA",Spokane County,568098.221519623,0.78,1833.5952380952376,1.53,22003.14285714285,0.323,25.8,3.87,2.52,Rent Favored,13353,10.02,555947,2.73,4.76,5.38,3.55,36.11,2026-06-30,2026-06-30
Carle Place,NY,"New York-Newark-Jersey City, NY-NJ-PA",Nassau County,864477.7535451953,3.68,2788,NA,33456,0.323,25.8,3.87,2.52,Rent Favored,NA,NA,NA,NA,NA,NA,NA,NA,2026-06-30,2026-06-30
Simi Valley,CA,"Oxnard-Thousand Oaks-Ventura, CA",Ventura County,842921.1993814533,-1.7,2717.495489078822,-0.27,32609.945868945866,0.322,25.8,3.87,2.51,Rent Favored,125778,-0.45,835427,-0.99,0.32,5.64,3.81,35.84,2026-06-30,2026-06-30
Federal Way,WA,"Seattle-Tacoma-Bellevue, WA",King County,600994.7553950557,-1.04,1935.1824915824916,1.42,23222.1898989899,0.322,25.9,3.86,2.51,Rent Favored,100252,-0.73,2340211,2.9,15.35,6.12,5.05,43.91,2026-06-30,2026-06-30
Broomfield,CO,"Denver-Aurora-Lakewood, CO",Broomfield County,631966.7106631259,-1.3,2034.9524377437745,-0.9,24419.429252925293,0.322,25.9,3.86,2.51,Rent Favored,78323,5.14,78323,5.14,14.71,4.15,3.46,37.41,2026-06-30,2026-06-30
Glendora,CA,"Los Angeles-Long Beach-Anaheim, CA",Los Angeles County,893172.501371897,1.11,2868.613636363636,0.74,34423.36363636363,0.321,25.9,3.85,2.51,Rent Favored,50101,-4.4,9757179,-2.4,0.03,6.45,4.01,53.92,2026-06-30,2026-06-30
Milwaukie,OR,"Portland-Vancouver-Hillsboro, OR-WA",Clackamas County,525002.542836858,0.19,1691.4075098814228,0.57,20296.890118577074,0.322,25.9,3.87,2.51,Rent Favored,21620,2.12,425857,0.79,3.92,5.7,4.07,28.66,2026-06-30,2026-06-30
Santa Paula,CA,"Oxnard-Thousand Oaks-Ventura, CA",Ventura County,721277.7188938864,0.32,2325,NA,27900,0.322,25.9,3.87,2.51,Rent Favored,NA,NA,NA,NA,NA,NA,NA,NA,2026-06-30,2026-06-30
Ferndale,WA,"Bellingham, WA",Whatcom County,623371.6787928357,0.33,2007.079365079365,7.76,24084.95238095238,0.322,25.9,3.86,2.51,Rent Favored,16706,10.3,234954,3.3,9.58,9.34,3.08,36.47,2026-06-30,2026-06-30
Oxford,MI,"Detroit-Warren-Dearborn, MI",Oakland County,416427.0937198983,3.36,1337.888888888889,NA,16054.666666666668,0.321,25.9,3.86,2.51,Rent Favored,NA,NA,NA,NA,NA,NA,NA,NA,2026-06-30,2026-06-30
Grove City,PA,"Youngstown-Warren-Boardman, OH-PA",Mercer County,239763.7488461874,-4.29,771.6666666666666,NA,9260,0.322,25.9,3.86,2.51,Rent Favored,7749,-1.62,108140,-2.18,1.68,9.36,3.66,27.48,2026-06-30,2026-06-30
Stayton,OR,"Salem, OR",Marion County,469456.73055874096,1.09,1512.8333333333333,NA,18154,0.322,25.9,3.87,2.51,Rent Favored,NA,NA,NA,NA,NA,NA,NA,NA,2026-06-30,2026-06-30
McCall,ID,NA,Valley County,794302.037987346,2.15,2556.25,NA,30675,0.322,25.9,3.86,2.51,Rent Favored,NA,NA,NA,NA,NA,NA,NA,NA,2026-06-30,2026-06-30
Tea,SD,"Sioux Falls, SD",Lincoln County,391105.39045872743,0.55,1257.4444444444443,NA,15089.333333333332,0.322,25.9,3.86,2.51,Rent Favored,NA,NA,NA,NA,NA,NA,NA,NA,2026-06-30,2026-06-30
Seaside,OR,"Astoria, OR",Clatsop County,473582.9815342953,-1.71,1523.3333333333333,NA,18280,0.322,25.9,3.86,2.51,Rent Favored,7110,-0.92,41043,-0.28,3.02,22.18,2.03,38.33,2026-06-30,2026-06-30
Falls Church,VA,"Washington-Arlington-Alexandria, DC-VA-MD-WV",Fairfax County,792673.2733772537,-0.43,2536.640281834902,-0.45,30439.683382018826,0.32,26,3.84,2.5,Rent Favored,15034,2.43,1160925,1.07,6.94,3.66,4.16,31.65,2026-06-30,2026-06-30
Ventura,CA,"Oxnard-Thousand Oaks-Ventura, CA",Ventura County,896996.5816782188,0.32,2873.8975021533165,2.14,34486.770025839796,0.32,26,3.84,2.5,Rent Favored,NA,NA,835427,-0.99,0.32,5.64,3.81,35.84,2026-06-30,2026-06-30
Petaluma,CA,"Santa Rosa-Petaluma, CA",Sonoma County,913233.2596512656,-1.37,2927.0907704042716,3.94,35125.08924485126,0.321,26,3.85,2.5,Rent Favored,59393,-0.6,485375,-0.64,4.42,7.67,2.55,37.8,2026-06-30,2026-06-30
Annandale,VA,"Washington-Arlington-Alexandria, DC-VA-MD-WV",Fairfax County,768560.8312438495,-0.01,2461.8088888888888,-1.49,29541.706666666665,0.32,26,3.84,2.5,Rent Favored,NA,NA,1160925,1.07,6.94,3.66,4.16,31.65,2026-06-30,2026-06-30
Oregon City,OR,"Portland-Vancouver-Hillsboro, OR-WA",Clackamas County,608227.8114248229,-0.14,1949.8033769063184,-1.68,23397.64052287582,0.321,26,3.85,2.5,Rent Favored,38327,1.46,425857,0.79,3.92,5.7,4.07,28.66,2026-06-30,2026-06-30
Diamond Bar,CA,"Los Angeles-Long Beach-Anaheim, CA",Los Angeles County,1029681.9963328448,0.88,3301.338827838828,0.95,39616.06593406593,0.321,26,3.85,2.5,Rent Favored,52292,-4.94,9757179,-2.4,0.03,6.45,4.01,53.92,2026-06-30,2026-06-30
Laramie,WY,"Laramie, WY",Albany County,381761.6847700667,0.08,1223.8948955988997,1.9,14686.738747186795,0.321,26,3.85,2.5,Rent Favored,32957,4.85,39288,5.85,13.54,11.35,4.56,50.64,2026-06-30,2026-06-30
Brainerd,MN,"Brainerd, MN",Crow Wing County,321085.18694193737,3.72,1029.6944444444446,NA,12356.333333333336,0.321,26,3.85,2.5,Rent Favored,14400,0.17,68642,3.56,6.88,31.79,1.87,22.63,2026-06-30,2026-06-30
Melrose,MA,"Boston-Cambridge-Newton, MA-NH",Middlesex County,943927.8663309686,3.35,3025.8432539682544,2.1,36310.11904761905,0.321,26,3.85,2.5,Rent Favored,29938,0.67,1668956,2.54,11.63,4.52,2.96,38.37,2026-06-30,2026-06-30
Odessa,FL,"Tampa-St. Petersburg-Clearwater, FL",Hillsborough County,692593.9402815966,-1.34,2220.504329004329,-1.63,26646.05194805195,0.321,26,3.85,2.5,Rent Favored,NA,NA,1581426,7.85,12.2,7.8,6.74,38.94,2026-06-30,2026-06-30
Denver,NC,"Charlotte-Concord-Gastonia, NC-SC",Lincoln County,558659.0834149608,-0.67,1787.684523809524,-2.19,21452.21428571429,0.32,26,3.84,2.5,Rent Favored,NA,NA,97611,11.98,19.15,7.54,3.05,21.53,2026-06-30,2026-06-30
Madison,NJ,"New York-Newark-Jersey City, NY-NJ-PA",Morris County,1045391.528807538,7.04,3354.1666666666665,4.58,40250,0.321,26,3.85,2.5,Rent Favored,16555,-2.05,523053,2.87,8.07,3.41,3.25,26.1,2026-06-30,2026-06-30
Madeira,OH,"Cincinnati, OH-KY-IN",Hamilton County,545789.8417459805,4.41,1750,NA,21000,0.321,26,3.85,2.5,Rent Favored,NA,NA,NA,NA,NA,NA,NA,NA,2026-06-30,2026-06-30
Rancho Mission Viejo,CA,"Los Angeles-Long Beach-Anaheim, CA",Orange County,1201722.0689764367,-0.67,3854.537037037037,3.08,46254.444444444445,0.321,26,3.85,2.5,Rent Favored,NA,NA,3170435,-0.5,2.33,5.61,4.39,43.55,2026-06-30,2026-06-30
Parkville,MO,"Kansas City, MO-KS",Platte County,595773.8725338096,3.31,1909.5555555555557,NA,22914.666666666668,0.321,26,3.85,2.5,Rent Favored,8980,20.25,113207,5.61,6.94,5.93,6.25,32.98,2026-06-30,2026-06-30
Brush,CO,"Fort Morgan, CO",Morgan County,303602.3779204045,-0.62,975,NA,11700,0.321,25.9,3.85,2.5,Rent Favored,NA,NA,NA,NA,NA,NA,NA,NA,2026-06-30,2026-06-30
Aspinwall,PA,"Pittsburgh, PA",Allegheny County,414205.05979547993,0.24,1328.0555555555557,NA,15936.666666666668,0.321,26,3.85,2.5,Rent Favored,NA,NA,NA,NA,NA,NA,NA,NA,2026-06-30,2026-06-30
Santa Ana,CA,"Los Angeles-Long Beach-Anaheim, CA",Orange County,871417.0987880029,1.93,2785.32157784744,1.78,33423.85893416928,0.32,26.1,3.84,2.49,Rent Favored,316184,1.59,3170435,-0.5,2.33,5.61,4.39,43.55,2026-06-30,2026-06-30
Auburn,WA,"Seattle-Tacoma-Bellevue, WA",King County,612290.2069007397,-0.58,1952.8755319148936,0.94,23434.506382978725,0.319,26.1,3.83,2.49,Rent Favored,85513,-1.76,2340211,2.9,15.35,6.12,5.05,43.91,2026-06-30,2026-06-30
Hendersonville,TN,"Nashville-Davidson--Murfreesboro--Franklin, TN",Sumner County,526106.3239766903,0.38,1678.3748509886134,1.68,20140.49821186336,0.319,26.1,3.83,2.49,Rent Favored,63947,2.94,211721,7.24,14.08,5.74,5.01,27.78,2026-06-30,2026-06-30
Martinez,CA,"San Francisco-Oakland-Berkeley, CA",Contra Costa County,772034.4134454067,-3.1,2461.4583333333335,2.82,29537.5,0.319,26.1,3.83,2.49,Rent Favored,37006,-0.49,1172607,0.55,6.48,3.5,2.91,32.35,2026-06-30,2026-06-30
West Hollywood,CA,"Los Angeles-Long Beach-Anaheim, CA",Los Angeles County,998835.5000174022,-1.43,3184.616775271512,2.19,38215.40130325814,0.319,26.1,3.83,2.49,Rent Favored,34371,-3.71,9757179,-2.4,0.03,6.45,4.01,53.92,2026-06-30,2026-06-30
Deer Park,NY,"New York-Newark-Jersey City, NY-NJ-PA",Suffolk County,682589.8285344299,-0.03,2175,NA,26100,0.319,26.2,3.82,2.49,Rent Favored,NA,NA,NA,NA,NA,NA,NA,NA,2026-06-30,2026-06-30
Manhasset,NY,"New York-Newark-Jersey City, NY-NJ-PA",Nassau County,2326223.255907351,8.31,7412.5,NA,88950,0.319,26.2,3.82,2.49,Rent Favored,NA,NA,NA,NA,NA,NA,NA,NA,2026-06-30,2026-06-30
Mechanicville,NY,"Albany-Schenectady-Troy, NY",Saratoga County,500986.4202049523,5.61,1600.2222222222224,NA,19202.666666666668,0.319,26.1,3.83,2.49,Rent Favored,5083,-1.53,240360,1.93,6.74,10.16,5.99,27.83,2026-06-30,2026-06-30
Emmett,ID,"Boise City, ID",Gem County,466156.8863396594,2.31,1490,NA,17880,0.32,26.1,3.84,2.49,Rent Favored,8803,13.98,21857,13.38,22.28,4.9,2.75,23.41,2026-06-30,2026-06-30
Boulder City,NV,"Las Vegas-Henderson-Paradise, NV",Clark County,473098.6369433541,-1.52,1508.611111111111,5.35,18103.333333333332,0.319,26.1,3.83,2.49,Rent Favored,15029,0.87,2398871,5.4,16.64,9.46,7.1,42.95,2026-06-30,2026-06-30
Palos Verdes Estates,CA,"Los Angeles-Long Beach-Anaheim, CA",Los Angeles County,2790949.78219297,1.88,8897.5,NA,106770,0.319,26.1,3.83,2.49,Rent Favored,NA,NA,NA,NA,NA,NA,NA,NA,2026-06-30,2026-06-30
Cotati,CA,"Santa Rosa-Petaluma, CA",Sonoma County,734717.3159908438,-1.73,2350,NA,28200,0.32,26.1,3.84,2.49,Rent Favored,NA,NA,NA,NA,NA,NA,NA,NA,2026-06-30,2026-06-30
Cape Elizabeth,ME,"Portland-South Portland, ME",Cumberland County,911313.5489067156,2.08,2907.5,NA,34890,0.319,26.1,3.83,2.49,Rent Favored,NA,NA,NA,NA,NA,NA,NA,NA,2026-06-30,2026-06-30
Austin,TX,"Austin-Round Rock-Georgetown, TX",Travis County,507622.4326013611,-5.02,1614.525308479005,-1.98,19374.30370174806,0.318,26.2,3.82,2.48,Rent Favored,993588,2.87,1363767,5.18,4.41,5.57,4.27,46.97,2026-06-30,2026-06-30
Portland,OR,"Portland-Vancouver-Hillsboro, OR-WA",Multnomah County,540296.3475753566,-0.41,1720.843432100413,0.91,20650.121185204956,0.318,26.2,3.82,2.48,Rent Favored,635749,-2.67,795897,-2.5,1.19,5.52,4.7,45.9,2026-06-30,2026-06-30
West Valley City,UT,"Salt Lake City, UT",Salt Lake County,472447.4051375314,0.73,1504.1627456082615,-0.92,18049.952947299138,0.318,26.2,3.82,2.48,Rent Favored,138144,-1.32,1216274,2.46,7.39,5.36,5.82,33,2026-06-30,2026-06-30
Provo,UT,"Provo-Orem, UT",Utah County,489807.3739474434,1.68,1555.6087556103746,3.51,18667.305067324494,0.318,26.2,3.81,2.48,Rent Favored,115479,0.33,747234,12.6,17.51,3.79,2.69,31.87,2026-06-30,2026-06-30
Carmel,IN,"Indianapolis-Carmel-Anderson, IN",Hamilton County,582444.5230783825,4.45,1854.0626588193688,3.72,22248.751905832425,0.318,26.2,3.82,2.48,Rent Favored,103606,3.7,379704,8.79,14.45,5.14,7.51,23.72,2026-06-30,2026-06-30
Napa,CA,"Napa, CA",Napa County,876582.3693472884,-3.12,2781.494575825826,1.22,33377.93490990991,0.317,26.3,3.81,2.48,Rent Favored,76921,-3.05,132727,-3.45,-4.02,10.68,4.97,35.6,2026-06-30,2026-06-30
Flagstaff,AZ,"Flagstaff, AZ",Coconino County,665540.2255354027,-0.54,2117.195800657728,1.68,25406.349607892735,0.318,26.2,3.82,2.48,Rent Favored,77539,0.58,145161,-0.02,-0.3,23.27,6.63,41.16,2026-06-30,2026-06-30
Corvallis,OR,"Corvallis, OR",Benton County,566552.320112018,-0.36,1803.1967124145672,2.92,21638.360548974808,0.318,26.2,3.82,2.48,Rent Favored,61993,6.25,98899,5.64,3.22,5.62,4.76,43.97,2026-06-30,2026-06-30
Carmichael,CA,"Sacramento-Roseville-Folsom, CA",Sacramento County,565057.5505393526,-0.64,1795.402777777778,2.23,21544.833333333336,0.318,26.2,3.81,2.48,Rent Favored,NA,NA,1611231,1.54,7.33,4.28,3.63,41.37,2026-06-30,2026-06-30
American Fork,UT,"Provo-Orem, UT",Utah County,531178.2797244447,2.11,1688.6234737484738,3.05,20263.481684981685,0.318,26.2,3.81,2.48,Rent Favored,41298,23.06,747234,12.6,17.51,3.79,2.69,31.87,2026-06-30,2026-06-30
Springville,UT,"Provo-Orem, UT",Utah County,515633.3024159847,2.28,1637.34188034188,1.99,19648.10256410256,0.318,26.2,3.81,2.48,Rent Favored,36027,1.93,747234,12.6,17.51,3.79,2.69,31.87,2026-06-30,2026-06-30
Lynden,WA,"Bellingham, WA",Whatcom County,631489.4191608764,2.06,2005.7870370370372,1.58,24069.444444444445,0.318,26.2,3.81,2.48,Rent Favored,16783,6.18,234954,3.3,9.58,9.34,3.08,36.47,2026-06-30,2026-06-30
Ojai,CA,"Oxnard-Thousand Oaks-Ventura, CA",Ventura County,1167738.5162314817,-0.37,3706.3888888888887,NA,44476.666666666664,0.317,26.3,3.81,2.48,Rent Favored,7563,-0.96,835427,-0.99,0.32,5.64,3.81,35.84,2026-06-30,2026-06-30
Hopkinton,MA,"Boston-Cambridge-Newton, MA-NH",Middlesex County,977322.226748753,3.11,3102.4166666666665,1.56,37229,0.317,26.3,3.81,2.48,Rent Favored,NA,NA,1668956,2.54,11.63,4.52,2.96,38.37,2026-06-30,2026-06-30
Spring City,PA,"Philadelphia-Camden-Wilmington, PA-NJ-DE-MD",Chester County,516468.4450422471,2.45,1641.111111111111,NA,19693.333333333332,0.318,26.2,3.81,2.48,Rent Favored,NA,NA,NA,NA,NA,NA,NA,NA,2026-06-30,2026-06-30
Ridgefield,NJ,"New York-Newark-Jersey City, NY-NJ-PA",Bergen County,792471.3405738967,7.13,2516.6666666666665,NA,30200,0.318,26.2,3.81,2.48,Rent Favored,NA,NA,NA,NA,NA,NA,NA,NA,2026-06-30,2026-06-30
Chadds Ford,PA,"Philadelphia-Camden-Wilmington, PA-NJ-DE-MD",Chester County,742232.4062753282,3.28,2357.2539682539687,NA,28287.047619047626,0.318,26.2,3.81,2.48,Rent Favored,NA,NA,560745,4.84,7.29,3.95,3.98,25.05,2026-06-30,2026-06-30
Riverside,IL,"Chicago-Naperville-Elgin, IL-IN-WI",Cook County,574089.3105569957,8.59,1822.5,NA,21870,0.317,26.3,3.81,2.48,Rent Favored,NA,NA,NA,NA,NA,NA,NA,NA,2026-06-30,2026-06-30
Bronxville,NY,"New York-Newark-Jersey City, NY-NJ-PA",Westchester County,1510627.924971162,-3.63,4812,NA,57744,0.319,26.2,3.82,2.48,Rent Favored,NA,NA,NA,NA,NA,NA,NA,NA,2026-06-30,2026-06-30
Edgewater,CO,"Denver-Aurora-Lakewood, CO",Jefferson County,589485.4372428345,-2.1,1873.9238095238095,NA,22487.085714285713,0.318,26.2,3.81,2.48,Rent Favored,4880,-2.54,578533,-0.79,0.75,4.44,4.86,29.39,2026-06-30,2026-06-30
Lakewood,CO,"Denver-Aurora-Lakewood, CO",Jefferson County,572758.7872582474,-2.38,1813.7241355797723,-2.23,21764.689626957268,0.317,26.3,3.8,2.47,Rent Favored,156868,0.38,578533,-0.79,0.75,4.44,4.86,29.39,2026-06-30,2026-06-30
Davis,CA,"Sacramento-Roseville-Folsom, CA",Yolo County,854070.9361726955,-2.29,2706.1793372319685,0.7,32474.152046783624,0.317,26.3,3.8,2.47,Rent Favored,67125,0.33,225251,3.44,8.98,6.01,4.8,46.44,2026-06-30,2026-06-30
Brookline,MA,"Boston-Cambridge-Newton, MA-NH",Norfolk County,1111678.7878316909,-4.89,3523.031783507309,2.08,42276.3814020877,0.317,26.3,3.8,2.47,Rent Favored,NA,NA,740754,2.35,9.81,4.09,3.95,31.48,2026-06-30,2026-06-30
Herriman,UT,"Salt Lake City, UT",Salt Lake County,609118.1545466508,1.16,1930.971618357488,0,23171.659420289856,0.317,26.3,3.8,2.47,Rent Favored,62352,10.93,1216274,2.46,7.39,5.36,5.82,33,2026-06-30,2026-06-30
Norco,CA,"Riverside-San Bernardino-Ontario, CA",Riverside County,924421.8444265856,2.65,2925,NA,35100,0.316,26.3,3.8,2.47,Rent Favored,NA,NA,NA,NA,NA,NA,NA,NA,2026-06-30,2026-06-30
Jenkintown,PA,"Philadelphia-Camden-Wilmington, PA-NJ-DE-MD",Montgomery County,524089.84915873624,2.8,1658.611111111111,6.34,19903.333333333332,0.316,26.3,3.8,2.47,Rent Favored,4740,0.47,879190,2.6,7.92,4.35,5.68,28.27,2026-06-30,2026-06-30
Rutherford,NJ,"New York-Newark-Jersey City, NY-NJ-PA",Bergen County,763133.803929238,5.06,2417.7000000000003,3.39,29012.4,0.317,26.3,3.8,2.47,Rent Favored,19214,2.26,978641,2.61,10.38,4.13,3.53,34.64,2026-06-30,2026-06-30
Chubbuck,ID,"Pocatello, ID",Bannock County,389130.0876181208,1.04,1232.2761904761903,-1.31,14787.314285714285,0.317,26.3,3.8,2.47,Rent Favored,16577,5.81,91010,4.27,2.9,6.57,4.12,31.37,2026-06-30,2026-06-30
Fairway,KS,"Kansas City, MO-KS",Johnson County,654938.3043047924,9.09,2075,NA,24900,0.317,26.3,3.8,2.47,Rent Favored,NA,NA,NA,NA,NA,NA,NA,NA,2026-06-30,2026-06-30
San Francisco,CA,"San Francisco-Oakland-Berkeley, CA",San Francisco County,1395852.0083535968,9.48,4401.105615598153,20.43,52813.26738717784,0.315,26.4,3.78,2.46,Rent Favored,827526,-5.41,827526,-5.41,9.13,11.88,6.12,61.5,2026-06-30,2026-06-30
West Covina,CA,"Los Angeles-Long Beach-Anaheim, CA",Los Angeles County,850382.808113683,1.07,2683.033844189016,2.76,32196.406130268188,0.316,26.4,3.79,2.46,Rent Favored,106920,-2.05,9757179,-2.4,0.03,6.45,4.01,53.92,2026-06-30,2026-06-30
Dublin,OH,"Columbus, OH",Franklin County,574759.1103080338,1.02,1813.086984126984,1.12,21757.043809523806,0.315,26.4,3.79,2.46,Rent Favored,49456,0.23,1356303,2.4,7.58,6.96,3.98,47.03,2026-06-30,2026-06-30
Edina,MN,"Minneapolis-St. Paul-Bloomington, MN-WI",Hennepin County,635999.0518878218,3.94,2008.89010989011,3.16,24106.68131868132,0.316,26.4,3.79,2.46,Rent Favored,53564,0.37,1273334,-0.65,4.24,5.29,5.38,37.05,2026-06-30,2026-06-30
Corte Madera,CA,"San Francisco-Oakland-Berkeley, CA",Marin County,1872659.2927567584,6.97,5915.45,NA,70985.4,0.316,26.4,3.79,2.46,Rent Favored,10006,-1.96,256400,-1.89,2.96,7.74,3.07,36.12,2026-06-30,2026-06-30
East Grand Forks,MN,"Grand Forks, ND-MN",Polk County,299585.3159963982,6.3,945,NA,11340,0.315,26.4,3.79,2.46,Rent Favored,NA,NA,NA,NA,NA,NA,NA,NA,2026-06-30,2026-06-30
Northport,NY,"New York-Newark-Jersey City, NY-NJ-PA",Suffolk County,993854.6091454956,2.21,3137.5,NA,37650,0.316,26.4,3.79,2.46,Rent Favored,NA,NA,NA,NA,NA,NA,NA,NA,2026-06-30,2026-06-30
Alamo Heights,TX,"San Antonio-New Braunfels, TX",Bexar County,742279.6691518383,1.14,2338.3166666666666,NA,28059.8,0.315,26.5,3.78,2.46,Rent Favored,7557,2.43,2127737,5.56,8.6,8.27,8.16,40.89,2026-06-30,2026-06-30
Escondido,CA,"San Diego-Chula Vista-Carlsbad, CA",San Diego County,798610.9211088236,-0.87,2503.881353427896,1.17,30046.576241134753,0.314,26.6,3.76,2.45,Rent Favored,148847,-1.46,3298799,-0.07,0.09,6.51,4.02,45.49,2026-06-30,2026-06-30
Claremont,CA,"Los Angeles-Long Beach-Anaheim, CA",Los Angeles County,1028178.8149968048,2.3,3224.037037037037,4.18,38688.444444444445,0.314,26.6,3.76,2.45,Rent Favored,36139,-3.44,9757179,-2.4,0.03,6.45,4.01,53.92,2026-06-30,2026-06-30
Pleasant Grove,UT,"Provo-Orem, UT",Utah County,560935.100083494,2.14,1758.4723646723648,2.17,21101.668376068377,0.313,26.6,3.76,2.45,Rent Favored,38127,1.05,747234,12.6,17.51,3.79,2.69,31.87,2026-06-30,2026-06-30
Morro Bay,CA,"San Luis Obispo-Paso Robles, CA",San Luis Obispo County,964296.3392729908,-0.17,3024.1666666666665,10.42,36290,0.314,26.6,3.76,2.45,Rent Favored,10591,-1.58,281843,-0.03,0.58,12.79,4.74,38.1,2026-06-30,2026-06-30
Yarmouth,ME,"Portland-South Portland, ME",Cumberland County,780129.428294133,1.84,2455.277777777778,NA,29463.333333333336,0.315,26.5,3.78,2.45,Rent Favored,NA,NA,NA,NA,NA,NA,NA,NA,2026-06-30,2026-06-30
Turpin Hills,OH,"Cincinnati, OH-KY-IN",Hamilton County,547526.4677565654,4.25,1717.8174603174605,NA,20613.809523809527,0.314,26.6,3.76,2.45,Rent Favored,NA,NA,837359,0.84,4.18,7.42,4.2,41.01,2026-06-30,2026-06-30
Camarillo,CA,"Oxnard-Thousand Oaks-Ventura, CA",Ventura County,923396.1411356732,0.23,2885.2632478632477,0.55,34623.15897435897,0.312,26.7,3.75,2.44,Rent Favored,69881,-1.19,835427,-0.99,0.32,5.64,3.81,35.84,2026-06-30,2026-06-30
Spring Valley,CA,"San Diego-Chula Vista-Carlsbad, CA",San Diego County,778194.686336264,-0.92,2435.0709150326797,3.22,29220.850980392155,0.313,26.6,3.75,2.44,Rent Favored,NA,NA,3298799,-0.07,0.09,6.51,4.02,45.49,2026-06-30,2026-06-30
Scotch Plains,NJ,"New York-Newark-Jersey City, NY-NJ-PA",Union County,854449.8816975327,5.28,2672.5,NA,32070,0.313,26.6,3.75,2.44,Rent Favored,NA,NA,NA,NA,NA,NA,NA,NA,2026-06-30,2026-06-30
Westerly,RI,"Providence-Warwick, RI-MA",Washington County,639879.0662360159,8.47,2000,7.48,24000,0.313,26.7,3.75,2.44,Rent Favored,NA,NA,130333,0.43,4.25,21.22,4.07,23.17,2026-06-30,2026-06-30
Louisville,CO,"Boulder, CO",Boulder County,841727.3975742528,-1.79,2634.2694444444446,3.26,31611.233333333337,0.313,26.6,3.76,2.44,Rent Favored,20811,-1.86,330262,-0.21,4.58,5.31,3.67,37.54,2026-06-30,2026-06-30
Kendall Park,NJ,"New York-Newark-Jersey City, NY-NJ-PA",Middlesex County,744500.8325968186,0.75,2327.8333333333335,NA,27934,0.313,26.7,3.75,2.44,Rent Favored,NA,NA,NA,NA,NA,NA,NA,NA,2026-06-30,2026-06-30
Castroville,TX,"San Antonio-New Braunfels, TX",Medina County,431269.12147005304,-3,1350,NA,16200,0.313,26.6,3.76,2.44,Rent Favored,NA,NA,NA,NA,NA,NA,NA,NA,2026-06-30,2026-06-30
Atlantic Highlands,NJ,"New York-Newark-Jersey City, NY-NJ-PA",Monmouth County,859934.4968417254,6.06,2686,NA,32232,0.312,26.7,3.75,2.44,Rent Favored,4402,-0.27,647520,0.74,2.8,7.24,3.49,24.63,2026-06-30,2026-06-30
Bend,OR,"Bend, OR",Deschutes County,737350.498152943,-1.9,2299.762448559671,3.44,27597.149382716052,0.312,26.7,3.74,2.43,Rent Favored,106926,7.26,211535,6.05,12.57,14.29,3.27,29.26,2026-06-30,2026-06-30
Thousand Oaks,CA,"Oxnard-Thousand Oaks-Ventura, CA",Ventura County,1052874.7821704445,0.48,3274.0260112647206,3.37,39288.312135176646,0.311,26.8,3.73,2.43,Rent Favored,124229,-2.04,835427,-0.99,0.32,5.64,3.81,35.84,2026-06-30,2026-06-30
New Rochelle,NY,"New York-Newark-Jersey City, NY-NJ-PA",Westchester County,953120.8859062276,7.88,2973.879254079254,4.07,35686.55104895105,0.312,26.7,3.74,2.43,Rent Favored,85512,6.61,1006447,0.5,6.23,5.51,2.35,37.8,2026-06-30,2026-06-30
Rosemead,CA,"Los Angeles-Long Beach-Anaheim, CA",Los Angeles County,913761.0350978556,1.25,2848.1428571428573,7.49,34177.71428571429,0.312,26.7,3.74,2.43,Rent Favored,49582,-2.85,9757179,-2.4,0.03,6.45,4.01,53.92,2026-06-30,2026-06-30
Neenah,WI,"Oshkosh-Neenah, WI",Winnebago County,315082.2835411453,4.35,982.6666666666666,5.01,11792,0.312,26.7,3.74,2.43,Rent Favored,27502,0.4,173307,0.88,7.15,6.27,4.7,34.21,2026-06-30,2026-06-30
Benicia,CA,"Vallejo, CA",Solano County,798906.2022433165,0.39,2493.4159090909093,0.87,29920.990909090913,0.312,26.7,3.75,2.43,Rent Favored,26477,-2.32,455101,0.49,7.61,4.68,3.13,36.77,2026-06-30,2026-06-30
Monmouth,OR,"Salem, OR",Polk County,481715.99036395416,1.75,1502.0833333333333,3.17,18025,0.312,26.7,3.74,2.43,Rent Favored,11651,4.55,90549,2.89,3.24,5.43,3.94,35.41,2026-06-30,2026-06-30
Breckenridge,CO,"Breckenridge, CO",Summit County,1201543.604744654,0.56,3744.444444444445,NA,44933.333333333336,0.312,26.7,3.74,2.43,Rent Favored,4892,-3.24,30882,-1.14,-3.89,61.23,39.16,30.78,2026-06-30,2026-06-30
Rancho Santa Fe,CA,"San Diego-Chula Vista-Carlsbad, CA",San Diego County,4444636.033977557,4.94,13832.5,NA,165990,0.311,26.8,3.73,2.43,Rent Favored,NA,NA,NA,NA,NA,NA,NA,NA,2026-06-30,2026-06-30
Hayward,CA,"San Francisco-Oakland-Berkeley, CA",Alameda County,842801.5684054281,-5.24,2614.8020176178156,2.54,31377.624211413786,0.31,26.9,3.72,2.42,Rent Favored,158440,-2.63,1649060,-1.88,3.29,5.96,5.26,45.93,2026-06-30,2026-06-30
El Monte,CA,"Los Angeles-Long Beach-Anaheim, CA",Los Angeles County,766804.6107193887,1.46,2380.8101851851848,-0.66,28569.72222222222,0.31,26.8,3.73,2.42,Rent Favored,104639,-4.11,9757179,-2.4,0.03,6.45,4.01,53.92,2026-06-30,2026-06-30
Layton,UT,"Ogden-Clearfield, UT",Davis County,530416.6104683065,2.52,1643.246499477534,0.51,19718.957993730408,0.31,26.9,3.72,2.42,Rent Favored,84348,2.8,378470,4.04,4.18,3.29,3.85,22.6,2026-06-30,2026-06-30
Suwanee,GA,"Atlanta-Sandy Springs-Alpharetta, GA",Gwinnett County,610169.2014539024,-2.82,1891.979410023985,-1.1,22703.75292028782,0.31,26.9,3.72,2.42,Rent Favored,23062,9.71,1003869,4.75,5.96,3.94,4.99,33.31,2026-06-30,2026-06-30
Tigard,OR,"Portland-Vancouver-Hillsboro, OR-WA",Washington County,611672.9684480797,-2.5,1895.421212121212,0.16,22745.054545454543,0.31,26.9,3.72,2.42,Rent Favored,57301,4.12,611272,1.7,7.45,3.35,3.82,39.13,2026-06-30,2026-06-30
Morristown,NJ,"New York-Newark-Jersey City, NY-NJ-PA",Morris County,920715.5716827074,5.92,2860.4587962962964,1.93,34325.50555555556,0.311,26.8,3.73,2.42,Rent Favored,20732,3.04,523053,2.87,8.07,3.41,3.25,26.1,2026-06-30,2026-06-30
Sandpoint,ID,"Sandpoint, ID",Bonner County,642311.4087741965,1.8,1991.8055555555557,NA,23901.666666666668,0.31,26.9,3.72,2.42,Rent Favored,10444,19.62,53955,13.8,24.89,26.38,5.13,22.35,2026-06-30,2026-06-30
Westlake Village,CA,"Oxnard-Thousand Oaks-Ventura, CA",Ventura County,1608558.06344234,3.13,5000.577380952382,4.13,60006.92857142858,0.311,26.8,3.73,2.42,Rent Favored,7593,-5.08,835427,-0.99,0.32,5.64,3.81,35.84,2026-06-30,2026-06-30
Willows,CA,NA,Glenn County,326482.9398319831,4.57,1011.25,NA,12135,0.31,26.9,3.72,2.42,Rent Favored,NA,NA,NA,NA,NA,NA,NA,NA,2026-06-30,2026-06-30
Hoover,AL,"Birmingham-Hoover, AL",Jefferson County,445050.8807759504,2.91,1377.788376874091,1.03,16533.46052248909,0.31,26.9,3.71,2.41,Rent Favored,93013,0.35,664744,-1.48,0.68,13.13,7.2,36.28,2026-06-30,2026-06-30
Potomac,MD,"Washington-Arlington-Alexandria, DC-VA-MD-WV",Montgomery County,1404056.416408091,-0.55,4337.768518518518,7.71,52053.22222222222,0.309,27,3.71,2.41,Rent Favored,NA,NA,1082273,2.02,7.76,4.26,3.68,34.66,2026-06-30,2026-06-30
Midvale,UT,"Salt Lake City, UT",Salt Lake County,494598.2733424616,0.77,1528.8378189792663,-1.01,18346.053827751195,0.309,27,3.71,2.41,Rent Favored,36219,0.29,1216274,2.46,7.39,5.36,5.82,33,2026-06-30,2026-06-30
North Salt Lake,UT,"Ogden-Clearfield, UT",Davis County,578296.5520761819,0.88,1785.364057239057,2.69,21424.368686868685,0.309,27,3.7,2.41,Rent Favored,23593,2.18,378470,4.04,4.18,3.29,3.85,22.6,2026-06-30,2026-06-30
Addison,TX,"Dallas-Fort Worth-Arlington, TX",Dallas County,509511.4234008114,-1.44,1571.4362110492248,0.03,18857.234532590697,0.308,27,3.7,2.41,Rent Favored,17257,0.98,2656028,1.73,0.15,7.76,8.95,49.22,2026-06-30,2026-06-30
Steilacoom,WA,"Seattle-Tacoma-Bellevue, WA",Pierce County,643236.8317551702,-0.09,1990.4333333333336,NA,23885.200000000004,0.309,26.9,3.71,2.41,Rent Favored,6649,-1.34,941170,1.9,6.6,5.21,4.02,35.21,2026-06-30,2026-06-30
Spring Park,MN,"Minneapolis-St. Paul-Bloomington, MN-WI",Hennepin County,594815.4300094787,7.09,1838,NA,22056,0.309,27,3.71,2.41,Rent Favored,NA,NA,NA,NA,NA,NA,NA,NA,2026-06-30,2026-06-30
Fairfax,VA,"Washington-Arlington-Alexandria, DC-VA-MD-WV",Fairfax County,798660.4073422332,-0.21,2457.9154654654653,-0.78,29494.985585585586,0.308,27.1,3.69,2.4,Rent Favored,26340,8.94,1160925,1.07,6.94,3.66,4.16,31.65,2026-06-30,2026-06-30
Whitefish,MT,"Kalispell, MT",Flathead County,881846.6749794096,0.05,2711.597222222222,-0.21,32539.166666666664,0.307,27.1,3.69,2.4,Rent Favored,9256,17.51,114527,9.2,7.48,14.49,7.26,25.96,2026-06-30,2026-06-30
Pine Brook,NJ,"New York-Newark-Jersey City, NY-NJ-PA",Morris County,933005.2768542554,3.89,2870.8333333333335,NA,34450,0.308,27.1,3.69,2.4,Rent Favored,NA,NA,523053,2.87,8.07,3.41,3.25,26.1,2026-06-30,2026-06-30
Bellflower,CA,"Los Angeles-Long Beach-Anaheim, CA",Los Angeles County,806220.2465692904,0.94,2471.597222222222,3.73,29659.166666666664,0.307,27.2,3.68,2.39,Rent Favored,75716,-4.12,9757179,-2.4,0.03,6.45,4.01,53.92,2026-06-30,2026-06-30
Pocatello,ID,"Pocatello, ID",Bannock County,346271.2198481637,0.96,1062.9237906384644,1.69,12755.085487661574,0.307,27.1,3.68,2.39,Rent Favored,58231,3.18,91010,4.27,2.9,6.57,4.12,31.37,2026-06-30,2026-06-30
Northville,MI,"Detroit-Warren-Dearborn, MI",Wayne County,606655.9490195145,5.17,1855.4109890109892,7.75,22264.93186813187,0.306,27.2,3.67,2.39,Rent Favored,6047,-1.39,1771063,-1.04,3.75,12.9,4.58,35.52,2026-06-30,2026-06-30
Thompsons Station,TN,"Nashville-Davidson--Murfreesboro--Franklin, TN",Williamson County,743086.7883083228,0.96,2280.7979797979797,6.33,27369.575757575756,0.307,27.2,3.68,2.39,Rent Favored,NA,NA,269136,7.82,11.28,3.92,6.75,20.22,2026-06-30,2026-06-30
Chappaqua,NY,"New York-Newark-Jersey City, NY-NJ-PA",Westchester County,1539659.804186184,10.58,4713.88888888889,NA,56566.66666666667,0.306,27.2,3.67,2.39,Rent Favored,NA,NA,NA,NA,NA,NA,NA,NA,2026-06-30,2026-06-30
Berryville,VA,"Washington-Arlington-Alexandria, DC-VA-MD-WV",Clarke County,580242.0898386259,3.44,1775,NA,21300,0.306,27.2,3.67,2.39,Rent Favored,NA,NA,NA,NA,NA,NA,NA,NA,2026-06-30,2026-06-30
Lake Bluff,IL,"Chicago-Naperville-Elgin, IL-IN-WI",Lake County,674724.3017340869,8.41,2067.8333333333335,NA,24814,0.306,27.2,3.68,2.39,Rent Favored,5600,-0.16,718604,0.73,3.75,4.97,4.19,25.6,2026-06-30,2026-06-30
Newburyport,MA,"Boston-Cambridge-Newton, MA-NH",Essex County,947431.9679940531,3.45,2885.555555555555,4.34,34626.666666666664,0.305,27.4,3.65,2.38,Rent Favored,19163,4.72,823938,2,7.8,5.11,2.53,36.04,2026-06-30,2026-06-30
Wayland,MA,"Boston-Cambridge-Newton, MA-NH",Middlesex County,1184706.7832410475,1.2,3610.444444444445,NA,43325.333333333336,0.305,27.3,3.66,2.38,Rent Favored,NA,NA,NA,NA,NA,NA,NA,NA,2026-06-30,2026-06-30
Manasquan,NJ,"New York-Newark-Jersey City, NY-NJ-PA",Monmouth County,1228373.025346693,8.82,3750,NA,45000,0.305,27.3,3.66,2.38,Rent Favored,NA,NA,NA,NA,NA,NA,NA,NA,2026-06-30,2026-06-30
Kent,WA,"Seattle-Tacoma-Bellevue, WA",King County,651565.715245066,-1.58,1977.983194009056,0.81,23735.79832810867,0.304,27.5,3.64,2.37,Rent Favored,136588,-0,2340211,2.9,15.35,6.12,5.05,43.91,2026-06-30,2026-06-30
Vista,CA,"San Diego-Chula Vista-Carlsbad, CA",San Diego County,883373.1157176102,0.11,2681.8477882270986,1.72,32182.173458725185,0.304,27.4,3.64,2.37,Rent Favored,99322,0.49,3298799,-0.07,0.09,6.51,4.02,45.49,2026-06-30,2026-06-30
Bozeman,MT,"Bozeman, MT",Gallatin County,733958.9924924761,-0.9,2226.802783867039,1.94,26721.63340640447,0.303,27.5,3.64,2.37,Rent Favored,57894,7.48,126984,6.17,4.63,10,5.16,38.48,2026-06-30,2026-06-30
Snohomish,WA,"Seattle-Tacoma-Bellevue, WA",Snohomish County,935021.4693849375,-1.83,2838.9404761904757,3.48,34067.28571428571,0.304,27.4,3.64,2.37,Rent Favored,10534,3.55,864113,4.11,11.83,4.9,4.3,31.61,2026-06-30,2026-06-30
Prescott,AZ,"Prescott Valley-Prescott, AZ",Yavapai County,606760.2299342729,-0.66,1841.207532051282,0.38,22094.490384615383,0.303,27.5,3.64,2.37,Rent Favored,48224,4.66,252013,6.23,16.63,12.2,4.45,26.49,2026-06-30,2026-06-30
Atascadero,CA,"San Luis Obispo-Paso Robles, CA",San Luis Obispo County,790546.6437883177,2.4,2403.8333333333335,-0.63,28846,0.304,27.4,3.65,2.37,Rent Favored,29743,-0.01,281843,-0.03,0.58,12.79,4.74,38.1,2026-06-30,2026-06-30
East Northport,NY,"New York-Newark-Jersey City, NY-NJ-PA",Suffolk County,801906.4732068704,2.8,2438.8888888888887,NA,29266.666666666664,0.304,27.4,3.65,2.37,Rent Favored,NA,NA,NA,NA,NA,NA,NA,NA,2026-06-30,2026-06-30
Chehalis,WA,"Centralia, WA",Lewis County,485136.8585166156,1.96,1475.2777777777776,NA,17703.333333333332,0.304,27.4,3.65,2.37,Rent Favored,7717,3.18,87049,5.43,11.18,10.33,4.27,25.84,2026-06-30,2026-06-30
Flanders,NJ,"New York-Newark-Jersey City, NY-NJ-PA",Morris County,672721.6201911644,0.57,2047.75,NA,24573,0.304,27.4,3.65,2.37,Rent Favored,NA,NA,NA,NA,NA,NA,NA,NA,2026-06-30,2026-06-30
Narragansett,RI,"Providence-Warwick, RI-MA",Washington County,872299.7741244874,4.17,2652.5,NA,31830,0.304,27.4,3.65,2.37,Rent Favored,NA,NA,NA,NA,NA,NA,NA,NA,2026-06-30,2026-06-30
San Diego,CA,"San Diego-Chula Vista-Carlsbad, CA",San Diego County,1002064.7280992568,-1.73,3037.7241329230965,1.54,36452.68959507716,0.303,27.5,3.64,2.36,Rent Favored,1404452,1.42,3298799,-0.07,0.09,6.51,4.02,45.49,2026-06-30,2026-06-30
San Leandro,CA,"San Francisco-Oakland-Berkeley, CA",Alameda County,815010.5148574751,-3.15,2467.848429951691,3.56,29614.181159420288,0.303,27.5,3.63,2.36,Rent Favored,86571,-4.58,1649060,-1.88,3.29,5.96,5.26,45.93,2026-06-30,2026-06-30
Chino Hills,CA,"Riverside-San Bernardino-Ontario, CA",San Bernardino County,993719.2443901304,1.45,3010.0982545045044,1.43,36121.17905405405,0.303,27.5,3.63,2.36,Rent Favored,77418,-1.32,2214281,1.41,1.68,9.55,3.22,38.46,2026-06-30,2026-06-30
Natick,MA,"Boston-Cambridge-Newton, MA-NH",Middlesex County,914075.6600098312,1.27,2765.0176767676767,4.44,33180.21212121212,0.302,27.5,3.63,2.36,Rent Favored,NA,NA,1668956,2.54,11.63,4.52,2.96,38.37,2026-06-30,2026-06-30
Hillsborough,NC,"Durham-Chapel Hill, NC",Orange County,479766.7190701647,-2.44,1453.523148148148,-3.15,17442.277777777777,0.303,27.5,3.64,2.36,Rent Favored,9773,1.2,152877,6.36,2.62,9.13,5.91,35.76,2026-06-30,2026-06-30
Mountlake Terrace,WA,"Seattle-Tacoma-Bellevue, WA",Snohomish County,686931.1705815815,-2.26,2078.1753812636166,2.04,24938.1045751634,0.303,27.5,3.63,2.36,Rent Favored,25198,18.38,864113,4.11,11.83,4.9,4.3,31.61,2026-06-30,2026-06-30
Wixom,MI,"Detroit-Warren-Dearborn, MI",Oakland County,392830.20744942426,1.94,1187.982683982684,NA,14255.792207792209,0.302,27.6,3.63,2.36,Rent Favored,NA,NA,NA,NA,NA,NA,NA,NA,2026-06-30,2026-06-30
Orinda,CA,"San Francisco-Oakland-Berkeley, CA",Contra Costa County,1987268.67296928,0.24,6018.833333333333,NA,72226,0.303,27.5,3.63,2.36,Rent Favored,NA,NA,NA,NA,NA,NA,NA,NA,2026-06-30,2026-06-30
Pacific,WA,"Seattle-Tacoma-Bellevue, WA",King County,558581.2268963832,-0.4,1690.8333333333333,NA,20290,0.303,27.5,3.63,2.36,Rent Favored,7085,-2.11,2340211,2.9,15.35,6.12,5.05,43.91,2026-06-30,2026-06-30
Aptos,CA,"Santa Cruz-Watsonville, CA",Santa Cruz County,1347680.5227358353,1.18,4054.1666666666665,10.54,48650,0.301,27.7,3.61,2.35,Rent Favored,NA,NA,262406,-3.44,-6,9.15,3.39,40.02,2026-06-30,2026-06-30
Lincolnia,VA,"Washington-Arlington-Alexandria, DC-VA-MD-WV",Fairfax County,716495.1092595445,-0.69,2156.2762237762236,-0.71,25875.314685314683,0.301,27.7,3.61,2.35,Rent Favored,NA,NA,1160925,1.07,6.94,3.66,4.16,31.65,2026-06-30,2026-06-30
Sunbury,OH,"Columbus, OH",Delaware County,498965.2485842997,1.46,1501.300925925926,-1.58,18015.611111111113,0.301,27.7,3.61,2.35,Rent Favored,9705,44.31,237966,10.6,19.13,4.46,4.27,21.81,2026-06-30,2026-06-30
Sandwich,IL,"Chicago-Naperville-Elgin, IL-IN-WI",DeKalb County,330955.40028063813,6.96,995,NA,11940,0.301,27.7,3.61,2.35,Rent Favored,NA,NA,NA,NA,NA,NA,NA,NA,2026-06-30,2026-06-30
Fort Washington,PA,"Philadelphia-Camden-Wilmington, PA-NJ-DE-MD",Montgomery County,787245.4668331096,2.06,2369.8888888888887,NA,28438.666666666664,0.301,27.7,3.61,2.35,Rent Favored,NA,NA,NA,NA,NA,NA,NA,NA,2026-06-30,2026-06-30
La Habra,CA,"Los Angeles-Long Beach-Anaheim, CA",Orange County,915226.237541656,0.96,2744.5456349206347,1.57,32934.54761904762,0.3,27.8,3.6,2.34,Rent Favored,61391,-2.57,3170435,-0.5,2.33,5.61,4.39,43.55,2026-06-30,2026-06-30
Chesterfield,MO,"St. Louis, MO-IL",Saint Louis County,587585.2227110377,3.69,1759.986772486773,4.4,21119.841269841276,0.3,27.8,3.59,2.34,Rent Favored,49465,-0.97,NA,NA,NA,NA,NA,NA,2026-06-30,2026-06-30
Upper Arlington,OH,"Columbus, OH",Franklin County,657233.017368035,3.93,1968.2547619047616,2.58,23619.05714285714,0.299,27.8,3.59,2.34,Rent Favored,36140,-1.69,1356303,2.4,7.58,6.96,3.98,47.03,2026-06-30,2026-06-30
Falcon Heights,MN,"Minneapolis-St. Paul-Bloomington, MN-WI",Ramsey County,424763.30044386006,2.79,1275,NA,15300,0.3,27.8,3.6,2.34,Rent Favored,NA,NA,NA,NA,NA,NA,NA,NA,2026-06-30,2026-06-30
Horseshoe Bay,TX,NA,Llano County,711762.0523982095,-3.99,2132.5,NA,25590,0.3,27.8,3.6,2.34,Rent Favored,NA,NA,NA,NA,NA,NA,NA,NA,2026-06-30,2026-06-30
Bountiful,UT,"Ogden-Clearfield, UT",Davis County,582919.9871757963,2.81,1742.1388888888887,2.99,20905.666666666664,0.299,27.9,3.59,2.33,Rent Favored,45024,-1.65,378470,4.04,4.18,3.29,3.85,22.6,2026-06-30,2026-06-30
Great Falls,VA,"Washington-Arlington-Alexandria, DC-VA-MD-WV",Fairfax County,1730376.504284757,-0.31,5166.5,NA,61998,0.299,27.9,3.58,2.33,Rent Favored,NA,NA,NA,NA,NA,NA,NA,NA,2026-06-30,2026-06-30
Pella,IA,"Pella, IA",Marion County,362928.7330152087,2.62,1085.2083333333333,3.41,13022.5,0.299,27.9,3.59,2.33,Rent Favored,10965,4.71,34048,1.9,10.4,6.02,4.97,22.25,2026-06-30,2026-06-30
Weston,MA,"Boston-Cambridge-Newton, MA-NH",Middlesex County,2311501.868745183,5,6900,NA,82800,0.299,27.9,3.58,2.33,Rent Favored,NA,NA,NA,NA,NA,NA,NA,NA,2026-06-30,2026-06-30
Hamilton,NY,"Syracuse, NY",Madison County,335118.94213032647,6.51,1000,NA,12000,0.298,27.9,3.58,2.33,Rent Favored,NA,NA,NA,NA,NA,NA,NA,NA,2026-06-30,2026-06-30
Everett,WA,"Seattle-Tacoma-Bellevue, WA",Snohomish County,654227.1419136869,-1.48,1946.285410805301,1.66,23355.42492966361,0.297,28,3.57,2.32,Rent Favored,113011,1.91,864113,4.11,11.83,4.9,4.3,31.61,2026-06-30,2026-06-30
Orem,UT,"Provo-Orem, UT",Utah County,511939.7275985295,3.15,1520.17151675485,3.46,18242.0582010582,0.297,28.1,3.56,2.32,Rent Favored,96646,-1.81,747234,12.6,17.51,3.79,2.69,31.87,2026-06-30,2026-06-30
Gardena,CA,"Los Angeles-Long Beach-Anaheim, CA",Los Angeles County,793574.5193936472,2,2362.5,4.3,28350,0.298,28,3.57,2.32,Rent Favored,58921,-3.14,9757179,-2.4,0.03,6.45,4.01,53.92,2026-06-30,2026-06-30
West Linn,OR,"Portland-Vancouver-Hillsboro, OR-WA",Clackamas County,784683.0902928341,0.46,2337.071428571429,1.48,28044.857142857145,0.298,28,3.57,2.32,Rent Favored,26597,-2.83,425857,0.79,3.92,5.7,4.07,28.66,2026-06-30,2026-06-30
Sedona,AZ,"Prescott Valley-Prescott, AZ",Yavapai County,911178.8785718645,-1.37,2712.2420634920636,3.87,32546.904761904763,0.298,28,3.57,2.32,Rent Favored,9778,0.88,252013,6.23,16.63,12.2,4.45,26.49,2026-06-30,2026-06-30
Cody,WY,NA,Park County,482009.9895793178,-4.46,1430.6666666666667,NA,17168,0.297,28.1,3.56,2.32,Rent Favored,10391,2.62,31082,4.77,10.39,11.03,6.92,25.32,2026-06-30,2026-06-30
Bryn Mawr-Skyway,WA,"Seattle-Tacoma-Bellevue, WA",King County,672096.7655759234,-2.21,1999.7333333333331,4.15,23996.799999999996,0.298,28,3.57,2.32,Rent Favored,NA,NA,2340211,2.9,15.35,6.12,5.05,43.91,2026-06-30,2026-06-30
Willoughby Hills,OH,"Cleveland-Elyria, OH",Lake County,367597.3867386179,4.07,1093.0833333333337,NA,13117.000000000004,0.297,28,3.57,2.32,Rent Favored,NA,NA,NA,NA,NA,NA,NA,NA,2026-06-30,2026-06-30
Vashon,WA,"Seattle-Tacoma-Bellevue, WA",King County,908246.220528631,-2.58,2699.5,NA,32394,0.297,28,3.57,2.32,Rent Favored,NA,NA,NA,NA,NA,NA,NA,NA,2026-06-30,2026-06-30
Ayer,MA,"Boston-Cambridge-Newton, MA-NH",Middlesex County,578904.5312758287,2.42,1725,NA,20700,0.298,28,3.58,2.32,Rent Favored,NA,NA,NA,NA,NA,NA,NA,NA,2026-06-30,2026-06-30
Meridian,CO,"Denver-Aurora-Lakewood, CO",Douglas County,652760.1189184124,-5.53,1940.3774509803925,-3.81,23284.52941176471,0.297,28,3.57,2.32,Rent Favored,NA,NA,393995,9.34,17.82,3.14,4.54,22.23,2026-06-30,2026-06-30
Tonka Bay,MN,"Minneapolis-St. Paul-Bloomington, MN-WI",Hennepin County,1143051.9422367148,8.57,3395,NA,40740,0.297,28.1,3.56,2.32,Rent Favored,NA,NA,NA,NA,NA,NA,NA,NA,2026-06-30,2026-06-30
South Jordan,UT,"Salt Lake City, UT",Salt Lake County,666039.202464176,1.54,1971.6260655333824,2.15,23659.512786400588,0.296,28.2,3.55,2.31,Rent Favored,86156,10.52,1216274,2.46,7.39,5.36,5.82,33,2026-06-30,2026-06-30
Coeur d'Alene,ID,"Coeur d'Alene, ID",Kootenai County,611417.5451654125,2.89,1806.8694444444443,2.93,21682.43333333333,0.296,28.2,3.55,2.31,Rent Favored,57355,4.37,188323,8.99,15.6,11.42,3.93,27.79,2026-06-30,2026-06-30
Camas,WA,"Portland-Vancouver-Hillsboro, OR-WA",Clark County,754335.7487165675,-1.19,2237.1079939668175,2.99,26845.29592760181,0.297,28.1,3.56,2.31,Rent Favored,27313,3.08,527269,4.33,6.69,3.84,3.08,33.79,2026-06-30,2026-06-30
Ponte Vedra Beach,FL,"Jacksonville, FL",Saint Johns County,822496.0954925297,-0.08,2438.2074224021594,2.77,29258.48906882591,0.296,28.1,3.56,2.31,Rent Favored,NA,NA,NA,NA,NA,NA,NA,NA,2026-06-30,2026-06-30
York,ME,"Portland-South Portland, ME",York County,783009.2734557036,1.81,2316.6666666666665,NA,27800,0.296,28.2,3.55,2.31,Rent Favored,NA,NA,NA,NA,NA,NA,NA,NA,2026-06-30,2026-06-30
Covina,CA,"Los Angeles-Long Beach-Anaheim, CA",Los Angeles County,803787.9964523454,1.19,2371.9178876678875,0.76,28463.01465201465,0.295,28.2,3.54,2.3,Rent Favored,49245,-3.76,9757179,-2.4,0.03,6.45,4.01,53.92,2026-06-30,2026-06-30
La Mesa,CA,"San Diego-Chula Vista-Carlsbad, CA",San Diego County,900788.2384389042,-0.35,2661.629377104377,1.73,31939.552525252526,0.295,28.2,3.55,2.3,Rent Favored,60767,-0.54,3298799,-0.07,0.09,6.51,4.02,45.49,2026-06-30,2026-06-30
Vienna,VA,"Washington-Arlington-Alexandria, DC-VA-MD-WV",Fairfax County,1197213.7332483982,0.09,3536.214726631393,2.14,42434.57671957672,0.295,28.2,3.54,2.3,Rent Favored,16562,0.69,1160925,1.07,6.94,3.66,4.16,31.65,2026-06-30,2026-06-30
San Juan Capistrano,CA,"Los Angeles-Long Beach-Anaheim, CA",Orange County,1355298.4530968198,2.79,3993.8333333333335,4.28,47926,0.295,28.3,3.54,2.3,Rent Favored,35469,0.88,3170435,-0.5,2.33,5.61,4.39,43.55,2026-06-30,2026-06-30
Morrisville,PA,"Philadelphia-Camden-Wilmington, PA-NJ-DE-MD",Bucks County,568422.7797152731,3.07,1677.6888888888889,5.02,20132.266666666666,0.295,28.2,3.54,2.3,Rent Favored,9745,-0.53,650131,0.61,4.89,3.41,3.04,21.99,2026-06-30,2026-06-30
Clackamas,OR,"Portland-Vancouver-Hillsboro, OR-WA",Clackamas County,591372.5414025432,-1.27,1747.5488095238095,-0.01,20970.585714285713,0.296,28.2,3.55,2.3,Rent Favored,NA,NA,425857,0.79,3.92,5.7,4.07,28.66,2026-06-30,2026-06-30
Superior,CO,"Boulder, CO",Boulder County,832589.3475428653,-2.22,2450.1399927276507,2.34,29401.679912731808,0.294,28.3,3.53,2.3,Rent Favored,13654,4.17,330262,-0.21,4.58,5.31,3.67,37.54,2026-06-30,2026-06-30
West Jordan,UT,"Salt Lake City, UT",Salt Lake County,563413.9806316845,1.48,1656.4974747474746,-0.23,19877.969696969696,0.294,28.3,3.53,2.29,Rent Favored,116688,-0.3,1216274,2.46,7.39,5.36,5.82,33,2026-06-30,2026-06-30
Lynwood,CA,"Los Angeles-Long Beach-Anaheim, CA",Los Angeles County,693081.5281226437,3.67,2035,0.19,24420,0.294,28.4,3.52,2.29,Rent Favored,63596,-4.78,9757179,-2.4,0.03,6.45,4.01,53.92,2026-06-30,2026-06-30
Temple City,CA,"Los Angeles-Long Beach-Anaheim, CA",Los Angeles County,1102107.457278097,1.11,3230.928571428571,3.12,38771.142857142855,0.293,28.4,3.52,2.29,Rent Favored,34989,-3.78,9757179,-2.4,0.03,6.45,4.01,53.92,2026-06-30,2026-06-30
Shelburne,VT,"Burlington-South Burlington, VT",Chittenden County,688636.7305425098,0.98,2025,NA,24300,0.294,28.3,3.53,2.29,Rent Favored,NA,NA,NA,NA,NA,NA,NA,NA,2026-06-30,2026-06-30
Pismo Beach,CA,"San Luis Obispo-Paso Robles, CA",San Luis Obispo County,1116455.5972617995,2.53,3273.6111111111113,6.42,39283.333333333336,0.293,28.4,3.52,2.29,Rent Favored,7984,-0.98,281843,-0.03,0.58,12.79,4.74,38.1,2026-06-30,2026-06-30
Los Angeles,CA,"Los Angeles-Long Beach-Anaheim, CA",Los Angeles County,949478.74719722,-0.65,2773.1869984387954,0.82,33278.24398126554,0.292,28.5,3.5,2.28,Rent Favored,3878704,-0.45,9757179,-2.4,0.03,6.45,4.01,53.92,2026-06-30,2026-06-30
Bellingham,WA,"Bellingham, WA",Whatcom County,674798.1284142866,-0.34,1975.8445413351983,1.15,23710.13449602238,0.293,28.5,3.51,2.28,Rent Favored,95860,4.34,234954,3.3,9.58,9.34,3.08,36.47,2026-06-30,2026-06-30
Upland,CA,"Riverside-San Bernardino-Ontario, CA",San Bernardino County,823280.3638198283,0.45,2407.5752351097176,0.61,28890.90282131661,0.292,28.5,3.51,2.28,Rent Favored,79684,0.81,2214281,1.41,1.68,9.55,3.22,38.46,2026-06-30,2026-06-30
Burien,WA,"Seattle-Tacoma-Bellevue, WA",King County,647574.9480714276,-0.92,1895.9429361488185,1.7,22751.315233785823,0.293,28.5,3.51,2.28,Rent Favored,52046,0.1,2340211,2.9,15.35,6.12,5.05,43.91,2026-06-30,2026-06-30
San Dimas,CA,"Los Angeles-Long Beach-Anaheim, CA",Los Angeles County,921861.1267347746,0.83,2694.1955266955265,-1.04,32330.346320346318,0.292,28.5,3.51,2.28,Rent Favored,33226,-4.51,9757179,-2.4,0.03,6.45,4.01,53.92,2026-06-30,2026-06-30
Arroyo Grande,CA,"San Luis Obispo-Paso Robles, CA",San Luis Obispo County,1042739.3561976708,-0.12,3047.5,NA,36570,0.292,28.5,3.51,2.28,Rent Favored,18249,-1.01,281843,-0.03,0.58,12.79,4.74,38.1,2026-06-30,2026-06-30
Stephenville,TX,"Stephenville, TX",Erath County,326428.5938135633,-0.52,952.802398989899,-1.19,11433.628787878788,0.292,28.5,3.5,2.28,Rent Favored,22147,4.89,44496,4.16,-1.64,11.54,7.52,36.2,2026-06-30,2026-06-30
Santaquin,UT,"Provo-Orem, UT",Utah County,499437.742122174,1.9,1462.5,NA,17550,0.293,28.5,3.51,2.28,Rent Favored,NA,NA,NA,NA,NA,NA,NA,NA,2026-06-30,2026-06-30
Renton,WA,"Seattle-Tacoma-Bellevue, WA",King County,752310.2992340584,-2.08,2190.5843088071347,1.77,26287.011705685618,0.291,28.6,3.49,2.27,Rent Favored,105543,-1.12,2340211,2.9,15.35,6.12,5.05,43.91,2026-06-30,2026-06-30
Prosper,TX,"Dallas-Fort Worth-Arlington, TX",Collin County,776414.2581676185,-5.99,2261.8918997668993,-1.13,27142.702797202794,0.291,28.6,3.5,2.27,Rent Favored,44503,44.41,1254658,16.64,31.61,5.16,6.55,35.92,2026-06-30,2026-06-30
Aldie,VA,"Washington-Arlington-Alexandria, DC-VA-MD-WV",Loudoun County,1136431.9165288336,3.46,3310.194444444445,NA,39722.333333333336,0.291,28.6,3.5,2.27,Rent Favored,NA,NA,443380,4.89,7.24,2.75,4.35,22.08,2026-06-30,2026-06-30
Half Moon Bay,CA,"San Francisco-Oakland-Berkeley, CA",San Mateo County,1559314.0225602228,0.25,4541.666666666666,NA,54499.99999999999,0.291,28.6,3.5,2.27,Rent Favored,NA,NA,NA,NA,NA,NA,NA,NA,2026-06-30,2026-06-30
Trophy Club,TX,"Dallas-Fort Worth-Arlington, TX",Denton County,706879.3075182737,-2.32,2060,NA,24720,0.291,28.6,3.5,2.27,Rent Favored,13704,-0.2,1045120,14.28,23.72,4.75,5.09,34.63,2026-06-30,2026-06-30
Alpharetta,GA,"Atlanta-Sandy Springs-Alpharetta, GA",Fulton County,730792.6134734914,-0.5,2116.4459698442897,0.56,25397.351638131477,0.29,28.8,3.48,2.26,Rent Favored,67275,1.98,1090354,1.97,1.33,8.52,7.69,45.86,2026-06-30,2026-06-30
Cypress,CA,"Los Angeles-Long Beach-Anaheim, CA",Orange County,1080895.8291048026,2.36,3131.752777777778,0.99,37581.03333333334,0.29,28.8,3.48,2.26,Rent Favored,49286,-1.53,3170435,-0.5,2.33,5.61,4.39,43.55,2026-06-30,2026-06-30
Tualatin,OR,"Portland-Vancouver-Hillsboro, OR-WA",Washington County,640238.3102877048,-1.7,1853.2738095238096,3.07,22239.285714285717,0.289,28.8,3.47,2.26,Rent Favored,28036,0.55,611272,1.7,7.45,3.35,3.82,39.13,2026-06-30,2026-06-30
Canby,OR,"Portland-Vancouver-Hillsboro, OR-WA",Clackamas County,599455.5175799207,1.29,1736.1944444444443,2.25,20834.333333333332,0.29,28.8,3.48,2.26,Rent Favored,18027,-1.05,425857,0.79,3.92,5.7,4.07,28.66,2026-06-30,2026-06-30
Whittier,CA,"Los Angeles-Long Beach-Anaheim, CA",Los Angeles County,827319.4055312973,1.55,2387.848866819455,2.95,28654.18640183346,0.289,28.9,3.46,2.25,Rent Favored,85589,-2.36,9757179,-2.4,0.03,6.45,4.01,53.92,2026-06-30,2026-06-30
Walnut Creek,CA,"San Francisco-Oakland-Berkeley, CA",Contra Costa County,1039519.8852279646,-0.19,3002.9204793028325,5.18,36035.04575163399,0.289,28.8,3.47,2.25,Rent Favored,70817,0.85,1172607,0.55,6.48,3.5,2.91,32.35,2026-06-30,2026-06-30
Gilroy,CA,"San Jose-Sunnyvale-Santa Clara, CA",Santa Clara County,1068039.045602873,-0.87,3082.4583333333335,3.08,36989.5,0.289,28.9,3.46,2.25,Rent Favored,60390,1.67,1926325,0.08,11.74,5.72,5.29,44.7,2026-06-30,2026-06-30
Monrovia,CA,"Los Angeles-Long Beach-Anaheim, CA",Los Angeles County,994908.698839279,1.48,2872.312872975277,1.83,34467.754475703325,0.289,28.9,3.46,2.25,Rent Favored,37787,-0.56,9757179,-2.4,0.03,6.45,4.01,53.92,2026-06-30,2026-06-30
Keller,TX,"Dallas-Fort Worth-Arlington, TX",Tarrant County,661460.3363030747,0.87,1904.4834733893556,4.01,22853.801680672266,0.288,28.9,3.46,2.25,Rent Favored,46643,2.02,2230708,5.41,8.74,7.08,7.73,40.64,2026-06-30,2026-06-30
Snoqualmie,WA,"Seattle-Tacoma-Bellevue, WA",King County,1098970.5207107377,-3.17,3172.555555555556,7.09,38070.66666666667,0.289,28.9,3.46,2.25,Rent Favored,13748,-2.39,2340211,2.9,15.35,6.12,5.05,43.91,2026-06-30,2026-06-30
Castle Pines,CO,"Denver-Aurora-Lakewood, CO",Douglas County,903638.8685734378,-1.79,2603.3444444444444,1.92,31240.13333333333,0.288,28.9,3.46,2.25,Rent Favored,15162,35.22,393995,9.34,17.82,3.14,4.54,22.23,2026-06-30,2026-06-30
Victor,ID,"Idaho Falls, ID",Bonneville County,916328.4981355402,3.44,2641.6666666666665,NA,31700,0.288,28.9,3.46,2.25,Rent Favored,NA,NA,NA,NA,NA,NA,NA,NA,2026-06-30,2026-06-30
Yorba Linda,CA,"Los Angeles-Long Beach-Anaheim, CA",Orange County,1420518.654410627,1.75,4082.7905011655007,3.77,48993.48601398601,0.287,29,3.45,2.24,Rent Favored,66489,-2.55,3170435,-0.5,2.33,5.61,4.39,43.55,2026-06-30,2026-06-30
Pico Rivera,CA,"Los Angeles-Long Beach-Anaheim, CA",Los Angeles County,756477.15619807,0.95,2168.555555555555,5.62,26022.666666666664,0.287,29.1,3.44,2.24,Rent Favored,59363,-4.08,9757179,-2.4,0.03,6.45,4.01,53.92,2026-06-30,2026-06-30
Farragut,TN,"Knoxville, TN",Knox County,704133.9743277198,1.62,2026.0787037037037,-2.51,24312.944444444445,0.288,29,3.45,2.24,Rent Favored,25242,7.09,506748,5.46,9.51,8.07,5.28,35.05,2026-06-30,2026-06-30
Scituate,MA,"Boston-Cambridge-Newton, MA-NH",Plymouth County,1045499.77634497,6.07,3000,NA,36000,0.287,29,3.44,2.24,Rent Favored,NA,NA,NA,NA,NA,NA,NA,NA,2026-06-30,2026-06-30
Port Washington,WI,"Milwaukee-Waukesha, WI",Ozaukee County,397477.11483768496,5.88,1140,NA,13680,0.287,29.1,3.44,2.24,Rent Favored,NA,NA,NA,NA,NA,NA,NA,NA,2026-06-30,2026-06-30
Fairfax,CA,"San Francisco-Oakland-Berkeley, CA",Marin County,1251641.4177774386,3.74,3587.5,NA,43050,0.287,29.1,3.44,2.24,Rent Favored,NA,NA,NA,NA,NA,NA,NA,NA,2026-06-30,2026-06-30
Glenmoore,PA,"Philadelphia-Camden-Wilmington, PA-NJ-DE-MD",Chester County,696891.9989248412,5.32,2002.3333333333337,NA,24028.000000000004,0.287,29,3.45,2.24,Rent Favored,NA,NA,NA,NA,NA,NA,NA,NA,2026-06-30,2026-06-30
Jamestown,RI,"Providence-Warwick, RI-MA",Newport County,1219368.6379544272,9.72,3500,NA,42000,0.287,29,3.44,2.24,Rent Favored,NA,NA,NA,NA,NA,NA,NA,NA,2026-06-30,2026-06-30
South Gate,CA,"Los Angeles-Long Beach-Anaheim, CA",Los Angeles County,701328.7426039899,2.35,2002.3412698412696,9.01,24028.095238095237,0.286,29.2,3.43,2.23,Rent Favored,90805,-2,9757179,-2.4,0.03,6.45,4.01,53.92,2026-06-30,2026-06-30
University Place,WA,"Seattle-Tacoma-Bellevue, WA",Pierce County,665058.9869212,-1.06,1903.998405103668,2.37,22847.980861244014,0.286,29.1,3.44,2.23,Rent Favored,35160,0.73,941170,1.9,6.6,5.21,4.02,35.21,2026-06-30,2026-06-30
Clifton,VA,"Washington-Arlington-Alexandria, DC-VA-MD-WV",Fairfax County,1030759.7015127852,-0.74,2950,NA,35400,0.286,29.1,3.43,2.23,Rent Favored,NA,NA,NA,NA,NA,NA,NA,NA,2026-06-30,2026-06-30
Oak Park,CA,"Oxnard-Thousand Oaks-Ventura, CA",Ventura County,1146933.7917339036,0.8,3285.957671957672,3.29,39431.49206349206,0.286,29.1,3.44,2.23,Rent Favored,NA,NA,835427,-0.99,0.32,5.64,3.81,35.84,2026-06-30,2026-06-30
Millburn,NJ,"New York-Newark-Jersey City, NY-NJ-PA",Essex County,1332657.3456237596,8.82,3809.444444444445,NA,45713.333333333336,0.286,29.2,3.43,2.23,Rent Favored,NA,NA,NA,NA,NA,NA,NA,NA,2026-06-30,2026-06-30
Lynnwood,WA,"Seattle-Tacoma-Bellevue, WA",Snohomish County,769569.2557354496,-2.62,2190.8832470155085,0.34,26290.5989641861,0.285,29.3,3.42,2.22,Rent Favored,41597,7.91,864113,4.11,11.83,4.9,4.3,31.61,2026-06-30,2026-06-30
Rancho Santa Margarita,CA,"Los Angeles-Long Beach-Anaheim, CA",Orange County,1023921.6518504628,-1.41,2909.6135492577596,3.52,34915.362591093115,0.284,29.3,3.41,2.22,Rent Favored,46353,-3.16,3170435,-0.5,2.33,5.61,4.39,43.55,2026-06-30,2026-06-30
Rigby,ID,"Idaho Falls, ID",Jefferson County,483814.9316821646,2.14,1376.9444444444443,NA,16523.333333333332,0.285,29.3,3.42,2.22,Rent Favored,5683,12.02,34854,12.14,10.04,5.71,0.68,17.63,2026-06-30,2026-06-30
Wynnewood,PA,"Philadelphia-Camden-Wilmington, PA-NJ-DE-MD",Montgomery County,840718.7460078624,4.29,2392.6333333333337,0.5,28711.600000000006,0.285,29.3,3.42,2.22,Rent Favored,NA,NA,879190,2.6,7.92,4.35,5.68,28.27,2026-06-30,2026-06-30
Spring Branch,TX,"San Antonio-New Braunfels, TX",Comal County,578601.2144763833,-0.02,1650,NA,19800,0.285,29.2,3.42,2.22,Rent Favored,NA,NA,NA,NA,NA,NA,NA,NA,2026-06-30,2026-06-30
Polson,MT,NA,Lake County,579581.3726231542,0.3,1650,NA,19800,0.285,29.3,3.42,2.22,Rent Favored,NA,NA,NA,NA,NA,NA,NA,NA,2026-06-30,2026-06-30
Frisco,TX,"Dallas-Fort Worth-Arlington, TX",Collin County,656145.3475463408,-5.01,1861.1045817351396,-0.38,22333.254980821675,0.284,29.4,3.4,2.21,Rent Favored,235208,16,1254658,16.64,31.61,5.16,6.55,35.92,2026-06-30,2026-06-30
Taylorsville,UT,"Salt Lake City, UT",Salt Lake County,499305.3450428047,1.33,1417.4632478632475,-0.71,17009.55897435897,0.284,29.4,3.41,2.21,Rent Favored,57819,-4.24,1216274,2.46,7.39,5.36,5.82,33,2026-06-30,2026-06-30
Malvern,PA,"Philadelphia-Camden-Wilmington, PA-NJ-DE-MD",Chester County,814474.179211009,2.46,2308.376068376068,5.71,27700.512820512813,0.283,29.4,3.4,2.21,Rent Favored,3454,1.08,560745,4.84,7.29,3.95,3.98,25.05,2026-06-30,2026-06-30
Homewood,AL,"Birmingham-Hoover, AL",Jefferson County,578962.6166931932,5.71,1641.489898989899,4.15,19697.878787878788,0.284,29.4,3.4,2.21,Rent Favored,27919,1.87,664744,-1.48,0.68,13.13,7.2,36.28,2026-06-30,2026-06-30
Edgewood,WA,"Seattle-Tacoma-Bellevue, WA",Pierce County,744766.8904716113,-0.45,2106.3333333333335,1.27,25276,0.283,29.5,3.39,2.21,Rent Favored,13496,8.65,941170,1.9,6.6,5.21,4.02,35.21,2026-06-30,2026-06-30
Rowland Heights,CA,"Los Angeles-Long Beach-Anaheim, CA",Los Angeles County,992381.0847269768,0.54,2799.345238095238,4.65,33592.142857142855,0.282,29.5,3.39,2.2,Rent Favored,NA,NA,9757179,-2.4,0.03,6.45,4.01,53.92,2026-06-30,2026-06-30
Pacifica,CA,"San Francisco-Oakland-Berkeley, CA",San Mateo County,1270263.4766602286,-0.46,3583.763888888889,5.82,43005.16666666667,0.282,29.5,3.39,2.2,Rent Favored,37056,-3.85,742893,-2.6,8.67,7.4,7.73,40.91,2026-06-30,2026-06-30
Monument,CO,"Colorado Springs, CO",El Paso County,761331.6799649406,-1.13,2148.3846560846564,1.47,25780.61587301588,0.282,29.5,3.39,2.2,Rent Favored,13408,28.56,752772,2.58,3.46,4.58,3.67,33.62,2026-06-30,2026-06-30
Wilsonville,OR,"Portland-Vancouver-Hillsboro, OR-WA",Clackamas County,636693.0270818545,-1.47,1795.8980186097426,-1.14,21550.776223316912,0.282,29.5,3.38,2.2,Rent Favored,27895,4.39,425857,0.79,3.92,5.7,4.07,28.66,2026-06-30,2026-06-30
Artesia,CA,"Los Angeles-Long Beach-Anaheim, CA",Los Angeles County,876506.0845849375,2.15,2466.666666666667,NA,29600.000000000004,0.281,29.6,3.38,2.2,Rent Favored,NA,NA,NA,NA,NA,NA,NA,NA,2026-06-30,2026-06-30
Lynnfield,MA,"Boston-Cambridge-Newton, MA-NH",Essex County,1130157.830993531,1.71,3180.6666666666665,NA,38168,0.281,29.6,3.38,2.2,Rent Favored,NA,NA,NA,NA,NA,NA,NA,NA,2026-06-30,2026-06-30
Mapleton,UT,"Provo-Orem, UT",Utah County,744222.4379294264,2.12,2100,NA,25200,0.282,29.5,3.39,2.2,Rent Favored,NA,NA,NA,NA,NA,NA,NA,NA,2026-06-30,2026-06-30
Salt Lake City,UT,"Salt Lake City, UT",Salt Lake County,580299.4166818336,1.65,1629.207917771182,1.43,19550.495013254185,0.281,29.7,3.37,2.19,Rent Favored,217783,8.53,1216274,2.46,7.39,5.36,5.82,33,2026-06-30,2026-06-30
Cary,NC,"Raleigh-Cary, NC",Wake County,631158.0336622271,-2.01,1775.352695425272,0.4,21304.232345103264,0.281,29.6,3.38,2.19,Rent Favored,182659,4.49,1232444,9,18.32,7.54,9.49,35.57,2026-06-30,2026-06-30
Morgan Hill,CA,"San Jose-Sunnyvale-Santa Clara, CA",Santa Clara County,1342982.213519968,1.26,3771.672364672365,5.95,45260.068376068375,0.281,29.7,3.37,2.19,Rent Favored,45952,0.58,1926325,0.08,11.74,5.72,5.29,44.7,2026-06-30,2026-06-30
Ramona,CA,"San Diego-Chula Vista-Carlsbad, CA",San Diego County,814652.2871899657,-0.59,2284.2462962962964,5.6,27410.955555555556,0.28,29.7,3.36,2.19,Rent Favored,NA,NA,3298799,-0.07,0.09,6.51,4.02,45.49,2026-06-30,2026-06-30
Goleta,CA,"Santa Maria-Santa Barbara, CA",Santa Barbara County,1365840.6881199344,-0.9,3843.3899521531102,2.05,46120.67942583733,0.281,29.6,3.38,2.19,Rent Favored,32611,-0.46,444500,-0.8,-2.53,6.76,3.08,47.13,2026-06-30,2026-06-30
Anaheim,CA,"Los Angeles-Long Beach-Anaheim, CA",Orange County,954662.1149135064,1.53,2673.914122453056,0.7,32086.96946943667,0.28,29.8,3.36,2.18,Rent Favored,344561,-0.61,3170435,-0.5,2.33,5.61,4.39,43.55,2026-06-30,2026-06-30
El Cajon,CA,"San Diego-Chula Vista-Carlsbad, CA",San Diego County,816132.4540037904,-1.41,2277.316959064328,0,27327.803508771933,0.279,29.9,3.35,2.18,Rent Favored,103291,-2.64,3298799,-0.07,0.09,6.51,4.02,45.49,2026-06-30,2026-06-30
South Orange,NJ,"New York-Newark-Jersey City, NY-NJ-PA",Essex County,1122798.370464936,4.89,3138.461904761905,4.84,37661.54285714286,0.28,29.8,3.35,2.18,Rent Favored,NA,NA,881527,2.5,15.1,5.39,2.7,55.47,2026-06-30,2026-06-30
Glenwood Springs,CO,"Glenwood Springs, CO",Garfield County,882158.662450493,3.8,2467.8063492063493,-0.66,29613.67619047619,0.28,29.8,3.36,2.18,Rent Favored,10311,3.03,63167,2.21,-0.81,6.37,3.48,30.28,2026-06-30,2026-06-30
Marina del Rey,CA,"Los Angeles-Long Beach-Anaheim, CA",Los Angeles County,1341084.3139582064,-2.18,3752.9982579248713,1.51,45035.97909509845,0.28,29.8,3.36,2.18,Rent Favored,NA,NA,9757179,-2.4,0.03,6.45,4.01,53.92,2026-06-30,2026-06-30
Riverdale,UT,"Ogden-Clearfield, UT",Weber County,464499.971113002,1.07,1296.9111111111113,NA,15562.933333333334,0.279,29.8,3.35,2.18,Rent Favored,9184,-2.06,276118,4.99,7.11,6.33,4.96,25.45,2026-06-30,2026-06-30
Fort Mitchell,KY,"Cincinnati, OH-KY-IN",Kenton County,424703.541576008,4.47,1189.5555555555557,NA,14274.666666666668,0.28,29.8,3.36,2.18,Rent Favored,NA,NA,NA,NA,NA,NA,NA,NA,2026-06-30,2026-06-30
Palisade,CO,"Grand Junction, CO",Mesa County,571311.077735309,2.56,1595.5,NA,19146,0.279,29.8,3.35,2.18,Rent Favored,NA,NA,NA,NA,NA,NA,NA,NA,2026-06-30,2026-06-30
Orange,CA,"Los Angeles-Long Beach-Anaheim, CA",Orange County,1141754.9990662232,1.67,3181.037978142077,2.79,38172.45573770492,0.279,29.9,3.34,2.17,Rent Favored,137941,-1.1,3170435,-0.5,2.33,5.61,4.39,43.55,2026-06-30,2026-06-30
Livermore,CA,"San Francisco-Oakland-Berkeley, CA",Alameda County,1109911.1679757198,-5.11,3081.520245186912,3.14,36978.24294224294,0.278,30,3.33,2.17,Rent Favored,84867,-3.42,1649060,-1.88,3.29,5.96,5.26,45.93,2026-06-30,2026-06-30
Alhambra,CA,"Los Angeles-Long Beach-Anaheim, CA",Los Angeles County,932244.6261668165,2.04,2591.606689958592,0.03,31099.280279503106,0.278,30,3.34,2.17,Rent Favored,80279,-2.87,9757179,-2.4,0.03,6.45,4.01,53.92,2026-06-30,2026-06-30
Ambler,PA,"Philadelphia-Camden-Wilmington, PA-NJ-DE-MD",Montgomery County,710701.4564928692,3.08,1977.4166666666667,5.29,23729,0.278,30,3.34,2.17,Rent Favored,6900,1.34,879190,2.6,7.92,4.35,5.68,28.27,2026-06-30,2026-06-30
Walnut,CA,"Los Angeles-Long Beach-Anaheim, CA",Los Angeles County,1196996.497418999,1,3324.1666666666665,4.46,39890,0.278,30,3.33,2.17,Rent Favored,27250,-3.88,9757179,-2.4,0.03,6.45,4.01,53.92,2026-06-30,2026-06-30
Davidson,NC,"Charlotte-Concord-Gastonia, NC-SC",Mecklenburg County,662018.0204167684,0.68,1841.2040404040408,-0.42,22094.44848484849,0.278,30,3.34,2.17,Rent Favored,16276,9.62,1206285,8.06,18.3,7.37,7.33,44.5,2026-06-30,2026-06-30
Grosse Pointe Park,MI,"Detroit-Warren-Dearborn, MI",Wayne County,525160.9354493022,3.55,1458.3333333333333,NA,17500,0.278,30,3.33,2.17,Rent Favored,NA,NA,NA,NA,NA,NA,NA,NA,2026-06-30,2026-06-30
Colbert,WA,"Spokane-Spokane Valley, WA",Spokane County,604012.8428596919,-0.05,1681.7592592592591,NA,20181.11111111111,0.278,29.9,3.34,2.17,Rent Favored,NA,NA,NA,NA,NA,NA,NA,NA,2026-06-30,2026-06-30
Leesburg,VA,"Washington-Arlington-Alexandria, DC-VA-MD-WV",Loudoun County,867654.9814418344,1.74,2398.525799469348,2.93,28782.309593632177,0.276,30.1,3.32,2.16,Rent Favored,49831,2.87,443380,4.89,7.24,2.75,4.35,22.08,2026-06-30,2026-06-30
La Verne,CA,"Los Angeles-Long Beach-Anaheim, CA",Los Angeles County,953632.885180714,1.61,2639.835978835979,2.58,31678.031746031746,0.277,30.1,3.32,2.16,Rent Favored,30192,-4.09,9757179,-2.4,0.03,6.45,4.01,53.92,2026-06-30,2026-06-30
Buena Park,CA,"Los Angeles-Long Beach-Anaheim, CA",Orange County,944692.7968769688,1.24,2602.952380952381,1.34,31235.428571428572,0.276,30.2,3.31,2.15,Rent Favored,82611,-1.5,3170435,-0.5,2.33,5.61,4.39,43.55,2026-06-30,2026-06-30
Lake Forest,CA,"Los Angeles-Long Beach-Anaheim, CA",Orange County,1199098.4545026503,-0.74,3299.3802469135803,0.27,39592.56296296296,0.275,30.3,3.3,2.15,Rent Favored,87159,1.43,3170435,-0.5,2.33,5.61,4.39,43.55,2026-06-30,2026-06-30
Montebello,CA,"Los Angeles-Long Beach-Anaheim, CA",Los Angeles County,831400.6118359409,1.5,2289.452525252525,1.23,27473.430303030298,0.275,30.3,3.3,2.15,Rent Favored,60617,-2.92,9757179,-2.4,0.03,6.45,4.01,53.92,2026-06-30,2026-06-30
Wahiawa,HI,"Urban Honolulu, HI",Honolulu County,864417.5543641801,2.15,2385,8.94,28620,0.276,30.2,3.31,2.15,Rent Favored,NA,NA,998747,-1.35,1.96,9.47,5.27,40.46,2026-06-30,2026-06-30
Arlington,MA,"Boston-Cambridge-Newton, MA-NH",Middlesex County,1103947.8152438712,2.13,3043.083319547836,2.49,36516.99983457403,0.276,30.2,3.31,2.15,Rent Favored,NA,NA,1668956,2.54,11.63,4.52,2.96,38.37,2026-06-30,2026-06-30
Pearl City,HI,"Urban Honolulu, HI",Honolulu County,943925.2607826608,2.01,2599.3333333333335,8.78,31192,0.275,30.3,3.3,2.15,Rent Favored,NA,NA,998747,-1.35,1.96,9.47,5.27,40.46,2026-06-30,2026-06-30
Pleasant Hill,CA,"San Francisco-Oakland-Berkeley, CA",Contra Costa County,1002198.1004473568,-0.99,2765.9996887643943,0.58,33191.99626517273,0.276,30.2,3.31,2.15,Rent Favored,34169,-1.21,1172607,0.55,6.48,3.5,2.91,32.35,2026-06-30,2026-06-30
Oakton,VA,"Washington-Arlington-Alexandria, DC-VA-MD-WV",Fairfax County,1131492.7125338046,0.1,3115.944444444445,NA,37391.333333333336,0.275,30.3,3.3,2.15,Rent Favored,NA,NA,NA,NA,NA,NA,NA,NA,2026-06-30,2026-06-30
Avon,CO,"Edwards, CO",Eagle County,1256431.0430157557,-0.52,3455.555555555555,NA,41466.666666666664,0.275,30.3,3.3,2.15,Rent Favored,NA,NA,NA,NA,NA,NA,NA,NA,2026-06-30,2026-06-30
Long Beach,CA,"Los Angeles-Long Beach-Anaheim, CA",Los Angeles County,862989.1520335613,2,2363.9575201182197,1.68,28367.490241418636,0.274,30.4,3.29,2.14,Rent Favored,450901,-3.16,9757179,-2.4,0.03,6.45,4.01,53.92,2026-06-30,2026-06-30
Chapel Hill,NC,"Durham-Chapel Hill, NC",Orange County,642319.0254976982,-1.08,1763.462361237642,-0.13,21161.548334851705,0.275,30.4,3.29,2.14,Rent Favored,64028,12.3,152877,6.36,2.62,9.13,5.91,35.76,2026-06-30,2026-06-30
Monterey Park,CA,"Los Angeles-Long Beach-Anaheim, CA",Los Angeles County,928283.3769535172,1.35,2544.527777777778,2.68,30534.333333333336,0.274,30.4,3.29,2.14,Rent Favored,57996,-4.77,9757179,-2.4,0.03,6.45,4.01,53.92,2026-06-30,2026-06-30
Newark,CA,"San Francisco-Oakland-Berkeley, CA",Alameda County,1228800.3422517471,-4.4,3370.9018315018316,1.36,40450.82197802198,0.274,30.4,3.29,2.14,Rent Favored,46254,-2.66,1649060,-1.88,3.29,5.96,5.26,45.93,2026-06-30,2026-06-30
Maplewood,NJ,"New York-Newark-Jersey City, NY-NJ-PA",Essex County,990627.4654971146,4.98,2717.9166666666665,NA,32615,0.274,30.4,3.29,2.14,Rent Favored,NA,NA,881527,2.5,15.1,5.39,2.7,55.47,2026-06-30,2026-06-30
Palisades Park,NJ,"New York-Newark-Jersey City, NY-NJ-PA",Bergen County,997726.8054886846,8.83,2743.147619047619,NA,32917.77142857143,0.275,30.3,3.3,2.14,Rent Favored,NA,NA,NA,NA,NA,NA,NA,NA,2026-06-30,2026-06-30
Fullerton,CA,"Los Angeles-Long Beach-Anaheim, CA",Orange County,1053680.4462626297,1.08,2871.933750604742,2.65,34463.205007256904,0.273,30.6,3.27,2.13,Rent Favored,140054,-2.33,3170435,-0.5,2.33,5.61,4.39,43.55,2026-06-30,2026-06-30
Mount Pleasant,SC,"Charleston-North Charleston, SC",Charleston County,887149.1529535846,0.42,2425.2097385620914,1.55,29102.5168627451,0.273,30.5,3.28,2.13,Rent Favored,95604,4.77,431001,5.13,9.27,14.93,11.6,36.51,2026-06-30,2026-06-30
Peachtree Corners,GA,"Atlanta-Sandy Springs-Alpharetta, GA",Gwinnett County,556741.5276482009,-2.28,1517.3650793650793,1.85,18208.38095238095,0.273,30.6,3.27,2.13,Rent Favored,42638,0.93,1003869,4.75,5.96,3.94,4.99,33.31,2026-06-30,2026-06-30
Andover,MA,"Boston-Cambridge-Newton, MA-NH",Essex County,1024404.019292878,2.63,2792.8167735042734,0.99,33513.80128205128,0.273,30.6,3.27,2.13,Rent Favored,NA,NA,823938,2,7.8,5.11,2.53,36.04,2026-06-30,2026-06-30
San Lorenzo,CA,"San Francisco-Oakland-Berkeley, CA",Alameda County,819839.4662961903,-3.42,2237.7555555555555,NA,26853.066666666666,0.273,30.5,3.28,2.13,Rent Favored,NA,NA,1649060,-1.88,3.29,5.96,5.26,45.93,2026-06-30,2026-06-30
Kamas,UT,"Heber, UT",Summit County,1191601.826049086,5.95,3250,NA,39000,0.273,30.6,3.27,2.13,Rent Favored,NA,NA,NA,NA,NA,NA,NA,NA,2026-06-30,2026-06-30
Milton,MA,"Boston-Cambridge-Newton, MA-NH",Norfolk County,1110941.4158827004,2.31,3012.5,NA,36150,0.271,30.7,3.25,2.12,Rent Favored,NA,NA,NA,NA,NA,NA,NA,NA,2026-06-30,2026-06-30
Acton,MA,"Boston-Cambridge-Newton, MA-NH",Middlesex County,891185.2472271472,-0.12,2423.852777777778,NA,29086.233333333337,0.272,30.6,3.26,2.12,Rent Favored,NA,NA,1668956,2.54,11.63,4.52,2.96,38.37,2026-06-30,2026-06-30
Rockcreek,OR,"Portland-Vancouver-Hillsboro, OR-WA",Washington County,626820.655893739,-2.8,1705.8611111111113,-0.48,20470.333333333336,0.272,30.6,3.27,2.12,Rent Favored,NA,NA,611272,1.7,7.45,3.35,3.82,39.13,2026-06-30,2026-06-30
Capitola,CA,"Santa Cruz-Watsonville, CA",Santa Cruz County,1258266.850125427,3.73,3418,2.99,41016,0.272,30.7,3.26,2.12,Rent Favored,9503,-4.11,262406,-3.44,-6,9.15,3.39,40.02,2026-06-30,2026-06-30
Manchester,MA,"Boston-Cambridge-Newton, MA-NH",Essex County,1398744.9005349567,4.48,3800,NA,45600,0.272,30.7,3.26,2.12,Rent Favored,NA,NA,NA,NA,NA,NA,NA,NA,2026-06-30,2026-06-30
Ladera Ranch,CA,"Los Angeles-Long Beach-Anaheim, CA",Orange County,1391815.312867569,-0.1,3769.275,2.92,45231.3,0.271,30.8,3.25,2.11,Rent Favored,NA,NA,3170435,-0.5,2.33,5.61,4.39,43.55,2026-06-30,2026-06-30
Decatur,TX,"Dallas-Fort Worth-Arlington, TX",Wise County,442446.15607253526,0.04,1194.7,-7.24,14336.400000000001,0.27,30.9,3.24,2.11,Rent Favored,8266,24,81275,17.9,38.83,9.62,6.66,17.46,2026-06-30,2026-06-30
Bedford,MA,"Boston-Cambridge-Newton, MA-NH",Middlesex County,1058593.997395943,1.81,2862.555555555555,0.05,34350.666666666664,0.27,30.8,3.24,2.11,Rent Favored,NA,NA,1668956,2.54,11.63,4.52,2.96,38.37,2026-06-30,2026-06-30
Hartville,OH,"Canton-Massillon, OH",Stark County,304320.06972975965,5.61,825,NA,9900,0.271,30.7,3.25,2.11,Rent Favored,NA,NA,NA,NA,NA,NA,NA,NA,2026-06-30,2026-06-30
Missoula,MT,"Missoula, MT",Missoula County,576302.6569647026,0.87,1550.077847295399,3.32,18600.934167544787,0.269,31,3.23,2.1,Rent Favored,78204,5.1,122546,3.54,5.87,7.8,3.82,40.34,2026-06-30,2026-06-30
Huntington Park,CA,"Los Angeles-Long Beach-Anaheim, CA",Los Angeles County,674652.3456147038,1.29,1819.7222222222224,3.75,21836.666666666668,0.27,30.9,3.24,2.1,Rent Favored,52166,-4.64,9757179,-2.4,0.03,6.45,4.01,53.92,2026-06-30,2026-06-30
San Luis Obispo,CA,"San Luis Obispo-Paso Robles, CA",San Luis Obispo County,1100490.28902746,1.7,2966.3845366103433,2.07,35596.61443932412,0.27,30.9,3.23,2.1,Rent Favored,49729,5.38,281843,-0.03,0.58,12.79,4.74,38.1,2026-06-30,2026-06-30
New Albany,OH,"Columbus, OH",Franklin County,645291.8584628762,1.62,1735.0013227513227,2.01,20820.015873015873,0.269,31,3.23,2.1,Rent Favored,11604,4.8,1356303,2.4,7.58,6.96,3.98,47.03,2026-06-30,2026-06-30
Brigham City,UT,"Ogden-Clearfield, UT",Box Elder County,416063.1071186717,2.02,1122.5,NA,13470,0.27,30.9,3.24,2.1,Rent Favored,NA,NA,NA,NA,NA,NA,NA,NA,2026-06-30,2026-06-30
Jackson,WY,"Jackson, WY-ID",Teton County,1961373.2877731505,0.08,5291.666666666667,NA,63500,0.27,30.9,3.24,2.1,Rent Favored,10680,-0.96,23272,-0.48,-7.39,30.51,11.37,38.47,2026-06-30,2026-06-30
Marblehead,MA,"Boston-Cambridge-Newton, MA-NH",Essex County,1076149.7936292195,1.56,2899.5833333333335,6.48,34795,0.269,30.9,3.23,2.1,Rent Favored,NA,NA,823938,2,7.8,5.11,2.53,36.04,2026-06-30,2026-06-30
Lakeside,CA,"San Diego-Chula Vista-Carlsbad, CA",San Diego County,821083.8667631197,0.18,2203.125,2.23,26437.5,0.268,31.1,3.22,2.09,Rent Favored,NA,NA,3298799,-0.07,0.09,6.51,4.02,45.49,2026-06-30,2026-06-30
North Tustin,CA,"Los Angeles-Long Beach-Anaheim, CA",Orange County,1789833.2299433325,2.47,4805.833333333333,NA,57670,0.269,31,3.22,2.09,Rent Favored,NA,NA,3170435,-0.5,2.33,5.61,4.39,43.55,2026-06-30,2026-06-30
Warren Township,NJ,"New York-Newark-Jersey City, NY-NJ-PA",Somerset County,1155830.260682984,4.2,3091.3888888888887,NA,37096.666666666664,0.267,31.2,3.21,2.09,Rent Favored,NA,NA,NA,NA,NA,NA,NA,NA,2026-06-30,2026-06-30
Alamo,CA,"San Francisco-Oakland-Berkeley, CA",Contra Costa County,2573434.607462602,2.36,6900,NA,82800,0.268,31.1,3.22,2.09,Rent Favored,NA,NA,NA,NA,NA,NA,NA,NA,2026-06-30,2026-06-30
Key Largo,FL,"Key West, FL",Monroe County,1095643.6605594242,1.96,2935.066666666667,3.35,35220.8,0.268,31.1,3.21,2.09,Rent Favored,NA,NA,80908,-2.35,-5.34,36.36,20.39,36.61,2026-06-30,2026-06-30
Torrance,CA,"Los Angeles-Long Beach-Anaheim, CA",Los Angeles County,1123531.2608028918,1.51,2997.448232323233,3.33,35969.37878787879,0.267,31.2,3.2,2.08,Rent Favored,139576,-4.69,9757179,-2.4,0.03,6.45,4.01,53.92,2026-06-30,2026-06-30
Santa Cruz,CA,"Santa Cruz-Watsonville, CA",Santa Cruz County,1365772.9363109712,4.26,3648.5190605239386,3.57,43782.22872628726,0.267,31.2,3.21,2.08,Rent Favored,62581,-2.55,262406,-3.44,-6,9.15,3.39,40.02,2026-06-30,2026-06-30
Tustin,CA,"Los Angeles-Long Beach-Anaheim, CA",Orange County,1181600.1992688084,-0.48,3151.359685469441,1.99,37816.316225633294,0.267,31.2,3.2,2.08,Rent Favored,78863,-1.28,3170435,-0.5,2.33,5.61,4.39,43.55,2026-06-30,2026-06-30
Culver City,CA,"Los Angeles-Long Beach-Anaheim, CA",Los Angeles County,1305492.112682582,1.44,3478.312603391232,0.62,41739.751240694786,0.266,31.3,3.2,2.08,Rent Favored,39883,-2.06,9757179,-2.4,0.03,6.45,4.01,53.92,2026-06-30,2026-06-30
Steamboat Springs,CO,"Steamboat Springs, CO",Routt County,1336205.4291038795,3.54,3558.3333333333335,6.36,42700,0.266,31.3,3.2,2.08,Rent Favored,13620,3.01,25243,1.62,1.15,37.21,27.74,24.12,2026-06-30,2026-06-30
Bonita,CA,"San Diego-Chula Vista-Carlsbad, CA",San Diego County,1147964.333543019,2.84,3054.277777777778,2.45,36651.333333333336,0.266,31.3,3.19,2.08,Rent Favored,NA,NA,3298799,-0.07,0.09,6.51,4.02,45.49,2026-06-30,2026-06-30
Boerne,TX,"San Antonio-New Braunfels, TX",Kendall County,560540.5468330771,-0.58,1485.0054278416349,-1.24,17820.06513409962,0.265,31.5,3.18,2.07,Rent Favored,22712,25.57,51828,16.28,26.82,8.24,3.37,22.11,2026-06-30,2026-06-30
Issaquah,WA,"Seattle-Tacoma-Bellevue, WA",King County,1129015.0475047731,-2.2,2995.7486486486487,0.81,35948.983783783784,0.265,31.4,3.18,2.07,Rent Favored,39664,-1.09,2340211,2.9,15.35,6.12,5.05,43.91,2026-06-30,2026-06-30
Eagle,ID,"Boise City, ID",Ada County,792762.5864166553,-1.08,2103.8958333333335,4.67,25246.75,0.265,31.4,3.18,2.07,Rent Favored,33451,5.85,535799,7.53,14.17,4.08,3.49,28.65,2026-06-30,2026-06-30
Happy Valley,OR,"Portland-Vancouver-Hillsboro, OR-WA",Clackamas County,691900.0205677993,-1.02,1832.592513368984,-0.22,21991.11016042781,0.265,31.5,3.18,2.07,Rent Favored,28969,20.21,425857,0.79,3.92,5.7,4.07,28.66,2026-06-30,2026-06-30
Baden,PA,"Pittsburgh, PA",Beaver County,298962.22137048567,3.89,795,NA,9540,0.266,31.3,3.19,2.07,Rent Favored,NA,NA,NA,NA,NA,NA,NA,NA,2026-06-30,2026-06-30
Rye,NH,"Boston-Cambridge-Newton, MA-NH",Rockingham County,1321834.348441327,5.37,3500,NA,42000,0.265,31.5,3.18,2.07,Rent Favored,NA,NA,NA,NA,NA,NA,NA,NA,2026-06-30,2026-06-30
Garden Grove,CA,"Los Angeles-Long Beach-Anaheim, CA",Orange County,1016133.963716832,3.1,2679.0581320450888,2.89,32148.697584541063,0.264,31.6,3.16,2.06,Rent Favored,172361,0.29,3170435,-0.5,2.33,5.61,4.39,43.55,2026-06-30,2026-06-30
Murray,UT,"Salt Lake City, UT",Salt Lake County,553908.4833979915,1.85,1461.1703414864703,-1.01,17534.044097837643,0.264,31.6,3.17,2.06,Rent Favored,50817,0.59,1216274,2.46,7.39,5.36,5.82,33,2026-06-30,2026-06-30
Hingham,MA,"Boston-Cambridge-Newton, MA-NH",Plymouth County,1381375.031671394,6.91,3639.6666666666665,5.94,43676,0.263,31.6,3.16,2.06,Rent Favored,NA,NA,542090,2.58,7.97,7.23,1.91,22.38,2026-06-30,2026-06-30
Bainbridge Island,WA,"Bremerton-Silverdale-Port Orchard, WA",Kitsap County,1194989.816451177,0.42,3150.861111111111,6.85,37810.33333333333,0.264,31.6,3.16,2.06,Rent Favored,24618,-0.88,281420,2.03,11.34,6.99,3.99,29.85,2026-06-30,2026-06-30
Bexley,OH,"Columbus, OH",Franklin County,593559.8182562558,3.97,1566.6666666666667,NA,18800,0.264,31.6,3.17,2.06,Rent Favored,NA,NA,NA,NA,NA,NA,NA,NA,2026-06-30,2026-06-30
San Marino,CA,"Los Angeles-Long Beach-Anaheim, CA",Los Angeles County,2839224.1841001348,6.97,7488.88888888889,NA,89866.66666666667,0.264,31.6,3.17,2.06,Rent Favored,12105,-2.97,9757179,-2.4,0.03,6.45,4.01,53.92,2026-06-30,2026-06-30
North Logan,UT,"Logan, UT-ID",Cache County,566806.9420343688,6.15,1500,NA,18000,0.265,31.5,3.18,2.06,Rent Favored,NA,NA,NA,NA,NA,NA,NA,NA,2026-06-30,2026-06-30
Orono,MN,"Minneapolis-St. Paul-Bloomington, MN-WI",Hennepin County,1155624.4552391774,6.52,3045,NA,36540,0.263,31.6,3.16,2.06,Rent Favored,NA,NA,NA,NA,NA,NA,NA,NA,2026-06-30,2026-06-30
Hudson Oaks,TX,"Dallas-Fort Worth-Arlington, TX",Parker County,548848.886461214,0.24,1448.388888888889,-4.21,17380.666666666668,0.264,31.6,3.17,2.06,Rent Favored,2741,13.41,179707,20.16,32.26,7.74,10.08,17.92,2026-06-30,2026-06-30
Monmouth Beach,NJ,"New York-Newark-Jersey City, NY-NJ-PA",Monmouth County,1151938.4673259794,7.1,3041.666666666667,NA,36500,0.264,31.6,3.17,2.06,Rent Favored,NA,NA,NA,NA,NA,NA,NA,NA,2026-06-30,2026-06-30
Golden,CO,"Denver-Aurora-Lakewood, CO",Jefferson County,873138.9898424802,-0.63,2294.840392180556,-2.45,27538.084706166672,0.263,31.7,3.15,2.05,Rent Favored,20151,-1.22,578533,-0.79,0.75,4.44,4.86,29.39,2026-06-30,2026-06-30
Lexington,MA,"Boston-Cambridge-Newton, MA-NH",Middlesex County,1626350.783180256,2.27,4274.094276094276,NA,51289.131313131315,0.263,31.7,3.15,2.05,Rent Favored,NA,NA,1668956,2.54,11.63,4.52,2.96,38.37,2026-06-30,2026-06-30
Eagle,CO,"Edwards, CO",Eagle County,1039177.9776232956,-0.64,2732.222222222222,16.21,32786.666666666664,0.263,31.7,3.16,2.05,Rent Favored,7349,-2.17,54330,-2.39,-11.87,37.5,16.85,32.43,2026-06-30,2026-06-30
Highland,UT,"Provo-Orem, UT",Utah County,989649.6957736434,4.12,2592.777777777778,NA,31113.333333333336,0.262,31.8,3.14,2.04,Rent Favored,21146,9.12,747234,12.6,17.51,3.79,2.69,31.87,2026-06-30,2026-06-30
Fort Belvoir,VA,"Washington-Arlington-Alexandria, DC-VA-MD-WV",Fairfax County,806295.9430062426,-0.27,2107.0555555555557,NA,25284.666666666668,0.261,31.9,3.14,2.04,Rent Favored,NA,NA,1160925,1.07,6.94,3.66,4.16,31.65,2026-06-30,2026-06-30
Verdi,NV,"Reno, NV",Washoe County,828960.3533016425,1.12,2172.488888888889,NA,26069.86666666667,0.262,31.8,3.14,2.04,Rent Favored,NA,NA,507280,4.01,13.63,8.28,5.88,40.53,2026-06-30,2026-06-30
Seattle,WA,"Seattle-Tacoma-Bellevue, WA",King County,856052.4298850391,-2.22,2224.1250185301756,0.35,26689.500222362105,0.26,32.1,3.12,2.03,Rent Favored,780995,5.45,2340211,2.9,15.35,6.12,5.05,43.91,2026-06-30,2026-06-30
Bothell,WA,"Seattle-Tacoma-Bellevue, WA",Snohomish County,1032938.1997599058,-5.23,2684.5091993889096,1.74,32214.110392666917,0.26,32.1,3.12,2.03,Rent Favored,51770,7.46,864113,4.11,11.83,4.9,4.3,31.61,2026-06-30,2026-06-30
Brea,CA,"Los Angeles-Long Beach-Anaheim, CA",Orange County,1136210.792994696,0.46,2959.593053460701,-0.02,35515.11664152841,0.26,32,3.13,2.03,Rent Favored,47844,1.27,3170435,-0.5,2.33,5.61,4.39,43.55,2026-06-30,2026-06-30
Rexburg,ID,"Rexburg, ID",Madison County,432774.0665470536,5.04,1124.170634920635,0.25,13490.047619047618,0.26,32.1,3.12,2.03,Rent Favored,40695,2.34,55549,4.98,-8.52,13.48,7.58,59.77,2026-06-30,2026-06-30
Durango,CO,"Durango, CO",La Plata County,768184.8594271191,2.87,1996.57,0.32,23958.84,0.26,32.1,3.12,2.03,Rent Favored,19811,3.68,56823,2.06,7.9,18.92,7.43,29.04,2026-06-30,2026-06-30
Blackfoot,ID,"Blackfoot, ID",Bingham County,379863.1015012905,2.78,988.3333333333334,NA,11860,0.26,32,3.12,2.03,Rent Favored,NA,NA,NA,NA,NA,NA,NA,NA,2026-06-30,2026-06-30
Short Hills,NJ,"New York-Newark-Jersey City, NY-NJ-PA",Essex County,2445796.4365590126,7.4,6365,NA,76380,0.26,32,3.12,2.03,Rent Favored,NA,NA,881527,2.5,15.1,5.39,2.7,55.47,2026-06-30,2026-06-30
Downey,CA,"Los Angeles-Long Beach-Anaheim, CA",Los Angeles County,890390.3513752593,1.94,2311.55768588137,3.87,27738.692230576442,0.26,32.1,3.12,2.02,Rent Favored,109368,-4.03,9757179,-2.4,0.03,6.45,4.01,53.92,2026-06-30,2026-06-30
Roswell,GA,"Atlanta-Sandy Springs-Alpharetta, GA",Fulton County,666641.1516555535,0.92,1730.1836419753088,0.33,20762.203703703704,0.26,32.1,3.11,2.02,Rent Favored,92227,-0.77,1090354,1.97,1.33,8.52,7.69,45.86,2026-06-30,2026-06-30
Kailua,HI,"Urban Honolulu, HI",Honolulu County,1545321.8011498544,0.89,4005.993650793651,4.33,48071.92380952381,0.259,32.1,3.11,2.02,Rent Favored,NA,NA,998747,-1.35,1.96,9.47,5.27,40.46,2026-06-30,2026-06-30
Muskego,WI,"Milwaukee-Waukesha, WI",Waukesha County,535229.503286983,6.08,1383.75,NA,16605,0.259,32.2,3.1,2.02,Rent Favored,NA,NA,NA,NA,NA,NA,NA,NA,2026-06-30,2026-06-30
Greenwich,CT,"Bridgeport-Stamford-Norwalk, CT",Fairfield County,2392589.672530682,12.99,6158.317948717949,6.72,73899.81538461539,0.257,32.4,3.09,2.01,Rent Favored,NA,NA,NA,NA,NA,NA,NA,NA,2026-06-30,2026-06-30
Dunwoody,GA,"Atlanta-Sandy Springs-Alpharetta, GA",Dekalb County,686030.2379980652,2.53,1766.984679508029,2.73,21203.81615409635,0.258,32.4,3.09,2.01,Rent Favored,51795,0.39,NA,NA,NA,NA,NA,NA,2026-06-30,2026-06-30
Zionsville,IN,"Indianapolis-Carmel-Anderson, IN",Boone County,708701.8464145018,6.03,1824.6937799043064,3.21,21896.325358851678,0.257,32.4,3.09,2.01,Rent Favored,33161,7.54,78773,10.74,29.2,3.69,3.7,20.69,2026-06-30,2026-06-30
La Crescenta-Montrose,CA,"Los Angeles-Long Beach-Anaheim, CA",Los Angeles County,1304460.7742372474,0.03,3357.7777777777774,2.94,40293.33333333333,0.257,32.4,3.09,2.01,Rent Favored,NA,NA,9757179,-2.4,0.03,6.45,4.01,53.92,2026-06-30,2026-06-30
Carlsbad,CA,"San Diego-Chula Vista-Carlsbad, CA",San Diego County,1387670.4871119938,-10.16,3560.2205981182797,3.06,42722.647177419356,0.257,32.5,3.08,2,Rent Favored,113575,-1.18,3298799,-0.07,0.09,6.51,4.02,45.49,2026-06-30,2026-06-30
Mukilteo,WA,"Seattle-Tacoma-Bellevue, WA",Snohomish County,923636.7745238089,-2.39,2364.876678876679,5.75,28378.520146520146,0.256,32.5,3.07,2,Rent Favored,21299,-0.97,864113,4.11,11.83,4.9,4.3,31.61,2026-06-30,2026-06-30
Rolling Hills Estates,CA,"Los Angeles-Long Beach-Anaheim, CA",Los Angeles County,1896978.9263010928,-0.77,4858.333333333333,NA,58300,0.256,32.5,3.07,2,Rent Favored,NA,NA,NA,NA,NA,NA,NA,NA,2026-06-30,2026-06-30
Saint Helena,CA,"Napa, CA",Napa County,1684158.980025082,-2.11,4315,NA,51780,0.256,32.5,3.07,2,Rent Favored,NA,NA,NA,NA,NA,NA,NA,NA,2026-06-30,2026-06-30
Dublin,CA,"San Francisco-Oakland-Berkeley, CA",Alameda County,1266769.474446306,-7.76,3233.494227994228,2.38,38801.930735930735,0.255,32.6,3.06,1.99,Rent Favored,70544,-2.4,1649060,-1.88,3.29,5.96,5.26,45.93,2026-06-30,2026-06-30
Kaysville,UT,"Ogden-Clearfield, UT",Davis County,689345.6125706355,2.44,1761.9444444444446,NA,21143.333333333336,0.256,32.6,3.07,1.99,Rent Favored,NA,NA,NA,NA,NA,NA,NA,NA,2026-06-30,2026-06-30
Middleton,WI,"Madison, WI",Dane County,626404.5649334422,1.9,1600.6238095238095,1.96,19207.485714285714,0.256,32.6,3.07,1.99,Rent Favored,22566,2.44,588347,4.57,11.72,3.59,2.98,42.34,2026-06-30,2026-06-30
La Canada Flintridge,CA,"Los Angeles-Long Beach-Anaheim, CA",Los Angeles County,2481206.655301765,2.83,6326.944444444444,NA,75923.33333333333,0.255,32.7,3.06,1.99,Rent Favored,NA,NA,NA,NA,NA,NA,NA,NA,2026-06-30,2026-06-30
Carmel-by-the-Sea,CA,"Salinas, CA",Monterey County,2463695.224105217,4.28,6280.657142857143,50.37,75367.88571428572,0.255,32.7,3.06,1.99,Rent Favored,3124,-2.68,436251,-0.97,-4.66,8.72,2.33,47.72,2026-06-30,2026-06-30
Scottsdale,AZ,"Phoenix-Mesa-Chandler, AZ",Maricopa County,858274.7027607901,1.85,2173.308962316885,2.37,26079.707547802616,0.253,32.9,3.04,1.98,Rent Favored,246170,1.78,4673096,5.12,9.38,8.29,5.4,34.99,2026-06-30,2026-06-30
Milpitas,CA,"San Jose-Sunnyvale-Santa Clara, CA",Santa Clara County,1445017.142032017,-1.96,3675.688274955372,6.04,44108.259299464466,0.254,32.8,3.05,1.98,Rent Favored,79746,-0.05,1926325,0.08,11.74,5.72,5.29,44.7,2026-06-30,2026-06-30
Bethesda,MD,"Washington-Arlington-Alexandria, DC-VA-MD-WV",Montgomery County,1168471.357123291,-0.99,2970.9923931704234,0.98,35651.90871804508,0.254,32.8,3.05,1.98,Rent Favored,NA,NA,1082273,2.02,7.76,4.26,3.68,34.66,2026-06-30,2026-06-30
Alameda,CA,"San Francisco-Oakland-Berkeley, CA",Alameda County,1160754.1866079408,-1.45,2947.596963423051,5.5,35371.16356107661,0.254,32.8,3.05,1.98,Rent Favored,78795,0.87,1649060,-1.88,3.29,5.96,5.26,45.93,2026-06-30,2026-06-30
Village of Palmetto Bay,FL,"Miami-Fort Lauderdale-Pompano Beach, FL",Miami-Dade County,1117850.8625623002,1.03,2841.0833333333335,0.62,34093,0.254,32.8,3.05,1.98,Rent Favored,NA,NA,2838461,5.29,19.88,11.11,5.36,47.81,2026-06-30,2026-06-30
Los Altos Hills,CA,"San Jose-Sunnyvale-Santa Clara, CA",Santa Clara County,5973142.887387085,3.93,15150,NA,181800,0.254,32.9,3.04,1.98,Rent Favored,NA,NA,NA,NA,NA,NA,NA,NA,2026-06-30,2026-06-30
Haleiwa,HI,"Urban Honolulu, HI",Honolulu County,1717383.2098287323,1.93,4369.444444444444,NA,52433.33333333333,0.254,32.8,3.05,1.98,Rent Favored,NA,NA,998747,-1.35,1.96,9.47,5.27,40.46,2026-06-30,2026-06-30
Poway,CA,"San Diego-Chula Vista-Carlsbad, CA",San Diego County,1229566.8250024137,-2.61,3102.888888888889,2.18,37234.66666666667,0.252,33,3.03,1.97,Rent Favored,49435,1.33,3298799,-0.07,0.09,6.51,4.02,45.49,2026-06-30,2026-06-30
Boulder,CO,"Boulder, CO",Boulder County,972492.994319048,-0.91,2438.856507621701,0.82,29266.278091460412,0.251,33.2,3.01,1.96,Rent Favored,106803,-1.49,330262,-0.21,4.58,5.31,3.67,37.54,2026-06-30,2026-06-30
Mission Viejo,CA,"Los Angeles-Long Beach-Anaheim, CA",Orange County,1224499.333397941,0.77,3074.43082788671,7.67,36893.16993464052,0.251,33.2,3.01,1.96,Rent Favored,NA,NA,NA,NA,NA,NA,NA,NA,2026-06-30,2026-06-30
Shoreline,WA,"Seattle-Tacoma-Bellevue, WA",King County,812220.4461150594,-2.8,2042.1247707095165,2.84,24505.4972485142,0.251,33.1,3.02,1.96,Rent Favored,66251,12.63,2340211,2.9,15.35,6.12,5.05,43.91,2026-06-30,2026-06-30
Lake Oswego,OR,"Portland-Vancouver-Hillsboro, OR-WA",Clackamas County,898636.5070012853,0.07,2257.6701167270426,0.1,27092.041400724513,0.251,33.2,3.01,1.96,Rent Favored,40029,-2.1,425857,0.79,3.92,5.7,4.07,28.66,2026-06-30,2026-06-30
Montclair,NJ,"New York-Newark-Jersey City, NY-NJ-PA",Essex County,1204654.3444619337,7.98,3021.2550034506553,4.62,36255.060041407865,0.251,33.2,3.01,1.96,Rent Favored,NA,NA,881527,2.5,15.1,5.39,2.7,55.47,2026-06-30,2026-06-30
Leawood,KS,"Kansas City, MO-KS",Johnson County,806898.5237419923,6.96,2024.0919191919193,0.99,24289.10303030303,0.251,33.2,3.01,1.96,Rent Favored,34013,0.39,632276,3.45,6.72,4.13,5,31.44,2026-06-30,2026-06-30
Bryn Mawr,PA,"Philadelphia-Camden-Wilmington, PA-NJ-DE-MD",Delaware County,942630.9343232312,5.55,2362.870833333333,5.96,28354.449999999997,0.251,33.2,3.01,1.96,Rent Favored,NA,NA,584882,1.45,5.58,5.55,4.21,30.36,2026-06-30,2026-06-30
Sandy,UT,"Salt Lake City, UT",Salt Lake County,670854.8560405201,1.8,1681.367965367965,-0.89,20176.415584415583,0.251,33.2,3.01,1.95,Rent Favored,92840,-4.25,1216274,2.46,7.39,5.36,5.82,33,2026-06-30,2026-06-30
Brookhaven,GA,"Atlanta-Sandy Springs-Alpharetta, GA",Dekalb County,755048.6809902652,2.62,1883.9488727858295,1.77,22607.386473429953,0.25,33.4,2.99,1.95,Rent Favored,59370,4.57,NA,NA,NA,NA,NA,NA,2026-06-30,2026-06-30
Placentia,CA,"Los Angeles-Long Beach-Anaheim, CA",Orange County,1117756.8852077825,0.99,2796.062937062937,1.9,33552.755244755244,0.25,33.3,3,1.95,Rent Favored,53395,1.38,3170435,-0.5,2.33,5.61,4.39,43.55,2026-06-30,2026-06-30
San Gabriel,CA,"Los Angeles-Long Beach-Anaheim, CA",Los Angeles County,1118991.4133830683,3.41,2776.0091575091574,1.54,33312.10989010989,0.248,33.6,2.98,1.94,Rent Favored,37926,-3.91,9757179,-2.4,0.03,6.45,4.01,53.92,2026-06-30,2026-06-30
San Bruno,CA,"San Francisco-Oakland-Berkeley, CA",San Mateo County,1310044.23565836,1.47,3260.182336182336,7.03,39122.18803418803,0.249,33.5,2.99,1.94,Rent Favored,42035,-3.92,742893,-2.6,8.67,7.4,7.73,40.91,2026-06-30,2026-06-30
Holladay,UT,"Salt Lake City, UT",Salt Lake County,849187.9348316529,4.2,2117.238888888889,4.24,25406.86666666667,0.249,33.4,2.99,1.94,Rent Favored,30588,-4.01,1216274,2.46,7.39,5.36,5.82,33,2026-06-30,2026-06-30
Spearfish,SD,"Spearfish, SD",Lawrence County,461765.26603014185,-1.13,1145.8333333333337,NA,13750.000000000004,0.248,33.6,2.98,1.94,Rent Favored,NA,NA,NA,NA,NA,NA,NA,NA,2026-06-30,2026-06-30
Haddonfield,NJ,"Philadelphia-Camden-Wilmington, PA-NJ-DE-MD",Camden County,861158.4600761147,8.26,2142.1666666666665,7.33,25706,0.249,33.5,2.99,1.94,Rent Favored,12707,1.28,533988,2.07,5.74,5.92,4.3,34.97,2026-06-30,2026-06-30
Fairview,TX,"Dallas-Fort Worth-Arlington, TX",Collin County,667650.4438139148,-5.93,1662.2083333333333,-2.87,19946.5,0.249,33.5,2.99,1.94,Rent Favored,10922,4.75,1254658,16.64,31.61,5.16,6.55,35.92,2026-06-30,2026-06-30
Castro Valley,CA,"San Francisco-Oakland-Berkeley, CA",Alameda County,1118381.473829451,-0.99,2767.466625966626,2.28,33209.59951159951,0.247,33.7,2.97,1.93,Rent Favored,NA,NA,1649060,-1.88,3.29,5.96,5.26,45.93,2026-06-30,2026-06-30
Lake Forest Park,WA,"Seattle-Tacoma-Bellevue, WA",King County,1038439.28563062,-2.22,2573.266666666667,0.72,30879.200000000004,0.248,33.6,2.97,1.93,Rent Favored,NA,NA,NA,NA,NA,NA,NA,NA,2026-06-30,2026-06-30
Boxboro,MA,"Boston-Cambridge-Newton, MA-NH",Middlesex County,781477.5170488713,0.73,1937.5,NA,23250,0.248,33.6,2.98,1.93,Rent Favored,NA,NA,NA,NA,NA,NA,NA,NA,2026-06-30,2026-06-30
San Jose,CA,"San Jose-Sunnyvale-Santa Clara, CA",Santa Clara County,1413803.9569421944,-1.8,3478.674564088256,5.25,41744.09476905907,0.246,33.9,2.95,1.92,Rent Favored,997368,-1.22,1926325,0.08,11.74,5.72,5.29,44.7,2026-06-30,2026-06-30
Edmonds,WA,"Seattle-Tacoma-Bellevue, WA",Snohomish County,934339.6775000092,-1.64,2300.77003968254,2.99,27609.240476190476,0.246,33.8,2.95,1.92,Rent Favored,42871,0.08,864113,4.11,11.83,4.9,4.3,31.61,2026-06-30,2026-06-30
Laguna Hills,CA,"Los Angeles-Long Beach-Anaheim, CA",Orange County,1238951.8705196667,0.96,3047.858974358974,3.13,36574.30769230769,0.246,33.9,2.95,1.92,Rent Favored,30378,-2.98,3170435,-0.5,2.33,5.61,4.39,43.55,2026-06-30,2026-06-30
Mill Creek,WA,"Seattle-Tacoma-Bellevue, WA",Snohomish County,962632.6722162272,-4.08,2374.2666666666664,0.46,28491.199999999997,0.247,33.8,2.96,1.92,Rent Favored,20993,0.39,864113,4.11,11.83,4.9,4.3,31.61,2026-06-30,2026-06-30
Livingston,MT,NA,Park County,545296.1344689731,-1.03,1338.888888888889,NA,16066.666666666668,0.246,33.9,2.95,1.92,Rent Favored,9021,6.34,18074,4.9,11.45,13.96,5.82,30.39,2026-06-30,2026-06-30
Mill Valley,CA,"San Francisco-Oakland-Berkeley, CA",Marin County,2170464.9698181534,7.03,5305.007407407407,5.58,63660.08888888889,0.244,34.1,2.93,1.91,Rent Favored,13904,-2.11,256400,-1.89,2.96,7.74,3.07,36.12,2026-06-30,2026-06-30
Sebastopol,CA,"Santa Rosa-Petaluma, CA",Sonoma County,1113767.0647317588,-0.19,2723.8888888888887,6.52,32686.666666666664,0.245,34.1,2.93,1.91,Rent Favored,7388,-1.74,485375,-0.64,4.42,7.67,2.55,37.8,2026-06-30,2026-06-30
Albany,CA,"San Francisco-Oakland-Berkeley, CA",Alameda County,1269346.4938873372,3.17,3107.2222222222226,2.19,37286.66666666667,0.245,34,2.94,1.91,Rent Favored,19439,-3.89,1649060,-1.88,3.29,5.96,5.26,45.93,2026-06-30,2026-06-30
Westwood,MA,"Boston-Cambridge-Newton, MA-NH",Norfolk County,1276466.162433764,1.86,3130.0166666666664,NA,37560.2,0.245,34,2.94,1.91,Rent Favored,NA,NA,740754,2.35,9.81,4.09,3.95,31.48,2026-06-30,2026-06-30
Berwyn,PA,"Philadelphia-Camden-Wilmington, PA-NJ-DE-MD",Chester County,996247.8673614552,5.5,2441.838888888889,NA,29302.066666666666,0.245,34,2.94,1.91,Rent Favored,NA,NA,560745,4.84,7.29,3.95,3.98,25.05,2026-06-30,2026-06-30
Sandy Springs,GA,"Atlanta-Sandy Springs-Alpharetta, GA",Fulton County,701612.7282619526,2.94,1705.8932720388957,0.65,20470.71926446675,0.243,34.3,2.92,1.9,Rent Favored,105505,-2.5,1090354,1.97,1.33,8.52,7.69,45.86,2026-06-30,2026-06-30
Moscow,ID,"Moscow, ID",Latah County,485490.1976901577,-0.04,1181.0648148148148,-1.52,14172.777777777777,0.243,34.3,2.92,1.9,Rent Favored,26894,5.38,42180,6.41,7.87,7.87,1.74,39.36,2026-06-30,2026-06-30
Concord,MA,"Boston-Cambridge-Newton, MA-NH",Middlesex County,1468268.696947544,0.42,3569.7666666666664,NA,42837.2,0.243,34.3,2.92,1.9,Rent Favored,NA,NA,1668956,2.54,11.63,4.52,2.96,38.37,2026-06-30,2026-06-30
Bellevue,WI,"Green Bay, WI",Brown County,403601.16114797693,3.89,982.3333333333334,NA,11788,0.243,34.2,2.92,1.9,Rent Favored,NA,NA,NA,NA,NA,NA,NA,NA,2026-06-30,2026-06-30
Pasadena,CA,"Los Angeles-Long Beach-Anaheim, CA",Los Angeles County,1213522.2369350952,-0.39,2939.3443529072333,-1.28,35272.1322348868,0.242,34.4,2.91,1.89,Rent Favored,137195,-1.56,9757179,-2.4,0.03,6.45,4.01,53.92,2026-06-30,2026-06-30
Hawthorne,CA,"Los Angeles-Long Beach-Anaheim, CA",Los Angeles County,881067.4746408846,1.52,2137.7808119658116,1.06,25653.36974358974,0.243,34.3,2.91,1.89,Rent Favored,83633,-4.74,9757179,-2.4,0.03,6.45,4.01,53.92,2026-06-30,2026-06-30
Rancho Palos Verdes,CA,"Los Angeles-Long Beach-Anaheim, CA",Los Angeles County,1830994.6012688903,0.18,4433.13005050505,6.51,53197.56060606061,0.242,34.4,2.91,1.89,Rent Favored,40064,-4.91,9757179,-2.4,0.03,6.45,4.01,53.92,2026-06-30,2026-06-30
Park City,UT,"Heber, UT",Summit County,1606189.8873569162,3.35,3887.701587301587,17.71,46652.41904761904,0.242,34.4,2.9,1.89,Rent Favored,NA,NA,NA,NA,NA,NA,NA,NA,2026-06-30,2026-06-30
Dana Point,CA,"Los Angeles-Long Beach-Anaheim, CA",Orange County,1758630.5562176406,4.96,4248.964658021866,3.54,50987.575896262395,0.242,34.5,2.9,1.88,Rent Favored,32585,-1.46,3170435,-0.5,2.33,5.61,4.39,43.55,2026-06-30,2026-06-30
Lake Purdy,AL,"Birmingham-Hoover, AL",Shelby County,506858.3604387848,2.06,1221.6944444444443,NA,14660.333333333332,0.241,34.6,2.89,1.88,Rent Favored,NA,NA,235969,5.38,7.09,5.94,5.41,18.74,2026-06-30,2026-06-30
Shorewood,WI,"Milwaukee-Waukesha, WI",Milwaukee County,566961.5806780583,5.3,1356.047619047619,4.56,16272.571428571428,0.239,34.8,2.87,1.87,Rent Favored,13521,-2.26,924740,-1.48,0.57,8.21,6.16,50.2,2026-06-30,2026-06-30
Daly City,CA,"San Francisco-Oakland-Berkeley, CA",San Mateo County,1132133.7898105655,1.56,2705.9319444444445,6.54,32471.183333333334,0.239,34.9,2.87,1.86,Rent Favored,101418,-3.36,742893,-2.6,8.67,7.4,7.73,40.91,2026-06-30,2026-06-30
Westminster,CA,"Los Angeles-Long Beach-Anaheim, CA",Orange County,1104016.4591351862,3.31,2629.055555555555,1.67,31548.666666666664,0.238,35,2.86,1.86,Rent Favored,89537,-1.36,3170435,-0.5,2.33,5.61,4.39,43.55,2026-06-30,2026-06-30
Monterey,CA,"Salinas, CA",Monterey County,1180394.4860840968,-1.63,2822.222774327122,3.3,33866.673291925465,0.239,34.9,2.87,1.86,Rent Favored,29015,-3.91,436251,-0.97,-4.66,8.72,2.33,47.72,2026-06-30,2026-06-30
El Cerrito,CA,"San Francisco-Oakland-Berkeley, CA",Contra Costa County,1163612.3407854808,0.26,2776.9142857142856,3.81,33322.97142857143,0.239,34.9,2.86,1.86,Rent Favored,26409,1.79,1172607,0.55,6.48,3.5,2.91,32.35,2026-06-30,2026-06-30
Kenmore,WA,"Seattle-Tacoma-Bellevue, WA",King County,1024590.090370857,-4.48,2437.128205128205,0.5,29245.53846153846,0.238,35,2.85,1.86,Rent Favored,24166,1.14,2340211,2.9,15.35,6.12,5.05,43.91,2026-06-30,2026-06-30
Moraga,CA,"San Francisco-Oakland-Berkeley, CA",Contra Costa County,1659508.786340044,0.99,3950.357142857142,NA,47404.28571428571,0.238,35,2.86,1.86,Rent Favored,NA,NA,NA,NA,NA,NA,NA,NA,2026-06-30,2026-06-30
Leavenworth,WA,"Wenatchee, WA",Chelan County,676580.3457187471,-1.85,1609.5833333333333,-1.46,19315,0.238,35,2.85,1.86,Rent Favored,2908,23.38,81228,2.42,11.45,19.16,4.16,36.67,2026-06-30,2026-06-30
Hebron,TX,"Dallas-Fort Worth-Arlington, TX",Denton County,669712.7072733792,-4.47,1593.436507936508,NA,19121.238095238095,0.238,35,2.86,1.86,Rent Favored,NA,NA,NA,NA,NA,NA,NA,NA,2026-06-30,2026-06-30
Redondo Beach,CA,"Los Angeles-Long Beach-Anaheim, CA",Los Angeles County,1495024.7581903834,2.56,3543.472814444927,3.04,42521.67377333912,0.237,35.2,2.84,1.85,Rent Favored,68075,-4.6,9757179,-2.4,0.03,6.45,4.01,53.92,2026-06-30,2026-06-30
Millcreek,UT,"Salt Lake City, UT",Salt Lake County,645592.2731056664,2.85,1530.7872615262322,0.4,18369.447138314787,0.237,35.1,2.85,1.85,Rent Favored,64217,0.85,1216274,2.46,7.39,5.36,5.82,33,2026-06-30,2026-06-30
Westfield,NJ,"New York-Newark-Jersey City, NY-NJ-PA",Union County,1334619.012550174,8.48,3158.976190476191,1.33,37907.71428571429,0.237,35.2,2.84,1.85,Rent Favored,32050,3.73,594160,3.57,15.84,4.55,3.18,42.39,2026-06-30,2026-06-30
Alpine,CA,"San Diego-Chula Vista-Carlsbad, CA",San Diego County,971172.5800065898,1.54,2308.4666666666667,2.31,27701.6,0.238,35.1,2.85,1.85,Rent Favored,NA,NA,3298799,-0.07,0.09,6.51,4.02,45.49,2026-06-30,2026-06-30
New Providence,NJ,"New York-Newark-Jersey City, NY-NJ-PA",Union County,1030724.717527196,6.52,2438.527777777778,NA,29262.333333333336,0.237,35.2,2.84,1.85,Rent Favored,13957,1.85,594160,3.57,15.84,4.55,3.18,42.39,2026-06-30,2026-06-30
River Edge,NJ,"New York-Newark-Jersey City, NY-NJ-PA",Bergen County,878175.316359453,10.87,2085,NA,25020,0.237,35.1,2.85,1.85,Rent Favored,NA,NA,NA,NA,NA,NA,NA,NA,2026-06-30,2026-06-30
Cohasset,MA,"Boston-Cambridge-Newton, MA-NH",Norfolk County,1483837.92826808,5.57,3513.5,NA,42162,0.237,35.2,2.84,1.85,Rent Favored,NA,NA,NA,NA,NA,NA,NA,NA,2026-06-30,2026-06-30
Manitou Springs,CO,"Colorado Springs, CO",Teller County,557121.149331716,0.53,1323.2870370370372,-0.41,15879.444444444445,0.238,35.1,2.85,1.85,Rent Favored,4607,-5.54,24862,0.47,6.6,16.74,2.58,17.79,2026-06-30,2026-06-30
Newton,MA,"Boston-Cambridge-Newton, MA-NH",Middlesex County,1564706.1045201544,1.95,3684.791225749559,3.53,44217.49470899471,0.235,35.4,2.83,1.84,Rent Favored,90700,2.08,1668956,2.54,11.63,4.52,2.96,38.37,2026-06-30,2026-06-30
Winchester,MA,"Boston-Cambridge-Newton, MA-NH",Middlesex County,1598629.2643333457,1.52,3776.22962962963,2.27,45314.75555555556,0.236,35.3,2.83,1.84,Rent Favored,NA,NA,1668956,2.54,11.63,4.52,2.96,38.37,2026-06-30,2026-06-30
Farmington,UT,"Ogden-Clearfield, UT",Davis County,697668.9019663926,3.33,1643.4082491582492,4.94,19720.89898989899,0.236,35.4,2.83,1.84,Rent Favored,26163,6.48,378470,4.04,4.18,3.29,3.85,22.6,2026-06-30,2026-06-30
Chatham,NJ,"New York-Newark-Jersey City, NY-NJ-PA",Morris County,1387193.2450359713,9.44,3271.5,3.56,39258,0.236,35.3,2.83,1.84,Rent Favored,10062,9.48,523053,2.87,8.07,3.41,3.25,26.1,2026-06-30,2026-06-30
Sausalito,CA,"San Francisco-Oakland-Berkeley, CA",Marin County,1555658.013480232,0.82,3676.596825396826,3.31,44119.16190476191,0.236,35.3,2.84,1.84,Rent Favored,7075,-2.51,256400,-1.89,2.96,7.74,3.07,36.12,2026-06-30,2026-06-30
Arcadia,CA,"Los Angeles-Long Beach-Anaheim, CA",Los Angeles County,1414460.7927450512,2.01,3325.2313596491226,3.02,39902.77631578947,0.235,35.4,2.82,1.83,Rent Favored,54472,-3.61,9757179,-2.4,0.03,6.45,4.01,53.92,2026-06-30,2026-06-30
Sammamish,WA,"Seattle-Tacoma-Bellevue, WA",King County,1591920.026025114,-5.74,3738.3555555555554,1.55,44860.26666666666,0.235,35.5,2.82,1.83,Rent Favored,66474,-1.45,2340211,2.9,15.35,6.12,5.05,43.91,2026-06-30,2026-06-30
Isla Vista,CA,"Santa Maria-Santa Barbara, CA",Santa Barbara County,1453911.7394289423,-7.87,3416.6666666666665,NA,41000,0.235,35.5,2.82,1.83,Rent Favored,NA,NA,444500,-0.8,-2.53,6.76,3.08,47.13,2026-06-30,2026-06-30
Carpinteria,CA,"Santa Maria-Santa Barbara, CA",Santa Barbara County,1532292.13609354,7.73,3586.1111111111113,9.47,43033.333333333336,0.234,35.6,2.81,1.83,Rent Favored,12876,-2.76,444500,-0.8,-2.53,6.76,3.08,47.13,2026-06-30,2026-06-30
Coral Gables,FL,"Miami-Fort Lauderdale-Pompano Beach, FL",Miami-Dade County,1576722.637459009,3.2,3677.698348035612,1.4,44132.380176427345,0.233,35.7,2.8,1.82,Rent Favored,50379,1.26,2838461,5.29,19.88,11.11,5.36,47.81,2026-06-30,2026-06-30
Takoma Park,MD,"Washington-Arlington-Alexandria, DC-VA-MD-WV",Montgomery County,695287.4418976462,-1.34,1622.6666666666667,-1.34,19472,0.233,35.7,2.8,1.82,Rent Favored,17856,1.38,1082273,2.02,7.76,4.26,3.68,34.66,2026-06-30,2026-06-30
Creve Coeur,MO,"St. Louis, MO-IL",Saint Louis County,632368.1812334653,4.34,1478.0396825396826,4.17,17736.47619047619,0.234,35.7,2.8,1.82,Rent Favored,18533,-1.5,NA,NA,NA,NA,NA,NA,2026-06-30,2026-06-30
West Slope,OR,"Portland-Vancouver-Hillsboro, OR-WA",Washington County,782279.168433403,-0.97,1823.0833333333333,2.79,21877,0.233,35.8,2.8,1.82,Rent Favored,NA,NA,611272,1.7,7.45,3.35,3.82,39.13,2026-06-30,2026-06-30
Burbank,CA,"Los Angeles-Long Beach-Anaheim, CA",Los Angeles County,1192557.5743277466,-1.05,2764.530980392157,1.74,33174.37176470588,0.232,35.9,2.78,1.81,Rent Favored,103533,-3.25,9757179,-2.4,0.03,6.45,4.01,53.92,2026-06-30,2026-06-30
Encinitas,CA,"San Diego-Chula Vista-Carlsbad, CA",San Diego County,1937011.9271056023,3.95,4498.111721611721,3.93,53977.340659340654,0.232,35.9,2.79,1.81,Rent Favored,61137,-1.39,3298799,-0.07,0.09,6.51,4.02,45.49,2026-06-30,2026-06-30
Solana Beach,CA,"San Diego-Chula Vista-Carlsbad, CA",San Diego County,2257687.61195227,6.14,5243.958333333333,2.66,62927.5,0.232,35.9,2.79,1.81,Rent Favored,12868,-0.44,3298799,-0.07,0.09,6.51,4.02,45.49,2026-06-30,2026-06-30
Incline Village,NV,"Reno, NV",Washoe County,1538357.9926773969,3.31,3549.097222222222,6.27,42589.166666666664,0.231,36.1,2.77,1.8,Rent Favored,NA,NA,507280,4.01,13.63,8.28,5.88,40.53,2026-06-30,2026-06-30
Franklin,TN,"Nashville-Davidson--Murfreesboro--Franklin, TN",Williamson County,928566.947492274,1.4,2132.097482993197,2.15,25585.169795918366,0.23,36.3,2.76,1.79,Rent Favored,89142,5.93,269136,7.82,11.28,3.92,6.75,20.22,2026-06-30,2026-06-30
Union City,CA,"San Francisco-Oakland-Berkeley, CA",Alameda County,1247792.350237694,-5.14,2866.9801169590646,2.12,34403.761403508775,0.23,36.3,2.76,1.79,Rent Favored,66196,-5.34,1649060,-1.88,3.29,5.96,5.26,45.93,2026-06-30,2026-06-30
Sisters,OR,"Albany-Lebanon, OR",Linn County,793149.5382311688,-3.54,1819.5833333333333,NA,21835,0.229,36.3,2.75,1.79,Rent Favored,2957,-3.77,132474,2.72,8.21,4.18,2.4,32.95,2026-06-30,2026-06-30
Glendale,CA,"Los Angeles-Long Beach-Anaheim, CA",Los Angeles County,1197773.979805292,0.72,2732.3822349853276,-0.56,32788.58681982393,0.228,36.5,2.74,1.78,Rent Favored,187823,-4.15,9757179,-2.4,0.03,6.45,4.01,53.92,2026-06-30,2026-06-30
Santa Clara,CA,"San Jose-Sunnyvale-Santa Clara, CA",Santa Clara County,1710119.4222897033,-0.79,3890.282203253866,7.15,46683.38643904639,0.227,36.6,2.73,1.77,Rent Favored,133132,3.52,1926325,0.08,11.74,5.72,5.29,44.7,2026-06-30,2026-06-30
Santa Rosa Beach,FL,"Crestview-Fort Walton Beach-Destin, FL",Walton County,857031.9843096485,-1.09,1942.0113756613755,-1.39,23304.136507936506,0.227,36.8,2.72,1.77,Rent Favored,NA,NA,89666,18.15,36.1,44.55,32.56,22.85,2026-06-30,2026-06-30
Huntington Beach,CA,"Los Angeles-Long Beach-Anaheim, CA",Orange County,1369864.0768218264,4.23,3077.9278388278385,2.29,36935.134065934064,0.225,37.1,2.7,1.75,Rent Favored,193151,-2.66,3170435,-0.5,2.33,5.61,4.39,43.55,2026-06-30,2026-06-30
Lone Tree,CO,"Denver-Aurora-Lakewood, CO",Douglas County,897463.7978257315,-3.13,2011.2971698113208,-0.73,24135.56603773585,0.224,37.2,2.69,1.75,Rent Favored,14061,-1.1,393995,9.34,17.82,3.14,4.54,22.23,2026-06-30,2026-06-30
Tortolita,AZ,"Tucson, AZ",Pima County,624681.854075286,1.55,1400.888888888889,NA,16810.666666666668,0.224,37.2,2.69,1.75,Rent Favored,NA,NA,1080149,3.34,11.47,9.34,5.65,35.19,2026-06-30,2026-06-30
San Ramon,CA,"San Francisco-Oakland-Berkeley, CA",Contra Costa County,1502416.1913723648,-5.51,3352.055793724759,3.53,40224.66952469711,0.223,37.4,2.68,1.74,Rent Favored,85924,-0.53,1172607,0.55,6.48,3.5,2.91,32.35,2026-06-30,2026-06-30
San Rafael,CA,"San Francisco-Oakland-Berkeley, CA",Marin County,1340153.3206657693,1.61,2992.380972193329,2.45,35908.57166631995,0.223,37.3,2.68,1.74,Rent Favored,59961,-1.93,256400,-1.89,2.96,7.74,3.07,36.12,2026-06-30,2026-06-30
Foster City,CA,"San Francisco-Oakland-Berkeley, CA",San Mateo County,1876468.4685868805,-0.04,4181.351111111111,8.05,50176.21333333333,0.223,37.4,2.67,1.74,Rent Favored,32657,-3.2,742893,-2.6,8.67,7.4,7.73,40.91,2026-06-30,2026-06-30
Wayne,PA,"Philadelphia-Camden-Wilmington, PA-NJ-DE-MD",Chester County,977741.102909468,8.3,2180.343045843046,2.69,26164.116550116552,0.223,37.4,2.68,1.74,Rent Favored,NA,NA,560745,4.84,7.29,3.95,3.98,25.05,2026-06-30,2026-06-30
Irvine,CA,"Los Angeles-Long Beach-Anaheim, CA",Orange County,1538072.8704366947,-1.92,3390.4522943345887,1.48,40685.42753201506,0.22,37.8,2.65,1.72,Rent Favored,318683,3.32,3170435,-0.5,2.33,5.61,4.39,43.55,2026-06-30,2026-06-30
Fremont,CA,"San Francisco-Oakland-Berkeley, CA",Alameda County,1499629.018991894,-3.6,3307.678654578111,4.38,39692.143854937334,0.221,37.8,2.65,1.72,Rent Favored,228192,-0.98,1649060,-1.88,3.29,5.96,5.26,45.93,2026-06-30,2026-06-30
Chevy Chase,MD,"Washington-Arlington-Alexandria, DC-VA-MD-WV",Montgomery County,1266291.6380457757,-1.26,2787.797181171319,-1.21,33453.56617405583,0.22,37.9,2.64,1.72,Rent Favored,2927,1.11,1082273,2.02,7.76,4.26,3.68,34.66,2026-06-30,2026-06-30
Mountain View,CA,"San Jose-Sunnyvale-Santa Clara, CA",Santa Clara County,1972668.507695862,0.93,4334.229298622294,8.48,52010.75158346753,0.22,37.9,2.64,1.71,Rent Favored,87316,5.49,1926325,0.08,11.74,5.72,5.29,44.7,2026-06-30,2026-06-30
Laguna Niguel,CA,"Los Angeles-Long Beach-Anaheim, CA",Orange County,1500892.556486196,3.95,3289.4442942942947,5.69,39473.331531531534,0.219,38,2.63,1.71,Rent Favored,64185,-0.55,3170435,-0.5,2.33,5.61,4.39,43.55,2026-06-30,2026-06-30
Danville,CA,"San Francisco-Oakland-Berkeley, CA",Contra Costa County,1881509.8395760832,-2.58,4133.4768564768565,1.75,49601.72227772228,0.22,37.9,2.64,1.71,Rent Favored,43410,-0.35,1172607,0.55,6.48,3.5,2.91,32.35,2026-06-30,2026-06-30
Calabasas,CA,"Los Angeles-Long Beach-Anaheim, CA",Los Angeles County,1727017.9371058904,0.61,3781.0744284954817,1.12,45372.89314194578,0.219,38.1,2.63,1.71,Rent Favored,22256,-4.25,9757179,-2.4,0.03,6.45,4.01,53.92,2026-06-30,2026-06-30
Costa Mesa,CA,"Los Angeles-Long Beach-Anaheim, CA",Orange County,1427922.235792173,5.22,3113.0614053180702,3.2,37356.73686381684,0.218,38.2,2.62,1.7,Rent Favored,109131,-2.61,3170435,-0.5,2.33,5.61,4.39,43.55,2026-06-30,2026-06-30
San Mateo,CA,"San Francisco-Oakland-Berkeley, CA",San Mateo County,1678254.6092239171,2.35,3666.9550943396225,6.07,44003.46113207547,0.218,38.1,2.62,1.7,Rent Favored,103006,-2.51,742893,-2.6,8.67,7.4,7.73,40.91,2026-06-30,2026-06-30
University Park,TX,"Dallas-Fort Worth-Arlington, TX",Dallas County,2489429.8440273064,7.11,5424.444444444445,NA,65093.33333333334,0.218,38.2,2.61,1.7,Rent Favored,25268,0.11,2656028,1.73,0.15,7.76,8.95,49.22,2026-06-30,2026-06-30
Darien,CT,"Bridgeport-Stamford-Norwalk, CT",Fairfield County,2477368.038395669,11.48,5384.433333333333,NA,64613.2,0.217,38.3,2.61,1.7,Rent Favored,NA,NA,NA,NA,NA,NA,NA,NA,2026-06-30,2026-06-30
Santa Barbara,CA,"Santa Maria-Santa Barbara, CA",Santa Barbara County,1834550.734240745,3.01,3966.76993006993,3.1,47601.23916083916,0.216,38.5,2.59,1.69,Rent Favored,87291,-1.66,444500,-0.8,-2.53,6.76,3.08,47.13,2026-06-30,2026-06-30
Belmont,MA,"Boston-Cambridge-Newton, MA-NH",Middlesex County,1501125.1600377357,0.93,3249.1823830409357,4.21,38990.18859649123,0.216,38.5,2.6,1.69,Rent Favored,NA,NA,1668956,2.54,11.63,4.52,2.96,38.37,2026-06-30,2026-06-30
Hailey,ID,"Hailey, ID",Blaine County,921568.2577446486,16.23,1995,NA,23940,0.216,38.5,2.6,1.69,Rent Favored,NA,NA,NA,NA,NA,NA,NA,NA,2026-06-30,2026-06-30
Sussex,WI,"Milwaukee-Waukesha, WI",Waukesha County,521827.1047981949,5.7,1130,NA,13560,0.217,38.5,2.6,1.69,Rent Favored,NA,NA,NA,NA,NA,NA,NA,NA,2026-06-30,2026-06-30
Milton,GA,"Atlanta-Sandy Springs-Alpharetta, GA",Fulton County,958052.6521124176,2.48,2067.0195804195805,1.25,24804.234965034964,0.216,38.6,2.59,1.68,Rent Favored,41490,0.22,1090354,1.97,1.33,8.52,7.69,45.86,2026-06-30,2026-06-30
Mountain Brook,AL,"Birmingham-Hoover, AL",Jefferson County,1064245.024883003,6.69,2295.4333333333334,NA,27545.2,0.216,38.6,2.59,1.68,Rent Favored,NA,NA,NA,NA,NA,NA,NA,NA,2026-06-30,2026-06-30
Lindon,UT,"Provo-Orem, UT",Utah County,740464.5949647032,4.17,1599,NA,19188,0.216,38.6,2.59,1.68,Rent Favored,NA,NA,NA,NA,NA,NA,NA,NA,2026-06-30,2026-06-30
Highland Park,TX,"Dallas-Fort Worth-Arlington, TX",Dallas County,3012844.485844497,4.77,6474.5,NA,77694,0.215,38.8,2.58,1.68,Rent Favored,NA,NA,NA,NA,NA,NA,NA,NA,2026-06-30,2026-06-30
Roca,NE,"Lincoln, NE",Lancaster County,620067.8442325323,5.43,1337.9166666666667,NA,16055,0.216,38.6,2.59,1.68,Rent Favored,NA,NA,NA,NA,NA,NA,NA,NA,2026-06-30,2026-06-30
Kirkland,WA,"Seattle-Tacoma-Bellevue, WA",King County,1227283.4593683777,-5.3,2626.2596087615375,2.21,31515.11530513845,0.214,38.9,2.57,1.67,Rent Favored,95499,2.97,2340211,2.9,15.35,6.12,5.05,43.91,2026-06-30,2026-06-30
Cottonwood Heights,UT,"Salt Lake City, UT",Salt Lake County,789273.4336526743,2.45,1693.4650937297995,1.45,20321.581124757595,0.215,38.8,2.57,1.67,Rent Favored,32437,-3.23,1216274,2.46,7.39,5.36,5.82,33,2026-06-30,2026-06-30
Cherry Creek,CO,"Denver-Aurora-Lakewood, CO",Arapahoe County,885183.9461910672,-1.97,1894.4457070707072,-1.13,22733.348484848488,0.214,38.9,2.57,1.67,Rent Favored,NA,NA,666918,1.77,3.13,4.55,5.64,34.88,2026-06-30,2026-06-30
Ross,CA,"San Francisco-Oakland-Berkeley, CA",Marin County,4171449.099733952,7.05,8950,NA,107400,0.215,38.8,2.57,1.67,Rent Favored,NA,NA,NA,NA,NA,NA,NA,NA,2026-06-30,2026-06-30
Islamorada,FL,"Key West, FL",Monroe County,1244163.2193350396,2.92,2663.8888888888887,NA,31966.666666666664,0.214,38.9,2.57,1.67,Rent Favored,NA,NA,NA,NA,NA,NA,NA,NA,2026-06-30,2026-06-30
Draper,UT,"Salt Lake City, UT",Salt Lake County,817540.1408131655,2.13,1741.7954822954823,2.03,20901.545787545787,0.213,39.1,2.56,1.66,Rent Favored,50166,-1.68,1216274,2.46,7.39,5.36,5.82,33,2026-06-30,2026-06-30
San Anselmo,CA,"San Francisco-Oakland-Berkeley, CA",Marin County,1713533.1000629123,4.75,3657.022222222222,NA,43884.26666666666,0.213,39,2.56,1.66,Rent Favored,12645,-1.33,256400,-1.89,2.96,7.74,3.07,36.12,2026-06-30,2026-06-30
Summit,NJ,"New York-Newark-Jersey City, NY-NJ-PA",Union County,1432491.7872664426,11.29,3005.8333333333335,2.98,36070,0.21,39.7,2.52,1.64,Rent Favored,23102,2.05,594160,3.57,15.84,4.55,3.18,42.39,2026-06-30,2026-06-30
Redwood City,CA,"San Francisco-Oakland-Berkeley, CA",San Mateo County,1884858.2205061167,2.48,3949.461168907072,7.12,47393.53402688487,0.21,39.8,2.51,1.63,Rent Favored,82982,-1.06,742893,-2.6,8.67,7.4,7.73,40.91,2026-06-30,2026-06-30
Pinecrest,FL,"Miami-Fort Lauderdale-Pompano Beach, FL",Miami-Dade County,2258425.2269364516,2.77,4705.952380952381,6.46,56471.428571428565,0.208,40,2.5,1.63,Rent Favored,18981,3.62,2838461,5.29,19.88,11.11,5.36,47.81,2026-06-30,2026-06-30
Bellaire,TX,"Houston-The Woodlands-Sugar Land, TX",Harris County,1193952.7879137087,3.17,2490,NA,29880,0.209,40,2.5,1.63,Rent Favored,17439,1.47,5009302,5.78,13.97,8.3,8.76,45.24,2026-06-30,2026-06-30
Santa Monica,CA,"Los Angeles-Long Beach-Anaheim, CA",Los Angeles County,1698036.9983303144,0.84,3516.521694598245,1.5,42198.260335178944,0.207,40.2,2.49,1.62,Rent Favored,90729,-2.36,9757179,-2.4,0.03,6.45,4.01,53.92,2026-06-30,2026-06-30
Vail,CO,"Edwards, CO",Eagle County,1747489.1892648244,4.15,3634.801587301588,NA,43617.61904761905,0.208,40.1,2.5,1.62,Rent Favored,4466,-7.38,54330,-2.39,-11.87,37.5,16.85,32.43,2026-06-30,2026-06-30
Coronado,CA,"San Diego-Chula Vista-Carlsbad, CA",San Diego County,2594705.878974341,4.79,5354.234489693314,10.14,64250.813876319764,0.206,40.4,2.48,1.61,Rent Favored,18031,-10.65,3298799,-0.07,0.09,6.51,4.02,45.49,2026-06-30,2026-06-30
Del Mar,CA,"San Diego-Chula Vista-Carlsbad, CA",San Diego County,3831645.594926817,7.17,7866.666666666667,27.72,94400,0.205,40.6,2.46,1.6,Rent Favored,3902,-1.09,3298799,-0.07,0.09,6.51,4.02,45.49,2026-06-30,2026-06-30
Pleasanton,CA,"San Francisco-Oakland-Berkeley, CA",Alameda County,1556554.17001976,-6.44,3180.0282810685253,3.98,38160.3393728223,0.204,40.8,2.45,1.59,Rent Favored,75664,-5.03,1649060,-1.88,3.29,5.96,5.26,45.93,2026-06-30,2026-06-30
Pacific Grove,CA,"Salinas, CA",Monterey County,1402672.5552991785,0.47,2859.867424242424,4.74,34318.40909090909,0.204,40.9,2.45,1.59,Rent Favored,14851,-1.58,436251,-0.97,-4.66,8.72,2.33,47.72,2026-06-30,2026-06-30
View Park-Windsor Hills,CA,"Los Angeles-Long Beach-Anaheim, CA",Los Angeles County,1220579.677353008,-0.71,2492.555555555555,NA,29910.666666666664,0.204,40.8,2.45,1.59,Rent Favored,NA,NA,9757179,-2.4,0.03,6.45,4.01,53.92,2026-06-30,2026-06-30
Bradley Beach,NJ,"New York-Newark-Jersey City, NY-NJ-PA",Monmouth County,1142323.5116266203,5.25,2333.333333333333,NA,27999.999999999996,0.204,40.8,2.45,1.59,Rent Favored,NA,NA,NA,NA,NA,NA,NA,NA,2026-06-30,2026-06-30
Lafayette,CA,"San Francisco-Oakland-Berkeley, CA",Contra Costa County,1959052.9286269343,0.93,3974.1666666666665,2.31,47690,0.203,41.1,2.43,1.58,Rent Favored,25371,-0.06,1172607,0.55,6.48,3.5,2.91,32.35,2026-06-30,2026-06-30
Sierra Madre,CA,"Los Angeles-Long Beach-Anaheim, CA",Los Angeles County,1429335.5428507645,-1.77,2886.25,4.04,34635,0.202,41.3,2.42,1.58,Rent Favored,10775,-4.1,9757179,-2.4,0.03,6.45,4.01,53.92,2026-06-30,2026-06-30
Clayton,MO,"St. Louis, MO-IL",Saint Louis County,897108.0810298269,6.73,1809.2037037037037,4.8,21710.444444444445,0.202,41.3,2.42,1.57,Rent Favored,17512,0.88,NA,NA,NA,NA,NA,NA,2026-06-30,2026-06-30
Loomis,CA,"Sacramento-Roseville-Folsom, CA",Placer County,964032.1887146716,1.74,1925,NA,23100,0.2,41.7,2.4,1.56,Rent Favored,NA,NA,NA,NA,NA,NA,NA,NA,2026-06-30,2026-06-30
Ladera Heights,CA,"Los Angeles-Long Beach-Anaheim, CA",Los Angeles County,1730807.85811156,4.27,3472.5,NA,41670,0.201,41.5,2.41,1.56,Rent Favored,NA,NA,NA,NA,NA,NA,NA,NA,2026-06-30,2026-06-30
Inlet Beach,FL,"Crestview-Fort Walton Beach-Destin, FL",Walton County,1400680.7045532542,-1.26,2799.9,2.02,33598.8,0.2,41.7,2.4,1.56,Rent Favored,NA,NA,89666,18.15,36.1,44.55,32.56,22.85,2026-06-30,2026-06-30
Berkeley,CA,"San Francisco-Oakland-Berkeley, CA",Alameda County,1478915.6361189843,2.62,2941.413162046428,2.03,35296.957944557136,0.199,41.9,2.39,1.55,Rent Favored,121749,-1.99,1649060,-1.88,3.29,5.96,5.26,45.93,2026-06-30,2026-06-30
Needham,MA,"Boston-Cambridge-Newton, MA-NH",Norfolk County,1589516.979765423,5.16,3155.4962962962964,-1.15,37865.955555555556,0.199,42,2.38,1.55,Rent Favored,NA,NA,740754,2.35,9.81,4.09,3.95,31.48,2026-06-30,2026-06-30
San Carlos,CA,"San Francisco-Oakland-Berkeley, CA",San Mateo County,2448235.238521151,4.94,4837.217171717172,8.96,58046.606060606064,0.198,42.2,2.37,1.54,Rent Favored,29403,-4.06,742893,-2.6,8.67,7.4,7.73,40.91,2026-06-30,2026-06-30
San Clemente,CA,"Los Angeles-Long Beach-Anaheim, CA",Orange County,1750993.4024845464,2.76,3441.569384244926,4.7,41298.83261093911,0.197,42.4,2.36,1.53,Rent Favored,62627,-2.48,3170435,-0.5,2.33,5.61,4.39,43.55,2026-06-30,2026-06-30
Wayzata,MN,"Minneapolis-St. Paul-Bloomington, MN-WI",Hennepin County,946443.6096237265,5.51,1856.4583333333333,NA,22277.5,0.196,42.5,2.35,1.53,Rent Favored,4308,-2.53,1273334,-0.65,4.24,5.29,5.38,37.05,2026-06-30,2026-06-30
Manhattan Beach,CA,"Los Angeles-Long Beach-Anaheim, CA",Los Angeles County,3315156.0495667085,8.32,6459.335511982571,3.93,77512.02614379085,0.195,42.8,2.34,1.52,Rent Favored,33453,-5.45,9757179,-2.4,0.03,6.45,4.01,53.92,2026-06-30,2026-06-30
Los Alamitos,CA,"Los Angeles-Long Beach-Anaheim, CA",Orange County,1589621.179858815,3.06,3093,2.88,37116,0.195,42.8,2.33,1.52,Rent Favored,11846,0.59,3170435,-0.5,2.33,5.61,4.39,43.55,2026-06-30,2026-06-30
Redmond,WA,"Seattle-Tacoma-Bellevue, WA",King County,1364438.1529286588,-4.09,2639.991644462044,1.71,31679.899733544527,0.193,43.1,2.32,1.51,Rent Favored,82195,12.02,2340211,2.9,15.35,6.12,5.05,43.91,2026-06-30,2026-06-30
Franklin Lakes,NJ,"New York-Newark-Jersey City, NY-NJ-PA",Bergen County,1631540.5611105177,11.96,3162.5,NA,37950,0.194,43,2.33,1.51,Rent Favored,NA,NA,NA,NA,NA,NA,NA,NA,2026-06-30,2026-06-30
Ladue,MO,"St. Louis, MO-IL",Saint Louis County,1392755.998993023,8.05,2690.833333333333,NA,32289.999999999996,0.193,43.1,2.32,1.51,Rent Favored,NA,NA,NA,NA,NA,NA,NA,NA,2026-06-30,2026-06-30
Fountain Valley,CA,"Los Angeles-Long Beach-Anaheim, CA",Orange County,1400151.6053619783,4.17,2697.8277777777776,3.34,32373.93333333333,0.193,43.2,2.31,1.5,Rent Favored,56036,-1.64,3170435,-0.5,2.33,5.61,4.39,43.55,2026-06-30,2026-06-30
Devon,PA,"Philadelphia-Camden-Wilmington, PA-NJ-DE-MD",Chester County,1036162.0949212392,7.3,1987.9629629629628,NA,23855.555555555555,0.192,43.4,2.3,1.5,Rent Favored,NA,NA,560745,4.84,7.29,3.95,3.98,25.05,2026-06-30,2026-06-30
Bellevue,WA,"Seattle-Tacoma-Bellevue, WA",King County,1470485.673001331,-3.86,2795.9638692709486,0.72,33551.56643125138,0.19,43.8,2.28,1.48,Rent Favored,154377,1.71,2340211,2.9,15.35,6.12,5.05,43.91,2026-06-30,2026-06-30
Wellesley,MA,"Boston-Cambridge-Newton, MA-NH",Norfolk County,2083642.392288812,3.92,3867.772222222222,10.25,46413.26666666666,0.186,44.9,2.23,1.45,Rent Favored,NA,NA,740754,2.35,9.81,4.09,3.95,31.48,2026-06-30,2026-06-30
Tiburon,CA,"San Francisco-Oakland-Berkeley, CA",Marin County,3087746.0943133626,6.21,5734.333333333333,9.93,68812,0.186,44.9,2.23,1.45,Rent Favored,8933,-2.24,256400,-1.89,2.96,7.74,3.07,36.12,2026-06-30,2026-06-30
Larkspur,CA,"San Francisco-Oakland-Berkeley, CA",Marin County,2200578.4151009102,6.57,4077.2333333333336,7.25,48926.8,0.185,45,2.22,1.45,Rent Favored,12807,-1.75,256400,-1.89,2.96,7.74,3.07,36.12,2026-06-30,2026-06-30
Sunnyvale,CA,"San Jose-Sunnyvale-Santa Clara, CA",Santa Clara County,2077157.33824611,0.47,3821.456235630362,6.36,45857.47482756434,0.184,45.3,2.21,1.44,Rent Favored,156792,0.99,1926325,0.08,11.74,5.72,5.29,44.7,2026-06-30,2026-06-30
McLean,VA,"Washington-Arlington-Alexandria, DC-VA-MD-WV",Fairfax County,1499172.249600578,0.58,2768.7524081490446,1.09,33225.028897788536,0.185,45.1,2.22,1.44,Rent Favored,NA,NA,1160925,1.07,6.94,3.66,4.16,31.65,2026-06-30,2026-06-30
Woodinville,WA,"Seattle-Tacoma-Bellevue, WA",King County,1369128.7086421072,-3.69,2492.737777777778,-0.19,29912.853333333333,0.182,45.8,2.18,1.42,Rent Favored,13942,3.47,2340211,2.9,15.35,6.12,5.05,43.91,2026-06-30,2026-06-30
Clyde Hill,WA,"Seattle-Tacoma-Bellevue, WA",King County,4146033.637574156,-2.56,7487.5,NA,89850,0.181,46.1,2.17,1.41,Rent Favored,NA,NA,NA,NA,NA,NA,NA,NA,2026-06-30,2026-06-30
Hermosa Beach,CA,"Los Angeles-Long Beach-Anaheim, CA",Los Angeles County,2300269.2479371745,5.33,4130.303030303031,4.39,49563.63636363637,0.18,46.4,2.15,1.4,Rent Favored,18687,-4.96,9757179,-2.4,0.03,6.45,4.01,53.92,2026-06-30,2026-06-30
Campbell,CA,"San Jose-Sunnyvale-Santa Clara, CA",Santa Clara County,1901469.1109623015,2.29,3364.2661111111115,6.58,40371.193333333336,0.177,47.1,2.12,1.38,Rent Favored,42895,-2.04,1926325,0.08,11.74,5.72,5.29,44.7,2026-06-30,2026-06-30
Raleigh Hills,OR,"Portland-Vancouver-Hillsboro, OR-WA",Washington County,932347.0020449827,-1.48,1652.111111111111,NA,19825.333333333332,0.177,47,2.13,1.38,Rent Favored,NA,NA,611272,1.7,7.45,3.35,3.82,39.13,2026-06-30,2026-06-30
Los Altos,CA,"San Jose-Sunnyvale-Santa Clara, CA",Santa Clara County,4621829.139286132,5.66,7992.261904761904,13.19,95907.14285714284,0.173,48.2,2.08,1.35,Rent Favored,30864,-1.55,1926325,0.08,11.74,5.72,5.29,44.7,2026-06-30,2026-06-30
Lake Hart,FL,"Orlando-Kissimmee-Sanford, FL",Orange County,1233073.370944214,0.28,2136.9772727272725,-3.14,25643.727272727272,0.173,48.1,2.08,1.35,Rent Favored,NA,NA,1533646,7.12,16.48,11.72,10.93,42.64,2026-06-30,2026-06-30
Purchase,NY,"New York-Newark-Jersey City, NY-NJ-PA",Westchester County,2295560.8246252565,6.85,3902.7011904761903,2.76,46832.41428571429,0.17,49,2.04,1.33,Rent Favored,NA,NA,1006447,0.5,6.23,5.51,2.35,37.8,2026-06-30,2026-06-30
Millbrae,CA,"San Francisco-Oakland-Berkeley, CA",San Mateo County,2070170.910178925,5.99,3480.7333333333336,10.73,41768.8,0.168,49.6,2.02,1.31,Rent Favored,23321,0.79,742893,-2.6,8.67,7.4,7.73,40.91,2026-06-30,2026-06-30
Laguna Beach,CA,"Los Angeles-Long Beach-Anaheim, CA",Orange County,3031397.7378715924,5.08,5068.452494873548,3.96,60821.42993848257,0.167,49.8,2.01,1.3,Rent Favored,22564,-1.92,3170435,-0.5,2.33,5.61,4.39,43.55,2026-06-30,2026-06-30
El Segundo,CA,"Los Angeles-Long Beach-Anaheim, CA",Los Angeles County,1754428.4917602353,4.31,2913.6730158730156,2.86,34964.07619047619,0.166,50.2,1.99,1.3,Rent Favored,16544,-3.91,9757179,-2.4,0.03,6.45,4.01,53.92,2026-06-30,2026-06-30
Newcastle,WA,"Seattle-Tacoma-Bellevue, WA",King County,1395959.083495675,-2.04,2319.5750000000003,1.32,27834.9,0.166,50.2,1.99,1.3,Rent Favored,13072,-0.56,2340211,2.9,15.35,6.12,5.05,43.91,2026-06-30,2026-06-30
Ocean City,NJ,"Ocean City, NJ",Cape May County,1114172.7344531894,8.16,1850,NA,22200,0.166,50.2,1.99,1.3,Rent Favored,NA,NA,NA,NA,NA,NA,NA,NA,2026-06-30,2026-06-30
Los Gatos,CA,"San Jose-Sunnyvale-Santa Clara, CA",Santa Clara County,2655127.3425109885,3.16,4242.460317460317,5.33,50909.5238095238,0.16,52.2,1.92,1.25,Rent Favored,32952,-1.39,1926325,0.08,11.74,5.72,5.29,44.7,2026-06-30,2026-06-30
Greenwood Village,CO,"Denver-Aurora-Lakewood, CO",Arapahoe County,1423298.2127895893,0.75,2205.997076023392,-0.11,26471.964912280702,0.155,53.8,1.86,1.21,Rent Favored,15288,-2.26,666918,1.77,3.13,4.55,5.64,34.88,2026-06-30,2026-06-30
Niwot,CO,"Boulder, CO",Boulder County,1154359.5641930068,2.03,1785.4166666666663,NA,21424.999999999996,0.155,53.9,1.86,1.21,Rent Favored,NA,NA,NA,NA,NA,NA,NA,NA,2026-06-30,2026-06-30
Menlo Park,CA,"San Francisco-Oakland-Berkeley, CA",San Mateo County,2883588.022544677,6.35,4400.326608962725,6.08,52803.9193075527,0.153,54.6,1.83,1.19,Rent Favored,33040,-1.93,742893,-2.6,8.67,7.4,7.73,40.91,2026-06-30,2026-06-30
Brentwood,TN,"Nashville-Davidson--Murfreesboro--Franklin, TN",Williamson County,1410959.4767450718,0.84,2128.861952861953,3.07,25546.343434343435,0.151,55.2,1.81,1.18,Rent Favored,45525,0.17,269136,7.82,11.28,3.92,6.75,20.22,2026-06-30,2026-06-30
Saratoga,CA,"San Jose-Sunnyvale-Santa Clara, CA",Santa Clara County,4094085.3946236954,3.06,6091,6.84,73092,0.149,56,1.79,1.16,Rent Favored,30486,-1.4,1926325,0.08,11.74,5.72,5.29,44.7,2026-06-30,2026-06-30
South Pasadena,CA,"Los Angeles-Long Beach-Anaheim, CA",Los Angeles County,1721981.642743762,5.24,2564.6132756132756,2.03,30775.359307359307,0.149,56,1.79,1.16,Rent Favored,25656,-4.4,9757179,-2.4,0.03,6.45,4.01,53.92,2026-06-30,2026-06-30
Belmont,CA,"San Francisco-Oakland-Berkeley, CA",San Mateo County,2293018.5957309883,3.61,3346.074229691877,7.49,40152.89075630253,0.146,57.1,1.75,1.14,Rent Favored,27132,-4.01,742893,-2.6,8.67,7.4,7.73,40.91,2026-06-30,2026-06-30
Cupertino,CA,"San Jose-Sunnyvale-Santa Clara, CA",Santa Clara County,3065443.0431573926,2.72,4266.752379910275,7.54,51201.028558923295,0.139,59.9,1.67,1.09,Rent Favored,58710,-2.11,1926325,0.08,11.74,5.72,5.29,44.7,2026-06-30,2026-06-30
Burlingame,CA,"San Francisco-Oakland-Berkeley, CA",San Mateo County,2816946.747391092,7.97,3697.498974358974,7.63,44369.98769230769,0.131,63.5,1.58,1.02,Rent Favored,30885,-1.26,742893,-2.6,8.67,7.4,7.73,40.91,2026-06-30,2026-06-30
Palo Alto,CA,"San Jose-Sunnyvale-Santa Clara, CA",Santa Clara County,3604397.9732917584,3.55,4298.730166408669,6.84,51584.761996904024,0.119,69.9,1.43,0.93,Rent Favored,67658,-1.02,1926325,0.08,11.74,5.72,5.29,44.7,2026-06-30,2026-06-30
Beverly Hills,CA,"Los Angeles-Long Beach-Anaheim, CA",Los Angeles County,3686749.30067644,6.31,4313.96369047619,8.68,51767.56428571428,0.117,71.2,1.4,0.91,Rent Favored,31027,-4.77,9757179,-2.4,0.03,6.45,4.01,53.92,2026-06-30,2026-06-30
Newport Beach,CA,"Los Angeles-Long Beach-Anaheim, CA",Orange County,3732150.183024915,10.46,4284.76942039442,4.8,51417.233044733046,0.115,72.6,1.38,0.9,Rent Favored,82970,-2.58,3170435,-0.5,2.33,5.61,4.39,43.55,2026-06-30,2026-06-30
Mercer Island,WA,"Seattle-Tacoma-Bellevue, WA",King County,2328508.6050110697,-2.22,2653.8083213083214,1.51,31845.69985569986,0.114,73.1,1.37,0.89,Rent Favored,25302,-1.74,2340211,2.9,15.35,6.12,5.05,43.91,2026-06-30,2026-06-30
Winnetka,IL,"Chicago-Naperville-Elgin, IL-IN-WI",Cook County,1929615.0035568709,12.19,2003.8888888888887,NA,24046.666666666664,0.104,80.2,1.25,0.81,Rent Favored,NA,NA,NA,NA,NA,NA,NA,NA,2026-06-30,2026-06-30
Wilson,WY,"Jackson, WY-ID",Teton County,3184412.142999649,2.28,3300,NA,39600,0.104,80.4,1.24,0.81,Rent Favored,NA,NA,NA,NA,NA,NA,NA,NA,2026-06-30,2026-06-30
Paradise Valley,AZ,"Phoenix-Mesa-Chandler, AZ",Maricopa County,3581536.529063648,11.24,2904.944444444445,0.46,34859.333333333336,0.081,102.7,0.97,0.63,Rent Favored,12523,-1.28,4673096,5.12,9.38,8.29,5.4,34.99,2026-06-30,2026-06-30
