Const,Your Rating,Date Rated,Title,Original Title,URL,Title Type,IMDb Rating,Runtime (mins),Year,Genres,Num Votes,Release Date,Directors
tt22084616,8,2026-08-01,"Spider-Man: Brand New Day","Spider-Man: Brand New Day",https://www.imdb.com/title/tt22084616,Movie,8.1,145,2026,"Adventure, Sci-Fi, Action",206652,"2026-07-31","Destin Daniel Cretton"
tt37287335,8,2026-07-24,"Obsession","Obsession",https://www.imdb.com/title/tt37287335,Movie,7.9,109,2025,"Horror, Thriller, Romance",316382,"2026-05-15","Curry Barker"
tt33764258,9,2026-07-20,"The Odyssey","The Odyssey",https://www.imdb.com/title/tt33764258,Movie,8.5,172,2026,"Adventure, Fantasy, Action",395283,"2026-07-17","Christopher Nolan"
tt26443616,8,2026-06-29,"Hoppers","Hoppers",https://www.imdb.com/title/tt26443616,Movie,7.2,104,2026,"Animation, Adventure, Comedy, Family, Sci-Fi",80224,"2026-03-06","Daniel Chong"
tt14681924,8,2026-06-17,"My Adventures with Superman","My Adventures with Superman",https://www.imdb.com/title/tt14681924,TV Series,7.6,23,2023,"Animation, Action, Adventure, Comedy, Fantasy, Sci-Fi, Romance",10168,"2023-07-07",
tt0988045,8,2026-06-15,"Sherlock Holmes","Sherlock Holmes",https://www.imdb.com/title/tt0988045,Movie,7.5,128,2009,"Adventure, Mystery, Action",709901,"2009-12-25","Guy Ritchie"
tt1826940,8,2026-06-12,"New Girl","New Girl",https://www.imdb.com/title/tt1826940,TV Series,7.8,22,2011,"Comedy, Romance",265149,"2011-09-20",
tt10857160,6,2026-05-22,"She Hulk: Attorney at Law","She-Hulk: Attorney at Law",https://www.imdb.com/title/tt10857160,TV Mini Series,5.2,35,2022,"Action, Adventure, Comedy, Sci-Fi",211682,"2022-08-18",
tt26443597,8,2026-04-23,"Zootopia 2","Zootopia 2",https://www.imdb.com/title/tt26443597,Movie,7.3,108,2025,"Animation, Adventure, Comedy, Family, Mystery, Crime",150217,"2025-11-26","Jared Bush,Byron Howard"
tt9811316,8,2026-03-03,"Hit-Monkey","Hit-Monkey",https://www.imdb.com/title/tt9811316,TV Series,7.7,22,2021,"Animation, Action, Comedy, Fantasy, Sci-Fi, Adventure",11162,"2021-11-17",
tt35495073,8,2026-02-06,"Heated Rivalry","Heated Rivalry",https://www.imdb.com/title/tt35495073,TV Series,8.7,50,2025,"Drama, Sport, Romance",112499,"2025-11-28",
tt0327084,6,2026-02-02,"Over the Hedge","Over the Hedge",https://www.imdb.com/title/tt0327084,Movie,6.7,83,2006,"Animation, Family, Adventure, Comedy",204907,"2006-05-19","Tim Johnson,Karey Kirkpatrick"
tt14364480,8,2025-12-19,"Wake Up Dead Man","Wake Up Dead Man",https://www.imdb.com/title/tt14364480,Movie,7.3,144,2025,"Thriller, Comedy, Crime, Drama, Mystery",255002,"2025-12-12","Rian Johnson"
tt0314331,6,2025-12-10,"Love Actually","Love Actually",https://www.imdb.com/title/tt0314331,Movie,7.5,135,2003,"Drama, Romance, Comedy",582998,"2003-11-14","Richard Curtis"
tt0457939,6,2025-12-03,"The Holiday","The Holiday",https://www.imdb.com/title/tt0457939,Movie,7.0,136,2006,"Comedy, Romance",369796,"2006-12-08","Nancy Meyers"
tt0877057,8,2025-12-03,"Death Note","Death Note: Desu nôto",https://www.imdb.com/title/tt0877057,TV Series,8.9,24,2006,"Animation, Mystery, Crime, Thriller, Fantasy, Drama",493833,"2007-10-20",
tt19847976,6,2025-11-25,"Wicked: For Good","Wicked: For Good",https://www.imdb.com/title/tt19847976,Movie,6.6,137,2025,"Musical, Family, Fantasy, Romance, Drama",72535,"2025-11-21","Jon M. Chu"
tt3402138,6,2025-11-19,"The Naked Gun","The Naked Gun",https://www.imdb.com/title/tt3402138,Movie,6.3,85,2025,"Comedy, Action, Crime",133465,"2025-08-01","Akiva Schaffer"
tt16027014,6,2025-10-15,"Marvel Zombies","Marvel Zombies",https://www.imdb.com/title/tt16027014,TV Mini Series,7.0,32,2025,"Animation, Horror, Action, Adventure, Drama, Fantasy, Sci-Fi",25200,"2025-09-24",
tt0361748,9,2025-10-08,"Inglourious Basterds","Inglourious Basterds",https://www.imdb.com/title/tt0361748,Movie,8.4,153,2009,"War, Drama",1808892,"2009-08-21","Quentin Tarantino"
tt14205554,8,2025-10-06,"KPop Demon Hunters","K-Pop Demon Hunters",https://www.imdb.com/title/tt14205554,Movie,7.4,95,2025,"Animation, Musical, Action, Adventure, Fantasy, Music, Comedy, Family",140933,"2025-06-20","Chris Appelhans,Maggie Kang"
tt5950044,8,2025-08-14,"Superman","Superman",https://www.imdb.com/title/tt5950044,Movie,7.0,129,2025,"Adventure, Sci-Fi, Action",436628,"2025-07-11","James Gunn"
tt10676052,7,2025-07-27,"The Fantastic Four: First Steps","The Fantastic Four: First Steps",https://www.imdb.com/title/tt10676052,Movie,6.8,115,2025,"Adventure, Action, Sci-Fi",282260,"2025-07-25","Matt Shakman"
tt16311594,8,2025-07-18,"F1: The Movie","F1",https://www.imdb.com/title/tt16311594,Movie,7.6,155,2025,"Sport, Drama",384979,"2025-06-27","Joseph Kosinski"
tt20969586,7,2025-05-30,"Thunderbolts*","Thunderbolts*",https://www.imdb.com/title/tt20969586,Movie,7.1,127,2025,"Action, Adventure, Sci-Fi, Crime, Drama, Fantasy",295893,"2025-05-02","Jake Schreier"
tt36414431,8,2025-05-08,"Star Wars: Tales of the Underworld","Star Wars: Tales of the Underworld",https://www.imdb.com/title/tt36414431,TV Mini Series,7.1,18,2025,"Animation, Short, Action, Adventure, Family, Fantasy, Sci-Fi, Drama",10580,"2025-05-04",
tt31193180,9,2025-04-26,"Sinners","Sinners",https://www.imdb.com/title/tt31193180,Movie,7.5,137,2025,"Horror",514673,"2025-04-18","Ryan Coogler"
tt32019314,8,2025-03-24,"Star Wars: Tales of the Empire","Star Wars: Tales of the Empire",https://www.imdb.com/title/tt32019314,TV Mini Series,7.0,18,2024,"Animation, Short, Adventure, Sci-Fi, Action, Drama, Fantasy",18272,"2024-05-04",
tt16027074,9,2025-02-26,"Your Friendly Neighborhood Spider-Man","Your Friendly Neighborhood Spider-Man",https://www.imdb.com/title/tt16027074,TV Series,7.5,33,2025,"Animation, Action, Adventure, Drama, Fantasy, Sci-Fi, Comedy",19546,"2025-01-29",
tt17163970,8,2025-01-29,"Wallace & Gromit: Vengeance Most Fowl","Wallace & Gromit: Vengeance Most Fowl",https://www.imdb.com/title/tt17163970,Movie,7.5,82,2024,"Animation, Adventure, Comedy, Family, Sci-Fi",42338,"2025-01-03","Merlin Crossingham,Nick Park"
tt20215234,6,2025-01-26,"Conclave","Conclave",https://www.imdb.com/title/tt20215234,Movie,7.4,120,2024,"Thriller, Drama",285702,"2024-10-25","Edward Berger"
tt29623480,9,2025-01-26,"The Wild Robot","The Wild Robot",https://www.imdb.com/title/tt29623480,Movie,8.2,102,2024,"Animation, Family, Adventure, Sci-Fi",234032,"2024-09-27","Chris Sanders"
tt0816692,9,2025-01-03,"Interstellar","Interstellar",https://www.imdb.com/title/tt0816692,Movie,8.7,169,2014,"Sci-Fi, Adventure, Drama",2586249,"2014-11-07","Christopher Nolan"
tt21382296,7,2024-12-23,"Carry-On","Carry-On",https://www.imdb.com/title/tt21382296,Movie,6.5,119,2024,"Action, Thriller, Crime",197584,"2024-12-13","Jaume Collet-Serra"
tt1684562,7,2024-12-23,"The Fall Guy","The Fall Guy",https://www.imdb.com/title/tt1684562,Movie,6.8,126,2024,"Action, Drama, Comedy, Romance",271697,"2024-05-03","David Leitch"
tt13622970,7,2024-12-04,"Moana 2","Moana 2",https://www.imdb.com/title/tt13622970,Movie,6.3,100,2024,"Animation, Musical, Adventure, Comedy, Fantasy, Family",129148,"2024-11-27","David G. Derrick Jr.,Jason Hand,Dana Ledoux Miller"
tt2560140,10,2024-11-12,"Attack on Titan","Shingeki no kyojin",https://www.imdb.com/title/tt2560140,TV Series,9.1,24,2013,"Animation, Fantasy, Horror, Adventure, Drama, Action",737432,"2013-09-28",
tt0095016,8,2024-11-08,"Die Hard","Die Hard",https://www.imdb.com/title/tt0095016,Movie,8.2,132,1988,"Thriller, Action",1036569,"1988-07-20","John McTiernan"
tt11126994,10,2024-10-28,"Arcane","Arcane: League of Legends",https://www.imdb.com/title/tt11126994,TV Series,9.0,40,2021,"Animation, Action, Adventure, Drama, Fantasy, Sci-Fi",452964,"2021-11-06",
tt7678620,10,2024-10-27,"Bluey","Bluey",https://www.imdb.com/title/tt7678620,TV Series,9.3,7,2018,"Animation, Short, Family, Comedy",48791,"2018-09-30",
tt15435876,9,2024-10-22,"The Penguin","The Penguin",https://www.imdb.com/title/tt15435876,TV Mini Series,8.6,60,2024,"Crime, Drama",245526,"2024-09-19",
tt22022452,9,2024-09-30,"Inside Out 2","Inside Out 2",https://www.imdb.com/title/tt22022452,Movie,7.5,96,2024,"Animation, Adventure, Comedy, Drama, Family, Fantasy, Sport",258049,"2024-06-14","Kelsey Mann"
tt1716772,6,2024-09-30,"The Inbetweeners","The Inbetweeners Movie",https://www.imdb.com/title/tt1716772,Movie,6.7,97,2011,"Comedy",91502,"2011-08-17","Ben Palmer"
tt4698684,9,2024-09-02,"Hunt for the Wilderpeople","Hunt for the Wilderpeople",https://www.imdb.com/title/tt4698684,Movie,7.8,101,2016,"Comedy, Drama, Adventure, Family",155265,"2016-07-01","Taika Waititi"
tt0103064,8,2024-08-15,"Terminator 2: Judgment Day","Terminator 2: Judgment Day",https://www.imdb.com/title/tt0103064,Movie,8.6,137,1991,"Adventure, Sci-Fi, Action",1294738,"1991-07-03","James Cameron"
tt14681596,9,2024-08-11,"Batman: Caped Crusader","Batman: Caped Crusader",https://www.imdb.com/title/tt14681596,TV Series,7.2,25,2024,"Animation, Action, Sci-Fi, Crime, Drama, Mystery",18123,"2024-08-01",
tt12262202,5,2024-07-26,"The Acolyte","The Acolyte",https://www.imdb.com/title/tt12262202,TV Series,4.3,40,2024,"Sci-Fi, Thriller, Action, Adventure, Fantasy, Mystery",145299,"2024-06-04",
tt6263850,7,2024-07-26,"Deadpool & Wolverine","Deadpool & Wolverine",https://www.imdb.com/title/tt6263850,Movie,7.5,128,2024,"Action, Comedy, Sci-Fi, Adventure",585754,"2024-07-26","Shawn Levy"
tt0133093,9,2024-07-21,"The Matrix","The Matrix",https://www.imdb.com/title/tt0133093,Movie,8.7,136,1999,"Action, Sci-Fi",2268577,"1999-03-31","Lana Wachowski,Lilly Wachowski"
tt16026746,9,2024-06-03,"X-Men '97","X-Men '97",https://www.imdb.com/title/tt16026746,TV Series,8.7,22,2024,"Animation, Action, Adventure, Sci-Fi, Drama",57796,"2024-03-20",
tt15239678,9,2024-05-26,"Dune: Part Two","Dune: Part Two",https://www.imdb.com/title/tt15239678,Movie,8.4,166,2024,"Adventure, Drama, Sci-Fi, Action",784095,"2024-03-01","Denis Villeneuve"
tt21692408,5,2024-05-19,"Kung Fu Panda 4","Kung Fu Panda 4",https://www.imdb.com/title/tt21692408,Movie,6.3,94,2024,"Animation, Action, Adventure, Comedy, Family, Fantasy",84873,"2024-03-08","Mike Mitchell,Stephanie Stine"
tt0110413,9,2024-05-16,"Léon: The Professional","Léon",https://www.imdb.com/title/tt0110413,Movie,8.5,110,1994,"Action, Drama, Crime, Thriller",1360930,"1994-11-18","Luc Besson"
tt9603212,7,2023-12-26,"Mission: Impossible - Dead Reckoning Part One","Mission: Impossible - Dead Reckoning Part One",https://www.imdb.com/title/tt9603212,Movie,7.6,163,2023,"Action, Adventure, Thriller",331261,"2023-07-12","Christopher McQuarrie"
tt1517268,7,2023-12-20,"Barbie","Barbie",https://www.imdb.com/title/tt1517268,Movie,6.8,114,2023,"Comedy, Adventure, Fantasy",701511,"2023-07-21","Greta Gerwig"
tt14452776,9,2023-12-20,"The Bear","The Bear",https://www.imdb.com/title/tt14452776,TV Series,8.5,1611,2022,"Drama, Comedy",321391,"2022-06-23",
tt13309742,9,2023-12-20,"Blue Eye Samurai","Blue Eye Samurai",https://www.imdb.com/title/tt13309742,TV Series,8.7,45,2023,"Animation, Action, Adventure, Drama, Thriller, History",106289,"2023-11-03",
tt23289160,9,2023-12-15,"Godzilla Minus One","Gojira Mainasu Wan",https://www.imdb.com/title/tt23289160,Movie,7.6,124,2023,"Action, Adventure, Sci-Fi, Horror, Drama",229202,"2023-12-01","Takashi Yamazaki"
tt8589698,8,2023-11-06,"Teenage Mutant Ninja Turtles: Mutant Mayhem","Teenage Mutant Ninja Turtles: Mutant Mayhem",https://www.imdb.com/title/tt8589698,Movie,7.2,99,2023,"Animation, Adventure, Comedy, Crime, Sci-Fi, Family, Fantasy, Action",78922,"2023-08-02","Jeff Rowe,Kyler Spears"
tt28452191,8,2023-11-06,"Invincible: Atom Eve","Invincible: Atom Eve",https://www.imdb.com/title/tt28452191,TV Movie,7.6,55,2023,"Animation, Action, Fantasy, Adventure, Drama, Sci-Fi, Thriller",23859,"2023-07-21","Haylee Herrick"
tt13159924,9,2023-11-06,"Gen V","Gen V",https://www.imdb.com/title/tt13159924,TV Series,7.6,50,2023,"Comedy, Action, Adventure, Drama, Sci-Fi",155637,"2023-09-29",
tt13622776,7,2023-11-06,"Ahsoka","Ahsoka",https://www.imdb.com/title/tt13622776,TV Series,7.4,50,2023,"Action, Adventure, Fantasy, Sci-Fi",143748,"2023-08-22",
tt8111088,9,2023-11-06,"The Mandalorian","The Mandalorian",https://www.imdb.com/title/tt8111088,TV Series,8.6,40,2019,"Sci-Fi, Adventure, Fantasy, Action",663044,"2019-11-12",
tt3513388,9,2023-10-12,"Late Night with Seth Meyers","Late Night with Seth Meyers",https://www.imdb.com/title/tt3513388,TV Series,6.4,60,2014,"Talk-Show, Comedy",8740,"2014-02-24",
tt5012504,6,2023-10-11,"Injustice","Injustice",https://www.imdb.com/title/tt5012504,Video,6.4,78,2021,"Animation, Adventure, Action, Drama, Fantasy, Sci-Fi",18716,"2021-10-19","Matt Peters"
tt0088763,7,2023-10-07,"Back to the Future","Back to the Future",https://www.imdb.com/title/tt0088763,Movie,8.5,116,1985,"Comedy, Sci-Fi, Adventure",1468511,"1985-07-03","Robert Zemeckis"
tt3315342,10,2023-09-25,"Logan","Logan",https://www.imdb.com/title/tt3315342,Movie,8.1,137,2017,"Action, Sci-Fi, Drama, Thriller",935604,"2017-03-03","James Mangold"
tt15398776,9,2023-09-25,"Oppenheimer","Oppenheimer",https://www.imdb.com/title/tt15398776,Movie,8.2,180,2023,"Biography, Drama, History",1083855,"2023-07-21","Christopher Nolan"
tt1745960,8,2023-08-12,"Top Gun: Maverick","Top Gun: Maverick",https://www.imdb.com/title/tt1745960,Movie,8.2,130,2022,"Action, Drama",898804,"2022-05-27","Joseph Kosinski"
tt10366206,7,2023-08-08,"John Wick: Chapter 4","John Wick: Chapter 4",https://www.imdb.com/title/tt10366206,Movie,7.6,169,2023,"Action, Crime, Thriller",417309,"2023-03-24","Chad Stahelski"
tt6791350,8,2023-08-08,"Guardians of the Galaxy Vol. 3","Guardians of the Galaxy Vol. 3",https://www.imdb.com/title/tt6791350,Movie,7.9,150,2023,"Action, Adventure, Sci-Fi, Comedy, Fantasy",482070,"2023-05-05","James Gunn"
tt2004420,5,2023-07-13,"Neighbors","Neighbors",https://www.imdb.com/title/tt2004420,Movie,6.3,97,2014,"Comedy",347659,"2014-05-09","Nicholas Stoller"
tt0365748,7,2023-07-10,"Shaun of the Dead","Shaun of the Dead",https://www.imdb.com/title/tt0365748,Movie,7.8,99,2004,"Comedy, Horror",643119,"2004-09-24","Edgar Wright"
tt9362722,10,2023-06-24,"Spider-Man: Across the Spider-Verse","Spider-Man: Across the Spider-Verse",https://www.imdb.com/title/tt9362722,Movie,8.5,140,2023,"Animation, Action, Adventure, Sci-Fi, Fantasy, Family",544463,"2023-06-02","Joaquim Dos Santos,Kemp Powers,Justin K. Thompson"
tt1630029,7,2023-06-19,"Avatar: The Way of Water","Avatar: The Way of Water",https://www.imdb.com/title/tt1630029,Movie,7.5,192,2022,"Action, Adventure, Sci-Fi, Fantasy",644217,"2022-12-16","James Cameron"
tt3915174,9,2023-05-21,"Puss in Boots: The Last Wish","Puss in Boots: The Last Wish",https://www.imdb.com/title/tt3915174,Movie,7.9,102,2022,"Animation, Action, Comedy, Fantasy, Adventure, Family, Western",229655,"2022-12-21","Joel Crawford,Januel Mercado"
tt0433400,4,2023-05-18,"Just Friends","Just Friends",https://www.imdb.com/title/tt0433400,Movie,6.2,96,2005,"Comedy, Romance",136290,"2005-11-23","Roger Kumble"
tt10954600,6,2023-05-18,"Ant-Man and the Wasp: Quantumania","Ant-Man and the Wasp: Quantumania",https://www.imdb.com/title/tt10954600,Movie,6.0,124,2023,"Action, Adventure, Comedy, Sci-Fi",275816,"2023-02-17","Peyton Reed"
tt1282140,8,2023-04-29,"Easy A","Easy A",https://www.imdb.com/title/tt1282140,Movie,7.0,92,2010,"Comedy, Romance, Drama",446473,"2010-09-17","Will Gluck"
tt6718170,6,2023-04-07,"The Super Mario Bros. Movie","The Super Mario Bros. Movie",https://www.imdb.com/title/tt6718170,Movie,7.0,92,2023,"Animation, Adventure, Family, Comedy, Fantasy",300683,"2023-04-05","Aaron Horvath,Michael Jelenic,Pierre Leduc,Fabien Polack"
tt12593682,8,2023-04-04,"Bullet Train","Bullet Train",https://www.imdb.com/title/tt12593682,Movie,7.3,127,2022,"Action, Thriller, Comedy",544265,"2022-08-05","David Leitch"
tt11198330,8,2023-04-04,"House of the Dragon","House of the Dragon",https://www.imdb.com/title/tt11198330,TV Series,8.3,60,2022,"Fantasy, Adventure, Drama, Action",559947,"2022-08-21",
tt13443470,8,2023-04-04,"Wednesday","Wednesday",https://www.imdb.com/title/tt13443470,TV Series,8.0,45,2022,"Comedy, Fantasy, Mystery, Crime, Horror",505695,"2022-11-23",
tt0114814,8,2023-04-04,"The Usual Suspects","The Usual Suspects",https://www.imdb.com/title/tt0114814,Movie,8.5,106,1995,"Drama, Crime, Mystery, Thriller",1248616,"1995-08-16","Bryan Singer"
tt22667880,8,2023-03-13,"The Boy, the Mole, the Fox and the Horse","The Boy, the Mole, the Fox and the Horse",https://www.imdb.com/title/tt22667880,Short,7.8,32,2022,"Animation, Short, Family, Adventure, Comedy, Drama, Fantasy",23174,"2022-12-25","Peter Baynton,Charlie Mackesy"
tt3581920,10,2023-03-13,"The Last of Us","The Last of Us",https://www.imdb.com/title/tt3581920,TV Series,8.4,50,2023,"Adventure, Horror, Drama, Thriller, Sci-Fi, Action",746422,"2023-01-15",
tt12496734,9,2023-03-06,"Spider-Man: Miles Morales","Marvel's Spider-Man: Miles Morales",https://www.imdb.com/title/tt12496734,Video Game,8.2,,2020,"Action, Adventure, Fantasy, Sci-Fi, Crime",17788,"2020-11-12","Ryan Smith"
tt6751668,9,2023-01-21,"Parasite","Gisaengchung",https://www.imdb.com/title/tt6751668,Movie,8.5,132,2019,"Drama, Thriller",1186252,"2019-11-08","Bong Joon Ho"
tt2930604,8,2023-01-03,"Star Wars: Rebels","Star Wars Rebels",https://www.imdb.com/title/tt2930604,TV Series,8.1,22,2014,"Animation, Action, Adventure, Sci-Fi, Fantasy, Family",71029,"2014-09-26",
tt7631058,8,2022-12-29,"The Lord of the Rings: The Rings of Power","The Lord of the Rings: The Rings of Power",https://www.imdb.com/title/tt7631058,TV Series,6.8,60,2022,"Adventure, Fantasy, Action, Drama",442792,"2022-09-01",
tt9253284,9,2022-12-29,"Andor","Andor",https://www.imdb.com/title/tt9253284,TV Series,8.6,60,2022,"Sci-Fi, Thriller, Adventure, Fantasy, Drama",283591,"2022-09-21",
tt9114286,7,2022-12-29,"Black Panther: Wakanda Forever","Black Panther: Wakanda Forever",https://www.imdb.com/title/tt9114286,Movie,6.6,161,2022,"Action, Adventure, Sci-Fi, Drama",397905,"2022-11-11","Ryan Coogler"
tt13623136,6,2022-12-29,"The Guardians of the Galaxy Holiday Special","The Guardians of the Galaxy Holiday Special",https://www.imdb.com/title/tt13623136,TV Special,6.9,42,2022,"Action, Adventure, Comedy, Sci-Fi",110484,"2022-11-25","James Gunn"
tt3484406,7,2022-12-29,"The Jim Gaffigan Show","The Jim Gaffigan Show",https://www.imdb.com/title/tt3484406,TV Series,7.5,30,2015,"Comedy",3009,"2015-07-15",
tt11564570,8,2022-12-28,"Glass Onion","Glass Onion",https://www.imdb.com/title/tt11564570,Movie,7.1,139,2022,"Crime, Thriller, Drama, Mystery, Comedy",530647,"2022-12-23","Rian Johnson"
tt4468740,9,2022-12-16,"Paddington 2","Paddington 2",https://www.imdb.com/title/tt4468740,Movie,7.8,103,2017,"Family, Comedy, Adventure",115650,"2018-01-12","Paul King"
tt10954984,8,2022-10-28,"Nope","Nope",https://www.imdb.com/title/tt10954984,Movie,6.8,130,2022,"Horror, Sci-Fi, Mystery, Thriller",321294,"2022-07-22","Jordan Peele"
tt13623148,7,2022-10-28,"I Am Groot","I Am Groot",https://www.imdb.com/title/tt13623148,TV Series,6.7,4,2022,"Animation, Short, Action, Adventure, Comedy, Fantasy, Sci-Fi",47328,"2022-08-10",
tt8466564,7,2022-10-28,"Obi-Wan Kenobi","Obi-Wan Kenobi",https://www.imdb.com/title/tt8466564,TV Mini Series,7.0,45,2022,"Sci-Fi, Action, Adventure",265771,"2022-05-27",
tt20723374,9,2022-10-28,"Star Wars: Tales of the Jedi","Star Wars: Tales of the Jedi",https://www.imdb.com/title/tt20723374,TV Mini Series,8.1,15,2022,"Animation, Short, Action, Adventure, Sci-Fi, Drama, Fantasy",46084,"2022-10-26",
tt0107120,4,2022-10-12,"Hocus Pocus","Hocus Pocus",https://www.imdb.com/title/tt0107120,Movie,6.9,96,1993,"Fantasy, Family, Comedy",173482,"1993-07-16","Kenny Ortega"
tt2467372,8,2022-10-02,"Brooklyn Nine-Nine","Brooklyn Nine-Nine",https://www.imdb.com/title/tt2467372,TV Series,8.4,22,2013,"Comedy, Crime",421691,"2013-09-17",
tt10648342,5,2022-08-09,"Thor: Love and Thunder","Thor: Love and Thunder",https://www.imdb.com/title/tt10648342,Movie,6.1,118,2022,"Adventure, Romance, Sci-Fi, Comedy, Action",469933,"2022-07-08","Taika Waititi"
tt6710474,9,2022-07-31,"Everything Everywhere All at Once","Everything Everywhere All at Once",https://www.imdb.com/title/tt6710474,Movie,7.7,139,2022,"Sci-Fi, Adventure, Comedy, Fantasy, Action, Drama",658042,"2022-04-08","Daniel Kwan,Daniel Scheinert"
tt1210166,7,2022-07-17,"Moneyball","Moneyball",https://www.imdb.com/title/tt1210166,Movie,7.6,133,2011,"Drama, Sport, Biography",514729,"2011-09-23","Bennett Miller"
tt2382320,8,2022-07-17,"No Time to Die","No Time to Die",https://www.imdb.com/title/tt2382320,Movie,7.3,163,2021,"Action, Thriller, Adventure",492429,"2021-10-08","Cary Joji Fukunaga"
tt13622958,8,2022-07-15,"Baymax!","Baymax!",https://www.imdb.com/title/tt13622958,TV Mini Series,7.2,12,2022,"Animation, Short, Action, Adventure, Comedy, Family, Sci-Fi",9680,"2022-06-29",
tt10857164,8,2022-07-15,"Ms. Marvel","Ms. Marvel",https://www.imdb.com/title/tt10857164,TV Mini Series,6.2,50,2022,"Action, Adventure, Comedy, Fantasy, Mystery, Sci-Fi, Family",133042,"2022-06-08",
tt7466442,8,2022-07-15,"The Bob's Burgers Movie","The Bob's Burgers Movie",https://www.imdb.com/title/tt7466442,Movie,7.0,102,2022,"Animation, Musical, Comedy, Adventure, Mystery, Drama, Crime, Thriller",24525,"2022-05-27","Loren Bouchard,Bernard Derriman"
tt3076658,8,2022-07-11,"Creed","Creed",https://www.imdb.com/title/tt3076658,Movie,7.6,133,2015,"Drama, Sport, Action",338457,"2015-11-25","Ryan Coogler"
tt3513500,7,2022-05-22,"Chip 'n Dale: Rescue Rangers","Chip 'n Dale: Rescue Rangers",https://www.imdb.com/title/tt3513500,Movie,6.9,97,2022,"Animation, Comedy, Adventure, Family, Mystery, Crime, Fantasy, Action, Sci-Fi",51297,"2022-05-20","Akiva Schaffer"
tt2584384,9,2022-05-12,"Jojo Rabbit","Jojo Rabbit",https://www.imdb.com/title/tt2584384,Movie,7.9,108,2019,"Comedy, War, Drama",492300,"2019-11-08","Taika Waititi"
tt9419884,7,2022-05-10,"Doctor Strange in the Multiverse of Madness","Doctor Strange in the Multiverse of Madness",https://www.imdb.com/title/tt9419884,Movie,6.8,126,2022,"Action, Fantasy, Adventure, Sci-Fi",554703,"2022-05-06","Sam Raimi"
tt8426854,7,2022-05-08,"Jalebi","Jalebi",https://www.imdb.com/title/tt8426854,Movie,6.1,112,2018,"Drama, Romance",3502,"2018-10-12","Pushpdeep Bhardwaj,Lal Mohan"
tt10234724,7,2022-05-04,"Moon Knight","Moon Knight",https://www.imdb.com/title/tt10234724,TV Mini Series,7.3,50,2022,"Action, Adventure, Fantasy",316873,"2022-03-30",
tt7097896,5,2022-04-30,"Venom: Let There Be Carnage","Venom: Let There Be Carnage",https://www.imdb.com/title/tt7097896,Movie,5.9,97,2021,"Action, Thriller, Sci-Fi, Adventure, Fantasy, Horror, Crime",308937,"2021-10-01","Andy Serkis"
tt3794354,6,2022-03-22,"Sonic the Hedgehog","Sonic the Hedgehog",https://www.imdb.com/title/tt3794354,Movie,6.5,99,2020,"Action, Adventure, Sci-Fi, Comedy, Family, Fantasy",195515,"2020-02-14","Jeff Fowler"
tt10986410,10,2022-03-16,"Ted Lasso","Ted Lasso",https://www.imdb.com/title/tt10986410,TV Series,8.7,30,2020,"Comedy, Drama, Sport",456211,"2020-08-14",
tt10366460,9,2022-03-11,"CODA","CODA",https://www.imdb.com/title/tt10366460,Movie,8.0,111,2021,"Drama, Music, Comedy",231300,"2021-08-13","Sian Heder"
tt1877830,9,2022-03-11,"The Batman","The Batman",https://www.imdb.com/title/tt1877830,Movie,7.8,176,2022,"Crime, Mystery, Action, Drama",942398,"2022-03-04","Matt Reeves"
tt0310460,7,2022-03-01,"George Lopez","George Lopez",https://www.imdb.com/title/tt0310460,TV Series,6.9,30,2002,"Drama, Comedy",14531,"2002-03-27",
tt0212346,4,2022-03-01,"Miss Congeniality","Miss Congeniality",https://www.imdb.com/title/tt0212346,Movie,6.4,109,2000,"Crime, Action, Romance, Comedy",250748,"2000-12-22","Donald Petrie"
tt0477348,9,2022-02-28,"No Country for Old Men","No Country for Old Men",https://www.imdb.com/title/tt0477348,Movie,8.2,122,2007,"Thriller, Crime, Drama",1206699,"2007-11-21","Ethan Coen,Joel Coen"
tt5580036,9,2022-02-23,"I, Tonya","I, Tonya",https://www.imdb.com/title/tt5580036,Movie,7.5,119,2017,"Biography, Drama, Sport, Comedy",263102,"2018-01-19","Craig Gillespie"
tt13146488,9,2022-02-17,"Peacemaker","Peacemaker",https://www.imdb.com/title/tt13146488,TV Series,8.2,40,2022,"Action, Comedy, Adventure, Sci-Fi, Crime, Fantasy, Drama",197317,"2022-01-13",
tt16116174,8,2022-02-17,"Harry Potter 20th Anniversary: Return to Hogwarts","Harry Potter 20th Anniversary: Return to Hogwarts",https://www.imdb.com/title/tt16116174,TV Special,8.0,102,2022,"Documentary, Family",50438,"2022-01-01","Casey Patterson,Joe Pearlman,Eran Creevy,Giorgio Testi"
tt0172495,9,2022-02-15,"Gladiator","Gladiator",https://www.imdb.com/title/tt0172495,Movie,8.5,155,2000,"Action, Adventure, Drama",1872274,"2000-05-05","Ridley Scott"
tt13668894,7,2022-02-09,"The Book of Boba Fett","The Book of Boba Fett",https://www.imdb.com/title/tt13668894,TV Mini Series,7.1,50,2021,"Action, Adventure, Sci-Fi",212229,"2021-12-29",
tt0109830,7,2022-01-31,"Forrest Gump","Forrest Gump",https://www.imdb.com/title/tt0109830,Movie,8.8,142,1994,"Romance, Drama",2523072,"1994-07-06","Robert Zemeckis"
tt1130884,8,2022-01-23,"Shutter Island","Shutter Island",https://www.imdb.com/title/tt1130884,Movie,8.2,138,2010,"Thriller, Mystery",1673059,"2010-02-19","Martin Scorsese"
tt7888964,7,2022-01-22,"Nobody","Nobody",https://www.imdb.com/title/tt7888964,Movie,7.4,92,2021,"Action, Crime, Thriller, Drama",401570,"2021-03-26","Ilya Naishuller"
tt7991608,6,2022-01-20,"Red Notice","Red Notice",https://www.imdb.com/title/tt7991608,Movie,6.3,118,2021,"Action, Comedy, Thriller",358257,"2021-11-12","Rawson Marshall Thurber"
tt1446192,7,2022-01-19,"Rise of the Guardians","Rise of the Guardians",https://www.imdb.com/title/tt1446192,Movie,7.2,97,2012,"Animation, Adventure, Comedy, Family, Fantasy, Action, Drama, Sci-Fi",210924,"2012-11-21","Peter Ramsey"
tt9032400,6,2022-01-19,"Eternals","Eternals",https://www.imdb.com/title/tt9032400,Movie,6.2,156,2021,"Action, Fantasy, Sci-Fi, Adventure",433458,"2021-11-05","Chloé Zhao"
tt0120815,9,2022-01-01,"Saving Private Ryan","Saving Private Ryan",https://www.imdb.com/title/tt0120815,Movie,8.6,169,1998,"Drama, War",1655329,"1998-07-24","Steven Spielberg"
tt6108178,6,2021-12-30,"Disobedience","Disobedience",https://www.imdb.com/title/tt6108178,Movie,6.6,114,2017,"Drama",40481,"2018-04-27","Sebastián Lelio"
tt5097410,6,2021-12-27,"Noelle","Noelle",https://www.imdb.com/title/tt5097410,Movie,6.3,100,2019,"Family, Fantasy, Comedy",31458,"2019-11-12","Marc Lawrence"
tt1430607,7,2021-12-27,"Arthur Christmas","Arthur Christmas",https://www.imdb.com/title/tt1430607,Movie,7.1,97,2011,"Animation, Comedy, Family, Adventure, Fantasy, Drama",74017,"2011-11-23","Sarah Smith,Barry Cook"
tt11286314,7,2021-12-27,"Don't Look Up","Don't Look Up",https://www.imdb.com/title/tt11286314,Movie,7.1,138,2021,"Comedy, Drama, Sci-Fi",677840,"2021-12-24","Adam McKay"
tt10160804,8,2021-12-23,"Hawkeye","Hawkeye",https://www.imdb.com/title/tt10160804,TV Mini Series,7.4,60,2021,"Action, Adventure, Crime, Mystery, Sci-Fi, Drama",246896,"2021-11-24",
tt10872600,9,2021-12-17,"Spider-Man: No Way Home","Spider-Man: No Way Home",https://www.imdb.com/title/tt10872600,Movie,8.1,148,2021,"Action, Adventure, Sci-Fi, Fantasy",1057725,"2021-12-17","Jon Watts"
tt15475608,7,2021-12-07,"Olaf Presents","Olaf Presents",https://www.imdb.com/title/tt15475608,TV Mini Series,7.3,4,2021,"Animation, Musical, Short, Comedy, Family, Fantasy",4254,"2021-11-12",
tt15476620,7,2021-12-07,"Ciao Alberto","Ciao Alberto",https://www.imdb.com/title/tt15476620,Short,6.9,8,2021,"Animation, Short, Comedy, Family",9375,"2021-11-12","McKenna Harris"
tt14927356,7,2021-12-07,"Far from the Tree","Far from the Tree",https://www.imdb.com/title/tt14927356,Short,7.5,7,2021,"Animation, Short, Family, Adventure, Comedy",5933,"2021-11-24","Natalie Nourigat"
tt4729430,9,2021-11-29,"Klaus","Klaus",https://www.imdb.com/title/tt4729430,Movie,8.2,96,2019,"Animation, Adventure, Comedy, Family, Fantasy",240957,"2019-11-15","Sergio Pablos,Carlos Martínez López"
tt2953050,9,2021-11-28,"Encanto","Encanto",https://www.imdb.com/title/tt2953050,Movie,7.2,102,2021,"Animation, Musical, Family, Fantasy, Comedy",300253,"2021-11-24","Jared Bush,Byron Howard,Charise Castro Smith"
tt10633456,7,2021-11-28,"Minari","Minari",https://www.imdb.com/title/tt10633456,Movie,7.4,115,2020,"Drama",126980,"2021-02-12","Lee Isaac Chung"
tt1985019,5,2021-11-05,"Austenland","Austenland",https://www.imdb.com/title/tt1985019,Movie,6.3,97,2013,"Comedy, Romance",25567,"2013-09-27","Jerusha Hess"
tt10919420,8,2021-11-03,"Squid Game","Ojing-eo geim",https://www.imdb.com/title/tt10919420,TV Series,7.9,60,2021,"Mystery, Thriller, Drama, Action, Crime",772097,"2021-09-17",
tt1160419,8,2021-11-02,"Dune: Part One","Dune: Part One",https://www.imdb.com/title/tt1160419,Movie,8.0,155,2021,"Sci-Fi, Adventure, Drama, Action",1082992,"2021-10-22","Denis Villeneuve"
tt0077651,8,2021-10-18,"Halloween","Halloween",https://www.imdb.com/title/tt0077651,Movie,7.7,91,1978,"Thriller, Horror",341667,"1978-10-27","John Carpenter"
tt0117571,8,2021-10-15,"Scream","Scream",https://www.imdb.com/title/tt0117571,Movie,7.4,111,1996,"Mystery, Horror",451224,"1996-12-20","Wes Craven"
tt13622982,7,2021-10-07,"Star Wars: Visions","Star Wars: Visions",https://www.imdb.com/title/tt13622982,TV Series,7.0,22,2021,"Animation, Sci-Fi, Action, Adventure, Fantasy, Drama",27822,"2021-09-22",
tt0183790,5,2021-10-05,"A Knight's Tale","A Knight's Tale",https://www.imdb.com/title/tt0183790,Movie,7.0,132,2001,"Adventure, Romance, Drama, Action",221944,"2001-05-11","Brian Helgeland"
tt0072431,5,2021-10-05,"Young Frankenstein","Young Frankenstein",https://www.imdb.com/title/tt0072431,Movie,8.0,106,1974,"Comedy",181234,"1974-12-15","Mel Brooks"
tt0268978,8,2021-10-04,"A Beautiful Mind","A Beautiful Mind",https://www.imdb.com/title/tt0268978,Movie,8.2,135,2001,"Biography, Mystery, Drama",1060629,"2002-01-04","Ron Howard"
tt0089686,5,2021-09-27,"A Nightmare on Elm Street Part 2: Freddy's Revenge","A Nightmare on Elm Street Part 2: Freddy's Revenge",https://www.imdb.com/title/tt0089686,Movie,5.5,87,1985,"Horror",86964,"1985-11-01","Jack Sholder"
tt4302938,9,2021-09-26,"Kubo and the Two Strings","Kubo and the Two Strings",https://www.imdb.com/title/tt4302938,Movie,7.7,101,2016,"Animation, Adventure, Family, Fantasy, Action",147930,"2016-08-19","Travis Knight"
tt0173886,4,2021-09-22,"Halloweentown","Halloweentown",https://www.imdb.com/title/tt0173886,TV Movie,6.5,84,1998,"Adventure, Family, Comedy, Fantasy",24938,"1998-10-17","Duwayne Dunham"
tt10168312,8,2021-09-20,"What If...?","What If...?",https://www.imdb.com/title/tt10168312,TV Series,7.3,32,2021,"Animation, Action, Adventure, Sci-Fi",162191,"2021-08-11",
tt1486834,7,2021-09-20,"What If","The F Word",https://www.imdb.com/title/tt1486834,Movie,6.8,98,2013,"Comedy, Romance",84808,"2014-08-15","Michael Dowse"
tt0389722,4,2021-09-19,"30 Days of Night","30 Days of Night",https://www.imdb.com/title/tt0389722,Movie,6.6,113,2007,"Horror, Thriller",202613,"2007-10-19","David Slade"
tt9561862,8,2021-09-10,"Love, Death & Robots","Love, Death & Robots",https://www.imdb.com/title/tt9561862,TV Series,8.4,15,2019,"Animation, Short, Comedy, Fantasy, Horror, Sci-Fi, Action, Adventure, Drama, Mystery, Thriller",231671,"2019-03-15",
tt9376612,8,2021-09-03,"Shang-Chi and the Legend of the Ten Rings","Shang-Chi and the Legend of the Ten Rings",https://www.imdb.com/title/tt9376612,Movie,7.3,132,2021,"Action, Adventure, Fantasy, Sci-Fi",497031,"2021-09-03","Destin Daniel Cretton"
tt3189976,8,2021-08-30,"Gravity Falls Shorts","Gravity Falls Shorts",https://www.imdb.com/title/tt3189976,TV Series,8.2,2,2013,"Animation, Short, Adventure, Comedy, Family, Fantasy, Mystery, Horror",4093,"2013-10-14",
tt8050756,9,2021-08-30,"The Owl House","The Owl House",https://www.imdb.com/title/tt8050756,TV Series,8.6,22,2020,"Animation, Adventure, Comedy, Fantasy, Horror, Action, Family, Mystery, Romance",26364,"2020-01-10",
tt12708542,8,2021-08-25,"Star Wars: The Bad Batch","Star Wars: The Bad Batch",https://www.imdb.com/title/tt12708542,TV Series,7.8,30,2021,"Animation, Sci-Fi, Action, Adventure, Drama, Fantasy",68227,"2021-05-04",
tt6264654,8,2021-08-23,"Free Guy","Free Guy",https://www.imdb.com/title/tt6264654,Movie,7.1,115,2021,"Action, Comedy, Sci-Fi, Adventure, Fantasy, Romance",494894,"2021-08-13","Shawn Levy"
tt0289043,7,2021-08-17,"28 Days Later","28 Days Later",https://www.imdb.com/title/tt0289043,Movie,7.5,113,2002,"Sci-Fi, Thriller, Drama, Horror",553371,"2003-06-27","Danny Boyle"
tt7366338,10,2021-08-17,"Chernobyl","Chernobyl",https://www.imdb.com/title/tt7366338,TV Mini Series,9.3,60,2019,"Drama, History, Thriller",1056321,"2019-05-06",
tt6472976,6,2021-08-10,"Five Feet Apart","Five Feet Apart",https://www.imdb.com/title/tt6472976,Movie,7.2,116,2019,"Drama, Romance",98470,"2019-03-15","Justin Baldoni"
tt6334354,7,2021-08-09,"The Suicide Squad","The Suicide Squad",https://www.imdb.com/title/tt6334354,Movie,7.2,132,2021,"Action, Adventure, Sci-Fi, Comedy",463238,"2021-08-05","James Gunn"
tt0166792,7,2021-08-05,"Scooby-Doo on Zombie Island","Scooby-Doo on Zombie Island",https://www.imdb.com/title/tt0166792,Video,7.7,77,1998,"Animation, Comedy, Family, Adventure, Fantasy, Mystery",22079,"1998-09-22","Jim Stenstrum"
tt0331632,5,2021-08-05,"Scooby-Doo 2: Monsters Unleashed","Scooby-Doo 2: Monsters Unleashed",https://www.imdb.com/title/tt0331632,Movie,5.4,93,2004,"Adventure, Fantasy, Family, Horror, Sci-Fi, Mystery, Comedy",74042,"2004-03-26","Raja Gosnell"
tt0120632,5,2021-07-27,"City of Angels","City of Angels",https://www.imdb.com/title/tt0120632,Movie,6.7,114,1998,"Drama, Romance, Fantasy",135628,"1998-04-10","Brad Silberling"
tt9140554,8,2021-07-14,"Loki","Loki",https://www.imdb.com/title/tt9140554,TV Series,8.2,50,2021,"Fantasy, Sci-Fi, Action, Adventure",480571,"2021-06-09",
tt14544192,8,2021-07-14,"Bo Burnham: Inside","Bo Burnham: Inside",https://www.imdb.com/title/tt14544192,TV Special,8.6,87,2021,"Documentary, Comedy, Drama, Music",60012,"2021-05-30","Bo Burnham"
tt3480822,7,2021-07-13,"Black Widow","Black Widow",https://www.imdb.com/title/tt3480822,Movie,6.6,134,2021,"Action, Adventure, Sci-Fi",485165,"2021-07-09","Cate Shortland"
tt0098258,5,2021-07-12,"Say Anything","Say Anything...",https://www.imdb.com/title/tt0098258,Movie,7.3,100,1989,"Comedy, Romance, Drama",103571,"1989-04-14","Cameron Crowe"
tt0454945,6,2021-07-06,"She's the Man","She's the Man",https://www.imdb.com/title/tt0454945,Movie,6.4,105,2006,"Comedy, Romance, Sport",195616,"2006-03-17","Andy Fickman"
tt1321510,8,2021-06-30,"In the Heights","In the Heights",https://www.imdb.com/title/tt1321510,Movie,7.2,143,2021,"Musical, Drama, Romance",56182,"2021-06-11","Jon M. Chu"
tt12801262,8,2021-06-21,"Luca","Luca",https://www.imdb.com/title/tt12801262,Movie,7.4,95,2021,"Animation, Adventure, Fantasy, Family, Comedy, Drama",226618,"2021-06-18","Enrico Casarosa"
tt8332922,9,2021-06-05,"A Quiet Place Part II","A Quiet Place Part II",https://www.imdb.com/title/tt8332922,Movie,7.2,97,2020,"Drama, Thriller, Sci-Fi, Horror",327293,"2021-05-28","John Krasinski"
tt11337862,8,2021-06-01,"Friends: The Reunion","Friends: The Reunion",https://www.imdb.com/title/tt11337862,TV Special,8.0,104,2021,"Documentary, Comedy, Biography, History",68720,"2021-05-27","Russell Norman,Ben Winston"
tt3228774,7,2021-06-01,"Cruella","Cruella",https://www.imdb.com/title/tt3228774,Movie,7.3,134,2021,"Comedy, Crime, Drama, Adventure",299963,"2021-05-28","Craig Gillespie"
tt7979580,8,2021-05-28,"The Mitchells vs. the Machines","The Mitchells vs the Machines",https://www.imdb.com/title/tt7979580,Movie,7.6,114,2021,"Animation, Adventure, Comedy, Sci-Fi, Family",144156,"2021-04-30","Michael Rianda,Jeff Rowe"
tt2194499,7,2021-05-22,"About Time","About Time",https://www.imdb.com/title/tt2194499,Movie,7.8,123,2013,"Drama, Fantasy, Romance, Comedy, Sci-Fi",439689,"2013-11-08","Richard Curtis"
tt0120804,4,2021-05-19,"Resident Evil","Resident Evil",https://www.imdb.com/title/tt0120804,Movie,6.6,100,2002,"Sci-Fi, Horror, Action",313390,"2002-03-15","Paul W.S. Anderson"
tt5109280,7,2021-05-12,"Raya and the Last Dragon","Raya and the Last Dragon",https://www.imdb.com/title/tt5109280,Movie,7.3,107,2021,"Animation, Adventure, Family, Fantasy, Comedy, Action, Drama",189377,"2021-03-05","Don Hall,Carlos López Estrada,Paul Briggs,John Ripa"
tt9208876,7,2021-05-12,"The Falcon and the Winter Soldier","The Falcon and the Winter Soldier",https://www.imdb.com/title/tt9208876,TV Mini Series,7.1,50,2021,"Action, Adventure, Sci-Fi, Drama",284334,"2021-03-19",
tt0293429,5,2021-05-06,"Mortal Kombat","Mortal Kombat",https://www.imdb.com/title/tt0293429,Movie,6.1,110,2021,"Thriller, Sci-Fi, Adventure, Fantasy, Action",220926,"2021-04-23","Simon McQuoid"
tt6723592,7,2021-05-06,"Tenet","Tenet",https://www.imdb.com/title/tt6723592,Movie,7.3,150,2020,"Action, Sci-Fi, Thriller",704586,"2020-09-03","Christopher Nolan"
tt6741278,10,2021-05-02,"Invincible","Invincible",https://www.imdb.com/title/tt6741278,TV Series,8.7,50,2021,"Animation, Sci-Fi, Action, Drama, Adventure, Fantasy, Thriller",349805,"2021-03-26",
tt5363618,7,2021-04-19,"Sound of Metal","Sound of Metal",https://www.imdb.com/title/tt5363618,Movie,7.7,120,2019,"Drama, Music",188067,"2020-12-04","Darius Marder"
tt9140560,8,2021-04-08,"WandaVision","WandaVision",https://www.imdb.com/title/tt9140560,TV Mini Series,7.9,40,2021,"Action, Sci-Fi, Fantasy, Comedy, Mystery, Drama, Romance",421522,"2021-01-15",
tt0278500,5,2021-03-28,"The Importance of Being Earnest","The Importance of Being Earnest",https://www.imdb.com/title/tt0278500,Movie,6.8,97,2002,"Romance, Drama, Comedy",26111,"2002-06-21","Oliver Parker"
tt12361974,7,2021-03-24,"Zack Snyder's Justice League","Zack Snyder's Justice League",https://www.imdb.com/title/tt12361974,Movie,7.9,242,2021,"Adventure, Fantasy, Sci-Fi",477938,"2021-03-18","Zack Snyder"
tt7129636,10,2021-03-12,"Hair Love","Hair Love",https://www.imdb.com/title/tt7129636,Short,7.4,7,2019,"Animation, Short, Family, Comedy, Drama",7607,"2019-08-14","Matthew A. Cherry,Everett Downing Jr.,Bruce W. Smith"
tt6432466,7,2021-03-06,"Moxie","Moxie",https://www.imdb.com/title/tt6432466,Movie,6.7,111,2021,"Comedy, Drama",30913,"2021-03-03","Amy Poehler"
tt8420184,10,2021-02-26,"The Last Dance","The Last Dance",https://www.imdb.com/title/tt8420184,TV Mini Series,9.0,50,2020,"Documentary, Biography, History, Sport",183007,"2020-04-19",
tt1588173,6,2021-02-22,"Warm Bodies","Warm Bodies",https://www.imdb.com/title/tt1588173,Movie,6.8,98,2013,"Horror, Comedy, Romance, Action, Sci-Fi, Thriller",256506,"2013-02-01","Jonathan Levine"
tt8952294,7,2021-02-18,"Auntie Edna","Auntie Edna",https://www.imdb.com/title/tt8952294,Short,7.1,5,2018,"Animation, Short, Action, Adventure, Family, Comedy, Sci-Fi",5032,"2018-11-06","Ted Mathot"
tt13167288,7,2021-02-18,"SparkShorts: Burrow","SparkShorts: Burrow",https://www.imdb.com/title/tt13167288,TV Episode,7.4,6,2020,"Animation, Short, Comedy, Family, Drama, Fantasy, Sci-Fi",7386,"2020-12-25","Madeline Sharafian"
tt12366826,8,2021-02-18,"SparkShorts: Out","SparkShorts: Out",https://www.imdb.com/title/tt12366826,TV Episode,7.5,9,2020,"Animation, Short, Comedy, Family, Drama, Fantasy, Sci-Fi",4296,"2020-05-22","Steven Clay Hunter"
tt9536846,7,2021-02-18,"SparkShorts: Float","SparkShorts: Float",https://www.imdb.com/title/tt9536846,TV Episode,7.2,7,2019,"Animation, Short, Comedy, Family, Drama, Fantasy, Sci-Fi",4733,"2019-11-12","Bobby Rubio"
tt9536836,6,2021-02-18,"SparkShorts: Loop","SparkShorts: Loop",https://www.imdb.com/title/tt9536836,TV Episode,6.7,9,2020,"Animation, Short, Comedy, Family, Drama, Fantasy, Sci-Fi",3058,"2020-01-10","Erica Milsom"
tt5691474,9,2021-02-18,"Star Wars Jedi: Fallen Order","Star Wars Jedi: Fallen Order",https://www.imdb.com/title/tt5691474,Video Game,8.4,,2019,"Action, Fantasy, Sci-Fi, Adventure, Drama, Mystery",21698,"2019-11-15","Stig Asmussen"
tt7126948,5,2021-01-31,"Wonder Woman 1984","Wonder Woman 1984",https://www.imdb.com/title/tt7126948,Movie,5.3,151,2020,"Action, Adventure, Fantasy",313525,"2020-12-25","Patty Jenkins"
tt8980868,6,2021-01-31,"SparkShorts: Purl","SparkShorts: Purl",https://www.imdb.com/title/tt8980868,TV Episode,6.5,8,2018,"Animation, Short, Comedy, Family, Drama, Fantasy, Sci-Fi",5667,"2019-11-12","Kristen Lester"
tt9536832,8,2021-01-31,"SparkShorts: Kitbull","SparkShorts: Kitbull",https://www.imdb.com/title/tt9536832,TV Episode,8.0,9,2019,"Animation, Short, Comedy, Family, Drama, Fantasy, Sci-Fi",8126,"2019-02-18","Rosana Sullivan"
tt4786282,5,2021-01-31,"Lights Out","Lights Out",https://www.imdb.com/title/tt4786282,Movie,6.3,81,2016,"Horror, Mystery",153704,"2016-07-22","David F. Sandberg"
tt3741700,6,2021-01-27,"Godzilla: King of the Monsters","Godzilla: King of the Monsters",https://www.imdb.com/title/tt3741700,Movie,6.0,132,2019,"Action, Adventure, Sci-Fi, Fantasy",231445,"2019-05-31","Michael Dougherty"
tt9536850,7,2021-01-26,"SparkShorts: Wind","SparkShorts: Wind",https://www.imdb.com/title/tt9536850,TV Episode,7.0,8,2019,"Animation, Short, Comedy, Family, Drama, Fantasy, Sci-Fi",2648,"2019-12-13","Edwin Chang"
tt3731562,6,2021-01-26,"Kong: Skull Island","Kong: Skull Island",https://www.imdb.com/title/tt3731562,Movie,6.7,118,2017,"Action, Adventure, Fantasy, Sci-Fi",377585,"2017-03-10","Jordan Vogt-Roberts"
tt3065204,6,2021-01-25,"The Conjuring 2","The Conjuring 2",https://www.imdb.com/title/tt3065204,Movie,7.3,134,2016,"Horror, Mystery, Thriller",347430,"2016-06-10","James Wan"
tt1457767,7,2021-01-25,"The Conjuring","The Conjuring",https://www.imdb.com/title/tt1457767,Movie,7.5,112,2013,"Horror, Mystery, Thriller",629968,"2013-07-19","James Wan"
tt2205697,6,2021-01-22,"Stuck in Love.","Stuck in Love",https://www.imdb.com/title/tt2205697,Movie,7.2,97,2012,"Drama, Comedy, Romance",96009,"2013-05-02","Josh Boone"
tt0358273,7,2021-01-14,"Walk the Line","Walk the Line",https://www.imdb.com/title/tt0358273,Movie,7.8,136,2005,"Drama, Music, Biography, Romance",281977,"2005-11-18","James Mangold"
tt2883512,9,2021-01-06,"Chef","Chef",https://www.imdb.com/title/tt2883512,Movie,7.3,114,2014,"Comedy, Drama, Adventure",253197,"2014-05-30","Jon Favreau"
tt5834204,9,2020-12-29,"The Handmaid's Tale","The Handmaid's Tale",https://www.imdb.com/title/tt5834204,TV Series,8.3,60,2017,"Drama, Thriller, Sci-Fi",303123,"2017-04-26",
tt2948372,9,2020-12-27,"Soul","Soul",https://www.imdb.com/title/tt2948372,Movie,8.0,100,2020,"Animation, Family, Adventure, Fantasy, Music, Comedy, Drama",455461,"2020-12-25","Pete Docter,Kemp Powers"
tt10167262,6,2020-12-25,"Lamp Life","Lamp Life",https://www.imdb.com/title/tt10167262,Short,6.7,7,2020,"Animation, Short, Family, Fantasy, Adventure, Comedy",5240,"2020-01-31","Valerie LaPointe"
tt4972582,8,2020-12-21,"Split","Split",https://www.imdb.com/title/tt4972582,Movie,7.3,117,2016,"Thriller, Horror",628021,"2017-01-20","M. Night Shyamalan"
tt11464826,8,2020-12-18,"The Social Dilemma","The Social Dilemma",https://www.imdb.com/title/tt11464826,Movie,7.6,94,2020,"Documentary, Drama",94865,"2020-09-09","Jeff Orlowski-Yang"
tt10048342,9,2020-12-12,"The Queen's Gambit","The Queen's Gambit",https://www.imdb.com/title/tt10048342,TV Mini Series,8.5,60,2020,"Drama",673870,"2020-10-23",
tt0356680,3,2020-12-02,"The Family Stone","The Family Stone",https://www.imdb.com/title/tt0356680,Movie,6.3,103,2005,"Romance, Drama, Comedy",90735,"2005-12-16","Thomas Bezucha"
tt9866072,3,2020-12-02,"Holidate","Holidate",https://www.imdb.com/title/tt9866072,Movie,6.2,104,2020,"Comedy, Romance",88611,"2020-10-28","John Whitesell"
tt0038650,9,2020-11-29,"It's a Wonderful Life","It's a Wonderful Life",https://www.imdb.com/title/tt0038650,Movie,8.6,130,1946,"Family, Fantasy, Romance, Drama",557523,"1947-01-07","Frank Capra"
tt0147800,7,2020-11-28,"10 Things I Hate About You","10 Things I Hate About You",https://www.imdb.com/title/tt0147800,Movie,7.4,97,1999,"Drama, Romance, Comedy",457987,"1999-03-31","Gil Junger"
tt0780521,8,2020-11-05,"The Princess and the Frog","The Princess and the Frog",https://www.imdb.com/title/tt0780521,Movie,7.2,97,2009,"Animation, Musical, Family, Romance, Fantasy, Adventure, Comedy",189402,"2009-12-11","Ron Clements,John Musker"
tt1241317,4,2020-10-17,"Death Note","Death Note",https://www.imdb.com/title/tt1241317,Movie,4.5,101,2017,"Thriller, Horror, Fantasy, Crime, Drama, Mystery",96880,"2017-08-25","Adam Wingard"
tt5022702,5,2020-10-17,"Hush","Hush",https://www.imdb.com/title/tt5022702,Movie,6.6,82,2016,"Thriller, Horror",171240,"2016-04-08","Mike Flanagan"
tt1190634,10,2020-10-15,"The Boys","The Boys",https://www.imdb.com/title/tt1190634,TV Series,8.5,60,2019,"Action, Sci-Fi, Crime, Comedy, Drama",1017069,"2019-07-26",
tt0137523,8,2020-10-07,"Fight Club","Fight Club",https://www.imdb.com/title/tt0137523,Movie,8.8,139,1999,"Drama, Crime, Thriller",2646306,"1999-10-15","David Fincher"
tt4160708,8,2020-09-27,"Don't Breathe","Don't Breathe",https://www.imdb.com/title/tt4160708,Movie,7.1,88,2016,"Thriller, Crime, Horror",333837,"2016-08-26","Fede Alvarez"
tt1117563,8,2020-09-12,"Batman: Gotham Knight","Batman: Gotham Knight",https://www.imdb.com/title/tt1117563,Video,6.6,75,2008,"Animation, Action, Crime, Sci-Fi, Thriller, Drama",32068,"2008-07-08","Yasuhiro Aoki,Futoshi Higashide,Toshiyuki Kubooka,Hiroshi Morioka,Jong-Sik Nam,Shōjirō Nishimi,Yoshiaki Kawajiri,Yūichirō Hayashi"
tt6556890,4,2020-09-12,"Batman and Harley Quinn","Batman and Harley Quinn",https://www.imdb.com/title/tt6556890,Movie,5.9,74,2017,"Animation, Action, Adventure, Comedy, Fantasy, Sci-Fi, Crime",16820,"2017-08-15","Sam Liu"
tt0143127,7,2020-09-12,"Batman & Mr. Freeze: SubZero","Batman & Mr. Freeze: SubZero",https://www.imdb.com/title/tt0143127,Video,7.1,70,1998,"Animation, Crime, Drama, Sci-Fi, Thriller, Action",20237,"1998-03-17","Boyd Kirkland"
tt6587640,6,2020-09-12,"Trolls World Tour","Trolls World Tour",https://www.imdb.com/title/tt6587640,Movie,6.1,91,2020,"Animation, Musical, Adventure, Comedy, Family, Fantasy",33410,"2020-04-10","Walt Dohrn,David P. Smith"
tt1615065,3,2020-09-02,"Savages","Savages",https://www.imdb.com/title/tt1615065,Movie,6.4,131,2012,"Crime, Thriller, Drama",139119,"2012-07-06","Oliver Stone"
tt8936646,7,2020-08-19,"Extraction","Extraction",https://www.imdb.com/title/tt8936646,Movie,6.8,116,2020,"Action, Thriller, Crime",292665,"2020-04-24","Sam Hargrave"
tt7713068,7,2020-08-19,"Birds of Prey and the Fantabulous Emancipation of One Harley Quinn","Birds of Prey (and the Fantabulous Emancipation of One Harley Quinn)",https://www.imdb.com/title/tt7713068,Movie,6.1,109,2020,"Action, Crime, Comedy",284544,"2020-02-07","Cathy Yan"
tt0448115,7,2020-08-19,"Shazam!","Shazam!",https://www.imdb.com/title/tt0448115,Movie,7.0,132,2019,"Fantasy, Action, Adventure, Comedy",416922,"2019-04-05","David F. Sandberg"
tt4701182,7,2020-08-18,"Bumblebee","Bumblebee",https://www.imdb.com/title/tt4701182,Movie,6.7,114,2018,"Action, Adventure, Sci-Fi",210859,"2018-12-21","Travis Knight"
tt0325980,9,2020-08-09,"Pirates of the Caribbean: The Curse of the Black Pearl","Pirates of the Caribbean: The Curse of the Black Pearl",https://www.imdb.com/title/tt0325980,Movie,8.1,143,2003,"Fantasy, Action, Adventure",1340006,"2003-07-09","Gore Verbinski"
tt0414387,7,2020-07-31,"Pride & Prejudice","Pride & Prejudice",https://www.imdb.com/title/tt0414387,Movie,7.8,129,2005,"Romance, Drama",381310,"2005-11-23","Joe Wright"
tt5727208,8,2020-07-30,"Uncut Gems","Uncut Gems",https://www.imdb.com/title/tt5727208,Movie,7.4,135,2019,"Drama, Crime, Thriller",360268,"2019-12-25","Benny Safdie,Josh Safdie"
tt7658402,9,2020-07-06,"Harley Quinn","Harley Quinn",https://www.imdb.com/title/tt7658402,TV Series,8.3,23,2019,"Animation, Adventure, Crime, Comedy, Action, Fantasy, Mystery, Sci-Fi, Romance, Thriller",43700,"2019-11-29",
tt8503618,10,2020-07-05,"Hamilton","Hamilton",https://www.imdb.com/title/tt8503618,Movie,8.3,160,2020,"Musical, Drama, Biography, History",141866,"2020-07-03","Thomas Kail"
tt1677720,7,2020-07-03,"Ready Player One","Ready Player One",https://www.imdb.com/title/tt1677720,Movie,7.4,140,2018,"Sci-Fi, Action, Adventure",548547,"2018-03-29","Steven Spielberg"
tt1706620,8,2020-07-01,"Snowpiercer","Snowpiercer",https://www.imdb.com/title/tt1706620,Movie,7.1,126,2013,"Sci-Fi, Thriller, Action, Drama",423993,"2014-07-11","Bong Joon Ho"
tt10167284,7,2020-06-17,"Forky Asks a Question","Forky Asks a Question",https://www.imdb.com/title/tt10167284,TV Series,6.5,3,2019,"Animation, Short, Comedy, Family, Fantasy",3309,"2019-11-12",
tt7374948,7,2020-06-06,"Always Be My Maybe","Always Be My Maybe",https://www.imdb.com/title/tt7374948,Movie,6.7,101,2019,"Comedy, Romance",66965,"2019-05-31","Nahnatchka Khan"
tt0187393,6,2020-06-04,"The Patriot","The Patriot",https://www.imdb.com/title/tt0187393,Movie,7.2,165,2000,"Drama, War, Action",315606,"2000-06-28","Roland Emmerich"
tt5348176,10,2020-05-30,"Barry","Barry",https://www.imdb.com/title/tt5348176,TV Series,8.3,30,2018,"Comedy, Crime, Drama, Action",144914,"2018-03-25",
tt0458290,8,2020-05-06,"Star Wars: The Clone Wars","Star Wars: The Clone Wars",https://www.imdb.com/title/tt0458290,TV Series,8.5,23,2008,"Animation, Action, Adventure, Drama, Fantasy, Sci-Fi",147410,"2008-10-03",
tt1074638,8,2020-05-05,"Skyfall","Skyfall",https://www.imdb.com/title/tt1074638,Movie,7.8,143,2012,"Action, Thriller, Adventure",778141,"2012-11-09","Sam Mendes"
tt1957945,8,2020-05-05,"La Luna","La Luna",https://www.imdb.com/title/tt1957945,Short,7.8,7,2011,"Animation, Short, Family, Fantasy, Drama",18111,"2012-06-22","Enrico Casarosa"
tt0164912,3,2020-05-05,"Stuart Little","Stuart Little",https://www.imdb.com/title/tt0164912,Movie,6.0,84,1999,"Family, Comedy, Adventure, Fantasy",161661,"1999-12-17","Rob Minkoff"
tt7131622,8,2020-05-05,"Once Upon a Time in... Hollywood","Once Upon a Time in... Hollywood",https://www.imdb.com/title/tt7131622,Movie,7.6,161,2019,"Drama, Comedy",973249,"2019-07-26","Quentin Tarantino"
tt2616880,8,2020-05-05,"The Blue Umbrella","The Blue Umbrella",https://www.imdb.com/title/tt2616880,Short,7.5,7,2013,"Animation, Short, Family, Fantasy, Romance, Drama",11988,"2013-06-21","Saschka Unseld"
tt1620446,7,2020-05-05,"Day & Night","Day & Night",https://www.imdb.com/title/tt1620446,Short,8.0,6,2010,"Animation, Short, Comedy, Family, Fantasy",21409,"2010-06-18","Teddy Newton"
tt8075496,7,2020-05-05,"Bao","Bao",https://www.imdb.com/title/tt8075496,Short,7.5,8,2018,"Animation, Short, Family, Fantasy, Drama",35936,"2018-06-15","Domee Shi"
tt3824386,8,2020-05-05,"Lava","Lava",https://www.imdb.com/title/tt3824386,Short,7.2,7,2014,"Animation, Musical, Short, Family, Romance, Fantasy, Music",20854,"2015-06-19","James Ford Murphy"
tt5613056,9,2020-05-05,"Piper","Piper",https://www.imdb.com/title/tt5613056,Short,8.3,6,2016,"Animation, Short, Family",34114,"2016-06-17","Alan Barillaro"
tt4123430,6,2020-05-05,"Fantastic Beasts: The Crimes of Grindelwald","Fantastic Beasts: The Crimes of Grindelwald",https://www.imdb.com/title/tt4123430,Movie,6.5,134,2018,"Fantasy, Adventure, Family",333938,"2018-11-16","David Yates"
tt5687612,10,2020-04-26,"Fleabag","Fleabag",https://www.imdb.com/title/tt5687612,TV Series,8.7,30,2016,"Comedy, Drama",250889,"2016-09-16",
tt1659337,8,2020-04-18,"The Perks of Being a Wallflower","The Perks of Being a Wallflower",https://www.imdb.com/title/tt1659337,Movie,7.9,103,2012,"Drama",603174,"2012-10-12","Stephen Chbosky"
tt7146812,8,2020-04-05,"Onward","Onward",https://www.imdb.com/title/tt7146812,Movie,7.3,102,2020,"Animation, Comedy, Family, Fantasy, Adventure, Drama",188415,"2020-03-06","Dan Scanlon"
tt7775622,8,2020-03-27,"Free Solo","Free Solo",https://www.imdb.com/title/tt7775622,Movie,8.1,100,2018,"Documentary, Sport, Adventure",88266,"2018-12-13","Jimmy Chin,Elizabeth Chai Vasarhelyi"
tt6857112,8,2020-03-27,"Us","Us",https://www.imdb.com/title/tt6857112,Movie,6.8,116,2019,"Thriller, Horror, Mystery",398147,"2019-03-22","Jordan Peele"
tt1679335,6,2020-03-21,"Trolls","Trolls",https://www.imdb.com/title/tt1679335,Movie,6.4,92,2016,"Animation, Musical, Comedy, Adventure, Fantasy, Music, Family",101827,"2016-11-04","Mike Mitchell,Walt Dohrn"
tt1051906,8,2020-03-15,"The Invisible Man","The Invisible Man",https://www.imdb.com/title/tt1051906,Movie,7.1,124,2020,"Sci-Fi, Thriller, Horror, Mystery, Drama",288816,"2020-02-28","Leigh Whannell"
tt6267732,7,2020-03-11,"Lou","Lou",https://www.imdb.com/title/tt6267732,Short,7.7,7,2017,"Animation, Short, Family, Fantasy, Comedy",9201,"2017-06-16","Dave Mullins"
tt1489887,7,2020-03-10,"Booksmart","Booksmart",https://www.imdb.com/title/tt1489887,Movie,7.1,102,2019,"Comedy",141404,"2019-05-24","Olivia Wilde"
tt4520988,8,2020-02-04,"Frozen II","Frozen II",https://www.imdb.com/title/tt4520988,Movie,6.8,103,2019,"Animation, Musical, Adventure, Comedy, Family, Fantasy, Drama",222292,"2019-11-22","Chris Buck,Jennifer Lee"
tt1302006,8,2020-01-25,"The Irishman","The Irishman",https://www.imdb.com/title/tt1302006,Movie,7.8,209,2019,"Crime, Drama, Biography, History, Thriller",477345,"2019-11-27","Martin Scorsese"
tt7653254,8,2020-01-16,"Marriage Story","Marriage Story",https://www.imdb.com/title/tt7653254,Movie,7.9,137,2019,"Drama, Romance",374216,"2019-12-06","Noah Baumbach"
tt3783958,9,2020-01-15,"La La Land","La La Land",https://www.imdb.com/title/tt3783958,Movie,8.0,128,2016,"Musical, Comedy, Drama, Romance, Music",773461,"2016-12-25","Damien Chazelle"
tt8579674,9,2020-01-15,"1917","1917",https://www.imdb.com/title/tt8579674,Movie,8.2,119,2019,"War, Drama",781699,"2020-01-10","Sam Mendes"
tt5884052,6,2020-01-09,"Pokémon: Detective Pikachu","Pokémon: Detective Pikachu",https://www.imdb.com/title/tt5884052,Movie,6.5,104,2019,"Mystery, Family, Adventure, Comedy",198994,"2019-05-10","Rob Letterman"
tt8946378,9,2020-01-03,"Knives Out","Knives Out",https://www.imdb.com/title/tt8946378,Movie,7.9,130,2019,"Crime, Mystery, Thriller, Drama, Comedy",886574,"2019-11-27","Rian Johnson"
tt8526872,8,2020-01-01,"Dolemite Is My Name","Dolemite Is My Name",https://www.imdb.com/title/tt8526872,Movie,7.2,118,2019,"Biography, Drama, Comedy",68441,"2019-10-25","Craig Brewer"
tt2527338,6,2019-12-25,"Star Wars: Episode IX - The Rise of Skywalker","Star Wars: Episode IX - The Rise of Skywalker",https://www.imdb.com/title/tt2527338,Movie,6.3,141,2019,"Sci-Fi, Action, Adventure, Fantasy",548517,"2019-12-20","J.J. Abrams"
tt7975244,6,2019-12-18,"Jumanji: The Next Level","Jumanji: The Next Level",https://www.imdb.com/title/tt7975244,Movie,6.6,123,2019,"Action, Adventure, Comedy, Fantasy",323483,"2019-12-13","Jake Kasdan"
tt3890160,10,2019-12-15,"Baby Driver","Baby Driver",https://www.imdb.com/title/tt3890160,Movie,7.5,113,2017,"Action, Music, Crime, Drama, Romance, Thriller",691904,"2017-06-28","Edgar Wright"
tt1439629,9,2019-11-25,"Community","Community",https://www.imdb.com/title/tt1439629,TV Series,8.5,22,2009,"Comedy",313368,"2009-09-17",
tt0118298,9,2019-11-22,"Daria","Daria",https://www.imdb.com/title/tt0118298,TV Series,8.1,30,1997,"Animation, Romance, Drama, Comedy",29349,"1997-03-03",
tt4633694,10,2019-11-22,"Spider-Man: Into the Spider-Verse","Spider-Man: Into the Spider-Verse",https://www.imdb.com/title/tt4633694,Movie,8.4,117,2018,"Animation, Action, Sci-Fi, Adventure, Family, Fantasy",807885,"2018-12-14","Bob Persichetti,Peter Ramsey,Rodney Rothman"
tt1950186,8,2019-11-22,"Ford v Ferrari","Ford v Ferrari",https://www.imdb.com/title/tt1950186,Movie,8.1,152,2019,"Action, Drama, Biography, Sport",582243,"2019-11-15","James Mangold"
tt6499752,8,2019-11-17,"Upgrade","Upgrade",https://www.imdb.com/title/tt6499752,Movie,7.5,100,2018,"Sci-Fi, Thriller, Action",236919,"2018-06-01","Leigh Whannell"
tt0108778,8,2019-11-16,"Friends","Friends",https://www.imdb.com/title/tt0108778,TV Series,8.8,22,1994,"Romance, Comedy",1202749,"1994-09-22",
tt3513498,8,2019-11-06,"The Lego Movie 2: The Second Part","The LEGO Movie 2: The Second Part",https://www.imdb.com/title/tt3513498,Movie,6.5,107,2019,"Animation, Musical, Adventure, Comedy, Family, Fantasy, Sci-Fi",86495,"2019-02-08","Mike Mitchell"
tt9243946,8,2019-10-14,"El Camino","El Camino",https://www.imdb.com/title/tt9243946,Movie,7.3,122,2019,"Drama, Crime, Thriller",350140,"2019-10-11","Vince Gilligan"
tt7286456,8,2019-10-09,"Joker","Joker",https://www.imdb.com/title/tt7286456,Movie,8.3,122,2019,"Drama",1716125,"2019-10-04","Todd Phillips"
tt0934616,8,2019-09-16,"Wii Sports","Wii Sports",https://www.imdb.com/title/tt0934616,Video Game,7.8,,2006,"Sport, Comedy, Family",5256,"2006-11-19","Keizo Ohta,Takayuki Shimamura,Yoshikazu Yamashita"
tt2842418,8,2019-09-16,"Batman: Arkham Origins","Batman: Arkham Origins",https://www.imdb.com/title/tt2842418,Video Game,8.2,,2013,"Action, Thriller, Adventure, Crime, Sci-Fi",17190,"2013-10-25","Benoit Richer"
tt4649466,7,2019-09-16,"Kingsman: The Golden Circle","Kingsman: The Golden Circle",https://www.imdb.com/title/tt4649466,Movie,6.7,141,2017,"Action, Adventure, Comedy, Crime, Thriller",404656,"2017-09-22","Matthew Vaughn"
tt7349950,7,2019-09-11,"It: Chapter Two","It: Chapter Two",https://www.imdb.com/title/tt7349950,Movie,6.5,169,2019,"Horror, Drama, Fantasy",360535,"2019-09-06","Andy Muschietti"
tt4034354,6,2019-09-08,"Swiss Army Man","Swiss Army Man",https://www.imdb.com/title/tt4034354,Movie,6.9,97,2016,"Drama, Comedy, Fantasy, Romance",142257,"2016-07-01","Daniel Kwan,Daniel Scheinert"
tt1517451,8,2019-09-03,"A Star Is Born","A Star Is Born",https://www.imdb.com/title/tt1517451,Movie,7.6,136,2018,"Drama, Romance, Music",451652,"2018-10-05","Bradley Cooper"
tt0098635,8,2019-08-15,"When Harry Met Sally...","When Harry Met Sally...",https://www.imdb.com/title/tt0098635,Movie,7.7,95,1989,"Drama, Romance, Comedy",274065,"1989-07-21","Rob Reiner"
tt2446040,7,2019-07-14,"Toy Story of Terror","Toy Story of Terror!",https://www.imdb.com/title/tt2446040,TV Movie,7.4,22,2013,"Animation, Comedy, Family, Adventure, Horror, Fantasy",20311,"2013-10-16","Angus MacLane"
tt6320628,8,2019-07-07,"Spider-Man: Far from Home","Spider-Man: Far from Home",https://www.imdb.com/title/tt6320628,Movie,7.3,129,2019,"Action, Adventure, Sci-Fi, Comedy, Fantasy",664441,"2019-07-02","Jon Watts"
tt6139732,6,2019-06-24,"Aladdin","Aladdin",https://www.imdb.com/title/tt6139732,Movie,6.9,128,2019,"Musical, Adventure, Fantasy, Romance, Family, Comedy",317993,"2019-05-24","Guy Ritchie"
tt1979376,9,2019-06-23,"Toy Story 4","Toy Story 4",https://www.imdb.com/title/tt1979376,Movie,7.6,100,2019,"Animation, Comedy, Fantasy, Family, Adventure",326860,"2019-06-21","Josh Cooley"
tt4154796,9,2019-04-27,"Avengers: Endgame","Avengers: Endgame",https://www.imdb.com/title/tt4154796,Movie,8.4,181,2019,"Action, Sci-Fi, Adventure",1473951,"2019-04-26","Anthony Russo,Joe Russo"
tt0405325,4,2019-03-24,"Sky High","Sky High",https://www.imdb.com/title/tt0405325,Movie,6.3,100,2005,"Family, Comedy, Action, Sci-Fi",101856,"2005-07-29","Mike Mitchell"
tt2386490,9,2019-03-11,"How to Train Your Dragon: The Hidden World","How to Train Your Dragon: The Hidden World",https://www.imdb.com/title/tt2386490,Movie,7.4,104,2019,"Animation, Family, Action, Fantasy, Adventure, Comedy, Drama",182115,"2019-02-22","Dean DeBlois"
tt4154664,7,2019-03-11,"Captain Marvel","Captain Marvel",https://www.imdb.com/title/tt4154664,Movie,6.7,123,2019,"Action, Adventure, Sci-Fi",668130,"2019-03-08","Anna Boden,Ryan Fleck"
tt5565334,8,2019-02-25,"Friends from College","Friends from College",https://www.imdb.com/title/tt5565334,TV Series,6.9,30,2017,"Comedy, Drama",24987,"2017-07-14",
tt5580390,9,2019-02-23,"The Shape of Water","The Shape of Water",https://www.imdb.com/title/tt5580390,Movie,7.3,123,2017,"Romance, Drama, Fantasy, Sci-Fi",478978,"2017-12-22","Guillermo del Toro"
tt2854926,7,2019-02-18,"Tag","Tag",https://www.imdb.com/title/tt2854926,Movie,6.5,100,2018,"Comedy, Action",163390,"2018-06-15","Jeff Tomsic"
tt1073498,2,2019-02-13,"Meet the Spartans","Meet the Spartans",https://www.imdb.com/title/tt1073498,Movie,2.8,87,2008,"Comedy, Fantasy",113529,"2008-01-25","Jason Friedberg,Aaron Seltzer"
tt7014006,9,2019-02-09,"Eighth Grade","Eighth Grade",https://www.imdb.com/title/tt7014006,Movie,7.3,93,2018,"Comedy, Drama",87302,"2018-08-03","Bo Burnham"
tt6155172,8,2019-02-05,"Roma","Roma",https://www.imdb.com/title/tt6155172,Movie,7.6,135,2018,"Drama",179344,"2018-12-14","Alfonso Cuarón"
tt2704998,7,2018-12-29,"Game Night","Game Night",https://www.imdb.com/title/tt2704998,Movie,6.9,100,2018,"Comedy, Crime, Action, Thriller, Adventure, Mystery",282539,"2018-02-23","John Francis Daley,Jonathan Goldstein"
tt1477834,7,2018-12-21,"Aquaman","Aquaman",https://www.imdb.com/title/tt1477834,Movie,6.8,143,2018,"Action, Adventure, Sci-Fi, Fantasy",557974,"2018-12-21","James Wan"
tt6317068,9,2018-12-16,"Final Space","Final Space",https://www.imdb.com/title/tt6317068,TV Series,8.2,30,2018,"Animation, Adventure, Comedy, Sci-Fi, Action, Drama, Fantasy",51582,"2018-02-26",
tt5807780,10,2018-12-10,"Spider-Man","Marvel's Spider-Man",https://www.imdb.com/title/tt5807780,Video Game,9.1,,2018,"Action, Adventure, Fantasy, Sci-Fi",38686,"2018-09-07","Ryan Smith"
tt1727824,8,2018-11-29,"Bohemian Rhapsody","Bohemian Rhapsody",https://www.imdb.com/title/tt1727824,Movie,7.9,134,2018,"Biography, Drama, Music",652248,"2018-11-02","Bryan Singer"
tt1666186,3,2018-11-27,"Vampires Suck","Vampires Suck",https://www.imdb.com/title/tt1666186,Movie,3.5,82,2010,"Comedy, Horror",55118,"2010-08-18","Jason Friedberg,Aaron Seltzer"
tt5848272,8,2018-11-26,"Ralph Breaks the Internet","Ralph Breaks the Internet",https://www.imdb.com/title/tt5848272,Movie,7.0,112,2018,"Animation, Comedy, Adventure, Family, Fantasy, Sci-Fi, Sport",208217,"2018-11-21","Phil Johnston,Rich Moore"
tt3104988,7,2018-11-25,"Crazy Rich Asians","Crazy Rich Asians",https://www.imdb.com/title/tt3104988,Movie,6.9,120,2018,"Comedy, Romance, Drama",210793,"2018-08-15","Jon M. Chu"
tt3606752,6,2018-11-24,"Cars 3","Cars 3",https://www.imdb.com/title/tt3606752,Movie,6.7,102,2017,"Animation, Comedy, Family, Sport, Adventure",155816,"2017-06-16","Brian Fee"
tt3487356,8,2018-11-19,"Black-ish","Black·ish",https://www.imdb.com/title/tt3487356,TV Series,7.3,22,2014,"Comedy",27893,"2014-09-24",
tt0115341,8,2018-11-04,"Sabrina the Teenage Witch","Sabrina the Teenage Witch",https://www.imdb.com/title/tt0115341,TV Series,6.7,22,1996,"Fantasy, Horror, Sci-Fi, Romance, Comedy, Family",47330,"1996-09-27",
tt7452910,7,2018-11-04,"The David S. Pumpkins Halloween Special","The David S. Pumpkins Halloween Special",https://www.imdb.com/title/tt7452910,TV Short,6.4,21,2017,"Animation, Short, Comedy, Fantasy, Family, Music",915,"2017-10-28","Don Roy King"
tt6524350,9,2018-10-26,"Big Mouth","Big Mouth",https://www.imdb.com/title/tt6524350,TV Series,7.8,30,2017,"Animation, Comedy, Romance",99303,"2017-09-29",
tt1706593,8,2018-10-22,"Chronicle","Chronicle",https://www.imdb.com/title/tt1706593,Movie,7.0,84,2012,"Sci-Fi, Drama, Thriller",279323,"2012-02-03","Josh Trank"
tt1270797,6,2018-10-16,"Venom","Venom",https://www.imdb.com/title/tt1270797,Movie,6.6,112,2018,"Action, Sci-Fi, Adventure",613872,"2018-10-05","Ruben Fleischer"
tt0413267,3,2018-09-25,"Shrek the Third","Shrek the Third",https://www.imdb.com/title/tt0413267,Movie,6.1,93,2007,"Animation, Comedy, Family, Fantasy, Adventure, Romance",363876,"2007-05-18","Chris Miller,Raman Hui"
tt1856101,7,2018-09-07,"Blade Runner 2049","Blade Runner 2049",https://www.imdb.com/title/tt1856101,Movie,8.0,164,2017,"Sci-Fi, Thriller, Action, Drama, Mystery",764084,"2017-10-06","Denis Villeneuve"
tt7689966,8,2018-09-04,"Robin Williams: Come Inside My Mind","Robin Williams: Come Inside My Mind",https://www.imdb.com/title/tt7689966,Movie,7.9,116,2018,"Documentary, Biography, Comedy",10412,"2018-07-16","Marina Zenovich"
tt5136700,8,2018-09-04,"Kareem: Minority of One","Kareem: Minority of One",https://www.imdb.com/title/tt5136700,Movie,7.4,90,2015,"Documentary, Sport",1174,"2015-11-03",
tt0411302,7,2018-09-04,"Doodlebug","Doodlebug",https://www.imdb.com/title/tt0411302,Short,7.0,3,1997,"Short, Fantasy, Mystery",20486,"1997","Christopher Nolan"
tt1308728,4,2018-09-02,"The Happytime Murders","The Happytime Murders",https://www.imdb.com/title/tt1308728,Movie,5.5,91,2018,"Comedy, Crime, Mystery, Action, Thriller, Fantasy, Horror",32362,"2018-08-24","Brian Henson"
tt1485796,7,2018-08-29,"The Greatest Showman","The Greatest Showman",https://www.imdb.com/title/tt1485796,Movie,7.5,105,2017,"Musical, Drama, Biography, Romance",351668,"2017-12-20","Michael Gracey"
tt6644200,9,2018-08-29,"A Quiet Place","A Quiet Place",https://www.imdb.com/title/tt6644200,Movie,7.5,90,2018,"Drama, Horror, Sci-Fi",666215,"2018-04-06","John Krasinski"
tt5052448,9,2018-08-29,"Get Out","Get Out",https://www.imdb.com/title/tt5052448,Movie,7.8,104,2017,"Horror, Mystery, Thriller",832157,"2017-02-24","Jordan Peele"
tt1193138,6,2018-08-28,"Up in the Air","Up in the Air",https://www.imdb.com/title/tt1193138,Movie,7.4,109,2009,"Drama, Romance, Comedy",362175,"2009-12-23","Jason Reitman"
tt4912910,8,2018-08-24,"Mission: Impossible - Fallout","Mission: Impossible - Fallout",https://www.imdb.com/title/tt4912910,Movie,7.7,147,2018,"Action, Adventure, Thriller",423150,"2018-07-27","Christopher McQuarrie"
tt2452042,7,2018-08-21,"The Peanuts Movie","The Peanuts Movie",https://www.imdb.com/title/tt2452042,Movie,7.0,88,2015,"Animation, Comedy, Family, Adventure, Drama",53914,"2015-11-06","Steve Martino"
tt7349662,8,2018-08-20,"BlacKkKlansman","BlacKkKlansman",https://www.imdb.com/title/tt7349662,Movie,7.5,135,2018,"Biography, Crime, Drama, Comedy, Thriller",316685,"2018-08-10","Spike Lee"
tt0449010,4,2018-08-19,"Eragon","Eragon",https://www.imdb.com/title/tt0449010,Movie,5.1,104,2006,"Fantasy, Action, Family, Adventure",135137,"2006-12-15","Stefen Fangmeier"
tt0974015,5,2018-08-14,"Justice League","Justice League",https://www.imdb.com/title/tt0974015,Movie,6.0,120,2017,"Sci-Fi",508276,"2017-11-17","Zack Snyder"
tt0338094,4,2018-08-14,"The Haunted Mansion","The Haunted Mansion",https://www.imdb.com/title/tt0338094,Movie,5.3,88,2003,"Mystery, Horror, Family, Comedy, Fantasy",60424,"2003-11-26","Rob Minkoff"
tt5027774,9,2018-08-12,"Three Billboards Outside Ebbing, Missouri","Three Billboards Outside Ebbing, Missouri",https://www.imdb.com/title/tt5027774,Movie,8.1,115,2017,"Crime, Drama, Comedy",613462,"2017-12-01","Martin McDonagh"
tt0106977,8,2018-08-08,"The Fugitive","The Fugitive",https://www.imdb.com/title/tt0106977,Movie,7.8,130,1993,"Crime, Action, Mystery, Drama, Thriller",349198,"1993-08-06","Andrew Davis"
tt3014284,6,2018-08-07,"The Lego Ninjago Movie","The Lego Ninjago Movie",https://www.imdb.com/title/tt3014284,Movie,6.1,101,2017,"Animation, Comedy, Adventure, Family, Drama, Fantasy, Sci-Fi, Thriller, Action",35260,"2017-09-22","Charlie Bean,Paul Fisher,Bob Logan"
tt0343314,8,2018-08-01,"Teen Titans","Teen Titans",https://www.imdb.com/title/tt0343314,TV Series,7.9,23,2003,"Animation, Adventure, Family, Comedy, Fantasy, Sci-Fi, Action",43884,"2003-07-19",
tt7424200,7,2018-08-01,"Teen Titans GO! To the Movies","Teen Titans Go! To the Movies",https://www.imdb.com/title/tt7424200,Movie,6.7,84,2018,"Animation, Musical, Comedy, Family, Sci-Fi, Adventure, Action, Fantasy",24123,"2018-07-27","Aaron Horvath,Peter Rida Michail"
tt7153766,4,2018-07-15,"Unsane","Unsane",https://www.imdb.com/title/tt7153766,Movie,6.4,98,2018,"Thriller, Mystery, Drama, Horror",54397,"2018-03-23","Steven Soderbergh"
tt1396484,8,2018-07-11,"It","It",https://www.imdb.com/title/tt1396484,Movie,7.3,135,2017,"Horror",705661,"2017-09-08","Andy Muschietti"
tt5095030,7,2018-07-10,"Ant-Man and the Wasp","Ant-Man and the Wasp",https://www.imdb.com/title/tt5095030,Movie,7.0,118,2018,"Action, Adventure, Sci-Fi, Comedy",502656,"2018-07-06","Peyton Reed"
tt0311289,7,2018-07-10,"Holes","Holes",https://www.imdb.com/title/tt0311289,Movie,7.0,117,2003,"Comedy, Adventure, Mystery, Drama, Family",111206,"2003-04-18","Andrew Davis"
tt0097165,9,2018-07-08,"Dead Poets Society","Dead Poets Society",https://www.imdb.com/title/tt0097165,Movie,8.1,128,1989,"Comedy, Drama",664245,"1989-06-09","Peter Weir"
tt0478087,6,2018-06-27,"21","21",https://www.imdb.com/title/tt0478087,Movie,6.8,123,2008,"Drama, Crime, Thriller",282410,"2008-03-28","Robert Luketic"
tt0316654,9,2018-06-26,"Spider-Man 2","Spider-Man 2",https://www.imdb.com/title/tt0316654,Movie,7.5,127,2004,"Sci-Fi, Adventure, Action",800892,"2004-06-30","Sam Raimi"
tt2277860,7,2018-06-26,"Finding Dory","Finding Dory",https://www.imdb.com/title/tt2277860,Movie,7.2,97,2016,"Animation, Comedy, Adventure, Family, Fantasy, Mystery",338439,"2016-06-17","Andrew Stanton,Angus MacLane"
tt3606756,9,2018-06-26,"Incredibles 2","Incredibles 2",https://www.imdb.com/title/tt3606756,Movie,7.5,118,2018,"Animation, Action, Adventure, Family, Sci-Fi, Comedy, Thriller",375886,"2018-06-15","Brad Bird"
tt2380307,10,2018-06-26,"Coco","Coco",https://www.imdb.com/title/tt2380307,Movie,8.4,105,2017,"Animation, Family, Adventure, Fantasy, Mystery, Music, Drama",721503,"2017-11-22","Lee Unkrich,Adrian Molina"
tt5013056,8,2018-06-20,"Dunkirk","Dunkirk",https://www.imdb.com/title/tt5013056,Movie,7.8,106,2017,"War, Drama, Action, History, Thriller",821914,"2017-07-21","Christopher Nolan"
tt0499549,8,2018-06-12,"Avatar","Avatar",https://www.imdb.com/title/tt0499549,Movie,7.9,162,2009,"Sci-Fi, Action, Adventure, Fantasy",1511305,"2009-12-18","James Cameron"
tt2561572,5,2018-06-05,"Get Hard","Get Hard",https://www.imdb.com/title/tt2561572,Movie,6.0,100,2015,"Comedy, Crime, Drama",156530,"2015-03-27","Etan Cohen"
tt3216586,4,2018-06-05,"The Brink","The Brink",https://www.imdb.com/title/tt3216586,TV Series,7.7,30,2015,"Comedy",15193,"2015-06-21",
tt4263482,3,2018-06-05,"The Witch","The VVitch: A New-England Folktale",https://www.imdb.com/title/tt4263482,Movie,7.0,92,2015,"Horror, Mystery, Drama, Fantasy, Thriller",357482,"2016-02-19","Robert Eggers"
tt3919922,4,2018-06-05,"Epic Meal Empire","Epic Meal Empire",https://www.imdb.com/title/tt3919922,TV Series,6.5,,2014,"Reality-TV",205,"2014-07-26",
tt0413300,3,2018-06-05,"Spider-Man 3","Spider-Man 3",https://www.imdb.com/title/tt0413300,Movie,6.3,139,2007,"Action, Sci-Fi, Adventure",713334,"2007-05-04","Sam Raimi"
tt1139628,6,2018-06-05,"The Simpsons Game","The Simpsons Game",https://www.imdb.com/title/tt1139628,Video Game,7.4,,2007,"Animation, Action, Adventure, Comedy, Fantasy, Sci-Fi",1621,"2007-10-30","Ralph Sosa"
tt0386789,8,2018-06-05,"The Simpsons: Hit & Run","The Simpsons: Hit & Run",https://www.imdb.com/title/tt0386789,Video Game,8.3,,2003,"Animation, Action, Adventure, Comedy, Crime, Sci-Fi, Mystery",3383,"2003-09-16",
tt1772341,8,2018-06-05,"Wreck-It Ralph","Wreck-It Ralph",https://www.imdb.com/title/tt1772341,Movie,7.7,101,2012,"Animation, Comedy, Family, Adventure, Fantasy, Sci-Fi, Sport",503743,"2012-11-02","Rich Moore"
tt3778644,6,2018-06-03,"Solo: A Star Wars Story","Solo: A Star Wars Story",https://www.imdb.com/title/tt3778644,Movie,6.9,135,2018,"Sci-Fi, Action, Adventure",413378,"2018-05-25","Ron Howard"
tt0266697,7,2018-05-20,"Kill Bill: Vol. 1","Kill Bill: Vol. 1",https://www.imdb.com/title/tt0266697,Movie,8.2,111,2003,"Action, Thriller, Crime",1319669,"2003-10-10","Quentin Tarantino"
tt5463162,8,2018-05-19,"Deadpool 2","Deadpool 2",https://www.imdb.com/title/tt5463162,Movie,7.6,119,2018,"Action, Adventure, Comedy, Sci-Fi",753408,"2018-05-18","David Leitch"
tt4154756,9,2018-04-29,"Avengers: Infinity War","Avengers: Infinity War",https://www.imdb.com/title/tt4154756,Movie,8.4,149,2018,"Action, Sci-Fi, Adventure",1397920,"2018-04-27","Anthony Russo,Joe Russo"
tt0424774,2,2018-04-20,"The Adventures of Sharkboy and Lavagirl 3-D","The Adventures of Sharkboy and Lavagirl in 3-D",https://www.imdb.com/title/tt0424774,Movie,3.8,93,2005,"Family, Action, Adventure, Fantasy, Comedy, Sci-Fi",46986,"2005-06-10","Robert Rodriguez"
tt0120917,9,2018-03-30,"The Emperor's New Groove","The Emperor's New Groove",https://www.imdb.com/title/tt0120917,Movie,7.4,78,2000,"Animation, Adventure, Fantasy, Family, Comedy",251669,"2000-12-15","Mark Dindal"
tt1981115,5,2018-02-18,"Thor: The Dark World","Thor: The Dark World",https://www.imdb.com/title/tt1981115,Movie,6.7,112,2013,"Action, Adventure, Fantasy, Sci-Fi",786858,"2013-11-08","Alan Taylor"
tt1825683,9,2018-02-18,"Black Panther","Black Panther",https://www.imdb.com/title/tt1825683,Movie,7.3,134,2018,"Action, Adventure, Sci-Fi",920821,"2018-02-16","Ryan Coogler"
tt1499658,7,2017-12-30,"Horrible Bosses","Horrible Bosses",https://www.imdb.com/title/tt1499658,Movie,6.9,98,2011,"Comedy, Crime",490357,"2011-07-08","Seth Gordon"
tt2283362,7,2017-12-28,"Jumanji: Welcome to the Jungle","Jumanji: Welcome to the Jungle",https://www.imdb.com/title/tt2283362,Movie,6.9,119,2017,"Adventure, Fantasy, Action, Comedy",509265,"2017-12-20","Jake Kasdan"
tt1650062,7,2017-12-28,"Super 8","Super 8",https://www.imdb.com/title/tt1650062,Movie,7.0,112,2011,"Sci-Fi, Thriller, Action",382523,"2011-06-10","J.J. Abrams"
tt5462602,9,2017-12-26,"The Big Sick","The Big Sick",https://www.imdb.com/title/tt5462602,Movie,7.5,120,2017,"Comedy, Romance, Drama",151237,"2017-07-14","Michael Showalter"
tt4574334,10,2017-12-24,"Stranger Things","Stranger Things",https://www.imdb.com/title/tt4574334,TV Series,8.6,60,2016,"Drama, Horror, Thriller, Sci-Fi, Mystery, Fantasy",1727593,"2016-07-15",
tt3521126,8,2017-12-20,"The Disaster Artist","The Disaster Artist",https://www.imdb.com/title/tt3521126,Movie,7.3,104,2017,"Comedy, Drama, Biography",172566,"2017-12-08","James Franco"
tt2527336,9,2017-12-20,"Star Wars: Episode VIII - The Last Jedi","Star Wars: Episode VIII - The Last Jedi",https://www.imdb.com/title/tt2527336,Movie,6.8,152,2017,"Sci-Fi, Action, Adventure, Fantasy",724763,"2017-12-15","Rian Johnson"
tt0883772,8,2017-12-09,"Man vs. Wild","Man vs. Wild",https://www.imdb.com/title/tt0883772,TV Series,8.1,60,2006,"Reality-TV, Adventure",24034,"2006-10-27",
tt0823463,7,2017-11-23,"Gears of War","Gears of War",https://www.imdb.com/title/tt0823463,Video Game,8.5,,2006,"Action, Sci-Fi, War",9835,"2006-11-12","Mo Davoudian"
tt0382932,10,2017-11-23,"Ratatouille","Ratatouille",https://www.imdb.com/title/tt0382932,Movie,8.1,111,2007,"Animation, Comedy, Family, Fantasy, Adventure",959964,"2007-06-29","Brad Bird,Jan Pinkava"
tt0322968,10,2017-11-23,"Kingdom Hearts","Kingdom Hearts",https://www.imdb.com/title/tt0322968,Video Game,9.1,,2002,"Action, Family, Adventure, Fantasy",8489,"2002-09-17","Tetsuya Nomura"
tt1386697,6,2017-11-12,"Suicide Squad","Suicide Squad",https://www.imdb.com/title/tt1386697,Movie,5.9,123,2016,"Action, Sci-Fi, Adventure, Fantasy",764231,"2016-08-05","David Ayer"
tt2975590,5,2017-11-12,"Batman v Superman: Dawn of Justice","Batman v Superman: Dawn of Justice",https://www.imdb.com/title/tt2975590,Movie,6.4,151,2016,"Sci-Fi",796653,"2016-03-25","Zack Snyder"
tt4116284,7,2017-11-12,"The Lego Batman Movie","The LEGO Batman Movie",https://www.imdb.com/title/tt4116284,Movie,7.3,104,2017,"Animation, Action, Comedy, Family, Adventure, Fantasy, Sci-Fi",196428,"2017-02-10","Chris McKay"
tt3501632,8,2017-11-08,"Thor: Ragnarok","Thor: Ragnarok",https://www.imdb.com/title/tt3501632,Movie,7.9,130,2017,"Action, Sci-Fi, Adventure, Comedy, Fantasy",906788,"2017-11-03","Taika Waititi"
tt0837564,6,2017-09-18,"Spider-Man 3","Spider-Man 3",https://www.imdb.com/title/tt0837564,Video Game,6.4,,2007,"Action, Adventure, Crime, Sci-Fi, Fantasy, Horror, Mystery, Thriller",4313,"2007-05-04",
tt0411906,7,2017-09-18,"Spider-Man 2","Spider-Man 2",https://www.imdb.com/title/tt0411906,Video Game,7.8,,2004,"Action, Adventure, Crime, Sci-Fi",6113,"2004-06-29","Tomo Moriwaki,Yoshitomo Moriwaki"
tt3330488,8,2017-09-18,"Middle-Earth: Shadow of Mordor","Middle-Earth: Shadow of Mordor",https://www.imdb.com/title/tt3330488,Video Game,8.2,,2014,"Action, Adventure, Fantasy",7487,"2014-09-30","Matthew Allen,Christian Cantamessa,Neil Huxley,Liam O'Brien,Nathan Hendrickson"
tt0469287,8,2017-09-18,"Call of Duty 2","Call of Duty 2",https://www.imdb.com/title/tt0469287,Video Game,8.5,,2005,"Action, War",8145,"2005-10-25","Keith Arem,Jason West"
tt1125798,9,2017-09-18,"Call of Duty 4: Modern Warfare","Call of Duty 4: Modern Warfare",https://www.imdb.com/title/tt1125798,Video Game,9.0,,2007,"Action, Thriller",26960,"2007-11-05","Jason West"
tt1450746,9,2017-09-18,"Call of Duty: Modern Warfare 2","Call of Duty: Modern Warfare 2",https://www.imdb.com/title/tt1450746,Video Game,8.8,,2009,"Action, Thriller",28893,"2009-11-10","Jason West"
tt1282022,9,2017-09-18,"Batman: Arkham Asylum","Batman: Arkham Asylum",https://www.imdb.com/title/tt1282022,Video Game,9.1,,2009,"Action, Thriller, Crime, Sci-Fi, Mystery",35941,"2009-08-25","Sefton Hill"
tt1225687,9,2017-09-18,"Mario Kart Wii","Mario Kart Wii",https://www.imdb.com/title/tt1225687,Video Game,8.4,,2008,"Sport, Action, Fantasy, Family",5472,"2008-04-27","Yasuyuki Oyagi"
tt0928380,9,2017-09-18,"Super Smash Bros. Brawl","Dairantô Sumasshu Burazâzu ekkusu",https://www.imdb.com/title/tt0928380,Video Game,8.6,,2008,"Action, Fantasy, Adventure, Sci-Fi, Sport",5692,"2008-03-09","Masahiro Sakurai"
tt3554580,10,2017-09-18,"Batman: Arkham Knight","Batman: Arkham Knight",https://www.imdb.com/title/tt3554580,Video Game,9.0,,2015,"Action, Thriller, Sci-Fi",29443,"2015-06-23","Sefton Hill"
tt1568322,10,2017-09-18,"Batman: Arkham City","Batman: Arkham City",https://www.imdb.com/title/tt1568322,Video Game,9.3,,2011,"Action, Crime, Sci-Fi, Thriller",39499,"2011-10-18","Sefton Hill"
tt4846340,8,2017-09-18,"Hidden Figures","Hidden Figures",https://www.imdb.com/title/tt4846340,Movie,7.8,127,2016,"Drama, History, Biography",292648,"2017-01-06","Theodore Melfi"
tt4230076,8,2017-08-23,"The Defenders","The Defenders",https://www.imdb.com/title/tt4230076,TV Mini Series,7.2,50,2017,"Action, Adventure, Crime, Sci-Fi, Fantasy",128748,"2017-08-18",
tt0245429,6,2017-07-25,"Spirited Away","Sen to Chihiro no kamikakushi",https://www.imdb.com/title/tt0245429,Movie,8.6,124,2001,"Animation, Family, Adventure, Fantasy",979776,"2003-03-28","Hayao Miyazaki"
tt1430132,6,2017-07-25,"The Wolverine","The Wolverine",https://www.imdb.com/title/tt1430132,Movie,6.7,126,2013,"Action, Sci-Fi, Thriller",527662,"2013-07-26","James Mangold"
tt0206512,8,2017-07-25,"SpongeBob SquarePants","SpongeBob SquarePants",https://www.imdb.com/title/tt0206512,TV Series,8.2,23,1999,"Animation, Fantasy, Comedy, Family",127406,"1999-05-01",
tt2671706,8,2017-07-25,"Fences","Fences",https://www.imdb.com/title/tt2671706,Movie,7.2,139,2016,"Drama",126170,"2016-12-25","Denzel Washington"
tt3521164,8,2017-07-25,"Moana","Moana",https://www.imdb.com/title/tt3521164,Movie,7.6,107,2016,"Animation, Musical, Adventure, Family, Comedy, Fantasy",448179,"2016-11-23","Ron Clements,John Musker,Don Hall,Chris Williams"
tt0417299,10,2017-07-25,"Avatar: The Last Airbender","Avatar: The Last Airbender",https://www.imdb.com/title/tt0417299,TV Series,9.3,23,2005,"Animation, Adventure, Family, Fantasy, Action, Mystery",452202,"2005-02-21",
tt1392190,9,2017-07-25,"Mad Max: Fury Road","Mad Max: Fury Road",https://www.imdb.com/title/tt1392190,Movie,8.1,120,2015,"Action, Adventure, Sci-Fi",1216524,"2015-05-15","George Miller"
tt2861424,10,2017-07-25,"Rick and Morty","Rick and Morty",https://www.imdb.com/title/tt2861424,TV Series,9.0,23,2013,"Animation, Adventure, Comedy, Sci-Fi",707280,"2013-12-02",
tt3640424,8,2017-07-25,"Allied","Allied",https://www.imdb.com/title/tt3640424,Movie,7.1,124,2016,"Drama, Romance, Thriller, War, Action",181150,"2016-11-23","Robert Zemeckis"
tt3450958,8,2017-07-25,"War for the Planet of the Apes","War for the Planet of the Apes",https://www.imdb.com/title/tt3450958,Movie,7.4,140,2017,"Action, Drama, Sci-Fi, Adventure, Thriller",329189,"2017-07-14","Matt Reeves"
tt2250912,9,2017-07-09,"Spider-Man: Homecoming","Spider-Man: Homecoming",https://www.imdb.com/title/tt2250912,Movie,7.4,133,2017,"Action, Sci-Fi, Adventure",824572,"2017-07-07","Jon Watts"
tt0451279,9,2017-06-19,"Wonder Woman","Wonder Woman",https://www.imdb.com/title/tt0451279,Movie,7.3,141,2017,"Action, Adventure, Fantasy, Sci-Fi, War",739449,"2017-06-02","Patty Jenkins"
tt1759761,9,2017-05-31,"Veep","Veep",https://www.imdb.com/title/tt1759761,TV Series,8.4,30,2012,"Comedy",72365,"2012-04-22",
tt3896198,8,2017-05-20,"Guardians of the Galaxy: Vol. 2","Guardians of the Galaxy Vol. 2",https://www.imdb.com/title/tt3896198,Movie,7.6,136,2017,"Action, Sci-Fi, Adventure, Comedy, Fantasy, Music",840251,"2017-05-05","James Gunn"
tt3322310,8,2017-03-31,"Iron Fist","Iron Fist",https://www.imdb.com/title/tt3322310,TV Series,6.4,60,2017,"Action, Sci-Fi, Adventure, Crime, Fantasy",150523,"2017-03-17",
tt0424823,4,2017-03-13,"Balls of Fury","Balls of Fury",https://www.imdb.com/title/tt0424823,Movie,5.4,90,2007,"Comedy, Crime, Sport",47461,"2007-08-29","Robert Ben Garant"
tt3385516,7,2017-03-06,"X-Men: Apocalypse","X-Men: Apocalypse",https://www.imdb.com/title/tt3385516,Movie,6.8,144,2016,"Sci-Fi, Action, Adventure",496421,"2016-05-27","Bryan Singer"
tt3741834,8,2017-02-20,"Lion","Lion",https://www.imdb.com/title/tt3741834,Movie,8.0,118,2016,"Drama, Biography",268220,"2017-01-06","Garth Davis"
tt2278388,9,2017-01-31,"The Grand Budapest Hotel","The Grand Budapest Hotel",https://www.imdb.com/title/tt2278388,Movie,8.1,99,2014,"Comedy, Drama",982986,"2014-03-28","Wes Anderson"
tt0130623,6,2017-01-31,"Dinosaur","Dinosaur",https://www.imdb.com/title/tt0130623,Movie,6.4,82,2000,"Animation, Drama, Fantasy, Adventure, Family",73416,"2000-05-19","Eric Leighton,Ralph Zondag"
tt5477566,6,2017-01-04,"Barry","Barry",https://www.imdb.com/title/tt5477566,Movie,6.0,104,2016,"Drama, Biography",8131,"2016-12-16","Vikram Gandhi"
tt4501244,6,2017-01-03,"Why Him?","Why Him?",https://www.imdb.com/title/tt4501244,Movie,6.2,111,2016,"Comedy",136590,"2016-12-23","John Hamburg"
tt3040964,8,2017-01-02,"The Jungle Book","The Jungle Book",https://www.imdb.com/title/tt3040964,Movie,7.3,106,2016,"Animation, Musical, Adventure, Fantasy, Family, Drama, Action",307313,"2016-04-15","Jon Favreau"
tt0381061,8,2016-12-21,"Casino Royale","Casino Royale",https://www.imdb.com/title/tt0381061,Movie,8.0,144,2006,"Thriller, Action, Adventure",751701,"2006-11-17","Martin Campbell"
tt3748528,8,2016-12-17,"Rogue One: A Star Wars Story","Rogue One",https://www.imdb.com/title/tt3748528,Movie,7.8,133,2016,"Action, Adventure, Sci-Fi",763081,"2016-12-16","Gareth Edwards"
tt2119532,8,2016-12-14,"Hacksaw Ridge","Hacksaw Ridge",https://www.imdb.com/title/tt2119532,Movie,8.1,139,2016,"Drama, War, History, Biography",692424,"2016-11-04","Mel Gibson"
tt2543164,8,2016-12-12,"Arrival","Arrival",https://www.imdb.com/title/tt2543164,Movie,7.9,116,2016,"Sci-Fi, Drama, Mystery",874866,"2016-11-11","Denis Villeneuve"
tt2267968,6,2016-12-10,"Kung Fu Panda 3","Kung Fu Panda 3",https://www.imdb.com/title/tt2267968,Movie,7.1,95,2016,"Animation, Comedy, Action, Adventure, Family, Fantasy",222148,"2016-01-29","Alessandro Carloni,Jennifer Yuh Nelson"
tt4139124,7,2016-12-04,"Keanu","Keanu",https://www.imdb.com/title/tt4139124,Movie,6.2,100,2016,"Comedy, Action, Crime",55679,"2016-04-29","Peter Atencio"
tt3183660,9,2016-11-25,"Fantastic Beasts and Where to Find Them","Fantastic Beasts and Where to Find Them",https://www.imdb.com/title/tt3183660,Movie,7.2,132,2016,"Adventure, Family, Fantasy",543954,"2016-11-18","David Yates"
tt2582846,7,2016-11-21,"The Fault in Our Stars","The Fault in Our Stars",https://www.imdb.com/title/tt2582846,Movie,7.6,126,2014,"Drama, Romance",426967,"2014-06-06","Josh Boone"
tt1490017,9,2016-11-06,"The Lego Movie","The LEGO Movie",https://www.imdb.com/title/tt1490017,Movie,7.7,100,2014,"Animation, Comedy, Family, Adventure, Fantasy, Sci-Fi, Action",419796,"2014-02-07","Phil Lord,Christopher Miller"
tt1211837,8,2016-11-06,"Doctor Strange","Doctor Strange",https://www.imdb.com/title/tt1211837,Movie,7.5,115,2016,"Fantasy, Adventure, Action, Sci-Fi",891476,"2016-11-04","Scott Derrickson"
tt1195935,5,2016-11-01,"The Cleveland Show","The Cleveland Show",https://www.imdb.com/title/tt1195935,TV Series,5.6,22,2009,"Animation, Comedy, Adventure",44868,"2009-09-27",
tt0165598,7,2016-11-01,"That '70s Show","That '70s Show",https://www.imdb.com/title/tt0165598,TV Series,8.1,22,1998,"Romance, Drama, Comedy",199602,"1998-08-23",
tt5034326,9,2016-11-01,"Adam Ruins Everything","Adam Ruins Everything",https://www.imdb.com/title/tt5034326,TV Series,8.0,30,2015,"Documentary, News, Talk-Show, Comedy, History",7857,"2015-09-29",
tt0088128,6,2016-10-23,"Sixteen Candles","Sixteen Candles",https://www.imdb.com/title/tt0088128,Movie,7.0,93,1984,"Romance, Comedy",136134,"1984-05-04","John Hughes"
tt0318155,5,2016-10-23,"Looney Tunes: Back in Action","Looney Tunes: Back in Action",https://www.imdb.com/title/tt0318155,Movie,5.8,91,2003,"Animation, Family, Comedy, Adventure",43457,"2003-11-14","Joe Dante"
tt1951266,6,2016-10-16,"The Hunger Games: Mockingjay - Part 2","The Hunger Games: Mockingjay - Part 2",https://www.imdb.com/title/tt1951266,Movie,6.6,137,2015,"Sci-Fi, Thriller, Adventure, Action",419312,"2015-11-20","Francis Lawrence"
tt2836450,6,2016-10-13,"Aziz Ansari: Buried Alive","Aziz Ansari: Buried Alive",https://www.imdb.com/title/tt2836450,TV Special,7.2,80,2013,"Comedy",4212,"2013-11-01","Will Lovelace,Dylan Southern"
tt3322314,9,2016-10-13,"Luke Cage","Luke Cage",https://www.imdb.com/title/tt3322314,TV Series,7.2,60,2016,"Action, Sci-Fi, Crime, Thriller, Drama",149713,"2016-09-30",
tt3774114,7,2016-09-18,"Snowden","Snowden",https://www.imdb.com/title/tt3774114,Movie,7.3,134,2016,"Drama, Thriller, Biography, Crime",173983,"2016-09-16","Oliver Stone"
tt0070016,6,2016-09-04,"Charlotte's Web","Charlotte's Web",https://www.imdb.com/title/tt0070016,Movie,6.9,94,1973,"Animation, Musical, Adventure, Drama, Family",23033,"1973-03-01","Charles Nichols,Iwao Takamoto"
tt0058805,7,2016-09-04,"Get Smart","Get Smart",https://www.imdb.com/title/tt0058805,TV Series,8.2,25,1965,"Crime, Adventure, Mystery, Sci-Fi, Action, Family, Comedy",15326,"1965-09-18",
tt0240468,7,2016-08-29,"Kung Pow: Enter the Fist","Kung Pow: Enter the Fist",https://www.imdb.com/title/tt0240468,Movie,6.2,81,2002,"Comedy, Action",51137,"2002-01-25","Steve Oedekerk"
tt2401256,9,2016-08-26,"The Night Of","The Night Of",https://www.imdb.com/title/tt2401256,TV Mini Series,8.4,60,2016,"Crime, Drama, Mystery",198122,"2016-06-24",
tt1442437,8,2016-08-24,"Modern Family","Modern Family",https://www.imdb.com/title/tt1442437,TV Series,8.5,22,2009,"Comedy, Romance, Drama",544976,"2009-09-23",
tt1695360,8,2016-08-24,"The Legend of Korra","The Legend of Korra",https://www.imdb.com/title/tt1695360,TV Series,8.3,23,2012,"Animation, Action, Adventure, Fantasy, Family, Sci-Fi",153637,"2012-04-14",
tt0942385,8,2016-08-23,"Tropic Thunder","Tropic Thunder",https://www.imdb.com/title/tt0942385,Movie,7.1,107,2008,"Comedy, Action, War",495385,"2008-08-13","Ben Stiller"
tt1119646,8,2016-08-22,"The Hangover","The Hangover",https://www.imdb.com/title/tt1119646,Movie,7.7,100,2009,"Comedy",940185,"2009-06-05","Todd Phillips"
tt1700841,8,2016-08-22,"Sausage Party","Sausage Party",https://www.imdb.com/title/tt1700841,Movie,6.1,89,2016,"Animation, Comedy, Adventure, Fantasy",228562,"2016-08-12","Greg Tiernan,Conrad Vernon"
tt2381249,7,2016-08-15,"Mission: Impossible - Rogue Nation","Mission: Impossible - Rogue Nation",https://www.imdb.com/title/tt2381249,Movie,7.4,131,2015,"Action, Adventure, Thriller",448754,"2015-07-31","Christopher McQuarrie"
tt0275137,8,2016-08-14,"Justice League","Justice League",https://www.imdb.com/title/tt0275137,TV Series,8.5,22,2001,"Animation, Adventure, Fantasy, Family, Mystery, Sci-Fi, Action",57756,"2001-11-17",
tt0096697,8,2016-08-14,"The Simpsons","The Simpsons",https://www.imdb.com/title/tt0096697,TV Series,8.6,22,1989,"Animation, Comedy",471393,"1989-12-17",
tt3722332,5,2016-08-14,"The Nightly Show with Larry Wilmore","The Nightly Show with Larry Wilmore",https://www.imdb.com/title/tt3722332,TV Series,5.8,22,2015,"News, Talk-Show, Comedy",3021,"2015-01-19",
tt0343660,7,2016-08-14,"50 First Dates","50 First Dates",https://www.imdb.com/title/tt0343660,Movie,6.8,99,2004,"Drama, Romance, Comedy",419069,"2004-02-13","Peter Segal"
tt0364725,7,2016-08-14,"Dodgeball: A True Underdog Story","Dodgeball: A True Underdog Story",https://www.imdb.com/title/tt0364725,Movie,6.7,92,2004,"Comedy, Sport",288454,"2004-06-18","Rawson Marshall Thurber"
tt0304415,4,2016-08-14,"Mona Lisa Smile","Mona Lisa Smile",https://www.imdb.com/title/tt0304415,Movie,6.6,117,2003,"Drama",100179,"2003-12-19","Mike Newell"
tt0318233,4,2016-08-14,"My Life as a Teenage Robot","My Life as a Teenage Robot",https://www.imdb.com/title/tt0318233,TV Series,6.9,23,2002,"Animation, Family, Sci-Fi, Adventure, Comedy, Action",11641,"2003-08-01",
tt0871426,4,2016-08-14,"Baby Mama","Baby Mama",https://www.imdb.com/title/tt0871426,Movie,6.0,99,2008,"Comedy, Romance",50005,"2008-04-25","Michael McCullers"
tt4834194,5,2016-08-14,"Yu-Gi-Oh!","Yu-Gi-Oh!",https://www.imdb.com/title/tt4834194,TV Series,7.7,24,1998,"Animation, Fantasy, Adventure, Comedy, Drama",2488,"1998-04-04",
tt0096895,6,2016-08-14,"Batman","Batman",https://www.imdb.com/title/tt0096895,Movie,7.5,126,1989,"Crime",434590,"1989-06-23","Tim Burton"
tt0266915,5,2016-08-14,"Rush Hour 2","Rush Hour 2",https://www.imdb.com/title/tt0266915,Movie,6.7,90,2001,"Thriller, Crime, Comedy, Action",262949,"2001-08-03","Brett Ratner"
tt0458339,6,2016-08-14,"Captain America: The First Avenger","Captain America: The First Avenger",https://www.imdb.com/title/tt0458339,Movie,6.9,124,2011,"Action, Adventure, Sci-Fi",980282,"2011-07-22","Joe Johnston"
tt1245492,5,2016-08-14,"This Is the End","This Is the End",https://www.imdb.com/title/tt1245492,Movie,6.6,107,2013,"Comedy, Fantasy, Sci-Fi, Thriller, Adventure",458020,"2013-06-12","Evan Goldberg,Seth Rogen"
tt0358082,3,2016-08-14,"Robots","Robots",https://www.imdb.com/title/tt0358082,Movie,6.4,91,2005,"Animation, Family, Sci-Fi, Adventure, Romance, Comedy",176522,"2005-03-27","Chris Wedge,Carlos Saldanha"
tt0111070,2,2016-08-14,"The Santa Clause","The Santa Clause",https://www.imdb.com/title/tt0111070,Movie,6.6,97,1994,"Comedy, Family, Fantasy, Drama",148220,"1994-11-11","John Pasquin"
tt0360717,5,2016-08-14,"King Kong","King Kong",https://www.imdb.com/title/tt0360717,Movie,7.2,187,2005,"Adventure, Action, Romance",473168,"2005-12-14","Peter Jackson"
tt0441773,7,2016-08-14,"Kung Fu Panda","Kung Fu Panda",https://www.imdb.com/title/tt0441773,Movie,7.6,92,2008,"Animation, Comedy, Action, Adventure, Family, Fantasy",587527,"2008-06-06","Mark Osborne,John Stevenson"
tt0416449,7,2016-08-14,"300","300",https://www.imdb.com/title/tt0416449,Movie,7.6,117,2006,"Action, Drama",919141,"2007-03-09","Zack Snyder"
tt1136608,8,2016-08-14,"District 9","District 9",https://www.imdb.com/title/tt1136608,Movie,7.9,112,2009,"Sci-Fi, Action, Thriller",756070,"2009-08-14","Neill Blomkamp"
tt1520211,8,2016-08-14,"The Walking Dead","The Walking Dead",https://www.imdb.com/title/tt1520211,TV Series,8.1,45,2010,"Horror, Drama, Thriller",1208296,"2010-10-31",
tt2848292,6,2016-08-14,"Pitch Perfect 2","Pitch Perfect 2",https://www.imdb.com/title/tt2848292,Movie,6.4,115,2015,"Comedy, Music",181470,"2015-05-15","Elizabeth Banks"
tt1981558,9,2016-08-14,"Key and Peele","Key and Peele",https://www.imdb.com/title/tt1981558,TV Series,8.3,30,2012,"Comedy",29750,"2012-01-31",
tt3697842,7,2016-08-14,"The Late Show with Stephen Colbert","The Late Show with Stephen Colbert",https://www.imdb.com/title/tt3697842,TV Series,7.2,41,2015,"Talk-Show, Comedy",16976,"2015-09-08",
tt0437745,9,2016-08-14,"Robot Chicken","Robot Chicken",https://www.imdb.com/title/tt0437745,TV Series,7.7,11,2005,"Animation, Short, Comedy, Sci-Fi, Adventure",49079,"2005-02-20",
tt1865718,10,2016-08-14,"Gravity Falls","Gravity Falls",https://www.imdb.com/title/tt1865718,TV Series,8.9,23,2012,"Animation, Comedy, Family, Adventure, Fantasy",183082,"2012-06-15",
tt0486576,2,2016-08-14,"Fantastic Four: Rise of the Silver Surfer","4: Rise of the Silver Surfer",https://www.imdb.com/title/tt0486576,Movie,5.6,92,2007,"Fantasy, Adventure, Action, Sci-Fi",301626,"2007-06-15","Tim Story"
tt1001508,2,2016-08-14,"He's Just Not That Into You","He's Just Not That Into You",https://www.imdb.com/title/tt1001508,Movie,6.4,129,2009,"Comedy, Drama, Romance",196897,"2009-02-06","Ken Kwapis"
tt2948356,8,2016-08-14,"Zootopia","Zootopia",https://www.imdb.com/title/tt2948356,Movie,8.0,108,2016,"Animation, Crime, Action, Mystery, Adventure, Family, Comedy",646358,"2016-03-04","Byron Howard,Rich Moore,Jared Bush"
tt0190641,6,2016-08-09,"Pokémon: The First Movie - Mewtwo Strikes Back","Gekijôban poketto monsutâ: Myûtsû no gyakushû",https://www.imdb.com/title/tt0190641,Movie,6.4,96,1998,"Animation, Action, Fantasy, Sci-Fi, Adventure, Family",50603,"1999-11-12","Kunihiko Yuyama"
tt0210234,6,2016-08-09,"Pokémon the Movie 2000","Gekijôban poketto monsutâ maboroshi no pokemon Rugia bakutan",https://www.imdb.com/title/tt0210234,Movie,6.1,99,1999,"Animation, Fantasy, Comedy, Drama, Family, Adventure, Action",26233,"2000-07-21","Kunihiko Yuyama"
tt0235679,4,2016-08-09,"Pokémon 3 the Movie: Spell of the Unown","Gekijôban Poketto Monsutâ Kesshôtô no Teiô Entei",https://www.imdb.com/title/tt0235679,Movie,5.9,93,2000,"Animation, Action, Adventure, Family, Sci-Fi, Comedy, Drama, Fantasy",16900,"2001-04-06","Kunihiko Yuyama"
tt0106364,8,2016-07-31,"Batman: Mask of the Phantasm","Batman: Mask of the Phantasm",https://www.imdb.com/title/tt0106364,Movie,7.8,76,1993,"Animation, Adventure, Sci-Fi, Mystery, Crime, Family, Action",64526,"1993-12-25","Kevin Altieri,Boyd Kirkland,Frank Paur,Dan Riba,Eric Radomski,Bruce Timm"
tt3139086,6,2016-07-29,"Batman: Assault on Arkham","Batman: Assault on Arkham",https://www.imdb.com/title/tt3139086,Video,7.4,76,2014,"Animation, Action, Crime, Thriller, Sci-Fi, Adventure, Fantasy",40337,"2014-07-29","Jay Oliva,Ethan Spaulding"
tt4853102,7,2016-07-27,"Batman: The Killing Joke","Batman: The Killing Joke",https://www.imdb.com/title/tt4853102,Movie,6.4,76,2016,"Animation, Crime, Drama, Action, Thriller",66321,"2016-07-25","Sam Liu"
tt1398426,8,2016-07-26,"Straight Outta Compton","Straight Outta Compton",https://www.imdb.com/title/tt1398426,Movie,7.8,147,2015,"Musical, Biography, Music, Drama, History",235415,"2015-08-14","F. Gary Gray"
tt1951265,6,2016-07-24,"The Hunger Games: Mockingjay - Part 1","The Hunger Games: Mockingjay - Part 1",https://www.imdb.com/title/tt1951265,Movie,6.6,123,2014,"Sci-Fi, Adventure, Thriller, Action",551527,"2014-11-21","Francis Lawrence"
tt1596350,5,2016-07-16,"This Means War","This Means War",https://www.imdb.com/title/tt1596350,Movie,6.3,103,2012,"Action, Comedy, Romance",201357,"2012-02-17","McG"
tt1637688,6,2016-07-14,"In Time","In Time",https://www.imdb.com/title/tt1637688,Movie,6.7,109,2011,"Sci-Fi, Thriller, Action",487214,"2011-10-28","Andrew Niccol"
tt0258463,7,2016-07-08,"The Bourne Identity","The Bourne Identity",https://www.imdb.com/title/tt0258463,Movie,7.8,119,2002,"Mystery, Thriller, Action",618299,"2002-06-14","Doug Liman"
tt4046784,6,2016-07-02,"Maze Runner: The Scorch Trials","Maze Runner: The Scorch Trials",https://www.imdb.com/title/tt4046784,Movie,6.3,131,2015,"Action, Thriller, Sci-Fi, Adventure",311319,"2015-09-18","Wes Ball"
tt0453494,5,2016-06-11,"Hoot","Hoot",https://www.imdb.com/title/tt0453494,Movie,5.6,91,2006,"Comedy, Family, Adventure",9198,"2006-05-05","Wil Shriner"
tt1431045,9,2016-05-14,"Deadpool","Deadpool",https://www.imdb.com/title/tt1431045,Movie,8.0,108,2016,"Action, Sci-Fi, Comedy",1266222,"2016-02-12","Tim Miller"
tt2788710,6,2016-05-13,"The Interview","The Interview",https://www.imdb.com/title/tt2788710,Movie,6.5,112,2014,"Comedy, Action, Adventure",378953,"2014-12-24","Evan Goldberg,Seth Rogen"
tt3498820,9,2016-05-06,"Captain America: Civil War","Captain America: Civil War",https://www.imdb.com/title/tt3498820,Movie,7.8,147,2016,"Action, Sci-Fi",941814,"2016-05-06","Anthony Russo,Joe Russo"
tt3079380,7,2016-04-20,"Spy","Spy",https://www.imdb.com/title/tt3079380,Movie,7.0,120,2015,"Comedy, Action",275845,"2015-06-05","Paul Feig"
tt3152624,7,2016-04-19,"Trainwreck","Trainwreck",https://www.imdb.com/title/tt3152624,Movie,6.2,125,2015,"Comedy, Romance, Drama",147599,"2015-07-17","Judd Apatow"
tt3323254,6,2016-04-11,"Bordertown","Bordertown",https://www.imdb.com/title/tt3323254,TV Series,5.6,21,2016,"Animation, Comedy",3480,"2016-01-03",
tt0112123,7,2016-03-18,"Pinky and the Brain","Pinky and the Brain",https://www.imdb.com/title/tt0112123,TV Series,7.8,30,1995,"Animation, Sci-Fi, Adventure, Fantasy, Comedy, Family",35392,"1995-09-09",
tt0060345,7,2016-03-08,"How the Grinch Stole Christmas!","How the Grinch Stole Christmas!",https://www.imdb.com/title/tt0060345,TV Movie,8.3,26,1966,"Animation, Musical, Comedy, Fantasy, Family",66510,"1966-12-18","Chuck Jones,Ben Washam"
tt0060550,7,2016-03-08,"It's the Great Pumpkin, Charlie Brown","It's the Great Pumpkin, Charlie Brown",https://www.imdb.com/title/tt0060550,TV Movie,8.1,25,1966,"Animation, Comedy, Family",24571,"1966-10-27","Bill Melendez"
tt1054485,7,2016-03-08,"Futurama: The Beast with a Billion Backs","Futurama: The Beast with a Billion Backs",https://www.imdb.com/title/tt1054485,Video,7.1,90,2008,"Animation, Comedy, Sci-Fi, Romance",25940,"2008-06-24","Peter Avanzino"
tt1593756,6,2016-03-08,"Outsourced","Outsourced",https://www.imdb.com/title/tt1593756,TV Series,7.6,30,2010,"Comedy",13096,"2010-09-23",
tt0450259,7,2016-03-07,"Blood Diamond","Blood Diamond",https://www.imdb.com/title/tt0450259,Movie,8.0,143,2006,"Drama, Adventure, Thriller",629422,"2006-12-08","Edward Zwick"
tt0970179,7,2016-03-06,"Hugo","Hugo",https://www.imdb.com/title/tt0970179,Movie,7.5,126,2011,"Adventure, Mystery, Drama, Fantasy, Family",350813,"2011-11-23","Martin Scorsese"
tt2089467,7,2016-02-29,"Talking Dead","Talking Dead",https://www.imdb.com/title/tt2089467,TV Series,7.2,44,2011,"Talk-Show",3766,"2011-10-16",
tt0053488,8,2016-02-29,"The Bugs Bunny Show","The Bugs Bunny Show",https://www.imdb.com/title/tt0053488,TV Series,8.5,30,1960,"Animation, Comedy",38066,"1960-10-11",
tt0814255,4,2016-02-29,"Percy Jackson & the Olympians: The Lightning Thief","Percy Jackson & the Olympians: The Lightning Thief",https://www.imdb.com/title/tt0814255,Movie,5.9,118,2010,"Fantasy, Adventure, Family",217335,"2010-02-12","Chris Columbus"
tt0105941,8,2016-02-29,"Animaniacs","Animaniacs",https://www.imdb.com/title/tt0105941,TV Series,7.8,21,1993,"Animation, Musical, Short, Adventure, Comedy, Family",27883,"1993-09-13",
tt0118360,7,2016-02-29,"Johnny Bravo","Johnny Bravo",https://www.imdb.com/title/tt0118360,TV Series,7.2,30,1997,"Animation, Family, Adventure, Comedy",42591,"1997-07-07",
tt1054487,7,2016-02-29,"Futurama: Into the Wild Green Yonder","Futurama: Into the Wild Green Yonder",https://www.imdb.com/title/tt1054487,Video,7.2,89,2009,"Animation, Comedy, Sci-Fi",20090,"2009-02-24","Peter Avanzino"
tt0471711,8,2016-02-29,"Futurama: Bender's Big Score","Futurama: Bender's Big Score",https://www.imdb.com/title/tt0471711,Video,7.6,88,2007,"Animation, Musical, Comedy, Sci-Fi, Romance",36420,"2007-11-27","Dwayne Carey-Hill"
tt0190211,7,2016-02-29,"Zoboomafoo","Zoboomafoo",https://www.imdb.com/title/tt0190211,TV Series,7.6,29,1999,"Animation, Comedy, Family",4303,"1999-01-25",
tt0460091,7,2016-02-29,"My Name Is Earl","My Name Is Earl",https://www.imdb.com/title/tt0460091,TV Series,7.8,22,2005,"Comedy",116913,"2005-09-20",
tt1054486,8,2016-02-29,"Futurama: Bender's Game","Futurama: Bender's Game",https://www.imdb.com/title/tt1054486,Video,7.2,88,2008,"Animation, Comedy, Sci-Fi, Fantasy, Adventure, Action",22587,"2008-11-04","Dwayne Carey-Hill"
tt0063230,7,2016-02-29,"The Little Drummer Boy","The Little Drummer Boy",https://www.imdb.com/title/tt0063230,TV Movie,6.9,25,1968,"Animation, Musical, Fantasy, Drama, Family",7346,"1968-12-19","Jules Bass,Arthur Rankin Jr.,Takeo Nakamura"
tt1286124,4,2016-02-29,"iCarly: iGo to Japan","iCarly: iGo to Japan",https://www.imdb.com/title/tt1286124,TV Movie,6.3,71,2008,"Family, Comedy, Adventure",4793,"2008-11-08","Steve Hoefer"
tt1588412,7,2016-02-29,"Aziz Ansari: Intimate Moments for a Sensual Evening","Aziz Ansari: Intimate Moments for a Sensual Evening",https://www.imdb.com/title/tt1588412,TV Special,7.2,56,2010,"Comedy",2492,"2010-01-19","Jason Woliner"
tt0068359,6,2016-02-29,"A Charlie Brown Thanksgiving","A Charlie Brown Thanksgiving",https://www.imdb.com/title/tt0068359,TV Short,7.7,25,1973,"Animation, Short, Comedy, Family",14110,"1973-11-20","Bill Melendez,Phil Roman"
tt0379623,7,2016-02-29,"The Ellen DeGeneres Show","Ellen: The Ellen DeGeneres Show",https://www.imdb.com/title/tt0379623,TV Series,6.4,60,2003,"Talk-Show",18344,"2003-09-08",
tt0383126,8,2016-02-29,"MythBusters","MythBusters",https://www.imdb.com/title/tt0383126,TV Series,8.3,44,2003,"Documentary, Reality-TV, Mystery",56868,"2003-01-23",
tt0934814,8,2016-02-29,"Chuck","Chuck",https://www.imdb.com/title/tt0934814,TV Series,8.2,43,2007,"Action, Comedy, Drama",154414,"2007-09-24",
tt0059026,7,2016-02-29,"A Charlie Brown Christmas","A Charlie Brown Christmas",https://www.imdb.com/title/tt0059026,TV Movie,8.3,25,1965,"Animation, Comedy, Drama, Music, Family",50843,"1965-12-09","Bill Melendez"
tt4941804,7,2016-02-29,"Riley's First Date?","Riley's First Date?",https://www.imdb.com/title/tt4941804,Video,7.4,5,2015,"Animation, Short, Comedy, Family, Romance, Fantasy",12123,"2015-10-13","Josh Cooley"
tt1605783,8,2016-02-21,"Midnight in Paris","Midnight in Paris",https://www.imdb.com/title/tt1605783,Movie,7.6,94,2011,"Comedy, Romance, Fantasy",473244,"2011-06-10","Woody Allen"
tt0434409,7,2016-02-18,"V for Vendetta","V for Vendetta",https://www.imdb.com/title/tt0434409,Movie,8.1,132,2005,"Thriller, Action, Drama, Sci-Fi",1253198,"2006-03-17","James McTeigue"
tt0292800,6,2016-02-17,"The Grim Adventures of Billy & Mandy","The Grim Adventures of Billy & Mandy",https://www.imdb.com/title/tt0292800,TV Series,7.6,30,2001,"Animation, Comedy, Fantasy, Family, Horror, Adventure",29384,"2001-08-24",
tt0438097,5,2016-02-17,"Ice Age: The Meltdown","Ice Age: The Meltdown",https://www.imdb.com/title/tt0438097,Movie,6.8,91,2006,"Animation, Comedy, Family, Adventure",320886,"2006-03-31","Carlos Saldanha"
tt0312109,6,2016-02-17,"Codename: Kids Next Door","Codename: Kids Next Door",https://www.imdb.com/title/tt0312109,TV Series,7.2,23,2002,"Animation, Adventure, Action, Sci-Fi, Comedy, Family",25044,"2002-12-06",
tt0108525,6,2016-02-16,"Wayne's World 2","Wayne's World 2",https://www.imdb.com/title/tt0108525,Movie,6.2,95,1993,"Music, Comedy",92594,"1993-12-10","Stephen Surjik"
tt0105793,8,2016-02-16,"Wayne's World","Wayne's World",https://www.imdb.com/title/tt0105793,Movie,7.0,94,1992,"Music, Comedy",183261,"1992-02-14","Penelope Spheeris"
tt0097576,9,2016-02-15,"Indiana Jones and the Last Crusade","Indiana Jones and the Last Crusade",https://www.imdb.com/title/tt0097576,Movie,8.2,127,1989,"Adventure",868921,"1989-05-24","Steven Spielberg"
tt0080684,9,2016-02-15,"Star Wars: Episode V - The Empire Strikes Back","Star Wars: Episode V - The Empire Strikes Back",https://www.imdb.com/title/tt0080684,Movie,8.7,124,1980,"Fantasy, Sci-Fi, Adventure",1517824,"1980-06-18","Irvin Kershner"
tt0407887,9,2016-02-15,"The Departed","The Departed",https://www.imdb.com/title/tt0407887,Movie,8.5,151,2006,"Crime, Drama, Thriller",1570811,"2006-10-06","Martin Scorsese"
tt1217209,7,2016-02-15,"Brave","Brave",https://www.imdb.com/title/tt1217209,Movie,7.1,93,2012,"Animation, Adventure, Fantasy, Family, Comedy, Drama, Mystery, Action",483826,"2012-06-22","Mark Andrews,Brenda Chapman,Steve Purcell"
tt2980648,7,2016-02-15,"The Hundred-Foot Journey","The Hundred-Foot Journey",https://www.imdb.com/title/tt2980648,Movie,7.3,122,2014,"Drama, Comedy",91785,"2014-08-08","Lasse Hallström"
tt3279494,7,2016-02-15,"@midnight","@midnight",https://www.imdb.com/title/tt3279494,TV Series,7.7,30,2013,"Game-Show, Comedy",2266,"2013-10-21",
tt0080339,8,2016-02-15,"Airplane!","Airplane!",https://www.imdb.com/title/tt0080339,Movie,7.7,88,1980,"Comedy",291258,"1980-07-02","Jim Abrahams,David Zucker,Jerry Zucker"
tt1723121,4,2016-02-15,"We're the Millers","We're the Millers",https://www.imdb.com/title/tt1723121,Movie,7.0,110,2013,"Comedy, Crime",528789,"2013-08-07","Rawson Marshall Thurber"
tt1587310,4,2016-02-15,"Maleficent","Maleficent",https://www.imdb.com/title/tt1587310,Movie,6.9,97,2014,"Fantasy, Adventure, Family, Romance, Drama",427013,"2014-05-30","Robert Stromberg"
tt1231583,3,2016-02-15,"Due Date","Due Date",https://www.imdb.com/title/tt1231583,Movie,6.5,95,2010,"Comedy, Drama",374158,"2010-11-05","Todd Phillips"
tt0816711,6,2016-02-15,"World War Z","World War Z",https://www.imdb.com/title/tt0816711,Movie,7.0,116,2013,"Action, Adventure, Horror, Sci-Fi",791252,"2013-06-21","Marc Forster"
tt0298130,5,2016-02-15,"The Ring","The Ring",https://www.imdb.com/title/tt0298130,Movie,7.1,115,2002,"Mystery, Horror",405319,"2002-10-18","Gore Verbinski"
tt0376994,4,2016-02-13,"X-Men: The Last Stand","X-Men: The Last Stand",https://www.imdb.com/title/tt0376994,Movie,6.6,104,2006,"Action, Sci-Fi, Adventure",576478,"2006-05-26","Brett Ratner"
tt3316960,8,2016-02-13,"Still Alice","Still Alice",https://www.imdb.com/title/tt3316960,Movie,7.5,101,2014,"Drama",151368,"2015-02-20","Richard Glatzer,Wash Westmoreland"
tt3659388,8,2016-02-11,"The Martian","The Martian",https://www.imdb.com/title/tt3659388,Movie,8.0,144,2015,"Sci-Fi, Adventure, Drama",1024770,"2015-10-02","Ridley Scott"
tt5028778,7,2016-02-06,"Robot Chicken DC Comics Special 3: Magical Friendship","Robot Chicken DC Comics Special 3: Magical Friendship",https://www.imdb.com/title/tt5028778,TV Movie,7.6,23,2015,"Animation, Adventure, Comedy",880,"2015-10-18","Tom Sheppard,Zeb Wells"
tt4532368,7,2016-02-06,"Legends of Tomorrow","Legends of Tomorrow",https://www.imdb.com/title/tt4532368,TV Series,6.7,42,2016,"Action, Sci-Fi, Adventure, Drama",115133,"2016-01-21",
tt3578794,7,2016-02-06,"Robot Chicken DC Comics Special II: Villains in Paradise","Robot Chicken DC Comics Special II: Villains in Paradise",https://www.imdb.com/title/tt3578794,TV Movie,7.6,22,2014,"Animation, Action, Comedy",1255,"2014-04-06","Seth Green,Zeb Wells"
tt2381287,8,2016-02-06,"Robot Chicken: DC Comics Special","Robot Chicken: DC Comics Special",https://www.imdb.com/title/tt2381287,TV Movie,7.7,22,2012,"Animation, Comedy, Sci-Fi",2110,"2012-09-09","Seth Green"
tt2388725,8,2016-02-06,"Paperman","Paperman",https://www.imdb.com/title/tt2388725,Short,8.2,7,2012,"Animation, Short, Comedy, Romance, Family, Fantasy",37135,"2012-11-02","John Kahrs"
tt1533395,9,2016-02-06,"Life","Life",https://www.imdb.com/title/tt1533395,TV Mini Series,9.1,50,2009,"Documentary",50571,"2010-03-21",
tt1853533,7,2016-02-06,"Daniel Tosh: Happy Thoughts","Daniel Tosh: Happy Thoughts",https://www.imdb.com/title/tt1853533,TV Special,7.5,60,2011,"Comedy",2553,"2011-03-06","Beth McCarthy-Miller"
tt1691338,8,2016-02-06,"Robot Chicken: Star Wars III","Robot Chicken: Star Wars III",https://www.imdb.com/title/tt1691338,TV Movie,8.0,45,2010,"Animation, Comedy, Sci-Fi, Adventure",5060,"2010-12-19","Chris McKay,Seth Green"
tt1054478,6,2016-02-02,"Daniel Tosh: Completely Serious","Daniel Tosh: Completely Serious",https://www.imdb.com/title/tt1054478,TV Special,7.6,60,2007,"Comedy",3228,"2007-06-17","Manny Rodriguez"
tt1334272,8,2016-02-02,"Robot Chicken: Star Wars Episode II","Robot Chicken: Star Wars Episode II",https://www.imdb.com/title/tt1334272,TV Short,8.0,23,2008,"Animation, Short, Comedy, Sci-Fi, Action, Adventure",5345,"2008-11-16","Seth Green"
tt1279935,6,2016-02-02,"Date Night","Date Night",https://www.imdb.com/title/tt1279935,Movie,6.3,88,2010,"Comedy, Romance, Crime, Thriller",180540,"2010-04-09","Shawn Levy"
tt1020990,9,2016-02-02,"Robot Chicken: Star Wars","Robot Chicken: Star Wars",https://www.imdb.com/title/tt1020990,TV Short,8.0,30,2007,"Animation, Short, Comedy, Sci-Fi, Action, Adventure",9033,"2007-06-17","Seth Green"
tt0320808,7,2016-02-02,"The Adventures of Jimmy Neutron: Boy Genius","The Adventures of Jimmy Neutron: Boy Genius",https://www.imdb.com/title/tt0320808,TV Series,6.7,24,2002,"Animation, Comedy, Sci-Fi, Adventure, Family",27643,"2002-07-20",
tt1979388,7,2016-02-01,"The Good Dinosaur","The Good Dinosaur",https://www.imdb.com/title/tt1979388,Movie,6.7,93,2015,"Animation, Comedy, Family, Adventure, Drama, Fantasy, Action",141713,"2015-11-25","Peter Sohn"
tt3170832,9,2016-01-29,"Room","Room",https://www.imdb.com/title/tt3170832,Movie,8.1,118,2015,"Drama, Thriller",483396,"2016-01-22","Lenny Abrahamson"
tt0064349,5,2016-01-28,"Frosty the Snowman","Frosty the Snowman",https://www.imdb.com/title/tt0064349,TV Short,7.3,25,1969,"Animation, Musical, Short, Fantasy, Comedy, Drama, Family",24828,"1969-12-07","Jules Bass,Arthur Rankin Jr."
tt1537759,7,2016-01-28,"Dug's Special Mission","Dug's Special Mission",https://www.imdb.com/title/tt1537759,Video,6.9,5,2009,"Animation, Short, Family, Comedy",8205,"2009-11-10","Ronnie Del Carmen"
tt1134859,7,2016-01-28,"Your Friend the Rat","Your Friend the Rat",https://www.imdb.com/title/tt1134859,Video,7.0,11,2007,"Animation, Short, Family, Comedy",7706,"2007-11-06","Jim Capobianco"
tt1748122,7,2016-01-28,"Moonrise Kingdom","Moonrise Kingdom",https://www.imdb.com/title/tt1748122,Movie,7.7,94,2012,"Drama, Comedy, Romance, Adventure, Fantasy",384422,"2012-06-29","Wes Anderson"
tt0096273,6,2016-01-28,"Tin Toy","Tin Toy",https://www.imdb.com/title/tt0096273,Short,6.4,5,1988,"Animation, Short, Family, Fantasy, Comedy",12584,"1988-12-30","John Lasseter"
tt0425061,6,2016-01-28,"Get Smart","Get Smart",https://www.imdb.com/title/tt0425061,Movie,6.5,110,2008,"Action, Comedy, Adventure",239537,"2008-06-20","Peter Segal"
tt1895587,8,2016-01-28,"Spotlight","Spotlight",https://www.imdb.com/title/tt1895587,Movie,8.1,129,2015,"Drama, Crime, Biography",539052,"2015-11-20","Tom McCarthy"
tt2381111,8,2016-01-28,"Brooklyn","Brooklyn",https://www.imdb.com/title/tt2381111,Movie,7.5,117,2015,"Drama, Romance",159187,"2015-11-25","John Crowley"
tt3032476,9,2016-01-28,"Better Call Saul","Better Call Saul",https://www.imdb.com/title/tt3032476,TV Series,9.0,45,2015,"Crime, Drama",855163,"2015-02-08",
tt3749900,4,2016-01-22,"Gotham","Gotham",https://www.imdb.com/title/tt3749900,TV Series,7.8,42,2014,"Crime, Drama, Thriller, Mystery, Action, Sci-Fi",252774,"2014-09-22",
tt1663202,9,2016-01-22,"The Revenant","The Revenant",https://www.imdb.com/title/tt1663202,Movie,8.0,156,2015,"Action, Drama, Western",957767,"2016-01-08","Alejandro G. Iñárritu"
tt2357547,9,2016-01-18,"Jessica Jones","Jessica Jones",https://www.imdb.com/title/tt2357547,TV Series,7.8,56,2015,"Action, Crime, Drama, Sci-Fi, Thriller",241289,"2015-11-20",
tt1596363,7,2016-01-09,"The Big Short","The Big Short",https://www.imdb.com/title/tt1596363,Movie,7.8,130,2015,"Drama, Biography, Comedy, History",545193,"2015-12-23","Adam McKay"
tt2488496,8,2015-12-22,"Star Wars: Episode VII - The Force Awakens","Star Wars: Episode VII - The Force Awakens",https://www.imdb.com/title/tt2488496,Movie,7.7,138,2015,"Sci-Fi, Action, Adventure",1032737,"2015-12-18","J.J. Abrams"
tt0082971,9,2015-12-22,"Raiders of the Lost Ark","Raiders of the Lost Ark",https://www.imdb.com/title/tt0082971,Movie,8.4,115,1981,"Adventure",1117529,"1981-06-12","Steven Spielberg"
tt0081505,8,2015-12-09,"The Shining","The Shining",https://www.imdb.com/title/tt0081505,Movie,8.4,146,1980,"Drama, Horror",1238081,"1980-06-13","Stanley Kubrick"
tt0115147,10,2015-10-23,"The Daily Show","The Daily Show",https://www.imdb.com/title/tt0115147,TV Series,8.3,22,1996,"News, Talk-Show, Comedy",49790,"1996-07-22",
tt2557490,4,2015-10-12,"A Million Ways to Die in the West","A Million Ways to Die in the West",https://www.imdb.com/title/tt2557490,Movie,6.1,116,2014,"Comedy, Western",211699,"2014-05-30","Seth MacFarlane"
tt0212671,8,2015-10-12,"Malcolm in the Middle","Malcolm in the Middle",https://www.imdb.com/title/tt0212671,TV Series,8.2,22,2000,"Family, Drama, Comedy",162086,"2000-01-09",
tt1825918,7,2015-10-12,"Phineas and Ferb the Movie: Across the 2nd Dimension","Phineas and Ferb the Movie: Across the 2nd Dimension",https://www.imdb.com/title/tt1825918,TV Movie,7.4,78,2011,"Animation, Musical, Family, Adventure, Comedy, Action, Sci-Fi, Fantasy",15564,"2011-08-05","Robert Hughes,Dan Povenmire,Jay Lender,Jeff 'Swampy' Marsh,Kyle Menke"
tt1059786,6,2015-10-12,"Eagle Eye","Eagle Eye",https://www.imdb.com/title/tt1059786,Movie,6.6,118,2008,"Thriller, Action, Mystery",202644,"2008-09-26","D.J. Caruso"
tt2388715,6,2015-10-12,"Oculus","Oculus",https://www.imdb.com/title/tt2388715,Movie,6.6,104,2013,"Horror, Mystery, Thriller",150913,"2014-04-11","Mike Flanagan"
tt4007502,6,2015-10-10,"Frozen Fever","Frozen Fever",https://www.imdb.com/title/tt4007502,Short,6.8,8,2015,"Animation, Musical, Short, Adventure, Comedy, Family, Fantasy",19425,"2015-03-13","Chris Buck,Jennifer Lee"
tt2092588,9,2015-10-10,"Frozen Planet","Frozen Planet",https://www.imdb.com/title/tt2092588,TV Mini Series,9.0,60,2011,"Documentary, Family",40571,"2012-03-18",
tt2305051,7,2015-09-14,"Wild","Wild",https://www.imdb.com/title/tt2305051,Movie,7.1,115,2014,"Drama, Biography, Adventure",147101,"2014-12-19","Jean-Marc Vallée"
tt0296310,9,2015-09-13,"The Blue Planet","The Blue Planet",https://www.imdb.com/title/tt0296310,TV Mini Series,9.0,50,2001,"Documentary, Family",51173,"2002-01-27",
tt0901686,7,2015-09-04,"Mater and the Ghostlight","Mater and the Ghostlight",https://www.imdb.com/title/tt0901686,Video,6.5,7,2006,"Animation, Short, Family, Comedy, Horror",9773,"2006-10-25","John Lasseter,Dan Scanlon"
tt0455565,8,2015-09-04,"Jack-Jack Attack","Jack-Jack Attack",https://www.imdb.com/title/tt0455565,Video,7.5,5,2005,"Animation, Short, Adventure, Family, Comedy",19805,"2008-01-11","Brad Bird"
tt1334585,7,2015-09-04,"Burn-E","Burn·E",https://www.imdb.com/title/tt1334585,Video,7.5,8,2008,"Animation, Short, Adventure, Family, Sci-Fi, Comedy",13814,"2008-11-18","Angus MacLane"
tt0395479,6,2015-09-04,"Boundin'","Boundin'",https://www.imdb.com/title/tt0395479,Short,6.8,5,2003,"Animation, Musical, Short, Family, Comedy",15592,"2004-11-05","Bud Luckey,Roger Gould"
tt0323250,7,2015-09-04,"Mike's New Car","Mike's New Car",https://www.imdb.com/title/tt0323250,Video,7.0,4,2002,"Animation, Short, Family, Fantasy, Comedy",16272,"2002-08-09","Pete Docter,Roger Gould"
tt0091455,7,2015-09-04,"Luxo Jr.","Luxo Jr.",https://www.imdb.com/title/tt0091455,Short,7.2,2,1986,"Animation, Short, Family, Comedy",16575,"1987-07-10","John Lasseter"
tt0097674,7,2015-09-04,"Knick Knack","Knick Knack",https://www.imdb.com/title/tt0097674,Short,7.4,4,1989,"Animation, Short, Family, Comedy",16205,"1992-11-25","John Lasseter"
tt0479113,8,2015-09-04,"One Man Band","One Man Band",https://www.imdb.com/title/tt0479113,Short,7.6,4,2005,"Animation, Short, Music, Family, Comedy",17991,"2006-06-06","Mark Andrews,Andrew Jimenez"
tt1425244,8,2015-09-04,"Partly Cloudy","Partly Cloudy",https://www.imdb.com/title/tt1425244,Short,8.0,6,2009,"Animation, Short, Comedy, Family, Fantasy",24907,"2009-05-29","Peter Sohn"
tt0131409,7,2015-09-04,"Geri's Game","Geri's Game",https://www.imdb.com/title/tt0131409,Short,7.8,5,1997,"Animation, Short, Family, Comedy",28671,"1997-11-25","Jan Pinkava"
tt0945571,8,2015-09-04,"Lifted","Lifted",https://www.imdb.com/title/tt0945571,Short,7.7,5,2006,"Animation, Short, Sci-Fi, Family, Comedy",22051,"2007-06-29","Gary Rydstrom"
tt1245104,8,2015-09-04,"Presto","Presto",https://www.imdb.com/title/tt1245104,Short,8.3,5,2008,"Animation, Short, Fantasy, Family, Comedy",26938,"2008-06-27","Doug Sweetland"
tt0248808,8,2015-09-04,"For the Birds","For the Birds",https://www.imdb.com/title/tt0248808,Short,7.9,3,2000,"Animation, Short, Family, Comedy",36082,"2001-11-02","Ralph Eggleston"
tt0118799,10,2015-08-25,"Life Is Beautiful","La vita è bella",https://www.imdb.com/title/tt0118799,Movie,8.6,116,1997,"Comedy, War, Romance, Drama",819603,"1997-12-20","Roberto Benigni"
tt2911666,7,2015-08-24,"John Wick","John Wick",https://www.imdb.com/title/tt2911666,Movie,7.5,101,2014,"Action, Thriller, Crime",836891,"2014-10-24","Chad Stahelski"
tt0815236,6,2015-08-23,"She's Out of My League","She's Out of My League",https://www.imdb.com/title/tt0815236,Movie,6.4,104,2010,"Comedy, Romance",154093,"2010-03-12","Jim Field Smith"
tt0405576,8,2015-08-23,"Ned's Declassified School Survival Guide","Ned's Declassified School Survival Guide",https://www.imdb.com/title/tt0405576,TV Series,7.4,22,2004,"Comedy, Family",20906,"2004-09-12",
tt1433811,7,2015-08-23,"Disconnect","Disconnect",https://www.imdb.com/title/tt1433811,Movie,7.5,115,2012,"Thriller, Drama, Crime, Mystery",80479,"2013-07-05","Henry Alex Rubin"
tt2891574,6,2015-08-23,"Ballers","Ballers",https://www.imdb.com/title/tt2891574,TV Series,7.6,30,2015,"Comedy, Drama, Sport",78509,"2015-06-21",
tt3235888,7,2015-08-23,"It Follows","It Follows",https://www.imdb.com/title/tt3235888,Movie,6.8,100,2014,"Horror, Mystery, Thriller",302681,"2015-03-13","David Robert Mitchell"
tt4178092,7,2015-08-13,"The Gift","The Gift",https://www.imdb.com/title/tt4178092,Movie,7.0,108,2015,"Mystery, Thriller, Drama",186981,"2015-08-07","Joel Edgerton"
tt0478970,8,2015-08-01,"Ant-Man","Ant-Man",https://www.imdb.com/title/tt0478970,Movie,7.2,117,2015,"Action, Sci-Fi, Comedy",789725,"2015-07-17","Peyton Reed"
tt1790864,6,2015-07-21,"The Maze Runner","The Maze Runner",https://www.imdb.com/title/tt1790864,Movie,6.8,113,2014,"Sci-Fi, Mystery, Thriller, Action",569443,"2014-09-19","Wes Ball"
tt2166834,8,2015-07-20,"Batman: The Dark Knight Returns, Part 2","Batman: The Dark Knight Returns, Part 2",https://www.imdb.com/title/tt2166834,Video,8.3,76,2013,"Animation, Action, Crime, Thriller, Sci-Fi, Drama, Mystery",62041,"2013-01-29","Jay Oliva"
tt2313197,8,2015-07-20,"Batman: The Dark Knight Returns, Part 1","Batman: The Dark Knight Returns, Part 1",https://www.imdb.com/title/tt2313197,Video,7.9,76,2012,"Animation, Action, Crime, Drama, Thriller, Sci-Fi, Mystery",68201,"2012-09-25","Jay Oliva"
tt2267998,8,2015-07-14,"Gone Girl","Gone Girl",https://www.imdb.com/title/tt2267998,Movie,8.1,149,2014,"Thriller, Drama, Mystery",1182033,"2014-10-03","David Fincher"
tt3895884,6,2015-07-13,"7 Days in Hell","7 Days in Hell",https://www.imdb.com/title/tt3895884,TV Movie,7.1,43,2015,"Comedy, Sport",21896,"2015-07-11","Jake Szymanski"
tt3444938,8,2015-07-13,"The Tonight Show Starring Jimmy Fallon","The Tonight Show Starring Jimmy Fallon",https://www.imdb.com/title/tt3444938,TV Series,7.0,60,2014,"Talk-Show, Comedy, Music",20305,"2014-02-17",
tt2170439,7,2015-07-13,"Horrible Bosses 2","Horrible Bosses 2",https://www.imdb.com/title/tt2170439,Movie,6.3,108,2014,"Comedy, Crime",194751,"2014-11-26","Sean Anders"
tt0042546,7,2015-07-10,"Harvey","Harvey",https://www.imdb.com/title/tt0042546,Movie,7.9,104,1950,"Drama, Fantasy, Comedy",61236,"1950-12-21","Henry Koster"
tt1475582,9,2015-07-07,"Sherlock","Sherlock",https://www.imdb.com/title/tt1475582,TV Series,9.0,90,2010,"Crime, Mystery, Drama, Thriller",1096254,"2010-10-24",
tt0312004,8,2015-07-07,"Wallace & Gromit: The Curse of the Were-Rabbit","The Curse of the Were-Rabbit",https://www.imdb.com/title/tt0312004,Movie,7.5,85,2005,"Animation, Comedy, Family, Mystery, Sci-Fi, Adventure, Fantasy",158301,"2005-10-07","Steve Box,Nick Park"
tt1266020,8,2015-07-07,"Parks and Recreation","Parks and Recreation",https://www.imdb.com/title/tt1266020,TV Series,8.6,22,2009,"Comedy",317977,"2009-04-09",
tt0317705,10,2015-07-06,"The Incredibles","The Incredibles",https://www.imdb.com/title/tt0317705,Movie,8.0,115,2004,"Animation, Action, Adventure, Family",912522,"2004-11-05","Brad Bird"
tt0047396,8,2015-07-06,"Rear Window","Rear Window",https://www.imdb.com/title/tt0047396,Movie,8.4,112,1954,"Drama, Mystery, Thriller",572131,"1954-09-01","Alfred Hitchcock"
tt0486822,7,2015-07-06,"Disturbia","Disturbia",https://www.imdb.com/title/tt0486822,Movie,6.8,105,2007,"Thriller, Drama, Mystery, Crime",275873,"2007-04-13","D.J. Caruso"
tt1020072,8,2015-07-06,"Selma","Selma",https://www.imdb.com/title/tt1020072,Movie,7.5,128,2014,"History, Drama, Biography",99542,"2015-01-09","Ava DuVernay"
tt1877832,9,2015-07-06,"X-Men: Days of Future Past","X-Men: Days of Future Past",https://www.imdb.com/title/tt1877832,Movie,7.9,132,2014,"Action, Sci-Fi, Thriller, Adventure",793485,"2014-05-23","Bryan Singer"
tt2103281,9,2015-07-06,"Dawn of the Planet of the Apes","Dawn of the Planet of the Apes",https://www.imdb.com/title/tt2103281,Movie,7.6,130,2014,"Action, Adventure, Drama, Sci-Fi, Thriller",514059,"2014-07-11","Matt Reeves"
tt0029583,6,2015-06-27,"Snow White and the Seven Dwarfs","Snow White and the Seven Dwarfs",https://www.imdb.com/title/tt0029583,Movie,7.6,83,1937,"Animation, Musical, Fantasy, Romance, Adventure, Family",239573,"1938-02-04","William Cottrell,David Hand,Wilfred Jackson,Larry Morey,Perce Pearce,Ben Sharpsteen"
tt2637276,7,2015-06-27,"Ted 2","Ted 2",https://www.imdb.com/title/tt2637276,Movie,6.3,115,2015,"Comedy",263904,"2015-06-26","Seth MacFarlane"
tt2096673,9,2015-06-27,"Inside Out","Inside Out",https://www.imdb.com/title/tt2096673,Movie,8.1,95,2015,"Animation, Comedy, Family, Adventure, Drama, Fantasy",928170,"2015-06-19","Pete Docter,Ronnie Del Carmen"
tt0369610,6,2015-06-18,"Jurassic World","Jurassic World",https://www.imdb.com/title/tt0369610,Movie,6.9,124,2015,"Adventure, Sci-Fi, Action",735304,"2015-06-12","Colin Trevorrow"
tt2321549,7,2015-06-07,"The Babadook","The Babadook",https://www.imdb.com/title/tt2321549,Movie,6.8,94,2014,"Horror, Mystery, Drama",271996,"2014-11-28","Jennifer Kent"
tt0050083,9,2015-06-03,"12 Angry Men","12 Angry Men",https://www.imdb.com/title/tt0050083,Movie,9.0,96,1957,"Crime, Drama",997406,"1957-04-10","Sidney Lumet"
tt1981677,7,2015-06-03,"Pitch Perfect","Pitch Perfect",https://www.imdb.com/title/tt1981677,Movie,7.1,112,2012,"Comedy, Music, Romance",353187,"2012-10-05","Jason Moore"
tt2872718,8,2015-06-03,"Nightcrawler","Nightcrawler",https://www.imdb.com/title/tt2872718,Movie,7.8,117,2014,"Crime, Thriller, Drama",677536,"2014-10-31","Dan Gilroy"
tt0470752,9,2015-06-03,"Ex Machina","Ex Machina",https://www.imdb.com/title/tt0470752,Movie,7.7,108,2014,"Drama, Sci-Fi, Thriller",643840,"2015-04-24","Alex Garland"
tt2395427,8,2015-06-03,"Avengers: Age of Ultron","Avengers: Age of Ultron",https://www.imdb.com/title/tt2395427,Movie,7.3,141,2015,"Action, Adventure, Sci-Fi",1014368,"2015-05-01","Joss Whedon"
tt1065073,8,2015-05-19,"Boyhood","Boyhood",https://www.imdb.com/title/tt1065073,Movie,7.9,165,2014,"Drama, Comedy",383161,"2014-08-15","Richard Linklater"
tt3230454,7,2015-05-15,"The Last Man on Earth","The Last Man on Earth",https://www.imdb.com/title/tt3230454,TV Series,7.4,22,2015,"Action, Comedy, Sci-Fi, Romance, Drama",68844,"2015-03-01",
tt0368891,6,2015-05-11,"National Treasure","National Treasure",https://www.imdb.com/title/tt0368891,Movie,6.9,131,2004,"Adventure, Action, Thriller, Mystery",380447,"2004-11-19","Jon Turteltaub"
tt3322312,9,2015-04-28,"Daredevil","Daredevil",https://www.imdb.com/title/tt3322312,TV Series,8.6,60,2015,"Action, Crime, Drama, Thriller, Sci-Fi",538718,"2015-04-10",
tt0432283,8,2015-04-03,"Fantastic Mr. Fox","Fantastic Mr. Fox",https://www.imdb.com/title/tt0432283,Movie,7.9,87,2009,"Animation, Adventure, Comedy, Crime, Family, Drama",308903,"2009-11-25","Wes Anderson"
tt2802144,8,2015-03-17,"Kingsman: The Secret Service","Kingsman: The Secret Service",https://www.imdb.com/title/tt2802144,Movie,7.7,129,2014,"Adventure, Action, Comedy, Thriller",782168,"2015-02-13","Matthew Vaughn"
tt2555736,5,2015-03-15,"The Second Best Exotic Marigold Hotel","The Second Best Exotic Marigold Hotel",https://www.imdb.com/title/tt2555736,Movie,6.5,122,2015,"Comedy, Drama, Romance",37897,"2015-03-06","John Madden"
tt1798709,8,2015-03-11,"Her","Her",https://www.imdb.com/title/tt1798709,Movie,8.0,126,2013,"Romance, Sci-Fi, Drama",731647,"2014-01-10","Spike Jonze"
tt0929632,7,2015-02-19,"Precious","Precious",https://www.imdb.com/title/tt0929632,Movie,7.3,110,2009,"Drama",121676,"2009-11-20","Lee Daniels"
tt0468569,10,2015-01-29,"The Dark Knight","The Dark Knight",https://www.imdb.com/title/tt0468569,Movie,9.1,152,2008,"Crime, Thriller",3209784,"2008-07-18","Christopher Nolan"
tt0347149,8,2015-01-29,"Howl's Moving Castle","Hauru no ugoku shiro",https://www.imdb.com/title/tt0347149,Movie,8.2,119,2004,"Animation, Adventure, Family, Fantasy",519057,"2005-06-17","Hayao Miyazaki"
tt0058536,7,2015-01-29,"Rudolph the Red-Nosed Reindeer","Rudolph the Red-Nosed Reindeer",https://www.imdb.com/title/tt0058536,TV Movie,8.0,47,1964,"Animation, Musical, Adventure, Fantasy, Drama, Comedy, Family",42565,"1964-12-06","Larry Roemer"
tt3689498,8,2015-01-29,"Feast","Feast",https://www.imdb.com/title/tt3689498,Short,8.1,6,2014,"Animation, Short, Comedy, Drama, Family, Romance",25071,"2014-11-07","Patrick Osborne"
tt0107688,8,2015-01-29,"The Nightmare Before Christmas","Tim Burton's the Nightmare Before Christmas",https://www.imdb.com/title/tt0107688,Movie,7.9,76,1993,"Animation, Musical, Family, Adventure, Fantasy",414158,"1993-10-29","Henry Selick"
tt0126029,8,2015-01-29,"Shrek","Shrek",https://www.imdb.com/title/tt0126029,Movie,7.9,90,2001,"Animation, Fantasy, Comedy, Family, Adventure, Romance",818290,"2001-05-18","Andrew Adamson,Vicky Jenson"
tt1133985,3,2015-01-29,"Green Lantern","Green Lantern",https://www.imdb.com/title/tt1133985,Movie,5.5,114,2011,"Action, Sci-Fi, Adventure",310478,"2011-06-17","Martin Campbell"
tt1504320,9,2015-01-29,"The King's Speech","The King's Speech",https://www.imdb.com/title/tt1504320,Movie,8.0,118,2010,"Drama, Biography, History",735576,"2010-12-25","Tom Hooper"
tt0993846,7,2015-01-29,"The Wolf of Wall Street","The Wolf of Wall Street",https://www.imdb.com/title/tt0993846,Movie,8.2,180,2013,"Crime, Drama, Biography, Comedy",1815315,"2013-12-25","Martin Scorsese"
tt0831387,6,2015-01-27,"Godzilla","Godzilla",https://www.imdb.com/title/tt0831387,Movie,6.4,123,2014,"Action, Sci-Fi, Adventure, Thriller",467230,"2014-05-16","Gareth Edwards"
tt1156398,6,2015-01-27,"Zombieland","Zombieland",https://www.imdb.com/title/tt1156398,Movie,7.5,88,2009,"Comedy, Action, Horror",672285,"2009-10-02","Ruben Fleischer"
tt0944947,10,2015-01-27,"Game of Thrones","Game of Thrones",https://www.imdb.com/title/tt0944947,TV Series,9.2,60,2011,"Fantasy, Drama",2647820,"2011-04-17",
tt0903747,10,2015-01-27,"Breaking Bad","Breaking Bad",https://www.imdb.com/title/tt0903747,TV Series,9.5,48,2008,"Drama, Crime, Thriller",2658164,"2008-01-20",
tt0412142,8,2015-01-27,"House","House M.D.",https://www.imdb.com/title/tt0412142,TV Series,8.7,45,2004,"Drama",598060,"2004-11-16",
tt0285403,8,2015-01-27,"Scrubs","Scrubs",https://www.imdb.com/title/tt0285403,TV Series,8.4,30,2001,"Drama, Comedy",287112,"2001-10-02",
tt0460649,8,2015-01-27,"How I Met Your Mother","How I Met Your Mother",https://www.imdb.com/title/tt0460649,TV Series,8.3,22,2005,"Comedy, Romance, Drama",787198,"2005-09-19",
tt0852863,9,2015-01-27,"Phineas and Ferb","Phineas and Ferb",https://www.imdb.com/title/tt0852863,TV Series,8.1,15,2007,"Animation, Musical, Short, Comedy, Family, Action, Sci-Fi, Adventure",68954,"2007-08-17",
tt0149460,9,2015-01-27,"Futurama","Futurama",https://www.imdb.com/title/tt0149460,TV Series,8.5,22,1999,"Animation, Adventure, Sci-Fi, Comedy",279760,"1999-03-28",
tt0103359,8,2015-01-27,"Batman: The Animated Series","Batman: The Animated Series",https://www.imdb.com/title/tt0103359,TV Series,9.0,23,1992,"Animation, Adventure, Family, Sci-Fi, Mystery, Crime, Action",139129,"1992-09-05",
tt0147746,6,2015-01-27,"Batman Beyond","Batman Beyond",https://www.imdb.com/title/tt0147746,TV Series,8.1,23,1999,"Animation, Drama, Thriller, Sci-Fi, Crime, Mystery, Adventure, Action",33671,"1999-01-10",
tt0168366,6,2015-01-27,"Pokémon","Poketto monsutâ",https://www.imdb.com/title/tt0168366,TV Series,7.6,25,1997,"Animation, Action, Adventure, Comedy, Fantasy, Family, Sci-Fi, Drama",56886,"1998-09-08",
tt0319931,4,2015-01-27,"American Idol","American Idol: The Search for a Superstar",https://www.imdb.com/title/tt0319931,TV Series,4.3,42,2002,"Game-Show, Reality-TV, Music",22813,"2002-06-11",
tt0278866,6,2015-01-27,"Kim Possible","Kim Possible",https://www.imdb.com/title/tt0278866,TV Series,7.3,22,2002,"Animation, Action, Mystery, Romance, Sci-Fi, Comedy, Family, Adventure",36510,"2002-06-07",
tt1561755,9,2015-01-27,"Bob's Burgers","Bob's Burgers",https://www.imdb.com/title/tt1561755,TV Series,8.2,22,2011,"Animation, Comedy",103362,"2011-01-09",
tt1442464,6,2015-01-27,"The Middle","The Middle",https://www.imdb.com/title/tt1442464,TV Series,7.7,22,2009,"Comedy, Family",62549,"2009-09-30",
tt0182576,8,2015-01-27,"Family Guy","Family Guy",https://www.imdb.com/title/tt0182576,TV Series,8.1,22,1999,"Animation, Comedy",391012,"1999-01-31",
tt0397306,9,2015-01-27,"American Dad!","American Dad!",https://www.imdb.com/title/tt0397306,TV Series,7.4,22,2005,"Animation, Comedy",145275,"2005-02-06",
tt0898266,8,2015-01-27,"The Big Bang Theory","The Big Bang Theory",https://www.imdb.com/title/tt0898266,TV Series,8.1,22,2007,"Comedy, Romance",943187,"2007-09-24",
tt0285335,6,2015-01-27,"The Amazing Race","The Amazing Race",https://www.imdb.com/title/tt0285335,TV Series,7.8,60,2001,"Game-Show, Reality-TV, Adventure, Sport, Family",16577,"2001-09-05",
tt0169414,7,2015-01-27,"Arthur","Arthur",https://www.imdb.com/title/tt0169414,TV Series,7.4,30,1996,"Animation, Adventure, Comedy, Fantasy, Drama, Family",17861,"1996-10-07",
tt0173528,8,2015-01-27,"Bill Nye the Science Guy","Bill Nye, the Science Guy",https://www.imdb.com/title/tt0173528,TV Series,8.2,30,1993,"Documentary, Comedy, Family",9080,"1993-09-10",
tt0108847,8,2015-01-27,"The Magic School Bus","The Magic School Bus",https://www.imdb.com/title/tt0108847,TV Series,7.8,30,1994,"Animation, Adventure, Family, Comedy, Sci-Fi, Fantasy",12840,"1994-09-10",
tt1637574,7,2015-01-27,"Conan","Conan",https://www.imdb.com/title/tt1637574,TV Series,8.2,42,2010,"Talk-Show, Comedy, Music",25663,"2010-11-08",
tt3278316,6,2015-01-27,"The Pete Holmes Show","The Pete Holmes Show",https://www.imdb.com/title/tt3278316,TV Series,7.2,,2013,"Talk-Show, Comedy",660,"2013-10-28",
tt0899126,6,2015-01-27,"The Tonight Show with Conan O'Brien","The Tonight Show with Conan O'Brien",https://www.imdb.com/title/tt0899126,TV Series,8.0,62,2009,"Talk-Show, Comedy, Music",9490,"2009-06-01",
tt0106052,6,2015-01-27,"Late Night with Conan O'Brien","Late Night with Conan O'Brien",https://www.imdb.com/title/tt0106052,TV Series,8.2,60,1993,"Talk-Show, Music, Comedy",19844,"1993-09-13",
tt2212323,6,2015-01-27,"Guy Code","Guy Code",https://www.imdb.com/title/tt2212323,TV Series,7.1,,2011,"Comedy",586,"2011-11-16",
tt3107288,8,2015-01-27,"The Flash","The Flash",https://www.imdb.com/title/tt3107288,TV Series,7.5,43,2014,"Action, Adventure, Drama, Sci-Fi",387692,"2014-10-07",
tt2193021,8,2015-01-27,"Arrow","Arrow",https://www.imdb.com/title/tt2193021,TV Series,7.5,42,2012,"Action, Drama, Mystery, Adventure, Sci-Fi, Crime",462426,"2012-10-10",
tt1430587,7,2015-01-27,"Tosh.0","Tosh.0",https://www.imdb.com/title/tt1430587,TV Series,7.3,22,2009,"Comedy",17000,"2009-06-04",
tt3530232,10,2015-01-27,"Last Week Tonight with John Oliver","Last Week Tonight with John Oliver",https://www.imdb.com/title/tt3530232,TV Series,8.8,30,2014,"News, Talk-Show, Comedy",105756,"2014-04-27",
tt0458254,10,2015-01-27,"The Colbert Report","The Colbert Report",https://www.imdb.com/title/tt0458254,TV Series,8.4,30,2005,"News, Talk-Show, Comedy",39670,"2005-10-17",
tt1486217,9,2015-01-27,"Archer","Archer",https://www.imdb.com/title/tt1486217,TV Series,8.6,22,2009,"Animation, Action, Comedy",176421,"2009-09-17",
tt1641349,6,2015-01-27,"Terra Nova","Terra Nova",https://www.imdb.com/title/tt1641349,TV Series,6.7,46,2011,"Sci-Fi, Adventure, Mystery, Drama",89028,"2011-09-26",
tt0235918,6,2015-01-27,"The Fairly OddParents","The Fairly OddParents",https://www.imdb.com/title/tt0235918,TV Series,7.2,30,2001,"Animation, Comedy, Family, Fantasy, Adventure",52741,"2001-03-30",
tt0115157,7,2015-01-27,"Dexter's Laboratory","Dexter's Laboratory",https://www.imdb.com/title/tt0115157,TV Series,7.8,23,1996,"Animation, Adventure, Fantasy, Comedy, Sci-Fi, Family",58537,"1996-03-24",
tt0175058,8,2015-01-27,"The Powerpuff Girls","The Powerpuff Girls",https://www.imdb.com/title/tt0175058,TV Series,7.3,30,1998,"Animation, Fantasy, Sci-Fi, Adventure, Comedy, Family, Action",52989,"1998-11-18",
tt0388595,5,2015-01-27,"Extreme Makeover: Home Edition","Extreme Makeover: Home Edition",https://www.imdb.com/title/tt0388595,TV Series,6.3,60,2003,"Reality-TV, Family, Comedy, Drama",5012,"2003-12-03",
tt0759364,6,2015-01-27,"America's Got Talent","America's Got Talent",https://www.imdb.com/title/tt0759364,TV Series,5.8,60,2006,"Game-Show, Reality-TV, Music, Family",11374,"2006-06-21",
tt0363328,8,2015-01-27,"Drake & Josh","Drake & Josh",https://www.imdb.com/title/tt0363328,TV Series,7.7,23,2004,"Comedy, Family",47199,"2004-01-11",
tt0972534,6,2015-01-27,"iCarly","iCarly",https://www.imdb.com/title/tt0972534,TV Series,6.8,30,2007,"Comedy, Family, Romance",50638,"2007-09-08",
tt0366005,8,2015-01-27,"Danny Phantom","Danny Phantom",https://www.imdb.com/title/tt0366005,TV Series,7.2,30,2003,"Animation, Action, Adventure, Comedy, Family, Sci-Fi, Fantasy, Horror",23603,"2004-04-03",
tt0795176,10,2015-01-27,"Planet Earth","Planet Earth",https://www.imdb.com/title/tt0795176,TV Mini Series,9.4,50,2006,"Documentary, Family",236258,"2007-03-25",
tt0491738,8,2015-01-27,"Psych","Psych",https://www.imdb.com/title/tt0491738,TV Series,8.4,44,2006,"Comedy, Crime, Mystery",121393,"2006-07-07",
tt0312172,6,2015-01-27,"Monk","Monk",https://www.imdb.com/title/tt0312172,TV Series,8.1,44,2002,"Comedy, Mystery, Crime, Drama",102512,"2002-07-12",
tt0496424,9,2015-01-27,"30 Rock","30 Rock",https://www.imdb.com/title/tt0496424,TV Series,8.3,22,2006,"Comedy",139477,"2006-09-10",
tt0386676,9,2015-01-27,"The Office","The Office",https://www.imdb.com/title/tt0386676,TV Series,9.0,22,2005,"Comedy",844401,"2005-03-24",
tt0072562,7,2015-01-27,"Saturday Night Live","Saturday Night Live",https://www.imdb.com/title/tt0072562,TV Series,8.0,90,1975,"Music, Comedy",58091,"1975-10-11",
tt0460644,6,2015-01-27,"Ghost Whisperer","Ghost Whisperer",https://www.imdb.com/title/tt0460644,TV Series,6.5,60,2005,"Drama, Fantasy",53133,"2005-09-23",
tt1454468,8,2015-01-27,"Gravity","Gravity",https://www.imdb.com/title/tt1454468,Movie,7.7,91,2013,"Sci-Fi, Thriller, Drama",904361,"2013-10-04","Alfonso Cuarón"
tt0089218,5,2015-01-25,"The Goonies","The Goonies",https://www.imdb.com/title/tt0089218,Movie,7.7,114,1985,"Comedy, Family, Adventure",329282,"1985-06-07","Richard Donner"
tt1270798,8,2015-01-25,"X-Men: First Class","X: First Class",https://www.imdb.com/title/tt1270798,Movie,7.7,131,2011,"Action, Sci-Fi",769437,"2011-06-03","Matthew Vaughn"
tt1408101,6,2015-01-25,"Star Trek Into Darkness","Star Trek Into Darkness",https://www.imdb.com/title/tt1408101,Movie,7.7,132,2013,"Action, Adventure, Sci-Fi",511826,"2013-05-16","J.J. Abrams"
tt1843866,8,2015-01-25,"Captain America: The Winter Soldier","Captain America: The Winter Soldier",https://www.imdb.com/title/tt1843866,Movie,7.7,136,2014,"Action, Adventure, Sci-Fi, Thriller",983198,"2014-04-04","Anthony Russo,Joe Russo"
tt0066327,5,2015-01-25,"Santa Claus Is Comin' to Town","Santa Claus Is Comin' to Town",https://www.imdb.com/title/tt0066327,TV Movie,7.7,48,1970,"Animation, Musical, Fantasy, Comedy, Adventure, Family",20248,"1970-12-13","Jules Bass,Arthur Rankin Jr."
tt0120363,8,2015-01-25,"Toy Story 2","Toy Story 2",https://www.imdb.com/title/tt0120363,Movie,7.9,92,1999,"Animation, Adventure, Comedy, Family, Fantasy",680943,"1999-11-24","John Lasseter,Ash Brannon,Lee Unkrich"
tt2980516,9,2015-01-25,"The Theory of Everything","The Theory of Everything",https://www.imdb.com/title/tt2980516,Movie,7.7,123,2014,"Drama, Biography, Romance",509790,"2014-11-26","James Marsh"
tt0083866,7,2015-01-25,"E.T. the Extra-Terrestrial","E.T. the Extra-Terrestrial",https://www.imdb.com/title/tt0083866,Movie,7.9,115,1982,"Adventure, Sci-Fi, Family",475167,"1982-06-11","Steven Spielberg"
tt0964517,8,2015-01-25,"The Fighter","The Fighter",https://www.imdb.com/title/tt0964517,Movie,7.8,116,2010,"Drama, Sport, Biography, Action",410244,"2010-12-17","David O. Russell"
tt0449059,4,2015-01-25,"Little Miss Sunshine","Little Miss Sunshine",https://www.imdb.com/title/tt0449059,Movie,7.8,101,2006,"Comedy, Drama",563733,"2006-08-18","Jonathan Dayton,Valerie Faris"
tt0091042,6,2015-01-25,"Ferris Bueller's Day Off","Ferris Bueller's Day Off",https://www.imdb.com/title/tt0091042,Movie,7.8,103,1986,"Comedy",419254,"1986-06-11","John Hughes"
tt1535109,9,2015-01-25,"Captain Phillips","Captain Phillips",https://www.imdb.com/title/tt1535109,Movie,7.8,134,2013,"Drama, Biography, Thriller, Crime, Action",521675,"2013-10-11","Paul Greengrass"
tt0454921,8,2015-01-25,"The Pursuit of Happyness","The Pursuit of Happyness",https://www.imdb.com/title/tt0454921,Movie,8.0,117,2006,"Drama, Biography",628039,"2006-12-15","Gabriele Muccino"
tt0398286,8,2015-01-25,"Tangled","Tangled",https://www.imdb.com/title/tt0398286,Movie,7.7,100,2010,"Animation, Musical, Family, Comedy, Fantasy, Romance, Adventure",551564,"2010-11-24","Nathan Greno,Byron Howard"
tt0371746,8,2015-01-25,"Iron Man","Iron Man",https://www.imdb.com/title/tt0371746,Movie,7.9,126,2008,"Action, Sci-Fi, Adventure",1241306,"2008-05-02","Jon Favreau"
tt1045658,8,2015-01-25,"Silver Linings Playbook","Silver Linings Playbook",https://www.imdb.com/title/tt1045658,Movie,7.7,122,2012,"Comedy, Drama, Romance",776409,"2012-12-25","David O. Russell"
tt1569923,9,2015-01-25,"Batman: Under the Red Hood","Batman: Under the Red Hood",https://www.imdb.com/title/tt1569923,Video,8.0,75,2010,"Animation, Action, Crime, Thriller, Sci-Fi, Drama, Mystery",74840,"2010-07-27","Brandon Vietti"
tt2820466,9,2015-01-25,"Justice League: The Flashpoint Paradox","Justice League: The Flashpoint Paradox",https://www.imdb.com/title/tt2820466,Video,8.1,75,2013,"Animation, Action, Adventure, Fantasy, Sci-Fi",66145,"2013-07-30","Jay Oliva"
tt0067992,7,2015-01-25,"Willy Wonka & the Chocolate Factory","Willy Wonka & the Chocolate Factory",https://www.imdb.com/title/tt0067992,Movie,7.8,100,1971,"Musical, Family, Adventure, Comedy, Fantasy",246101,"1971-06-30","Mel Stuart"
tt0304141,5,2015-01-25,"Harry Potter and the Prisoner of Azkaban","Harry Potter and the Prisoner of Azkaban",https://www.imdb.com/title/tt0304141,Movie,7.9,142,2004,"Mystery, Family, Adventure, Fantasy",774807,"2004-06-04","Alfonso Cuarón"
tt1022603,6,2015-01-25,"500 Days of Summer","(500) Days of Summer",https://www.imdb.com/title/tt1022603,Movie,7.6,95,2009,"Comedy, Drama, Romance",625032,"2009-08-07","Marc Webb"
tt0233298,7,2015-01-25,"Batman Beyond: Return of the Joker","Batman Beyond: Return of the Joker",https://www.imdb.com/title/tt0233298,Video,7.7,76,2000,"Animation, Thriller, Crime, Sci-Fi, Action",32544,"2000-12-12","Curt Geda"
tt0169590,9,2015-01-25,"The Batman Superman Movie: World's Finest","The Batman Superman Movie: World's Finest",https://www.imdb.com/title/tt0169590,TV Movie,7.7,64,1997,"Animation, Fantasy, Sci-Fi, Family, Adventure, Action",10797,"1997-10-04","Toshihiko Masuda"
tt2310332,7,2015-01-25,"The Hobbit: The Battle of the Five Armies","The Hobbit: The Battle of the Five Armies",https://www.imdb.com/title/tt2310332,Movie,7.4,144,2014,"Adventure, Fantasy",623089,"2014-12-17","Peter Jackson"
tt2294629,7,2015-01-25,"Frozen","Frozen",https://www.imdb.com/title/tt2294629,Movie,7.4,102,2013,"Animation, Musical, Family, Fantasy, Adventure, Comedy",719255,"2013-11-27","Chris Buck,Jennifer Lee"
tt1951264,7,2015-01-25,"The Hunger Games: Catching Fire","The Hunger Games: Catching Fire",https://www.imdb.com/title/tt1951264,Movie,7.5,146,2013,"Sci-Fi, Thriller, Action, Adventure, Romance",780197,"2013-11-22","Francis Lawrence"
tt0162222,7,2015-01-25,"Cast Away","Cast Away",https://www.imdb.com/title/tt0162222,Movie,7.8,143,2000,"Romance, Drama, Adventure",694047,"2000-12-22","Robert Zemeckis"
tt0121766,7,2015-01-25,"Star Wars: Episode III - Revenge of the Sith","Star Wars: Episode III - Revenge of the Sith",https://www.imdb.com/title/tt0121766,Movie,7.7,140,2005,"Fantasy, Adventure, Sci-Fi, Action",930823,"2005-05-19","George Lucas"
tt0120338,7,2015-01-25,"Titanic","Titanic",https://www.imdb.com/title/tt0120338,Movie,8.0,194,1997,"Romance, Drama",1406803,"1997-12-19","James Cameron"
tt0926084,8,2015-01-25,"Harry Potter and the Deathly Hallows: Part 1","Harry Potter and the Deathly Hallows: Part 1",https://www.imdb.com/title/tt0926084,Movie,7.7,146,2010,"Adventure, Mystery, Fantasy, Family",671694,"2010-11-19","David Yates"
tt1323594,7,2015-01-25,"Despicable Me","Despicable Me",https://www.imdb.com/title/tt1323594,Movie,7.6,95,2010,"Animation, Family, Comedy, Sci-Fi, Crime, Adventure",638842,"2010-07-09","Pierre Coffin,Chris Renaud"
tt1542344,8,2015-01-25,"127 Hours","127 Hours",https://www.imdb.com/title/tt1542344,Movie,7.5,94,2010,"Drama, Biography",426863,"2011-01-28","Danny Boyle"
tt0878804,8,2015-01-25,"The Blind Side","The Blind Side",https://www.imdb.com/title/tt0878804,Movie,7.6,129,2009,"Drama, Sport, Biography",390350,"2009-11-20","John Lee Hancock"
tt0096438,6,2015-01-25,"Who Framed Roger Rabbit","Who Framed Roger Rabbit",https://www.imdb.com/title/tt0096438,Movie,7.7,104,1988,"Animation, Crime, Family, Adventure, Mystery, Comedy, Fantasy",234276,"1988-06-22","Robert Zemeckis"
tt0876563,7,2015-01-25,"Ponyo","Gake no ue no Ponyo",https://www.imdb.com/title/tt0876563,Movie,7.6,101,2008,"Animation, Family, Fantasy, Adventure, Comedy",188092,"2009-08-14","Hayao Miyazaki"
tt2179136,8,2015-01-25,"American Sniper","American Sniper",https://www.imdb.com/title/tt2179136,Movie,7.3,133,2014,"Action, Biography, War, Drama",574122,"2015-01-16","Clint Eastwood"
tt1306980,7,2015-01-25,"50/50","50/50",https://www.imdb.com/title/tt1306980,Movie,7.6,100,2011,"Comedy, Drama, Romance",355747,"2011-09-30","Jonathan Levine"
tt0330373,5,2015-01-25,"Harry Potter and the Goblet of Fire","Harry Potter and the Goblet of Fire",https://www.imdb.com/title/tt0330373,Movie,7.7,157,2005,"Mystery, Family, Adventure, Fantasy",761107,"2005-11-18","Mike Newell"
tt1318514,8,2015-01-25,"Rise of the Planet of the Apes","Rise of the Planet of the Apes",https://www.imdb.com/title/tt1318514,Movie,7.6,105,2011,"Action, Sci-Fi, Drama, Thriller",608700,"2011-08-05","Rupert Wyatt"
tt0087469,5,2015-01-25,"Indiana Jones and the Temple of Doom","Indiana Jones and the Temple of Doom",https://www.imdb.com/title/tt0087469,Movie,7.5,118,1984,"Adventure, Action",572153,"1984-05-23","Steven Spielberg"
tt0467406,5,2015-01-25,"Juno","Juno",https://www.imdb.com/title/tt0467406,Movie,7.4,96,2007,"Comedy, Drama",574423,"2007-12-25","Jason Reitman"
tt0097757,6,2015-01-25,"The Little Mermaid","The Little Mermaid",https://www.imdb.com/title/tt0097757,Movie,7.6,83,1989,"Animation, Musical, Fantasy, Adventure, Romance, Family",314431,"1989-11-17","Ron Clements,John Musker"
tt0061852,6,2015-01-25,"The Jungle Book","The Jungle Book",https://www.imdb.com/title/tt0061852,Movie,7.6,78,1967,"Animation, Musical, Adventure, Family, Comedy",214879,"1967-10-18","Wolfgang Reitherman"
tt0268380,6,2015-01-25,"Ice Age","Ice Age",https://www.imdb.com/title/tt0268380,Movie,7.5,81,2002,"Animation, Adventure, Comedy, Family",570079,"2002-03-15","Chris Wedge,Carlos Saldanha"
tt0241527,6,2015-01-25,"Harry Potter and the Sorcerer's Stone","Harry Potter and the Sorcerer's Stone",https://www.imdb.com/title/tt0241527,Movie,7.7,152,2001,"Family, Adventure, Fantasy",961284,"2001-11-16","Chris Columbus"
tt1690953,7,2015-01-25,"Despicable Me 2","Despicable Me 2",https://www.imdb.com/title/tt1690953,Movie,7.3,98,2013,"Animation, Comedy, Family, Sci-Fi, Adventure, Crime",464017,"2013-07-03","Pierre Coffin,Chris Renaud"
tt0417741,6,2015-01-25,"Harry Potter and the Half-Blood Prince","Harry Potter and the Half-Blood Prince",https://www.imdb.com/title/tt0417741,Movie,7.6,153,2009,"Fantasy, Mystery, Family, Adventure",667423,"2009-07-15","David Yates"
tt1515091,5,2015-01-25,"Sherlock Holmes: A Game of Shadows","Sherlock Holmes: A Game of Shadows",https://www.imdb.com/title/tt1515091,Movie,7.4,129,2011,"Mystery, Action, Adventure",504442,"2011-12-16","Guy Ritchie"
tt0290334,8,2015-01-25,"X2: X-Men United","X2",https://www.imdb.com/title/tt0290334,Movie,7.4,134,2003,"Sci-Fi, Thriller, Action",615341,"2003-05-02","Bryan Singer"
tt0120762,7,2015-01-25,"Mulan","Mulan",https://www.imdb.com/title/tt0120762,Movie,7.7,87,1998,"Animation, Musical, War, Fantasy, Comedy, Adventure, Family",349683,"1998-06-19","Tony Bancroft,Barry Cook"
tt0032910,6,2015-01-25,"Pinocchio","Pinocchio",https://www.imdb.com/title/tt0032910,Movie,7.4,88,1940,"Animation, Musical, Fantasy, Comedy, Adventure, Family",173959,"1940-02-23","Norman Ferguson,T. Hee,Wilfred Jackson,Jack Kinney,Hamilton Luske,Bill Roberts,Ben Sharpsteen"
tt0120903,7,2015-01-25,"X-Men","X-Men",https://www.imdb.com/title/tt0120903,Movie,7.3,104,2000,"Adventure, Sci-Fi, Action",698097,"2000-07-14","Bryan Singer"
tt0373889,6,2015-01-25,"Harry Potter and the Order of the Phoenix","Harry Potter and the Order of the Phoenix",https://www.imdb.com/title/tt0373889,Movie,7.5,138,2007,"Family, Fantasy, Mystery, Adventure",707922,"2007-07-11","David Yates"
tt1229238,7,2015-01-25,"Mission: Impossible - Ghost Protocol","Mission: Impossible - Ghost Protocol",https://www.imdb.com/title/tt1229238,Movie,7.4,132,2011,"Action, Thriller, Adventure",568242,"2011-12-21","Brad Bird"
tt1453405,6,2015-01-25,"Monsters University","Monsters University",https://www.imdb.com/title/tt1453405,Movie,7.2,104,2013,"Animation, Comedy, Adventure, Family, Fantasy",429379,"2013-06-21","Dan Scanlon"
tt0080487,3,2015-01-25,"Caddyshack","Caddyshack",https://www.imdb.com/title/tt0080487,Movie,7.2,98,1980,"Sport, Comedy",134088,"1980-07-25","Harold Ramis"
tt0121164,5,2015-01-25,"Corpse Bride","Corpse Bride",https://www.imdb.com/title/tt0121164,Movie,7.4,77,2005,"Animation, Musical, Fantasy, Romance, Family, Drama, Comedy",330948,"2005-09-23","Tim Burton,Mike Johnson"
tt0046183,6,2015-01-25,"Peter Pan","Peter Pan",https://www.imdb.com/title/tt0046183,Movie,7.2,77,1953,"Animation, Musical, Adventure, Family, Fantasy",167021,"1953-02-05","Clyde Geronimi,Wilfred Jackson,Hamilton Luske,Jack Kinney"
tt0462538,6,2015-01-25,"The Simpsons Movie","The Simpsons Movie",https://www.imdb.com/title/tt0462538,Movie,7.3,87,2007,"Animation, Comedy, Adventure",364799,"2007-07-27","David Silverman"
tt0043274,5,2015-01-25,"Alice in Wonderland","Alice in Wonderland",https://www.imdb.com/title/tt0043274,Movie,7.3,75,1951,"Animation, Musical, Adventure, Comedy, Family, Fantasy",168135,"1951-07-28","Clyde Geronimi,Wilfred Jackson,Hamilton Luske,Jack Kinney"
tt2027128,8,2015-01-25,"Justice League: Doom","Justice League: Doom",https://www.imdb.com/title/tt2027128,Video,7.4,75,2012,"Animation, Action, Fantasy, Sci-Fi, Thriller",39679,"2012-02-28","Lauren Montgomery"
tt0034492,5,2015-01-25,"Bambi","Bambi",https://www.imdb.com/title/tt0034492,Movie,7.3,69,1942,"Animation, Drama, Adventure, Family",166448,"1942-08-21","James Algar,Samuel Armstrong,David Hand,Graham Heid,Bill Roberts,Paul Satterfield,Norman Wright,Arthur Davis,Clyde Geronimi"
tt0048280,5,2015-01-25,"Lady and the Tramp","Lady and the Tramp",https://www.imdb.com/title/tt0048280,Movie,7.3,76,1955,"Animation, Musical, Adventure, Comedy, Family, Romance",163267,"1955-06-22","Clyde Geronimi,Wilfred Jackson,Hamilton Luske,Jack Cutting"
tt1672723,6,2015-01-25,"Batman: Year One","Batman: Year One",https://www.imdb.com/title/tt1672723,Video,7.3,64,2011,"Animation, Action, Crime, Thriller, Drama",41095,"2011-10-18","Sam Liu,Lauren Montgomery"
tt1392170,6,2015-01-25,"The Hunger Games","The Hunger Games",https://www.imdb.com/title/tt1392170,Movie,7.2,142,2012,"Adventure, Sci-Fi, Thriller, Action",1090588,"2012-03-23","Gary Ross"
tt0770828,5,2015-01-25,"Man of Steel","Man of Steel",https://www.imdb.com/title/tt0770828,Movie,7.1,143,2013,"Action, Adventure, Sci-Fi",873665,"2013-06-14","Zack Snyder"
tt1300854,5,2015-01-25,"Iron Man 3","Iron Man Three",https://www.imdb.com/title/tt1300854,Movie,7.1,130,2013,"Action, Adventure, Sci-Fi",977648,"2013-05-03","Shane Black"
tt0145487,7,2015-01-25,"Spider-Man","Spider-Man",https://www.imdb.com/title/tt0145487,Movie,7.4,121,2002,"Adventure, Sci-Fi, Action",987296,"2002-05-03","Sam Raimi"
tt1212450,3,2015-01-25,"Lawless","Lawless",https://www.imdb.com/title/tt1212450,Movie,7.2,116,2012,"Drama, Crime, Biography, Thriller",263677,"2012-08-29","John Hillcoat"
tt0295297,6,2015-01-25,"Harry Potter and the Chamber of Secrets","Harry Potter and the Chamber of Secrets",https://www.imdb.com/title/tt0295297,Movie,7.5,161,2002,"Mystery, Family, Adventure, Fantasy",773714,"2002-11-15","Chris Columbus"
tt0383574,6,2015-01-25,"Pirates of the Caribbean: Dead Man's Chest","Pirates of the Caribbean: Dead Man's Chest",https://www.imdb.com/title/tt0383574,Movie,7.4,151,2006,"Adventure, Fantasy, Action",833725,"2006-07-07","Gore Verbinski"
tt0357413,7,2015-01-25,"Anchorman: The Legend of Ron Burgundy","Anchorman: The Legend of Ron Burgundy",https://www.imdb.com/title/tt0357413,Movie,7.1,94,2004,"Comedy",403897,"2004-07-09","Adam McKay"
tt1001526,7,2015-01-25,"Megamind","Megamind",https://www.imdb.com/title/tt1001526,Movie,7.3,95,2010,"Animation, Comedy, Family, Sci-Fi, Action, Crime, Fantasy, Adventure",329286,"2010-11-05","Tom McGrath"
tt0053285,7,2015-01-25,"Sleeping Beauty","Sleeping Beauty",https://www.imdb.com/title/tt0053285,Movie,7.2,75,1959,"Animation, Musical, Adventure, Romance, Family, Fantasy",172207,"1959-01-29","Les Clark,Clyde Geronimi,Eric Larson,Wolfgang Reitherman,Hamilton Luske"
tt0094737,5,2015-01-25,"Big","Big",https://www.imdb.com/title/tt0094737,Movie,7.3,104,1988,"Drama, Romance, Comedy, Fantasy",262636,"1988-06-03","Penny Marshall"
tt0042332,5,2015-01-25,"Cinderella","Cinderella",https://www.imdb.com/title/tt0042332,Movie,7.3,74,1950,"Animation, Musical, Fantasy, Romance, Family",188752,"1950-03-04","Clyde Geronimi,Wilfred Jackson,Hamilton Luske"
tt1302011,6,2015-01-25,"Kung Fu Panda 2","Kung Fu Panda 2",https://www.imdb.com/title/tt1302011,Movie,7.3,90,2011,"Animation, Comedy, Action, Family, Adventure, Fantasy, Drama",362071,"2011-05-26","Jennifer Yuh Nelson"
tt1494772,5,2015-01-25,"Justice League: Crisis on Two Earths","Justice League: Crisis on Two Earths",https://www.imdb.com/title/tt1494772,Video,7.2,75,2010,"Animation, Action, Sci-Fi, Fantasy",31221,"2010-02-23","Sam Liu,Lauren Montgomery"
tt2294449,7,2015-01-25,"22 Jump Street","22 Jump Street",https://www.imdb.com/title/tt2294449,Movie,7.0,112,2014,"Comedy, Action, Crime, Mystery",444276,"2014-06-13","Phil Lord,Christopher Miller"
tt1232829,6,2015-01-25,"21 Jump Street","21 Jump Street",https://www.imdb.com/title/tt1232829,Movie,7.2,109,2012,"Action, Comedy, Crime",652817,"2012-03-16","Phil Lord,Christopher Miller"
tt0418279,6,2015-01-25,"Transformers","Transformers",https://www.imdb.com/title/tt0418279,Movie,7.1,144,2007,"Action, Sci-Fi, Adventure",724029,"2007-07-03","Michael Bay"
tt0461770,7,2015-01-25,"Enchanted","Enchanted",https://www.imdb.com/title/tt0461770,Movie,7.1,107,2007,"Animation, Musical, Fantasy, Romance, Adventure, Family, Comedy",226355,"2007-11-21","Kevin Lima"
tt0405422,4,2015-01-25,"The 40-Year-Old Virgin","The 40 Year Old Virgin",https://www.imdb.com/title/tt0405422,Movie,7.1,116,2005,"Comedy, Romance",506100,"2005-08-19","Judd Apatow"
tt0298148,8,2015-01-25,"Shrek 2","Shrek 2",https://www.imdb.com/title/tt0298148,Movie,7.4,93,2004,"Animation, Romance, Comedy, Family, Adventure, Fantasy",561303,"2004-05-19","Andrew Adamson,Kelly Asbury,Conrad Vernon"
tt0317219,8,2015-01-25,"Cars","Cars",https://www.imdb.com/title/tt0317219,Movie,7.3,116,2006,"Animation, Family, Sport, Comedy, Adventure",545160,"2006-06-09","John Lasseter,Joe Ranft"
tt0119282,7,2015-01-25,"Hercules","Hercules",https://www.imdb.com/title/tt0119282,Movie,7.3,93,1997,"Animation, Musical, Fantasy, Romance, Comedy, Action, Adventure, Family",282611,"1997-06-27","Ron Clements,John Musker"
tt0119654,5,2015-01-25,"Men in Black","Men in Black",https://www.imdb.com/title/tt0119654,Movie,7.3,98,1997,"Adventure, Action, Sci-Fi, Comedy",669338,"1997-07-02","Barry Sonnenfeld"
tt0480249,6,2015-01-25,"I Am Legend","I Am Legend",https://www.imdb.com/title/tt0480249,Movie,7.2,101,2007,"Drama, Sci-Fi, Thriller, Horror",885274,"2007-12-14","Francis Lawrence"
tt3060952,7,2015-01-25,"Justice League: War","Justice League: War",https://www.imdb.com/title/tt3060952,Video,7.2,79,2014,"Animation, Adventure, Fantasy, Sci-Fi, Action, Drama",40996,"2014-02-04","Jay Oliva"
tt0087363,5,2015-01-25,"Gremlins","Gremlins",https://www.imdb.com/title/tt0087363,Movie,7.3,106,1984,"Fantasy, Horror, Comedy",276445,"1984-06-08","Joe Dante"
tt0120855,7,2015-01-25,"Tarzan","Tarzan",https://www.imdb.com/title/tt0120855,Movie,7.3,88,1999,"Animation, Drama, Comedy, Adventure, Family",271214,"1999-06-18","Chris Buck,Kevin Lima"
tt1204342,7,2015-01-25,"The Muppets","The Muppets",https://www.imdb.com/title/tt1204342,Movie,7.1,103,2011,"Musical, Comedy, Family, Adventure",101430,"2011-11-23","James Bobin"
tt0055254,6,2015-01-25,"One Hundred and One Dalmatians","One Hundred and One Dalmatians",https://www.imdb.com/title/tt0055254,Movie,7.3,79,1961,"Animation, Adventure, Comedy, Family",198169,"1961-01-25","Clyde Geronimi,Hamilton Luske,Wolfgang Reitherman"
tt1398941,7,2015-01-25,"Superman/Batman: Public Enemies","Superman/Batman: Public Enemies",https://www.imdb.com/title/tt1398941,Video,7.1,67,2009,"Animation, Drama, Fantasy, Action, Sci-Fi",27426,"2009-09-29","Sam Liu"
tt0948470,6,2015-01-25,"The Amazing Spider-Man","The Amazing Spider-Man",https://www.imdb.com/title/tt0948470,Movie,7.0,136,2012,"Action, Sci-Fi",780668,"2012-07-03","Marc Webb"
tt1228705,5,2015-01-25,"Iron Man 2","Iron Man 2",https://www.imdb.com/title/tt1228705,Movie,6.9,124,2010,"Action, Sci-Fi",950771,"2010-05-07","Jon Favreau"
tt0343818,5,2015-01-25,"I, Robot","I, Robot",https://www.imdb.com/title/tt0343818,Movie,7.1,115,2004,"Action, Mystery, Sci-Fi, Thriller",619088,"2004-07-16","Alex Proyas"
tt0332379,7,2015-01-25,"School of Rock","School of Rock",https://www.imdb.com/title/tt0332379,Movie,7.2,109,2003,"Music, Comedy",360901,"2003-10-03","Richard Linklater"
tt0433035,3,2015-01-25,"Real Steel","Real Steel",https://www.imdb.com/title/tt0433035,Movie,7.1,127,2011,"Drama, Sci-Fi, Sport, Action",383353,"2011-10-07","Shawn Levy"
tt1285016,9,2015-01-25,"The Social Network","The Social Network",https://www.imdb.com/title/tt1285016,Movie,7.8,120,2010,"Drama, Biography",825994,"2010-10-01","David Fincher"
tt0449088,6,2015-01-25,"Pirates of the Caribbean: At World's End","Pirates of the Caribbean: At World's End",https://www.imdb.com/title/tt0449088,Movie,7.2,169,2007,"Action, Adventure, Fantasy",750369,"2007-05-25","Gore Verbinski"
tt0837562,3,2015-01-25,"Hotel Transylvania","Hotel Transylvania",https://www.imdb.com/title/tt0837562,Movie,7.1,91,2012,"Animation, Comedy, Family, Fantasy",318088,"2012-09-28","Genndy Tartakovsky"
tt0472033,5,2015-01-25,"9","9",https://www.imdb.com/title/tt0472033,Movie,7.0,79,2009,"Animation, Adventure, Sci-Fi, Action, Drama, Thriller, Fantasy",158192,"2009-09-09","Shane Acker"
tt0120630,7,2015-01-25,"Chicken Run","Chicken Run",https://www.imdb.com/title/tt0120630,Movie,7.1,84,2000,"Animation, Adventure, Drama, Comedy, Family",226281,"2000-06-23","Peter Lord,Nick Park"
tt1673430,6,2015-01-25,"Superman/Batman: Apocalypse","Superman/Batman: Apocalypse",https://www.imdb.com/title/tt1673430,Video,7.0,78,2010,"Animation, Action, Adventure, Sci-Fi",30704,"2010-09-28","Lauren Montgomery"
tt0934706,6,2015-01-25,"Superman: Doomsday","Superman: Doomsday",https://www.imdb.com/title/tt0934706,Video,6.9,75,2007,"Animation, Action, Drama, Adventure, Sci-Fi",25044,"2007-09-18","Lauren Montgomery,Bruce Timm,Brandon Vietti"
tt1701223,6,2015-01-25,"Superman/Shazam!: The Return of Black Adam","Superman/Shazam!: The Return of Black Adam",https://www.imdb.com/title/tt1701223,Video,7.0,62,2010,"Animation, Short, Action, Adventure, Sci-Fi, Fantasy",10192,"2010-11-09","Joaquim Dos Santos"
tt0377092,7,2015-01-25,"Mean Girls","Mean Girls",https://www.imdb.com/title/tt0377092,Movie,7.1,97,2004,"Comedy",490848,"2004-04-30","Mark Waters"
tt1446714,4,2015-01-25,"Prometheus","Prometheus",https://www.imdb.com/title/tt1446714,Movie,7.0,124,2012,"Adventure, Sci-Fi",705194,"2012-06-08","Ridley Scott"
tt1663662,6,2015-01-25,"Pacific Rim","Pacific Rim",https://www.imdb.com/title/tt1663662,Movie,6.9,131,2013,"Sci-Fi, Action, Adventure",562576,"2013-07-12","Guillermo del Toro"
tt0800369,7,2015-01-25,"Thor","Thor",https://www.imdb.com/title/tt0800369,Movie,7.0,115,2011,"Action, Fantasy",977485,"2011-05-06","Kenneth Branagh"
tt1637725,7,2015-01-25,"Ted","Ted",https://www.imdb.com/title/tt1637725,Movie,6.9,106,2012,"Comedy",716035,"2012-06-29","Seth MacFarlane"
tt0163651,4,2015-01-25,"American Pie","American Pie",https://www.imdb.com/title/tt0163651,Movie,7.0,95,1999,"Comedy",471666,"1999-07-09","Paul Weitz"
tt0103776,4,2015-01-25,"Batman Returns","Batman Returns",https://www.imdb.com/title/tt0103776,Movie,7.1,126,1992,"Fantasy, Crime, Action",351804,"1992-06-19","Tim Burton"
tt0910936,4,2015-01-25,"Pineapple Express","Pineapple Express",https://www.imdb.com/title/tt0910936,Movie,6.9,111,2008,"Comedy, Crime, Action",374690,"2008-08-06","David Gordon Green"
tt0118655,6,2015-01-25,"Austin Powers: International Man of Mystery","Austin Powers: International Man of Mystery",https://www.imdb.com/title/tt0118655,Movie,7.0,89,1997,"Adventure, Comedy",275371,"1997-05-02","Jay Roach"
tt0116483,6,2015-01-25,"Happy Gilmore","Happy Gilmore",https://www.imdb.com/title/tt0116483,Movie,7.0,92,1996,"Sport, Comedy",310999,"1996-02-16","Dennis Dugan"
tt1277953,6,2015-01-25,"Madagascar 3: Europe's Most Wanted","Madagascar 3: Europe's Most Wanted",https://www.imdb.com/title/tt1277953,Movie,6.8,93,2012,"Animation, Adventure, Comedy, Family",220315,"2012-06-08","Eric Darnell,Tom McGrath,Conrad Vernon"
tt0120794,6,2015-01-25,"The Prince of Egypt","The Prince of Egypt",https://www.imdb.com/title/tt0120794,Movie,7.3,99,1998,"Animation, Musical, Adventure, Fantasy, Drama, Family",163826,"1998-12-18","Brenda Chapman,Steve Hickner,Simon Wells"
tt0844471,7,2015-01-25,"Cloudy with a Chance of Meatballs","Cloudy with a Chance of Meatballs",https://www.imdb.com/title/tt0844471,Movie,6.9,90,2009,"Animation, Family, Comedy, Sci-Fi, Adventure, Fantasy",288929,"2009-09-18","Phil Lord,Christopher Miller"
tt0212338,5,2015-01-25,"Meet the Parents","Meet the Parents",https://www.imdb.com/title/tt0212338,Movie,7.0,108,2000,"Romance, Comedy",381027,"2000-10-06","Jay Roach"
tt1872181,4,2015-01-25,"The Amazing Spider-Man 2","The Amazing Spider-Man 2",https://www.imdb.com/title/tt1872181,Movie,6.6,142,2014,"Action, Adventure, Sci-Fi",602786,"2014-05-02","Marc Webb"
tt0800080,6,2015-01-25,"The Incredible Hulk","The Incredible Hulk",https://www.imdb.com/title/tt0800080,Movie,6.6,112,2008,"Action, Sci-Fi",572832,"2008-06-13","Louis Leterrier"
tt0363771,6,2015-01-25,"The Chronicles of Narnia: The Lion, the Witch and the Wardrobe","The Chronicles of Narnia: The Lion, the Witch and the Wardrobe",https://www.imdb.com/title/tt0363771,Movie,6.9,143,2005,"Adventure, Family, Fantasy",461009,"2005-12-09","Andrew Adamson"
tt0298203,5,2015-01-25,"8 Mile","8 Mile",https://www.imdb.com/title/tt0298203,Movie,7.2,110,2002,"Music, Drama",354147,"2002-11-08","Curtis Hanson"
tt0838283,4,2015-01-25,"Step Brothers","Step Brothers",https://www.imdb.com/title/tt0838283,Movie,6.9,98,2008,"Comedy",343899,"2008-07-25","Adam McKay"
tt1068680,5,2015-01-25,"Yes Man","Yes Man",https://www.imdb.com/title/tt1068680,Movie,6.8,104,2008,"Comedy, Romance",407361,"2008-12-19","Peyton Reed"
tt0374900,3,2015-01-25,"Napoleon Dynamite","Napoleon Dynamite",https://www.imdb.com/title/tt0374900,Movie,7.0,96,2004,"Comedy",258493,"2004-08-27","Jared Hess"
tt0351283,6,2015-01-25,"Madagascar","Madagascar",https://www.imdb.com/title/tt0351283,Movie,7.0,86,2005,"Animation, Family, Comedy, Adventure",485534,"2005-05-27","Eric Darnell,Tom McGrath"
tt0319343,6,2015-01-25,"Elf","Elf",https://www.imdb.com/title/tt0319343,Movie,7.1,97,2003,"Family, Fantasy, Romance, Adventure, Comedy",348399,"2003-11-07","Jon Favreau"
tt0120812,5,2015-01-25,"Rush Hour","Rush Hour",https://www.imdb.com/title/tt0120812,Movie,7.1,98,1998,"Thriller, Crime, Comedy, Action",333454,"1998-09-18","Brett Ratner"
tt0116583,5,2015-01-25,"The Hunchback of Notre Dame","The Hunchback of Notre Dame",https://www.imdb.com/title/tt0116583,Movie,7.0,91,1996,"Animation, Musical, Drama, Romance, Family",186000,"1996-06-21","Gary Trousdale,Kirk Wise"
tt0345950,7,2015-01-25,"The SpongeBob SquarePants Movie","The SpongeBob SquarePants Movie",https://www.imdb.com/title/tt0345950,Movie,7.2,87,2004,"Animation, Adventure, Fantasy, Family, Comedy",112535,"2004-11-19","Stephen Hillenburg"
tt0451079,6,2015-01-25,"Horton Hears a Who!","Horton Hears a Who!",https://www.imdb.com/title/tt0451079,Movie,6.8,86,2008,"Animation, Adventure, Family, Comedy, Fantasy, Drama, Music",159628,"2008-03-14","Jimmy Hayward,Steve Martino"
tt0458352,5,2015-01-25,"The Devil Wears Prada","The Devil Wears Prada",https://www.imdb.com/title/tt0458352,Movie,7.0,109,2006,"Drama, Comedy",567790,"2006-06-30","David Frankel"
tt1478338,5,2015-01-25,"Bridesmaids","Bridesmaids",https://www.imdb.com/title/tt1478338,Movie,6.8,125,2011,"Comedy",327542,"2011-05-13","Paul Feig"
tt1104001,4,2015-01-25,"Tron: Legacy","Tron: Legacy",https://www.imdb.com/title/tt1104001,Movie,6.8,125,2010,"Action, Adventure, Sci-Fi",389005,"2010-12-17","Joseph Kosinski"
tt1601913,5,2015-01-25,"The Grey","The Grey",https://www.imdb.com/title/tt1601913,Movie,6.7,117,2011,"Drama, Thriller, Adventure, Action, Horror",275637,"2012-01-27","Joe Carnahan"
tt0121765,3,2015-01-25,"Star Wars: Episode II - Attack of the Clones","Star Wars: Episode II - Attack of the Clones",https://www.imdb.com/title/tt0121765,Movie,6.6,142,2002,"Fantasy, Sci-Fi, Adventure, Action",828598,"2002-05-16","George Lucas"
tt0119528,5,2015-01-25,"Liar Liar","Liar Liar",https://www.imdb.com/title/tt0119528,Movie,6.9,86,1997,"Fantasy, Comedy",365425,"1997-03-21","Tom Shadyac"
tt0110475,6,2015-01-25,"The Mask","The Mask",https://www.imdb.com/title/tt0110475,Movie,7.0,101,1994,"Crime, Comedy, Fantasy",475127,"1994-07-29","Chuck Russell"
tt0117008,5,2015-01-25,"Matilda","Matilda",https://www.imdb.com/title/tt0117008,Movie,7.0,98,1996,"Family, Comedy, Fantasy",198012,"1996-08-02","Danny DeVito"
tt0101272,4,2015-01-25,"The Addams Family","The Addams Family",https://www.imdb.com/title/tt0101272,Movie,7.0,99,1991,"Fantasy, Comedy",202516,"1991-11-22","Barry Sonnenfeld"
tt1535108,6,2015-01-25,"Elysium","Elysium",https://www.imdb.com/title/tt1535108,Movie,6.6,109,2013,"Drama, Sci-Fi, Action, Thriller",493990,"2013-08-09","Neill Blomkamp"
tt0367594,3,2015-01-25,"Charlie and the Chocolate Factory","Charlie and the Chocolate Factory",https://www.imdb.com/title/tt0367594,Movie,6.7,115,2005,"Musical, Adventure, Comedy, Family, Fantasy",576146,"2005-07-15","Tim Burton"
tt0458525,4,2015-01-25,"X-Men Origins: Wolverine","X-Men Origins: Wolverine",https://www.imdb.com/title/tt0458525,Movie,6.5,107,2009,"Action, Sci-Fi",572265,"2009-05-01","Gavin Hood"
tt2247476,4,2015-01-25,"When the Game Stands Tall","When the Game Stands Tall",https://www.imdb.com/title/tt2247476,Movie,6.6,115,2014,"Drama, Sport, Biography, Family",17759,"2014-08-22","Thomas Carter"
tt1298650,5,2015-01-25,"Pirates of the Caribbean: On Stranger Tides","Pirates of the Caribbean: On Stranger Tides",https://www.imdb.com/title/tt1298650,Movie,6.6,136,2011,"Action, Adventure, Fantasy",612424,"2011-05-20","Rob Marshall"
tt1041829,3,2015-01-25,"The Proposal","The Proposal",https://www.imdb.com/title/tt1041829,Movie,6.8,108,2009,"Comedy, Romance, Drama",401665,"2009-06-19","Anne Fletcher"
tt0448694,6,2015-01-25,"Puss in Boots","Puss in Boots",https://www.imdb.com/title/tt0448694,Movie,6.6,90,2011,"Animation, Adventure, Comedy, Family, Fantasy, Action",213709,"2011-11-15","Chris Miller"
tt0479952,4,2015-01-25,"Madagascar: Escape 2 Africa","Madagascar: Escape 2 Africa",https://www.imdb.com/title/tt0479952,Movie,6.7,89,2008,"Animation, Adventure, Comedy, Family",274051,"2008-11-07","Eric Darnell,Tom McGrath"
tt0116683,5,2015-01-25,"James and the Giant Peach","James and the Giant Peach",https://www.imdb.com/title/tt0116683,Movie,6.7,79,1996,"Animation, Musical, Adventure, Family, Fantasy",79118,"1996-04-12","Henry Selick"
tt0328880,5,2015-01-25,"Brother Bear","Brother Bear",https://www.imdb.com/title/tt0328880,Movie,6.9,85,2003,"Animation, Musical, Family, Fantasy, Adventure, Comedy, Drama",137847,"2003-11-01","Aaron Blaise,Robert Walker"
tt0120915,4,2015-01-25,"Star Wars: Episode I - The Phantom Menace","Star Wars: Episode I - The Phantom Menace",https://www.imdb.com/title/tt0120915,Movie,6.5,136,1999,"Fantasy, Sci-Fi, Adventure, Action",935648,"1999-05-19","George Lucas"
tt1632708,5,2015-01-25,"Friends with Benefits","Friends with Benefits",https://www.imdb.com/title/tt1632708,Movie,6.5,109,2011,"Comedy, Romance",422668,"2011-07-22","Will Gluck"
tt0102057,6,2015-01-25,"Hook","Hook",https://www.imdb.com/title/tt0102057,Movie,6.8,142,1991,"Comedy, Adventure, Family, Fantasy",293809,"1991-12-11","Steven Spielberg"
tt0473075,3,2015-01-25,"Prince of Persia: The Sands of Time","Prince of Persia: The Sands of Time",https://www.imdb.com/title/tt0473075,Movie,6.5,116,2010,"Action, Fantasy, Adventure",319070,"2010-05-28","Mike Newell"
tt0145660,5,2015-01-25,"Austin Powers: The Spy Who Shagged Me","Austin Powers: The Spy Who Shagged Me",https://www.imdb.com/title/tt0145660,Movie,6.7,95,1999,"Action, Adventure, Crime, Comedy",264091,"1999-06-11","Jay Roach"
tt0114148,6,2015-01-25,"Pocahontas","Pocahontas",https://www.imdb.com/title/tt0114148,Movie,6.7,81,1995,"Animation, Musical, Drama, Adventure, Romance, Family",219397,"1995-06-23","Mike Gabriel,Eric Goldberg"
tt0338348,4,2015-01-25,"The Polar Express","The Polar Express",https://www.imdb.com/title/tt0338348,Movie,6.6,100,2004,"Animation, Musical, Adventure, Family, Fantasy",273141,"2004-11-10","Robert Zemeckis"
tt0892782,4,2015-01-25,"Monsters vs. Aliens","Monsters vs Aliens",https://www.imdb.com/title/tt0892782,Movie,6.4,94,2009,"Animation, Sci-Fi, Family, Comedy, Adventure, Fantasy, Action",190598,"2009-03-27","Rob Letterman,Conrad Vernon"
tt3139072,5,2015-01-25,"Son of Batman","Son of Batman",https://www.imdb.com/title/tt3139072,Video,6.7,74,2014,"Animation, Action, Adventure, Crime, Drama, Fantasy, Mystery",34549,"2014-04-22","Ethan Spaulding"
tt0318403,5,2015-01-25,"The Lion King 1½","The Lion King 1½",https://www.imdb.com/title/tt0318403,Video,6.5,77,2004,"Animation, Musical, Adventure, Family, Comedy",51486,"2004-02-10","Bradley Raymond"
tt2180411,6,2015-01-25,"Into the Woods","Into the Woods",https://www.imdb.com/title/tt2180411,Movie,5.9,125,2014,"Musical, Fantasy, Adventure, Comedy, Drama, Family",154554,"2014-12-25","Rob Marshall"
tt1014759,4,2015-01-25,"Alice in Wonderland","Alice in Wonderland",https://www.imdb.com/title/tt1014759,Movie,6.4,108,2010,"Fantasy, Family, Adventure, Mystery",471221,"2010-03-05","Tim Burton"
tt0119567,6,2015-01-25,"The Lost World: Jurassic Park","The Lost World: Jurassic Park",https://www.imdb.com/title/tt0119567,Movie,6.6,129,1997,"Action, Sci-Fi, Adventure",481390,"1997-05-22","Steven Spielberg"
tt0415306,3,2015-01-25,"Talladega Nights: The Ballad of Ricky Bobby","Talladega Nights: The Ballad of Ricky Bobby",https://www.imdb.com/title/tt0415306,Movie,6.6,108,2006,"Comedy, Sport",215956,"2006-08-04","Adam McKay"
tt1411697,2,2015-01-25,"The Hangover Part II","The Hangover Part II",https://www.imdb.com/title/tt1411697,Movie,6.5,102,2011,"Comedy",583416,"2011-05-26","Todd Phillips"
tt1985966,7,2015-01-25,"Cloudy with a Chance of Meatballs 2","Cloudy with a Chance of Meatballs 2",https://www.imdb.com/title/tt1985966,Movie,6.3,95,2013,"Animation, Family, Comedy, Fantasy, Sci-Fi, Adventure",127039,"2013-09-27","Cody Cameron,Kris Pearn"
tt0366548,5,2015-01-25,"Happy Feet","Happy Feet",https://www.imdb.com/title/tt0366548,Movie,6.4,108,2006,"Animation, Musical, Family, Comedy, Music, Romance, Adventure",215313,"2006-11-17","George Miller,Warren Coleman,Judy Morris"
tt0384793,4,2015-01-25,"Accepted","Accepted",https://www.imdb.com/title/tt0384793,Movie,6.4,93,2006,"Comedy",149156,"2006-08-18","Steve Pink"
tt0264734,5,2015-01-25,"Joseph: King of Dreams","Joseph: King of Dreams",https://www.imdb.com/title/tt0264734,Video,6.5,74,2000,"Animation, Musical, Adventure, Biography, History, Drama, Family",16285,"2000-11-07","Rob LaDuca,Robert C. Ramirez"
tt1229340,4,2015-01-25,"Anchorman 2: The Legend Continues","Anchorman 2: The Legend Continues",https://www.imdb.com/title/tt1229340,Movie,6.3,119,2013,"Comedy",203097,"2013-12-18","Adam McKay"
tt0477347,6,2015-01-25,"Night at the Museum","Night at the Museum",https://www.imdb.com/title/tt0477347,Movie,6.5,108,2006,"Comedy, Family, Fantasy, Adventure",414609,"2006-12-22","Shawn Levy"
tt1216475,3,2015-01-25,"Cars 2","Cars 2",https://www.imdb.com/title/tt1216475,Movie,6.2,106,2011,"Animation, Comedy, Adventure, Family, Sport, Crime, Sci-Fi",262012,"2011-06-24","John Lasseter,Bradford Lewis"
tt1179904,5,2015-01-25,"Paranormal Activity","Paranormal Activity",https://www.imdb.com/title/tt1179904,Movie,6.3,86,2007,"Horror, Mystery",273747,"2009-10-16","Oren Peli"
tt0289408,7,2015-01-25,"The Powerpuff Girls Movie","The Powerpuff Girls Movie",https://www.imdb.com/title/tt0289408,Movie,6.6,73,2002,"Animation, Adventure, Sci-Fi, Family, Comedy, Action",11700,"2002-07-03","Craig McCracken"
tt1399103,3,2015-01-25,"Transformers: Dark of the Moon","Transformers: Dark of the Moon",https://www.imdb.com/title/tt1399103,Movie,6.2,154,2011,"Action, Adventure, Sci-Fi, Comedy, Thriller",459014,"2011-06-29","Michael Bay"
tt0290002,2,2015-01-25,"Meet the Fockers","Meet the Fockers",https://www.imdb.com/title/tt0290002,Movie,6.4,115,2004,"Comedy, Romance",303029,"2004-12-22","Jay Roach"
tt0327679,5,2015-01-25,"Ella Enchanted","Ella Enchanted",https://www.imdb.com/title/tt0327679,Movie,6.3,96,2004,"Family, Romance, Comedy, Fantasy",81571,"2004-04-09","Tommy O'Haver"
tt1268799,3,2015-01-25,"A Very Harold & Kumar Christmas","A Very Harold & Kumar 3D Christmas",https://www.imdb.com/title/tt1268799,Movie,6.2,90,2011,"Comedy, Adventure",75526,"2011-11-04","Todd Strauss-Schulson"
tt0247638,3,2015-01-25,"The Princess Diaries","The Princess Diaries",https://www.imdb.com/title/tt0247638,Movie,6.4,115,2001,"Romance, Comedy, Family",184810,"2001-08-03","Garry Marshall"
tt0367882,3,2015-01-25,"Indiana Jones and the Kingdom of the Crystal Skull","Indiana Jones and the Kingdom of the Crystal Skull",https://www.imdb.com/title/tt0367882,Movie,6.2,122,2008,"Action, Adventure",516732,"2008-05-22","Steven Spielberg"
tt0295178,5,2015-01-25,"Austin Powers in Goldmember","Austin Powers in Goldmember",https://www.imdb.com/title/tt0295178,Movie,6.3,94,2002,"Crime, Adventure, Comedy, Action",236047,"2002-07-26","Jay Roach"
tt1155076,4,2015-01-25,"The Karate Kid","The Karate Kid",https://www.imdb.com/title/tt1155076,Movie,6.3,140,2010,"Action, Drama, Family, Sport",229247,"2010-06-11","Harald Zwart"
tt0117705,4,2015-01-25,"Space Jam","Space Jam",https://www.imdb.com/title/tt0117705,Movie,6.5,88,1996,"Animation, Sport, Fantasy, Sci-Fi, Comedy, Family, Adventure",230839,"1996-11-15","Joe Pytka"
tt0293564,2,2015-01-25,"Rush Hour 3","Rush Hour 3",https://www.imdb.com/title/tt0293564,Movie,6.3,91,2007,"Thriller, Crime, Comedy, Action",201565,"2007-08-10","Brett Ratner"
tt0389790,3,2015-01-25,"Bee Movie","Bee Movie",https://www.imdb.com/title/tt0389790,Movie,6.1,91,2007,"Animation, Comedy, Family, Adventure, Drama, Romance",199691,"2007-11-02","Steve Hickner,Simon J. Smith"
tt1253864,2,2015-01-25,"Immortals","Immortals",https://www.imdb.com/title/tt1253864,Movie,6.0,110,2011,"Action, Drama, Fantasy, Romance",184431,"2011-11-11","Tarsem Singh"
tt0322330,5,2015-01-25,"Freaky Friday","Freaky Friday",https://www.imdb.com/title/tt0322330,Movie,6.4,97,2003,"Fantasy, Family, Music, Romance, Comedy",179116,"2003-08-06","Mark Waters"
tt0170016,3,2015-01-25,"How the Grinch Stole Christmas","How the Grinch Stole Christmas",https://www.imdb.com/title/tt0170016,Movie,6.4,104,2000,"Comedy, Family, Fantasy",335249,"2000-11-17","Ron Howard"
tt1055369,2,2015-01-25,"Transformers: Revenge of the Fallen","Transformers: Revenge of the Fallen",https://www.imdb.com/title/tt1055369,Movie,6.0,149,2009,"Sci-Fi, Action, Adventure",457263,"2009-06-24","Michael Bay"
tt0307453,4,2015-01-25,"Shark Tale","Shark Tale",https://www.imdb.com/title/tt0307453,Movie,6.0,90,2004,"Animation, Family, Adventure, Thriller, Comedy",215182,"2004-10-01","Bibo Bergeron,Vicky Jenson,Rob Letterman"
tt0120912,4,2015-01-25,"Men in Black II","Men in Black II",https://www.imdb.com/title/tt0120912,Movie,6.2,88,2002,"Adventure, Mystery, Sci-Fi, Comedy, Action",434823,"2002-07-03","Barry Sonnenfeld"
tt0268397,4,2015-01-25,"Jimmy Neutron: Boy Genius","Jimmy Neutron: Boy Genius",https://www.imdb.com/title/tt0268397,Movie,6.1,82,2001,"Animation, Adventure, Action, Sci-Fi, Family, Comedy",40867,"2001-12-21","John A. Davis"
tt1078912,3,2015-01-25,"Night at the Museum: Battle of the Smithsonian","Night at the Museum: Battle of the Smithsonian",https://www.imdb.com/title/tt1078912,Movie,6.0,105,2009,"Comedy, Adventure, Family, Fantasy",231438,"2009-05-22","Shawn Levy"
tt0163025,5,2015-01-25,"Jurassic Park III","Jurassic Park III",https://www.imdb.com/title/tt0163025,Movie,6.0,92,2001,"Action, Sci-Fi, Thriller, Adventure",374447,"2001-07-18","Joe Johnston"
tt1778304,3,2015-01-25,"Paranormal Activity 3","Paranormal Activity 3",https://www.imdb.com/title/tt1778304,Movie,5.8,83,2011,"Horror, Mystery, Thriller",105191,"2011-10-21","Henry Joost,Ariel Schulman"
tt1034032,1,2015-01-25,"Gamer","Gamer",https://www.imdb.com/title/tt1034032,Movie,5.7,95,2009,"Thriller, Sci-Fi, Action",144442,"2009-09-04","Mark Neveldine,Brian Taylor"
tt1046173,3,2015-01-25,"G.I. Joe: The Rise of Cobra","G.I. Joe: The Rise of Cobra",https://www.imdb.com/title/tt1046173,Movie,5.7,118,2009,"Action, Adventure, Sci-Fi, Thriller",222322,"2009-08-07","Stephen Sommers"
tt0817230,2,2015-01-25,"Valentine's Day","Valentine's Day",https://www.imdb.com/title/tt0817230,Movie,5.8,125,2010,"Comedy, Romance",131610,"2010-02-12","Garry Marshall"
tt0356470,5,2015-01-25,"A Cinderella Story","A Cinderella Story",https://www.imdb.com/title/tt0356470,Movie,6.0,95,2004,"Romance, Family, Comedy",103359,"2004-07-16","Mark Rosman"
tt0349205,4,2015-01-25,"Cheaper by the Dozen","Cheaper by the Dozen",https://www.imdb.com/title/tt0349205,Movie,5.9,98,2003,"Family, Comedy",116137,"2003-12-25","Shawn Levy"
tt0120667,4,2015-01-25,"Fantastic Four","Fantastic Four",https://www.imdb.com/title/tt0120667,Movie,5.7,106,2005,"Adventure, Fantasy, Sci-Fi, Action",377200,"2005-07-08","Tim Story"
tt0371606,1,2015-01-25,"Chicken Little","Chicken Little",https://www.imdb.com/title/tt0371606,Movie,5.7,81,2005,"Animation, Family, Comedy, Sci-Fi, Adventure, Fantasy",110394,"2005-11-04","Mark Dindal"
tt1536044,2,2015-01-25,"Paranormal Activity 2","Paranormal Activity 2",https://www.imdb.com/title/tt1536044,Movie,5.7,91,2010,"Horror, Mystery",116310,"2010-10-22","Tod Williams"
tt0383216,2,2015-01-25,"The Pink Panther","The Pink Panther",https://www.imdb.com/title/tt0383216,Movie,5.7,93,2006,"Comedy, Mystery, Crime, Adventure",99827,"2006-02-10","Shawn Levy"
tt0304669,2,2015-01-25,"The Santa Clause 2","The Santa Clause 2",https://www.imdb.com/title/tt0304669,Movie,5.8,104,2002,"Family, Comedy, Fantasy",70064,"2002-11-01","Michael Lembeck"
tt0112462,2,2015-01-25,"Batman Forever","Batman Forever",https://www.imdb.com/title/tt0112462,Movie,5.5,121,1995,"Action, Adventure",284120,"1995-06-16","Joel Schumacher"
tt0452598,2,2015-01-25,"Cheaper by the Dozen 2","Cheaper by the Dozen 2",https://www.imdb.com/title/tt0452598,Movie,5.6,94,2005,"Comedy, Family, Adventure",67461,"2005-12-21","Adam Shankman"
tt0239395,3,2015-01-25,"Cats & Dogs","Cats & Dogs",https://www.imdb.com/title/tt0239395,Movie,5.2,87,2001,"Action, Family, Fantasy, Adventure, Comedy",66056,"2001-07-04","Lawrence Guterman"
tt0119137,4,2015-01-25,"Flubber","Flubber",https://www.imdb.com/title/tt0119137,Movie,5.3,93,1997,"Sci-Fi, Comedy, Family",100973,"1997-11-26","Les Mayfield"
tt0267913,3,2015-01-25,"Scooby-Doo","Scooby-Doo",https://www.imdb.com/title/tt0267913,Movie,5.4,86,2002,"Family, Fantasy, Mystery, Comedy, Adventure",142934,"2002-06-14","Raja Gosnell"
tt1259571,1,2015-01-25,"The Twilight Saga: New Moon","The Twilight Saga: New Moon",https://www.imdb.com/title/tt1259571,Movie,4.8,130,2009,"Romance, Fantasy, Drama, Adventure",325241,"2009-11-20","Chris Weitz"
tt0938283,1,2015-01-25,"The Last Airbender","The Last Airbender",https://www.imdb.com/title/tt0938283,Movie,3.9,103,2010,"Adventure, Family, Fantasy, Action",182350,"2010-07-01","M. Night Shyamalan"
tt0118688,1,2015-01-25,"Batman & Robin","Batman & Robin",https://www.imdb.com/title/tt0118688,Movie,3.8,125,1997,"Sci-Fi, Action",284245,"1997-06-20","Joel Schumacher"
tt0799949,4,2015-01-25,"Epic Movie","Epic Movie",https://www.imdb.com/title/tt0799949,Movie,2.5,86,2007,"Adventure, Comedy, Fantasy",114180,"2007-01-26","Jason Friedberg,Aaron Seltzer"
tt1655442,7,2015-01-25,"The Artist","The Artist",https://www.imdb.com/title/tt1655442,Movie,7.8,100,2011,"Romance, Comedy, Drama",256104,"2012-01-20","Michel Hazanavicius"
tt0454876,8,2015-01-25,"Life of Pi","Life of Pi",https://www.imdb.com/title/tt0454876,Movie,7.9,127,2012,"Drama, Adventure, Fantasy",704136,"2012-11-21","Ang Lee"
tt0059742,6,2015-01-25,"The Sound of Music","The Sound of Music",https://www.imdb.com/title/tt0059742,Movie,8.1,174,1965,"Musical, Drama, Biography, Romance, Family",293838,"1965-04-01","Robert Wise"
tt1010048,9,2015-01-25,"Slumdog Millionaire","Slumdog Millionaire",https://www.imdb.com/title/tt1010048,Movie,8.0,120,2008,"Drama, Romance, Crime",913688,"2008-12-25","Danny Boyle,Loveleen Tandan"
tt0107290,8,2015-01-25,"Jurassic Park","Jurassic Park",https://www.imdb.com/title/tt0107290,Movie,8.2,127,1993,"Sci-Fi, Adventure",1193177,"1993-06-11","Steven Spielberg"
tt0103639,8,2015-01-25,"Aladdin","Aladdin",https://www.imdb.com/title/tt0103639,Movie,8.0,90,1992,"Animation, Musical, Romance, Adventure, Comedy, Family, Fantasy",504079,"1992-11-25","Ron Clements,John Musker"
tt0947798,7,2015-01-25,"Black Swan","Black Swan",https://www.imdb.com/title/tt0947798,Movie,8.0,108,2010,"Drama, Thriller",895081,"2010-12-17","Darren Aronofsky"
tt0796366,7,2015-01-25,"Star Trek","Star Trek",https://www.imdb.com/title/tt0796366,Movie,7.9,127,2009,"Sci-Fi, Action, Adventure",640292,"2009-05-08","J.J. Abrams"
tt0790636,8,2015-01-25,"Dallas Buyers Club","Dallas Buyers Club",https://www.imdb.com/title/tt0790636,Movie,7.9,117,2013,"Drama, Biography",551334,"2013-11-22","Jean-Marc Vallée"
tt1646971,9,2015-01-25,"How to Train Your Dragon 2","How to Train Your Dragon 2",https://www.imdb.com/title/tt1646971,Movie,7.8,102,2014,"Animation, Fantasy, Adventure, Action, Family, Comedy",405810,"2014-06-13","Dean DeBlois"
tt1631867,9,2015-01-25,"Edge of Tomorrow","Edge of Tomorrow",https://www.imdb.com/title/tt1631867,Movie,7.9,113,2014,"Action, Sci-Fi, Adventure",812105,"2014-06-06","Doug Liman"
tt0903624,7,2015-01-25,"The Hobbit: An Unexpected Journey","The Hobbit: An Unexpected Journey",https://www.imdb.com/title/tt0903624,Movie,7.8,169,2012,"Fantasy, Adventure",934343,"2012-12-14","Peter Jackson"
tt1170358,8,2015-01-25,"The Hobbit: The Desolation of Smaug","The Hobbit: The Desolation of Smaug",https://www.imdb.com/title/tt1170358,Movie,7.8,161,2013,"Fantasy, Adventure",759125,"2013-12-13","Peter Jackson"
tt0101414,8,2015-01-25,"Beauty and the Beast","Beauty and the Beast",https://www.imdb.com/title/tt0101414,Movie,8.0,84,1991,"Animation, Musical, Fantasy, Romance, Family",508332,"1991-11-22","Gary Trousdale,Kirk Wise"
tt0073195,7,2015-01-25,"Jaws","Jaws",https://www.imdb.com/title/tt0073195,Movie,8.1,124,1975,"Adventure, Horror, Drama, Thriller",746716,"1975-06-20","Steven Spielberg"
tt0198781,8,2015-01-25,"Monsters, Inc.","Monsters, Inc.",https://www.imdb.com/title/tt0198781,Movie,8.1,92,2001,"Animation, Adventure, Comedy, Family, Fantasy",1086691,"2001-11-02","Pete Docter,David Silverman,Lee Unkrich"
tt0032138,7,2015-01-25,"The Wizard of Oz","The Wizard of Oz",https://www.imdb.com/title/tt0032138,Movie,8.1,102,1939,"Musical, Family, Adventure, Fantasy",471176,"1939-08-25","Victor Fleming,George Cukor,Norman Taurog,Richard Thorpe,King Vidor"
tt1201607,7,2015-01-25,"Harry Potter and the Deathly Hallows: Part 2","Harry Potter and the Deathly Hallows: Part 2",https://www.imdb.com/title/tt1201607,Movie,8.1,130,2011,"Adventure, Mystery, Fantasy, Family",1057893,"2011-07-15","David Yates"
tt2245084,8,2015-01-25,"Big Hero 6","Big Hero 6",https://www.imdb.com/title/tt2245084,Movie,7.8,102,2014,"Animation, Action, Family, Sci-Fi, Adventure, Comedy, Crime, Drama",559718,"2014-11-07","Don Hall,Chris Williams"
tt0033870,7,2015-01-25,"The Maltese Falcon","The Maltese Falcon",https://www.imdb.com/title/tt0033870,Movie,7.9,100,1941,"Drama, Crime, Romance, Mystery, Film-Noir",175043,"1941-10-18","John Huston"
tt0892769,10,2015-01-25,"How to Train Your Dragon","How to Train Your Dragon",https://www.imdb.com/title/tt0892769,Movie,8.1,98,2010,"Animation, Adventure, Fantasy, Family, Action",904884,"2010-03-26","Dean DeBlois,Chris Sanders"
tt0093779,8,2015-01-25,"The Princess Bride","The Princess Bride",https://www.imdb.com/title/tt0093779,Movie,8.0,98,1987,"Family, Comedy, Romance, Adventure, Fantasy",489445,"1987-10-09","Rob Reiner"
tt0266543,10,2015-01-25,"Finding Nemo","Finding Nemo",https://www.imdb.com/title/tt0266543,Movie,8.2,100,2003,"Animation, Family, Comedy, Adventure",1220393,"2003-05-30","Andrew Stanton,Lee Unkrich"
tt2024544,9,2015-01-25,"12 Years a Slave","12 Years a Slave",https://www.imdb.com/title/tt2024544,Movie,8.1,134,2013,"Drama, History, Biography",792297,"2013-11-08","Steve McQueen"
tt0848228,8,2015-01-25,"The Avengers","The Avengers",https://www.imdb.com/title/tt0848228,Movie,8.0,143,2012,"Action, Sci-Fi",1574254,"2012-05-04","Joss Whedon"
tt2015381,8,2015-01-25,"Guardians of the Galaxy","Guardians of the Galaxy",https://www.imdb.com/title/tt2015381,Movie,8.0,121,2014,"Sci-Fi, Action, Adventure, Comedy",1376977,"2014-08-01","James Gunn"
tt2084970,9,2015-01-25,"The Imitation Game","The Imitation Game",https://www.imdb.com/title/tt2084970,Movie,8.0,114,2014,"Drama, Biography, Thriller, War",882971,"2014-12-25","Morten Tyldum"
tt0031679,6,2015-01-25,"Mr. Smith Goes to Washington","Mr. Smith Goes to Washington",https://www.imdb.com/title/tt0031679,Movie,8.1,129,1939,"Comedy, Drama",130181,"1939-10-19","Frank Capra"
tt0114709,8,2015-01-25,"Toy Story","Toy Story",https://www.imdb.com/title/tt0114709,Movie,8.3,81,1995,"Animation, Adventure, Comedy, Family, Fantasy",1192878,"1995-11-22","John Lasseter"
tt1049413,9,2015-01-25,"Up","Up",https://www.imdb.com/title/tt1049413,Movie,8.3,96,2009,"Animation, Family, Adventure, Comedy, Drama",1250265,"2009-05-29","Pete Docter,Bob Peterson"
tt0119217,10,2015-01-25,"Good Will Hunting","Good Will Hunting",https://www.imdb.com/title/tt0119217,Movie,8.4,126,1997,"Romance, Drama",1234656,"1998-01-09","Gus Van Sant"
tt0372784,8,2015-01-25,"Batman Begins","Batman Begins",https://www.imdb.com/title/tt0372784,Movie,8.2,140,2005,"Crime",1735787,"2005-06-15","Christopher Nolan"
tt2562232,7,2015-01-25,"Birdman or (The Unexpected Virtue of Ignorance)","Birdman or (The Unexpected Virtue of Ignorance)",https://www.imdb.com/title/tt2562232,Movie,7.7,119,2014,"Comedy, Drama",701813,"2014-11-14","Alejandro G. Iñárritu"
tt0045152,7,2015-01-25,"Singin' in the Rain","Singin' in the Rain",https://www.imdb.com/title/tt0045152,Movie,8.3,103,1952,"Musical, Comedy, Romance",284882,"1952-04-10","Stanley Donen,Gene Kelly"
tt0056592,8,2015-01-25,"To Kill a Mockingbird","To Kill a Mockingbird",https://www.imdb.com/title/tt0056592,Movie,8.2,129,1962,"Crime, Drama",352419,"1963-03-16","Robert Mulligan"
tt0435761,9,2015-01-25,"Toy Story 3","Toy Story 3",https://www.imdb.com/title/tt0435761,Movie,8.3,103,2010,"Animation, Adventure, Comedy, Family, Fantasy",985733,"2010-06-18","Lee Unkrich"
tt0086190,7,2015-01-25,"Star Wars: Episode VI - Return of the Jedi","Star Wars: Episode VI - Return of the Jedi",https://www.imdb.com/title/tt0086190,Movie,8.3,131,1983,"Action, Sci-Fi, Adventure, Fantasy",1219753,"1983-05-25","Richard Marquand"
tt0043014,6,2015-01-25,"Sunset Boulevard","Sunset Blvd.",https://www.imdb.com/title/tt0043014,Movie,8.4,110,1950,"Drama, Film-Noir",263033,"1950-08-04","Billy Wilder"
tt0910970,8,2015-01-25,"WALL·E","WALL·E",https://www.imdb.com/title/tt0910970,Movie,8.4,98,2008,"Animation, Sci-Fi, Adventure, Family",1335712,"2008-06-27","Andrew Stanton"
tt0209144,9,2015-01-25,"Memento","Memento",https://www.imdb.com/title/tt0209144,Movie,8.4,113,2000,"Thriller, Mystery",1452429,"2001-05-25","Christopher Nolan"
tt0110357,10,2015-01-25,"The Lion King","The Lion King",https://www.imdb.com/title/tt0110357,Movie,8.5,88,1994,"Animation, Musical, Drama, Adventure, Family",1272124,"1994-06-24","Roger Allers,Rob Minkoff"
tt0482571,8,2015-01-25,"The Prestige","The Prestige",https://www.imdb.com/title/tt0482571,Movie,8.5,130,2006,"Drama, Thriller, Mystery, Sci-Fi",1614918,"2006-10-20","Christopher Nolan"
tt1853728,7,2015-01-25,"Django Unchained","Django Unchained",https://www.imdb.com/title/tt1853728,Movie,8.5,165,2012,"Western, Drama",1904730,"2012-12-25","Quentin Tarantino"
tt1345836,8,2015-01-25,"The Dark Knight Rises","The Dark Knight Rises",https://www.imdb.com/title/tt1345836,Movie,8.4,164,2012,"Thriller, Crime",2018409,"2012-07-20","Christopher Nolan"
tt0034583,7,2015-01-25,"Casablanca","Casablanca",https://www.imdb.com/title/tt0034583,Movie,8.5,102,1942,"Romance, War, Drama",659035,"1943-01-23","Michael Curtiz"
tt0054215,8,2015-01-25,"Psycho","Psycho",https://www.imdb.com/title/tt0054215,Movie,8.5,109,1960,"Mystery, Thriller, Horror, Drama",791525,"1960-09-08","Alfred Hitchcock"
tt0102926,8,2015-01-25,"The Silence of the Lambs","The Silence of the Lambs",https://www.imdb.com/title/tt0102926,Movie,8.6,118,1991,"Crime, Drama, Horror, Thriller",1740874,"1991-02-14","Jonathan Demme"
tt0076759,8,2015-01-25,"Star Wars: Episode IV - A New Hope","Star Wars",https://www.imdb.com/title/tt0076759,Movie,8.6,121,1977,"Action, Sci-Fi, Adventure, Fantasy",1582968,"1977-05-25","George Lucas"
tt2582802,10,2015-01-25,"Whiplash","Whiplash",https://www.imdb.com/title/tt2582802,Movie,8.5,106,2014,"Drama, Music",1173804,"2014-10-15","Damien Chazelle"
tt0167261,9,2015-01-25,"The Lord of the Rings: The Two Towers","The Lord of the Rings: The Two Towers",https://www.imdb.com/title/tt0167261,Movie,8.8,179,2002,"Drama, Adventure, Fantasy",1975448,"2002-12-18","Peter Jackson"
tt1375666,10,2015-01-25,"Inception","Inception",https://www.imdb.com/title/tt1375666,Movie,8.8,148,2010,"Sci-Fi, Thriller, Adventure",2853669,"2010-07-16","Christopher Nolan"
tt0120737,9,2015-01-25,"The Lord of the Rings: The Fellowship of the Ring","The Lord of the Rings: The Fellowship of the Ring",https://www.imdb.com/title/tt0120737,Movie,8.9,178,2001,"Drama, Adventure, Fantasy",2227341,"2001-12-19","Peter Jackson"
tt0167260,10,2015-01-25,"The Lord of the Rings: The Return of the King","The Lord of the Rings: The Return of the King",https://www.imdb.com/title/tt0167260,Movie,9.0,201,2003,"Drama, Adventure, Fantasy",2184122,"2003-12-17","Peter Jackson"
tt0110912,7,2015-01-25,"Pulp Fiction","Pulp Fiction",https://www.imdb.com/title/tt0110912,Movie,8.8,154,1994,"Crime, Drama",2457690,"1994-10-14","Quentin Tarantino"
tt1436562,7,2012-09-15,"Rio","Rio",https://www.imdb.com/title/tt1436562,Movie,6.9,96,2011,"Animation, Adventure, Comedy, Family, Music, Romance",276514,"2011-04-15","Carlos Saldanha"
tt0120623,9,2012-09-15,"A Bug's Life","A Bug's Life",https://www.imdb.com/title/tt0120623,Movie,7.2,95,1998,"Animation, Adventure, Comedy, Family",340133,"1998-11-25","John Lasseter,Andrew Stanton"
tt0033467,4,2011-12-22,"Citizen Kane","Citizen Kane",https://www.imdb.com/title/tt0033467,Movie,8.2,119,1941,"Drama, Mystery",495451,"1941-09-05","Orson Welles"
tt0111161,10,2011-12-22,"The Shawshank Redemption","The Shawshank Redemption",https://www.imdb.com/title/tt0111161,Movie,9.3,142,1994,"Drama",3223095,"1994-10-14","Frank Darabont"
