city,state,metro,county,zhvi,zhvi_yoy_pct,zori,zori_yoy_pct,annual_rent,rent_to_price_pct,price_to_rent,gross_yield_pct,est_cap_rate_pct,tier,pop_2024,pop_growth_pct,county_pop_2024,county_pop_growth_pct,net_mig_rate_per1k,vacancy_rate_pct,rental_vacancy_pct,renter_pct,zhvi_date,zori_date
Cahokia Heights,IL,"St. Louis, MO-IL",Saint Clair County,49433.9224297328,-3.95,1312.2222222222224,NA,15746.666666666668,2.654,3.1,31.85,20.71,Strong Buy,NA,NA,NA,NA,NA,NA,NA,NA,2026-07-31,2026-07-31
Sag Harbor,NY,"New York-Newark-Jersey City, NY-NJ-PA",Suffolk County,2280815.834601706,4.85,53555.5,18.52,642666,2.348,3.5,28.18,18.32,Strong Buy,2816,2.33,1535909,0.9,2.22,11.64,3.67,18.09,2026-07-31,2026-07-31
Water Mill,NY,"New York-Newark-Jersey City, NY-NJ-PA",Suffolk County,4812700.201358714,6.58,87277.77777777777,NA,1047333.3333333333,1.813,4.6,21.76,14.15,Strong Buy,NA,NA,1535909,0.9,2.22,11.64,3.67,18.09,2026-07-31,2026-07-31
East Hampton,NY,"New York-Newark-Jersey City, NY-NJ-PA",Suffolk County,2052300.018760151,0.88,36750.69551282051,12.29,441008.3461538461,1.791,4.7,21.49,13.97,Strong Buy,1556,3.73,1535909,0.9,2.22,11.64,3.67,18.09,2026-07-31,2026-07-31
Southampton,NY,"New York-Newark-Jersey City, NY-NJ-PA",Suffolk County,2257836.9376698583,6.27,40014.531746031746,26.87,480174.38095238095,1.772,4.7,21.27,13.82,Strong Buy,4693,3.28,1535909,0.9,2.22,11.64,3.67,18.09,2026-07-31,2026-07-31
Detroit,MI,"Detroit-Warren-Dearborn, MI",Wayne County,76083.62687728247,-5.61,1347.3940822806896,3.46,16168.728987368275,1.771,4.7,21.25,13.81,Strong Buy,645705,1.15,1771063,-1.04,3.75,12.9,4.58,35.52,2026-07-31,2026-07-31
Bridgehampton,NY,"New York-Newark-Jersey City, NY-NJ-PA",Suffolk County,4729896.042923263,5.68,82500,NA,990000,1.744,4.8,20.93,13.6,Strong Buy,NA,NA,NA,NA,NA,NA,NA,NA,2026-07-31,2026-07-31
Jennings,MO,"St. Louis, MO-IL",Saint Louis County,69976.8345575818,1.08,1160.8333333333333,1.59,13930,1.659,5,19.91,12.94,Strong Buy,13024,0.95,NA,NA,NA,NA,NA,NA,2026-07-31,2026-07-31
Homestead,PA,"Pittsburgh, PA",Allegheny County,77974.9336186468,-5.28,1290.5555555555557,NA,15486.666666666668,1.655,5,19.86,12.91,Strong Buy,2852,-1.01,1231814,-1.43,2.72,9.6,6.37,35.07,2026-07-31,2026-07-31
Glasgow Village,MO,"St. Louis, MO-IL",Saint Louis County,84421.1950186296,1.21,1354.824074074074,-0.11,16257.888888888887,1.605,5.2,19.26,12.52,Strong Buy,NA,NA,NA,NA,NA,NA,NA,NA,2026-07-31,2026-07-31
Harvey,IL,"Chicago-Naperville-Elgin, IL-IN-WI",Cook County,107086.301853664,0.93,1692.5,NA,20310,1.581,5.3,18.97,12.33,Strong Buy,NA,NA,NA,NA,NA,NA,NA,NA,2026-07-31,2026-07-31
Century Village,FL,"Miami-Fort Lauderdale-Pompano Beach, FL",Palm Beach County,90068.67685851875,-13.76,1410.7666666666669,2.2,16929.200000000004,1.566,5.3,18.8,12.22,Strong Buy,NA,NA,1582055,5.87,15.98,16.36,6.94,30.14,2026-07-31,2026-07-31
Gary,IN,"Chicago-Naperville-Elgin, IL-IN-WI",Lake County,88085.16745791114,-2.46,1374.238017429194,6.35,16490.85620915033,1.56,5.3,18.72,12.17,Strong Buy,67555,-2.1,502955,0.8,4.19,10.57,4.92,29.14,2026-07-31,2026-07-31
Youngstown,OH,"Youngstown-Warren-Boardman, OH-PA",Mahoning County,71210.35297510982,7.88,1067.1296296296296,8.65,12805.555555555555,1.499,5.6,17.98,11.69,Strong Buy,59123,-1.28,225786,-0.98,2.29,9.15,4.52,29.72,2026-07-31,2026-07-31
Jackson,MS,"Jackson, MS",Hinds County,84299.10514449485,1.27,1250.6334008780816,3.64,15007.60081053698,1.484,5.6,17.8,11.57,Strong Buy,141449,-7.55,211975,-6.53,-12.73,15.54,7.94,42.12,2026-07-31,2026-07-31
Lauderdale Lakes,FL,"Miami-Fort Lauderdale-Pompano Beach, FL",Broward County,138347.8689616633,-9.53,2042.5589225589224,3.74,24510.707070707067,1.476,5.6,17.72,11.52,Strong Buy,37333,3.55,2037472,4.84,14.84,13.18,6.08,36.74,2026-07-31,2026-07-31
Northwoods,MO,"St. Louis, MO-IL",Saint Louis County,84918.28288057992,1.73,1249,NA,14988,1.471,5.7,17.65,11.47,Strong Buy,NA,NA,NA,NA,NA,NA,NA,NA,2026-07-31,2026-07-31
Dolton,IL,"Chicago-Naperville-Elgin, IL-IN-WI",Cook County,158114.44985128538,3.51,2287.0833333333335,4.07,27445,1.446,5.8,17.36,11.28,Strong Buy,20697,-2.99,5182617,-1.6,5.9,8.18,4.67,42.49,2026-07-31,2026-07-31
Flint,MI,"Flint, MI",Genesee County,67029.95657499392,0.24,957.4382284382284,6.48,11489.258741258742,1.428,5.8,17.14,11.14,Strong Buy,79735,-1.69,402279,-0.87,3.33,9.45,3.6,29.16,2026-07-31,2026-07-31
Pitcairn,PA,"Pittsburgh, PA",Allegheny County,92656.13710679988,-4.6,1300,NA,15600,1.403,5.9,16.84,10.94,Strong Buy,NA,NA,NA,NA,NA,NA,NA,NA,2026-07-31,2026-07-31
Bellefontaine Neighbors,MO,"St. Louis, MO-IL",Saint Louis County,102307.29147096346,-3.94,1419.388888888889,2.04,17032.666666666668,1.387,6,16.65,10.82,Strong Buy,10401,-2.76,NA,NA,NA,NA,NA,NA,2026-07-31,2026-07-31
Berkeley,MO,"St. Louis, MO-IL",Saint Louis County,96380.73838270882,5.03,1318.0555555555557,12.32,15816.666666666668,1.368,6.1,16.41,10.67,Strong Buy,8058,-1.99,NA,NA,NA,NA,NA,NA,2026-07-31,2026-07-31
Tarrant,AL,"Birmingham-Hoover, AL",Jefferson County,76362.52516843851,3.43,1026.5555555555557,NA,12318.666666666668,1.344,6.2,16.13,10.49,Strong Buy,NA,NA,NA,NA,NA,NA,NA,NA,2026-07-31,2026-07-31
McComb,MS,"McComb, MS",Pike County,92923.02863840078,-0.91,1216,NA,14592,1.309,6.4,15.7,10.21,Strong Buy,NA,NA,NA,NA,NA,NA,NA,NA,2026-07-31,2026-07-31
Sharon,PA,"Youngstown-Warren-Boardman, OH-PA",Mercer County,73610.52668793757,-4.78,961.25,NA,11535,1.306,6.4,15.67,10.19,Strong Buy,NA,NA,NA,NA,NA,NA,NA,NA,2026-07-31,2026-07-31
Midfield,AL,"Birmingham-Hoover, AL",Jefferson County,81957.50388532008,1.85,1049.8333333333333,NA,12598,1.281,6.5,15.37,9.99,Strong Buy,4930,-4.92,664744,-1.48,0.68,13.13,7.2,36.28,2026-07-31,2026-07-31
Dellwood,MO,"St. Louis, MO-IL",Saint Louis County,112894.61673354112,3.09,1420,NA,17040,1.258,6.6,15.09,9.81,Strong Buy,NA,NA,NA,NA,NA,NA,NA,NA,2026-07-31,2026-07-31
Pine Bluff,AR,"Pine Bluff, AR",Jefferson County,73266.83852557334,-1.47,919.2777777777778,NA,11031.333333333334,1.255,6.6,15.06,9.79,Strong Buy,NA,NA,NA,NA,NA,NA,NA,NA,2026-07-31,2026-07-31
Cleveland,OH,"Cleveland-Elyria, OH",Cuyahoga County,116759.19531294324,-2,1424.4026536624897,4.27,17092.831843949876,1.22,6.8,14.64,9.52,Strong Buy,365379,-1.74,1240594,-1.75,1.72,9.97,5.22,40.95,2026-07-31,2026-07-31
Camden,NJ,"Philadelphia-Camden-Wilmington, PA-NJ-DE-MD",Camden County,146599.23031474257,-6.17,1785.6777777777777,1.04,21428.13333333333,1.218,6.8,14.62,9.5,Strong Buy,71749,0.01,533988,2.07,5.74,5.92,4.3,34.97,2026-07-31,2026-07-31
Northridge,OH,"Dayton-Kettering, OH",Montgomery County,99642.71707553609,-0.87,1195,NA,14340,1.199,6.9,14.39,9.35,Strong Buy,NA,NA,NA,NA,NA,NA,NA,NA,2026-07-31,2026-07-31
Fairfield,AL,"Birmingham-Hoover, AL",Jefferson County,95020.06814578762,-4,1129.6666666666667,NA,13556,1.189,7,14.27,9.27,Strong Buy,NA,NA,NA,NA,NA,NA,NA,NA,2026-07-31,2026-07-31
Ferguson,MO,"St. Louis, MO-IL",Saint Louis County,117580.08120008413,-1.36,1382.148148148148,6.14,16585.777777777777,1.175,7.1,14.11,9.17,Strong Buy,18043,-2.38,NA,NA,NA,NA,NA,NA,2026-07-31,2026-07-31
Ojus,FL,"Miami-Fort Lauderdale-Pompano Beach, FL",Miami-Dade County,215366.43918196388,-7.67,2519.604273504274,0.99,30235.251282051286,1.17,7.1,14.04,9.13,Strong Buy,NA,NA,2838461,5.29,19.88,11.11,5.36,47.81,2026-07-31,2026-07-31
Sauk Village,IL,"Chicago-Naperville-Elgin, IL-IN-WI",Cook County,163654.50084696096,4.64,1915,NA,22980,1.17,7.1,14.04,9.13,Strong Buy,NA,NA,NA,NA,NA,NA,NA,NA,2026-07-31,2026-07-31
East Cleveland,OH,"Cleveland-Elyria, OH",Cuyahoga County,68905.4509515945,-8.42,792.1888888888889,4.45,9506.266666666666,1.15,7.2,13.8,8.97,Strong Buy,13402,-2.55,1240594,-1.75,1.72,9.97,5.22,40.95,2026-07-31,2026-07-31
Inkster,MI,"Detroit-Warren-Dearborn, MI",Wayne County,110373.64598463778,5.04,1268.3809523809523,0.87,15220.571428571428,1.149,7.3,13.79,8.96,Strong Buy,25108,-3.36,1771063,-1.04,3.75,12.9,4.58,35.52,2026-07-31,2026-07-31
Maple Heights,OH,"Cleveland-Elyria, OH",Cuyahoga County,135790.15039957294,3.5,1557.1296296296296,9.12,18685.555555555555,1.147,7.3,13.76,8.94,Strong Buy,23081,-2.34,1240594,-1.75,1.72,9.97,5.22,40.95,2026-07-31,2026-07-31
Meridian,MS,"Meridian, MS",Lauderdale County,113248.2709930068,1.09,1278.5833333333333,NA,15343,1.129,7.4,13.55,8.81,Strong Buy,33549,-3.79,70588,-2.87,-4.45,14.91,7.9,36.77,2026-07-31,2026-07-31
Turtle Creek,PA,"Pittsburgh, PA",Allegheny County,98565.74680978146,-9.02,1112.25,NA,13347,1.128,7.4,13.54,8.8,Strong Buy,NA,NA,NA,NA,NA,NA,NA,NA,2026-07-31,2026-07-31
Park Forest,IL,"Chicago-Naperville-Elgin, IL-IN-WI",Cook County,160865.06092969596,4.76,1805.8333333333333,NA,21670,1.123,7.4,13.47,8.76,Strong Buy,21016,-2.78,5182617,-1.6,5.9,8.18,4.67,42.49,2026-07-31,2026-07-31
South Palm Beach,FL,"Miami-Fort Lauderdale-Pompano Beach, FL",Palm Beach County,387802.1322350164,-2.11,4322.222222222223,NA,51866.66666666667,1.115,7.5,13.37,8.69,Strong Buy,NA,NA,NA,NA,NA,NA,NA,NA,2026-07-31,2026-07-31
Normandy,MO,"St. Louis, MO-IL",Saint Louis County,93605.25890610708,0.69,1035,NA,12420,1.106,7.5,13.27,8.62,Strong Buy,NA,NA,NA,NA,NA,NA,NA,NA,2026-07-31,2026-07-31
Glassport,PA,"Pittsburgh, PA",Allegheny County,93312.58130693948,-6.12,1026.75,NA,12321,1.1,7.6,13.2,8.58,Strong Buy,NA,NA,NA,NA,NA,NA,NA,NA,2026-07-31,2026-07-31
McKeesport,PA,"Pittsburgh, PA",Allegheny County,96106.32916477784,-4.29,1043.9583333333333,4.65,12527.5,1.086,7.7,13.04,8.47,Strong Buy,17119,-3.32,1231814,-1.43,2.72,9.6,6.37,35.07,2026-07-31,2026-07-31
Bessemer,AL,"Birmingham-Hoover, AL",Jefferson County,133397.84856119865,2.25,1429,3.24,17148,1.071,7.8,12.85,8.36,Strong Buy,25079,-3.61,664744,-1.48,0.68,13.13,7.2,36.28,2026-07-31,2026-07-31
Longboat Key,FL,"North Port-Sarasota-Bradenton, FL",Sarasota County,956328.6661603082,-5.77,10250,NA,123000,1.072,7.8,12.86,8.36,Strong Buy,NA,NA,NA,NA,NA,NA,NA,NA,2026-07-31,2026-07-31
Woodward,OK,"Woodward, OK",Woodward County,131348.31653860232,3.35,1391.6666666666667,NA,16700,1.06,7.9,12.71,8.26,Strong Buy,NA,NA,NA,NA,NA,NA,NA,NA,2026-07-31,2026-07-31
Lansford,PA,"Allentown-Bethlehem-Easton, PA-NJ",Carbon County,97093.69262223564,8.3,1025,NA,12300,1.056,7.9,12.67,8.23,Strong Buy,NA,NA,NA,NA,NA,NA,NA,NA,2026-07-31,2026-07-31
Lake Station,IN,"Chicago-Naperville-Elgin, IL-IN-WI",Lake County,160498.9243218312,-0.21,1670,NA,20040,1.041,8,12.49,8.12,Strong Buy,NA,NA,NA,NA,NA,NA,NA,NA,2026-07-31,2026-07-31
Garfield Heights,OH,"Cleveland-Elyria, OH",Cuyahoga County,138741.92757066558,2.52,1424.976851851852,7.38,17099.722222222223,1.027,8.1,12.32,8.01,Strong Buy,29014,-2.41,1240594,-1.75,1.72,9.97,5.22,40.95,2026-07-31,2026-07-31
Danville,IL,"Danville, IL",Vermilion County,84422.27570054326,0.28,865.9027777777777,3.98,10390.833333333332,1.026,8.1,12.31,8,Strong Buy,27981,-3.93,71106,-3.92,-1.21,12.23,9.41,30.76,2026-07-31,2026-07-31
Riverdale,IL,"Chicago-Naperville-Elgin, IL-IN-WI",Cook County,119436.87446401909,5.17,1222.857142857143,NA,14674.285714285714,1.024,8.1,12.29,7.99,Strong Buy,NA,NA,NA,NA,NA,NA,NA,NA,2026-07-31,2026-07-31
Kingsville,TX,"Kingsville, TX",Kleberg County,144539.58627666792,0.86,1474.1666666666667,10.63,17690,1.02,8.2,12.24,7.96,Strong Buy,24884,-1.73,30442,-1.76,-1.18,15.66,6.03,46.07,2026-07-31,2026-07-31
Gaston,SC,"Columbia, SC",Lexington County,159317.04182582092,-1.54,1625,NA,19500,1.02,8.2,12.24,7.96,Strong Buy,NA,NA,NA,NA,NA,NA,NA,NA,2026-07-31,2026-07-31
Port Arthur,TX,"Beaumont-Port Arthur, TX",Jefferson County,125020.85546608298,2.37,1269.695238095238,10.7,15236.342857142856,1.016,8.2,12.19,7.92,Strong Buy,55799,-0.38,253948,-0.87,-0.33,14.36,5.93,38.16,2026-07-31,2026-07-31
Monroe,LA,"Monroe, LA",Ouachita Parish,155007.39857238156,1.47,1570.4444444444446,NA,18845.333333333336,1.013,8.2,12.16,7.9,Strong Buy,46622,-2.1,157874,-1.4,0.32,13.96,9.76,40.5,2026-07-31,2026-07-31
Hampton Bays,NY,"New York-Newark-Jersey City, NY-NJ-PA",Suffolk County,963245.9882050224,5.82,9761.088888888888,31.18,117133.06666666665,1.013,8.2,12.16,7.9,Strong Buy,NA,NA,1535909,0.9,2.22,11.64,3.67,18.09,2026-07-31,2026-07-31
Dayton,KY,"Cincinnati, OH-KY-IN",Campbell County,201749.4067421184,-0.5,2037.45,2.15,24449.4,1.01,8.3,12.12,7.88,Strong Buy,5854,3.39,94008,0.94,0.59,6.11,5.78,28.97,2026-07-31,2026-07-31
Calumet City,IL,"Chicago-Naperville-Elgin, IL-IN-WI",Cook County,156808.17360007277,-2.7,1577.0833333333333,3.86,18925,1.006,8.3,12.07,7.84,Strong Buy,34855,-2.92,5182617,-1.6,5.9,8.18,4.67,42.49,2026-07-31,2026-07-31
Warrensville Heights,OH,"Cleveland-Elyria, OH",Cuyahoga County,135262.78556917628,2.84,1360,NA,16320,1.005,8.3,12.07,7.84,Strong Buy,NA,NA,NA,NA,NA,NA,NA,NA,2026-07-31,2026-07-31
Wrightsville,PA,"York-Hanover, PA",York County,281534.6081142064,3.01,2800,NA,33600,0.995,8.4,11.93,7.76,Strong Buy,NA,NA,NA,NA,NA,NA,NA,NA,2026-07-31,2026-07-31
Birmingham,AL,"Birmingham-Hoover, AL",Jefferson County,137167.50070883668,-2.31,1359.886099690331,0.52,16318.633196283972,0.991,8.4,11.9,7.73,Strong Buy,196357,-1.95,664744,-1.48,0.68,13.13,7.2,36.28,2026-07-31,2026-07-31
Richton Park,IL,"Chicago-Naperville-Elgin, IL-IN-WI",Cook County,227887.89920375636,7.46,2241.3333333333335,NA,26896,0.984,8.5,11.8,7.67,Strong Buy,NA,NA,NA,NA,NA,NA,NA,NA,2026-07-31,2026-07-31
Peoria Heights,IL,"Peoria, IL",Peoria County,124023.99830574112,6.52,1206.25,NA,14475,0.973,8.6,11.67,7.59,Strong Buy,NA,NA,NA,NA,NA,NA,NA,NA,2026-07-31,2026-07-31
Breckenridge Hills,MO,"St. Louis, MO-IL",Saint Louis County,125963.5618342907,7.34,1225,NA,14700,0.973,8.6,11.67,7.59,Strong Buy,NA,NA,NA,NA,NA,NA,NA,NA,2026-07-31,2026-07-31
Penns Grove,NJ,"Philadelphia-Camden-Wilmington, PA-NJ-DE-MD",Salem County,202057.3357831611,-0.44,1950,NA,23400,0.965,8.6,11.58,7.53,Strong Buy,NA,NA,NA,NA,NA,NA,NA,NA,2026-07-31,2026-07-31
Baltimore,MD,"Baltimore-Columbia-Towson, MD",Baltimore City,189754.1954830985,-2.92,1805.9784177323647,3.32,21671.741012788378,0.952,8.8,11.42,7.42,Strong Buy,568271,-2.56,NA,NA,NA,NA,NA,NA,2026-07-31,2026-07-31
Woodson Terrace,MO,"St. Louis, MO-IL",Saint Louis County,140004.40310189498,-2.2,1325,NA,15900,0.946,8.8,11.36,7.38,Strong Buy,NA,NA,NA,NA,NA,NA,NA,NA,2026-07-31,2026-07-31
Westlake,LA,"Lake Charles, LA",Calcasieu Parish,183211.63554017933,3.02,1727.6666666666667,NA,20732,0.943,8.8,11.32,7.36,Strong Buy,4735,-4.42,206861,-4.45,9.82,18.49,13.5,27.76,2026-07-31,2026-07-31
Trotwood,OH,"Dayton-Kettering, OH",Montgomery County,139653.3963048776,8.08,1315.8214285714284,NA,15789.857142857141,0.942,8.8,11.31,7.35,Strong Buy,23073,-0.03,537443,0.06,5.01,8.84,4.22,37.67,2026-07-31,2026-07-31
Hazel Park,MI,"Detroit-Warren-Dearborn, MI",Oakland County,160693.82576850036,-4.37,1510.4642857142856,1.23,18125.571428571428,0.94,8.9,11.28,7.33,Strong Buy,15064,0.78,1296888,1.91,10.58,5.25,6.51,27.73,2026-07-31,2026-07-31
South Euclid,OH,"Cleveland-Elyria, OH",Cuyahoga County,184259.10053362665,-0.4,1719.0555555555557,7.7,20628.666666666668,0.933,8.9,11.2,7.28,Strong Buy,21363,-2.21,1240594,-1.75,1.72,9.97,5.22,40.95,2026-07-31,2026-07-31
Alton,IL,"St. Louis, MO-IL",Madison County,105038.92511094936,5.64,976.8888888888888,2.48,11722.666666666666,0.93,9,11.16,7.25,Strong Buy,24967,-2.61,263017,-1.03,1.59,8.04,3.83,26.39,2026-07-31,2026-07-31
Decatur,IL,"Decatur, IL",Macon County,107169.11599283468,6.09,995.425925925926,1.36,11945.111111111111,0.929,9,11.15,7.24,Strong Buy,68763,-3.12,100737,-2.92,1.03,12.81,13.01,30.15,2026-07-31,2026-07-31
Johnstown,PA,"Johnstown, PA",Cambria County,92810.97188469094,1.93,860.5013227513227,4.16,10326.015873015873,0.927,9,11.13,7.23,Strong Buy,17853,-2.8,130108,-2.32,1.2,13.65,4.75,24.19,2026-07-31,2026-07-31
Pontiac,MI,"Detroit-Warren-Dearborn, MI",Oakland County,140484.1391937761,1.89,1297.3463203463205,-0.26,15568.155844155845,0.923,9,11.08,7.2,Strong Buy,62528,1.11,1296888,1.91,10.58,5.25,6.51,27.73,2026-07-31,2026-07-31
Enid,OK,"Enid, OK",Garfield County,137309.44628115755,3.38,1268.0043290043288,2.68,15216.051948051947,0.923,9,11.08,7.2,Strong Buy,50519,-1.25,62007,-1.11,-2.24,13.94,8.95,35.42,2026-07-31,2026-07-31
Clarksburg,WV,"Clarksburg, WV",Harrison County,116187.64053909508,-0.54,1065,NA,12780,0.917,9.1,11,7.15,Strong Buy,15262,-4.09,64472,-2.08,4.08,14.79,16.18,26.36,2026-07-31,2026-07-31
Pine Hill,NJ,"Philadelphia-Camden-Wilmington, PA-NJ-DE-MD",Camden County,288889.70891876286,3.8,2650,NA,31800,0.917,9.1,11.01,7.15,Strong Buy,NA,NA,NA,NA,NA,NA,NA,NA,2026-07-31,2026-07-31
Harper Woods,MI,"Detroit-Warren-Dearborn, MI",Wayne County,157298.6369368548,1.08,1436.6666666666667,7.78,17240,0.913,9.1,10.96,7.12,Strong Buy,14936,-3.23,1771063,-1.04,3.75,12.9,4.58,35.52,2026-07-31,2026-07-31
Munhall,PA,"Pittsburgh, PA",Allegheny County,152377.90160207308,1.63,1387.5,6.95,16650,0.911,9.2,10.93,7.1,Strong Buy,10371,-3.65,1231814,-1.43,2.72,9.6,6.37,35.07,2026-07-31,2026-07-31
Abilene,TX,"Abilene, TX",Taylor County,222710.0370412621,8.4,2016.6319053575153,37.91,24199.582864290183,0.905,9.2,10.87,7.06,Strong Buy,130501,4.21,148813,3.71,6.63,11.68,3.05,40.24,2026-07-31,2026-07-31
Taylor,PA,"Scranton--Wilkes-Barre, PA",Lackawanna County,209946.2392976737,-2.93,1900,NA,22800,0.905,9.2,10.86,7.06,Strong Buy,NA,NA,NA,NA,NA,NA,NA,NA,2026-07-31,2026-07-31
Peoria,IL,"Peoria, IL",Peoria County,136960.15325266364,5.89,1238.73401675485,4.67,14864.8082010582,0.904,9.2,10.85,7.05,Strong Buy,111696,-1.1,179630,-1.04,4.71,9.32,7.26,33.01,2026-07-31,2026-07-31
Sharpsburg,PA,"Pittsburgh, PA",Allegheny County,134051.84303499028,-8.84,1209.5833333333333,NA,14515,0.902,9.2,10.83,7.04,Strong Buy,NA,NA,NA,NA,NA,NA,NA,NA,2026-07-31,2026-07-31
Eastpointe,MI,"Detroit-Warren-Dearborn, MI",Macomb County,157493.9257476584,2.43,1415.1444444444444,2.55,16981.733333333334,0.899,9.3,10.78,7.01,Strong Buy,33943,-0.92,886175,0.67,8.17,4.12,3.23,25.04,2026-07-31,2026-07-31
Altus,OK,"Altus, OK",Jackson County,111492.39158523364,-0.12,1002.0833333333334,NA,12025,0.899,9.3,10.79,7.01,Strong Buy,NA,NA,NA,NA,NA,NA,NA,NA,2026-07-31,2026-07-31
Dayton,OH,"Dayton-Kettering, OH",Montgomery County,138730.26828751693,1.15,1245.249383161099,3.5,14942.99259793319,0.898,9.3,10.77,7,Strong Buy,136346,-0.88,537443,0.06,5.01,8.84,4.22,37.67,2026-07-31,2026-07-31
Deerfield Beach,FL,"Miami-Fort Lauderdale-Pompano Beach, FL",Broward County,274856.65154453885,-3.99,2460.021212121212,2.06,29520.254545454547,0.895,9.3,10.74,6.98,Strong Buy,90507,4.3,2037472,4.84,14.84,13.18,6.08,36.74,2026-07-31,2026-07-31
Spanish Lake,MO,"St. Louis, MO-IL",Saint Louis County,150064.08639508943,3.42,1338.888888888889,3.38,16066.666666666668,0.892,9.3,10.71,6.96,Strong Buy,NA,NA,NA,NA,NA,NA,NA,NA,2026-07-31,2026-07-31
Lyndhurst,OH,"Cleveland-Elyria, OH",Cuyahoga County,238826.85427040196,1.86,2126.9444444444443,NA,25523.333333333332,0.891,9.4,10.69,6.95,Strong Buy,NA,NA,NA,NA,NA,NA,NA,NA,2026-07-31,2026-07-31
Redford,MI,"Detroit-Warren-Dearborn, MI",Wayne County,178125.40219774647,1.62,1582.65873015873,2.83,18991.90476190476,0.889,9.4,10.66,6.93,Strong Buy,NA,NA,1771063,-1.04,3.75,12.9,4.58,35.52,2026-07-31,2026-07-31
Lincoln Park,MI,"Detroit-Warren-Dearborn, MI",Wayne County,155020.65298522144,1.94,1376.25,3.81,16515,0.888,9.4,10.65,6.92,Strong Buy,38774,-3.32,1771063,-1.04,3.75,12.9,4.58,35.52,2026-07-31,2026-07-31
Montgomery,AL,"Montgomery, AL",Montgomery County,152081.85206320602,2.21,1346.796425796426,2.36,16161.557109557114,0.886,9.4,10.63,6.91,Strong Buy,195818,-2.11,225894,-1.08,-2.72,14.19,7.21,42.3,2026-07-31,2026-07-31
Lauderhill,FL,"Miami-Fort Lauderdale-Pompano Beach, FL",Broward County,213432.91934762252,-6.35,1889.3148065752073,-4.33,22671.777678902487,0.885,9.4,10.62,6.9,Strong Buy,76627,3.08,2037472,4.84,14.84,13.18,6.08,36.74,2026-07-31,2026-07-31
Hazelwood,MO,"St. Louis, MO-IL",Saint Louis County,162936.30022765673,2.15,1437.611111111111,0.24,17251.333333333332,0.882,9.4,10.59,6.88,Strong Buy,24951,-1.82,NA,NA,NA,NA,NA,NA,2026-07-31,2026-07-31
Adamsville,AL,"Birmingham-Hoover, AL",Jefferson County,139529.64175164208,4.42,1228.3333333333333,NA,14740,0.88,9.5,10.56,6.87,Strong Buy,NA,NA,NA,NA,NA,NA,NA,NA,2026-07-31,2026-07-31
West Tawakoni,TX,"Dallas-Fort Worth-Arlington, TX",Hunt County,184905.3330694626,-1.23,1625,NA,19500,0.879,9.5,10.55,6.85,Strong Buy,NA,NA,NA,NA,NA,NA,NA,NA,2026-07-31,2026-07-31
Livingston,TX,NA,Polk County,193317.3423196047,-2.92,1687.5,NA,20250,0.873,9.5,10.48,6.81,Strong Buy,5562,-2.93,54258,7.45,6.51,27.66,10.74,22.5,2026-07-31,2026-07-31
Memphis,TN,"Memphis, TN-MS-AR",Shelby County,144876.8026416294,-2.85,1261.8234783492712,1.49,15141.881740191255,0.871,9.6,10.45,6.79,Strong Buy,610919,-2.78,910530,-2.07,-7.65,10.56,7.81,45.42,2026-07-31,2026-07-31
Granite City,IL,"St. Louis, MO-IL",Madison County,116557.60502822994,2.47,1011.1944444444443,NA,12134.333333333332,0.868,9.6,10.41,6.77,Strong Buy,26854,-2.41,263017,-1.03,1.59,8.04,3.83,26.39,2026-07-31,2026-07-31
Kinston,NC,"Kinston, NC",Lenoir County,147754.90763226073,5.37,1281.25,NA,15375,0.867,9.6,10.41,6.76,Strong Buy,NA,NA,NA,NA,NA,NA,NA,NA,2026-07-31,2026-07-31
Overland,MO,"St. Louis, MO-IL",Saint Louis County,155205.97679953245,3.39,1344.111111111111,NA,16129.333333333332,0.866,9.6,10.39,6.75,Strong Buy,15547,-2.32,NA,NA,NA,NA,NA,NA,2026-07-31,2026-07-31
Hallandale,FL,"Miami-Fort Lauderdale-Pompano Beach, FL",Broward County,278711.1353332959,-5.04,2403.7333333333336,3.34,28844.800000000003,0.862,9.7,10.35,6.73,Strong Buy,NA,NA,2037472,4.84,14.84,13.18,6.08,36.74,2026-07-31,2026-07-31
Clairton,PA,"Pittsburgh, PA",Allegheny County,160504.53143278367,-2.2,1377.0833333333333,10.82,16525,0.858,9.7,10.3,6.69,Strong Buy,5945,-3.68,1231814,-1.43,2.72,9.6,6.37,35.07,2026-07-31,2026-07-31
Albertville,MN,"Minneapolis-St. Paul-Bloomington, MN-WI",Wright County,386195.6048294739,0.26,3314.25,NA,39771,0.858,9.7,10.3,6.69,Strong Buy,NA,NA,NA,NA,NA,NA,NA,NA,2026-07-31,2026-07-31
Chickasaw,AL,"Mobile, AL",Mobile County,110464.26333758574,5.57,947.5,NA,11370,0.858,9.7,10.29,6.69,Strong Buy,NA,NA,NA,NA,NA,NA,NA,NA,2026-07-31,2026-07-31
Center Point,AL,"Birmingham-Hoover, AL",Jefferson County,155434.68404794842,2.99,1331.722222222222,5.6,15980.666666666664,0.857,9.7,10.28,6.68,Strong Buy,15603,-4.41,664744,-1.48,0.68,13.13,7.2,36.28,2026-07-31,2026-07-31
Borger,TX,"Borger, TX",Hutchinson County,109011.9287146406,2.55,933.3333333333334,NA,11200,0.856,9.7,10.27,6.68,Strong Buy,NA,NA,NA,NA,NA,NA,NA,NA,2026-07-31,2026-07-31
Palm Springs,FL,"Miami-Fort Lauderdale-Pompano Beach, FL",Palm Beach County,269159.0989079067,-1.52,2301.1517094017095,-1.59,27613.820512820515,0.855,9.7,10.26,6.67,Strong Buy,28548,6.2,1582055,5.87,15.98,16.36,6.94,30.14,2026-07-31,2026-07-31
Toledo,OH,"Toledo, OH",Lucas County,134048.20641412583,5.65,1144.107434867676,5.82,13729.289218412112,0.854,9.8,10.24,6.66,Strong Buy,265638,-1.72,426291,-1.06,-0.51,9.27,4.76,38.34,2026-07-31,2026-07-31
Round Lake Beach,IL,"Chicago-Naperville-Elgin, IL-IN-WI",Lake County,261064.59390404745,4.75,2230,6.01,26760,0.854,9.8,10.25,6.66,Strong Buy,27091,-0.43,718604,0.73,3.75,4.97,4.19,25.6,2026-07-31,2026-07-31
Canton,MS,"Jackson, MS",Madison County,221651.131481696,0.98,1886,NA,22632,0.851,9.8,10.21,6.64,Strong Buy,10777,-1.24,114247,4.57,8.14,7.91,6.1,28.59,2026-07-31,2026-07-31
Del City,OK,"Oklahoma City, OK",Oklahoma County,141500.6931909082,0.67,1199.857142857143,2.25,14398.285714285714,0.848,9.8,10.18,6.61,Strong Buy,21272,-2.44,816490,2.28,2.8,9.49,7.85,41.39,2026-07-31,2026-07-31
La Marque,TX,"Houston-The Woodlands-Sugar Land, TX",Galveston County,233687.69844558404,-3.36,1968.0666666666664,2.04,23616.799999999996,0.842,9.9,10.11,6.57,Strong Buy,20194,9.39,367407,4.49,11.39,13,8.22,32.51,2026-07-31,2026-07-31
Midland,PA,"Pittsburgh, PA",Beaver County,109627.10442995036,-3,922.5,NA,11070,0.841,9.9,10.1,6.56,Strong Buy,NA,NA,NA,NA,NA,NA,NA,NA,2026-07-31,2026-07-31
Hammond,IN,"Chicago-Naperville-Elgin, IL-IN-WI",Lake County,178834.75670804852,1.1,1500.2624269005846,5.92,18003.149122807015,0.839,9.9,10.07,6.54,Strong Buy,76030,-2.22,502955,0.8,4.19,10.57,4.92,29.14,2026-07-31,2026-07-31
Herrin,IL,"Carbondale-Marion, IL",Williamson County,111805.92497266384,-4.32,937.5,NA,11250,0.839,9.9,10.06,6.54,Strong Buy,NA,NA,NA,NA,NA,NA,NA,NA,2026-07-31,2026-07-31
Elmira,NY,"Elmira, NY",Chemung County,134026.71077360612,4.82,1120.8333333333333,NA,13450,0.836,10,10.04,6.52,Strong Buy,26255,-0.22,81115,-3.06,1.55,10.8,7.19,30.16,2026-07-31,2026-07-31
Big Spring,TX,"Big Spring, TX",Howard County,147462.45556501523,3.88,1232.8055555555557,1.69,14793.666666666668,0.836,10,10.03,6.52,Strong Buy,NA,NA,NA,NA,NA,NA,NA,NA,2026-07-31,2026-07-31
Moss Point,MS,"Gulfport-Biloxi, MS",Jackson County,147008.33602006707,-0.52,1227.7777777777776,NA,14733.333333333332,0.835,10,10.02,6.51,Strong Buy,NA,NA,NA,NA,NA,NA,NA,NA,2026-07-31,2026-07-31
Saginaw,MI,"Saginaw, MI",Saginaw County,134494.92300503267,5.93,1119.7555555555557,7.45,13437.06666666667,0.833,10,9.99,6.49,Strong Buy,43001,-2.52,187714,-1.14,2.57,9.92,13.5,26.48,2026-07-31,2026-07-31
Charleston,WV,"Charleston, WV",Kanawha County,166520.23996993122,2.41,1385.6944444444446,4.52,16628.333333333336,0.832,10,9.99,6.49,Strong Buy,46482,-4.43,173906,-3.5,0.74,15.03,9.26,29.83,2026-07-31,2026-07-31
Forest Hill,TX,"Dallas-Fort Worth-Arlington, TX",Tarrant County,227213.0647309575,-0.78,1886.25,NA,22635,0.83,10,9.96,6.48,Strong Buy,NA,NA,NA,NA,NA,NA,NA,NA,2026-07-31,2026-07-31
Coconut Creek,FL,"Miami-Fort Lauderdale-Pompano Beach, FL",Broward County,281008.51374018384,-7.21,2332.427384960718,1.94,27989.128619528616,0.83,10,9.96,6.47,Strong Buy,59721,3.45,2037472,4.84,14.84,13.18,6.08,36.74,2026-07-31,2026-07-31
Taylor,MI,"Detroit-Warren-Dearborn, MI",Wayne County,180863.1071089316,1.95,1495.3055555555557,1.49,17943.666666666668,0.827,10.1,9.92,6.45,Strong Buy,61544,-2.57,1771063,-1.04,3.75,12.9,4.58,35.52,2026-07-31,2026-07-31
Lansing,IL,"Chicago-Naperville-Elgin, IL-IN-WI",Cook County,201272.72836241673,1.33,1665.2777777777776,NA,19983.333333333332,0.827,10.1,9.93,6.45,Strong Buy,NA,NA,NA,NA,NA,NA,NA,NA,2026-07-31,2026-07-31
Groves,TX,"Beaumont-Port Arthur, TX",Jefferson County,188990.26452571643,6.96,1563.3333333333333,NA,18760,0.827,10.1,9.93,6.45,Strong Buy,NA,NA,NA,NA,NA,NA,NA,NA,2026-07-31,2026-07-31
Sugar Creek,MO,"Kansas City, MO-KS",Jackson County,177071.486606802,3.04,1465,NA,17580,0.827,10.1,9.93,6.45,Strong Buy,NA,NA,NA,NA,NA,NA,NA,NA,2026-07-31,2026-07-31
Saint Ann,MO,"St. Louis, MO-IL",Saint Louis County,161765.86873964066,1.89,1334.7777777777776,6,16017.333333333332,0.825,10.1,9.9,6.44,Strong Buy,NA,NA,NA,NA,NA,NA,NA,NA,2026-07-31,2026-07-31
Lancaster,TX,"Dallas-Fort Worth-Arlington, TX",Dallas County,273149.133202458,-2.48,2250.7638888888887,4.28,27009.166666666664,0.824,10.1,9.89,6.43,Strong Buy,40780,-1.17,2656028,1.73,0.15,7.76,8.95,49.22,2026-07-31,2026-07-31
Hopkins,SC,"Columbia, SC",Richland County,198232.74337344777,-0.67,1635.3333333333333,NA,19624,0.825,10.1,9.9,6.43,Strong Buy,NA,NA,430651,3.6,10.35,10.74,5.98,39.63,2026-07-31,2026-07-31
Oelwein,IA,NA,Fayette County,112494.01742333674,3.19,928,NA,11136,0.825,10.1,9.9,6.43,Strong Buy,NA,NA,NA,NA,NA,NA,NA,NA,2026-07-31,2026-07-31
Florissant,MO,"St. Louis, MO-IL",Saint Louis County,196718.39272315937,1.39,1618.9562646096308,5.76,19427.47517531557,0.823,10.1,9.88,6.42,Strong Buy,51290,-2.23,NA,NA,NA,NA,NA,NA,2026-07-31,2026-07-31
Rex,GA,"Atlanta-Sandy Springs-Alpharetta, GA",Clayton County,234640.79754342217,-3.99,1932.1,3.27,23185.199999999997,0.823,10.1,9.88,6.42,Strong Buy,NA,NA,297703,-0.58,-9.79,8.01,9.9,46.81,2026-07-31,2026-07-31
Bridgeville,DE,"Salisbury, MD-DE",Sussex County,369184.7799969003,0.96,3031.875,NA,36382.5,0.821,10.1,9.85,6.41,Strong Buy,NA,NA,NA,NA,NA,NA,NA,NA,2026-07-31,2026-07-31
Euclid,OH,"Cleveland-Elyria, OH",Cuyahoga County,150361.71197661836,2.37,1230.423611111111,4.31,14765.083333333332,0.818,10.2,9.82,6.38,Strong Buy,48421,-2.35,1240594,-1.75,1.72,9.97,5.22,40.95,2026-07-31,2026-07-31
Freeport,TX,"Houston-The Woodlands-Sugar Land, TX",Brazoria County,155779.4863270633,4.95,1275,NA,15300,0.818,10.2,9.82,6.38,Strong Buy,NA,NA,NA,NA,NA,NA,NA,NA,2026-07-31,2026-07-31
Kirby,TX,"San Antonio-New Braunfels, TX",Bexar County,173152.0087131332,-1.08,1416.25,NA,16995,0.818,10.2,9.82,6.38,Strong Buy,NA,NA,NA,NA,NA,NA,NA,NA,2026-07-31,2026-07-31
Channelview,TX,"Houston-The Woodlands-Sugar Land, TX",Harris County,212870.67557826047,0.14,1737.5,2.8,20850,0.816,10.2,9.79,6.37,Strong Buy,NA,NA,5009302,5.78,13.97,8.3,8.76,45.24,2026-07-31,2026-07-31
Delray Beach,FL,"Miami-Fort Lauderdale-Pompano Beach, FL",Palm Beach County,343917.03115073894,-1.37,2805.8368681042743,3.72,33670.042417251294,0.816,10.2,9.79,6.36,Strong Buy,70140,4.98,1582055,5.87,15.98,16.36,6.94,30.14,2026-07-31,2026-07-31
Pascagoula,MS,"Gulfport-Biloxi, MS",Jackson County,142299.18991060532,-0.56,1159.851851851852,12.95,13918.222222222223,0.815,10.2,9.78,6.36,Strong Buy,21476,-2.24,147002,2.53,6.19,9.47,10.9,28.03,2026-07-31,2026-07-31
California,PA,"Pittsburgh, PA",Washington County,118316.12347474572,-5.72,963.8888888888888,NA,11566.666666666666,0.815,10.2,9.78,6.35,Strong Buy,NA,NA,NA,NA,NA,NA,NA,NA,2026-07-31,2026-07-31
Liverpool,NY,"Syracuse, NY",Onondaga County,298867.1671860055,6.76,2427.0039682539687,2.48,29124.047619047626,0.812,10.3,9.74,6.33,Strong Buy,2257,-1.78,469812,-0.93,1.17,7.9,4.94,34.34,2026-07-31,2026-07-31
Franklin,PA,"Oil City, PA",Venango County,135493.3362028527,-0.85,1100,NA,13200,0.812,10.3,9.74,6.33,Strong Buy,NA,NA,NA,NA,NA,NA,NA,NA,2026-07-31,2026-07-31
West Jefferson,OH,"Columbus, OH",Madison County,267948.7988303168,-0.57,2173.5,NA,26082,0.811,10.3,9.73,6.33,Strong Buy,NA,NA,NA,NA,NA,NA,NA,NA,2026-07-31,2026-07-31
Brentwood,PA,"Pittsburgh, PA",Allegheny County,173346.21079498937,-4.2,1405.0833333333333,7.79,16861,0.811,10.3,9.73,6.32,Strong Buy,9704,-3.68,1231814,-1.43,2.72,9.6,6.37,35.07,2026-07-31,2026-07-31
Shreveport,LA,"Shreveport-Bossier City, LA",Caddo Parish,146721.01269696793,3.13,1187.134699453552,4.65,14245.616393442624,0.809,10.3,9.71,6.31,Strong Buy,176578,-5.47,224893,-5.07,-5.18,15.68,9.02,39.35,2026-07-31,2026-07-31
Darlington,SC,"Florence, SC",Darlington County,157585.25269342252,13.07,1274.1666666666663,NA,15289.999999999996,0.809,10.3,9.7,6.31,Strong Buy,NA,NA,NA,NA,NA,NA,NA,NA,2026-07-31,2026-07-31
Millvale,PA,"Pittsburgh, PA",Allegheny County,128770.2495639946,-7.41,1041.6666666666667,NA,12500,0.809,10.3,9.71,6.31,Strong Buy,3255,-3.41,1231814,-1.43,2.72,9.6,6.37,35.07,2026-07-31,2026-07-31
Atlantic City,NJ,"Atlantic City-Hammonton, NJ",Atlantic County,221466.6608016348,1.88,1789.34126984127,1.13,21472.09523809524,0.808,10.3,9.7,6.3,Strong Buy,38959,1.41,279114,1.79,8.62,17.71,4.68,32.16,2026-07-31,2026-07-31
Chickasha,OK,"Oklahoma City, OK",Grady County,159281.85824548113,5.25,1283.8333333333333,6.32,15406,0.806,10.3,9.67,6.29,Strong Buy,17014,5.92,58353,6.32,15.27,11.97,6.66,24.72,2026-07-31,2026-07-31
Conley,GA,"Atlanta-Sandy Springs-Alpharetta, GA",Dekalb County,228942.2421780537,-4.21,1845.6111111111113,3.76,22147.333333333336,0.806,10.3,9.67,6.29,Strong Buy,NA,NA,NA,NA,NA,NA,NA,NA,2026-07-31,2026-07-31
Hypoluxo,FL,"Miami-Fort Lauderdale-Pompano Beach, FL",Palm Beach County,299388.83586516517,-6.49,2415.2777777777774,6.01,28983.33333333333,0.807,10.3,9.68,6.29,Strong Buy,2941,9.21,1582055,5.87,15.98,16.36,6.94,30.14,2026-07-31,2026-07-31
Batavia,NY,"Batavia, NY",Genesee County,209744.05923981805,6.68,1687.5,NA,20250,0.805,10.4,9.65,6.28,Strong Buy,NA,NA,NA,NA,NA,NA,NA,NA,2026-07-31,2026-07-31
Akron,OH,"Akron, OH",Summit County,141610.9931273214,3.21,1137.454765212559,5.35,13649.457182550708,0.803,10.4,9.64,6.27,Strong Buy,189664,-0.25,538370,-0.27,4.33,7.17,3.55,32.71,2026-07-31,2026-07-31
Hartford,CT,"Hartford-East Hartford-Middletown, CT",Hartford County,203327.63847529265,2.31,1631.7488614366664,1.97,19580.986337239996,0.803,10.4,9.63,6.26,Strong Buy,122129,1.38,NA,NA,NA,NA,NA,NA,2026-07-31,2026-07-31
Fountainbleau,FL,"Miami-Fort Lauderdale-Pompano Beach, FL",Miami-Dade County,304393.67088174407,-4.46,2444.308503942225,-0.5,29331.7020473067,0.803,10.4,9.64,6.26,Strong Buy,NA,NA,2838461,5.29,19.88,11.11,5.36,47.81,2026-07-31,2026-07-31
Bacliff,TX,"Houston-The Woodlands-Sugar Land, TX",Galveston County,216592.7016190282,-0.79,1737.9166666666667,2.42,20855,0.802,10.4,9.63,6.26,Strong Buy,NA,NA,367407,4.49,11.39,13,8.22,32.51,2026-07-31,2026-07-31
Orangeburg,SC,"Orangeburg, SC",Orangeburg County,165995.42821378878,3.08,1328.148148148148,2.85,15937.777777777777,0.8,10.4,9.6,6.24,Strong Buy,13378,1.52,83129,-1,4.43,20.62,6.06,34.09,2026-07-31,2026-07-31
Brownsville,TX,"Brownsville-Harlingen, TX",Cameron County,196626.3060844308,1.83,1568.0692810457515,5.02,18816.83137254902,0.797,10.4,9.57,6.22,Strong Buy,191967,2.85,431874,2.44,0.98,14.04,5.55,34.76,2026-07-31,2026-07-31
La Place,LA,"New Orleans-Metairie, LA",Saint John the Baptist Parish,214023.97435162216,-1.13,1706.6666666666667,-0.83,20480,0.797,10.5,9.57,6.22,Strong Buy,NA,NA,NA,NA,NA,NA,NA,NA,2026-07-31,2026-07-31
Sun City Center,FL,"Tampa-St. Petersburg-Clearwater, FL",Hillsborough County,272057.0344882042,-6.56,2167.9049773755655,-0.42,26014.859728506788,0.797,10.5,9.56,6.22,Strong Buy,NA,NA,1581426,7.85,12.2,7.8,6.74,38.94,2026-07-31,2026-07-31
Wood River,IL,"St. Louis, MO-IL",Madison County,135531.56565314526,3.93,1080.5555555555557,NA,12966.666666666668,0.797,10.5,9.57,6.22,Strong Buy,NA,NA,NA,NA,NA,NA,NA,NA,2026-07-31,2026-07-31
New Iberia,LA,"Lafayette, LA",Iberia Parish,151501.4898552627,1.63,1206.4166666666667,NA,14477,0.796,10.5,9.56,6.21,Strong Buy,26849,-5.47,67540,-3.6,-2.62,13.92,10.97,32.01,2026-07-31,2026-07-31
Bay Minette,AL,"Daphne-Fairhope-Foley, AL",Baldwin County,214267.62332560727,0.35,1695,NA,20340,0.791,10.5,9.49,6.17,Strong Buy,NA,NA,NA,NA,NA,NA,NA,NA,2026-07-31,2026-07-31
Anderson,IN,"Indianapolis-Carmel-Anderson, IN",Madison County,137016.38158192133,2.9,1082.9559884559883,5.26,12995.471861471859,0.79,10.5,9.48,6.16,Strong Buy,55851,1.88,134222,3.12,12.05,10.55,6.46,30.03,2026-07-31,2026-07-31
Duncan,OK,"Duncan, OK",Stephens County,138377.39725525817,3.31,1093.0555555555554,NA,13116.666666666664,0.79,10.5,9.48,6.16,Strong Buy,23174,2.3,44075,2.92,4.13,15.18,3.6,25.5,2026-07-31,2026-07-31
Pleasantville,NJ,"Atlantic City-Hammonton, NJ",Atlantic County,249036.253529022,4.33,1968.0555555555557,NA,23616.666666666668,0.79,10.5,9.48,6.16,Strong Buy,20924,1.61,279114,1.79,8.62,17.71,4.68,32.16,2026-07-31,2026-07-31
Orland Hills,IL,"Chicago-Naperville-Elgin, IL-IN-WI",Cook County,341696.47911856207,6.79,2700,NA,32400,0.79,10.5,9.48,6.16,Strong Buy,NA,NA,NA,NA,NA,NA,NA,NA,2026-07-31,2026-07-31
Carpentersville,IL,"Chicago-Naperville-Elgin, IL-IN-WI",Kane County,298937.83617924945,3.57,2356.666666666667,NA,28280.000000000004,0.788,10.6,9.46,6.15,Strong Buy,NA,NA,NA,NA,NA,NA,NA,NA,2026-07-31,2026-07-31
East Chicago,IN,"Chicago-Naperville-Elgin, IL-IN-WI",Lake County,129374.9922003923,-5.56,1020.8571428571428,5.6,12250.285714285714,0.789,10.6,9.47,6.15,Strong Buy,25768,-2.19,502955,0.8,4.19,10.57,4.92,29.14,2026-07-31,2026-07-31
Pottsville,PA,"Pottsville, PA",Schuylkill County,154121.66974653004,4.69,1215,6.31,14580,0.788,10.6,9.46,6.15,Strong Buy,13404,0.46,144523,1.09,8.84,14.6,4.32,23.74,2026-07-31,2026-07-31
Mays Landing,NJ,"Atlantic City-Hammonton, NJ",Atlantic County,312418.3181549864,1.32,2455.555555555555,NA,29466.666666666664,0.786,10.6,9.43,6.13,Strong Buy,NA,NA,279114,1.79,8.62,17.71,4.68,32.16,2026-07-31,2026-07-31
Garden City,MI,"Detroit-Warren-Dearborn, MI",Wayne County,207556.26932629835,2.7,1629.722222222222,NA,19556.666666666664,0.785,10.6,9.42,6.12,Strong Buy,26410,-3.21,1771063,-1.04,3.75,12.9,4.58,35.52,2026-07-31,2026-07-31
Seagoville,TX,"Dallas-Fort Worth-Arlington, TX",Dallas County,272143.602439312,-3.46,2135.785714285714,1.81,25629.428571428572,0.785,10.6,9.42,6.12,Strong Buy,20124,8.46,2656028,1.73,0.15,7.76,8.95,49.22,2026-07-31,2026-07-31
Warr Acres,OK,"Oklahoma City, OK",Oklahoma County,180832.60264092693,-1.61,1419.4444444444443,NA,17033.333333333332,0.785,10.6,9.42,6.12,Strong Buy,10456,0.11,816490,2.28,2.8,9.49,7.85,41.39,2026-07-31,2026-07-31
Highland Beach,FL,"Miami-Fort Lauderdale-Pompano Beach, FL",Palm Beach County,910331.8112757556,1.11,7145.833333333333,10.92,85750,0.785,10.6,9.42,6.12,Strong Buy,4368,1.75,1582055,5.87,15.98,16.36,6.94,30.14,2026-07-31,2026-07-31
Fresno,TX,"Houston-The Woodlands-Sugar Land, TX",Fort Bend County,273435.0885138144,-2.1,2141.8492063492067,0.91,25702.19047619048,0.783,10.6,9.4,6.11,Strong Buy,NA,NA,958434,15.57,27.37,4.23,6.33,22.52,2026-07-31,2026-07-31
Taylor,TX,"Austin-Round Rock-Georgetown, TX",Williamson County,283170.21413344383,-4.06,2217.944444444444,2.33,26615.33333333333,0.783,10.6,9.4,6.11,Strong Buy,17872,8.72,727480,18.17,29.75,3.91,3.51,32.92,2026-07-31,2026-07-31
Steger,IL,"Chicago-Naperville-Elgin, IL-IN-WI",Cook County,174174.01271393348,-2.92,1365,NA,16380,0.784,10.6,9.4,6.11,Strong Buy,NA,NA,NA,NA,NA,NA,NA,NA,2026-07-31,2026-07-31
Kankakee,IL,"Kankakee, IL",Kankakee County,159723.6270727089,3.9,1248.888888888889,3.74,14986.666666666668,0.782,10.7,9.38,6.1,Strong Buy,23535,-1.97,106410,-0.92,0.69,9.91,3.26,31.23,2026-07-31,2026-07-31
Gautier,MS,"Gulfport-Biloxi, MS",Jackson County,189480.6602593856,0.08,1479.9166666666667,NA,17759,0.781,10.7,9.37,6.09,Strong Buy,19055,0.2,147002,2.53,6.19,9.47,10.9,28.03,2026-07-31,2026-07-31
Centerville,GA,"Warner Robins, GA",Houston County,230673.5429135173,3.6,1800,NA,21600,0.78,10.7,9.36,6.09,Strong Buy,NA,NA,NA,NA,NA,NA,NA,NA,2026-07-31,2026-07-31
Clovis,NM,"Clovis, NM",Curry County,163291.77472124193,-0.06,1272.0648148148148,5.18,15264.777777777777,0.779,10.7,9.35,6.08,Strong Buy,37555,-2.48,47156,-2.52,-6.6,13.14,5.67,38.74,2026-07-31,2026-07-31
Homewood,IL,"Chicago-Naperville-Elgin, IL-IN-WI",Cook County,255450.46744898372,6.01,1990.5,NA,23886,0.779,10.7,9.35,6.08,Strong Buy,NA,NA,NA,NA,NA,NA,NA,NA,2026-07-31,2026-07-31
Albany,GA,"Albany, GA",Dougherty County,131450.33149457068,0.96,1023.1717948717948,1.09,12278.061538461538,0.778,10.7,9.34,6.07,Strong Buy,66705,-3.47,82418,-3.22,-2.56,15.63,8.68,53.45,2026-07-31,2026-07-31
Burlington,IA,"Burlington, IA-IL",Des Moines County,127219.65620954725,1.32,990.8333333333334,NA,11890,0.779,10.7,9.35,6.07,Strong Buy,NA,NA,NA,NA,NA,NA,NA,NA,2026-07-31,2026-07-31
Holly Hill,FL,"Deltona-Daytona Beach-Ormond Beach, FL",Volusia County,201501.23697454535,-2.73,1568.809523809524,9.55,18825.71428571429,0.779,10.7,9.34,6.07,Strong Buy,13183,1.6,602772,8.46,21.72,14.56,6.51,27.2,2026-07-31,2026-07-31
Irondale,AL,"Birmingham-Hoover, AL",Jefferson County,292782.2809426991,2.14,2279.777777777778,3.76,27357.333333333336,0.779,10.7,9.34,6.07,Strong Buy,13545,0.51,664744,-1.48,0.68,13.13,7.2,36.28,2026-07-31,2026-07-31
Altoona,PA,"Altoona, PA",Blair County,144244.54450121257,5.33,1120.7444444444443,9.98,13448.93333333333,0.777,10.7,9.32,6.06,Strong Buy,42719,-2.64,120269,-1.95,2.66,9.39,6.47,27.55,2026-07-31,2026-07-31
Avon Park,FL,"Sebring-Avon Park, FL",Highlands County,208233.15511005107,-1.89,1618.888888888889,2.97,19426.666666666668,0.777,10.7,9.33,6.06,Strong Buy,NA,NA,NA,NA,NA,NA,NA,NA,2026-07-31,2026-07-31
Horizon City,TX,"El Paso, TX",El Paso County,223739.8216016657,0.75,1736.6666666666667,0.78,20840,0.776,10.7,9.31,6.05,Strong Buy,24802,9.49,875784,1.05,-3.46,7.63,7.18,36.32,2026-07-31,2026-07-31
Union City,GA,"Atlanta-Sandy Springs-Alpharetta, GA",Fulton County,233660.69785130944,-4.25,1813.0473684210529,3.93,21756.568421052634,0.776,10.7,9.31,6.05,Strong Buy,28195,4.11,1090354,1.97,1.33,8.52,7.69,45.86,2026-07-31,2026-07-31
Westwego,LA,"New Orleans-Metairie, LA",Jefferson Parish,188048.27862420984,0.95,1455.5555555555557,NA,17466.666666666668,0.774,10.8,9.29,6.04,Strong Buy,NA,NA,NA,NA,NA,NA,NA,NA,2026-07-31,2026-07-31
Vestal,NY,"Binghamton, NY",Broome County,263848.48442139203,7.33,2044.1666666666667,NA,24530,0.775,10.8,9.3,6.04,Strong Buy,NA,NA,NA,NA,NA,NA,NA,NA,2026-07-31,2026-07-31
South Pasadena,FL,"Tampa-St. Petersburg-Clearwater, FL",Pinellas County,294920.0169895957,-6.9,2283.8888888888887,NA,27406.666666666664,0.774,10.8,9.29,6.04,Strong Buy,5280,-1.27,965870,0.63,3.8,18.32,8.78,30.56,2026-07-31,2026-07-31
Lumberton,NC,"Lumberton, NC",Robeson County,152561.4519017369,1.65,1179.1666666666667,NA,14150,0.773,10.8,9.27,6.03,Strong Buy,NA,NA,NA,NA,NA,NA,NA,NA,2026-07-31,2026-07-31
Willingboro Township,NJ,"Philadelphia-Camden-Wilmington, PA-NJ-DE-MD",Burlington County,361304.8128091376,1.33,2794.444444444445,NA,33533.333333333336,0.773,10.8,9.28,6.03,Strong Buy,NA,NA,NA,NA,NA,NA,NA,NA,2026-07-31,2026-07-31
Woodlawn,OH,"Cincinnati, OH-KY-IN",Hamilton County,194056.20479109383,0.18,1497.1142857142856,1.02,17965.371428571427,0.771,10.8,9.26,6.02,Strong Buy,3913,0.13,837359,0.84,4.18,7.42,4.2,41.01,2026-07-31,2026-07-31
Haughton,LA,"Shreveport-Bossier City, LA",Bossier Parish,259001.3578591444,1.76,1995.8333333333333,NA,23950,0.771,10.8,9.25,6.01,Strong Buy,NA,NA,NA,NA,NA,NA,NA,NA,2026-07-31,2026-07-31
Melvindale,MI,"Detroit-Warren-Dearborn, MI",Wayne County,144479.66345032532,1.84,1112.611111111111,NA,13351.333333333332,0.77,10.8,9.24,6.01,Strong Buy,12401,-3.19,1771063,-1.04,3.75,12.9,4.58,35.52,2026-07-31,2026-07-31
Midland City,AL,"Ozark, AL",Dale County,191503.47241979896,4.14,1475,NA,17700,0.77,10.8,9.24,6.01,Strong Buy,NA,NA,NA,NA,NA,NA,NA,NA,2026-07-31,2026-07-31
Lima,OH,"Lima, OH",Allen County,153755.8604844798,5.25,1182.4535714285714,9.1,14189.442857142858,0.769,10.8,9.23,6,Strong Buy,34690,-2.23,100866,-1.24,0.08,8.43,2.83,31.68,2026-07-31,2026-07-31
Oregon,OH,"Toledo, OH",Lucas County,232412.957219406,4.69,1786.5,NA,21438,0.769,10.8,9.22,6,Strong Buy,NA,NA,NA,NA,NA,NA,NA,NA,2026-07-31,2026-07-31
Shannon Hills,AR,"Little Rock-North Little Rock-Conway, AR",Saline County,196465.6371229523,2.93,1512.5,NA,18150,0.77,10.8,9.24,6,Strong Buy,NA,NA,NA,NA,NA,NA,NA,NA,2026-07-31,2026-07-31
Holiday,FL,"Tampa-St. Petersburg-Clearwater, FL",Pasco County,223098.318594172,-2.52,1711.9949074074077,0.46,20543.938888888893,0.767,10.9,9.21,5.99,Strong Buy,NA,NA,659114,16.41,37.43,13.3,5.54,24.5,2026-07-31,2026-07-31
Philadelphia,PA,"Philadelphia-Camden-Wilmington, PA-NJ-DE-MD",Philadelphia County,234629.5280560933,0.17,1797.387359756737,3.51,21568.648317080842,0.766,10.9,9.19,5.98,Strong Buy,1573916,-1.68,1573916,-1.68,3.81,9.53,5.4,47.68,2026-07-31,2026-07-31
Warren,OH,"Youngstown-Warren-Boardman, OH-PA",Trumbull County,127876.14674292885,8.16,979.5833333333334,10.69,11755,0.766,10.9,9.19,5.98,Strong Buy,38683,-1.23,200300,-0.69,3.66,8.86,6.18,28.5,2026-07-31,2026-07-31
Lawton,OK,"Lawton, OK",Comanche County,144222.13522387578,5.95,1102.8434649379176,5.12,13234.12157925501,0.765,10.9,9.18,5.96,Strong Buy,90027,-0.38,121396,0.21,-7.24,15.06,5.7,45.03,2026-07-31,2026-07-31
Balch Springs,TX,"Dallas-Fort Worth-Arlington, TX",Dallas County,224320.4854659045,-3.84,1715.3492063492065,2.87,20584.190476190477,0.765,10.9,9.18,5.96,Strong Buy,27307,-1.17,2656028,1.73,0.15,7.76,8.95,49.22,2026-07-31,2026-07-31
Watertown,NY,"Watertown-Fort Drum, NY",Jefferson County,206810.4566994605,4.16,1577.5314685314686,8.64,18930.377622377622,0.763,10.9,9.15,5.95,Strong Buy,24038,-2.1,113140,-2.53,-9.97,24.34,5.43,45.87,2026-07-31,2026-07-31
West Columbia,SC,"Columbia, SC",Lexington County,231282.5719798376,1.64,1764.971620971621,4.27,21179.659451659452,0.763,10.9,9.16,5.95,Strong Buy,18418,5.15,313774,6.37,11.83,7.71,3.5,23.15,2026-07-31,2026-07-31
Manchester,NJ,"New York-Newark-Jersey City, NY-NJ-PA",Ocean County,344889.17267423106,-2.21,2630,NA,31560,0.763,10.9,9.15,5.95,Strong Buy,NA,NA,NA,NA,NA,NA,NA,NA,2026-07-31,2026-07-31
Parker,FL,"Panama City, FL",Bay County,238114.71113726488,1.78,1814.5833333333333,0.71,21775,0.762,10.9,9.14,5.94,Strong Buy,4801,20.6,199718,14.42,36.38,28.33,10.57,31.72,2026-07-31,2026-07-31
Alexandria,LA,"Alexandria, LA",Rapides Parish,146607.4691274492,1.94,1111.1507936507935,1.1,13333.809523809523,0.758,11,9.09,5.91,Strong Buy,43133,-4.37,125899,-2.9,-3.65,16.57,7.31,34.71,2026-07-31,2026-07-31
Southgate,MI,"Detroit-Warren-Dearborn, MI",Wayne County,197959.8452748484,2.71,1499.1666666666667,3.14,17990,0.757,11,9.09,5.91,Strong Buy,29081,-2.75,1771063,-1.04,3.75,12.9,4.58,35.52,2026-07-31,2026-07-31
Marshall,TX,"Longview, TX",Harrison County,166237.79534633248,1.58,1259.4444444444443,NA,15113.333333333332,0.758,11,9.09,5.91,Strong Buy,NA,NA,NA,NA,NA,NA,NA,NA,2026-07-31,2026-07-31
Dalzell,SC,"Sumter, SC",Sumter County,218867.6450112991,2.94,1658.3333333333333,NA,19900,0.758,11,9.09,5.91,Strong Buy,NA,NA,NA,NA,NA,NA,NA,NA,2026-07-31,2026-07-31
Danville,VA,"Danville, VA",Pittsylvania County,158018.3558735979,0.62,1194.8555555555556,6.3,14338.266666666666,0.756,11,9.07,5.9,Strong Buy,41993,-1.37,59410,-1.61,3.37,16.41,4.87,21.26,2026-07-31,2026-07-31
Norwalk,OH,"Norwalk, OH",Huron County,219337.59719353064,7.34,1659.75,NA,19917,0.757,11,9.08,5.9,Strong Buy,NA,NA,NA,NA,NA,NA,NA,NA,2026-07-31,2026-07-31
Loves Park,IL,"Rockford, IL",Winnebago County,203852.6008837849,7.55,1540.6944444444443,NA,18488.333333333332,0.756,11,9.07,5.9,Strong Buy,NA,NA,NA,NA,NA,NA,NA,NA,2026-07-31,2026-07-31
Port Isabel,TX,"Brownsville-Harlingen, TX",Cameron County,262625.3972651341,2.58,1985,NA,23820,0.756,11,9.07,5.9,Strong Buy,NA,NA,NA,NA,NA,NA,NA,NA,2026-07-31,2026-07-31
Siesta Key,FL,"North Port-Sarasota-Bradenton, FL",Sarasota County,823374.6282160183,-3.97,6227.222222222223,NA,74726.66666666667,0.756,11,9.08,5.9,Strong Buy,NA,NA,476604,9.25,17.16,21.04,7.8,23.66,2026-07-31,2026-07-31
Blacklick Estates,OH,"Columbus, OH",Franklin County,213534.42172154327,-1.19,1613.3333333333333,NA,19360,0.756,11,9.07,5.89,Strong Buy,NA,NA,NA,NA,NA,NA,NA,NA,2026-07-31,2026-07-31
Calumet Park,IL,"Chicago-Naperville-Elgin, IL-IN-WI",Cook County,172045.63025871586,5.63,1298.75,NA,15585,0.755,11,9.06,5.89,Strong Buy,NA,NA,NA,NA,NA,NA,NA,NA,2026-07-31,2026-07-31
Northgate,OH,"Cincinnati, OH-KY-IN",Hamilton County,237817.471986503,2.25,1795,NA,21540,0.755,11,9.06,5.89,Strong Buy,NA,NA,NA,NA,NA,NA,NA,NA,2026-07-31,2026-07-31
Howe,TX,"Sherman-Denison, TX",Grayson County,241717.8048802535,-9.26,1825,NA,21900,0.755,11,9.06,5.89,Strong Buy,NA,NA,NA,NA,NA,NA,NA,NA,2026-07-31,2026-07-31
Columbus,GA,"Columbus, GA-AL",Muscogee County,174342.75979405773,2.58,1313.6558756166314,4.17,15763.870507399577,0.753,11.1,9.04,5.88,Strong Buy,201830,-2.5,201830,-2.5,-3.14,11.71,4.88,49.76,2026-07-31,2026-07-31
Tallmadge,OH,"Akron, OH",Summit County,292864.306419182,3.81,2209.5,NA,26514,0.754,11,9.05,5.88,Strong Buy,NA,NA,NA,NA,NA,NA,NA,NA,2026-07-31,2026-07-31
Huntington,WV,"Huntington-Ashland, WV-KY-OH",Cabell County,143970.25494297533,4.33,1082.891737891738,6.34,12994.700854700857,0.752,11.1,9.03,5.87,Strong Buy,44942,-3.87,91489,-2.92,-0.57,15.07,5.29,36.49,2026-07-31,2026-07-31
Cleveland,TX,"Houston-The Woodlands-Sugar Land, TX",Liberty County,222439.9278057304,-2.76,1672.936507936508,3.1,20075.238095238095,0.752,11.1,9.03,5.87,Strong Buy,9757,29.7,115042,24.36,46.81,13.68,4.23,19.22,2026-07-31,2026-07-31
West Reading,PA,"Reading, PA",Berks County,246368.6440502189,-0.62,1853.8888888888887,NA,22246.666666666664,0.752,11.1,9.03,5.87,Strong Buy,NA,NA,NA,NA,NA,NA,NA,NA,2026-07-31,2026-07-31
Freeport,IL,"Freeport, IL",Stephenson County,129721.55863311847,6.58,975,NA,11700,0.752,11.1,9.02,5.86,Strong Buy,23140,-3.42,43088,-3.33,-0.12,8.92,2.49,28.99,2026-07-31,2026-07-31
Norland,FL,"Miami-Fort Lauderdale-Pompano Beach, FL",Miami-Dade County,230756.05604225703,-1.82,1735,NA,20820,0.752,11.1,9.02,5.86,Strong Buy,NA,NA,NA,NA,NA,NA,NA,NA,2026-07-31,2026-07-31
Ardmore,OK,"Ardmore, OK",Carter County,155962.96402573466,-0.5,1170.4761904761906,3.26,14045.714285714286,0.75,11.1,9.01,5.85,Strong Buy,25064,1.35,49135,2.28,5.54,12.64,6,32.34,2026-07-31,2026-07-31
Clayton,OH,"Dayton-Kettering, OH",Montgomery County,260554.46905097624,4.42,1955,NA,23460,0.75,11.1,9,5.85,Strong Buy,NA,NA,NA,NA,NA,NA,NA,NA,2026-07-31,2026-07-31
Grayson Valley,AL,"Birmingham-Hoover, AL",Jefferson County,177548.43159044348,0.86,1331.9444444444443,NA,15983.333333333332,0.75,11.1,9,5.85,Strong Buy,NA,NA,664744,-1.48,0.68,13.13,7.2,36.28,2026-07-31,2026-07-31
Mont Clare,PA,"Philadelphia-Camden-Wilmington, PA-NJ-DE-MD",Montgomery County,263215.0845343894,1.71,1975,NA,23700,0.75,11.1,9,5.85,Strong Buy,NA,NA,NA,NA,NA,NA,NA,NA,2026-07-31,2026-07-31
Greenacres,FL,"Miami-Fort Lauderdale-Pompano Beach, FL",Palm Beach County,281921.03515521286,-3.42,2110.512820512821,3.53,25326.15384615385,0.749,11.1,8.98,5.84,Strong Buy,45197,2.76,1582055,5.87,15.98,16.36,6.94,30.14,2026-07-31,2026-07-31
North Bay Village,FL,"Miami-Fort Lauderdale-Pompano Beach, FL",Miami-Dade County,394600.4297481246,0.36,2952.306776556776,2.99,35427.681318681316,0.748,11.1,8.98,5.84,Strong Buy,8286,2.03,2838461,5.29,19.88,11.11,5.36,47.81,2026-07-31,2026-07-31
Johnson City,NY,"Binghamton, NY",Broome County,171418.80013631316,7.88,1280.3333333333333,11.42,15364,0.747,11.2,8.96,5.83,Strong Buy,14698,-2.84,196397,-0.9,3.49,11.96,7.64,35.43,2026-07-31,2026-07-31
El Reno,OK,"Oklahoma City, OK",Canadian County,185902.1346106988,2.95,1389.4444444444443,4.52,16673.333333333332,0.747,11.1,8.97,5.83,Strong Buy,20041,16.99,181760,16.93,26.01,5.78,5.62,25.24,2026-07-31,2026-07-31
Wichita Falls,TX,"Wichita Falls, TX",Clay County,176678.88283069173,1.44,1317.7377224037764,5.15,15812.852668845317,0.746,11.2,8.95,5.82,Strong Buy,102372,-0.11,10730,4.63,8.11,17.99,1.56,19.47,2026-07-31,2026-07-31
Thomasville,GA,"Thomasville, GA",Thomas County,235136.3082937044,4.02,1750.2380952380954,6.71,21002.857142857145,0.744,11.2,8.93,5.81,Strong Buy,18604,-1.39,46054,0.59,9.23,12.35,1.33,38.09,2026-07-31,2026-07-31
Newberry,SC,"Newberry, SC",Newberry County,172155.15412667245,1.51,1283.3333333333333,NA,15400,0.745,11.2,8.95,5.81,Strong Buy,NA,NA,NA,NA,NA,NA,NA,NA,2026-07-31,2026-07-31
Bedford,OH,"Cleveland-Elyria, OH",Cuyahoga County,157852.4460460462,2.41,1172.8,5.37,14073.599999999999,0.743,11.2,8.92,5.8,Strong Buy,12834,-2.22,1240594,-1.75,1.72,9.97,5.22,40.95,2026-07-31,2026-07-31
Tinley Park,IL,"Chicago-Naperville-Elgin, IL-IN-WI",Cook County,337787.87824912125,4.66,2505.8425925925926,0.46,30070.11111111111,0.742,11.2,8.9,5.79,Strong Buy,54856,-1.74,5182617,-1.6,5.9,8.18,4.67,42.49,2026-07-31,2026-07-31
Horn Lake,MS,"Memphis, TN-MS-AR",DeSoto County,203546.2483824365,0.71,1511.8333333333333,-0.1,18142,0.743,11.2,8.91,5.79,Strong Buy,26574,-0.62,195871,5.23,10.71,6.4,13.83,22.2,2026-07-31,2026-07-31
Streamwood,IL,"Chicago-Naperville-Elgin, IL-IN-WI",Cook County,336661.3219376058,3.92,2492.4841269841268,2.53,29909.80952380952,0.74,11.3,8.88,5.77,Strong Buy,38360,-2.76,5182617,-1.6,5.9,8.18,4.67,42.49,2026-07-31,2026-07-31
Waycross,GA,"Waycross, GA",Ware County,145263.77552898054,2.32,1075,NA,12900,0.74,11.3,8.88,5.77,Strong Buy,NA,NA,NA,NA,NA,NA,NA,NA,2026-07-31,2026-07-31
Mount Pleasant,TX,"Mount Pleasant, TX",Titus County,223026.35661177195,-3.26,1650.1666666666667,NA,19802,0.74,11.3,8.88,5.77,Strong Buy,16238,0.71,31547,0.81,0.1,9.08,5.61,31.01,2026-07-31,2026-07-31
Verona,PA,"Pittsburgh, PA",Allegheny County,173627.64910051282,-0.54,1283.888888888889,2.34,15406.666666666668,0.739,11.3,8.87,5.77,Strong Buy,2403,-3.65,1231814,-1.43,2.72,9.6,6.37,35.07,2026-07-31,2026-07-31
Springdale,OH,"Cincinnati, OH-KY-IN",Hamilton County,239014.14701233772,1.08,1768.857142857143,-1.46,21226.285714285714,0.74,11.3,8.88,5.77,Strong Buy,11183,1.59,837359,0.84,4.18,7.42,4.2,41.01,2026-07-31,2026-07-31
Jemison,AL,"Birmingham-Hoover, AL",Chilton County,229306.0008106048,5.05,1695,NA,20340,0.739,11.3,8.87,5.77,Strong Buy,NA,NA,NA,NA,NA,NA,NA,NA,2026-07-31,2026-07-31
Sumter,SC,"Sumter, SC",Sumter County,207039.28901697331,1.13,1529.5902459954232,4.43,18355.082951945078,0.739,11.3,8.87,5.76,Strong Buy,42958,-1.12,104776,-0.68,2.83,12.91,4.61,33.25,2026-07-31,2026-07-31
Ellenwood,GA,"Atlanta-Sandy Springs-Alpharetta, GA",Dekalb County,281218.0576287836,-2.65,2075.7142255892254,7.44,24908.570707070707,0.738,11.3,8.86,5.76,Strong Buy,NA,NA,NA,NA,NA,NA,NA,NA,2026-07-31,2026-07-31
Hueytown,AL,"Birmingham-Hoover, AL",Jefferson County,164046.58300215486,0.83,1210.9444444444443,0.88,14531.333333333332,0.738,11.3,8.86,5.76,Strong Buy,16185,-3.55,664744,-1.48,0.68,13.13,7.2,36.28,2026-07-31,2026-07-31
Bolingbrook,IL,"Chicago-Naperville-Elgin, IL-IN-WI",Will County,374582.7419886259,2.59,2758.952380952381,3.92,33107.42857142857,0.737,11.3,8.84,5.75,Strong Buy,74756,1.26,708583,1.68,4.83,4.5,3.98,17.48,2026-07-31,2026-07-31
Socorro,TX,"El Paso, TX",El Paso County,209848.67180279593,1.57,1548.1666666666667,NA,18578,0.738,11.3,8.85,5.75,Strong Buy,38642,11.56,875784,1.05,-3.46,7.63,7.18,36.32,2026-07-31,2026-07-31
Watauga,TX,"Dallas-Fort Worth-Arlington, TX",Tarrant County,276574.998641252,-0.46,2038.5,-0.08,24462,0.737,11.3,8.84,5.75,Strong Buy,23120,-2.01,2230708,5.41,8.74,7.08,7.73,40.64,2026-07-31,2026-07-31
Cheviot,OH,"Cincinnati, OH-KY-IN",Hamilton County,184224.05832989703,0.04,1358.0555555555557,NA,16296.666666666668,0.737,11.3,8.85,5.75,Strong Buy,8640,-1.26,837359,0.84,4.18,7.42,4.2,41.01,2026-07-31,2026-07-31
Beaumont,TX,"Beaumont-Port Arthur, TX",Jefferson County,174566.21991377976,3.13,1284.856166511339,1.78,15418.273998136068,0.736,11.3,8.83,5.74,Strong Buy,112893,-1.73,253948,-0.87,-0.33,14.36,5.93,38.16,2026-07-31,2026-07-31
Riverdale,GA,"Atlanta-Sandy Springs-Alpharetta, GA",Clayton County,215729.60248039404,-4.31,1586.7820105820108,2.07,19041.38412698413,0.736,11.3,8.83,5.74,Strong Buy,14586,-2.83,297703,-0.58,-9.79,8.01,9.9,46.81,2026-07-31,2026-07-31
Tamarac,FL,"Miami-Fort Lauderdale-Pompano Beach, FL",Broward County,294542.3376713858,-5.15,2161.921568627451,-0.34,25943.058823529413,0.734,11.4,8.81,5.73,Strong Buy,75147,4.5,2037472,4.84,14.84,13.18,6.08,36.74,2026-07-31,2026-07-31
Port Richey,FL,"Tampa-St. Petersburg-Clearwater, FL",Pasco County,230118.9017007089,-0.79,1690.5650357778504,0.22,20286.780429334205,0.735,11.3,8.82,5.73,Strong Buy,3637,17.93,659114,16.41,37.43,13.3,5.54,24.5,2026-07-31,2026-07-31
Kings Mountain,NC,"Shelby, NC",Cleveland County,246804.97016549483,0.46,1814.0555555555557,NA,21768.666666666668,0.735,11.3,8.82,5.73,Strong Buy,11797,5.36,102194,2.25,9.82,15.41,5.45,29.35,2026-07-31,2026-07-31
Theodore,AL,"Mobile, AL",Mobile County,203872.83018252224,0.44,1498.75,NA,17985,0.735,11.3,8.82,5.73,Strong Buy,NA,NA,NA,NA,NA,NA,NA,NA,2026-07-31,2026-07-31
Runnemede,NJ,"Philadelphia-Camden-Wilmington, PA-NJ-DE-MD",Camden County,326735.64831154235,1.11,2400,NA,28800,0.735,11.3,8.81,5.73,Strong Buy,NA,NA,NA,NA,NA,NA,NA,NA,2026-07-31,2026-07-31
Trenton,OH,"Cincinnati, OH-KY-IN",Butler County,285502.29519370926,2.25,2092.5,NA,25110,0.733,11.4,8.8,5.72,Strong Buy,NA,NA,NA,NA,NA,NA,NA,NA,2026-07-31,2026-07-31
Dania Beach,FL,"Miami-Fort Lauderdale-Pompano Beach, FL",Broward County,337245.63464641105,-3.29,2468.5311813790076,-0.22,29622.37417654809,0.732,11.4,8.78,5.71,Strong Buy,33076,4.24,2037472,4.84,14.84,13.18,6.08,36.74,2026-07-31,2026-07-31
Forest Park,GA,"Atlanta-Sandy Springs-Alpharetta, GA",Clayton County,164986.0509958637,-5.84,1207.2687324929973,-1.38,14487.224789915967,0.732,11.4,8.78,5.71,Strong Buy,19301,-2.41,297703,-0.58,-9.79,8.01,9.9,46.81,2026-07-31,2026-07-31
Fort Valley,GA,"Warner Robins, GA",Peach County,162197.61064853545,3.76,1186.6666666666667,NA,14240,0.732,11.4,8.78,5.71,Strong Buy,NA,NA,NA,NA,NA,NA,NA,NA,2026-07-31,2026-07-31
New Baden,IL,"St. Louis, MO-IL",Clinton County,227055.6548234478,5.94,1662.5,NA,19950,0.732,11.4,8.79,5.71,Strong Buy,NA,NA,NA,NA,NA,NA,NA,NA,2026-07-31,2026-07-31
Augusta,GA,"Augusta-Richmond County, GA-SC",Richmond County,188453.79458127348,2.14,1378.1327361899382,2.63,16537.592834279258,0.731,11.4,8.78,5.7,Strong Buy,NA,NA,206303,-0.12,0.59,19.03,11.98,48.58,2026-07-31,2026-07-31
Gulfport,MS,"Gulfport-Biloxi, MS",Harrison County,205733.11293848135,1.59,1504.340740740741,2.75,18052.08888888889,0.731,11.4,8.77,5.7,Strong Buy,74621,2.39,213730,2.34,10.31,13.14,7.09,39.41,2026-07-31,2026-07-31
Bethany,OK,"Oklahoma City, OK",Oklahoma County,176832.34236538844,-1.38,1292.1239177489176,4.06,15505.48701298701,0.731,11.4,8.77,5.7,Strong Buy,20421,-1.92,816490,2.28,2.8,9.49,7.85,41.39,2026-07-31,2026-07-31
Lugoff,SC,"Columbia, SC",Kershaw County,268003.3247769291,3.28,1959,NA,23508,0.731,11.4,8.77,5.7,Strong Buy,NA,NA,NA,NA,NA,NA,NA,NA,2026-07-31,2026-07-31
Walkertown,NC,"Winston-Salem, NC",Forsyth County,273697.2427727157,2.49,2000,NA,24000,0.731,11.4,8.77,5.7,Strong Buy,NA,NA,NA,NA,NA,NA,NA,NA,2026-07-31,2026-07-31
Iowa Colony,TX,"Houston-The Woodlands-Sugar Land, TX",Brazoria County,335979.1942200339,-4.66,2455.171428571429,-0.44,29462.057142857146,0.731,11.4,8.77,5.7,Strong Buy,17240,101.07,413224,10.63,23.74,10.51,11.33,26,2026-07-31,2026-07-31
Splendora,TX,"Houston-The Woodlands-Sugar Land, TX",Montgomery County,245197.93856077085,-1.43,1788.4888888888888,NA,21461.866666666665,0.729,11.4,8.75,5.69,Strong Buy,2063,21.57,749613,19.86,40.55,7.22,7.84,28.27,2026-07-31,2026-07-31
Shiloh,OH,"Dayton-Kettering, OH",Montgomery County,151511.97419736322,3.71,1105.0190476190476,1.4,13260.228571428572,0.729,11.4,8.75,5.69,Strong Buy,612,-0.65,537443,0.06,5.01,8.84,4.22,37.67,2026-07-31,2026-07-31
Cayce,SC,"Columbia, SC",Lexington County,213846.02769180312,2.59,1559.1666666666667,4.38,18710,0.729,11.4,8.75,5.69,Strong Buy,13645,-0.81,313774,6.37,11.83,7.71,3.5,23.15,2026-07-31,2026-07-31
Highland Heights,KY,"Cincinnati, OH-KY-IN",Campbell County,209641.62926106344,-0.96,1528.75,NA,18345,0.729,11.4,8.75,5.69,Strong Buy,NA,NA,NA,NA,NA,NA,NA,NA,2026-07-31,2026-07-31
Maxwell,TX,"Austin-Round Rock-Georgetown, TX",Caldwell County,262699.9109239618,-5.14,1916.8055555555557,-1.82,23001.666666666668,0.73,11.4,8.76,5.69,Strong Buy,NA,NA,52430,14.11,40.84,7.48,5.19,26.83,2026-07-31,2026-07-31
Columbus,MS,"Columbus, MS",Lowndes County,181952.66384009967,2.27,1325.7777777777776,5.24,15909.333333333332,0.729,11.4,8.74,5.68,Strong Buy,22820,-4.9,57210,-2.68,-3.57,15.59,6.55,37.69,2026-07-31,2026-07-31
Pennsauken,NJ,"Philadelphia-Camden-Wilmington, PA-NJ-DE-MD",Camden County,320477.72043876344,7.17,2335.288888888889,2.03,28023.466666666667,0.729,11.4,8.74,5.68,Strong Buy,NA,NA,533988,2.07,5.74,5.92,4.3,34.97,2026-07-31,2026-07-31
Wilkes-Barre,PA,"Scranton--Wilkes-Barre, PA",Luzerne County,184033.76286755624,1.6,1337.0238095238094,4.38,16044.285714285714,0.727,11.5,8.72,5.67,Strong Buy,44661,0.87,331379,1.89,10.61,11.64,4.79,32.25,2026-07-31,2026-07-31
Roseville,MI,"Detroit-Warren-Dearborn, MI",Macomb County,175802.50067034006,2.8,1277.9038461538462,2.73,15334.846153846154,0.727,11.5,8.72,5.67,Strong Buy,47047,-1.2,886175,0.67,8.17,4.12,3.23,25.04,2026-07-31,2026-07-31
Ludowici,GA,"Hinesville, GA",Long County,292284.04876018106,2.52,2123.111111111111,NA,25477.33333333333,0.726,11.5,8.72,5.67,Strong Buy,NA,NA,NA,NA,NA,NA,NA,NA,2026-07-31,2026-07-31
Goldsboro,NC,"Goldsboro, NC",Wayne County,194545.76850756293,1.49,1411.2685185185185,4.16,16935.222222222223,0.725,11.5,8.71,5.66,Strong Buy,34629,0.39,120338,2.18,4.92,11.76,1.6,38.48,2026-07-31,2026-07-31
Texarkana,AR,"Texarkana, TX-AR",Miller County,165785.0128024019,1.58,1204.0416666666663,NA,14448.499999999996,0.726,11.5,8.72,5.66,Strong Buy,NA,NA,NA,NA,NA,NA,NA,NA,2026-07-31,2026-07-31
Barberton,OH,"Akron, OH",Summit County,158581.10339860362,4.38,1150.977777777778,NA,13811.733333333337,0.726,11.5,8.71,5.66,Strong Buy,24624,-2.05,538370,-0.27,4.33,7.17,3.55,32.71,2026-07-31,2026-07-31
Hinesville,GA,"Hinesville, GA",Liberty County,238328.55842348616,-0.92,1726.1026466026467,5.32,20713.23175923176,0.724,11.5,8.69,5.65,Strong Buy,36583,4.31,68607,5,-6.97,14.04,8.85,50.06,2026-07-31,2026-07-31
Covington,KY,"Cincinnati, OH-KY-IN",Kenton County,222724.88439878068,-0.61,1614.3593129361243,4.32,19372.31175523349,0.725,11.5,8.7,5.65,Strong Buy,41611,1.63,174862,3.3,10.73,7.27,5.15,29.96,2026-07-31,2026-07-31
Fairborn,OH,"Dayton-Kettering, OH",Greene County,210325.65524137043,4.46,1524.5405982905984,7.62,18294.48717948718,0.725,11.5,8.7,5.65,Strong Buy,35105,1.53,172347,2.51,11.6,6.18,4.42,32.42,2026-07-31,2026-07-31
Hanover Park,IL,"Chicago-Naperville-Elgin, IL-IN-WI",DuPage County,338429.1436925766,4.14,2450.3333333333335,5.59,29404,0.724,11.5,8.69,5.65,Strong Buy,36685,-1.76,937142,0.6,5.3,4.53,5.6,26.87,2026-07-31,2026-07-31
Crosby,TX,"Houston-The Woodlands-Sugar Land, TX",Harris County,262592.9143457755,-2.59,1899.669312169312,2.95,22796.031746031746,0.723,11.5,8.68,5.64,Strong Buy,NA,NA,5009302,5.78,13.97,8.3,8.76,45.24,2026-07-31,2026-07-31
Portales,NM,"Portales, NM",Roosevelt County,134782.67772098735,0.09,975.2380952380952,4.48,11702.857142857141,0.724,11.5,8.68,5.64,Strong Buy,11789,-2.8,18713,-2.3,-9.14,15.41,10.42,38.03,2026-07-31,2026-07-31
Ranlo,NC,"Charlotte-Concord-Gastonia, NC-SC",Gaston County,265867.8516769188,0.01,1921.6666666666667,NA,23060,0.723,11.5,8.67,5.64,Strong Buy,NA,NA,NA,NA,NA,NA,NA,NA,2026-07-31,2026-07-31
Oak Forest,IL,"Chicago-Naperville-Elgin, IL-IN-WI",Cook County,303573.77396668727,5.92,2193.055555555555,NA,26316.666666666664,0.722,11.5,8.67,5.63,Strong Buy,26813,-2.04,5182617,-1.6,5.9,8.18,4.67,42.49,2026-07-31,2026-07-31
White Hall,AR,"Pine Bluff, AR",Jefferson County,138632.0388622091,2.21,1000,NA,12000,0.721,11.6,8.66,5.63,Strong Buy,NA,NA,NA,NA,NA,NA,NA,NA,2026-07-31,2026-07-31
Cache,OK,"Lawton, OK",Comanche County,214763.73661688957,9.42,1550,NA,18600,0.722,11.5,8.66,5.63,Strong Buy,NA,NA,NA,NA,NA,NA,NA,NA,2026-07-31,2026-07-31
Lansing,MI,"Lansing-East Lansing, MI",Ingham County,170959.24684311412,2.1,1231.2328460038989,3.92,14774.794152046787,0.72,11.6,8.64,5.62,Strong Buy,114336,1.58,290427,1.9,8.02,7.35,5.48,40.45,2026-07-31,2026-07-31
Pearl,MS,"Jackson, MS",Rankin County,211158.77327609656,4.16,1522.2172494172494,7.39,18266.606993006993,0.721,11.6,8.65,5.62,Strong Buy,28458,5.05,160573,2.16,0.45,6.95,6.63,22.38,2026-07-31,2026-07-31
Rockmart,GA,"Cedartown, GA",Polk County,258869.5220013597,0.62,1865.888888888889,NA,22390.666666666668,0.721,11.6,8.65,5.62,Strong Buy,NA,NA,NA,NA,NA,NA,NA,NA,2026-07-31,2026-07-31
Greenville,MI,"Grand Rapids-Kentwood, MI",Montcalm County,277729.7059638726,5.86,2000,NA,24000,0.72,11.6,8.64,5.62,Strong Buy,NA,NA,NA,NA,NA,NA,NA,NA,2026-07-31,2026-07-31
Greenbelt,MD,"Washington-Arlington-Alexandria, DC-VA-MD-WV",Prince Georges County,281554.93641361495,-2.98,2025.9892264598147,1.57,24311.870717517777,0.72,11.6,8.63,5.61,Strong Buy,24843,-0.09,NA,NA,NA,NA,NA,NA,2026-07-31,2026-07-31
Diamondhead,MS,"Gulfport-Biloxi, MS",Hancock County,248398.0780875651,0.99,1786.25,NA,21435,0.719,11.6,8.63,5.61,Strong Buy,NA,NA,NA,NA,NA,NA,NA,NA,2026-07-31,2026-07-31
Aventura,FL,"Miami-Fort Lauderdale-Pompano Beach, FL",Miami-Dade County,423548.09251371026,-6.44,3041.219298245614,0.27,36494.63157894737,0.718,11.6,8.62,5.6,Strong Buy,40531,1.22,2838461,5.29,19.88,11.11,5.36,47.81,2026-07-31,2026-07-31
Tamaqua,PA,"Pottsville, PA",Schuylkill County,159596.3496814785,3.15,1145.8333333333333,NA,13750,0.718,11.6,8.62,5.6,Strong Buy,NA,NA,NA,NA,NA,NA,NA,NA,2026-07-31,2026-07-31
Washingtonville,NY,"Poughkeepsie-Newburgh-Middletown, NY",Orange County,536583.6719466164,5.08,3850,NA,46200,0.718,11.6,8.61,5.6,Strong Buy,NA,NA,NA,NA,NA,NA,NA,NA,2026-07-31,2026-07-31
Saint Louis,MO,"St. Louis, MO-IL",Saint Louis City,188568.78085555095,-0.41,1352.342420162232,4.26,16228.109041946784,0.717,11.6,8.61,5.59,Strong Buy,NA,NA,NA,NA,NA,NA,NA,NA,2026-07-31,2026-07-31
Macon,GA,"Macon-Bibb County, GA",Bibb County,174257.32951372687,2.56,1248.5414604093005,2.83,14982.497524911607,0.716,11.6,8.6,5.59,Strong Buy,NA,NA,157056,0.01,1.57,16.96,11.19,48.48,2026-07-31,2026-07-31
Roswell,NM,"Roswell, NM",Chaves County,177919.91233006158,1.05,1272.6444444444444,8.72,15271.733333333334,0.715,11.7,8.58,5.58,Strong Buy,47176,-2.61,63697,-2.23,0.17,11.9,6.07,31.31,2026-07-31,2026-07-31
Orland Park,IL,"Chicago-Naperville-Elgin, IL-IN-WI",Cook County,414278.84647864656,5.73,2957.136111111111,3.75,35485.63333333333,0.714,11.7,8.57,5.57,Strong Buy,58020,-0.9,5182617,-1.6,5.9,8.18,4.67,42.49,2026-07-31,2026-07-31
Round Lake,IL,"Chicago-Naperville-Elgin, IL-IN-WI",Lake County,332424.562224781,4.27,2375,NA,28500,0.714,11.7,8.57,5.57,Strong Buy,NA,NA,NA,NA,NA,NA,NA,NA,2026-07-31,2026-07-31
Bridge City,TX,"Beaumont-Port Arthur, TX",Orange County,207887.09981772743,1.31,1483.3333333333333,NA,17800,0.714,11.7,8.56,5.57,Strong Buy,NA,NA,NA,NA,NA,NA,NA,NA,2026-07-31,2026-07-31
Pinehurst,TX,"Beaumont-Port Arthur, TX",Orange County,157068.33415236915,5.01,1122.3333333333333,NA,13468,0.715,11.7,8.57,5.57,Strong Buy,NA,NA,NA,NA,NA,NA,NA,NA,2026-07-31,2026-07-31
Marrero,LA,"New Orleans-Metairie, LA",Jefferson Parish,235416.26445269331,6.66,1677.3809523809523,-3.33,20128.571428571428,0.713,11.7,8.55,5.56,Strong Buy,NA,NA,427253,-2.84,2.2,8.82,5.5,37.69,2026-07-31,2026-07-31
Wayne,MI,"Detroit-Warren-Dearborn, MI",Wayne County,176481.63495641947,0.7,1258.4166666666667,6.65,15101,0.713,11.7,8.56,5.56,Strong Buy,17129,-2.92,1771063,-1.04,3.75,12.9,4.58,35.52,2026-07-31,2026-07-31
Fort Pierce,FL,"Port St. Lucie, FL",Saint Lucie County,277496.15951719455,-2.2,1974.0823529411764,3.38,23688.988235294117,0.711,11.7,8.54,5.55,Strong Buy,50805,6.6,NA,NA,NA,NA,NA,NA,2026-07-31,2026-07-31
Lorain,OH,"Cleveland-Elyria, OH",Lorain County,157362.5524031239,3.94,1118.851851851852,3.32,13426.222222222223,0.711,11.7,8.53,5.55,Strong Buy,65751,0.8,322030,2.71,9.62,7.17,7.76,26.3,2026-07-31,2026-07-31
Edgewater,FL,"Deltona-Daytona Beach-Ormond Beach, FL",Volusia County,297490.6274241355,-1.03,2114.9166666666665,5.21,25379,0.711,11.7,8.53,5.55,Strong Buy,24334,5.13,602772,8.46,21.72,14.56,6.51,27.2,2026-07-31,2026-07-31
Gibsonton,FL,"Tampa-St. Petersburg-Clearwater, FL",Hillsborough County,317633.61093848106,-3.64,2259.5,4.69,27114,0.711,11.7,8.54,5.55,Strong Buy,NA,NA,1581426,7.85,12.2,7.8,6.74,38.94,2026-07-31,2026-07-31
Haverstraw,NY,"New York-Newark-Jersey City, NY-NJ-PA",Rockland County,459632.7099495199,2.54,3268.2777777777774,2.98,39219.33333333333,0.711,11.7,8.53,5.55,Strong Buy,12445,1.46,348144,3.19,1.26,4.87,2.49,31.75,2026-07-31,2026-07-31
Ferris,TX,"Dallas-Fort Worth-Arlington, TX",Ellis County,293409.94628260663,-0.95,2087.5,NA,25050,0.711,11.7,8.54,5.55,Strong Buy,NA,NA,NA,NA,NA,NA,NA,NA,2026-07-31,2026-07-31
Beckley,WV,"Beckley, WV",Raleigh County,154327.96739237933,1.08,1095.8333333333333,NA,13150,0.71,11.7,8.52,5.54,Strong Buy,16515,-4.06,72379,-2.73,3.55,16.1,7.19,25.35,2026-07-31,2026-07-31
Burbank,IL,"Chicago-Naperville-Elgin, IL-IN-WI",Cook County,316257.29576351243,6.36,2247.222222222222,NA,26966.666666666664,0.711,11.7,8.53,5.54,Strong Buy,NA,NA,NA,NA,NA,NA,NA,NA,2026-07-31,2026-07-31
Corsicana,TX,"Corsicana, TX",Navarro County,180790.3639539843,-0.91,1283.702380952381,5.55,15404.428571428572,0.71,11.7,8.52,5.54,Strong Buy,25591,1.78,56533,6.95,11.92,15.17,1.6,31.97,2026-07-31,2026-07-31
Bluefield,WV,"Bluefield, WV-VA",Mercer County,114617.0640076474,-4.09,813.8888888888888,NA,9766.666666666666,0.71,11.7,8.52,5.54,Strong Buy,NA,NA,NA,NA,NA,NA,NA,NA,2026-07-31,2026-07-31
West Carrollton,OH,"Dayton-Kettering, OH",Montgomery County,177746.51182069912,5.85,1262.8194444444443,NA,15153.833333333332,0.71,11.7,8.53,5.54,Strong Buy,12911,-1.44,537443,0.06,5.01,8.84,4.22,37.67,2026-07-31,2026-07-31
Chicago,IL,"Chicago-Naperville-Elgin, IL-IN-WI",Cook County,337992.6494161491,4.51,2394.534503594,6.02,28734.414043128,0.708,11.8,8.5,5.53,Strong Buy,2721308,-0.87,5182617,-1.6,5.9,8.18,4.67,42.49,2026-07-31,2026-07-31
Midwest City,OK,"Oklahoma City, OK",Oklahoma County,170508.78509248773,0.36,1207.9690382081687,2.87,14495.628458498024,0.708,11.8,8.5,5.53,Strong Buy,58505,0.07,816490,2.28,2.8,9.49,7.85,41.39,2026-07-31,2026-07-31
Converse,TX,"San Antonio-New Braunfels, TX",Bexar County,243003.143445181,-4.07,1722.0547409579667,0.42,20664.6568914956,0.709,11.8,8.5,5.53,Strong Buy,31400,12.69,2127737,5.56,8.6,8.27,8.16,40.89,2026-07-31,2026-07-31
Gadsden,AL,"Gadsden, AL",Etowah County,116676.1425905013,5.58,827.5,NA,9930,0.709,11.7,8.51,5.53,Strong Buy,NA,NA,NA,NA,NA,NA,NA,NA,2026-07-31,2026-07-31
Defuniak Springs,FL,"Crestview-Fort Walton Beach-Destin, FL",Walton County,232757.40340005409,0.34,1650,NA,19800,0.709,11.8,8.51,5.53,Strong Buy,NA,NA,NA,NA,NA,NA,NA,NA,2026-07-31,2026-07-31
Beverly Hills,FL,"Homosassa Springs, FL",Citrus County,236880.67175879484,-2.69,1679.1666666666667,NA,20150,0.709,11.8,8.51,5.53,Strong Buy,NA,NA,170174,10.1,32.17,16.44,8.93,15.17,2026-07-31,2026-07-31
Old Town,ME,"Bangor, ME",Penobscot County,259544.0187054111,0.4,1838.8888888888887,NA,22066.666666666664,0.709,11.8,8.5,5.53,Strong Buy,7511,1.08,156840,3.06,7.33,14.11,6.32,29.72,2026-07-31,2026-07-31
Lacy-Lakeview,TX,"Waco, TX",McLennan County,192047.8473024977,0.98,1361.0555555555557,NA,16332.666666666668,0.709,11.8,8.5,5.53,Strong Buy,NA,NA,NA,NA,NA,NA,NA,NA,2026-07-31,2026-07-31
Royse City,TX,"Dallas-Fort Worth-Arlington, TX",Rockwall County,312412.570746798,-4.79,2212.214814814815,-0.86,26546.577777777777,0.708,11.8,8.5,5.52,Strong Buy,26387,91.82,137044,25.5,35.89,4.62,4.94,17.44,2026-07-31,2026-07-31
Evergreen Park,IL,"Chicago-Naperville-Elgin, IL-IN-WI",Cook County,294043.9532017372,5.16,2080.8333333333335,NA,24970,0.708,11.8,8.49,5.52,Strong Buy,NA,NA,NA,NA,NA,NA,NA,NA,2026-07-31,2026-07-31
Macedonia,OH,"Akron, OH",Summit County,350514.3993996726,2.04,2480.5,NA,29766,0.708,11.8,8.49,5.52,Strong Buy,NA,NA,NA,NA,NA,NA,NA,NA,2026-07-31,2026-07-31
White Settlement,TX,"Dallas-Fort Worth-Arlington, TX",Tarrant County,219277.39414117308,-3.02,1550.138888888889,7.62,18601.666666666668,0.707,11.8,8.48,5.51,Strong Buy,18099,-0.94,2230708,5.41,8.74,7.08,7.73,40.64,2026-07-31,2026-07-31
Emeryville,CA,"San Francisco-Oakland-Berkeley, CA",Alameda County,439341.97675817105,-9.49,3105.947688087774,6.27,37271.37225705329,0.707,11.8,8.48,5.51,Strong Buy,13912,7.67,1649060,-1.88,3.29,5.96,5.26,45.93,2026-07-31,2026-07-31
Dunn,NC,"Fayetteville, NC",Sampson County,228736.9088103842,2.52,1612.25,NA,19347,0.705,11.8,8.46,5.5,Strong Buy,NA,NA,NA,NA,NA,NA,NA,NA,2026-07-31,2026-07-31
Houma,LA,"Houma-Thibodaux, LA",Terrebonne Parish,189194.59691760395,-5.45,1330.6122004357296,4.09,15967.346405228756,0.703,11.8,8.44,5.49,Strong Buy,31671,-5.02,103864,-5.07,-2.96,11.42,3.27,26.37,2026-07-31,2026-07-31
Camden,SC,"Columbia, SC",Kershaw County,248393.64776031484,2.57,1748.0833333333337,NA,20977.000000000004,0.704,11.8,8.45,5.49,Strong Buy,NA,NA,NA,NA,NA,NA,NA,NA,2026-07-31,2026-07-31
Moody,AL,"Birmingham-Hoover, AL",Saint Clair County,266477.9654140238,2.95,1874.3333333333333,2.18,22492,0.703,11.8,8.44,5.49,Strong Buy,13596,2.8,NA,NA,NA,NA,NA,NA,2026-07-31,2026-07-31
Glenn Heights,TX,"Dallas-Fort Worth-Arlington, TX",Dallas County,331753.2129212361,-2.75,2333.616666666667,3.96,28003.4,0.703,11.8,8.44,5.49,Strong Buy,19752,22.84,2656028,1.73,0.15,7.76,8.95,49.22,2026-07-31,2026-07-31
Dundalk,MD,"Baltimore-Columbia-Towson, MD",Baltimore County,224832.63850358664,-1.29,1580.5283281733748,1.44,18966.3399380805,0.703,11.9,8.44,5.48,Strong Buy,NA,NA,852425,-0.11,3.96,5.75,5.61,33.67,2026-07-31,2026-07-31
Alamogordo,NM,"Alamogordo, NM",Otero County,222125.3061298339,-3.46,1561.651048951049,3.37,18739.812587412587,0.703,11.9,8.44,5.48,Strong Buy,31667,2.34,69711,2.72,4.49,25.05,7.77,34.96,2026-07-31,2026-07-31
Rock Island,IL,"Davenport-Moline-Rock Island, IA-IL",Rock Island County,129626.44203557652,0.68,911,5.27,10932,0.703,11.9,8.43,5.48,Strong Buy,36434,-1.56,142731,-1.13,6.16,8.32,6.67,31.37,2026-07-31,2026-07-31
San Juan,TX,"McAllen-Edinburg-Mission, TX",Hidalgo County,180294.38217268337,-0.43,1266.6666666666663,NA,15199.999999999996,0.703,11.9,8.43,5.48,Strong Buy,NA,NA,NA,NA,NA,NA,NA,NA,2026-07-31,2026-07-31
Hamtramck,MI,"Detroit-Warren-Dearborn, MI",Wayne County,165574.18475002752,-1.76,1162.5,NA,13950,0.702,11.9,8.43,5.48,Strong Buy,NA,NA,NA,NA,NA,NA,NA,NA,2026-07-31,2026-07-31
Graniteville,SC,"Augusta-Richmond County, GA-SC",Aiken County,282653.6293522473,3.72,1986.375,NA,23836.5,0.703,11.9,8.43,5.48,Strong Buy,NA,NA,NA,NA,NA,NA,NA,NA,2026-07-31,2026-07-31
Sunrise,FL,"Miami-Fort Lauderdale-Pompano Beach, FL",Broward County,363927.24371030554,-3.53,2550.9045872224856,0.77,30610.85504666983,0.701,11.9,8.41,5.47,Strong Buy,100128,3.12,2037472,4.84,14.84,13.18,6.08,36.74,2026-07-31,2026-07-31
Pharr,TX,"McAllen-Edinburg-Mission, TX",Hidalgo County,163130.0881666747,-1.59,1143.7713027713028,-0.1,13725.255633255634,0.701,11.9,8.41,5.47,Strong Buy,81142,1.62,914820,4.8,3.41,12.59,6.81,32.43,2026-07-31,2026-07-31
Macomb,IL,"Macomb, IL",McDonough County,112033.66750383902,2.27,785.625,NA,9427.5,0.701,11.9,8.41,5.47,Strong Buy,NA,NA,NA,NA,NA,NA,NA,NA,2026-07-31,2026-07-31
Carterville,IL,"Carbondale-Marion, IL",Williamson County,185300.78926409667,1.35,1300,NA,15600,0.702,11.9,8.42,5.47,Strong Buy,NA,NA,NA,NA,NA,NA,NA,NA,2026-07-31,2026-07-31
Jarrell,TX,"Austin-Round Rock-Georgetown, TX",Williamson County,256116.7553347311,-5.9,1795.5899470899474,-2.08,21547.079365079368,0.701,11.9,8.41,5.47,Strong Buy,5151,184.43,727480,18.17,29.75,3.91,3.51,32.92,2026-07-31,2026-07-31
Aurora,IL,"Chicago-Naperville-Elgin, IL-IN-WI",Kane County,326890.2102153018,2.92,2288.5539114881217,2.51,27462.646937857462,0.7,11.9,8.4,5.46,Strong Buy,180710,0.25,520997,0.89,3.7,3.54,3.6,24.26,2026-07-31,2026-07-31
Ponchatoula,LA,"Hammond, LA",Tangipahoa Parish,250568.8035022395,1.76,1755.5555555555557,1.81,21066.666666666668,0.701,11.9,8.41,5.46,Strong Buy,7735,-1.19,139823,4.63,10.29,14.44,8.3,28.48,2026-07-31,2026-07-31
Crystal River,FL,"Homosassa Springs, FL",Citrus County,272088.41086324607,-2.26,1904.1666666666667,-1.35,22850,0.7,11.9,8.4,5.46,Strong Buy,3661,2.72,170174,10.1,32.17,16.44,8.93,15.17,2026-07-31,2026-07-31
Berkley,MI,"Detroit-Warren-Dearborn, MI",Oakland County,320755.5659327193,1.9,2243.7777777777774,NA,26925.33333333333,0.7,11.9,8.39,5.46,Strong Buy,15313,0.96,1296888,1.91,10.58,5.25,6.51,27.73,2026-07-31,2026-07-31
Volo,IL,"Chicago-Naperville-Elgin, IL-IN-WI",Lake County,379392.1024117899,4.76,2655.333333333333,NA,31863.999999999996,0.7,11.9,8.4,5.46,Strong Buy,NA,NA,NA,NA,NA,NA,NA,NA,2026-07-31,2026-07-31
Clinton,MS,"Jackson, MS",Hinds County,239559.3601361064,2.11,1672.5999999999997,11.44,20071.199999999997,0.698,11.9,8.38,5.45,Strong Buy,26617,-4.83,211975,-6.53,-12.73,15.54,7.94,42.12,2026-07-31,2026-07-31
Noble,OK,"Oklahoma City, OK",Cleveland County,210358.13693518649,0.95,1470,NA,17640,0.699,11.9,8.39,5.45,Strong Buy,7779,10.61,303952,2.6,5.34,6.41,5.83,35.92,2026-07-31,2026-07-31
Moline,IL,"Davenport-Moline-Rock Island, IA-IL",Rock Island County,152494.9134938753,4.67,1064.5059523809523,6.12,12774.071428571428,0.698,11.9,8.38,5.44,Strong Buy,42442,-1.05,142731,-1.13,6.16,8.32,6.67,31.37,2026-07-31,2026-07-31
Fairview Heights,IL,"St. Louis, MO-IL",Saint Clair County,202495.4655836156,1.47,1411.5,NA,16938,0.697,12,8.36,5.44,Strong Buy,16115,-3.31,NA,NA,NA,NA,NA,NA,2026-07-31,2026-07-31
Callaway,FL,"Panama City, FL",Bay County,266917.57493718766,0.2,1861.425925925926,1.37,22337.111111111113,0.697,11.9,8.37,5.44,Strong Buy,14138,8.93,199718,14.42,36.38,28.33,10.57,31.72,2026-07-31,2026-07-31
Waco,TX,"Waco, TX",McLennan County,197359.43603566368,-1.85,1372.70866509991,0.81,16472.50398119892,0.696,12,8.35,5.43,Strong Buy,146608,4.32,270358,3.51,2.79,10.47,4.56,38.83,2026-07-31,2026-07-31
Rome,NY,"Utica-Rome, NY",Oneida County,215447.79691383024,7.02,1500,NA,18000,0.696,12,8.35,5.43,Strong Buy,31990,0.32,228347,-1.19,3.34,10.38,5.43,32.21,2026-07-31,2026-07-31
Opelousas,LA,"Opelousas, LA",Saint Landry Parish,127391.30976545904,-3.7,887.5,NA,10650,0.697,12,8.36,5.43,Strong Buy,NA,NA,NA,NA,NA,NA,NA,NA,2026-07-31,2026-07-31
Jefferson,LA,"New Orleans-Metairie, LA",Jefferson Parish,259924.1707107886,-6.78,1811.111111111111,4.44,21733.333333333332,0.697,12,8.36,5.43,Strong Buy,NA,NA,427253,-2.84,2.2,8.82,5.5,37.69,2026-07-31,2026-07-31
Eagle Lake,FL,"Lakeland-Winter Haven, FL",Polk County,280329.2884657733,-1.78,1950,NA,23400,0.696,12,8.35,5.43,Strong Buy,NA,NA,NA,NA,NA,NA,NA,NA,2026-07-31,2026-07-31
Marathon,FL,"Key West, FL",Monroe County,827634.5413728365,0.17,5766,NA,69192,0.697,12,8.36,5.43,Strong Buy,NA,NA,NA,NA,NA,NA,NA,NA,2026-07-31,2026-07-31
Lake Wales,FL,"Lakeland-Winter Haven, FL",Polk County,241880.9346590475,-2.67,1679.857142857143,1.74,20158.285714285714,0.694,12,8.33,5.42,Strong Buy,17798,9.26,852878,16.8,32.56,16.11,4.75,29.98,2026-07-31,2026-07-31
Deridder,LA,"DeRidder, LA",Beauregard Parish,196748.07924076033,-3.97,1367.1666666666667,NA,16406,0.695,12,8.34,5.42,Strong Buy,NA,NA,36695,0.24,-6.46,14.26,3.84,16.83,2026-07-31,2026-07-31
Niagara Falls,NY,"Buffalo-Cheektowaga, NY",Niagara County,175990.82700555134,6.46,1221.111111111111,7.24,14653.333333333332,0.694,12,8.33,5.41,Strong Buy,47512,-2.08,209570,-1.21,2.67,8.81,4.61,29.1,2026-07-31,2026-07-31
Locust Grove,GA,"Atlanta-Sandy Springs-Alpharetta, GA",Henry County,325733.35858469846,-2.03,2259.0706959706963,3.31,27108.848351648354,0.694,12,8.32,5.41,Strong Buy,11749,27.89,259315,7.21,13.48,5.36,6.33,27.46,2026-07-31,2026-07-31
Rosedale,MD,"Baltimore-Columbia-Towson, MD",Baltimore County,320698.60299205844,0.84,2225.8333333333335,NA,26710,0.694,12,8.33,5.41,Strong Buy,NA,NA,852425,-0.11,3.96,5.75,5.61,33.67,2026-07-31,2026-07-31
Polk City,FL,"Lakeland-Winter Haven, FL",Polk County,253981.16923425184,-3.99,1762.7333333333331,NA,21152.799999999996,0.694,12,8.33,5.41,Strong Buy,3076,10.97,852878,16.8,32.56,16.11,4.75,29.98,2026-07-31,2026-07-31
Mount Clemens,MI,"Detroit-Warren-Dearborn, MI",Macomb County,181703.57383757655,1.69,1259.7222222222224,12.55,15116.666666666668,0.693,12,8.32,5.41,Strong Buy,NA,NA,NA,NA,NA,NA,NA,NA,2026-07-31,2026-07-31
Lake Worth,TX,"Dallas-Fort Worth-Arlington, TX",Tarrant County,233749.39489254053,1.65,1621.5,7.6,19458,0.694,12,8.32,5.41,Strong Buy,NA,NA,NA,NA,NA,NA,NA,NA,2026-07-31,2026-07-31
Quincy,IL,"Quincy, IL-MO",Adams County,183694.26132367612,4.03,1272.142857142857,7.11,15265.714285714286,0.693,12,8.31,5.4,Strong Buy,38786,-1.99,64109,-2.31,-3.59,8.3,6.55,27.5,2026-07-31,2026-07-31
Paris,TX,"Paris, TX",Lamar County,173973.78566104113,1.88,1203.9166666666663,NA,14446.999999999996,0.692,12,8.3,5.4,Strong Buy,NA,NA,NA,NA,NA,NA,NA,NA,2026-07-31,2026-07-31
McKees Rocks,PA,"Pittsburgh, PA",Allegheny County,194863.6725975947,0.88,1348.986111111111,1.27,16187.833333333332,0.692,12,8.31,5.4,Strong Buy,5694,-3.64,1231814,-1.43,2.72,9.6,6.37,35.07,2026-07-31,2026-07-31
Mattoon,IL,"Charleston-Mattoon, IL",Coles County,131145.92689232112,4.12,907.3333333333331,NA,10887.999999999998,0.692,12,8.3,5.4,Strong Buy,NA,NA,NA,NA,NA,NA,NA,NA,2026-07-31,2026-07-31
Nevada,IA,"Ames, IA",Story County,250101.3928404633,2.43,1730,NA,20760,0.692,12,8.3,5.4,Strong Buy,NA,NA,NA,NA,NA,NA,NA,NA,2026-07-31,2026-07-31
Aspen,CO,"Glenwood Springs, CO",Pitkin County,3462307.8828067207,7.07,23908.333333333332,3.43,286900,0.691,12.1,8.29,5.39,Strong Buy,6556,-6.24,16643,-4.16,-8.05,32.35,11.46,32.5,2026-07-31,2026-07-31
Ruskin,FL,"Tampa-St. Petersburg-Clearwater, FL",Hillsborough County,314013.08528000093,-4.11,2165.2314814814813,-0.83,25982.777777777774,0.69,12.1,8.27,5.38,Strong Buy,NA,NA,1581426,7.85,12.2,7.8,6.74,38.94,2026-07-31,2026-07-31
Louisville,OH,"Canton-Massillon, OH",Stark County,251098.0132945139,4.69,1732.4166666666667,12.37,20789,0.69,12.1,8.28,5.38,Strong Buy,9793,3.03,374091,-0.12,4.1,7.26,2.95,31.43,2026-07-31,2026-07-31
Gloucester City,NJ,"Philadelphia-Camden-Wilmington, PA-NJ-DE-MD",Camden County,243319.8392276092,-4.4,1679.5,NA,20154,0.69,12.1,8.28,5.38,Strong Buy,NA,NA,NA,NA,NA,NA,NA,NA,2026-07-31,2026-07-31
Hapeville,GA,"Atlanta-Sandy Springs-Alpharetta, GA",Fulton County,269815.7361738898,-5.54,1860.4222222222224,1.29,22325.06666666667,0.69,12.1,8.27,5.38,Strong Buy,6712,2.25,1090354,1.97,1.33,8.52,7.69,45.86,2026-07-31,2026-07-31
Pinellas Park,FL,"Tampa-St. Petersburg-Clearwater, FL",Pinellas County,305323.4583866389,-2.83,2100.789606592238,-0.75,25209.47527910686,0.688,12.1,8.26,5.37,Strong Buy,53503,0.21,965870,0.63,3.8,18.32,8.78,30.56,2026-07-31,2026-07-31
Enterprise,AL,"Enterprise, AL",Coffee County,211605.55749608643,0.07,1456.0641025641023,4.17,17472.769230769227,0.688,12.1,8.26,5.37,Strong Buy,30731,6.56,56358,5.21,10.13,14.5,10.65,30.77,2026-07-31,2026-07-31
Sheffield,AL,"Florence-Muscle Shoals, AL",Colbert County,135876.19611434106,2.3,936.25,NA,11235,0.689,12.1,8.27,5.37,Strong Buy,NA,NA,NA,NA,NA,NA,NA,NA,2026-07-31,2026-07-31
Plainfield,IL,"Chicago-Naperville-Elgin, IL-IN-WI",Will County,432278.9841477104,1.5,2969.6181818181817,4.49,35635.41818181818,0.687,12.1,8.24,5.36,Strong Buy,48881,8.7,708583,1.68,4.83,4.5,3.98,17.48,2026-07-31,2026-07-31
Rocky Mount,NC,"Rocky Mount, NC",Nash County,189217.72533022505,-0.33,1299.9990842490845,1.36,15599.989010989015,0.687,12.1,8.24,5.36,Strong Buy,54541,0.29,97990,2.98,12.99,12.44,3.47,36.3,2026-07-31,2026-07-31
Hephzibah,GA,"Augusta-Richmond County, GA-SC",Richmond County,218123.5457961775,2.43,1499.5,3.2,17994,0.687,12.1,8.25,5.36,Strong Buy,3827,0.05,206303,-0.12,0.59,19.03,11.98,48.58,2026-07-31,2026-07-31
Collingdale,PA,"Philadelphia-Camden-Wilmington, PA-NJ-DE-MD",Delaware County,203480.59427780996,-1.53,1395,NA,16740,0.686,12.2,8.23,5.35,Strong Buy,NA,NA,NA,NA,NA,NA,NA,NA,2026-07-31,2026-07-31
Dearborn,MI,"Detroit-Warren-Dearborn, MI",Wayne County,253490.2428304178,4.49,1736.208080808081,3.89,20834.49696969697,0.685,12.2,8.22,5.34,Strong Buy,106377,-2.9,1771063,-1.04,3.75,12.9,4.58,35.52,2026-07-31,2026-07-31
Moore,OK,"Oklahoma City, OK",Cleveland County,223786.30773193977,0.3,1532.8843101343102,2.28,18394.611721611724,0.685,12.2,8.22,5.34,Strong Buy,63845,1.25,303952,2.6,5.34,6.41,5.83,35.92,2026-07-31,2026-07-31
Cleveland Heights,OH,"Cleveland-Elyria, OH",Cuyahoga County,211114.6723884764,0.27,1445.7711693548388,5.17,17349.254032258064,0.685,12.2,8.22,5.34,Strong Buy,44064,-2.56,1240594,-1.75,1.72,9.97,5.22,40.95,2026-07-31,2026-07-31
Austintown,OH,"Youngstown-Warren-Boardman, OH-PA",Mahoning County,182529.1204236683,7.08,1250,NA,15000,0.685,12.2,8.22,5.34,Strong Buy,NA,NA,NA,NA,NA,NA,NA,NA,2026-07-31,2026-07-31
Speedway,IN,"Indianapolis-Carmel-Anderson, IN",Marion County,239519.98229700807,-1.41,1636.2222222222224,NA,19634.666666666668,0.683,12.2,8.2,5.33,Strong Buy,14268,2.26,981628,0.5,-0.05,9.65,5.22,44.07,2026-07-31,2026-07-31
Daytona Beach Shores,FL,"Deltona-Daytona Beach-Ormond Beach, FL",Volusia County,367900.77492347633,-1.31,2515.4166666666665,NA,30185,0.684,12.2,8.2,5.33,Strong Buy,NA,NA,NA,NA,NA,NA,NA,NA,2026-07-31,2026-07-31
Palestine,TX,"Palestine, TX",Anderson County,198935.13052670076,1.09,1357.2222222222224,NA,16286.666666666668,0.682,12.2,8.19,5.32,Strong Buy,NA,NA,NA,NA,NA,NA,NA,NA,2026-07-31,2026-07-31
Edgewood,MD,"Baltimore-Columbia-Towson, MD",Harford County,268463.6290835564,0.58,1832.1825396825395,4.36,21986.190476190473,0.682,12.2,8.19,5.32,Strong Buy,NA,NA,265514,1.63,2.3,3.96,3.4,20.29,2026-07-31,2026-07-31
Poinciana,FL,"Orlando-Kissimmee-Sanford, FL",Osceola County,282269.29030715366,-4.42,1920.132894736842,2.52,23041.594736842104,0.68,12.3,8.16,5.31,Strong Buy,NA,NA,468058,19.66,40.25,19.99,6.97,33.77,2026-07-31,2026-07-31
Durant,OK,"Durant, OK",Bryan County,226719.8356451743,-1.08,1542.4242424242425,1.25,18509.09090909091,0.68,12.2,8.16,5.31,Strong Buy,20908,11.67,50305,8.58,23.42,11.51,4.07,36.44,2026-07-31,2026-07-31
Guyton,GA,"Savannah, GA",Effingham County,356846.16899835045,-1.63,2431.1666666666665,NA,29174,0.681,12.2,8.18,5.31,Strong Buy,3059,29.84,73148,12.2,19.48,6.74,2.95,21.49,2026-07-31,2026-07-31
Florida City,FL,"Miami-Fort Lauderdale-Pompano Beach, FL",Miami-Dade County,372093.71445775946,-5.18,2535.31746031746,-1.71,30423.80952380952,0.681,12.2,8.18,5.31,Strong Buy,13157,1.09,2838461,5.29,19.88,11.11,5.36,47.81,2026-07-31,2026-07-31
Indian Head,MD,"Washington-Arlington-Alexandria, DC-VA-MD-WV",Charles County,348868.65109307994,-1.21,2375,NA,28500,0.681,12.2,8.17,5.31,Strong Buy,NA,NA,NA,NA,NA,NA,NA,NA,2026-07-31,2026-07-31
Clayton,GA,NA,Rabun County,367186.0830052472,1.3,2500,NA,30000,0.681,12.2,8.17,5.31,Strong Buy,NA,NA,NA,NA,NA,NA,NA,NA,2026-07-31,2026-07-31
Warner Robins,GA,"Warner Robins, GA",Houston County,215331.59851454725,3.01,1463.5706730769232,2.65,17562.848076923077,0.68,12.3,8.16,5.3,Strong Buy,86199,6.97,174897,6.41,13.28,9.04,8.05,32.9,2026-07-31,2026-07-31
Haines City,FL,"Lakeland-Winter Haven, FL",Polk County,295548.0014512339,-3.21,2009.4646464646464,1.19,24113.575757575756,0.68,12.3,8.16,5.3,Strong Buy,42073,50.53,852878,16.8,32.56,16.11,4.75,29.98,2026-07-31,2026-07-31
East Point,GA,"Atlanta-Sandy Springs-Alpharetta, GA",Fulton County,234947.89232908213,-6.38,1597.650980392157,5.03,19171.811764705883,0.68,12.3,8.16,5.3,Strong Buy,38270,-0.34,1090354,1.97,1.33,8.52,7.69,45.86,2026-07-31,2026-07-31
Wimauma,FL,"Tampa-St. Petersburg-Clearwater, FL",Hillsborough County,347449.7338201406,-5.19,2362.4920634920636,-0.23,28349.904761904763,0.68,12.3,8.16,5.3,Strong Buy,NA,NA,1581426,7.85,12.2,7.8,6.74,38.94,2026-07-31,2026-07-31
Ives Estates,FL,"Miami-Fort Lauderdale-Pompano Beach, FL",Miami-Dade County,353589.9367705319,-4.37,2402.344932844933,0.39,28828.139194139192,0.679,12.3,8.15,5.3,Strong Buy,NA,NA,2838461,5.29,19.88,11.11,5.36,47.81,2026-07-31,2026-07-31
Grandview,MO,"Kansas City, MO-KS",Jackson County,223477.5757587607,3.96,1518.1045454545456,5.42,18217.254545454547,0.679,12.3,8.15,5.3,Strong Buy,26630,0.4,727362,1.35,6.69,9.2,4.42,41.15,2026-07-31,2026-07-31
Riverside,OH,"Dayton-Kettering, OH",Montgomery County,174321.30096736833,3.69,1183.888888888889,NA,14206.666666666668,0.679,12.3,8.15,5.3,Strong Buy,24472,-0,537443,0.06,5.01,8.84,4.22,37.67,2026-07-31,2026-07-31
Walled Lake,MI,"Detroit-Warren-Dearborn, MI",Oakland County,246191.08942476488,0.19,1671.5,NA,20058,0.679,12.3,8.15,5.3,Strong Buy,NA,NA,NA,NA,NA,NA,NA,NA,2026-07-31,2026-07-31
North Little Rock,AR,"Little Rock-North Little Rock-Conway, AR",Pulaski County,168933.56991716512,3.43,1144.998506571087,2.13,13739.982078853045,0.678,12.3,8.13,5.29,Strong Buy,64498,-0.27,401209,0.48,-0.94,11.78,9.74,42.25,2026-07-31,2026-07-31
Raytown,MO,"Kansas City, MO-KS",Jackson County,210879.9054394148,1.86,1430.4624060150377,4.29,17165.54887218045,0.678,12.3,8.14,5.29,Strong Buy,29244,-2.35,727362,1.35,6.69,9.2,4.42,41.15,2026-07-31,2026-07-31
Liberal,KS,"Liberal, KS",Seward County,147431.6093695414,1.06,1000,NA,12000,0.678,12.3,8.14,5.29,Strong Buy,NA,NA,NA,NA,NA,NA,NA,NA,2026-07-31,2026-07-31
Bloomfield,CT,"Hartford-East Hartford-Middletown, CT",Hartford County,367690.0760745888,3.38,2492.305555555556,3.77,29907.66666666667,0.678,12.3,8.13,5.29,Strong Buy,NA,NA,NA,NA,NA,NA,NA,NA,2026-07-31,2026-07-31
Scranton,PA,"Scranton--Wilkes-Barre, PA",Lackawanna County,194123.8105289779,-2.57,1314.0918018018017,2.88,15769.10162162162,0.677,12.3,8.12,5.28,Strong Buy,75905,-0.36,216859,0.61,5,11.75,4.79,34.63,2026-07-31,2026-07-31
Deltona,FL,"Deltona-Daytona Beach-Ormond Beach, FL",Volusia County,301203.8155654099,-1.25,2039.399703557312,4.06,24472.796442687744,0.677,12.3,8.12,5.28,Strong Buy,100513,6.88,602772,8.46,21.72,14.56,6.51,27.2,2026-07-31,2026-07-31
Tavares,FL,"Orlando-Kissimmee-Sanford, FL",Lake County,311089.2929735466,-2.21,2107.375,-1.5,25288.5,0.677,12.3,8.13,5.28,Strong Buy,22007,15.71,444204,15.01,42.09,12.7,9.37,23.35,2026-07-31,2026-07-31
Princeton,TX,"Dallas-Fort Worth-Arlington, TX",Collin County,288891.22872541874,-10.23,1955.405009759271,-2.25,23464.860117111253,0.677,12.3,8.12,5.28,Strong Buy,37019,110.71,1254658,16.64,31.61,5.16,6.55,35.92,2026-07-31,2026-07-31
Gas City,IN,"Marion, IN",Grant County,160845.3356554002,3.52,1088,NA,13056,0.676,12.3,8.12,5.28,Strong Buy,NA,NA,NA,NA,NA,NA,NA,NA,2026-07-31,2026-07-31
Ray City,GA,"Valdosta, GA",Berrien County,234338.45954063407,2.76,1587.5,NA,19050,0.677,12.3,8.13,5.28,Strong Buy,NA,NA,NA,NA,NA,NA,NA,NA,2026-07-31,2026-07-31
Mascotte,FL,"Orlando-Kissimmee-Sanford, FL",Lake County,317470.8878506106,-3.58,2147.5,NA,25770,0.676,12.3,8.12,5.28,Strong Buy,9150,35.82,444204,15.01,42.09,12.7,9.37,23.35,2026-07-31,2026-07-31
Arnold,MO,"St. Louis, MO-IL",Jefferson County,277441.10037784436,3.56,1873.75,NA,22485,0.675,12.3,8.1,5.27,Strong Buy,21036,0.61,231888,2.18,4.11,6.7,2.53,18.56,2026-07-31,2026-07-31
Vidor,TX,"Beaumont-Port Arthur, TX",Orange County,181363.29442018815,1.05,1225,NA,14700,0.675,12.3,8.11,5.27,Strong Buy,NA,NA,NA,NA,NA,NA,NA,NA,2026-07-31,2026-07-31
Emporia,VA,NA,Greensville County,162893.42986259246,4.76,1100,NA,13200,0.675,12.3,8.1,5.27,Strong Buy,NA,NA,NA,NA,NA,NA,NA,NA,2026-07-31,2026-07-31
Labelle,FL,"Clewiston, FL",Hendry County,285195.13405272574,-4.06,1922.5,NA,23070,0.674,12.4,8.09,5.26,Strong Buy,NA,NA,NA,NA,NA,NA,NA,NA,2026-07-31,2026-07-31
Calera,AL,"Birmingham-Hoover, AL",Shelby County,257671.06203569472,0.94,1737.9023199023195,3.06,20854.827838827834,0.674,12.4,8.09,5.26,Strong Buy,18530,11.45,235969,5.38,7.09,5.94,5.41,18.74,2026-07-31,2026-07-31
Windsor Locks,CT,"Hartford-East Hartford-Middletown, CT",Hartford County,342223.6597686978,10.16,2308.3333333333335,NA,27700,0.675,12.4,8.09,5.26,Strong Buy,NA,NA,NA,NA,NA,NA,NA,NA,2026-07-31,2026-07-31
Syracuse,NY,"Syracuse, NY",Onondaga County,226447.6653180977,5.25,1525.097857142857,4.01,18301.174285714285,0.673,12.4,8.08,5.25,Strong Buy,146097,-0.57,469812,-0.93,1.17,7.9,4.94,34.34,2026-07-31,2026-07-31
Waukegan,IL,"Chicago-Naperville-Elgin, IL-IN-WI",Lake County,249468.0171922694,7,1678.0271132376397,2.61,20136.325358851675,0.673,12.4,8.07,5.25,Strong Buy,88570,-0.62,718604,0.73,3.75,4.97,4.19,25.6,2026-07-31,2026-07-31
Utica,NY,"Utica-Rome, NY",Oneida County,212599.52998193863,7.93,1430.8333333333333,10.41,17170,0.673,12.4,8.08,5.25,Strong Buy,63660,-2.32,228347,-1.19,3.34,10.38,5.43,32.21,2026-07-31,2026-07-31
Lufkin,TX,"Lufkin, TX",Angelina County,200712.5418551127,-0.25,1351.111111111111,4.53,16213.333333333332,0.673,12.4,8.08,5.25,Strong Buy,34399,0.8,88094,1.84,3.36,12.54,5.53,35.7,2026-07-31,2026-07-31
Gretna,LA,"New Orleans-Metairie, LA",Jefferson Parish,243646.45830322657,4.71,1640.8333333333333,-0.24,19690,0.673,12.4,8.08,5.25,Strong Buy,17185,-3.25,427253,-2.84,2.2,8.82,5.5,37.69,2026-07-31,2026-07-31
Saint Clair Shores,MI,"Detroit-Warren-Dearborn, MI",Macomb County,236246.71283529917,3.06,1590.7666666666669,1.35,19089.200000000004,0.673,12.4,8.08,5.25,Strong Buy,NA,NA,886175,0.67,8.17,4.12,3.23,25.04,2026-07-31,2026-07-31
Auburndale,FL,"Lakeland-Winter Haven, FL",Polk County,304050.4692543882,-1.82,2045.3636363636365,2.69,24544.36363636364,0.673,12.4,8.07,5.25,Strong Buy,20659,31.23,852878,16.8,32.56,16.11,4.75,29.98,2026-07-31,2026-07-31
New Orleans,LA,"New Orleans-Metairie, LA",Orleans Parish,245144.32317225673,-1.92,1648.3669909398714,1.52,19780.403891278456,0.672,12.4,8.07,5.24,Strong Buy,362701,-5.39,362701,-5.39,-7.38,20.38,8.28,49.45,2026-07-31,2026-07-31
Anniston,AL,"Anniston-Oxford, AL",Calhoun County,146803.23871033275,4.45,986.1666666666666,NA,11834,0.672,12.4,8.06,5.24,Strong Buy,21127,-1.83,116427,0.16,3.01,15.29,5.39,29.61,2026-07-31,2026-07-31
Pleasant Grove,AL,"Birmingham-Hoover, AL",Jefferson County,227192.23989838953,0.14,1527.5,NA,18330,0.672,12.4,8.07,5.24,Strong Buy,NA,NA,NA,NA,NA,NA,NA,NA,2026-07-31,2026-07-31
Dearborn Heights,MI,"Detroit-Warren-Dearborn, MI",Wayne County,218416.66497537572,3.64,1464.9194444444445,2.49,17579.033333333333,0.671,12.4,8.05,5.23,Strong Buy,61040,-3.19,1771063,-1.04,3.75,12.9,4.58,35.52,2026-07-31,2026-07-31
Madison Heights,MI,"Detroit-Warren-Dearborn, MI",Oakland County,222736.80251704936,-1.29,1494.8125541125544,2.56,17937.75064935065,0.671,12.4,8.05,5.23,Strong Buy,28626,0.81,1296888,1.91,10.58,5.25,6.51,27.73,2026-07-31,2026-07-31
Crandall,TX,"Dallas-Fort Worth-Arlington, TX",Kaufman County,267808.38837769267,-5.06,1794.3333333333333,NA,21532,0.67,12.4,8.04,5.23,Strong Buy,5950,51.98,197829,34.42,49.26,5.77,8.22,21.41,2026-07-31,2026-07-31
Elsmere,KY,"Cincinnati, OH-KY-IN",Kenton County,233248.8771994824,-7.43,1564,NA,18768,0.671,12.4,8.05,5.23,Strong Buy,NA,NA,NA,NA,NA,NA,NA,NA,2026-07-31,2026-07-31
Crestview,FL,"Crestview-Fort Walton Beach-Destin, FL",Okaloosa County,290787.8515727827,0.1,1946.995614035088,1.49,23363.947368421057,0.67,12.4,8.03,5.22,Strong Buy,30727,11.6,220483,3.95,1.51,17.91,14.17,32.25,2026-07-31,2026-07-31
Del Rio,TX,"Del Rio, TX",Val Verde County,208594.89171888417,-3.71,1395.2777777777776,-7.51,16743.333333333332,0.669,12.5,8.03,5.22,Strong Buy,34678,-0.12,47999,0.83,-4.52,10.33,2.35,33.15,2026-07-31,2026-07-31
Isle of Palms,SC,"Charleston-North Charleston, SC",Charleston County,1719978.1381768717,5.86,11500,NA,138000,0.669,12.5,8.02,5.22,Strong Buy,NA,NA,NA,NA,NA,NA,NA,NA,2026-07-31,2026-07-31
Tifton,GA,"Tifton, GA",Tift County,212403.6454992691,3.75,1417.5,NA,17010,0.667,12.5,8.01,5.21,Strong Buy,NA,NA,NA,NA,NA,NA,NA,NA,2026-07-31,2026-07-31
Brookhaven,PA,"Philadelphia-Camden-Wilmington, PA-NJ-DE-MD",Delaware County,268808.57873379625,1.55,1794.1666666666667,NA,21530,0.667,12.5,8.01,5.21,Strong Buy,8407,1.35,584882,1.45,5.58,5.55,4.21,30.36,2026-07-31,2026-07-31
Elgin,TX,"Austin-Round Rock-Georgetown, TX",Travis County,272537.202280558,-6.76,1821.111111111111,1.68,21853.333333333332,0.668,12.5,8.02,5.21,Strong Buy,12438,26.89,1363767,5.18,4.41,5.57,4.27,46.97,2026-07-31,2026-07-31
Warren,MI,"Detroit-Warren-Dearborn, MI",Macomb County,202927.18095035755,0.92,1353.0838618745595,3.29,16237.006342494715,0.667,12.5,8,5.2,Strong Buy,137686,-1.09,886175,0.67,8.17,4.12,3.23,25.04,2026-07-31,2026-07-31
Springfield,OH,"Springfield, OH",Clark County,190008.48518271567,4.11,1267.111111111111,7.01,15205.333333333332,0.667,12.5,8,5.2,Strong Buy,58138,-0.77,134985,-0.67,4.25,9.44,2.97,30.84,2026-07-31,2026-07-31
Martinsville,VA,"Martinsville, VA",Henry County,132297.08547730165,-3.64,882.5,NA,10590,0.667,12.5,8,5.2,Strong Buy,13834,2.66,49385,-2.88,5.12,19.42,4.82,23.91,2026-07-31,2026-07-31
Forest Park,OH,"Cincinnati, OH-KY-IN",Hamilton County,239235.58185193595,1.56,1594.2063492063492,7.74,19130.47619047619,0.666,12.5,8,5.2,Strong Buy,20033,-0.67,837359,0.84,4.18,7.42,4.2,41.01,2026-07-31,2026-07-31
Mount Vernon,IL,"Mount Vernon, IL",Jefferson County,137801.12711539204,6.43,918.25,NA,11019,0.666,12.5,8,5.2,Strong Buy,NA,NA,NA,NA,NA,NA,NA,NA,2026-07-31,2026-07-31
Clearlake,CA,"Clearlake, CA",Lake County,209902.2591793322,-3.48,1400,NA,16800,0.667,12.5,8,5.2,Strong Buy,NA,NA,NA,NA,NA,NA,NA,NA,2026-07-31,2026-07-31
Kenneth City,FL,"Tampa-St. Petersburg-Clearwater, FL",Pinellas County,305274.9979767717,-0.35,2037,NA,24444,0.667,12.5,8.01,5.2,Strong Buy,NA,NA,NA,NA,NA,NA,NA,NA,2026-07-31,2026-07-31
Cuyahoga Falls,OH,"Akron, OH",Summit County,220711.6738335245,4.52,1468.9540404040406,8.08,17627.448484848486,0.666,12.5,7.99,5.19,Strong Buy,50979,-0.14,538370,-0.27,4.33,7.17,3.55,32.71,2026-07-31,2026-07-31
Leesville,LA,"Fort Polk South, LA",Vernon Parish,167405.4875809582,0.5,1113.0555555555557,2.24,13356.666666666668,0.665,12.5,7.98,5.19,Strong Buy,5339,-5.67,45819,-5.77,-16.7,19.57,9.17,44.23,2026-07-31,2026-07-31
San Leon,TX,"Houston-The Woodlands-Sugar Land, TX",Galveston County,247555.34083044215,-4.03,1648.3333333333333,NA,19780,0.666,12.5,7.99,5.19,Strong Buy,NA,NA,NA,NA,NA,NA,NA,NA,2026-07-31,2026-07-31
Belleville,IL,"St. Louis, MO-IL",Saint Clair County,162506.49346032346,2.07,1078.298611111111,6.95,12939.583333333332,0.664,12.6,7.96,5.18,Strong Buy,40560,-4.06,NA,NA,NA,NA,NA,NA,2026-07-31,2026-07-31
Hobbs,NM,"Hobbs, NM",Lea County,216854.2485112174,3.54,1438.8666666666668,6.08,17266.4,0.664,12.6,7.96,5.18,Strong Buy,41061,0.99,75151,0.68,18.63,12.65,8.8,30.51,2026-07-31,2026-07-31
Bartlesville,OK,"Tulsa, OK",Osage County,190289.742609854,5.22,1264.672619047619,-1.18,15176.071428571428,0.665,12.5,7.98,5.18,Strong Buy,38355,2.58,46495,1.54,14.69,13.77,4.48,21.74,2026-07-31,2026-07-31
Dunnellon,FL,"Ocala, FL",Marion County,270628.5848107207,-1.98,1796.4761072261072,3.08,21557.713286713286,0.664,12.6,7.97,5.18,Strong Buy,2043,5.15,428905,13.63,44.29,12.9,7.37,23.32,2026-07-31,2026-07-31
Jacksonville,AR,"Little Rock-North Little Rock-Conway, AR",Pulaski County,173752.52739730905,6.35,1153.624542124542,4.95,13843.494505494502,0.664,12.6,7.97,5.18,Strong Buy,29129,-1.27,401209,0.48,-0.94,11.78,9.74,42.25,2026-07-31,2026-07-31
Youngsville,LA,"Lafayette, LA",Lafayette Parish,278531.42266477784,1.91,1851.4798941798945,-0.93,22217.758730158734,0.665,12.5,7.98,5.18,Strong Buy,19038,18.72,254241,4.98,9.97,10,6.1,33.9,2026-07-31,2026-07-31
Glassboro,NJ,"Philadelphia-Camden-Wilmington, PA-NJ-DE-MD",Gloucester County,376354.0837530536,3,2501.3888888888887,2.48,30016.666666666664,0.665,12.5,7.98,5.18,Strong Buy,24322,4.93,311783,3.04,8.48,4.88,3.06,20.57,2026-07-31,2026-07-31
Cordele,GA,"Cordele, GA",Crisp County,139314.76267383236,3.37,925,NA,11100,0.664,12.6,7.97,5.18,Strong Buy,NA,NA,NA,NA,NA,NA,NA,NA,2026-07-31,2026-07-31
Brentwood,MO,"St. Louis, MO-IL",Saint Louis County,272592.8703781185,1.23,1811,5.19,21732,0.664,12.5,7.97,5.18,Strong Buy,8111,-1.35,NA,NA,NA,NA,NA,NA,2026-07-31,2026-07-31
Clay,AL,"Birmingham-Hoover, AL",Jefferson County,253970.71478181635,0.9,1685.8333333333333,NA,20230,0.664,12.6,7.97,5.18,Strong Buy,10241,-0.75,664744,-1.48,0.68,13.13,7.2,36.28,2026-07-31,2026-07-31
Lithonia,GA,"Atlanta-Sandy Springs-Alpharetta, GA",Dekalb County,249293.1063731973,-5.2,1653.0602564102564,2,19836.723076923077,0.663,12.6,7.96,5.17,Strong Buy,2581,-2.9,NA,NA,NA,NA,NA,NA,2026-07-31,2026-07-31
Port Charlotte,FL,"Punta Gorda, FL",Charlotte County,268990.46377914696,-6.24,1782.825641025641,-2.71,21393.907692307694,0.663,12.6,7.95,5.17,Strong Buy,NA,NA,212122,12.82,34.15,23.9,13.02,16.83,2026-07-31,2026-07-31
Margate,FL,"Miami-Fort Lauderdale-Pompano Beach, FL",Broward County,322588.30141016375,-2.55,2139.5267405512927,-0.59,25674.32088661551,0.663,12.6,7.96,5.17,Strong Buy,60650,3.49,2037472,4.84,14.84,13.18,6.08,36.74,2026-07-31,2026-07-31
Eden,NC,"Greensboro-High Point, NC",Rockingham County,152607.93699862616,-2.1,1011.25,NA,12135,0.663,12.6,7.95,5.17,Strong Buy,NA,NA,NA,NA,NA,NA,NA,NA,2026-07-31,2026-07-31
Millington,TN,"Memphis, TN-MS-AR",Shelby County,240490.07496196032,1.92,1594.7361111111113,1.58,19136.833333333336,0.663,12.6,7.96,5.17,Strong Buy,11486,8.55,910530,-2.07,-7.65,10.56,7.81,45.42,2026-07-31,2026-07-31
Kingston,PA,"Scranton--Wilkes-Barre, PA",Luzerne County,231855.24237195632,3.16,1535.45,4.07,18425.4,0.662,12.6,7.95,5.17,Strong Buy,13476,1.06,331379,1.89,10.61,11.64,4.79,32.25,2026-07-31,2026-07-31
Geneva,NY,"Rochester, NY",Ontario County,232486.9501100688,4.97,1537.5,NA,18450,0.661,12.6,7.94,5.16,Strong Buy,NA,NA,NA,NA,NA,NA,NA,NA,2026-07-31,2026-07-31
Lake Alfred,FL,"Lakeland-Winter Haven, FL",Polk County,309787.7509988607,-1.63,2047.7555555555557,NA,24573.06666666667,0.661,12.6,7.93,5.16,Strong Buy,NA,NA,NA,NA,NA,NA,NA,NA,2026-07-31,2026-07-31
Garden City,GA,"Savannah, GA",Chatham County,270269.5808321396,1.96,1787.5,NA,21450,0.661,12.6,7.94,5.16,Strong Buy,NA,NA,NA,NA,NA,NA,NA,NA,2026-07-31,2026-07-31
Prattville,AL,"Montgomery, AL",Autauga County,267496.0742509872,3.23,1767.3472222222224,5.44,21208.166666666668,0.661,12.6,7.93,5.15,Strong Buy,40139,6.08,61464,4.34,14.04,8.93,3.6,25.09,2026-07-31,2026-07-31
Ferndale,MI,"Detroit-Warren-Dearborn, MI",Oakland County,254401.0872228789,-1.42,1679.084841628959,4.41,20149.01809954751,0.66,12.6,7.92,5.15,Strong Buy,19431,1.21,1296888,1.91,10.58,5.25,6.51,27.73,2026-07-31,2026-07-31
Silver City,NM,"Silver City, NM",Grant County,221430.4948594185,-6.24,1462.5,NA,17550,0.66,12.6,7.93,5.15,Strong Buy,NA,NA,NA,NA,NA,NA,NA,NA,2026-07-31,2026-07-31
Rock Falls,IL,"Sterling, IL",Whiteside County,124862.03969549271,1.96,825,NA,9900,0.661,12.6,7.93,5.15,Strong Buy,NA,NA,NA,NA,NA,NA,NA,NA,2026-07-31,2026-07-31
Hidden Valley Lake,CA,"Clearlake, CA",Lake County,367187.261157681,-2.1,2425,NA,29100,0.66,12.6,7.93,5.15,Strong Buy,NA,NA,NA,NA,NA,NA,NA,NA,2026-07-31,2026-07-31
Springfield,IL,"Springfield, IL",Sangamon County,174630.28124373185,7.81,1150.5737714269417,3.9,13806.8852571233,0.659,12.6,7.91,5.14,Strong Buy,112949,-1.25,194345,-0.96,1.37,9.51,10.08,29.39,2026-07-31,2026-07-31
Pompano Beach,FL,"Miami-Fort Lauderdale-Pompano Beach, FL",Broward County,354605.3252006432,-2.62,2336.6085240169746,2.98,28039.302288203697,0.659,12.6,7.91,5.14,Strong Buy,118104,5.48,2037472,4.84,14.84,13.18,6.08,36.74,2026-07-31,2026-07-31
Jonesboro,GA,"Atlanta-Sandy Springs-Alpharetta, GA",Clayton County,244846.34672142577,-3.61,1612.7281947261663,1.36,19352.738336713996,0.659,12.7,7.9,5.14,Strong Buy,6084,2.06,297703,-0.58,-9.79,8.01,9.9,46.81,2026-07-31,2026-07-31
Marion,IN,"Marion, IN",Grant County,140424.85785950278,3.19,925.7777777777778,13.35,11109.333333333334,0.659,12.6,7.91,5.14,Strong Buy,28216,-0.13,66458,-0.07,4.75,10.45,6.27,28.23,2026-07-31,2026-07-31
Hudson,FL,"Tampa-St. Petersburg-Clearwater, FL",Pasco County,289271.32263049297,-2.21,1905.2893772893776,7.66,22863.47252747253,0.659,12.7,7.9,5.14,Strong Buy,NA,NA,659114,16.41,37.43,13.3,5.54,24.5,2026-07-31,2026-07-31
Riviera Beach,FL,"Miami-Fort Lauderdale-Pompano Beach, FL",Palm Beach County,412283.20691539015,-0.26,2715.133823529412,2.85,32581.605882352946,0.659,12.7,7.9,5.14,Strong Buy,39620,5.35,1582055,5.87,15.98,16.36,6.94,30.14,2026-07-31,2026-07-31
Aliquippa,PA,"Pittsburgh, PA",Beaver County,206672.31003480463,4.76,1361.711111111111,-3,16340.533333333333,0.659,12.6,7.91,5.14,Strong Buy,9003,-2.36,165540,-1.38,4.65,9.08,7.23,25.47,2026-07-31,2026-07-31
Newington,CT,"Hartford-East Hartford-Middletown, CT",Hartford County,382028.74297792854,5.03,2517.8148148148143,4.45,30213.777777777774,0.659,12.6,7.91,5.14,Strong Buy,NA,NA,NA,NA,NA,NA,NA,NA,2026-07-31,2026-07-31
Rossville,GA,"Chattanooga, TN-GA",Walker County,221518.36936618053,-1.61,1458.9444444444446,1.02,17507.333333333336,0.659,12.7,7.9,5.14,Strong Buy,3942,-0.83,69340,2.35,5.49,11.11,4.5,24.34,2026-07-31,2026-07-31
River Grove,IL,"Chicago-Naperville-Elgin, IL-IN-WI",Cook County,324706.1033117347,6.23,2140.8333333333335,NA,25690,0.659,12.6,7.91,5.14,Strong Buy,NA,NA,NA,NA,NA,NA,NA,NA,2026-07-31,2026-07-31
Norton,OH,"Akron, OH",Summit County,255450.64299997903,5.48,1679.5,NA,20154,0.657,12.7,7.89,5.13,Strong Buy,NA,NA,NA,NA,NA,NA,NA,NA,2026-07-31,2026-07-31
Brookshire,TX,"Houston-The Woodlands-Sugar Land, TX",Waller County,348803.68927542196,-3.87,2293.2301587301586,2.11,27518.7619047619,0.657,12.7,7.89,5.13,Strong Buy,5782,13.08,65109,13.65,12.62,9.85,7.28,29.45,2026-07-31,2026-07-31
West Chicago,IL,"Chicago-Naperville-Elgin, IL-IN-WI",DuPage County,395522.4143344816,4.06,2597.5,NA,31170,0.657,12.7,7.88,5.12,Strong Buy,NA,NA,NA,NA,NA,NA,NA,NA,2026-07-31,2026-07-31
Inverness,FL,"Homosassa Springs, FL",Citrus County,240655.05159712708,-1.21,1579.5833333333333,2.04,18955,0.656,12.7,7.88,5.12,Strong Buy,7887,3.72,170174,10.1,32.17,16.44,8.93,15.17,2026-07-31,2026-07-31
Vine Grove,KY,"Elizabethtown-Fort Knox, KY",Meade County,270283.04156121187,-2.52,1775,NA,21300,0.657,12.7,7.88,5.12,Strong Buy,NA,NA,NA,NA,NA,NA,NA,NA,2026-07-31,2026-07-31
Potsdam,NY,"Ogdensburg-Massena, NY",Saint Lawrence County,192571.6306173551,8.47,1263.3333333333333,NA,15160,0.656,12.7,7.87,5.12,Strong Buy,NA,NA,NA,NA,NA,NA,NA,NA,2026-07-31,2026-07-31
Phenix City,AL,"Columbus, GA-AL",Russell County,212499.17813981965,5.83,1392.1183150183151,4.31,16705.41978021978,0.655,12.7,7.86,5.11,Strong Buy,38509,-0.77,58837,-0.7,3.38,13.61,9.09,39.45,2026-07-31,2026-07-31
Romeoville,IL,"Chicago-Naperville-Elgin, IL-IN-WI",Will County,324031.52844514215,2.49,2124.2341269841268,4.65,25490.80952380952,0.656,12.7,7.87,5.11,Strong Buy,41177,0.9,708583,1.68,4.83,4.5,3.98,17.48,2026-07-31,2026-07-31
Irmo,SC,"Columbia, SC",Richland County,283421.48499885126,1.1,1855.1454545454544,0.93,22261.745454545453,0.655,12.7,7.85,5.11,Strong Buy,12086,5.18,430651,3.6,10.35,10.74,5.98,39.63,2026-07-31,2026-07-31
Palatka,FL,"Palatka, FL",Putnam County,210707.63476067325,1.36,1381,-1.36,16572,0.655,12.7,7.86,5.11,Strong Buy,10867,3.77,77301,5.33,18.81,16.29,2.51,27.39,2026-07-31,2026-07-31
Cameron,NC,"Fayetteville, NC",Harnett County,324317.47312610457,0.58,2123.4656084656085,3.3,25481.5873015873,0.655,12.7,7.86,5.11,Strong Buy,262,8.71,146096,9.26,25.57,10.01,8.1,30.51,2026-07-31,2026-07-31
Niles,OH,"Youngstown-Warren-Boardman, OH-PA",Trumbull County,138842.7227357699,8.76,909.5833333333331,NA,10914.999999999998,0.655,12.7,7.86,5.11,Strong Buy,NA,NA,NA,NA,NA,NA,NA,NA,2026-07-31,2026-07-31
Whitehall,OH,"Columbus, OH",Franklin County,201207.4972183657,2.31,1318.7,2.71,15824.400000000001,0.655,12.7,7.86,5.11,Strong Buy,19940,-0.81,1356303,2.4,7.58,6.96,3.98,47.03,2026-07-31,2026-07-31
Belleview,FL,"Ocala, FL",Marion County,256491.87434774663,-1.9,1679.5555555555554,NA,20154.666666666664,0.655,12.7,7.86,5.11,Strong Buy,NA,NA,NA,NA,NA,NA,NA,NA,2026-07-31,2026-07-31
Cross Roads,TX,"Dallas-Fort Worth-Arlington, TX",Denton County,333064.2353778572,-7.09,2180.8333333333335,NA,26170,0.655,12.7,7.86,5.11,Strong Buy,1977,12.07,1045120,14.28,23.72,4.75,5.09,34.63,2026-07-31,2026-07-31
Lehigh Acres,FL,"Cape Coral-Fort Myers, FL",Lee County,279112.0806949029,-6.45,1824.9623255813951,-1.51,21899.547906976743,0.654,12.7,7.85,5.1,Strong Buy,NA,NA,860959,12.46,20.97,25.72,10.08,26.02,2026-07-31,2026-07-31
Wheeling,IL,"Chicago-Naperville-Elgin, IL-IN-WI",Cook County,321656.4327913678,4.49,2102.607315389924,0.18,25231.28778467909,0.654,12.7,7.84,5.1,Strong Buy,38329,-2.28,5182617,-1.6,5.9,8.18,4.67,42.49,2026-07-31,2026-07-31
Pittsburg,KS,"Pittsburg, KS",Crawford County,139919.52427820652,-0.22,914.027972027972,5.54,10968.335664335664,0.653,12.8,7.84,5.1,Strong Buy,20547,-0.43,38904,-0.12,-0.15,12.11,4.3,39.86,2026-07-31,2026-07-31
Wyandotte,MI,"Detroit-Warren-Dearborn, MI",Wayne County,191950.100680931,1.58,1256.2777777777776,-1.57,15075.333333333332,0.654,12.7,7.85,5.1,Strong Buy,24214,-2.76,1771063,-1.04,3.75,12.9,4.58,35.52,2026-07-31,2026-07-31
Olmsted Falls,OH,"Cleveland-Elyria, OH",Cuyahoga County,309302.2867008238,3.18,2021.5833333333337,NA,24259.000000000004,0.654,12.8,7.84,5.1,Strong Buy,NA,NA,NA,NA,NA,NA,NA,NA,2026-07-31,2026-07-31
Morrow,OH,"Cincinnati, OH-KY-IN",Warren County,402995.3101773131,1.51,2632.5,NA,31590,0.653,12.8,7.84,5.1,Strong Buy,NA,NA,NA,NA,NA,NA,NA,NA,2026-07-31,2026-07-31
Auburn,GA,"Atlanta-Sandy Springs-Alpharetta, GA",Barrow County,365374.6468368883,-3.19,2390.5,-2.33,28686,0.654,12.7,7.85,5.1,Strong Buy,10094,33.52,96294,14.63,29.79,4.88,6.41,20.54,2026-07-31,2026-07-31
Elgin,OK,"Lawton, OK",Comanche County,306114.4871184943,5.47,2000,NA,24000,0.653,12.8,7.84,5.1,Strong Buy,3613,1.6,121396,0.21,-7.24,15.06,5.7,45.03,2026-07-31,2026-07-31
Kansas City,KS,"Kansas City, MO-KS",Wyandotte County,206293.71840390217,1.73,1346.0447984071675,4.76,16152.53758088601,0.652,12.8,7.83,5.09,Strong Buy,156752,0.29,169418,0.29,9.87,10.75,5.34,38.65,2026-07-31,2026-07-31
Florence,SC,"Florence, SC",Florence County,223951.11234113065,3.2,1462.363163656267,1.67,17548.357963875205,0.653,12.8,7.84,5.09,Strong Buy,40923,2.06,138049,0.9,6.17,14.48,8.02,35.46,2026-07-31,2026-07-31
Conway,SC,"Myrtle Beach-Conway-North Myrtle Beach, SC-NC",Horry County,289610.40395682596,-0.16,1889.8986568986568,1.07,22678.783882783882,0.653,12.8,7.83,5.09,Strong Buy,29656,17.79,413391,16.85,39.46,28.98,22.81,24.16,2026-07-31,2026-07-31
Binghamton,NY,"Binghamton, NY",Broome County,193367.3621896981,4.91,1260.656353450471,5.38,15127.876241405651,0.652,12.8,7.82,5.09,Strong Buy,46773,-2.11,196397,-0.9,3.49,11.96,7.64,35.43,2026-07-31,2026-07-31
Bossier City,LA,"Shreveport-Bossier City, LA",Bossier Parish,231618.47444923385,1.07,1512.7323565250392,5.04,18152.78827830047,0.653,12.8,7.84,5.09,Strong Buy,63218,0.81,131102,1.82,2.79,11.51,9.94,33.93,2026-07-31,2026-07-31
Muskogee,OK,"Muskogee, OK",Muskogee County,145789.98932988584,2.79,950.9722222222224,12.06,11411.666666666668,0.652,12.8,7.83,5.09,Strong Buy,36849,0.21,66752,0.77,3.6,12.16,6.5,33.61,2026-07-31,2026-07-31
Angleton,TX,"Houston-The Woodlands-Sugar Land, TX",Brazoria County,245532.6147355441,-1.64,1602.7619047619046,NA,19233.142857142855,0.653,12.8,7.83,5.09,Strong Buy,20979,7.95,413224,10.63,23.74,10.51,11.33,26,2026-07-31,2026-07-31
Temple,GA,"Atlanta-Sandy Springs-Alpharetta, GA",Carroll County,286734.02021964145,-0.18,1872.1666666666667,NA,22466,0.653,12.8,7.84,5.09,Strong Buy,6406,25.9,129911,8.72,17.56,7.57,2.82,30.7,2026-07-31,2026-07-31
Bonham,TX,"Bonham, TX",Fannin County,228751.21877562045,-2.97,1492.2222222222224,NA,17906.666666666668,0.652,12.8,7.83,5.09,Strong Buy,NA,NA,NA,NA,NA,NA,NA,NA,2026-07-31,2026-07-31
Leeds,AL,"Birmingham-Hoover, AL",Jefferson County,254987.48422669084,3.13,1662.3333333333333,NA,19948,0.652,12.8,7.82,5.09,Strong Buy,12573,1.91,664744,-1.48,0.68,13.13,7.2,36.28,2026-07-31,2026-07-31
Lincoln,AL,"Talladega-Sylacauga, AL",Talladega County,230208.19208203637,-0.26,1502.7222222222224,NA,18032.666666666668,0.653,12.8,7.83,5.09,Strong Buy,7790,12.77,81375,-0.05,7.55,14.09,5.04,27.44,2026-07-31,2026-07-31
Texarkana,TX,"Texarkana, TX-AR",Bowie County,206980.7309228621,2.54,1347.111111111111,2.73,16165.333333333332,0.651,12.8,7.81,5.08,Strong Buy,35971,-0.71,91992,-0.99,5.8,12.54,3.94,37.31,2026-07-31,2026-07-31
Muskegon,MI,"Muskegon, MI",Muskegon County,193111.57873624176,2.71,1258.4396344396346,9.41,15101.275613275615,0.652,12.8,7.82,5.08,Strong Buy,37287,0.2,177428,1.51,5.7,10.48,7.83,21.74,2026-07-31,2026-07-31
Carlsbad,NM,"Carlsbad-Artesia, NM",Eddy County,254018.87815971847,1.72,1654.2380952380954,NA,19850.857142857145,0.651,12.8,7.81,5.08,Strong Buy,31999,-0.82,61436,-1.45,10.94,12.72,9.12,25.34,2026-07-31,2026-07-31
Arcadia,FL,"Arcadia, FL",De Soto County,245792.9072942809,-0.92,1600,NA,19200,0.651,12.8,7.81,5.08,Strong Buy,NA,NA,NA,NA,NA,NA,NA,NA,2026-07-31,2026-07-31
Hernando,MS,"Memphis, TN-MS-AR",DeSoto County,350094.81537003856,2.24,2278.6111111111113,1.94,27343.333333333336,0.651,12.8,7.81,5.08,Strong Buy,18542,7.33,195871,5.23,10.71,6.4,13.83,22.2,2026-07-31,2026-07-31
Montgomery,IL,"Chicago-Naperville-Elgin, IL-IN-WI",Kendall County,336139.81771195825,3.15,2188.222222222222,NA,26258.666666666664,0.651,12.8,7.81,5.08,Strong Buy,21957,7.42,143171,8.18,15.09,2.73,2.44,15.82,2026-07-31,2026-07-31
Saginaw,TX,"Dallas-Fort Worth-Arlington, TX",Tarrant County,299958.8472399117,-2.04,1953.2564102564104,0.08,23439.076923076926,0.651,12.8,7.81,5.08,Strong Buy,26116,8.69,2230708,5.41,8.74,7.08,7.73,40.64,2026-07-31,2026-07-31
Fountain Inn,SC,"Greenville-Anderson, SC",Laurens County,308345.2290247236,1.17,2007.830687830688,4.79,24093.968253968254,0.651,12.8,7.81,5.08,Strong Buy,13786,31.15,70545,4.31,22.24,17.05,6.22,29.34,2026-07-31,2026-07-31
Newberry,FL,"Gainesville, FL",Alachua County,332093.39120216615,-2.1,2161.75,1.15,25941,0.651,12.8,7.81,5.08,Strong Buy,8326,12.42,291782,4.3,8.33,10.28,11.36,45.93,2026-07-31,2026-07-31
Diberville,MS,"Gulfport-Biloxi, MS",Harrison County,229183.6679148882,2.16,1491.6666666666667,NA,17900,0.651,12.8,7.81,5.08,Strong Buy,NA,NA,213730,2.34,10.31,13.14,7.09,39.41,2026-07-31,2026-07-31
Keansburg,NJ,"New York-Newark-Jersey City, NY-NJ-PA",Monmouth County,393962.0027898786,3.63,2566.6666666666665,NA,30800,0.652,12.8,7.82,5.08,Strong Buy,9689,-0.62,647520,0.74,2.8,7.24,3.49,24.63,2026-07-31,2026-07-31
Pittsburgh,PA,"Pittsburgh, PA",Allegheny County,240988.7507257124,-1.01,1567.178155044544,3.62,18806.137860534527,0.65,12.8,7.8,5.07,Strong Buy,307668,1.61,1231814,-1.43,2.72,9.6,6.37,35.07,2026-07-31,2026-07-31
Lubbock,TX,"Lubbock, TX",Lubbock County,212190.8789802348,1.96,1379.5447144507036,1.69,16554.536573408444,0.65,12.8,7.8,5.07,Strong Buy,272086,5.44,327394,5.07,11.74,9.1,7.87,44.7,2026-07-31,2026-07-31
Slidell,LA,"New Orleans-Metairie, LA",Saint Tammany Parish,223089.71558425343,-3.68,1451.190350877193,2.61,17414.284210526315,0.65,12.8,7.81,5.07,Strong Buy,28440,-0.66,NA,NA,NA,NA,NA,NA,2026-07-31,2026-07-31
Maineville,OH,"Cincinnati, OH-KY-IN",Warren County,389735.23944260617,0.23,2532.5,NA,30390,0.65,12.8,7.8,5.07,Strong Buy,NA,NA,NA,NA,NA,NA,NA,NA,2026-07-31,2026-07-31
Mobile,AL,"Mobile, AL",Mobile County,199225.6117997753,-0.9,1293.3862185924042,4.03,15520.63462310885,0.649,12.8,7.79,5.06,Strong Buy,201367,-2.48,412339,-0.5,0.6,13.43,4.82,35.13,2026-07-31,2026-07-31
Topeka,KS,"Topeka, KS",Shawnee County,198384.94233999704,-0.08,1286.7744708994708,5.4,15441.29365079365,0.649,12.8,7.78,5.06,Strong Buy,125467,-0.76,177942,-0.43,2.25,7.86,9.57,33.02,2026-07-31,2026-07-31
Brandon,MS,"Jackson, MS",Rankin County,291089.4108029445,2.59,1887.830476190476,3.49,22653.96571428571,0.649,12.8,7.78,5.06,Strong Buy,25870,2.94,160573,2.16,0.45,6.95,6.63,22.38,2026-07-31,2026-07-31
Grayslake,IL,"Chicago-Naperville-Elgin, IL-IN-WI",Lake County,374560.5563521834,5.31,2428.3333333333335,NA,29140,0.648,12.9,7.78,5.06,Strong Buy,21262,0.21,718604,0.73,3.75,4.97,4.19,25.6,2026-07-31,2026-07-31
Painted Post,NY,"Corning, NY",Steuben County,213385.6037904655,5.36,1384.8888888888887,-0.09,16618.666666666664,0.649,12.8,7.79,5.06,Strong Buy,1721,-2.77,92015,-1.4,1.05,18.18,6.06,26.47,2026-07-31,2026-07-31
Mount Sterling,KY,"Mount Sterling, KY",Montgomery County,223569.241964228,3.53,1450,NA,17400,0.649,12.8,7.78,5.06,Strong Buy,NA,NA,NA,NA,NA,NA,NA,NA,2026-07-31,2026-07-31
Beech Grove,IN,"Indianapolis-Carmel-Anderson, IN",Marion County,194189.784069267,-1.81,1257.777777777778,NA,15093.333333333336,0.648,12.9,7.77,5.05,Strong Buy,14566,-0.84,981628,0.5,-0.05,9.65,5.22,44.07,2026-07-31,2026-07-31
Griswold,CT,"Norwich-New London, CT",New London County,363800.74437307334,3.36,2357.666666666667,NA,28292.000000000004,0.648,12.9,7.78,5.05,Strong Buy,NA,NA,NA,NA,NA,NA,NA,NA,2026-07-31,2026-07-31
Dalton,GA,"Dalton, GA",Whitfield County,241453.06588942907,0.42,1559.2852332852333,2.38,18711.4227994228,0.646,12.9,7.75,5.04,Strong Buy,34970,1.59,105070,2.21,6.78,8.5,4.36,32,2026-07-31,2026-07-31
Brownstown,MI,"Detroit-Warren-Dearborn, MI",Wayne County,304144.4297021533,4.04,1963.3142857142857,NA,23559.77142857143,0.646,12.9,7.75,5.04,Strong Buy,NA,NA,1771063,-1.04,3.75,12.9,4.58,35.52,2026-07-31,2026-07-31
Blue Island,IL,"Chicago-Naperville-Elgin, IL-IN-WI",Cook County,206866.28128883112,4.88,1336.25,NA,16035,0.646,12.9,7.75,5.04,Strong Buy,NA,NA,NA,NA,NA,NA,NA,NA,2026-07-31,2026-07-31
South Daytona,FL,"Deltona-Daytona Beach-Ormond Beach, FL",Volusia County,250378.32218939043,1.54,1616.25,-0.55,19395,0.646,12.9,7.75,5.04,Strong Buy,13906,7.17,602772,8.46,21.72,14.56,6.51,27.2,2026-07-31,2026-07-31
Lakeside,VA,"Richmond, VA",Henrico County,347790.1766544294,1.79,2247.0833333333335,NA,26965,0.646,12.9,7.75,5.04,Strong Buy,NA,NA,338696,1.12,7.45,5.15,5.64,35.38,2026-07-31,2026-07-31
Strasburg,VA,"Washington-Arlington-Alexandria, DC-VA-MD-WV",Shenandoah County,350705.4605920201,1.36,2266.6666666666665,NA,27200,0.646,12.9,7.76,5.04,Strong Buy,NA,NA,NA,NA,NA,NA,NA,NA,2026-07-31,2026-07-31
Mount Healthy,OH,"Cincinnati, OH-KY-IN",Hamilton County,194791.1192624228,0.48,1259.0277777777776,3.51,15108.333333333332,0.646,12.9,7.76,5.04,Strong Buy,6916,-0.99,837359,0.84,4.18,7.42,4.2,41.01,2026-07-31,2026-07-31
Rockford,IL,"Rockford, IL",Winnebago County,186814.77887164152,9.79,1203.7811688311688,7.27,14445.374025974026,0.644,12.9,7.73,5.03,Strong Buy,147486,-0.81,283790,-0.41,5.67,7.61,5.29,34.76,2026-07-31,2026-07-31
La Porte,TX,"Houston-The Woodlands-Sugar Land, TX",Harris County,257346.62983265947,0.51,1658.635531135531,-0.33,19903.62637362637,0.645,12.9,7.73,5.03,Strong Buy,38046,7.77,5009302,5.78,13.97,8.3,8.76,45.24,2026-07-31,2026-07-31
Toccoa,GA,"Toccoa, GA",Stephens County,232834.89310109252,1.78,1500,NA,18000,0.644,12.9,7.73,5.03,Strong Buy,NA,NA,NA,NA,NA,NA,NA,NA,2026-07-31,2026-07-31
East Highland Park,VA,"Richmond, VA",Henrico County,272643.40860766993,1.1,1759.9444444444443,1.9,21119.333333333332,0.646,12.9,7.75,5.03,Strong Buy,NA,NA,338696,1.12,7.45,5.15,5.64,35.38,2026-07-31,2026-07-31
Newport,KY,"Cincinnati, OH-KY-IN",Campbell County,245955.0425453227,-1.09,1586.9893162393164,5.03,19043.871794871797,0.645,12.9,7.74,5.03,Strong Buy,13792,-2.51,94008,0.94,0.59,6.11,5.78,28.97,2026-07-31,2026-07-31
Monaca,PA,"Pittsburgh, PA",Beaver County,221032.4568114838,4.38,1426.6666666666663,NA,17119.999999999996,0.645,12.9,7.75,5.03,Strong Buy,NA,NA,NA,NA,NA,NA,NA,NA,2026-07-31,2026-07-31
El Paso,TX,"El Paso, TX",El Paso County,237795.94853063324,1.89,1529.0321781507037,2.58,18348.386137808444,0.643,13,7.72,5.02,Strong Buy,681723,0.34,875784,1.05,-3.46,7.63,7.18,36.32,2026-07-31,2026-07-31
Pasadena,TX,"Houston-The Woodlands-Sugar Land, TX",Harris County,218827.3515959363,-2.77,1407.3163656267104,2.11,16887.796387520524,0.643,13,7.72,5.02,Strong Buy,149617,-1.21,5009302,5.78,13.97,8.3,8.76,45.24,2026-07-31,2026-07-31
Sebring,FL,"Sebring-Avon Park, FL",Highlands County,239419.1950199037,-1.99,1542.1055555555556,1.09,18505.266666666666,0.644,12.9,7.73,5.02,Strong Buy,11795,7.39,109778,8.33,24.45,20.91,3.81,21.08,2026-07-31,2026-07-31
Fairburn,GA,"Atlanta-Sandy Springs-Alpharetta, GA",Fulton County,323010.3969187925,-1.93,2077.9792632923304,1.84,24935.751159507963,0.643,13,7.72,5.02,Strong Buy,17267,4.25,1090354,1.97,1.33,8.52,7.69,45.86,2026-07-31,2026-07-31
Shawnee,OK,"Shawnee, OK",Pottawatomie County,178811.24528257782,2.48,1150.0555555555554,2.02,13800.666666666664,0.643,13,7.72,5.02,Strong Buy,32092,2.49,74446,2.61,10.89,11.88,2.79,30.11,2026-07-31,2026-07-31
Fairmont,WV,"Fairmont, WV",Marion County,195532.3787565191,3.4,1258.3333333333333,NA,15100,0.644,12.9,7.72,5.02,Strong Buy,18063,-1.91,55649,-1.04,2.5,12.62,9.13,24.18,2026-07-31,2026-07-31
Richlands,NC,"Jacksonville, NC",Onslow County,277702.2142547965,4.34,1788.2539682539682,6.56,21459.04761904762,0.644,12.9,7.73,5.02,Strong Buy,NA,NA,NA,NA,NA,NA,NA,NA,2026-07-31,2026-07-31
Millbrook,AL,"Montgomery, AL",Elmore County,223326.2966958017,4.91,1438.2222222222224,8.29,17258.666666666668,0.644,12.9,7.73,5.02,Strong Buy,17392,5.25,91042,3.61,6.16,12.29,7.49,23.14,2026-07-31,2026-07-31
Parkton,NC,"Lumberton, NC",Robeson County,264399.7529541683,1.5,1700,NA,20400,0.643,13,7.72,5.02,Strong Buy,NA,NA,NA,NA,NA,NA,NA,NA,2026-07-31,2026-07-31
North Ridgeville,OH,"Cleveland-Elyria, OH",Lorain County,339948.29258493177,4.57,2182.1666666666665,NA,26186,0.642,13,7.7,5.01,Strong Buy,37504,5.78,322030,2.71,9.62,7.17,7.76,26.3,2026-07-31,2026-07-31
Bristol,VA,"Kingsport-Bristol, TN-VA",Washington County,203740.94755163149,-1.45,1309.6,NA,15715.199999999999,0.643,13,7.71,5.01,Strong Buy,16316,-5.7,54098,0.36,8.85,13.28,4.7,24.18,2026-07-31,2026-07-31
Columbia,SC,"Columbia, SC",Richland County,230661.5509298667,1.19,1478.1413639606133,1.99,17737.69636752736,0.641,13,7.69,5,Strong Buy,144788,6.3,430651,3.6,10.35,10.74,5.98,39.63,2026-07-31,2026-07-31
Cumberland,MD,"Cumberland, MD-WV",Allegany County,161024.82314821574,3.69,1032.013888888889,5.99,12384.166666666668,0.641,13,7.69,5,Strong Buy,18643,-2.03,67097,-1.26,3.76,16.38,8.21,29.68,2026-07-31,2026-07-31
Duncan,SC,"Spartanburg, SC",Spartanburg County,312210.2043113147,1.32,2003.1944444444443,2.91,24038.333333333332,0.642,13,7.7,5,Strong Buy,4594,12.87,369256,12.1,27.18,8.85,6.12,27.07,2026-07-31,2026-07-31
Midlothian,IL,"Chicago-Naperville-Elgin, IL-IN-WI",Cook County,241673.44037421048,4.36,1550,NA,18600,0.641,13,7.7,5,Strong Buy,NA,NA,NA,NA,NA,NA,NA,NA,2026-07-31,2026-07-31
Corryton,TN,"Knoxville, TN",Knox County,337491.7855042225,2.61,2164.166666666667,NA,25970.000000000004,0.641,13,7.7,5,Strong Buy,NA,NA,NA,NA,NA,NA,NA,NA,2026-07-31,2026-07-31
Gresham Park,GA,"Atlanta-Sandy Springs-Alpharetta, GA",Dekalb County,257865.3562284566,-7.03,1654.2,1.2,19850.4,0.641,13,7.7,5,Strong Buy,NA,NA,NA,NA,NA,NA,NA,NA,2026-07-31,2026-07-31
South Williamsport,PA,"Williamsport, PA",Lycoming County,203533.72841579828,7.53,1304,NA,15648,0.641,13,7.69,5,Strong Buy,NA,NA,NA,NA,NA,NA,NA,NA,2026-07-31,2026-07-31
Running Springs,CA,"Riverside-San Bernardino-Ontario, CA",San Bernardino County,345261.32396410924,-5.44,2212.5,NA,26550,0.641,13,7.69,5,Strong Buy,NA,NA,NA,NA,NA,NA,NA,NA,2026-07-31,2026-07-31
South Bend,IN,"South Bend-Mishawaka, IN-MI",Saint Joseph County,202169.9369047611,7.08,1292.730980896498,3.16,15512.771770757976,0.639,13,7.67,4.99,Strong Buy,103713,0.35,NA,NA,NA,NA,NA,NA,2026-07-31,2026-07-31
Milton,FL,"Pensacola-Ferry Pass-Brent, FL",Santa Rosa County,288285.8242986893,1.4,1845.7239057239055,3.95,22148.686868686866,0.64,13,7.68,4.99,Strong Buy,11182,8.76,207653,9.86,19.76,8.97,3.52,20.02,2026-07-31,2026-07-31
North Port,FL,"North Port-Sarasota-Bradenton, FL",Sarasota County,303116.4268097162,-4.68,1938.8074074074077,-1.98,23265.688888888893,0.64,13,7.68,4.99,Strong Buy,92875,23.02,476604,9.25,17.16,21.04,7.8,23.66,2026-07-31,2026-07-31
Bartow,FL,"Lakeland-Winter Haven, FL",Polk County,279961.3608775162,-0.35,1789.8722222222225,4.69,21478.46666666667,0.639,13,7.67,4.99,Strong Buy,22084,12.82,852878,16.8,32.56,16.11,4.75,29.98,2026-07-31,2026-07-31
Sylvania,OH,"Toledo, OH",Lucas County,328427.35629843443,2.86,2099.4920634920636,NA,25193.904761904763,0.639,13,7.67,4.99,Strong Buy,19102,0.33,426291,-1.06,-0.51,9.27,4.76,38.34,2026-07-31,2026-07-31
Green Cove Springs,FL,"Jacksonville, FL",Clay County,340865.0142743902,-1.18,2181.470779220779,0.46,26177.64935064935,0.64,13,7.68,4.99,Strong Buy,10087,2.22,236760,8.13,16.84,6.2,2.2,23.76,2026-07-31,2026-07-31
Byram,MS,"Jackson, MS",Hinds County,221306.0611748847,1.99,1416.875,NA,17002.5,0.64,13,7.68,4.99,Strong Buy,NA,NA,NA,NA,NA,NA,NA,NA,2026-07-31,2026-07-31
Hahira,GA,"Valdosta, GA",Lowndes County,302096.4142484481,3.8,1931.25,NA,23175,0.639,13,7.67,4.99,Strong Buy,NA,NA,NA,NA,NA,NA,NA,NA,2026-07-31,2026-07-31
Independence,MO,"Kansas City, MO-KS",Jackson County,214172.87158478657,3.55,1367.7622764227642,2.56,16413.14731707317,0.639,13,7.66,4.98,Strong Buy,121629,-0.99,727362,1.35,6.69,9.2,4.42,41.15,2026-07-31,2026-07-31
Denison,TX,"Sherman-Denison, TX",Grayson County,225217.7703054488,-6.78,1438.7923976608188,-0.32,17265.508771929824,0.639,13,7.67,4.98,Strong Buy,26446,7.76,150532,10.56,22.95,11.66,3.32,32.67,2026-07-31,2026-07-31
Hartsville,SC,"Florence, SC",Darlington County,185516.3614173275,10.73,1183.8333333333333,NA,14206,0.638,13.1,7.66,4.98,Strong Buy,NA,NA,NA,NA,NA,NA,NA,NA,2026-07-31,2026-07-31
Burlington,KY,"Cincinnati, OH-KY-IN",Boone County,330343.69872310414,2.63,2107.722222222222,7.45,25292.666666666664,0.638,13.1,7.66,4.98,Strong Buy,NA,NA,144135,5.61,14.15,4.07,4.79,23.34,2026-07-31,2026-07-31
California City,CA,"Bakersfield, CA",Kern County,274861.0469497464,-3.94,1756.0317460317465,6.25,21072.380952380958,0.639,13,7.67,4.98,Strong Buy,13174,-12.62,922529,1.81,2.68,7.58,3.4,40.19,2026-07-31,2026-07-31
Fort Mitchell,AL,"Columbus, GA-AL",Russell County,317013.6903963236,2.98,2025,NA,24300,0.639,13,7.67,4.98,Strong Buy,NA,NA,NA,NA,NA,NA,NA,NA,2026-07-31,2026-07-31
Toms River,NJ,"New York-Newark-Jersey City, NY-NJ-PA",Ocean County,467109.6844441391,3.77,2977.734920634921,1.94,35732.81904761905,0.637,13.1,7.65,4.97,Strong Buy,NA,NA,666434,4.37,4.36,18.18,2.79,19.83,2026-07-31,2026-07-31
Valdosta,GA,"Valdosta, GA",Lowndes County,214053.968688149,3.72,1363.129231331534,2.98,16357.550775978407,0.637,13.1,7.64,4.97,Strong Buy,55667,0.44,122082,3.08,6.48,10.72,5.76,43.91,2026-07-31,2026-07-31
Tupelo,MS,"Tupelo, MS",Lee County,217266.778976346,5.59,1385.7460317460318,3.68,16628.95238095238,0.638,13.1,7.65,4.97,Strong Buy,37775,-0.38,83012,-0.37,0.53,15.15,8.38,29.78,2026-07-31,2026-07-31
Pekin,IL,"Peoria, IL",Tazewell County,145263.8672589344,7.6,926.111111111111,NA,11113.333333333332,0.638,13.1,7.65,4.97,Strong Buy,31266,-1.75,129821,-1.12,2.24,8.27,7.1,22.47,2026-07-31,2026-07-31
Hampton,GA,"Atlanta-Sandy Springs-Alpharetta, GA",Henry County,308802.05794186407,-2.64,1967.69592281357,4.78,23612.35107376284,0.637,13.1,7.65,4.97,Strong Buy,9201,9.37,259315,7.21,13.48,5.36,6.33,27.46,2026-07-31,2026-07-31
Hope Mills,NC,"Fayetteville, NC",Cumberland County,264949.6315443488,0.76,1687.3462962962965,3.6,20248.155555555557,0.637,13.1,7.64,4.97,Strong Buy,18102,1.58,338430,0.37,-6.05,10.52,6.19,46.34,2026-07-31,2026-07-31
North Olmsted,OH,"Cleveland-Elyria, OH",Cuyahoga County,282082.16366315214,4.85,1795.888888888889,5.9,21550.666666666668,0.637,13.1,7.64,4.97,Strong Buy,31690,-2.13,1240594,-1.75,1.72,9.97,5.22,40.95,2026-07-31,2026-07-31
Auburn Hills,MI,"Detroit-Warren-Dearborn, MI",Oakland County,283281.07357407716,3.05,1804.4331550802135,4.33,21653.197860962562,0.637,13.1,7.64,4.97,Strong Buy,26047,6.94,1296888,1.91,10.58,5.25,6.51,27.73,2026-07-31,2026-07-31
Four Oaks,NC,"Raleigh-Cary, NC",Johnston County,312237.74416318984,1.4,1990,NA,23880,0.637,13.1,7.65,4.97,Strong Buy,NA,NA,NA,NA,NA,NA,NA,NA,2026-07-31,2026-07-31
Sweetwater,FL,"Miami-Fort Lauderdale-Pompano Beach, FL",Miami-Dade County,448534.2594402417,-0.81,2858.3333333333335,NA,34300,0.637,13.1,7.65,4.97,Strong Buy,NA,NA,NA,NA,NA,NA,NA,NA,2026-07-31,2026-07-31
Lake Charles,LA,"Lake Charles, LA",Calcasieu Parish,206355.07916715575,2.44,1313.4394482394482,19.25,15761.273378873379,0.636,13.1,7.64,4.96,Strong Buy,81157,-4.39,206861,-4.45,9.82,18.49,13.5,27.76,2026-07-31,2026-07-31
New Haven,CT,"New Haven-Milford, CT",New Haven County,338157.482419816,5.75,2149.2518333333333,1.43,25791.021999999997,0.636,13.1,7.63,4.96,Strong Buy,137562,6.38,NA,NA,NA,NA,NA,NA,2026-07-31,2026-07-31
Baytown,TX,"Houston-The Woodlands-Sugar Land, TX",Harris County,246741.71587060703,-1.14,1568.9811299671765,2.22,18827.773559606117,0.636,13.1,7.63,4.96,Strong Buy,86004,0.66,5009302,5.78,13.97,8.3,8.76,45.24,2026-07-31,2026-07-31
Waterloo,IA,"Waterloo-Cedar Falls, IA",Black Hawk County,149005.16948818616,0.45,948.1457506457506,5.91,11377.749007749007,0.636,13.1,7.64,4.96,Strong Buy,67477,0.31,132348,0.99,6.61,8.52,6.11,34.68,2026-07-31,2026-07-31
Cocoa,FL,"Palm Bay-Melbourne-Titusville, FL",Brevard County,298747.767068077,-0.21,1901.3297527706736,4.15,22815.957033248083,0.636,13.1,7.64,4.96,Strong Buy,19909,4.61,658447,8.16,22.48,14.46,11.39,23.08,2026-07-31,2026-07-31
Wilson,NC,"Wilson, NC",Wilson County,217005.2933450172,-0.06,1380.8408119658122,3.69,16570.089743589746,0.636,13.1,7.64,4.96,Strong Buy,48579,0.24,79958,0.83,6,10.47,6.72,40.91,2026-07-31,2026-07-31
Forney,TX,"Dallas-Fort Worth-Arlington, TX",Kaufman County,309591.7244428723,-5.23,1968.3296296296296,1.15,23619.955555555556,0.636,13.1,7.63,4.96,Strong Buy,38572,61.31,197829,34.42,49.26,5.77,8.22,21.41,2026-07-31,2026-07-31
Greenwood,SC,"Greenwood, SC",Greenwood County,192624.12227867535,0.15,1225.7666666666669,6.73,14709.200000000003,0.636,13.1,7.64,4.96,Strong Buy,22667,0.48,70041,0.93,8.78,11.98,4.77,33.85,2026-07-31,2026-07-31
Franklin,IN,"Indianapolis-Carmel-Anderson, IN",Johnson County,286166.2369315818,1.69,1820.809523809524,3.48,21849.71428571429,0.636,13.1,7.64,4.96,Strong Buy,26158,3.06,170614,5.15,11.12,5.07,6.28,26.06,2026-07-31,2026-07-31
Crowley,TX,"Dallas-Fort Worth-Arlington, TX",Tarrant County,316732.60634453327,-2.89,2012.1898412698413,2.31,24146.278095238096,0.635,13.1,7.62,4.96,Strong Buy,20483,11.63,2230708,5.41,8.74,7.08,7.73,40.64,2026-07-31,2026-07-31
Villa Park,IL,"Chicago-Naperville-Elgin, IL-IN-WI",DuPage County,369389.45585070254,4.78,2347.680555555555,NA,28172.166666666664,0.636,13.1,7.63,4.96,Strong Buy,22020,-0.84,937142,0.6,5.3,4.53,5.6,26.87,2026-07-31,2026-07-31
Chalmette,LA,"New Orleans-Metairie, LA",Saint Bernard Parish,215966.69410909817,1.44,1373.611111111111,3.05,16483.333333333332,0.636,13.1,7.63,4.96,Strong Buy,NA,NA,NA,NA,NA,NA,NA,NA,2026-07-31,2026-07-31
Corpus Christi,TX,"Corpus Christi, TX",Nueces County,224996.47846707856,-0,1427.7049051689053,1.95,17132.458862026862,0.635,13.1,7.61,4.95,Strong Buy,317317,-0.3,353125,-0.13,-0.82,14.59,10.79,40.12,2026-07-31,2026-07-31
Hiram,GA,"Atlanta-Sandy Springs-Alpharetta, GA",Paulding County,314446.00233286055,-0.45,1995.3232323232323,4.02,23943.878787878788,0.635,13.1,7.61,4.95,Strong Buy,5520,11.45,188549,11.19,23.16,4.71,4.59,19.73,2026-07-31,2026-07-31
Groveland,FL,"Orlando-Kissimmee-Sanford, FL",Lake County,370644.14772806433,-3.77,2351.727777777778,3.09,28220.733333333337,0.634,13.1,7.61,4.95,Strong Buy,24602,30.26,444204,15.01,42.09,12.7,9.37,23.35,2026-07-31,2026-07-31
Warrenville,IL,"Chicago-Naperville-Elgin, IL-IN-WI",DuPage County,362201.4707946088,3.67,2299.0575757575757,4.91,27588.69090909091,0.635,13.1,7.62,4.95,Strong Buy,15247,11.86,937142,0.6,5.3,4.53,5.6,26.87,2026-07-31,2026-07-31
Ambridge,PA,"Pittsburgh, PA",Beaver County,141748.87102084432,0.26,898.75,NA,10785,0.634,13.1,7.61,4.95,Strong Buy,6886,-0.94,165540,-1.38,4.65,9.08,7.23,25.47,2026-07-31,2026-07-31
Cape Canaveral,FL,"Palm Bay-Melbourne-Titusville, FL",Brevard County,316840.5766870035,-2.16,2010.300925925926,0.68,24123.611111111113,0.634,13.1,7.61,4.95,Strong Buy,10014,0.39,658447,8.16,22.48,14.46,11.39,23.08,2026-07-31,2026-07-31
Collegedale,TN,"Chattanooga, TN-GA",Hamilton County,419553.4300141099,-0.27,2662.5,NA,31950,0.635,13.1,7.62,4.95,Strong Buy,NA,NA,NA,NA,NA,NA,NA,NA,2026-07-31,2026-07-31
Paulsboro,NJ,"Philadelphia-Camden-Wilmington, PA-NJ-DE-MD",Gloucester County,244184.3841971323,5.58,1550,NA,18600,0.635,13.1,7.62,4.95,Strong Buy,NA,NA,NA,NA,NA,NA,NA,NA,2026-07-31,2026-07-31
Milwaukee,WI,"Milwaukee-Waukesha, WI",Milwaukee County,230242.05017510895,3.27,1457.8711103912938,4.76,17494.453324695525,0.633,13.2,7.6,4.94,Strong Buy,563531,-2.36,924740,-1.48,0.57,8.21,6.16,50.2,2026-07-31,2026-07-31
Canton,OH,"Canton-Massillon, OH",Stark County,176627.45009049264,4.85,1118.2345833333331,3.81,13418.814999999999,0.633,13.2,7.6,4.94,Strong Buy,69211,-1.98,374091,-0.12,4.1,7.26,2.95,31.43,2026-07-31,2026-07-31
Missouri City,TX,"Houston-The Woodlands-Sugar Land, TX",Fort Bend County,336837.7717157681,-1.75,2131.9498446357834,0.29,25583.398135629403,0.633,13.2,7.6,4.94,Strong Buy,78582,5.56,958434,15.57,27.37,4.23,6.33,22.52,2026-07-31,2026-07-31
Joplin,MO,"Joplin, MO",Jasper County,204901.79725978663,1.68,1298.8201754385964,6.47,15585.842105263157,0.634,13.1,7.61,4.94,Strong Buy,53605,3.46,126479,2.92,9.05,10.01,2,36.78,2026-07-31,2026-07-31
Pine Hills,FL,"Orlando-Kissimmee-Sanford, FL",Orange County,275975.1300160528,-3.45,1748.038888888889,4.54,20976.466666666667,0.633,13.2,7.6,4.94,Strong Buy,NA,NA,1533646,7.12,16.48,11.72,10.93,42.64,2026-07-31,2026-07-31
Beloit,WI,"Janesville-Beloit, WI",Rock County,211286.7869561047,7.68,1336.9166666666667,7.22,16043,0.633,13.2,7.59,4.94,Strong Buy,36633,-0.24,165461,1.04,5.98,5.72,3.48,29.36,2026-07-31,2026-07-31
Woodruff,SC,"Spartanburg, SC",Spartanburg County,284164.1633357937,1.13,1799.888888888889,NA,21598.666666666668,0.633,13.2,7.6,4.94,Strong Buy,NA,NA,NA,NA,NA,NA,NA,NA,2026-07-31,2026-07-31
Roeland Park,KS,"Kansas City, MO-KS",Johnson County,340643.3995762899,4.88,2158.8333333333335,NA,25906,0.634,13.1,7.61,4.94,Strong Buy,6689,-2.58,632276,3.45,6.72,4.13,5,31.44,2026-07-31,2026-07-31
Belcamp,MD,"Baltimore-Columbia-Towson, MD",Harford County,296262.2639490158,-0.41,1875.5833333333333,NA,22507,0.633,13.2,7.6,4.94,Strong Buy,NA,NA,265514,1.63,2.3,3.96,3.4,20.29,2026-07-31,2026-07-31
Saint Hedwig,TX,"San Antonio-New Braunfels, TX",Bexar County,290894.82663001196,-1.19,1843.7583333333332,0.72,22125.1,0.634,13.1,7.61,4.94,Strong Buy,NA,NA,2127737,5.56,8.6,8.27,8.16,40.89,2026-07-31,2026-07-31
Valparaiso,FL,"Crestview-Fort Walton Beach-Destin, FL",Okaloosa County,331978.69308212626,-0.06,2101.944444444445,NA,25223.333333333336,0.633,13.2,7.6,4.94,Strong Buy,NA,NA,NA,NA,NA,NA,NA,NA,2026-07-31,2026-07-31
Hattiesburg,MS,"Hattiesburg, MS",Forrest County,221979.6156324152,2.93,1402.232398519355,3.17,16826.78878223226,0.632,13.2,7.58,4.93,Strong Buy,48522,-0.47,78435,0.29,-1.35,11.73,7.53,42.92,2026-07-31,2026-07-31
Sedalia,MO,"Sedalia, MO",Pettis County,184515.0982820536,1.74,1166.111111111111,0.04,13993.333333333332,0.632,13.2,7.58,4.93,Strong Buy,22310,2.61,43791,1.83,2.95,8.98,9.95,29.88,2026-07-31,2026-07-31
Gibsonville,NC,"Greensboro-High Point, NC",Guilford County,306335.4373816769,1.44,1935.75,NA,23229,0.632,13.2,7.58,4.93,Strong Buy,9744,6.55,558816,3.72,9.05,8.49,6.32,40.04,2026-07-31,2026-07-31
Bay Village,OH,"Cleveland-Elyria, OH",Cuyahoga County,427022.5060777406,4.49,2700,NA,32400,0.632,13.2,7.59,4.93,Strong Buy,NA,NA,NA,NA,NA,NA,NA,NA,2026-07-31,2026-07-31
Port Wentworth,GA,"Savannah, GA",Chatham County,292180.8889658906,-2.01,1847.844444444444,-2.25,22174.133333333328,0.632,13.2,7.59,4.93,Strong Buy,14865,36.15,307336,4.15,6.5,12.31,7,43.71,2026-07-31,2026-07-31
Sugarloaf,CA,"Riverside-San Bernardino-Ontario, CA",San Bernardino County,295510.8539686631,-8.98,1869.4444444444443,NA,22433.333333333332,0.633,13.2,7.59,4.93,Strong Buy,NA,NA,NA,NA,NA,NA,NA,NA,2026-07-31,2026-07-31
Royal Oak,MI,"Detroit-Warren-Dearborn, MI",Oakland County,337493.04514785507,2.28,2127.5968218218222,4.41,25531.161861861867,0.63,13.2,7.56,4.92,Strong Buy,58251,0.34,1296888,1.91,10.58,5.25,6.51,27.73,2026-07-31,2026-07-31
Palmetto,FL,"North Port-Sarasota-Bradenton, FL",Manatee County,352497.27594215516,-4.23,2222.100793650794,2.24,26665.209523809528,0.63,13.2,7.56,4.92,Strong Buy,13682,2.62,458352,14.12,32.53,21.45,16.3,25.31,2026-07-31,2026-07-31
North Lauderdale,FL,"Miami-Fort Lauderdale-Pompano Beach, FL",Broward County,352653.39940323867,-2.51,2223.298007462094,0.78,26679.57608954513,0.63,13.2,7.57,4.92,Strong Buy,46335,3.6,2037472,4.84,14.84,13.18,6.08,36.74,2026-07-31,2026-07-31
Ocean Springs,MS,"Gulfport-Biloxi, MS",Jackson County,271189.83213988505,0.47,1711.6296296296296,5.62,20539.555555555555,0.631,13.2,7.57,4.92,Strong Buy,18954,3.18,147002,2.53,6.19,9.47,10.9,28.03,2026-07-31,2026-07-31
Joshua,TX,"Dallas-Fort Worth-Arlington, TX",Johnson County,356415.8914442328,-0.81,2250,NA,27000,0.631,13.2,7.58,4.92,Strong Buy,NA,NA,NA,NA,NA,NA,NA,NA,2026-07-31,2026-07-31
Winter Haven,FL,"Lakeland-Winter Haven, FL",Polk County,274480.2432300776,-3,1728.301598073264,3.34,20739.61917687917,0.63,13.2,7.56,4.91,Strong Buy,59975,18.52,852878,16.8,32.56,16.11,4.75,29.98,2026-07-31,2026-07-31
Jackson,TN,"Jackson, TN",Madison County,227020.8281206307,-1.36,1430.2232611832612,2.9,17162.679134199134,0.63,13.2,7.56,4.91,Strong Buy,69303,1.62,100409,1.59,9.43,9.98,6.29,37.51,2026-07-31,2026-07-31
Millville,NJ,"Vineland-Bridgeton, NJ",Cumberland County,262332.0348414614,1.87,1652.3015873015872,2.94,19827.619047619046,0.63,13.2,7.56,4.91,Strong Buy,27838,1.54,155678,1.27,14.49,6.75,4.2,34.45,2026-07-31,2026-07-31
Parrish,FL,"North Port-Sarasota-Bradenton, FL",Manatee County,414257.5489186233,-4.5,2607.0416666666665,3.36,31284.5,0.629,13.2,7.55,4.91,Strong Buy,NA,NA,458352,14.12,32.53,21.45,16.3,25.31,2026-07-31,2026-07-31
Lino Lakes,MN,"Minneapolis-St. Paul-Bloomington, MN-WI",Anoka County,460472.7308829113,1.73,2900,NA,34800,0.63,13.2,7.56,4.91,Strong Buy,NA,NA,NA,NA,NA,NA,NA,NA,2026-07-31,2026-07-31
Hannibal,MO,"Hannibal, MO",Marion County,176764.2070640409,3.14,1112.5,NA,13350,0.629,13.2,7.55,4.91,Strong Buy,NA,NA,NA,NA,NA,NA,NA,NA,2026-07-31,2026-07-31
Krum,TX,"Dallas-Fort Worth-Arlington, TX",Denton County,335147.4250594474,-3.2,2111.1111111111113,NA,25333.333333333336,0.63,13.2,7.56,4.91,Strong Buy,NA,NA,NA,NA,NA,NA,NA,NA,2026-07-31,2026-07-31
Fultondale,AL,"Birmingham-Hoover, AL",Jefferson County,232255.52352925888,2.34,1463.2222222222224,NA,17558.666666666668,0.63,13.2,7.56,4.91,Strong Buy,9325,-2.13,664744,-1.48,0.68,13.13,7.2,36.28,2026-07-31,2026-07-31
Leesburg,FL,"Orlando-Kissimmee-Sanford, FL",Lake County,275813.9783611379,-4.21,1733.5429864253394,3.23,20802.515837104074,0.629,13.3,7.54,4.9,Strong Buy,37815,39.4,444204,15.01,42.09,12.7,9.37,23.35,2026-07-31,2026-07-31
Pahoa,HI,"Hilo, HI",Hawaii County,293870.3415138085,-1.46,1845.8333333333333,NA,22150,0.628,13.3,7.54,4.9,Strong Buy,NA,NA,NA,NA,NA,NA,NA,NA,2026-07-31,2026-07-31
Gardendale,AL,"Birmingham-Hoover, AL",Jefferson County,271387.7978305316,2.57,1705.8333333333337,NA,20470.000000000004,0.629,13.3,7.54,4.9,Strong Buy,NA,NA,NA,NA,NA,NA,NA,NA,2026-07-31,2026-07-31
Antigo,WI,"Wausau-Weston, WI",Langlade County,192917.13133324732,9.37,1211.6666666666667,NA,14540,0.628,13.3,7.54,4.9,Strong Buy,NA,NA,NA,NA,NA,NA,NA,NA,2026-07-31,2026-07-31
Springfield,GA,"Savannah, GA",Effingham County,307357.1656149137,1.27,1930.6666666666667,NA,23168,0.628,13.3,7.54,4.9,Strong Buy,3223,19.15,73148,12.2,19.48,6.74,2.95,21.49,2026-07-31,2026-07-31
Pensacola,FL,"Pensacola-Ferry Pass-Brent, FL",Escambia County,267429.7538092046,1.13,1676.7392806911794,2.88,20120.871368294152,0.627,13.3,7.52,4.89,Strong Buy,53898,-1.07,331275,2.69,10.82,13.13,5.08,36,2026-07-31,2026-07-31
Sulphur,LA,"Lake Charles, LA",Calcasieu Parish,203049.3085370646,3.06,1271.9444444444443,8.73,15263.333333333332,0.626,13.3,7.52,4.89,Strong Buy,20572,-5.72,206861,-4.45,9.82,18.49,13.5,27.76,2026-07-31,2026-07-31
McHenry,IL,"Chicago-Naperville-Elgin, IL-IN-WI",McHenry County,318612.6205523645,5.16,1996.8055555555557,NA,23961.666666666668,0.627,13.3,7.52,4.89,Strong Buy,28825,5.4,315959,1.93,5.95,3.55,3.04,17.42,2026-07-31,2026-07-31
Roselle,IL,"Chicago-Naperville-Elgin, IL-IN-WI",DuPage County,388468.0179984872,4.14,2436.8201058201053,NA,29241.841269841265,0.627,13.3,7.53,4.89,Strong Buy,22871,-0.23,937142,0.6,5.3,4.53,5.6,26.87,2026-07-31,2026-07-31
Lockhart,TX,"Austin-Round Rock-Georgetown, TX",Caldwell County,275793.1263658489,-6.11,1729.3333333333333,NA,20752,0.627,13.3,7.52,4.89,Strong Buy,17166,19.51,52430,14.11,40.84,7.48,5.19,26.83,2026-07-31,2026-07-31
Willimantic,CT,"Worcester, MA-CT",Windham County,280272.6063553321,2.26,1758.3333333333337,NA,21100.000000000004,0.627,13.3,7.53,4.89,Strong Buy,NA,NA,NA,NA,NA,NA,NA,NA,2026-07-31,2026-07-31
Saraland,AL,"Mobile, AL",Mobile County,240705.16445344043,1.32,1508.0809523809523,NA,18096.97142857143,0.627,13.3,7.52,4.89,Strong Buy,16458,1.35,412339,-0.5,0.6,13.43,4.82,35.13,2026-07-31,2026-07-31
Helendale,CA,"Riverside-San Bernardino-Ontario, CA",San Bernardino County,375161.5764768622,-1.21,2350,NA,28200,0.626,13.3,7.52,4.89,Strong Buy,NA,NA,NA,NA,NA,NA,NA,NA,2026-07-31,2026-07-31
Vineland,NJ,"Vineland-Bridgeton, NJ",Cumberland County,315331.85067761474,2.46,1973.8888888888887,NA,23686.666666666664,0.626,13.3,7.51,4.88,Strong Buy,NA,NA,NA,NA,NA,NA,NA,NA,2026-07-31,2026-07-31
Jasper,AL,"Jasper, AL",Walker County,204065.2941966561,3.55,1275.8333333333333,-5.15,15310,0.625,13.3,7.5,4.88,Strong Buy,NA,NA,NA,NA,NA,NA,NA,NA,2026-07-31,2026-07-31
Belton,MO,"Kansas City, MO-KS",Cass County,274326.9082876512,4.28,1717.5066137566137,4.6,20610.079365079364,0.626,13.3,7.51,4.88,Strong Buy,25861,7.58,113873,5.28,18.34,5.82,3.72,24.11,2026-07-31,2026-07-31
Perry,GA,"Warner Robins, GA",Houston County,276745.36298792576,2.81,1732.638888888889,NA,20791.666666666668,0.626,13.3,7.51,4.88,Strong Buy,NA,NA,NA,NA,NA,NA,NA,NA,2026-07-31,2026-07-31
Cromwell,CT,"Hartford-East Hartford-Middletown, CT",Middlesex County,383622.74259778025,4.07,2400.833333333333,NA,28809.999999999996,0.626,13.3,7.51,4.88,Strong Buy,NA,NA,NA,NA,NA,NA,NA,NA,2026-07-31,2026-07-31
Merriam,KS,"Kansas City, MO-KS",Johnson County,334811.69842248043,5.56,2096.6666666666665,NA,25160,0.626,13.3,7.51,4.88,Strong Buy,NA,NA,NA,NA,NA,NA,NA,NA,2026-07-31,2026-07-31
Mary Esther,FL,"Crestview-Fort Walton Beach-Destin, FL",Okaloosa County,327184.4616600094,-0.56,2045.917735042735,3.06,24551.01282051282,0.625,13.3,7.5,4.88,Strong Buy,4070,1.9,220483,3.95,1.51,17.91,14.17,32.25,2026-07-31,2026-07-31
Decatur,GA,"Atlanta-Sandy Springs-Alpharetta, GA",Dekalb County,282511.65823815996,-4.13,1762.8629550904732,2.02,21154.355461085677,0.624,13.4,7.49,4.87,Strong Buy,24482,-1.69,NA,NA,NA,NA,NA,NA,2026-07-31,2026-07-31
Spring Hill,FL,"Tampa-St. Petersburg-Clearwater, FL",Hernando County,307828.9572735569,-2.53,1920.4144393241168,1.39,23044.9732718894,0.624,13.4,7.49,4.87,Strong Buy,NA,NA,659114,16.41,37.43,13.3,5.54,24.5,2026-07-31,2026-07-31
Covington,GA,"Atlanta-Sandy Springs-Alpharetta, GA",Newton County,296378.7179454846,-1.25,1849.4233954451347,3.12,22193.080745341616,0.624,13.4,7.49,4.87,Strong Buy,15302,7.47,124010,9.84,25.97,5.38,2.87,26.08,2026-07-31,2026-07-31
Humble,TX,"Houston-The Woodlands-Sugar Land, TX",Harris County,255332.2626387528,-2.09,1594.030065359477,-1.03,19128.360784313725,0.624,13.3,7.49,4.87,Strong Buy,16561,-0.97,5009302,5.78,13.97,8.3,8.76,45.24,2026-07-31,2026-07-31
Muncie,IN,"Muncie, IN",Delaware County,157736.9054266472,3.46,984.7640522875818,6.7,11817.168627450981,0.624,13.3,7.49,4.87,Strong Buy,65320,0.34,112951,1.07,7,10.59,8.46,33.51,2026-07-31,2026-07-31
Mission,TX,"McAllen-Edinburg-Mission, TX",Hidalgo County,218830.70107095,-0.59,1366.1031746031747,-1.77,16393.238095238095,0.624,13.3,7.49,4.87,Strong Buy,88574,3.16,914820,4.8,3.41,12.59,6.81,32.43,2026-07-31,2026-07-31
Parma,OH,"Cleveland-Elyria, OH",Cuyahoga County,220070.0717608036,4.37,1373.237373737374,9.46,16478.848484848488,0.624,13.4,7.49,4.87,Strong Buy,79350,-1.99,1240594,-1.75,1.72,9.97,5.22,40.95,2026-07-31,2026-07-31
Sanford,NC,"Sanford, NC",Lee County,291587.8391910928,0.32,1820.9415584415583,1.7,21851.2987012987,0.624,13.3,7.49,4.87,Strong Buy,32971,9.06,68537,8.1,14.82,8.17,5.03,34.05,2026-07-31,2026-07-31
Willis,TX,"Houston-The Woodlands-Sugar Land, TX",Montgomery County,285701.60515363235,-0.85,1782.703846153846,1.58,21392.44615384615,0.624,13.4,7.49,4.87,Strong Buy,7222,11.99,749613,19.86,40.55,7.22,7.84,28.27,2026-07-31,2026-07-31
Independence,KY,"Cincinnati, OH-KY-IN",Kenton County,331613.0522142975,2.97,2070.527777777778,2.36,24846.333333333336,0.624,13.3,7.49,4.87,Strong Buy,30196,4.9,174862,3.3,10.73,7.27,5.15,29.96,2026-07-31,2026-07-31
Junction City,KS,"Manhattan, KS",Geary County,202463.60568159583,-1.69,1264.513888888889,4.74,15174.166666666668,0.625,13.3,7.49,4.87,Strong Buy,22053,-3.9,35459,-3.55,-8.4,13.38,8.78,57.18,2026-07-31,2026-07-31
Nederland,TX,"Beaumont-Port Arthur, TX",Jefferson County,224670.519418884,1.47,1401.375,3,16816.5,0.624,13.4,7.48,4.87,Strong Buy,18168,-3.43,253948,-0.87,-0.33,14.36,5.93,38.16,2026-07-31,2026-07-31
Pilot Point,TX,"Dallas-Fort Worth-Arlington, TX",Denton County,323567.1036936987,-6.91,2021.722222222222,NA,24260.666666666664,0.625,13.3,7.5,4.87,Strong Buy,NA,NA,NA,NA,NA,NA,NA,NA,2026-07-31,2026-07-31
Orange,TX,"Beaumont-Port Arthur, TX",Orange County,184568.42884381648,3.82,1149.0555555555557,-0.73,13788.666666666668,0.623,13.4,7.47,4.86,Strong Buy,19275,0.05,86115,1.6,3.34,15.48,16.86,24.98,2026-07-31,2026-07-31
Hialeah Gardens,FL,"Miami-Fort Lauderdale-Pompano Beach, FL",Miami-Dade County,423216.339103268,-1.26,2637.222222222222,1.57,31646.666666666664,0.623,13.4,7.48,4.86,Strong Buy,NA,NA,NA,NA,NA,NA,NA,NA,2026-07-31,2026-07-31
New Market,AL,"Huntsville, AL",Madison County,291259.3771307126,-0.47,1814.4444444444443,NA,21773.333333333332,0.623,13.4,7.48,4.86,Strong Buy,NA,NA,423355,8.41,20.5,7.01,5.85,31.22,2026-07-31,2026-07-31
Gulf Hills,MS,"Gulfport-Biloxi, MS",Jackson County,249451.97899548613,0.82,1553.4,-0.75,18640.800000000003,0.623,13.4,7.47,4.86,Strong Buy,NA,NA,147002,2.53,6.19,9.47,10.9,28.03,2026-07-31,2026-07-31
East Stroudsburg,PA,"East Stroudsburg, PA",Monroe County,314727.2629141338,1.74,1956.010582010582,8.38,23472.126984126986,0.621,13.4,7.46,4.85,Strong Buy,9445,-2.3,166523,-1.07,1.94,23.78,3.78,20.47,2026-07-31,2026-07-31
Hazleton,PA,"Scranton--Wilkes-Barre, PA",Luzerne County,224238.5752672428,2.17,1394.5555555555557,NA,16734.666666666668,0.622,13.4,7.46,4.85,Strong Buy,NA,NA,NA,NA,NA,NA,NA,NA,2026-07-31,2026-07-31
Merrillville,IN,"Chicago-Naperville-Elgin, IL-IN-WI",Lake County,246741.88517442145,0.78,1532.905050505051,2.77,18394.86060606061,0.621,13.4,7.46,4.85,Strong Buy,36989,1.45,502955,0.8,4.19,10.57,4.92,29.14,2026-07-31,2026-07-31
Oak Park,MI,"Detroit-Warren-Dearborn, MI",Oakland County,237112.51471269064,1.34,1473.590909090909,2.29,17683.090909090908,0.621,13.4,7.46,4.85,Strong Buy,29402,-0.3,1296888,1.91,10.58,5.25,6.51,27.73,2026-07-31,2026-07-31
Benton Harbor,MI,"Niles, MI",Berrien County,159648.52338578083,6.8,992.8333333333334,NA,11914,0.622,13.4,7.46,4.85,Strong Buy,NA,NA,NA,NA,NA,NA,NA,NA,2026-07-31,2026-07-31
Hazel Green,AL,"Huntsville, AL",Madison County,262327.1341058147,2.16,1632.5,NA,19590,0.622,13.4,7.47,4.85,Strong Buy,NA,NA,NA,NA,NA,NA,NA,NA,2026-07-31,2026-07-31
Black Jack,MO,"St. Louis, MO-IL",Saint Louis County,224111.0182793224,3.94,1393.5,NA,16722,0.622,13.4,7.46,4.85,Strong Buy,6575,-1.01,NA,NA,NA,NA,NA,NA,2026-07-31,2026-07-31
Springfield,MI,"Battle Creek, MI",Calhoun County,149718.8208452716,8.27,930.25,NA,11163,0.621,13.4,7.46,4.85,Strong Buy,NA,NA,NA,NA,NA,NA,NA,NA,2026-07-31,2026-07-31
Oklahoma City,OK,"Oklahoma City, OK",Oklahoma County,207726.3394445777,-0.13,1289.62960534508,2.61,15475.555264140961,0.621,13.4,7.45,4.84,Strong Buy,712919,4.37,816490,2.28,2.8,9.49,7.85,41.39,2026-07-31,2026-07-31
Port Saint Lucie,FL,"Port St. Lucie, FL",Saint Lucie County,386756.1207703795,-1.69,2398.5513901228114,1.69,28782.616681473737,0.62,13.4,7.44,4.84,Strong Buy,NA,NA,NA,NA,NA,NA,NA,NA,2026-07-31,2026-07-31
San Angelo,TX,"San Angelo, TX",Tom Green County,214811.44347800344,-2.6,1332.248015873016,5.65,15986.97619047619,0.62,13.4,7.44,4.84,Strong Buy,100159,0.09,120103,-0.08,4.29,11.27,8.3,33.16,2026-07-31,2026-07-31
Cortland,NY,"Cortland, NY",Cortland County,211147.80274568227,5.97,1308.9351851851852,6.46,15707.222222222223,0.62,13.4,7.44,4.84,Strong Buy,17459,-0.33,45945,-1.72,0.57,9.95,3.58,33.61,2026-07-31,2026-07-31
Semmes,AL,"Mobile, AL",Mobile County,241975.05710912857,-0.13,1500,NA,18000,0.62,13.4,7.44,4.84,Strong Buy,NA,NA,NA,NA,NA,NA,NA,NA,2026-07-31,2026-07-31
Baker,LA,"Baton Rouge, LA",East Baton Rouge Parish,184773.65236958597,0.35,1145.8333333333337,NA,13750.000000000004,0.62,13.4,7.44,4.84,Strong Buy,NA,NA,NA,NA,NA,NA,NA,NA,2026-07-31,2026-07-31
Bay Saint Louis,MS,"Gulfport-Biloxi, MS",Hancock County,242893.65864247584,-0.84,1505.6666666666667,NA,18068,0.62,13.4,7.44,4.84,Strong Buy,NA,NA,46492,0.78,8.75,14.46,6.14,21.26,2026-07-31,2026-07-31
Hamden,CT,"New Haven-Milford, CT",New Haven County,374153.29539577005,5.57,2316.53,5.67,27798.36,0.619,13.5,7.43,4.83,Strong Buy,NA,NA,NA,NA,NA,NA,NA,NA,2026-07-31,2026-07-31
Desoto,TX,"Dallas-Fort Worth-Arlington, TX",Dallas County,324582.2448437191,-1.58,2009.540170940171,-1.58,24114.48205128205,0.619,13.5,7.43,4.83,Strong Buy,NA,NA,2656028,1.73,0.15,7.76,8.95,49.22,2026-07-31,2026-07-31
New Castle,PA,"New Castle, PA",Lawrence County,153221.15453472038,4.33,949.3214285714286,9.78,11391.857142857143,0.62,13.5,7.43,4.83,Strong Buy,21332,-2.59,84233,-2.02,1.64,9.07,2.84,24.57,2026-07-31,2026-07-31
Prairieville,LA,"Baton Rouge, LA",Ascension Parish,338773.6562140515,1.72,2095.920634920635,3.53,25151.047619047622,0.619,13.5,7.42,4.83,Strong Buy,NA,NA,133534,5.16,7.37,8.24,6.33,17.14,2026-07-31,2026-07-31
DuBois,PA,"DuBois, PA",Clearfield County,178006.8048265033,5.09,1102.8333333333337,NA,13234.000000000004,0.62,13.5,7.43,4.83,Strong Buy,NA,NA,NA,NA,NA,NA,NA,NA,2026-07-31,2026-07-31
University Heights,OH,"Cleveland-Elyria, OH",Cuyahoga County,288645.38043067075,2.71,1785.6666666666667,10.39,21428,0.619,13.5,7.42,4.83,Strong Buy,13265,-4.51,1240594,-1.75,1.72,9.97,5.22,40.95,2026-07-31,2026-07-31
Terre Haute,IN,"Terre Haute, IN",Vigo County,162892.77068371038,0.79,1006.7858920748704,5,12081.430704898445,0.618,13.5,7.42,4.82,Strong Buy,58531,0.23,106166,0.03,2.36,9.25,5.3,36.65,2026-07-31,2026-07-31
Greenville,TX,"Dallas-Fort Worth-Arlington, TX",Hunt County,243421.247804528,-3.71,1504.2730908152737,1.4,18051.277089783285,0.618,13.5,7.42,4.82,Strong Buy,34355,21.46,118729,18.43,39.16,10.54,7.57,29.21,2026-07-31,2026-07-31
Fort Dodge,IA,"Fort Dodge, IA",Webster County,132746.1880910291,1.28,820.0500000000001,NA,9840.6,0.618,13.5,7.41,4.82,Strong Buy,24886,0.09,36909,-0.22,8.4,8.28,3.21,29.91,2026-07-31,2026-07-31
Hockley,TX,"Houston-The Woodlands-Sugar Land, TX",Harris County,303361.66025848524,-3.56,1873.757716049383,1.13,22485.092592592595,0.618,13.5,7.41,4.82,Strong Buy,NA,NA,5009302,5.78,13.97,8.3,8.76,45.24,2026-07-31,2026-07-31
Robinson,TX,"Waco, TX",McLennan County,306238.7556740381,0.23,1890.625,NA,22687.5,0.617,13.5,7.41,4.82,Strong Buy,NA,NA,NA,NA,NA,NA,NA,NA,2026-07-31,2026-07-31
Pontoon Beach,IL,"St. Louis, MO-IL",Madison County,194114.6039766339,5.55,1200,NA,14400,0.618,13.5,7.42,4.82,Strong Buy,NA,NA,NA,NA,NA,NA,NA,NA,2026-07-31,2026-07-31
Palm Bay,FL,"Palm Bay-Melbourne-Titusville, FL",Brevard County,305804.1193783468,-2.17,1886.675960061444,1.07,22640.111520737326,0.617,13.5,7.4,4.81,Strong Buy,142023,18.19,658447,8.16,22.48,14.46,11.39,23.08,2026-07-31,2026-07-31
Douglasville,GA,"Atlanta-Sandy Springs-Alpharetta, GA",Douglas County,305074.26189678727,-2.54,1882.143603798444,1.42,22585.72324558133,0.617,13.5,7.4,4.81,Strong Buy,40540,16.56,151887,4.98,12.74,7.01,6.02,33.56,2026-07-31,2026-07-31
Northport,AL,"Tuscaloosa, AL",Tuscaloosa County,272378.1967432131,2.06,1678.7777777777776,5.92,20145.333333333332,0.616,13.5,7.4,4.81,Strong Buy,31492,0.91,241212,3.68,5.91,15.2,5.06,37.84,2026-07-31,2026-07-31
Sapulpa,OK,"Tulsa, OK",Creek County,218971.22324659608,4.42,1350.5,NA,16206,0.617,13.5,7.4,4.81,Strong Buy,23297,5.95,73971,2.94,9.79,11.33,4.71,25.53,2026-07-31,2026-07-31
Huntley,IL,"Chicago-Naperville-Elgin, IL-IN-WI",McHenry County,429595.0766616143,2.72,2650,NA,31800,0.617,13.5,7.4,4.81,Strong Buy,NA,NA,NA,NA,NA,NA,NA,NA,2026-07-31,2026-07-31
Beeville,TX,"Beeville, TX",Bee County,162603.96945323996,-2.6,1002.5,NA,12030,0.617,13.5,7.4,4.81,Strong Buy,NA,NA,NA,NA,NA,NA,NA,NA,2026-07-31,2026-07-31
Burton,MI,"Flint, MI",Genesee County,160359.85931483263,3.1,988.3333333333334,NA,11860,0.616,13.5,7.4,4.81,Strong Buy,NA,NA,NA,NA,NA,NA,NA,NA,2026-07-31,2026-07-31
Odenville,AL,"Birmingham-Hoover, AL",Saint Clair County,261858.39314187423,2.89,1614.7222222222224,3.73,19376.666666666668,0.617,13.5,7.4,4.81,Strong Buy,5711,15.16,NA,NA,NA,NA,NA,NA,2026-07-31,2026-07-31
Sicklerville,NJ,"Philadelphia-Camden-Wilmington, PA-NJ-DE-MD",Camden County,385870.38359192264,3.04,2376.0185185185187,3.24,28512.222222222226,0.616,13.5,7.39,4.8,Strong Buy,NA,NA,533988,2.07,5.74,5.92,4.3,34.97,2026-07-31,2026-07-31
Huber Heights,OH,"Dayton-Kettering, OH",Montgomery County,212794.16891144976,2.95,1308.611111111111,0.42,15703.333333333332,0.615,13.6,7.38,4.8,Strong Buy,43590,0.34,537443,0.06,5.01,8.84,4.22,37.67,2026-07-31,2026-07-31
Schertz,TX,"San Antonio-New Braunfels, TX",Bexar County,315577.78422218567,-1.17,1941.640350877193,2.88,23299.684210526317,0.615,13.5,7.38,4.8,Strong Buy,44428,5.4,2127737,5.56,8.6,8.27,8.16,40.89,2026-07-31,2026-07-31
Maumee,OH,"Toledo, OH",Lucas County,285833.1776735869,2.77,1758.3055555555557,NA,21099.666666666668,0.615,13.5,7.38,4.8,Strong Buy,13625,-1.72,426291,-1.06,-0.51,9.27,4.76,38.34,2026-07-31,2026-07-31
Seffner,FL,"Tampa-St. Petersburg-Clearwater, FL",Hillsborough County,358948.64374393114,-0.67,2209.388888888889,4.39,26512.66666666667,0.616,13.5,7.39,4.8,Strong Buy,NA,NA,1581426,7.85,12.2,7.8,6.74,38.94,2026-07-31,2026-07-31
Mustang,OK,"Oklahoma City, OK",Canadian County,280355.996143294,1.25,1724.2777777777776,1.9,20691.333333333332,0.615,13.5,7.38,4.8,Strong Buy,23965,18.89,181760,16.93,26.01,5.78,5.62,25.24,2026-07-31,2026-07-31
Rincon,GA,"Savannah, GA",Effingham County,341410.4367706322,-1.94,2099.428571428571,1.16,25193.142857142855,0.615,13.6,7.38,4.8,Strong Buy,11701,6.16,73148,12.2,19.48,6.74,2.95,21.49,2026-07-31,2026-07-31
Scottsville,NY,"Rochester, NY",Monroe County,282499.92775020516,5.01,1737.5,NA,20850,0.615,13.5,7.38,4.8,Strong Buy,NA,NA,NA,NA,NA,NA,NA,NA,2026-07-31,2026-07-31
New Port Richey,FL,"Tampa-St. Petersburg-Clearwater, FL",Pasco County,290910.58959754644,-1.81,1786.6955409356724,-0.57,21440.34649122807,0.614,13.6,7.37,4.79,Strong Buy,18130,8.12,659114,16.41,37.43,13.3,5.54,24.5,2026-07-31,2026-07-31
Weslaco,TX,"McAllen-Edinburg-Mission, TX",Hidalgo County,176825.4903620523,-1.32,1085.4740259740258,-1.54,13025.688311688311,0.614,13.6,7.37,4.79,Strong Buy,43864,7.96,914820,4.8,3.41,12.59,6.81,32.43,2026-07-31,2026-07-31
Raeford,NC,"Fayetteville, NC",Hoke County,286149.3444075,-0.23,1756.3151138716355,2.9,21075.781366459625,0.614,13.6,7.37,4.79,Strong Buy,4578,0.48,55382,6,7.48,8.84,2.17,28.32,2026-07-31,2026-07-31
Gainesville,TX,"Gainesville, TX",Cooke County,246389.1087465556,-2.36,1512.6666666666667,NA,18152,0.614,13.6,7.37,4.79,Strong Buy,NA,NA,NA,NA,NA,NA,NA,NA,2026-07-31,2026-07-31
Franklin Park,NJ,"New York-Newark-Jersey City, NY-NJ-PA",Somerset County,425675.2816331973,2.11,2612.5,NA,31350,0.614,13.6,7.36,4.79,Strong Buy,NA,NA,NA,NA,NA,NA,NA,NA,2026-07-31,2026-07-31
Ranson,WV,"Washington-Arlington-Alexandria, DC-VA-MD-WV",Jefferson County,318348.206091691,3.18,1954.1666666666667,NA,23450,0.614,13.6,7.37,4.79,Strong Buy,NA,NA,61264,6.02,25.09,9.47,4.36,20.76,2026-07-31,2026-07-31
Odessa,TX,"Odessa, TX",Ector County,253740.14741062987,4.9,1554.383106599216,-2.76,18652.59727919059,0.613,13.6,7.35,4.78,Strong Buy,119748,4.19,170022,2.73,17.1,7.58,5.06,35.57,2026-07-31,2026-07-31
Sioux City,IA,"Sioux City, IA-NE-SD",Woodbury County,204472.40463327768,2.68,1253.8492063492065,2.51,15046.190476190477,0.613,13.6,7.36,4.78,Strong Buy,86875,1.15,107257,1.23,1.97,6.07,4.79,31.57,2026-07-31,2026-07-31
Calhoun,GA,"Calhoun, GA",Gordon County,278306.45982508146,2.82,1706.0814814814814,2.07,20472.977777777778,0.613,13.6,7.36,4.78,Strong Buy,19592,14.77,60765,5.26,15.88,10.21,9.7,27.41,2026-07-31,2026-07-31
Security-Widefield,CO,"Colorado Springs, CO",El Paso County,379022.37344418414,-1.56,2321.7615384615387,3.71,27861.138461538467,0.613,13.6,7.35,4.78,Strong Buy,NA,NA,752772,2.58,3.46,4.58,3.67,33.62,2026-07-31,2026-07-31
Ennis,TX,"Dallas-Fort Worth-Arlington, TX",Ellis County,264703.0828786507,-2.02,1622.227513227513,-1.8,19466.730158730155,0.613,13.6,7.35,4.78,Strong Buy,24753,22.47,232387,19.58,34.12,5.09,4.27,23.75,2026-07-31,2026-07-31
Newton,KS,"Wichita, KS",Harvey County,176715.64487277134,4.83,1083.8333333333333,13.01,13006,0.613,13.6,7.36,4.78,Strong Buy,18320,-1.36,33642,-1.04,1.46,7.82,8.67,30.47,2026-07-31,2026-07-31
Capitol Heights,MD,"Washington-Arlington-Alexandria, DC-VA-MD-WV",Prince Georges County,328363.4797304664,-2.61,2013.0694444444443,2.81,24156.833333333332,0.613,13.6,7.36,4.78,Strong Buy,4038,-0.02,NA,NA,NA,NA,NA,NA,2026-07-31,2026-07-31
Rural Hall,NC,"Winston-Salem, NC",Forsyth County,277631.5729046546,1.98,1701.7777777777776,NA,20421.333333333332,0.613,13.6,7.36,4.78,Strong Buy,NA,NA,NA,NA,NA,NA,NA,NA,2026-07-31,2026-07-31
Daytona Beach,FL,"Deltona-Daytona Beach-Ormond Beach, FL",Volusia County,252988.58210648136,-3.07,1547.4029953759946,0.49,18568.835944511935,0.612,13.6,7.34,4.77,Strong Buy,86015,18.97,602772,8.46,21.72,14.56,6.51,27.2,2026-07-31,2026-07-31
Lawrence,IN,"Indianapolis-Carmel-Anderson, IN",Marion County,271470.4655889245,0.35,1659.9359477124185,2.77,19919.231372549024,0.611,13.6,7.34,4.77,Strong Buy,49817,0.96,981628,0.5,-0.05,9.65,5.22,44.07,2026-07-31,2026-07-31
Montgomery Village,MD,"Washington-Arlington-Alexandria, DC-VA-MD-WV",Montgomery County,389510.60445073416,-2.33,2380.174603174603,4.81,28562.095238095237,0.611,13.6,7.33,4.77,Strong Buy,NA,NA,1082273,2.02,7.76,4.26,3.68,34.66,2026-07-31,2026-07-31
Allen Park,MI,"Detroit-Warren-Dearborn, MI",Wayne County,212490.11124312785,2.21,1300.75,NA,15609,0.612,13.6,7.35,4.77,Strong Buy,27604,-3.25,1771063,-1.04,3.75,12.9,4.58,35.52,2026-07-31,2026-07-31
Franklin,KY,NA,Simpson County,251295.9030795919,-1.25,1537.5,NA,18450,0.612,13.6,7.34,4.77,Strong Buy,NA,NA,NA,NA,NA,NA,NA,NA,2026-07-31,2026-07-31
Indianapolis,IN,"Indianapolis-Carmel-Anderson, IN",Marion County,232142.2607633197,-0.79,1415.6726055312854,2.05,16988.071266375424,0.61,13.7,7.32,4.76,Strong Buy,900896,0.48,981628,0.5,-0.05,9.65,5.22,44.07,2026-07-31,2026-07-31
Alabaster,AL,"Birmingham-Hoover, AL",Shelby County,308362.635652242,2.8,1880.6666666666667,2.4,22568,0.61,13.7,7.32,4.76,Strong Buy,34460,3.17,235969,5.38,7.09,5.94,5.41,18.74,2026-07-31,2026-07-31
Smithfield,NC,"Raleigh-Cary, NC",Johnston County,293426.25654812966,-0.32,1792.5333333333335,4.88,21510.4,0.611,13.6,7.33,4.76,Strong Buy,12806,12.6,249794,14.89,25.65,6.82,3.91,22.9,2026-07-31,2026-07-31
Trinity,NC,"Greensboro-High Point, NC",Randolph County,293664.1549430047,3.27,1792.5,NA,21510,0.61,13.7,7.32,4.76,Strong Buy,NA,NA,NA,NA,NA,NA,NA,NA,2026-07-31,2026-07-31
Claremont,NH,"Lebanon, NH-VT",Sullivan County,284561.76654735213,2.96,1736.2777777777776,NA,20835.333333333332,0.61,13.7,7.32,4.76,Strong Buy,13105,1.17,44012,2.19,4.16,26.6,8.21,25.18,2026-07-31,2026-07-31
Montrose,VA,"Richmond, VA",Henrico County,261281.8861135625,1.83,1594.8055555555557,NA,19137.666666666668,0.61,13.7,7.32,4.76,Strong Buy,NA,NA,338696,1.12,7.45,5.15,5.64,35.38,2026-07-31,2026-07-31
Cedar Rapids,IA,"Cedar Rapids, IA",Linn County,214766.43055979675,2.46,1306.778647068121,14.2,15681.343764817451,0.608,13.7,7.3,4.75,Strong Buy,137904,0.03,231762,0.58,8.41,6.8,8.73,26.69,2026-07-31,2026-07-31
Champaign,IL,"Champaign-Urbana, IL",Champaign County,240516.15812458663,4.44,1464.5379072681706,5.81,17574.454887218046,0.609,13.7,7.31,4.75,Strong Buy,91961,4.03,212374,2.97,9.8,11.21,10.06,46.55,2026-07-31,2026-07-31
Valrico,FL,"Tampa-St. Petersburg-Clearwater, FL",Hillsborough County,419733.82454569126,-2.51,2556.504656862745,2.6,30678.05588235294,0.609,13.7,7.31,4.75,Strong Buy,NA,NA,1581426,7.85,12.2,7.8,6.74,38.94,2026-07-31,2026-07-31
Panama City,FL,"Panama City, FL",Bay County,286249.3721643915,1.13,1744.160606060606,0.27,20929.92727272727,0.609,13.7,7.31,4.75,Strong Buy,37024,12.68,199718,14.42,36.38,28.33,10.57,31.72,2026-07-31,2026-07-31
New Brunswick,NJ,"New York-Newark-Jersey City, NY-NJ-PA",Middlesex County,449175.6040833819,0.59,2734.551299283154,2.41,32814.61559139785,0.609,13.7,7.31,4.75,Strong Buy,57487,3.96,890119,3.33,12.92,3.48,2.61,36.53,2026-07-31,2026-07-31
Summerfield,FL,"Ocala, FL",Marion County,288641.1094375542,-2.39,1757.388888888889,NA,21088.666666666668,0.609,13.7,7.31,4.75,Strong Buy,NA,NA,428905,13.63,44.29,12.9,7.37,23.32,2026-07-31,2026-07-31
Elgin,SC,"Columbia, SC",Kershaw County,300950.9229452734,1.96,1833.5694444444443,0.71,22002.833333333332,0.609,13.7,7.31,4.75,Strong Buy,1657,1.53,71698,9.3,22.16,12.65,1.82,18.35,2026-07-31,2026-07-31
Centereach,NY,"New York-Newark-Jersey City, NY-NJ-PA",Suffolk County,666049.3696561502,6.54,4058.444444444444,NA,48701.33333333333,0.609,13.7,7.31,4.75,Strong Buy,NA,NA,NA,NA,NA,NA,NA,NA,2026-07-31,2026-07-31
Lavon,TX,"Dallas-Fort Worth-Arlington, TX",Collin County,348628.64425786823,-7.96,2121.0333333333333,1.65,25452.4,0.608,13.7,7.3,4.75,Strong Buy,8491,86.86,1254658,16.64,31.61,5.16,6.55,35.92,2026-07-31,2026-07-31
Walls,MS,"Memphis, TN-MS-AR",DeSoto County,261748.74649353023,1.78,1592.5,NA,19110,0.608,13.7,7.3,4.75,Strong Buy,1412,4.75,195871,5.23,10.71,6.4,13.83,22.2,2026-07-31,2026-07-31
Dothan,AL,"Dothan, AL",Houston County,207985.3896647577,2.21,1264.06993006993,1.84,15168.839160839161,0.608,13.7,7.29,4.74,Strong Buy,71650,0.77,109366,1.93,7.45,14.45,8.64,36.08,2026-07-31,2026-07-31
Brunswick,GA,"Brunswick, GA",Glynn County,257731.9690177892,-0.64,1566.336218254509,1.33,18796.03461905411,0.608,13.7,7.29,4.74,Strong Buy,15520,1.98,86540,2.43,5.74,19.34,10.55,32.96,2026-07-31,2026-07-31
Rosenberg,TX,"Houston-The Woodlands-Sugar Land, TX",Fort Bend County,316001.09179193963,-2.49,1918.7666666666669,-1,23025.200000000004,0.607,13.7,7.29,4.74,Strong Buy,42571,10.59,958434,15.57,27.37,4.23,6.33,22.52,2026-07-31,2026-07-31
Benton,AR,"Little Rock-North Little Rock-Conway, AR",Saline County,241203.79077513565,2.24,1466.4351851851852,8.39,17597.222222222223,0.608,13.7,7.3,4.74,Strong Buy,38088,8.45,131252,6,12.47,5.49,4.29,23.56,2026-07-31,2026-07-31
Austell,GA,"Atlanta-Sandy Springs-Alpharetta, GA",Cobb County,295955.54663856974,-2.53,1799.727145499075,1.11,21596.7257459889,0.608,13.7,7.3,4.74,Strong Buy,8244,5.15,787538,2.76,2.77,5.82,5.06,33.01,2026-07-31,2026-07-31
Mulberry,FL,"Lakeland-Winter Haven, FL",Polk County,286707.2356149649,-1.77,1741.1031746031747,1.69,20893.238095238095,0.607,13.7,7.29,4.74,Strong Buy,4488,13.22,852878,16.8,32.56,16.11,4.75,29.98,2026-07-31,2026-07-31
Lake Placid,FL,"Sebring-Avon Park, FL",Highlands County,238767.05294149416,-1.94,1451.5833333333333,2.12,17419,0.608,13.7,7.3,4.74,Strong Buy,2561,7.65,109778,8.33,24.45,20.91,3.81,21.08,2026-07-31,2026-07-31
Lumberton,TX,"Beaumont-Port Arthur, TX",Hardin County,283566.41398454877,1.06,1722.5,NA,20670,0.607,13.7,7.29,4.74,Strong Buy,NA,NA,NA,NA,NA,NA,NA,NA,2026-07-31,2026-07-31
Willowbrook,IL,"Chicago-Naperville-Elgin, IL-IN-WI",DuPage County,329329.8507325997,3.1,2002.8333333333333,5.38,24034,0.608,13.7,7.3,4.74,Strong Buy,9179,-0.46,937142,0.6,5.3,4.53,5.6,26.87,2026-07-31,2026-07-31
Burkburnett,TX,"Wichita Falls, TX",Wichita County,184875.1139022885,1.11,1124.1666666666667,NA,13490,0.608,13.7,7.3,4.74,Strong Buy,11101,1.2,129984,0.28,-1.28,12.09,11.62,38.5,2026-07-31,2026-07-31
Ingleside,TX,"Corpus Christi, TX",San Patricio County,216988.52841451732,0.98,1318.375,9.51,15820.5,0.608,13.7,7.29,4.74,Strong Buy,10155,5.53,71467,3.8,8.27,18.22,5.94,33.65,2026-07-31,2026-07-31
Fayetteville,NC,"Fayetteville, NC",Cumberland County,225510.01538938915,0.12,1367.6568023394912,2.15,16411.881628073894,0.606,13.7,7.28,4.73,Strong Buy,209496,-0.66,338430,0.37,-6.05,10.52,6.19,46.34,2026-07-31,2026-07-31
Los Lunas,NM,"Albuquerque, NM",Valencia County,332376.0027382621,3.02,2015.3988095238096,3.72,24184.785714285717,0.606,13.7,7.28,4.73,Strong Buy,19907,14.15,80813,5.63,18.83,11.89,4.66,17.95,2026-07-31,2026-07-31
Kent,OH,"Akron, OH",Portage County,253733.5950889641,4.31,1537.5952861952862,8.31,18451.143434343434,0.606,13.8,7.27,4.73,Strong Buy,27720,-1.62,163839,1.23,6.51,9.12,3.08,29.86,2026-07-31,2026-07-31
Collinsville,IL,"St. Louis, MO-IL",Madison County,198330.55263941208,5.74,1202.857142857143,8.19,14434.285714285714,0.606,13.7,7.28,4.73,Strong Buy,23766,-2.47,263017,-1.03,1.59,8.04,3.83,26.39,2026-07-31,2026-07-31
Terrell,TX,"Dallas-Fort Worth-Arlington, TX",Kaufman County,282677.5067200884,-1.4,1713,1.6,20556,0.606,13.8,7.27,4.73,Strong Buy,22977,28.82,197829,34.42,49.26,5.77,8.22,21.41,2026-07-31,2026-07-31
Antioch,IL,"Chicago-Naperville-Elgin, IL-IN-WI",Lake County,361677.9006566634,6.47,2192.9166666666665,NA,26315,0.606,13.7,7.28,4.73,Strong Buy,NA,NA,NA,NA,NA,NA,NA,NA,2026-07-31,2026-07-31
Rensselaer,NY,"Albany-Schenectady-Troy, NY",Rensselaer County,321969.0426456569,3.92,1950.5464285714288,2.16,23406.557142857146,0.606,13.8,7.27,4.73,Strong Buy,9453,2.69,160749,-0.09,6.31,10.96,7.03,35.91,2026-07-31,2026-07-31
Springfield,FL,"Panama City, FL",Bay County,217408.03535838044,-0.31,1319.7222222222224,NA,15836.666666666668,0.607,13.7,7.28,4.73,Strong Buy,NA,NA,NA,NA,NA,NA,NA,NA,2026-07-31,2026-07-31
Utica,MI,"Detroit-Warren-Dearborn, MI",Macomb County,259562.5824499903,0.01,1575,NA,18900,0.607,13.7,7.28,4.73,Strong Buy,NA,NA,NA,NA,NA,NA,NA,NA,2026-07-31,2026-07-31
Battle Creek,MI,"Battle Creek, MI",Calhoun County,187206.73925365423,3.75,1132.7226608187134,5.89,13592.67192982456,0.605,13.8,7.26,4.72,Strong Buy,52205,-0.95,133785,-0.32,4.4,10.39,9.26,27.59,2026-07-31,2026-07-31
Manchester,CT,"Hartford-East Hartford-Middletown, CT",Hartford County,335169.57517821126,4.48,2029.1978557504872,2.65,24350.374269005846,0.605,13.8,7.27,4.72,Strong Buy,NA,NA,NA,NA,NA,NA,NA,NA,2026-07-31,2026-07-31
Peekskill,NY,"New York-Newark-Jersey City, NY-NJ-PA",Westchester County,526913.6596175194,2.88,3191.1111111111113,6.84,38293.333333333336,0.606,13.8,7.27,4.72,Strong Buy,25757,1.67,1006447,0.5,6.23,5.51,2.35,37.8,2026-07-31,2026-07-31
Sun Valley,NV,"Reno, NV",Washoe County,443686.8619443166,0.53,2684.1666666666665,NA,32210,0.605,13.8,7.26,4.72,Strong Buy,NA,NA,NA,NA,NA,NA,NA,NA,2026-07-31,2026-07-31
Dover,FL,"Tampa-St. Petersburg-Clearwater, FL",Hillsborough County,431117.19319267274,-0.94,2606.25,NA,31275,0.605,13.8,7.25,4.72,Strong Buy,NA,NA,NA,NA,NA,NA,NA,NA,2026-07-31,2026-07-31
Locust Grove,VA,"Washington-Arlington-Alexandria, DC-VA-MD-WV",Orange County,435596.0279870348,0.88,2637.5,NA,31650,0.605,13.8,7.27,4.72,Strong Buy,NA,NA,NA,NA,NA,NA,NA,NA,2026-07-31,2026-07-31
Oakland,TN,"Memphis, TN-MS-AR",Fayette County,354981.58541204786,-2.12,2149.9841269841268,-0.66,25799.80952380952,0.606,13.8,7.27,4.72,Strong Buy,10769,19.02,44476,6.24,10.39,7.5,2.19,19.25,2026-07-31,2026-07-31
Westville,NJ,"Philadelphia-Camden-Wilmington, PA-NJ-DE-MD",Gloucester County,289061.40367153165,0.79,1748.25,NA,20979,0.605,13.8,7.26,4.72,Strong Buy,NA,NA,NA,NA,NA,NA,NA,NA,2026-07-31,2026-07-31
Bridgeport,PA,"Philadelphia-Camden-Wilmington, PA-NJ-DE-MD",Montgomery County,358318.68863166,-0.19,2168.055555555555,NA,26016.666666666664,0.605,13.8,7.26,4.72,Strong Buy,NA,NA,NA,NA,NA,NA,NA,NA,2026-07-31,2026-07-31
Middleburg,FL,"Jacksonville, FL",Clay County,327809.21665601316,-0.91,1979.5615911436344,2.1,23754.739093723612,0.604,13.8,7.25,4.71,Strong Buy,NA,NA,236760,8.13,16.84,6.2,2.2,23.76,2026-07-31,2026-07-31
Martinez,GA,"Augusta-Richmond County, GA-SC",Columbia County,287709.93509190227,1.71,1735.8071895424837,1.59,20829.686274509804,0.603,13.8,7.24,4.71,Strong Buy,NA,NA,167472,6.76,9.29,13.79,10.72,21.51,2026-07-31,2026-07-31
Chicago Ridge,IL,"Chicago-Naperville-Elgin, IL-IN-WI",Cook County,251465.6474789869,3.28,1518.0555555555557,NA,18216.666666666668,0.604,13.8,7.24,4.71,Strong Buy,NA,NA,NA,NA,NA,NA,NA,NA,2026-07-31,2026-07-31
California,MD,"California-Lexington Park, MD",Saint Marys County,402661.57477979065,3.02,2433.277777777778,7,29199.333333333336,0.604,13.8,7.25,4.71,Strong Buy,NA,NA,NA,NA,NA,NA,NA,NA,2026-07-31,2026-07-31
Amarillo,TX,"Amarillo, TX",Randall County,212025.4117119331,3.53,1276.7547695951764,5,15321.057235142118,0.602,13.8,7.23,4.7,Strong Buy,203729,1.58,150547,6.52,13.2,8.8,9.76,31.39,2026-07-31,2026-07-31
Jonesboro,AR,"Jonesboro, AR",Craighead County,228082.7775287271,3.91,1373.2047821165816,3.56,16478.45738539898,0.602,13.8,7.22,4.7,Strong Buy,82384,4.49,115852,3.79,10.71,9.64,4.94,40.8,2026-07-31,2026-07-31
Texas City,TX,"Houston-The Woodlands-Sugar Land, TX",Galveston County,230168.648075831,-2.1,1386.0851321853015,0.77,16633.02158622362,0.602,13.8,7.23,4.7,Strong Buy,57875,10.69,367407,4.49,11.39,13,8.22,32.51,2026-07-31,2026-07-31
Winder,GA,"Atlanta-Sandy Springs-Alpharetta, GA",Barrow County,343220.75333379477,-0.85,2068.483333333333,3.28,24821.799999999996,0.603,13.8,7.23,4.7,Strong Buy,20628,12.08,96294,14.63,29.79,4.88,6.41,20.54,2026-07-31,2026-07-31
Moncks Corner,SC,"Charleston-North Charleston, SC",Berkeley County,368613.0919911615,1.02,2221.3796296296296,4.46,26656.555555555555,0.603,13.8,7.23,4.7,Strong Buy,18359,36.57,264276,14.15,27.06,7.35,5.97,25.9,2026-07-31,2026-07-31
Painesville,OH,"Cleveland-Elyria, OH",Lake County,231205.1968323791,3.22,1394.4444444444443,NA,16733.333333333332,0.603,13.8,7.24,4.7,Strong Buy,20660,1.82,232360,-0.07,4.74,5.25,2.87,24.93,2026-07-31,2026-07-31
Auburn,NY,"Auburn, NY",Cayuga County,229007.2712539855,6.53,1379.1666666666667,NA,16550,0.602,13.8,7.23,4.7,Strong Buy,25963,-3.36,74567,-2.08,1.7,14.78,2.3,28.09,2026-07-31,2026-07-31
Mundelein,IL,"Chicago-Naperville-Elgin, IL-IN-WI",Lake County,393636.0495276709,5.79,2371.6666666666665,4.64,28460,0.603,13.8,7.23,4.7,Strong Buy,32641,3.49,718604,0.73,3.75,4.97,4.19,25.6,2026-07-31,2026-07-31
Pataskala,OH,"Columbus, OH",Licking County,392915.6750236492,2.94,2368.8611111111113,NA,28426.333333333336,0.603,13.8,7.23,4.7,Strong Buy,18493,3.23,184898,3.41,7.71,6.46,4.85,26.27,2026-07-31,2026-07-31
Deer Park,TX,"Houston-The Woodlands-Sugar Land, TX",Harris County,281493.10939725937,0.01,1694.5649350649353,4.11,20334.779220779223,0.602,13.8,7.22,4.7,Strong Buy,34495,0.38,5009302,5.78,13.97,8.3,8.76,45.24,2026-07-31,2026-07-31
Selma,CA,"Fresno, CA",Fresno County,364109.5744435906,1.93,2193.75,NA,26325,0.602,13.8,7.23,4.7,Strong Buy,NA,NA,NA,NA,NA,NA,NA,NA,2026-07-31,2026-07-31
Dixon,IL,"Dixon, IL",Lee County,181163.1681759101,6.84,1090.8333333333333,NA,13090,0.602,13.8,7.23,4.7,Strong Buy,NA,NA,NA,NA,NA,NA,NA,NA,2026-07-31,2026-07-31
Laguna Woods,CA,"Los Angeles-Long Beach-Anaheim, CA",Orange County,470940.26466312655,3.15,2840.023809523809,4.93,34080.28571428571,0.603,13.8,7.24,4.7,Strong Buy,17058,-3.15,3170435,-0.5,2.33,5.61,4.39,43.55,2026-07-31,2026-07-31
Glenpool,OK,"Tulsa, OK",Tulsa County,243991.94246625307,3.05,1469.6666666666667,NA,17636,0.602,13.8,7.23,4.7,Strong Buy,NA,NA,NA,NA,NA,NA,NA,NA,2026-07-31,2026-07-31
Excelsior Springs,MO,"Kansas City, MO-KS",Clay County,227787.8564799197,1.1,1373.3333333333333,NA,16480,0.603,13.8,7.23,4.7,Strong Buy,NA,NA,NA,NA,NA,NA,NA,NA,2026-07-31,2026-07-31
Venus,TX,"Dallas-Fort Worth-Arlington, TX",Johnson County,327064.8257689174,-2.88,1971.4861111111113,1.33,23657.833333333336,0.603,13.8,7.23,4.7,Strong Buy,8209,78.3,210547,16.36,31.86,7.46,7.08,25.53,2026-07-31,2026-07-31
Punta Gorda,FL,"Punta Gorda, FL",Charlotte County,335132.52693112247,-6.81,2014.5084415584415,3.3,24174.1012987013,0.601,13.9,7.21,4.69,Strong Buy,20416,3.86,212122,12.82,34.15,23.9,13.02,16.83,2026-07-31,2026-07-31
Bonaire,GA,"Warner Robins, GA",Houston County,305955.4092348239,2.97,1839.1666666666667,0.8,22070,0.601,13.9,7.21,4.69,Strong Buy,NA,NA,174897,6.41,13.28,9.04,8.05,32.9,2026-07-31,2026-07-31
Coolidge,AZ,"Phoenix-Mesa-Chandler, AZ",Pinal County,266193.9086086336,-0.76,1599.111111111111,0.24,19189.333333333332,0.601,13.9,7.21,4.69,Strong Buy,19674,46.46,513862,19.44,51.32,12.6,6.32,19.48,2026-07-31,2026-07-31
Highland Springs,VA,"Richmond, VA",Henrico County,261784.6562278288,1.83,1575.5,NA,18906,0.602,13.8,7.22,4.69,Strong Buy,NA,NA,NA,NA,NA,NA,NA,NA,2026-07-31,2026-07-31
Landover Hills,MD,"Washington-Arlington-Alexandria, DC-VA-MD-WV",Prince Georges County,363971.4823481544,-4.14,2190,NA,26280,0.602,13.8,7.22,4.69,Strong Buy,NA,NA,NA,NA,NA,NA,NA,NA,2026-07-31,2026-07-31
Rochester,NY,"Rochester, NY",Monroe County,249152.29912680204,4.35,1495.5767128480838,3.05,17946.920554177006,0.6,13.9,7.2,4.68,Strong Buy,207282,-1.71,752202,-0.73,1.18,6.27,5.62,36.48,2026-07-31,2026-07-31
Tuscaloosa,AL,"Tuscaloosa, AL",Tuscaloosa County,232816.45893602373,0.98,1396.4600360238658,4.63,16757.52043228639,0.6,13.9,7.2,4.68,Strong Buy,114288,8.25,241212,3.68,5.91,15.2,5.06,37.84,2026-07-31,2026-07-31
Southfield,MI,"Detroit-Warren-Dearborn, MI",Oakland County,258010.91754803856,1.74,1546.580293040293,2.87,18558.963516483516,0.599,13.9,7.19,4.68,Strong Buy,76874,0.61,1296888,1.91,10.58,5.25,6.51,27.73,2026-07-31,2026-07-31
Oak Lawn,IL,"Chicago-Naperville-Elgin, IL-IN-WI",Cook County,301108.45596425975,6.13,1807.8194444444443,2.91,21693.833333333332,0.6,13.9,7.2,4.68,Strong Buy,56531,-2.78,5182617,-1.6,5.9,8.18,4.67,42.49,2026-07-31,2026-07-31
Norwich,CT,"Norwich-New London, CT",New London County,307013.54805781855,6.18,1841.5464285714288,8.83,22098.557142857146,0.6,13.9,7.2,4.68,Strong Buy,39993,-0.06,NA,NA,NA,NA,NA,NA,2026-07-31,2026-07-31
Hastings,NE,"Hastings, NE",Adams County,208684.9546886675,2.81,1253.3333333333337,NA,15040.000000000004,0.601,13.9,7.21,4.68,Strong Buy,NA,NA,NA,NA,NA,NA,NA,NA,2026-07-31,2026-07-31
Monroe,NY,"Poughkeepsie-Newburgh-Middletown, NY",Orange County,532926.0313039687,0.45,3187.5,6.33,38250,0.598,13.9,7.18,4.67,Strong Buy,9502,0.13,411767,2.69,1.95,7.51,3.61,31.57,2026-07-31,2026-07-31
Steubenville,OH,"Weirton-Steubenville, WV-OH",Jefferson County,131386.49761314696,4.37,786.6666666666666,NA,9440,0.599,13.9,7.18,4.67,Strong Buy,NA,NA,NA,NA,NA,NA,NA,NA,2026-07-31,2026-07-31
Chesapeake Beach,MD,"Washington-Arlington-Alexandria, DC-VA-MD-WV",Calvert County,467471.2220848372,0.23,2799.166666666667,NA,33590,0.599,13.9,7.19,4.67,Strong Buy,NA,NA,NA,NA,NA,NA,NA,NA,2026-07-31,2026-07-31
Springfield,MA,"Springfield, MA",Hampden County,307092.15140575,3.99,1836.1784382284384,5.37,22034.14125874126,0.598,13.9,7.18,4.66,Strong Buy,154888,-0.24,464151,0.09,4.76,6.59,3.41,37.78,2026-07-31,2026-07-31
Vero Beach,FL,"Sebastian-Vero Beach, FL",Indian River County,363929.7335517451,-2.64,2173.9531739811914,1.57,26087.438087774295,0.597,14,7.17,4.66,Strong Buy,17556,6.88,172139,7.28,17.28,19.27,12.3,20.67,2026-07-31,2026-07-31
Villa Rica,GA,"Atlanta-Sandy Springs-Alpharetta, GA",Carroll County,314311.24037035316,-0.77,1876.0893901420216,0.63,22513.07268170426,0.597,14,7.16,4.66,Strong Buy,20095,16.51,129911,8.72,17.56,7.57,2.82,30.7,2026-07-31,2026-07-31
Zachary,LA,"Baton Rouge, LA",East Baton Rouge Parish,269520.97309204226,0.68,1611.0555555555557,0.82,19332.666666666668,0.598,13.9,7.17,4.66,Strong Buy,20370,4.54,453022,-0.63,2.16,14.65,10.96,40.94,2026-07-31,2026-07-31
Pace,FL,"Pensacola-Ferry Pass-Brent, FL",Santa Rosa County,327637.2439989051,0.34,1957.5055555555557,3.04,23490.06666666667,0.597,13.9,7.17,4.66,Strong Buy,NA,NA,207653,9.86,19.76,8.97,3.52,20.02,2026-07-31,2026-07-31
Jensen Beach,FL,"Port St. Lucie, FL",Saint Lucie County,419077.5829010525,-3.88,2504.0418470418476,3.61,30048.50216450217,0.598,13.9,7.17,4.66,Strong Buy,NA,NA,NA,NA,NA,NA,NA,NA,2026-07-31,2026-07-31
Long Beach,MS,"Gulfport-Biloxi, MS",Harrison County,238658.1072552749,0.72,1426.111111111111,6.22,17113.333333333332,0.598,13.9,7.17,4.66,Strong Buy,NA,NA,NA,NA,NA,NA,NA,NA,2026-07-31,2026-07-31
Cramerton,NC,"Charlotte-Concord-Gastonia, NC-SC",Gaston County,309615.57189678587,-0.51,1850,NA,22200,0.598,13.9,7.17,4.66,Strong Buy,NA,NA,NA,NA,NA,NA,NA,NA,2026-07-31,2026-07-31
Joliet,IL,"Chicago-Naperville-Elgin, IL-IN-WI",Will County,271895.93685951486,1.1,1620.797138047138,4.07,19449.565656565657,0.596,14,7.15,4.65,Strong Buy,151837,0.99,708583,1.68,4.83,4.5,3.98,17.48,2026-07-31,2026-07-31
Snellville,GA,"Atlanta-Sandy Springs-Alpharetta, GA",Gwinnett County,357350.32349337684,-2.37,2129.457283377542,0.93,25553.487400530503,0.596,14,7.15,4.65,Strong Buy,22336,8.45,1003869,4.75,5.96,3.94,4.99,33.31,2026-07-31,2026-07-31
Urbana,IL,"Champaign-Urbana, IL",Champaign County,209974.46750601032,6.66,1252.5476190476193,6.08,15030.571428571431,0.597,14,7.16,4.65,Strong Buy,39831,2.48,212374,2.97,9.8,11.21,10.06,46.55,2026-07-31,2026-07-31
Somerset,KY,"Somerset, KY",Pulaski County,197587.43550401772,-0.86,1178.3333333333333,NA,14140,0.596,14,7.16,4.65,Strong Buy,12389,3.39,66842,2.66,13.4,18.16,3.75,28.14,2026-07-31,2026-07-31
Dover,PA,"York-Hanover, PA",York County,296655.2505523163,2.51,1769.5833333333333,NA,21235,0.597,14,7.16,4.65,Strong Buy,NA,NA,NA,NA,NA,NA,NA,NA,2026-07-31,2026-07-31
Great Bend,KS,"Great Bend, KS",Barton County,127179.63034487514,11.54,757.5,NA,9090,0.596,14,7.15,4.65,Strong Buy,NA,NA,NA,NA,NA,NA,NA,NA,2026-07-31,2026-07-31
Taft,CA,"Bakersfield, CA",Kern County,209611.21292164436,-2.92,1248.6666666666667,NA,14984,0.596,14,7.15,4.65,Strong Buy,NA,NA,NA,NA,NA,NA,NA,NA,2026-07-31,2026-07-31
Arlington,TN,"Memphis, TN-MS-AR",Shelby County,411719.0314807788,-1.96,2452.4166666666665,4.4,29429,0.596,14,7.15,4.65,Strong Buy,15550,4.24,910530,-2.07,-7.65,10.56,7.81,45.42,2026-07-31,2026-07-31
Clawson,MI,"Detroit-Warren-Dearborn, MI",Oakland County,290552.27186314843,1.54,1732.9166666666667,NA,20795,0.596,14,7.16,4.65,Strong Buy,11440,0.69,1296888,1.91,10.58,5.25,6.51,27.73,2026-07-31,2026-07-31
Hampton,VA,"Virginia Beach-Norfolk-Newport News, VA-NC",Hampton City,282594.36895103933,1.21,1681.7998816852455,5.22,20181.598580222948,0.595,14,7.14,4.64,Strong Buy,137596,0.23,NA,NA,NA,NA,NA,NA,2026-07-31,2026-07-31
Dallas,GA,"Atlanta-Sandy Springs-Alpharetta, GA",Paulding County,357195.42159247695,-0.73,2124.5196777917886,2,25494.236133501465,0.595,14,7.14,4.64,Strong Buy,15062,6.49,188549,11.19,23.16,4.71,4.59,19.73,2026-07-31,2026-07-31
North Fort Myers,FL,"Cape Coral-Fort Myers, FL",Lee County,264940.7450244179,-5.14,1577.1370726495727,-3.95,18925.644871794873,0.595,14,7.14,4.64,Strong Buy,NA,NA,860959,12.46,20.97,25.72,10.08,26.02,2026-07-31,2026-07-31
Coventry,RI,"Providence-Warwick, RI-MA",Kent County,469362.0140056421,4.16,2794.555555555555,5.8,33534.666666666664,0.595,14,7.14,4.64,Strong Buy,NA,NA,172450,1.19,6.54,4.69,3.57,27.85,2026-07-31,2026-07-31
Sebastian,FL,"Sebastian-Vero Beach, FL",Indian River County,350279.1011714738,-0.76,2085.0833333333335,10.13,25021,0.595,14,7.14,4.64,Strong Buy,27087,7.81,172139,7.28,17.28,19.27,12.3,20.67,2026-07-31,2026-07-31
Willoughby,OH,"Cleveland-Elyria, OH",Lake County,249497.61791809392,3.41,1485.75,NA,17829,0.595,14,7.15,4.64,Strong Buy,24208,1.42,232360,-0.07,4.74,5.25,2.87,24.93,2026-07-31,2026-07-31
Powell,TN,"Knoxville, TN",Knox County,365245.0517380955,2.33,2172.1777777777775,NA,26066.13333333333,0.595,14,7.14,4.64,Strong Buy,NA,NA,506748,5.46,9.51,8.07,5.28,35.05,2026-07-31,2026-07-31
Copley,OH,"Akron, OH",Summit County,348642.98445090046,3.71,2071.9166666666665,NA,24863,0.594,14,7.13,4.64,Strong Buy,NA,NA,538370,-0.27,4.33,7.17,3.55,32.71,2026-07-31,2026-07-31
Portland,TX,"Corpus Christi, TX",San Patricio County,271705.3506096842,1.85,1616.008658008658,10.68,19392.103896103894,0.595,14,7.14,4.64,Strong Buy,20725,1.55,71467,3.8,8.27,18.22,5.94,33.65,2026-07-31,2026-07-31
Hickory Hills,IL,"Chicago-Naperville-Elgin, IL-IN-WI",Cook County,345892.66854535573,6.57,2058.3333333333335,NA,24700,0.595,14,7.14,4.64,Strong Buy,NA,NA,NA,NA,NA,NA,NA,NA,2026-07-31,2026-07-31
Justin,TX,"Dallas-Fort Worth-Arlington, TX",Denton County,370553.8116853567,-3.75,2204.680708180708,1.2,26456.168498168496,0.595,14,7.14,4.64,Strong Buy,6197,37.8,1045120,14.28,23.72,4.75,5.09,34.63,2026-07-31,2026-07-31
West Columbia,TX,"Houston-The Woodlands-Sugar Land, TX",Brazoria County,260289.6369450088,0.32,1550,NA,18600,0.595,14,7.15,4.64,Strong Buy,NA,NA,NA,NA,NA,NA,NA,NA,2026-07-31,2026-07-31
Gun Barrel City,TX,"Athens, TX",Henderson County,253212.1022222273,-2.54,1506.1666666666667,NA,18074,0.595,14,7.14,4.64,Strong Buy,NA,NA,NA,NA,NA,NA,NA,NA,2026-07-31,2026-07-31
New York Mills,NY,"Utica-Rome, NY",Oneida County,235578.89272516817,3.43,1400,NA,16800,0.594,14,7.13,4.64,Strong Buy,NA,NA,NA,NA,NA,NA,NA,NA,2026-07-31,2026-07-31
Katy,TX,"Houston-The Woodlands-Sugar Land, TX",Harris County,336999.833609412,-3.4,1998.806541040887,-1.13,23985.678492490642,0.593,14.1,7.12,4.63,Strong Buy,27741,23.74,5009302,5.78,13.97,8.3,8.76,45.24,2026-07-31,2026-07-31
Portsmouth,VA,"Virginia Beach-Norfolk-Newport News, VA-NC",Portsmouth City,269554.56366353383,1.29,1599.1074603174602,5.18,19189.289523809523,0.593,14,7.12,4.63,Strong Buy,96482,-1.55,NA,NA,NA,NA,NA,NA,2026-07-31,2026-07-31
Salisbury,MD,"Salisbury, MD-DE",Wicomico County,267688.3102649443,1.4,1587.6666666666667,3.8,19052,0.593,14.1,7.12,4.63,Strong Buy,33616,1.96,106329,2.67,4.52,8.86,3.45,39.32,2026-07-31,2026-07-31
La Vergne,TN,"Nashville-Davidson--Murfreesboro--Franklin, TN",Rutherford County,348443.74192144204,-1.89,2066.9139194139193,0.19,24802.967032967033,0.593,14,7.12,4.63,Strong Buy,41430,7.04,376996,9.81,14.23,7,7.53,34.99,2026-07-31,2026-07-31
Shepherdsville,KY,"Louisville/Jefferson County, KY-IN",Bullitt County,289533.8250922263,1.05,1719.7222222222224,NA,20636.666666666668,0.594,14,7.13,4.63,Strong Buy,NA,NA,NA,NA,NA,NA,NA,NA,2026-07-31,2026-07-31
Dallas,NC,"Charlotte-Concord-Gastonia, NC-SC",Gaston County,276740.81206219917,0.52,1643.3611111111113,4.17,19720.333333333336,0.594,14,7.13,4.63,Strong Buy,6270,5.4,242010,5.85,15.72,7.81,5.03,34.18,2026-07-31,2026-07-31
Bryant,AR,"Little Rock-North Little Rock-Conway, AR",Saline County,256029.04425944795,2.23,1519.1666666666667,NA,18230,0.593,14,7.12,4.63,Strong Buy,22271,7.26,131252,6,12.47,5.49,4.29,23.56,2026-07-31,2026-07-31
South Haven,MI,"Holland, MI",Van Buren County,379209.9952715263,3.06,2250,NA,27000,0.593,14,7.12,4.63,Strong Buy,NA,NA,NA,NA,NA,NA,NA,NA,2026-07-31,2026-07-31
Kellogg,ID,NA,Shoshone County,286421.8469561511,6,1700,NA,20400,0.594,14,7.12,4.63,Strong Buy,NA,NA,NA,NA,NA,NA,NA,NA,2026-07-31,2026-07-31
Houston,TX,"Houston-The Woodlands-Sugar Land, TX",Harris County,263562.90693654364,-2.52,1561.1657416103262,-0.19,18733.988899323915,0.592,14.1,7.11,4.62,Strong Buy,2390125,3.97,5009302,5.78,13.97,8.3,8.76,45.24,2026-07-31,2026-07-31
Denham Springs,LA,"Baton Rouge, LA",Livingston Parish,258699.95995823923,3.86,1532.9683257918552,4.49,18395.619909502264,0.593,14.1,7.11,4.62,Strong Buy,9321,0.15,152886,7.03,12.26,12.8,8.44,18.73,2026-07-31,2026-07-31
Endicott,NY,"Binghamton, NY",Broome County,210425.9205570655,7.42,1245.8333333333333,5.34,14950,0.592,14.1,7.1,4.62,Strong Buy,13199,-3.25,196397,-0.9,3.49,11.96,7.64,35.43,2026-07-31,2026-07-31
Romulus,MI,"Detroit-Warren-Dearborn, MI",Wayne County,206880.2382105633,2.18,1225.0555555555557,NA,14700.666666666668,0.592,14.1,7.11,4.62,Strong Buy,24652,-1.78,1771063,-1.04,3.75,12.9,4.58,35.52,2026-07-31,2026-07-31
Bristol,PA,"Philadelphia-Camden-Wilmington, PA-NJ-DE-MD",Bucks County,347117.4820291982,1.88,2054,NA,24648,0.592,14.1,7.1,4.62,Strong Buy,NA,NA,NA,NA,NA,NA,NA,NA,2026-07-31,2026-07-31
Lynn Haven,FL,"Panama City, FL",Bay County,325506.0143690193,-0.37,1929.2904761904765,1.78,23151.485714285718,0.593,14.1,7.11,4.62,Strong Buy,21954,17.63,199718,14.42,36.38,28.33,10.57,31.72,2026-07-31,2026-07-31
Belle Chasse,LA,"New Orleans-Metairie, LA",Plaquemines Parish,347294.9973044901,-0.65,2058.3333333333335,NA,24700,0.593,14.1,7.11,4.62,Strong Buy,NA,NA,NA,NA,NA,NA,NA,NA,2026-07-31,2026-07-31
New Brighton,PA,"Pittsburgh, PA",Beaver County,161344.53870465924,-0.85,956.6666666666669,NA,11480.000000000002,0.593,14.1,7.12,4.62,Strong Buy,NA,NA,NA,NA,NA,NA,NA,NA,2026-07-31,2026-07-31
Baton Rouge,LA,"Baton Rouge, LA",East Baton Rouge Parish,233135.5293991363,0.9,1377.0995807389995,3.09,16525.194968867996,0.591,14.1,7.09,4.61,Strong Buy,220907,-2.37,453022,-0.63,2.16,14.65,10.96,40.94,2026-07-31,2026-07-31
Westland,MI,"Detroit-Warren-Dearborn, MI",Wayne County,217986.11743029548,2.69,1288.1548020692755,3.46,15457.857624831307,0.591,14.1,7.09,4.61,Strong Buy,82745,-2.8,1771063,-1.04,3.75,12.9,4.58,35.52,2026-07-31,2026-07-31
Kenner,LA,"New Orleans-Metairie, LA",Jefferson Parish,273203.1715666502,5.31,1614.7727272727273,0.67,19377.272727272728,0.591,14.1,7.09,4.61,Strong Buy,64650,-2.47,427253,-2.84,2.2,8.82,5.5,37.69,2026-07-31,2026-07-31
Cooper City,FL,"Miami-Fort Lauderdale-Pompano Beach, FL",Broward County,670057.705459398,-0.89,3962.602380952381,2.05,47551.22857142857,0.591,14.1,7.1,4.61,Strong Buy,35541,3.52,2037472,4.84,14.84,13.18,6.08,36.74,2026-07-31,2026-07-31
Kilgore,TX,"Longview, TX",Gregg County,215187.08959607175,1.56,1270.6666666666667,2.76,15248,0.59,14.1,7.09,4.61,Strong Buy,13583,1.59,126679,1.9,-0.81,11.68,5.97,40.51,2026-07-31,2026-07-31
Debary,FL,"Deltona-Daytona Beach-Ormond Beach, FL",Volusia County,380626.73767418094,-0.99,2252.016666666667,2.55,27024.200000000004,0.592,14.1,7.1,4.61,Strong Buy,NA,NA,602772,8.46,21.72,14.56,6.51,27.2,2026-07-31,2026-07-31
Uniontown,OH,"Akron, OH",Summit County,328796.4008822558,3.29,1945.25,NA,23343,0.592,14.1,7.1,4.61,Strong Buy,NA,NA,NA,NA,NA,NA,NA,NA,2026-07-31,2026-07-31
Mishawaka,IN,"South Bend-Mishawaka, IN-MI",Saint Joseph County,216965.4413605139,5.56,1280.0777777777778,3.5,15360.933333333334,0.59,14.1,7.08,4.6,Strong Buy,51020,-0.05,NA,NA,NA,NA,NA,NA,2026-07-31,2026-07-31
New Castle,DE,"Philadelphia-Camden-Wilmington, PA-NJ-DE-MD",New Castle County,283068.3393141095,-0.15,1668.6527777777776,NA,20023.833333333332,0.589,14.1,7.07,4.6,Strong Buy,5715,3.1,588093,3,8.7,5.15,4.98,31.49,2026-07-31,2026-07-31
Glendale Heights,IL,"Chicago-Naperville-Elgin, IL-IN-WI",DuPage County,330642.67917333374,4.51,1948.0879629629628,2.55,23377.055555555555,0.589,14.1,7.07,4.6,Strong Buy,32866,-0.71,937142,0.6,5.3,4.53,5.6,26.87,2026-07-31,2026-07-31
Ada,OK,"Ada, OK",Pontotoc County,185709.83877227968,6.93,1095.601851851852,4.67,13147.222222222223,0.59,14.1,7.08,4.6,Strong Buy,16578,0.56,38310,0.57,-4.15,14.35,14.76,33.56,2026-07-31,2026-07-31
Ottawa,IL,"Ottawa, IL",La Salle County,218207.91823734672,5.93,1286.6666666666667,NA,15440,0.59,14.1,7.08,4.6,Strong Buy,18775,-0.24,NA,NA,NA,NA,NA,NA,2026-07-31,2026-07-31
Highland,IN,"Chicago-Naperville-Elgin, IL-IN-WI",Lake County,270414.1014705969,1.97,1593.9059523809522,6.43,19126.871428571427,0.589,14.1,7.07,4.6,Strong Buy,23497,-1.94,502955,0.8,4.19,10.57,4.92,29.14,2026-07-31,2026-07-31
Red Lion,PA,"York-Hanover, PA",York County,298095.19427466736,1.95,1756.6666666666667,3.54,21080,0.589,14.1,7.07,4.6,Strong Buy,6552,0.65,471240,3.17,10.19,4.45,2.79,24.17,2026-07-31,2026-07-31
Rantoul,IL,"Champaign-Urbana, IL",Champaign County,144697.61697306685,4.4,852.6349206349206,5.68,10231.619047619048,0.589,14.1,7.07,4.6,Strong Buy,12268,-0.46,212374,2.97,9.8,11.21,10.06,46.55,2026-07-31,2026-07-31
Bel Aire,KS,"Wichita, KS",Sedgwick County,284023.5916152869,1.23,1673.611111111111,NA,20083.333333333332,0.589,14.1,7.07,4.6,Strong Buy,NA,NA,NA,NA,NA,NA,NA,NA,2026-07-31,2026-07-31
Boardman,OR,"Hermiston-Pendleton, OR",Morrow County,345256.19580440485,-0.64,2035.8,NA,24429.6,0.59,14.1,7.08,4.6,Strong Buy,NA,NA,NA,NA,NA,NA,NA,NA,2026-07-31,2026-07-31
Ocala,FL,"Ocala, FL",Marion County,268443.6369443504,-2.76,1578.3578327032992,-0.68,18940.29399243959,0.588,14.2,7.06,4.59,Strong Buy,70251,9.96,428905,13.63,44.29,12.9,7.37,23.32,2026-07-31,2026-07-31
Bartlett,TN,"Memphis, TN-MS-AR",Shelby County,324080.11752643087,-0.92,1907.5806100217865,0.32,22890.967320261436,0.589,14.2,7.06,4.59,Strong Buy,56708,-1.67,910530,-2.07,-7.65,10.56,7.81,45.42,2026-07-31,2026-07-31
Zephyrhills,FL,"Tampa-St. Petersburg-Clearwater, FL",Pasco County,304760.8174079436,-2.83,1793.9842386715452,-1.42,21527.81086405854,0.589,14.2,7.06,4.59,Strong Buy,22304,28.53,659114,16.41,37.43,13.3,5.54,24.5,2026-07-31,2026-07-31
Mentor,OH,"Cleveland-Elyria, OH",Lake County,279252.47274527274,3.63,1642.2962962962963,7.45,19707.555555555555,0.588,14.2,7.06,4.59,Strong Buy,47113,-0.66,232360,-0.07,4.74,5.25,2.87,24.93,2026-07-31,2026-07-31
Byron,GA,"Warner Robins, GA",Peach County,268578.74797600607,2.64,1581.8055555555557,NA,18981.666666666668,0.589,14.1,7.07,4.59,Strong Buy,NA,NA,NA,NA,NA,NA,NA,NA,2026-07-31,2026-07-31
Clanton,AL,"Birmingham-Hoover, AL",Chilton County,224562.52278184277,4.54,1321.6666666666667,4.83,15860,0.589,14.2,7.06,4.59,Strong Buy,NA,NA,NA,NA,NA,NA,NA,NA,2026-07-31,2026-07-31
Whitehouse,TX,"Tyler, TX",Smith County,287925.3854547798,-0.23,1695.9166666666667,4.61,20351,0.589,14.1,7.07,4.59,Strong Buy,9781,17.57,249091,6.36,10,17.21,17.96,30.69,2026-07-31,2026-07-31
Harlem,GA,"Augusta-Richmond County, GA-SC",Columbia County,293449.74715323845,1.92,1725,NA,20700,0.588,14.2,7.05,4.59,Strong Buy,NA,NA,NA,NA,NA,NA,NA,NA,2026-07-31,2026-07-31
Jamestown,NC,"Greensboro-High Point, NC",Guilford County,353187.764800279,0.19,2079,NA,24948,0.589,14.2,7.06,4.59,Strong Buy,NA,NA,NA,NA,NA,NA,NA,NA,2026-07-31,2026-07-31
Boynton Beach,FL,"Miami-Fort Lauderdale-Pompano Beach, FL",Palm Beach County,403838.6067411152,-1.56,2369.15664556962,2.4,28429.879746835442,0.587,14.2,7.04,4.58,Strong Buy,83095,3.26,1582055,5.87,15.98,16.36,6.94,30.14,2026-07-31,2026-07-31
Spartanburg,SC,"Spartanburg, SC",Spartanburg County,233746.7203387795,1.49,1371.5915151515153,1.68,16459.098181818183,0.587,14.2,7.04,4.58,Strong Buy,39606,2.6,369256,12.1,27.18,8.85,6.12,27.07,2026-07-31,2026-07-31
Paducah,KY,"Paducah, KY-IL",McCracken County,190460.45466838343,-1.57,1118.3333333333333,5.62,13420,0.587,14.2,7.05,4.58,Strong Buy,26712,-1.56,67550,-0.55,4.12,15.14,4.52,32.58,2026-07-31,2026-07-31
Lake City,FL,"Lake City, FL",Columbia County,264401.5756825372,0.37,1552.2222222222224,2.42,18626.666666666668,0.587,14.2,7.04,4.58,Strong Buy,12783,3.55,73977,6.05,12.41,11.13,4.03,29.12,2026-07-31,2026-07-31
Sewell,NJ,"Philadelphia-Camden-Wilmington, PA-NJ-DE-MD",Gloucester County,445501.9501680185,4.77,2613.5416666666665,NA,31362.5,0.587,14.2,7.04,4.58,Strong Buy,NA,NA,311783,3.04,8.48,4.88,3.06,20.57,2026-07-31,2026-07-31
Cabot,AR,"Little Rock-North Little Rock-Conway, AR",Lonoke County,249314.7276021403,3.82,1464.1346153846152,1.2,17569.615384615383,0.587,14.2,7.05,4.58,Strong Buy,27575,3.8,76389,3.13,5.01,8.99,5.51,25.58,2026-07-31,2026-07-31
Laurens,SC,"Greenville-Anderson, SC",Laurens County,185470.24640165432,-1.49,1090,NA,13080,0.588,14.2,7.05,4.58,Strong Buy,NA,NA,NA,NA,NA,NA,NA,NA,2026-07-31,2026-07-31
Alva,FL,"Cape Coral-Fort Myers, FL",Lee County,375684.12654735096,-5.75,2208.3333333333335,NA,26500,0.588,14.2,7.05,4.58,Strong Buy,NA,NA,860959,12.46,20.97,25.72,10.08,26.02,2026-07-31,2026-07-31
Garrison,MD,"Baltimore-Columbia-Towson, MD",Baltimore County,323091.49150180357,-1.4,1897.5235690235688,2.86,22770.282828282827,0.587,14.2,7.05,4.58,Strong Buy,NA,NA,852425,-0.11,3.96,5.75,5.61,33.67,2026-07-31,2026-07-31
Ralston,NE,"Omaha-Council Bluffs, NE-IA",Douglas County,268740.581223998,3.45,1578,NA,18936,0.587,14.2,7.05,4.58,Strong Buy,NA,NA,NA,NA,NA,NA,NA,NA,2026-07-31,2026-07-31
Pleasant Valley,MO,"Kansas City, MO-KS",Clay County,264245.8846247844,2.71,1550,NA,18600,0.587,14.2,7.04,4.58,Strong Buy,NA,NA,NA,NA,NA,NA,NA,NA,2026-07-31,2026-07-31
Gentry,AR,"Fayetteville-Springdale-Rogers, AR",Benton County,303852.29239085945,2.65,1783.3333333333333,NA,21400,0.587,14.2,7.04,4.58,Strong Buy,NA,NA,NA,NA,NA,NA,NA,NA,2026-07-31,2026-07-31
Stone Mountain,GA,"Atlanta-Sandy Springs-Alpharetta, GA",Dekalb County,269782.75884337124,-5.28,1581.0587418102944,-1.78,18972.704901723533,0.586,14.2,7.03,4.57,Strong Buy,6552,-2.11,NA,NA,NA,NA,NA,NA,2026-07-31,2026-07-31
Titusville,FL,"Palm Bay-Melbourne-Titusville, FL",Brevard County,274789.08934307104,-1.4,1608.5681818181818,0.8,19302.81818181818,0.585,14.2,7.02,4.57,Strong Buy,49883,2.18,658447,8.16,22.48,14.46,11.39,23.08,2026-07-31,2026-07-31
Dickinson,TX,"Houston-The Woodlands-Sugar Land, TX",Galveston County,270294.0818938427,-0.95,1582.8333333333333,1.14,18994,0.586,14.2,7.03,4.57,Strong Buy,21941,2.2,367407,4.49,11.39,13,8.22,32.51,2026-07-31,2026-07-31
Oxford,AL,"Anniston-Oxford, AL",Calhoun County,198245.14346205824,1.22,1160.5,5.82,13926,0.585,14.2,7.02,4.57,Strong Buy,22088,0,116427,0.16,3.01,15.29,5.39,29.61,2026-07-31,2026-07-31
Adairsville,GA,"Atlanta-Sandy Springs-Alpharetta, GA",Bartow County,305503.48700341076,2.34,1789.0277777777776,NA,21468.333333333332,0.586,14.2,7.03,4.57,Strong Buy,5029,2.82,117508,7.49,19.33,9.6,9.13,26.14,2026-07-31,2026-07-31
Yaphank,NY,"New York-Newark-Jersey City, NY-NJ-PA",Suffolk County,571922.704693086,5.47,3352.5,NA,40230,0.586,14.2,7.03,4.57,Strong Buy,NA,NA,1535909,0.9,2.22,11.64,3.67,18.09,2026-07-31,2026-07-31
Laredo,TX,"Laredo, TX",Webb County,223126.5271905502,2.41,1305.4826923076923,1.45,15665.792307692307,0.585,14.2,7.02,4.56,Strong Buy,261260,2.26,272823,2.04,-1.85,8.25,8.2,36.11,2026-07-31,2026-07-31
Riverview,FL,"Tampa-St. Petersburg-Clearwater, FL",Hillsborough County,366162.900707764,-3.25,2141.276561576751,-0.16,25695.318738921014,0.585,14.3,7.02,4.56,Strong Buy,NA,NA,1581426,7.85,12.2,7.8,6.74,38.94,2026-07-31,2026-07-31
Lexington,SC,"Columbia, SC",Lexington County,307771.87902211,1.2,1798.005747126437,0.5,21576.068965517243,0.584,14.3,7.01,4.56,Strong Buy,25354,7.19,313774,6.37,11.83,7.71,3.5,23.15,2026-07-31,2026-07-31
Des Plaines,IL,"Chicago-Naperville-Elgin, IL-IN-WI",Cook County,360725.2534445028,6.44,2108.2825396825397,6.58,25299.390476190478,0.584,14.3,7.01,4.56,Strong Buy,58832,-2.69,5182617,-1.6,5.9,8.18,4.67,42.49,2026-07-31,2026-07-31
Lexington,NC,"Winston-Salem, NC",Davidson County,275046.8576621905,4.87,1608.75,3.92,19305,0.585,14.2,7.02,4.56,Strong Buy,19904,2,177809,5.18,19.16,9.39,3.95,26.47,2026-07-31,2026-07-31
Davenport,FL,"Lakeland-Winter Haven, FL",Polk County,340825.0682642814,-3.87,1992.747834021283,1.15,23912.974008255398,0.585,14.3,7.02,4.56,Strong Buy,16764,72.29,852878,16.8,32.56,16.11,4.75,29.98,2026-07-31,2026-07-31
Sun City,AZ,"Phoenix-Mesa-Chandler, AZ",Maricopa County,298391.43585389474,-2.78,1745.7848484848485,-1.44,20949.418181818182,0.585,14.2,7.02,4.56,Strong Buy,NA,NA,4673096,5.12,9.38,8.29,5.4,34.99,2026-07-31,2026-07-31
Fort Lee,NJ,"New York-Newark-Jersey City, NY-NJ-PA",Bergen County,604159.43033566745,7.07,3530.106366459627,3.38,42361.276397515525,0.584,14.3,7.01,4.56,Strong Buy,40566,1.28,978641,2.61,10.38,4.13,3.53,34.64,2026-07-31,2026-07-31
Bristol,TN,"Kingsport-Bristol, TN-VA",Sullivan County,238433.61456574127,-1.44,1392.5833333333333,7.9,16711,0.584,14.3,7.01,4.56,Strong Buy,27867,2.52,162703,2.82,9.93,9.89,4.08,27.07,2026-07-31,2026-07-31
Uniontown,PA,"Pittsburgh, PA",Fayette County,161584.5434362828,2.38,944.1666666666666,NA,11330,0.584,14.3,7.01,4.56,Strong Buy,NA,NA,NA,NA,NA,NA,NA,NA,2026-07-31,2026-07-31
Zion,IL,"Chicago-Naperville-Elgin, IL-IN-WI",Lake County,257565.3959316524,7.12,1506.5972222222224,NA,18079.166666666668,0.585,14.2,7.02,4.56,Strong Buy,24583,-0.6,718604,0.73,3.75,4.97,4.19,25.6,2026-07-31,2026-07-31
Lebanon,IN,"Indianapolis-Carmel-Anderson, IN",Boone County,304736.9232896411,4.52,1780.6388888888887,7.62,21367.666666666664,0.584,14.3,7.01,4.56,Strong Buy,17608,5.34,78773,10.74,29.2,3.69,3.7,20.69,2026-07-31,2026-07-31
Gulfport,FL,"Tampa-St. Petersburg-Clearwater, FL",Pinellas County,357572.88492260425,-4.01,2090.6666666666665,0.47,25088,0.585,14.3,7.02,4.56,Strong Buy,11645,-1.05,965870,0.63,3.8,18.32,8.78,30.56,2026-07-31,2026-07-31
Monongahela,PA,"Pittsburgh, PA",Washington County,154081.44118525114,-0.16,900,NA,10800,0.584,14.3,7.01,4.56,Strong Buy,NA,NA,NA,NA,NA,NA,NA,NA,2026-07-31,2026-07-31
Falling Waters,WV,"Hagerstown-Martinsburg, MD-WV",Berkeley County,320932.2561899233,3.71,1876.6944444444443,NA,22520.333333333332,0.585,14.3,7.02,4.56,Strong Buy,NA,NA,136287,11.07,22.16,5.95,1.35,24.6,2026-07-31,2026-07-31
Moyock,NC,"Virginia Beach-Norfolk-Newport News, VA-NC",Currituck County,503512.7365267014,1.88,2941.666666666667,NA,35300,0.584,14.3,7.01,4.56,Strong Buy,NA,NA,NA,NA,NA,NA,NA,NA,2026-07-31,2026-07-31
Rotonda West,FL,"Punta Gorda, FL",Charlotte County,347949.0319803616,-6.83,2032.9166666666667,6.03,24395,0.584,14.3,7.01,4.56,Strong Buy,NA,NA,212122,12.82,34.15,23.9,13.02,16.83,2026-07-31,2026-07-31
Loganville,GA,"Atlanta-Sandy Springs-Alpharetta, GA",Walton County,393308.61175356386,-2.16,2296.0490620490623,1.7,27552.58874458875,0.584,14.3,7.01,4.55,Strong Buy,16862,18.56,109792,13.03,25.68,4.54,1.62,20.82,2026-07-31,2026-07-31
Kannapolis,NC,"Charlotte-Concord-Gastonia, NC-SC",Cabarrus County,282200.1409826915,0.3,1646.4461889425656,1.37,19757.354267310788,0.583,14.3,7,4.55,Strong Buy,60521,9.3,244925,7.78,14.7,12.01,9.95,27.87,2026-07-31,2026-07-31
Parkersburg,WV,"Parkersburg-Vienna, WV",Wood County,150256.38129395674,0.15,876.6666666666666,6.88,10520,0.583,14.3,7,4.55,Strong Buy,28834,-2.83,82757,-1.65,0.6,11.39,9.85,25.58,2026-07-31,2026-07-31
Reynoldsburg,OH,"Columbus, OH",Franklin County,299804.9812302001,0.87,1750.78253968254,1.88,21009.390476190478,0.584,14.3,7.01,4.55,Strong Buy,42897,4.46,1356303,2.4,7.58,6.96,3.98,47.03,2026-07-31,2026-07-31
Cordova,TN,"Memphis, TN-MS-AR",Shelby County,302472.1975310243,-1.98,1765.6735946420729,0.76,21188.083135704874,0.584,14.3,7,4.55,Strong Buy,NA,NA,910530,-2.07,-7.65,10.56,7.81,45.42,2026-07-31,2026-07-31
Harvest,AL,"Huntsville, AL",Madison County,316246.33178175736,0.84,1843.0079365079368,2.93,22116.095238095244,0.583,14.3,6.99,4.55,Strong Buy,NA,NA,423355,8.41,20.5,7.01,5.85,31.22,2026-07-31,2026-07-31
Alsip,IL,"Chicago-Naperville-Elgin, IL-IN-WI",Cook County,274888.6543741929,5.86,1605,7.27,19260,0.584,14.3,7.01,4.55,Strong Buy,18486,-2.7,5182617,-1.6,5.9,8.18,4.67,42.49,2026-07-31,2026-07-31
Havelock,NC,"New Bern, NC",Craven County,237487.50367246356,2.83,1384.1666666666667,1.5,16610,0.583,14.3,6.99,4.55,Strong Buy,17407,-2.84,104167,2.62,7.75,12.51,6.59,30.05,2026-07-31,2026-07-31
Warren,PA,"Warren, PA",Warren County,144551.2038283853,0.19,842.5,NA,10110,0.583,14.3,6.99,4.55,Strong Buy,NA,NA,NA,NA,NA,NA,NA,NA,2026-07-31,2026-07-31
San Antonio,FL,"Tampa-St. Petersburg-Clearwater, FL",Pasco County,347834.27499155747,-3.46,2027.425,1.87,24329.1,0.583,14.3,6.99,4.55,Strong Buy,1577,21.21,659114,16.41,37.43,13.3,5.54,24.5,2026-07-31,2026-07-31
Mabank,TX,"Dallas-Fort Worth-Arlington, TX",Kaufman County,275074.8009817895,-1.36,1605.5333333333335,NA,19266.4,0.584,14.3,7,4.55,Strong Buy,7021,68.21,197829,34.42,49.26,5.77,8.22,21.41,2026-07-31,2026-07-31
West Palm Beach,FL,"Miami-Fort Lauderdale-Pompano Beach, FL",Palm Beach County,406114.99157330854,0.33,2363.3062930872516,2.98,28359.67551704702,0.582,14.3,6.98,4.54,Strong Buy,127744,8.71,1582055,5.87,15.98,16.36,6.94,30.14,2026-07-31,2026-07-31
Lafayette,LA,"Lafayette, LA",Lafayette Parish,227079.58801433773,1.87,1321.734316673897,0.06,15860.811800086763,0.582,14.3,6.98,4.54,Strong Buy,122280,0.68,254241,4.98,9.97,10,6.1,33.9,2026-07-31,2026-07-31
Seminole,FL,"Tampa-St. Petersburg-Clearwater, FL",Pinellas County,390225.3923258435,-1.54,2271.0201923076925,-0.91,27252.242307692308,0.582,14.3,6.98,4.54,Strong Buy,19395,-0.11,965870,0.63,3.8,18.32,8.78,30.56,2026-07-31,2026-07-31
Grovetown,GA,"Augusta-Richmond County, GA-SC",Columbia County,307437.48556564323,1.46,1790.1592592592594,2.32,21481.911111111112,0.582,14.3,6.99,4.54,Strong Buy,17843,12.06,167472,6.76,9.29,13.79,10.72,21.51,2026-07-31,2026-07-31
Cullman,AL,"Cullman, AL",Cullman County,264321.92918742896,3.66,1538.7222222222224,2.9,18464.666666666668,0.582,14.3,6.99,4.54,Strong Buy,20239,9.63,92604,5.06,10,12.63,3.91,23.64,2026-07-31,2026-07-31
Woodbury,NJ,"Philadelphia-Camden-Wilmington, PA-NJ-DE-MD",Gloucester County,347337.1503535739,5.37,2022.7777777777776,NA,24273.333333333332,0.582,14.3,6.99,4.54,Strong Buy,10138,1.77,311783,3.04,8.48,4.88,3.06,20.57,2026-07-31,2026-07-31
Milford,DE,"Dover, DE",Kent County,347041.47033873614,0.79,2020.6666666666667,NA,24248,0.582,14.3,6.99,4.54,Strong Buy,NA,NA,NA,NA,NA,NA,NA,NA,2026-07-31,2026-07-31
Ridgeland,SC,"Hilton Head Island-Bluffton, SC",Jasper County,322680.8179988759,-1.97,1876.5,NA,22518,0.582,14.3,6.98,4.54,Strong Buy,NA,NA,NA,NA,NA,NA,NA,NA,2026-07-31,2026-07-31
Columbus,OH,"Columbus, OH",Franklin County,248685.97173210257,-0.98,1445.6454530037645,1.46,17347.745436045174,0.581,14.3,6.98,4.53,Strong Buy,933263,2.96,1356303,2.4,7.58,6.96,3.98,47.03,2026-07-31,2026-07-31
Schaumburg,IL,"Chicago-Naperville-Elgin, IL-IN-WI",Cook County,364929.5771445825,4.91,2119.0980599647264,2.08,25429.176719576717,0.581,14.4,6.97,4.53,Strong Buy,77099,-1.7,5182617,-1.6,5.9,8.18,4.67,42.49,2026-07-31,2026-07-31
Oakland Park,FL,"Miami-Fort Lauderdale-Pompano Beach, FL",Broward County,372417.1534777133,-2.85,2163.192903828198,0.49,25958.314845938374,0.581,14.3,6.97,4.53,Strong Buy,45771,3.47,2037472,4.84,14.84,13.18,6.08,36.74,2026-07-31,2026-07-31
Marion,IL,"Carbondale-Marion, IL",Williamson County,183472.57529068377,2.02,1065,8.08,12780,0.58,14.4,6.97,4.53,Strong Buy,NA,NA,NA,NA,NA,NA,NA,NA,2026-07-31,2026-07-31
Rolling Meadows,IL,"Chicago-Naperville-Elgin, IL-IN-WI",Cook County,342521.3938479708,6.78,1989.3882783882784,0.33,23872.659340659342,0.581,14.3,6.97,4.53,Strong Buy,23732,-1.86,5182617,-1.6,5.9,8.18,4.67,42.49,2026-07-31,2026-07-31
Clementon,NJ,"Philadelphia-Camden-Wilmington, PA-NJ-DE-MD",Camden County,318647.4583718773,2.63,1849.3222222222223,NA,22191.86666666667,0.58,14.4,6.96,4.53,Strong Buy,5600,5.22,533988,2.07,5.74,5.92,4.3,34.97,2026-07-31,2026-07-31
Ruther Glen,VA,NA,Caroline County,363545.6289690745,3.55,2112.5,NA,25350,0.581,14.3,6.97,4.53,Strong Buy,NA,NA,NA,NA,NA,NA,NA,NA,2026-07-31,2026-07-31
Whiting,IN,"Chicago-Naperville-Elgin, IL-IN-WI",Lake County,206967.46099268005,0.79,1202.7777777777776,NA,14433.333333333332,0.581,14.3,6.97,4.53,Strong Buy,4491,-1.71,502955,0.8,4.19,10.57,4.92,29.14,2026-07-31,2026-07-31
Rumford,ME,NA,Oxford County,180763.7941434553,1.6,1050,NA,12600,0.581,14.3,6.97,4.53,Strong Buy,NA,NA,NA,NA,NA,NA,NA,NA,2026-07-31,2026-07-31
Council Bluffs,IA,"Omaha-Council Bluffs, NE-IA",Pottawattamie County,231630.9203412331,2.39,1342.3176638176635,2.39,16107.811965811961,0.58,14.4,6.95,4.52,Strong Buy,62665,-0.19,93529,-0.13,3.09,6.22,1.75,29.65,2026-07-31,2026-07-31
Stuart,FL,"Port St. Lucie, FL",Martin County,375621.0660306025,-2.22,2176.5833333333335,4.15,26119,0.579,14.4,6.95,4.52,Strong Buy,19566,11.54,165666,4.41,14.54,17.59,6.28,19.89,2026-07-31,2026-07-31
Breaux Bridge,LA,"Lafayette, LA",Saint Martin Parish,187558.4830640049,3.73,1087.5,NA,13050,0.58,14.4,6.96,4.52,Strong Buy,NA,NA,NA,NA,NA,NA,NA,NA,2026-07-31,2026-07-31
Maywood,IL,"Chicago-Naperville-Elgin, IL-IN-WI",Cook County,262104.63920606233,8.63,1519.1666666666667,9.9,18230,0.58,14.4,6.96,4.52,Strong Buy,NA,NA,NA,NA,NA,NA,NA,NA,2026-07-31,2026-07-31
Jasper,GA,"Atlanta-Sandy Springs-Alpharetta, GA",Pickens County,413104.7730579868,1.23,2392.5,NA,28710,0.579,14.4,6.95,4.52,Strong Buy,NA,NA,NA,NA,NA,NA,NA,NA,2026-07-31,2026-07-31
Clarksville,IN,"Louisville/Jefferson County, KY-IN",Clark County,209970.690117375,3.11,1217.275132275132,NA,14607.301587301583,0.58,14.4,6.96,4.52,Strong Buy,22041,-1.26,127479,5.03,14.65,8.67,9.66,25.03,2026-07-31,2026-07-31
Sunny Isles Beach,FL,"Miami-Fort Lauderdale-Pompano Beach, FL",Miami-Dade County,652429.2990992683,-0.86,3782.926587195998,1.48,45395.119046351974,0.58,14.4,6.96,4.52,Strong Buy,22903,2.9,2838461,5.29,19.88,11.11,5.36,47.81,2026-07-31,2026-07-31
Otsego,MN,"Minneapolis-St. Paul-Bloomington, MN-WI",Wright County,429770.9400458108,-0.14,2490.5,NA,29886,0.579,14.4,6.95,4.52,Strong Buy,23875,18.33,154593,8.96,15.08,6.05,2.93,15.74,2026-07-31,2026-07-31
Brandywine,MD,"Washington-Arlington-Alexandria, DC-VA-MD-WV",Prince Georges County,510618.3048223182,0.58,2957.6626984126983,6.1,35491.95238095238,0.579,14.4,6.95,4.52,Strong Buy,NA,NA,NA,NA,NA,NA,NA,NA,2026-07-31,2026-07-31
Greenwood,MO,"Kansas City, MO-KS",Jackson County,360525.38345289417,2.07,2091,NA,25092,0.58,14.4,6.96,4.52,Strong Buy,NA,NA,NA,NA,NA,NA,NA,NA,2026-07-31,2026-07-31
Willow Springs,IL,"Chicago-Naperville-Elgin, IL-IN-WI",Cook County,406943.77788475767,8.02,2360.0833333333335,NA,28321,0.58,14.4,6.96,4.52,Strong Buy,5793,-0.99,5182617,-1.6,5.9,8.18,4.67,42.49,2026-07-31,2026-07-31
Tulsa,OK,"Tulsa, OK",Tulsa County,220759.01746187813,3.06,1275.752688172043,3.05,15309.032258064515,0.578,14.4,6.93,4.51,Strong Buy,415154,0.36,693514,3.4,7.29,9.07,6.06,40.26,2026-07-31,2026-07-31
Greenville,NC,"Greenville, NC",Pitt County,237517.28544566175,1.15,1372.6704545454547,3.86,16472.045454545456,0.578,14.4,6.94,4.51,Strong Buy,95138,4.6,180783,4.11,7.69,10.11,4.16,49.07,2026-07-31,2026-07-31
Atascocita,TX,"Houston-The Woodlands-Sugar Land, TX",Harris County,312247.09453421936,-1.79,1804.354761904762,-0.73,21652.257142857143,0.578,14.4,6.93,4.51,Strong Buy,NA,NA,5009302,5.78,13.97,8.3,8.76,45.24,2026-07-31,2026-07-31
North Augusta,SC,"Augusta-Richmond County, GA-SC",Edgefield County,283302.3802098585,2.33,1636.7203703703706,0.92,19640.644444444446,0.578,14.4,6.93,4.51,Strong Buy,26395,7.8,29455,14.73,31.47,15.98,4.48,20.16,2026-07-31,2026-07-31
Solon,OH,"Cleveland-Elyria, OH",Cuyahoga County,470327.24000240857,4.05,2717.9166666666665,NA,32615,0.578,14.4,6.93,4.51,Strong Buy,NA,NA,NA,NA,NA,NA,NA,NA,2026-07-31,2026-07-31
Pendleton,IN,"Indianapolis-Carmel-Anderson, IN",Madison County,339613.85956946475,2.25,1964,NA,23568,0.578,14.4,6.94,4.51,Strong Buy,5758,21.5,134222,3.12,12.05,10.55,6.46,30.03,2026-07-31,2026-07-31
Auburn,MA,"Worcester, MA-CT",Worcester County,474607.7700779199,0.86,2743.472222222222,NA,32921.666666666664,0.578,14.4,6.94,4.51,Strong Buy,NA,NA,NA,NA,NA,NA,NA,NA,2026-07-31,2026-07-31
Red Oak,TX,"Dallas-Fort Worth-Arlington, TX",Ellis County,349144.4207565104,-1.44,2017.5952380952376,6.76,24211.14285714285,0.578,14.4,6.93,4.51,Strong Buy,19365,34.46,232387,19.58,34.12,5.09,4.27,23.75,2026-07-31,2026-07-31
Mt Holly Township,NJ,"Philadelphia-Camden-Wilmington, PA-NJ-DE-MD",Burlington County,341113.3107297696,-1.32,1972.1944444444443,NA,23666.333333333332,0.578,14.4,6.94,4.51,Strong Buy,NA,NA,475515,2.99,9.35,5.16,3.54,24.27,2026-07-31,2026-07-31
Joshua Tree,CA,"Riverside-San Bernardino-Ontario, CA",San Bernardino County,351051.75175966695,0.56,2031.8333333333333,17.85,24382,0.579,14.4,6.95,4.51,Strong Buy,NA,NA,2214281,1.41,1.68,9.55,3.22,38.46,2026-07-31,2026-07-31
Riverdale,NJ,"New York-Newark-Jersey City, NY-NJ-PA",Morris County,492126.4084917968,3.86,2845.1666666666665,NA,34142,0.578,14.4,6.94,4.51,Strong Buy,NA,NA,NA,NA,NA,NA,NA,NA,2026-07-31,2026-07-31
Tuckerton,NJ,"New York-Newark-Jersey City, NY-NJ-PA",Ocean County,423879.1404224834,4.15,2450.8888888888887,NA,29410.666666666664,0.578,14.4,6.94,4.51,Strong Buy,NA,NA,NA,NA,NA,NA,NA,NA,2026-07-31,2026-07-31
Saint Petersburg,FL,"Tampa-St. Petersburg-Clearwater, FL",Pinellas County,358420.0620897093,-2.57,2066.6834462284583,0.7,24800.201354741497,0.577,14.5,6.92,4.5,Strong Buy,NA,NA,965870,0.63,3.8,18.32,8.78,30.56,2026-07-31,2026-07-31
Fort Myers,FL,"Cape Coral-Fort Myers, FL",Lee County,307696.6857296799,-6.14,1775.4618074829912,-1.75,21305.541689795893,0.577,14.4,6.92,4.5,Strong Buy,99918,14.47,860959,12.46,20.97,25.72,10.08,26.02,2026-07-31,2026-07-31
Trenton,NJ,"Trenton-Princeton, NJ",Mercer County,354110.42220182036,-1.85,2045.0817332309268,1.78,24540.98079877112,0.578,14.4,6.93,4.5,Strong Buy,91193,0.71,392138,1.46,11.79,6.07,3.03,38.11,2026-07-31,2026-07-31
Elyria,OH,"Cleveland-Elyria, OH",Lorain County,190886.47976854947,4.77,1101.1666666666667,6.49,13214,0.577,14.4,6.92,4.5,Strong Buy,53604,1.74,322030,2.71,9.62,7.17,7.76,26.3,2026-07-31,2026-07-31
Phillipsburg,NJ,"Allentown-Bethlehem-Easton, PA-NJ",Warren County,346057.0495751984,2.02,1997.3657407407409,2.78,23968.38888888889,0.577,14.4,6.93,4.5,Strong Buy,15393,1.24,112031,2.29,7.62,3.71,1.84,25.71,2026-07-31,2026-07-31
Bixby,OK,"Tulsa, OK",Tulsa County,335422.28321959573,1.51,1934.7243589743591,1.28,23216.69230769231,0.577,14.4,6.92,4.5,Strong Buy,31728,10.48,693514,3.4,7.29,9.07,6.06,40.26,2026-07-31,2026-07-31
Boiling Springs,SC,"Spartanburg, SC",Spartanburg County,283007.35291514563,1.71,1634.279487179487,2.18,19611.353846153845,0.577,14.4,6.93,4.5,Strong Buy,NA,NA,369256,12.1,27.18,8.85,6.12,27.07,2026-07-31,2026-07-31
Lillington,NC,"Fayetteville, NC",Harnett County,290941.52777487296,1.27,1679.0277777777776,NA,20148.333333333332,0.577,14.4,6.93,4.5,Strong Buy,4848,0.77,146096,9.26,25.57,10.01,8.1,30.51,2026-07-31,2026-07-31
Selma,NC,"Raleigh-Cary, NC",Johnston County,275724.7894585509,0.4,1592.0833333333337,NA,19105.000000000004,0.577,14.4,6.93,4.5,Strong Buy,NA,NA,NA,NA,NA,NA,NA,NA,2026-07-31,2026-07-31
Saint Francis,WI,"Milwaukee-Waukesha, WI",Milwaukee County,293270.5109467667,-0.81,1692.7777777777776,6.21,20313.333333333332,0.577,14.4,6.93,4.5,Strong Buy,NA,NA,924740,-1.48,0.57,8.21,6.16,50.2,2026-07-31,2026-07-31
Stratmoor,CO,"Colorado Springs, CO",El Paso County,326809.93248103687,-1.29,1884.7222222222224,7.55,22616.666666666668,0.577,14.4,6.92,4.5,Strong Buy,NA,NA,752772,2.58,3.46,4.58,3.67,33.62,2026-07-31,2026-07-31
Winston-Salem,NC,"Winston-Salem, NC",Forsyth County,265029.1913535111,0.29,1524.8455366357073,2.85,18298.146439628486,0.575,14.5,6.9,4.49,Strong Buy,255769,2.62,398143,4.05,9.43,10.09,8.4,37.31,2026-07-31,2026-07-31
Kenosha,WI,"Chicago-Naperville-Elgin, IL-IN-WI",Kenosha County,286557.16082429123,6.63,1648.744766505636,6.14,19784.937198067633,0.575,14.5,6.9,4.49,Strong Buy,99578,-0.39,168754,-0.26,4.28,7.22,4.17,32.36,2026-07-31,2026-07-31
Saint Cloud,FL,"Orlando-Kissimmee-Sanford, FL",Osceola County,394702.9622307766,-3.51,2273.803096450805,-0.71,27285.637157409656,0.576,14.5,6.91,4.49,Strong Buy,NA,NA,468058,19.66,40.25,19.99,6.97,33.77,2026-07-31,2026-07-31
Yukon,OK,"Oklahoma City, OK",Canadian County,276381.7656462586,1.07,1590.4799719887951,0.1,19085.75966386554,0.575,14.5,6.91,4.49,Strong Buy,27068,13.75,181760,16.93,26.01,5.78,5.62,25.24,2026-07-31,2026-07-31
Hammond,LA,"Hammond, LA",Tangipahoa Parish,225023.81340559045,0.34,1296.4933657673598,4.38,15557.920389208317,0.576,14.5,6.91,4.49,Strong Buy,23426,18.87,139823,4.63,10.29,14.44,8.3,28.48,2026-07-31,2026-07-31
Lenoir,NC,"Hickory-Lenoir-Morganton, NC",Caldwell County,216466.2736003339,1.03,1245,NA,14940,0.575,14.5,6.9,4.49,Strong Buy,NA,NA,NA,NA,NA,NA,NA,NA,2026-07-31,2026-07-31
Commerce Township,MI,"Detroit-Warren-Dearborn, MI",Oakland County,403744.4122604109,2.5,2323.695238095238,8.27,27884.342857142856,0.576,14.5,6.91,4.49,Strong Buy,NA,NA,1296888,1.91,10.58,5.25,6.51,27.73,2026-07-31,2026-07-31
Winterville,NC,"Greenville, NC",Pitt County,280401.13343622425,2.09,1615.5916305916307,1.39,19387.09956709957,0.576,14.5,6.91,4.49,Strong Buy,10899,3.7,180783,4.11,7.69,10.11,4.16,49.07,2026-07-31,2026-07-31
Albert Lea,MN,"Albert Lea, MN",Freeborn County,181799.0723292442,4.62,1046.111111111111,NA,12553.333333333332,0.575,14.5,6.91,4.49,Strong Buy,NA,NA,NA,NA,NA,NA,NA,NA,2026-07-31,2026-07-31
Bemidji,MN,"Bemidji, MN",Beltrami County,223566.97939156424,4.41,1287.2222222222224,NA,15446.666666666668,0.576,14.5,6.91,4.49,Strong Buy,15733,2.11,46762,1.12,2.05,17.03,6.27,30.53,2026-07-31,2026-07-31
Great Mills,MD,"California-Lexington Park, MD",Saint Marys County,376300.955743534,1.81,2167.9166666666665,NA,26015,0.576,14.5,6.91,4.49,Strong Buy,NA,NA,NA,NA,NA,NA,NA,NA,2026-07-31,2026-07-31
Elkins,AR,"Fayetteville-Springdale-Rogers, AR",Madison County,286911.23614133097,3.5,1650,NA,19800,0.575,14.5,6.9,4.49,Strong Buy,NA,NA,NA,NA,NA,NA,NA,NA,2026-07-31,2026-07-31
Cincinnati,OH,"Cincinnati, OH-KY-IN",Hamilton County,251325.8215417772,0.72,1444.9554564138764,2.66,17339.465476966518,0.575,14.5,6.9,4.48,Strong Buy,314915,1.72,837359,0.84,4.18,7.42,4.2,41.01,2026-07-31,2026-07-31
Lagrange,GA,"LaGrange, GA-AL",Troup County,240463.80699148565,2.39,1380.0031746031746,6.47,16560.038095238095,0.574,14.5,6.89,4.48,Strong Buy,NA,NA,71513,3.12,5.89,10.37,3.89,42.07,2026-07-31,2026-07-31
Hackensack,NJ,"New York-Newark-Jersey City, NY-NJ-PA",Bergen County,473421.50394400343,3.22,2719.871586073906,4.79,32638.459032886873,0.575,14.5,6.89,4.48,Strong Buy,46630,1.57,978641,2.61,10.38,4.13,3.53,34.64,2026-07-31,2026-07-31
Mt Laurel Township,NJ,"Philadelphia-Camden-Wilmington, PA-NJ-DE-MD",Burlington County,406197.5909118099,2.8,2335.6155502392344,2.76,28027.386602870814,0.575,14.5,6.9,4.48,Strong Buy,NA,NA,475515,2.99,9.35,5.16,3.54,24.27,2026-07-31,2026-07-31
Madison,MS,"Jackson, MS",Madison County,413720.6387107367,0.68,2378.031746031746,1.8,28536.380952380954,0.575,14.5,6.9,4.48,Strong Buy,28210,1.63,114247,4.57,8.14,7.91,6.1,28.59,2026-07-31,2026-07-31
Wheeling,WV,"Wheeling, WV-OH",Ohio County,154161.23478047308,4.63,885.25,5.86,10623,0.574,14.5,6.89,4.48,Strong Buy,26060,-3.17,41090,-2.88,2.73,14.39,6.05,32.63,2026-07-31,2026-07-31
Comstock Northwest,MI,"Kalamazoo-Portage, MI",Kalamazoo County,269125.8132752394,2.36,1544.0912698412696,NA,18529.095238095237,0.574,14.5,6.88,4.48,Strong Buy,NA,NA,264780,1.13,4.82,7.17,5.23,36.05,2026-07-31,2026-07-31
Little Elm,TX,"Dallas-Fort Worth-Arlington, TX",Denton County,400422.8256256052,-6.3,2294.218855218855,1.42,27530.62626262626,0.573,14.5,6.88,4.47,Strong Buy,61219,29.67,1045120,14.28,23.72,4.75,5.09,34.63,2026-07-31,2026-07-31
Cedar Hill,TX,"Dallas-Fort Worth-Arlington, TX",Dallas County,315424.4029052553,-1.31,1805.7735042735048,0.53,21669.282051282058,0.572,14.6,6.87,4.47,Strong Buy,49618,1.04,2656028,1.73,0.15,7.76,8.95,49.22,2026-07-31,2026-07-31
Collinsville,OK,"Tulsa, OK",Tulsa County,286985.64608816156,2.06,1646.3888888888887,5.02,19756.666666666664,0.574,14.5,6.88,4.47,Strong Buy,9757,21.61,693514,3.4,7.29,9.07,6.06,40.26,2026-07-31,2026-07-31
Brownsville,FL,"Miami-Fort Lauderdale-Pompano Beach, FL",Miami-Dade County,433461.6355302652,0.22,2482.222222222222,17.72,29786.666666666664,0.573,14.6,6.87,4.47,Strong Buy,NA,NA,2838461,5.29,19.88,11.11,5.36,47.81,2026-07-31,2026-07-31
Glennville,GA,"Hinesville, GA",Tattnall County,204952.13684149497,6.77,1175,NA,14100,0.573,14.5,6.88,4.47,Strong Buy,NA,NA,NA,NA,NA,NA,NA,NA,2026-07-31,2026-07-31
Fox River Grove,IL,"Chicago-Naperville-Elgin, IL-IN-WI",McHenry County,366569.9534106439,5.22,2100,NA,25200,0.573,14.5,6.87,4.47,Strong Buy,NA,NA,NA,NA,NA,NA,NA,NA,2026-07-31,2026-07-31
Buffalo,NY,"Buffalo-Cheektowaga, NY",Erie County,249039.70997060384,3.15,1422.9975048523256,2.83,17075.970058227907,0.571,14.6,6.86,4.46,Strong Buy,276617,-0.34,950602,-0.18,2.9,7.11,3.75,34.55,2026-07-31,2026-07-31
Cape Coral,FL,"Cape Coral-Fort Myers, FL",Lee County,337507.3640820536,-4.99,1928.931590003888,-0.99,23147.179080046655,0.572,14.6,6.86,4.46,Strong Buy,233025,19.23,860959,12.46,20.97,25.72,10.08,26.02,2026-07-31,2026-07-31
Bridgeport,CT,"Bridgeport-Stamford-Norwalk, CT",Fairfield County,364427.8133679929,4.43,2083.5016233766232,2.52,25002.019480519477,0.572,14.6,6.86,4.46,Strong Buy,151599,2.63,NA,NA,NA,NA,NA,NA,2026-07-31,2026-07-31
Dacula,GA,"Atlanta-Sandy Springs-Alpharetta, GA",Gwinnett County,447404.7437015195,-3.19,2556.8838937621836,2.41,30682.6067251462,0.571,14.6,6.86,4.46,Strong Buy,8018,16.07,1003869,4.75,5.96,3.94,4.99,33.31,2026-07-31,2026-07-31
Porter,TX,"Houston-The Woodlands-Sugar Land, TX",Montgomery County,310837.7722021027,-1.13,1778.4786324786326,-2.14,21341.74358974359,0.572,14.6,6.87,4.46,Strong Buy,NA,NA,749613,19.86,40.55,7.22,7.84,28.27,2026-07-31,2026-07-31
White Lake,MI,"Detroit-Warren-Dearborn, MI",Oakland County,400382.37795893574,3.48,2288.5,NA,27462,0.572,14.6,6.86,4.46,Strong Buy,NA,NA,1296888,1.91,10.58,5.25,6.51,27.73,2026-07-31,2026-07-31
Zebulon,NC,"Raleigh-Cary, NC",Wake County,344384.3880401641,-0.56,1967.949074074074,0.63,23615.388888888887,0.571,14.6,6.86,4.46,Strong Buy,10505,49.2,1232444,9,18.32,7.54,9.49,35.57,2026-07-31,2026-07-31
Rossville,MD,"Baltimore-Columbia-Towson, MD",Baltimore County,300945.8707654632,-0.89,1720.1183261183262,4.36,20641.419913419915,0.572,14.6,6.86,4.46,Strong Buy,NA,NA,852425,-0.11,3.96,5.75,5.61,33.67,2026-07-31,2026-07-31
Derby,CT,"New Haven-Milford, CT",New Haven County,344785.5142783509,3.36,1970.5555555555557,NA,23646.666666666668,0.572,14.6,6.86,4.46,Strong Buy,NA,NA,NA,NA,NA,NA,NA,NA,2026-07-31,2026-07-31
Parchment,MI,"Kalamazoo-Portage, MI",Kalamazoo County,209799.0654251769,2.65,1200,NA,14400,0.572,14.6,6.86,4.46,Strong Buy,NA,NA,NA,NA,NA,NA,NA,NA,2026-07-31,2026-07-31
Village of Four Seasons,MO,NA,Camden County,367248.53117224673,-5.25,2100,NA,25200,0.572,14.6,6.86,4.46,Strong Buy,NA,NA,NA,NA,NA,NA,NA,NA,2026-07-31,2026-07-31
Killeen,TX,"Killeen-Temple, TX",Bell County,220447.8705508231,-1.13,1257.8014630055002,-1.19,15093.617556066001,0.571,14.6,6.85,4.45,Strong Buy,160616,4.46,399578,7.3,5.6,8.76,5.74,43.84,2026-07-31,2026-07-31
Goose Creek,SC,"Charleston-North Charleston, SC",Berkeley County,325371.93303302355,-0.25,1856.675201288245,3.77,22280.10241545894,0.571,14.6,6.85,4.45,Strong Buy,50352,8.85,264276,14.15,27.06,7.35,5.97,25.9,2026-07-31,2026-07-31
Bridgeton,NJ,"Vineland-Bridgeton, NJ",Cumberland County,258522.64466048457,0.13,1475,NA,17700,0.571,14.6,6.85,4.45,Strong Buy,NA,NA,NA,NA,NA,NA,NA,NA,2026-07-31,2026-07-31
Enfield,CT,"Hartford-East Hartford-Middletown, CT",Hartford County,340661.51013138547,5.2,1941.774603174603,4.23,23301.295238095237,0.57,14.6,6.84,4.45,Strong Buy,NA,NA,NA,NA,NA,NA,NA,NA,2026-07-31,2026-07-31
East Haven,CT,"New Haven-Milford, CT",New Haven County,365229.145386615,3.04,2083.3174603174607,6.04,24999.809523809527,0.57,14.6,6.84,4.45,Strong Buy,NA,NA,NA,NA,NA,NA,NA,NA,2026-07-31,2026-07-31
Clinton,IA,"Clinton, IA",Clinton County,135966.22408612832,4.21,775,NA,9300,0.57,14.6,6.84,4.45,Strong Buy,NA,NA,NA,NA,NA,NA,NA,NA,2026-07-31,2026-07-31
Orange City,FL,"Deltona-Daytona Beach-Ormond Beach, FL",Volusia County,294151.0106916272,-2.04,1679.2566137566137,1.03,20151.079365079364,0.571,14.6,6.85,4.45,Strong Buy,15257,19.41,602772,8.46,21.72,14.56,6.51,27.2,2026-07-31,2026-07-31
Guttenberg,NJ,"New York-Newark-Jersey City, NY-NJ-PA",Hudson County,424592.2498064234,1.43,2424.9166666666665,-0.84,29099,0.571,14.6,6.85,4.45,Strong Buy,11945,-0.47,736185,1.98,14.43,6.78,4.46,68.82,2026-07-31,2026-07-31
Jamestown,ND,"Jamestown, ND",Stutsman County,212579.3912145961,6.49,1212.4166666666667,3.3,14549,0.57,14.6,6.84,4.45,Strong Buy,15789,-0.19,21546,-0.04,1.62,10.6,10.94,36.36,2026-07-31,2026-07-31
North Kansas City,MO,"Kansas City, MO-KS",Clay County,262706.7132705236,2.94,1499.1598290598292,0.52,17989.91794871795,0.571,14.6,6.85,4.45,Strong Buy,5630,23.25,263370,3.63,8.53,5.32,4.67,31.12,2026-07-31,2026-07-31
Jackson,MI,"Jackson, MI",Jackson County,193816.63999372316,2.93,1104.0085470085469,8.1,13248.102564102563,0.57,14.6,6.84,4.44,Strong Buy,30920,-1.24,160233,0.01,3.19,10.34,5.1,24.95,2026-07-31,2026-07-31
Conyers,GA,"Atlanta-Sandy Springs-Alpharetta, GA",Rockdale County,299653.59976149,-1.76,1704.7350427350427,-1.1,20456.82051282051,0.569,14.6,6.83,4.44,Strong Buy,20111,15.65,97610,4.27,11.81,5.2,3.79,34.22,2026-07-31,2026-07-31
Lake in the Hills,IL,"Chicago-Naperville-Elgin, IL-IN-WI",McHenry County,383677.2235285708,3.62,2182.777777777778,3.06,26193.333333333336,0.569,14.6,6.83,4.44,Strong Buy,28706,-0.76,315959,1.93,5.95,3.55,3.04,17.42,2026-07-31,2026-07-31
New Windsor,NY,"Poughkeepsie-Newburgh-Middletown, NY",Orange County,445173.5777387689,4.74,2536.6666666666665,NA,30440,0.57,14.6,6.84,4.44,Strong Buy,NA,NA,NA,NA,NA,NA,NA,NA,2026-07-31,2026-07-31
North Haven,CT,"New Haven-Milford, CT",New Haven County,478954.8628176168,5.3,2724.5833333333335,NA,32695,0.569,14.6,6.83,4.44,Strong Buy,NA,NA,NA,NA,NA,NA,NA,NA,2026-07-31,2026-07-31
Angier,NC,"Fayetteville, NC",Harnett County,334297.1122893774,-0.92,1901.6015873015872,1.2,22819.219047619044,0.569,14.6,6.83,4.44,Strong Buy,8284,45.28,146096,9.26,25.57,10.01,8.1,30.51,2026-07-31,2026-07-31
Mineral Wells,TX,"Mineral Wells, TX",Palo Pinto County,208648.83692098456,-1.9,1186.5,NA,14238,0.569,14.7,6.82,4.44,Strong Buy,NA,NA,NA,NA,NA,NA,NA,NA,2026-07-31,2026-07-31
Navasota,TX,"College Station-Bryan, TX",Grimes County,275179.69909220317,-1.65,1566.6666666666667,NA,18800,0.569,14.6,6.83,4.44,Strong Buy,NA,NA,NA,NA,NA,NA,NA,NA,2026-07-31,2026-07-31
Wolfforth,TX,"Lubbock, TX",Lubbock County,271888.4057885553,1.12,1547.4333333333334,NA,18569.2,0.569,14.6,6.83,4.44,Strong Buy,7982,42.38,327394,5.07,11.74,9.1,7.87,44.7,2026-07-31,2026-07-31
Saint Anthony,MN,"Minneapolis-St. Paul-Bloomington, MN-WI",Hennepin County,406087.9516755229,0.84,2310.9666666666667,NA,27731.6,0.569,14.6,6.83,4.44,Strong Buy,NA,NA,1273334,-0.65,4.24,5.29,5.38,37.05,2026-07-31,2026-07-31
Crestline,CA,"Riverside-San Bernardino-Ontario, CA",San Bernardino County,361354.0282757894,-3.46,2056.111111111111,10.05,24673.33333333333,0.569,14.6,6.83,4.44,Strong Buy,NA,NA,2214281,1.41,1.68,9.55,3.22,38.46,2026-07-31,2026-07-31
Powder Springs,GA,"Atlanta-Sandy Springs-Alpharetta, GA",Cobb County,367148.9459544445,-2.08,2083.2724637681163,3.14,24999.269565217393,0.567,14.7,6.81,4.43,Strong Buy,19632,16.07,787538,2.76,2.77,5.82,5.06,33.01,2026-07-31,2026-07-31
New Bern,NC,"New Bern, NC",Craven County,286045.34387240995,1.77,1622.7968253968254,4.37,19473.561904761904,0.567,14.7,6.81,4.43,Strong Buy,34218,9.19,104167,2.62,7.75,12.51,6.59,30.05,2026-07-31,2026-07-31
Port Huron,MI,"Detroit-Warren-Dearborn, MI",Saint Clair County,177014.73826156117,3.64,1004.5257936507936,6.33,12054.309523809523,0.567,14.7,6.81,4.43,Strong Buy,28342,-2.05,NA,NA,NA,NA,NA,NA,2026-07-31,2026-07-31
Zeeland,MI,"Grand Rapids-Kentwood, MI",Ottawa County,394503.2013057302,4.29,2242,NA,26904,0.568,14.7,6.82,4.43,Strong Buy,NA,NA,NA,NA,NA,NA,NA,NA,2026-07-31,2026-07-31
Windsor,CT,"Hartford-East Hartford-Middletown, CT",Hartford County,377553.4706373428,2.88,2142.777777777778,NA,25713.333333333336,0.568,14.7,6.81,4.43,Strong Buy,NA,NA,NA,NA,NA,NA,NA,NA,2026-07-31,2026-07-31
Lockport,IL,"Chicago-Naperville-Elgin, IL-IN-WI",Will County,375450.2061836066,3.74,2132.2833333333333,3.73,25587.4,0.568,14.7,6.82,4.43,Strong Buy,26915,2.91,708583,1.68,4.83,4.5,3.98,17.48,2026-07-31,2026-07-31
Robbinsdale,MN,"Minneapolis-St. Paul-Bloomington, MN-WI",Hennepin County,321046.1795689431,1.92,1824.1746031746031,7.86,21890.095238095237,0.568,14.7,6.82,4.43,Strong Buy,13993,-4.05,1273334,-0.65,4.24,5.29,5.38,37.05,2026-07-31,2026-07-31
Inwood,WV,"Hagerstown-Martinsburg, MD-WV",Berkeley County,326440.84036057116,3.73,1855.3333333333333,NA,22264,0.568,14.7,6.82,4.43,Strong Buy,NA,NA,136287,11.07,22.16,5.95,1.35,24.6,2026-07-31,2026-07-31
White Oak,PA,"Pittsburgh, PA",Allegheny County,202275.59991930253,6.14,1150,NA,13800,0.569,14.7,6.82,4.43,Strong Buy,NA,NA,NA,NA,NA,NA,NA,NA,2026-07-31,2026-07-31
Fairbanks,AK,"Fairbanks, AK",Fairbanks North Star Borough,310892.57391442684,3.48,1762.0889894419306,3.38,21145.067873303167,0.567,14.7,6.8,4.42,Strong Buy,31732,-2.09,94951,-0.42,-15.76,15.27,8.95,38.31,2026-07-31,2026-07-31
Ruston,LA,"Ruston, LA",Lincoln Parish,229937.4410210887,1.54,1303.3234126984128,5.73,15639.880952380954,0.567,14.7,6.8,4.42,Strong Buy,22330,0.79,48243,-0.13,0.87,11.18,3.64,46.49,2026-07-31,2026-07-31
Naugatuck,CT,"New Haven-Milford, CT",New Haven County,357153.48426249676,3.48,2023.2944444444445,1.53,24279.533333333333,0.567,14.7,6.8,4.42,Strong Buy,32116,1.97,NA,NA,NA,NA,NA,NA,2026-07-31,2026-07-31
Hopewell,VA,"Richmond, VA",Prince George County,236254.51501620052,2.47,1340.042735042735,-0.7,16080.51282051282,0.567,14.7,6.81,4.42,Strong Buy,22970,-0.18,43589,1.17,11.93,5.4,5.18,26.07,2026-07-31,2026-07-31
Ponca City,OK,"Ponca City, OK",Kay County,139703.25614738825,5.92,792.0833333333334,NA,9505,0.567,14.7,6.8,4.42,Strong Buy,NA,NA,NA,NA,NA,NA,NA,NA,2026-07-31,2026-07-31
Beaver Falls,PA,"Pittsburgh, PA",Beaver County,203370.11081989345,6.62,1153.3333333333333,0.71,13840,0.567,14.7,6.81,4.42,Strong Buy,8757,-2.49,165540,-1.38,4.65,9.08,7.23,25.47,2026-07-31,2026-07-31
New Philadelphia,OH,"New Philadelphia-Dover, OH",Tuscarawas County,211842.1454836732,6.36,1200,NA,14400,0.566,14.7,6.8,4.42,Strong Buy,NA,NA,NA,NA,NA,NA,NA,NA,2026-07-31,2026-07-31
Sulphur Springs,TX,"Sulphur Springs, TX",Hopkins County,244634.13913357005,-3.32,1386.0333333333335,NA,16632.4,0.567,14.7,6.8,4.42,Strong Buy,16891,5.83,38784,5.31,13.36,12.13,4.57,30.08,2026-07-31,2026-07-31
Kingsland,GA,"St. Marys, GA",Camden County,299474.51779226464,-0.08,1698.2184343434344,3.13,20378.621212121212,0.567,14.7,6.8,4.42,Strong Buy,20789,13.62,59099,7.59,13.86,9.35,6.6,36.22,2026-07-31,2026-07-31
Kathleen,GA,"Warner Robins, GA",Houston County,367816.5887295296,2.27,2085,NA,25020,0.567,14.7,6.8,4.42,Strong Buy,NA,NA,NA,NA,NA,NA,NA,NA,2026-07-31,2026-07-31
Keystone Heights,FL,"Jacksonville, FL",Clay County,286887.89585563884,2.88,1624.5,NA,19494,0.566,14.7,6.79,4.42,Strong Buy,NA,NA,NA,NA,NA,NA,NA,NA,2026-07-31,2026-07-31
Kansas City,MO,"Kansas City, MO-KS",Jackson County,255589.59775275263,1.36,1444.8551505372843,4.47,17338.26180644741,0.565,14.7,6.78,4.41,Strong Buy,516032,1.56,727362,1.35,6.69,9.2,4.42,41.15,2026-07-31,2026-07-31
Rome,GA,"Rome, GA",Floyd County,233913.35841194345,1.6,1323.411178146472,0.63,15880.934137757664,0.566,14.7,6.79,4.41,Strong Buy,38747,2.31,101390,2.85,10.64,10,5.88,37.93,2026-07-31,2026-07-31
Venice,FL,"North Port-Sarasota-Bradenton, FL",Sarasota County,379343.0871664346,-5.3,2142.725544254614,1.23,25712.706531055366,0.565,14.8,6.78,4.41,Strong Buy,29902,16.81,476604,9.25,17.16,21.04,7.8,23.66,2026-07-31,2026-07-31
Statesville,NC,"Charlotte-Concord-Gastonia, NC-SC",Iredell County,301368.3380666796,3.1,1704.4965034965037,4.68,20453.958041958045,0.566,14.7,6.79,4.41,Strong Buy,31693,10.82,206361,9.94,28.47,9.63,3.66,28.53,2026-07-31,2026-07-31
Irwin,PA,"Pittsburgh, PA",Westmoreland County,268995.9125841163,-0.26,1519.4444444444443,-1.34,18233.333333333332,0.565,14.8,6.78,4.41,Strong Buy,3798,-2.09,350935,-0.96,3.65,8.33,4.09,21.75,2026-07-31,2026-07-31
Elizabeth City,NC,"Elizabeth City, NC",Pasquotank County,269754.0418531881,1.27,1523.677922077922,0.52,18284.135064935064,0.565,14.8,6.78,4.41,Strong Buy,19028,2.06,41418,2.85,8.02,12.36,6.23,34.92,2026-07-31,2026-07-31
Lawrence Township,NJ,"Trenton-Princeton, NJ",Mercer County,469974.9786287439,0.88,2654.962626262626,2.52,31859.551515151514,0.565,14.8,6.78,4.41,Strong Buy,NA,NA,392138,1.46,11.79,6.07,3.03,38.11,2026-07-31,2026-07-31
Paragould,AR,"Paragould, AR",Greene County,195818.31864985905,2.25,1106.904761904762,NA,13282.857142857143,0.565,14.7,6.78,4.41,Strong Buy,NA,NA,NA,NA,NA,NA,NA,NA,2026-07-31,2026-07-31
Dublin,GA,"Dublin, GA",Laurens County,193951.59018550988,2.13,1096.3333333333333,7.75,13156,0.565,14.7,6.78,4.41,Strong Buy,16233,0.43,50287,1.5,7.66,17.61,3.29,34.73,2026-07-31,2026-07-31
Sharpsburg,GA,"Atlanta-Sandy Springs-Alpharetta, GA",Coweta County,436630.37128669786,0.08,2471.0833333333335,NA,29653,0.566,14.7,6.79,4.41,Strong Buy,NA,NA,NA,NA,NA,NA,NA,NA,2026-07-31,2026-07-31
Carnegie,PA,"Pittsburgh, PA",Allegheny County,228089.920246247,-0.2,1289.3492063492065,8.23,15472.190476190477,0.565,14.7,6.78,4.41,Strong Buy,7855,-3.24,1231814,-1.43,2.72,9.6,6.37,35.07,2026-07-31,2026-07-31
Middleburg Heights,OH,"Cleveland-Elyria, OH",Cuyahoga County,282514.58733221795,4.51,1596.25,NA,19155,0.565,14.7,6.78,4.41,Strong Buy,NA,NA,NA,NA,NA,NA,NA,NA,2026-07-31,2026-07-31
Lowell,AR,"Fayetteville-Springdale-Rogers, AR",Benton County,356835.0542227955,0.05,2018.1944444444443,NA,24218.333333333332,0.566,14.7,6.79,4.41,Strong Buy,11568,16.3,321566,12.19,23.43,9.14,4.86,32.8,2026-07-31,2026-07-31
Temple,TX,"Killeen-Temple, TX",Bell County,248212.83710517164,-3.01,1400.4383582662065,-0.73,16805.260299194477,0.564,14.8,6.77,4.4,Strong Buy,96267,16.27,399578,7.3,5.6,8.76,5.74,43.84,2026-07-31,2026-07-31
Saint Joseph,MO,"St. Joseph, MO-KS",Buchanan County,187020.9824461674,6.09,1054.4163105413106,2.74,12652.995726495727,0.564,14.8,6.77,4.4,Strong Buy,NA,NA,83574,-1.06,4.88,13.06,6.57,35.1,2026-07-31,2026-07-31
Olive Branch,MS,"Memphis, TN-MS-AR",DeSoto County,336094.2819212954,1.06,1894.2539886039883,0.87,22731.04786324786,0.564,14.8,6.76,4.4,Strong Buy,47365,1.72,195871,5.23,10.71,6.4,13.83,22.2,2026-07-31,2026-07-31
Pickerington,OH,"Columbus, OH",Fairfield County,424649.60731271905,0.84,2397.1555555555556,2.37,28765.86666666667,0.565,14.8,6.77,4.4,Strong Buy,25814,11.08,167762,5.2,12.34,5.39,5.3,25.78,2026-07-31,2026-07-31
Haslet,TX,"Dallas-Fort Worth-Arlington, TX",Tarrant County,389426.8338008116,-2.82,2194.3824684087845,-1.46,26332.58962090541,0.563,14.8,6.76,4.4,Strong Buy,4743,136.68,2230708,5.41,8.74,7.08,7.73,40.64,2026-07-31,2026-07-31
Dewitt,MI,"Lansing-East Lansing, MI",Clinton County,332144.91109126713,1.54,1872.4952380952384,NA,22469.94285714286,0.564,14.8,6.77,4.4,Strong Buy,NA,NA,80050,1.11,3.11,5.46,12.58,17.2,2026-07-31,2026-07-31
Twentynine Palms,CA,"Riverside-San Bernardino-Ontario, CA",San Bernardino County,252058.19421727496,-1.67,1421.2001424501425,3.68,17054.40170940171,0.564,14.8,6.77,4.4,Strong Buy,26563,-5.33,2214281,1.41,1.68,9.55,3.22,38.46,2026-07-31,2026-07-31
Weirton,WV,"Weirton-Steubenville, WV-OH",Hancock County,148704.23570028087,7.23,838.5,NA,10062,0.564,14.8,6.77,4.4,Strong Buy,18317,-4.17,28054,-3.41,1.57,9.33,7.03,25.35,2026-07-31,2026-07-31
Westampton Township,NJ,"Philadelphia-Camden-Wilmington, PA-NJ-DE-MD",Burlington County,429286.8302063258,1.8,2422.6388888888887,NA,29071.666666666664,0.564,14.8,6.77,4.4,Strong Buy,NA,NA,475515,2.99,9.35,5.16,3.54,24.27,2026-07-31,2026-07-31
Vass,NC,"Pinehurst-Southern Pines, NC",Moore County,372297.4804138541,1.82,2100,NA,25200,0.564,14.8,6.77,4.4,Strong Buy,1035,7.92,108417,8.1,14.51,13.37,3.35,23.67,2026-07-31,2026-07-31
Crafton,PA,"Pittsburgh, PA",Allegheny County,215649.1880948393,-2.14,1215.8333333333333,NA,14590,0.564,14.8,6.77,4.4,Strong Buy,5863,-3.7,1231814,-1.43,2.72,9.6,6.37,35.07,2026-07-31,2026-07-31
Saint Bernard,OH,"Cincinnati, OH-KY-IN",Hamilton County,205007.2395718037,-2.69,1156.25,NA,13875,0.564,14.8,6.77,4.4,Strong Buy,NA,NA,NA,NA,NA,NA,NA,NA,2026-07-31,2026-07-31
Ingram,PA,"Pittsburgh, PA",Allegheny County,185982.29836851443,1.17,1050,NA,12600,0.565,14.8,6.77,4.4,Strong Buy,NA,NA,NA,NA,NA,NA,NA,NA,2026-07-31,2026-07-31
Biloxi,MS,"Gulfport-Biloxi, MS",Harrison County,237900.71030633608,2.66,1339.8018173452956,2.87,16077.621808143547,0.563,14.8,6.76,4.39,Strong Buy,48144,-2.6,213730,2.34,10.31,13.14,7.09,39.41,2026-07-31,2026-07-31
Morganton,NC,"Hickory-Lenoir-Morganton, NC",Burke County,263128.38096275483,1.88,1482.5,NA,17790,0.563,14.8,6.76,4.39,Strong Buy,17825,1.8,88545,1.49,8.78,10.45,2.87,25.23,2026-07-31,2026-07-31
Haltom City,TX,"Dallas-Fort Worth-Arlington, TX",Tarrant County,244635.70293512227,-3.79,1378.0243546576885,4.58,16536.292255892262,0.563,14.8,6.76,4.39,Strong Buy,45786,-0.47,2230708,5.41,8.74,7.08,7.73,40.64,2026-07-31,2026-07-31
El Mirage,AZ,"Phoenix-Mesa-Chandler, AZ",Maricopa County,341411.9900405909,-1.9,1920.7820512820515,0.54,23049.384615384617,0.563,14.8,6.75,4.39,Strong Buy,36468,1.43,4673096,5.12,9.38,8.29,5.4,34.99,2026-07-31,2026-07-31
Lithia Springs,GA,"Atlanta-Sandy Springs-Alpharetta, GA",Douglas County,278170.48922354373,-3.37,1564.862637362637,1.02,18778.351648351643,0.563,14.8,6.75,4.39,Strong Buy,NA,NA,151887,4.98,12.74,7.01,6.02,33.56,2026-07-31,2026-07-31
Homosassa,FL,"Homosassa Springs, FL",Citrus County,307469.7002307849,-2.13,1731.6666666666667,6.5,20780,0.563,14.8,6.76,4.39,Strong Buy,NA,NA,170174,10.1,32.17,16.44,8.93,15.17,2026-07-31,2026-07-31
Enola,PA,"Harrisburg-Carlisle, PA",Cumberland County,304401.22223039897,2.28,1712.8333333333333,3.9,20554,0.563,14.8,6.75,4.39,Strong Buy,NA,NA,275516,5.86,13.9,4.61,1.99,28.63,2026-07-31,2026-07-31
Bessemer City,NC,"Charlotte-Concord-Gastonia, NC-SC",Gaston County,242759.36702450132,1.34,1366.1666666666667,5.1,16394,0.563,14.8,6.75,4.39,Strong Buy,NA,NA,NA,NA,NA,NA,NA,NA,2026-07-31,2026-07-31
Brown Deer,WI,"Milwaukee-Waukesha, WI",Milwaukee County,298513.391404486,2.47,1679.1746031746031,5.53,20150.095238095237,0.563,14.8,6.75,4.39,Strong Buy,12527,0.11,924740,-1.48,0.57,8.21,6.16,50.2,2026-07-31,2026-07-31
Jacksonville,FL,"Jacksonville, FL",Duval County,286645.7414582318,-1.33,1610.065468433854,1.62,19320.785621206247,0.562,14.8,6.74,4.38,Strong Buy,1009833,6.08,1055159,5.75,12.67,9.15,6.97,41.93,2026-07-31,2026-07-31
Homestead,FL,"Miami-Fort Lauderdale-Pompano Beach, FL",Miami-Dade County,436924.5014754259,-3.95,2454.1182844739283,-1.05,29449.419413687137,0.562,14.8,6.74,4.38,Strong Buy,85796,6.55,2838461,5.29,19.88,11.11,5.36,47.81,2026-07-31,2026-07-31
Coram,NY,"New York-Newark-Jersey City, NY-NJ-PA",Suffolk County,574334.7404635624,5.53,3223.9965811965812,2.47,38687.958974358975,0.561,14.8,6.74,4.38,Strong Buy,NA,NA,1535909,0.9,2.22,11.64,3.67,18.09,2026-07-31,2026-07-31
Bloomingdale,IL,"Chicago-Naperville-Elgin, IL-IN-WI",DuPage County,442218.0787239387,4.36,2480.944444444445,NA,29771.333333333336,0.561,14.9,6.73,4.38,Strong Buy,22622,1.2,937142,0.6,5.3,4.53,5.6,26.87,2026-07-31,2026-07-31
Petal,MS,"Hattiesburg, MS",Forrest County,225750.2072232256,2.31,1268.0555555555557,NA,15216.666666666668,0.562,14.8,6.74,4.38,Strong Buy,NA,NA,NA,NA,NA,NA,NA,NA,2026-07-31,2026-07-31
Augusta,ME,"Augusta-Waterville, ME",Kennebec County,285229.9261201402,-0.01,1602.0416666666667,4.76,19224.5,0.562,14.8,6.74,4.38,Strong Buy,19168,1.28,128461,3,7.78,14.58,1.66,27.24,2026-07-31,2026-07-31
Benton,LA,"Shreveport-Bossier City, LA",Bossier Parish,355759.45596061525,2.98,2000,NA,24000,0.562,14.8,6.75,4.38,Strong Buy,NA,NA,NA,NA,NA,NA,NA,NA,2026-07-31,2026-07-31
Middle Island,NY,"New York-Newark-Jersey City, NY-NJ-PA",Suffolk County,509562.2868394386,3.82,2862,NA,34344,0.562,14.8,6.74,4.38,Strong Buy,NA,NA,NA,NA,NA,NA,NA,NA,2026-07-31,2026-07-31
Fate,TX,"Dallas-Fort Worth-Arlington, TX",Rockwall County,359853.9607831294,-3.59,2020.0833333333333,-1.21,24241,0.561,14.8,6.74,4.38,Strong Buy,27467,49.09,137044,25.5,35.89,4.62,4.94,17.44,2026-07-31,2026-07-31
Bethlehem,GA,"Atlanta-Sandy Springs-Alpharetta, GA",Barrow County,368702.8181370504,-2.01,2069.883333333333,5.26,24838.6,0.561,14.8,6.74,4.38,Strong Buy,793,11.85,96294,14.63,29.79,4.88,6.41,20.54,2026-07-31,2026-07-31
Port Neches,TX,"Beaumont-Port Arthur, TX",Jefferson County,247290.93580209825,5.47,1387.5,NA,16650,0.561,14.9,6.73,4.38,Strong Buy,NA,NA,NA,NA,NA,NA,NA,NA,2026-07-31,2026-07-31
Whitestown,IN,"Indianapolis-Carmel-Anderson, IN",Boone County,363679.4513955107,0.73,2044.4084967320264,3.43,24532.901960784315,0.562,14.8,6.75,4.38,Strong Buy,14564,40.71,78773,10.74,29.2,3.69,3.7,20.69,2026-07-31,2026-07-31
Clearwater,FL,"Tampa-St. Petersburg-Clearwater, FL",Pinellas County,346065.3913933328,-1.83,1938.501929306356,-2.04,23262.023151676272,0.56,14.9,6.72,4.37,Strong Buy,116811,-0.45,965870,0.63,3.8,18.32,8.78,30.56,2026-07-31,2026-07-31
Elgin,IL,"Chicago-Naperville-Elgin, IL-IN-WI",Kane County,343260.3090845886,4.04,1924.5023148148148,4.31,23094.027777777777,0.561,14.9,6.73,4.37,Strong Buy,114701,0.05,520997,0.89,3.7,3.54,3.6,24.26,2026-07-31,2026-07-31
Harlingen,TX,"Brownsville-Harlingen, TX",Cameron County,200595.1646717647,-1.93,1124.2272408963584,0.96,13490.726890756301,0.56,14.9,6.73,4.37,Strong Buy,72234,0.26,431874,2.44,0.98,14.04,5.55,34.76,2026-07-31,2026-07-31
Southaven,MS,"Memphis, TN-MS-AR",DeSoto County,276491.3483475014,1.69,1550.5295026881722,0.58,18606.354032258067,0.561,14.9,6.73,4.37,Strong Buy,57493,4.82,195871,5.23,10.71,6.4,13.83,22.2,2026-07-31,2026-07-31
Henderson,NC,"Henderson, NC",Vance County,180863.96128940364,-1.12,1012.5,-0.45,12150,0.56,14.9,6.72,4.37,Strong Buy,14807,-1.68,42337,-0.52,3.42,17.21,1.41,42.64,2026-07-31,2026-07-31
Portage,IN,"Chicago-Naperville-Elgin, IL-IN-WI",Porter County,269589.9851028169,0.48,1508.758741258741,3.81,18105.104895104894,0.56,14.9,6.72,4.37,Strong Buy,38576,1.61,175860,1.45,4.29,5.62,4.57,22.79,2026-07-31,2026-07-31
Jeannette,PA,"Pittsburgh, PA",Westmoreland County,187154.00237571597,-2.75,1047.5,NA,12570,0.56,14.9,6.72,4.37,Strong Buy,NA,NA,NA,NA,NA,NA,NA,NA,2026-07-31,2026-07-31
Newcastle,OK,"Oklahoma City, OK",McClain County,292484.90208584984,-0.66,1639.1666666666667,0.01,19670,0.56,14.9,6.73,4.37,Strong Buy,14677,31.4,48434,15.57,28.18,6.42,4.25,21.51,2026-07-31,2026-07-31
Tequesta,FL,"Miami-Fort Lauderdale-Pompano Beach, FL",Palm Beach County,649775.2526292428,0.28,3644.1666666666665,17.32,43730,0.561,14.9,6.73,4.37,Strong Buy,6285,2.06,1582055,5.87,15.98,16.36,6.94,30.14,2026-07-31,2026-07-31
Long Lake,MN,"Minneapolis-St. Paul-Bloomington, MN-WI",Hennepin County,436591.8112749375,1.61,2445,NA,29340,0.56,14.9,6.72,4.37,Strong Buy,NA,NA,NA,NA,NA,NA,NA,NA,2026-07-31,2026-07-31
Wichita,KS,"Wichita, KS",Sedgwick County,207163.6232772052,2.92,1157.5226287601288,5.04,13890.271545121544,0.559,14.9,6.7,4.36,Strong Buy,400991,0.73,536081,2.14,7.39,9.2,6.89,37.72,2026-07-31,2026-07-31
High Point,NC,"Greensboro-High Point, NC",Guilford County,251120.2631814704,0.23,1402.4936507936509,2.49,16829.92380952381,0.558,14.9,6.7,4.36,Strong Buy,118601,3.34,558816,3.72,9.05,8.49,6.32,40.04,2026-07-31,2026-07-31
Claremore,OK,"Tulsa, OK",Rogers County,263754.09799941786,2.54,1475.4222222222222,3.58,17705.066666666666,0.559,14.9,6.71,4.36,Strong Buy,20602,4.95,101371,6.25,10.63,7.71,3.64,22.22,2026-07-31,2026-07-31
Strongsville,OH,"Cleveland-Elyria, OH",Cuyahoga County,369344.1838954513,3.05,2063.730158730159,NA,24764.76190476191,0.559,14.9,6.71,4.36,Strong Buy,NA,NA,NA,NA,NA,NA,NA,NA,2026-07-31,2026-07-31
Wetumpka,AL,"Montgomery, AL",Elmore County,283015.48965477315,4.61,1582.7777777777776,NA,18993.333333333332,0.559,14.9,6.71,4.36,Strong Buy,NA,NA,NA,NA,NA,NA,NA,NA,2026-07-31,2026-07-31
Hobart,IN,"Chicago-Naperville-Elgin, IL-IN-WI",Lake County,246684.3526735968,0.91,1379.1666666666667,NA,16550,0.559,14.9,6.71,4.36,Strong Buy,29418,-1.01,502955,0.8,4.19,10.57,4.92,29.14,2026-07-31,2026-07-31
Leesburg,GA,"Albany, GA",Lee County,268071.81220333773,1.59,1497,1.61,17964,0.558,14.9,6.7,4.36,Strong Buy,3574,2.55,34073,2.57,3.87,7.01,3.77,26.45,2026-07-31,2026-07-31
Sylacauga,AL,"Alexander City, AL",Coosa County,164477.10847424724,0.3,920,NA,11040,0.559,14.9,6.71,4.36,Strong Buy,NA,NA,NA,NA,NA,NA,NA,NA,2026-07-31,2026-07-31
Mayfield Heights,OH,"Cleveland-Elyria, OH",Cuyahoga County,235842.1807978033,2.21,1319.015873015873,4.47,15828.190476190477,0.559,14.9,6.71,4.36,Strong Buy,19886,-2.1,1240594,-1.75,1.72,9.97,5.22,40.95,2026-07-31,2026-07-31
China Grove,NC,"Charlotte-Concord-Gastonia, NC-SC",Rowan County,300186.66485640075,1.1,1678.4444444444443,NA,20141.333333333332,0.559,14.9,6.71,4.36,Strong Buy,4610,3.69,153384,4.41,11.42,10.12,5.17,28.76,2026-07-31,2026-07-31
College Park,GA,"Atlanta-Sandy Springs-Alpharetta, GA",Fulton County,277316.29471490276,-4.37,1549.2592592592591,-1.82,18591.11111111111,0.559,14.9,6.7,4.36,Strong Buy,13953,0.33,1090354,1.97,1.33,8.52,7.69,45.86,2026-07-31,2026-07-31
Whitsett,NC,"Greensboro-High Point, NC",Guilford County,328021.1552609719,1.53,1832.242424242424,7.66,21986.90909090909,0.559,14.9,6.7,4.36,Strong Buy,604,2.72,558816,3.72,9.05,8.49,6.32,40.04,2026-07-31,2026-07-31
McAllen,TX,"McAllen-Edinburg-Mission, TX",Hidalgo County,228709.52551165223,0.46,1275.8133498445998,1.54,15309.760198135198,0.558,14.9,6.69,4.35,Strong Buy,148782,4.48,914820,4.8,3.41,12.59,6.81,32.43,2026-07-31,2026-07-31
North Charleston,SC,"Charleston-North Charleston, SC",Charleston County,312277.270676407,-1.65,1742.0571977548725,1.09,20904.68637305847,0.558,14.9,6.69,4.35,Strong Buy,126005,8.99,431001,5.13,9.27,14.93,11.6,36.51,2026-07-31,2026-07-31
The Villages,FL,"The Villages, FL",Sumter County,392161.76236908947,-1.53,2188,2.47,26256,0.558,14.9,6.7,4.35,Strong Buy,NA,NA,154693,18.72,29.98,16.71,16.47,11.9,2026-07-31,2026-07-31
Oswego,IL,"Chicago-Naperville-Elgin, IL-IN-WI",Kendall County,426221.01064755814,2.75,2379.5807189542484,2.31,28554.96862745098,0.558,14.9,6.7,4.35,Strong Buy,38778,11.61,143171,8.18,15.09,2.73,2.44,15.82,2026-07-31,2026-07-31
Parkville,MD,"Baltimore-Columbia-Towson, MD",Baltimore County,286453.94839517196,-1.04,1598.6626984126983,5.27,19183.95238095238,0.558,14.9,6.7,4.35,Strong Buy,NA,NA,852425,-0.11,3.96,5.75,5.61,33.67,2026-07-31,2026-07-31
Depew,NY,"Buffalo-Cheektowaga, NY",Erie County,273829.897246817,3.6,1527.111111111111,7.72,18325.333333333332,0.558,14.9,6.69,4.35,Strong Buy,14910,-1.58,950602,-0.18,2.9,7.11,3.75,34.55,2026-07-31,2026-07-31
North Pole,AK,"Fairbanks, AK",Fairbanks North Star Borough,338254.0938578505,4.48,1887.996031746032,7.56,22655.952380952385,0.558,14.9,6.7,4.35,Strong Buy,2505,11.73,94951,-0.42,-15.76,15.27,8.95,38.31,2026-07-31,2026-07-31
Clifton Heights,PA,"Philadelphia-Camden-Wilmington, PA-NJ-DE-MD",Delaware County,265902.15204423905,1.07,1482.6888888888889,2.71,17792.266666666666,0.558,14.9,6.69,4.35,Strong Buy,6880,0.54,584882,1.45,5.58,5.55,4.21,30.36,2026-07-31,2026-07-31
New Haven,IN,"Fort Wayne, IN",Allen County,246745.5772844324,3.14,1375,NA,16500,0.557,15,6.69,4.35,Moderate,NA,NA,NA,NA,NA,NA,NA,NA,2026-07-31,2026-07-31
Norwood,OH,"Cincinnati, OH-KY-IN",Hamilton County,249545.19391252217,-1.65,1392.3397435897434,3.41,16708.076923076922,0.558,14.9,6.7,4.35,Strong Buy,19455,2.31,837359,0.84,4.18,7.42,4.2,41.01,2026-07-31,2026-07-31
Hernando,FL,"Homosassa Springs, FL",Citrus County,356491.33803778485,-1.25,1990.2777777777776,NA,23883.333333333332,0.558,14.9,6.7,4.35,Strong Buy,NA,NA,NA,NA,NA,NA,NA,NA,2026-07-31,2026-07-31
Chelsea,AL,"Birmingham-Hoover, AL",Shelby County,389069.0242858215,0.95,2168.8888888888887,6.89,26026.666666666664,0.557,14.9,6.69,4.35,Strong Buy,17293,13.49,235969,5.38,7.09,5.94,5.41,18.74,2026-07-31,2026-07-31
Gilbert,SC,"Columbia, SC",Lexington County,341802.77623113425,2.87,1905,NA,22860,0.557,15,6.69,4.35,Moderate,NA,NA,NA,NA,NA,NA,NA,NA,2026-07-31,2026-07-31
San Antonio,TX,"San Antonio-New Braunfels, TX",Bexar County,249688.96511614937,-2.16,1390.359812357566,-1.87,16684.317748290792,0.557,15,6.68,4.34,Moderate,1526656,6.07,2127737,5.56,8.6,8.27,8.16,40.89,2026-07-31,2026-07-31
Little Rock,AR,"Little Rock-North Little Rock-Conway, AR",Pulaski County,221019.30749900147,3.56,1229.7383810043384,2.11,14756.86057205206,0.556,15,6.68,4.34,Moderate,204774,1.07,401209,0.48,-0.94,11.78,9.74,42.25,2026-07-31,2026-07-31
Blaine,MN,"Minneapolis-St. Paul-Bloomington, MN-WI",Anoka County,386571.59789888695,1.44,2149.803203661327,3.46,25797.638443935924,0.556,15,6.67,4.34,Moderate,75172,6.67,376840,3.38,6.34,2.91,3.32,20.04,2026-07-31,2026-07-31
Florence,AL,"Florence-Muscle Shoals, AL",Lauderdale County,218838.3233676095,2.18,1218.7121212121212,1.43,14624.545454545456,0.557,15,6.68,4.34,Moderate,42716,5.25,97502,3.69,8.92,13.45,5.94,32.17,2026-07-31,2026-07-31
Baldwinsville,NY,"Syracuse, NY",Onondaga County,341419.98206420196,7.68,1900.5555555555552,NA,22806.666666666664,0.557,15,6.68,4.34,Moderate,7662,-1.91,469812,-0.93,1.17,7.9,4.94,34.34,2026-07-31,2026-07-31
Mableton,GA,"Atlanta-Sandy Springs-Alpharetta, GA",Cobb County,352830.50042701437,-2.8,1962.5393413775769,1.39,23550.472096530924,0.556,15,6.67,4.34,Moderate,78314,1.56,787538,2.76,2.77,5.82,5.06,33.01,2026-07-31,2026-07-31
Foley,AL,"Daphne-Fairhope-Foley, AL",Baldwin County,307016.84362484474,-1.97,1709.8726050420166,4.69,20518.4712605042,0.557,15,6.68,4.34,Moderate,28043,34.27,261608,12.16,29.22,26.36,33.41,22.46,2026-07-31,2026-07-31
Holt,MI,"Lansing-East Lansing, MI",Ingham County,273841.21145303844,3.69,1523.5,3.84,18282,0.556,15,6.68,4.34,Moderate,NA,NA,290427,1.9,8.02,7.35,5.48,40.45,2026-07-31,2026-07-31
Canton,NC,"Asheville, NC",Haywood County,293590.6981189802,-4.52,1633.3333333333333,NA,19600,0.556,15,6.68,4.34,Moderate,NA,NA,NA,NA,NA,NA,NA,NA,2026-07-31,2026-07-31
Orting,WA,"Seattle-Tacoma-Bellevue, WA",Pierce County,560297.2299904515,-0.9,3115.8333333333335,NA,37390,0.556,15,6.67,4.34,Moderate,NA,NA,NA,NA,NA,NA,NA,NA,2026-07-31,2026-07-31
Moore,SC,"Spartanburg, SC",Spartanburg County,295351.67981814494,1.08,1643,NA,19716,0.556,15,6.68,4.34,Moderate,NA,NA,NA,NA,NA,NA,NA,NA,2026-07-31,2026-07-31
Lake Villa,IL,"Chicago-Naperville-Elgin, IL-IN-WI",Lake County,387298.4257705947,5.34,2155,NA,25860,0.556,15,6.68,4.34,Moderate,NA,NA,NA,NA,NA,NA,NA,NA,2026-07-31,2026-07-31
Carthage,NC,"Pinehurst-Southern Pines, NC",Moore County,344923.2251632558,1.41,1919.8333333333333,NA,23038,0.557,15,6.68,4.34,Moderate,2999,7.92,108417,8.1,14.51,13.37,3.35,23.67,2026-07-31,2026-07-31
Hubert,NC,"Jacksonville, NC",Onslow County,283511.49721463764,3.37,1576.388888888889,3.35,18916.666666666668,0.556,15,6.67,4.34,Moderate,NA,NA,212954,3.82,-2.31,15.6,7.82,39.04,2026-07-31,2026-07-31
Lyman,SC,"Spartanburg, SC",Spartanburg County,307732.7028967249,2.27,1713.3333333333333,NA,20560,0.557,15,6.68,4.34,Moderate,NA,NA,NA,NA,NA,NA,NA,NA,2026-07-31,2026-07-31
Presque Isle,ME,NA,Aroostook County,184132.52180027415,2.81,1025,NA,12300,0.557,15,6.68,4.34,Moderate,NA,NA,NA,NA,NA,NA,NA,NA,2026-07-31,2026-07-31
Deer Park,OH,"Cincinnati, OH-KY-IN",Hamilton County,264226.72271465644,1.55,1470,NA,17640,0.556,15,6.68,4.34,Moderate,NA,NA,NA,NA,NA,NA,NA,NA,2026-07-31,2026-07-31
Miami Gardens,FL,"Miami-Fort Lauderdale-Pompano Beach, FL",Miami-Dade County,475819.1121898201,-0.39,2644.0020757020757,1.76,31728.024908424908,0.556,15,6.67,4.33,Moderate,116173,4.24,2838461,5.29,19.88,11.11,5.36,47.81,2026-07-31,2026-07-31
Lilburn,GA,"Atlanta-Sandy Springs-Alpharetta, GA",Gwinnett County,399148.9003646392,-2.27,2215.424786324786,1.99,26585.097435897434,0.555,15,6.66,4.33,Moderate,16210,13.57,1003869,4.75,5.96,3.94,4.99,33.31,2026-07-31,2026-07-31
Stockbridge,GA,"Atlanta-Sandy Springs-Alpharetta, GA",Henry County,291661.33216567157,-2.98,1617.86249119098,2.04,19414.34989429176,0.555,15,6.66,4.33,Moderate,35893,0.43,259315,7.21,13.48,5.36,6.33,27.46,2026-07-31,2026-07-31
Ormond Beach,FL,"Deltona-Daytona Beach-Ormond Beach, FL",Volusia County,366842.2886102226,-2.15,2036.4773606811148,3.24,24437.728328173376,0.555,15,6.66,4.33,Moderate,44596,3.42,602772,8.46,21.72,14.56,6.51,27.2,2026-07-31,2026-07-31
Monroe,NC,"Charlotte-Concord-Gastonia, NC-SC",Union County,358990.1003555527,-0.07,1994.808574879227,2.13,23937.702898550724,0.556,15,6.67,4.33,Moderate,40054,15.48,263386,9.89,19.55,5.19,2.44,18.15,2026-07-31,2026-07-31
Fort Walton Beach,FL,"Crestview-Fort Walton Beach-Destin, FL",Okaloosa County,325396.7456084382,0.85,1804.4491168800375,5.08,21653.38940256045,0.555,15,6.65,4.33,Moderate,21188,1.23,220483,3.95,1.51,17.91,14.17,32.25,2026-07-31,2026-07-31
Royal Palm Beach,FL,"Miami-Fort Lauderdale-Pompano Beach, FL",Palm Beach County,488402.4603965013,0.75,2713.0750000000003,3.93,32556.9,0.555,15,6.67,4.33,Moderate,41948,6.16,1582055,5.87,15.98,16.36,6.94,30.14,2026-07-31,2026-07-31
Wildwood,FL,"The Villages, FL",Sumter County,296915.4529774007,-1.12,1648.5040293040292,2.83,19782.04835164835,0.555,15,6.66,4.33,Moderate,19031,19.19,154693,18.72,29.98,16.71,16.47,11.9,2026-07-31,2026-07-31
Aberdeen,MD,"Baltimore-Columbia-Towson, MD",Harford County,348144.09964993875,-0.24,1932.9853535353536,4.12,23195.82424242424,0.555,15,6.66,4.33,Moderate,18451,13.41,265514,1.63,2.3,3.96,3.4,20.29,2026-07-31,2026-07-31
Cleveland,GA,NA,White County,321947.65934965294,2.58,1787.5,NA,21450,0.555,15,6.66,4.33,Moderate,NA,NA,NA,NA,NA,NA,NA,NA,2026-07-31,2026-07-31
Chickamauga,GA,"Chattanooga, TN-GA",Walker County,274200.0377106114,2.17,1523.75,NA,18285,0.556,15,6.67,4.33,Moderate,NA,NA,NA,NA,NA,NA,NA,NA,2026-07-31,2026-07-31
Troy,AL,"Troy, AL",Pike County,186874.44857475473,-1.13,1037.5,NA,12450,0.555,15,6.66,4.33,Moderate,17734,0.4,33124,0.67,-1.3,21.82,17.81,37.13,2026-07-31,2026-07-31
Mills River,NC,"Asheville, NC",Henderson County,532331.952755465,-2.81,2958.3333333333335,NA,35500,0.556,15,6.67,4.33,Moderate,NA,NA,NA,NA,NA,NA,NA,NA,2026-07-31,2026-07-31
Palm Coast,FL,"Deltona-Daytona Beach-Ormond Beach, FL",Flagler County,345441.36652502907,-1.81,1912.5843939393935,1.52,22951.012727272722,0.554,15.1,6.64,4.32,Moderate,106729,18.96,136744,17.85,41.48,14.05,5.46,18.48,2026-07-31,2026-07-31
Conway,AR,"Little Rock-North Little Rock-Conway, AR",Faulkner County,251195.22174952689,2.09,1389.694947209653,3.09,16676.339366515836,0.553,15.1,6.64,4.32,Moderate,70711,9.86,131611,6.29,10.35,7.56,4.49,38.42,2026-07-31,2026-07-31
Mansfield,OH,"Mansfield, OH",Richland County,154901.74619715626,5.46,858.7777777777778,6.3,10305.333333333334,0.554,15,6.65,4.32,Moderate,47593,0.14,124853,-0.11,1.25,8.33,5.19,31.53,2026-07-31,2026-07-31
Kernersville,NC,"Winston-Salem, NC",Forsyth County,323708.5308155844,1.34,1793.091124871001,2.84,21517.093498452014,0.554,15,6.65,4.32,Moderate,28760,8.21,398143,4.05,9.43,10.09,8.4,37.31,2026-07-31,2026-07-31
West Monroe,LA,"Monroe, LA",Ouachita Parish,202773.67664042543,1.67,1122.2486772486773,10.65,13466.984126984127,0.553,15.1,6.64,4.32,Moderate,12476,-4.41,157874,-1.4,0.32,13.96,9.76,40.5,2026-07-31,2026-07-31
San Jacinto,CA,"Riverside-San Bernardino-Ontario, CA",Riverside County,486127.2932720428,0.26,2692.2738095238096,4.53,32307.285714285717,0.554,15,6.65,4.32,Moderate,55515,2.43,2529933,4.34,7.33,11.37,4.89,31.14,2026-07-31,2026-07-31
Monroeville,PA,"Pittsburgh, PA",Allegheny County,235246.9759452031,1.43,1303.3930976430977,2.6,15640.717171717173,0.554,15,6.65,4.32,Moderate,27966,-2.4,1231814,-1.43,2.72,9.6,6.37,35.07,2026-07-31,2026-07-31
Branson,MO,"Branson, MO",Taney County,248442.9308993753,-0.59,1377.229437229437,4.25,16526.753246753244,0.554,15,6.65,4.32,Moderate,12869,1.71,56744,1.21,0.88,25.87,2.21,33.1,2026-07-31,2026-07-31
Munster,IN,"Chicago-Naperville-Elgin, IL-IN-WI",Lake County,358850.7369457723,2.17,1987.2222222222224,NA,23846.666666666668,0.554,15,6.65,4.32,Moderate,23634,-1.06,502955,0.8,4.19,10.57,4.92,29.14,2026-07-31,2026-07-31
Swansea,IL,"St. Louis, MO-IL",Saint Clair County,272237.2512203354,1.54,1507.3768518518518,6.72,18088.522222222222,0.554,15.1,6.64,4.32,Moderate,14445,0.64,NA,NA,NA,NA,NA,NA,2026-07-31,2026-07-31
Vicksburg,MI,"Kalamazoo-Portage, MI",Kalamazoo County,289032.0463065476,4.43,1600,NA,19200,0.554,15.1,6.64,4.32,Moderate,NA,NA,NA,NA,NA,NA,NA,NA,2026-07-31,2026-07-31
Bunnell,FL,"Deltona-Daytona Beach-Ormond Beach, FL",Flagler County,295838.06905867875,-1.89,1637.111111111111,3.39,19645.333333333332,0.553,15.1,6.64,4.32,Moderate,4120,23.98,136744,17.85,41.48,14.05,5.46,18.48,2026-07-31,2026-07-31
Barling,AR,"Fort Smith, AR-OK",Sebastian County,197322.15001206336,3.99,1092.3333333333333,NA,13108,0.554,15.1,6.64,4.32,Moderate,NA,NA,NA,NA,NA,NA,NA,NA,2026-07-31,2026-07-31
Lakeland,FL,"Lakeland-Winter Haven, FL",Polk County,312573.8889340978,-1.56,1727.34432374055,1.45,20728.1318848866,0.553,15.1,6.63,4.31,Moderate,124990,9.75,852878,16.8,32.56,16.11,4.75,29.98,2026-07-31,2026-07-31
Savannah,GA,"Savannah, GA",Chatham County,325155.11558496446,-2.79,1798.0703680869954,-0.57,21576.844417043943,0.553,15.1,6.64,4.31,Moderate,148808,0.89,307336,4.15,6.5,12.31,7,43.71,2026-07-31,2026-07-31
Mesquite,TX,"Dallas-Fort Worth-Arlington, TX",Dallas County,261109.19367551836,-2.93,1443.0247023809525,-0.86,17316.29642857143,0.553,15.1,6.63,4.31,Moderate,150140,0.34,2656028,1.73,0.15,7.76,8.95,49.22,2026-07-31,2026-07-31
Newark,DE,"Philadelphia-Camden-Wilmington, PA-NJ-DE-MD",New Castle County,367052.42089567584,1.18,2029.4838709677415,3.34,24353.806451612898,0.553,15.1,6.63,4.31,Moderate,30506,-0.3,588093,3,8.7,5.15,4.98,31.49,2026-07-31,2026-07-31
Tahlequah,OK,"Tahlequah, OK",Cherokee County,200543.11498759044,8.82,1107.7777777777776,11.84,13293.333333333332,0.552,15.1,6.63,4.31,Moderate,NA,NA,NA,NA,NA,NA,NA,NA,2026-07-31,2026-07-31
Goddard,KS,"Wichita, KS",Sedgwick County,306953.6312832622,1.84,1697.5,NA,20370,0.553,15.1,6.64,4.31,Moderate,NA,NA,NA,NA,NA,NA,NA,NA,2026-07-31,2026-07-31
Springfield,VT,"Lebanon, NH-VT",Windsor County,257719.3151745932,2.66,1425,NA,17100,0.553,15.1,6.64,4.31,Moderate,NA,NA,NA,NA,NA,NA,NA,NA,2026-07-31,2026-07-31
Wesley Chapel,FL,"Tampa-St. Petersburg-Clearwater, FL",Pasco County,402348.6698898465,-3.2,2218.4126441974636,-0.19,26620.95173036956,0.551,15.1,6.62,4.3,Moderate,NA,NA,659114,16.41,37.43,13.3,5.54,24.5,2026-07-31,2026-07-31
Midland,MI,"Midland, MI",Midland County,259991.5493275101,8.44,1432.7727272727273,5.08,17193.272727272728,0.551,15.1,6.61,4.3,Moderate,42780,0.31,84022,0.63,0.74,6.59,1.93,21.76,2026-07-31,2026-07-31
Chillicothe,OH,"Chillicothe, OH",Ross County,207999.88203307465,4.09,1147.5,NA,13770,0.552,15.1,6.62,4.3,Moderate,NA,NA,NA,NA,NA,NA,NA,NA,2026-07-31,2026-07-31
Blue Springs,MO,"Kansas City, MO-KS",Jackson County,313757.03201209794,1.97,1728.082251082251,3,20736.987012987014,0.551,15.1,6.61,4.3,Moderate,61246,4.02,727362,1.35,6.69,9.2,4.42,41.15,2026-07-31,2026-07-31
Niles,IL,"Chicago-Naperville-Elgin, IL-IN-WI",Cook County,422794.7919352651,7.31,2329.222222222222,23.32,27950.666666666664,0.551,15.1,6.61,4.3,Moderate,29918,-2.83,5182617,-1.6,5.9,8.18,4.67,42.49,2026-07-31,2026-07-31
Sherwood,AR,"Little Rock-North Little Rock-Conway, AR",Pulaski County,240117.23323271587,4.73,1324.915343915344,2.7,15898.984126984127,0.552,15.1,6.62,4.3,Moderate,33281,1.45,401209,0.48,-0.94,11.78,9.74,42.25,2026-07-31,2026-07-31
Gloversville,NY,"Gloversville, NY",Fulton County,185803.6866452424,5.92,1025,NA,12300,0.552,15.1,6.62,4.3,Moderate,NA,NA,NA,NA,NA,NA,NA,NA,2026-07-31,2026-07-31
Riverview,MI,"Detroit-Warren-Dearborn, MI",Wayne County,250608.69805132903,4.05,1380.75,NA,16569,0.551,15.1,6.61,4.3,Moderate,NA,NA,NA,NA,NA,NA,NA,NA,2026-07-31,2026-07-31
Alton,TX,"McAllen-Edinburg-Mission, TX",Hidalgo County,190078.04631912828,-1.03,1047.25,0.21,12567,0.551,15.1,6.61,4.3,Moderate,22907,24.73,914820,4.8,3.41,12.59,6.81,32.43,2026-07-31,2026-07-31
Sayre,PA,"Sayre, PA",Bradford County,198926.39243155124,5.08,1097,NA,13164,0.551,15.1,6.62,4.3,Moderate,NA,NA,NA,NA,NA,NA,NA,NA,2026-07-31,2026-07-31
Norfolk,VA,"Virginia Beach-Norfolk-Newport News, VA-NC",Norfolk City,315457.841079243,1.09,1736.3347435871103,6.63,20836.016923045325,0.55,15.1,6.61,4.29,Moderate,231105,-2.82,NA,NA,NA,NA,NA,NA,2026-07-31,2026-07-31
Spanaway,WA,"Seattle-Tacoma-Bellevue, WA",Pierce County,511872.849219156,0.49,2812.2970085470092,1.74,33747.56410256411,0.549,15.2,6.59,4.29,Moderate,NA,NA,941170,1.9,6.6,5.21,4.02,35.21,2026-07-31,2026-07-31
North Miami Beach,FL,"Miami-Fort Lauderdale-Pompano Beach, FL",Miami-Dade County,456566.95121901546,0.57,2509.727965646806,0.35,30116.735587761672,0.55,15.2,6.6,4.29,Moderate,45655,5.07,2838461,5.29,19.88,11.11,5.36,47.81,2026-07-31,2026-07-31
Morton Grove,IL,"Chicago-Naperville-Elgin, IL-IN-WI",Cook County,454132.4628396745,8.07,2496.75,16.99,29961,0.55,15.2,6.6,4.29,Moderate,24467,-2.94,5182617,-1.6,5.9,8.18,4.67,42.49,2026-07-31,2026-07-31
Edgewater,MD,"Baltimore-Columbia-Towson, MD",Anne Arundel County,584356.2645123302,1.54,3214.6666666666665,NA,38576,0.55,15.1,6.6,4.29,Moderate,NA,NA,602350,1.51,0.69,4.79,5.5,25.04,2026-07-31,2026-07-31
Yulee,FL,"Jacksonville, FL",Nassau County,389829.24398888374,0.28,2143.5003663003663,1.59,25722.004395604396,0.55,15.2,6.6,4.29,Moderate,NA,NA,104376,14.65,29.77,12.52,7.09,17.02,2026-07-31,2026-07-31
Braselton,GA,"Jefferson, GA",Jackson County,446684.82112627226,-1.56,2457.777777777778,3.26,29493.333333333336,0.55,15.1,6.6,4.29,Moderate,17390,27.73,93825,22.26,52.1,8.21,1.14,20.21,2026-07-31,2026-07-31
Edgewater,NJ,"New York-Newark-Jersey City, NY-NJ-PA",Bergen County,720707.0839527206,5.04,3961.851851851852,4.41,47542.222222222226,0.55,15.2,6.6,4.29,Moderate,15116,4.32,978641,2.61,10.38,4.13,3.53,34.64,2026-07-31,2026-07-31
Commerce,TX,"Dallas-Fort Worth-Arlington, TX",Hunt County,213378.83317733745,-6.04,1173.4444444444443,2.92,14081.333333333332,0.55,15.2,6.6,4.29,Moderate,9800,7.76,118729,18.43,39.16,10.54,7.57,29.21,2026-07-31,2026-07-31
Winston,GA,"Atlanta-Sandy Springs-Alpharetta, GA",Douglas County,355189.4335216147,-0.63,1952.5,NA,23430,0.55,15.2,6.6,4.29,Moderate,NA,NA,NA,NA,NA,NA,NA,NA,2026-07-31,2026-07-31
Calabash,NC,"Myrtle Beach-Conway-North Myrtle Beach, SC-NC",Brunswick County,354562.15034559503,1.87,1949.6611111111113,NA,23395.933333333334,0.55,15.2,6.6,4.29,Moderate,NA,NA,NA,NA,NA,NA,NA,NA,2026-07-31,2026-07-31
Kokomo,IN,"Kokomo, IN",Howard County,185794.373343355,4.78,1018.9424019607844,4.08,12227.308823529413,0.548,15.2,6.58,4.28,Moderate,60093,0.87,84082,0.59,5.3,11.73,11.13,28.13,2026-07-31,2026-07-31
Middletown,NY,"Poughkeepsie-Newburgh-Middletown, NY",Orange County,417645.488221236,4.37,2294.164957264957,4.85,27529.979487179487,0.549,15.2,6.59,4.28,Moderate,30188,-0.37,411767,2.69,1.95,7.51,3.61,31.57,2026-07-31,2026-07-31
Wyoming,MI,"Grand Rapids-Kentwood, MI",Kent County,295380.24057114095,3.28,1621.3231866173044,1.02,19455.87823940765,0.549,15.2,6.59,4.28,Moderate,78559,2.33,673002,2.2,7.09,4.57,4.07,29.64,2026-07-31,2026-07-31
Morristown,TN,"Morristown, TN",Hamblen County,268197.8796903947,4.18,1472.9166666666667,2.42,17675,0.549,15.2,6.59,4.28,Moderate,32994,8.25,67715,4.92,19.98,7.36,5.99,31.66,2026-07-31,2026-07-31
Seguin,TX,"San Antonio-New Braunfels, TX",Guadalupe County,274106.87002868485,-1.97,1505.7611111111112,1.47,18069.133333333335,0.549,15.2,6.59,4.28,Moderate,38789,31.58,195166,12.35,28.34,6.55,4.38,21.53,2026-07-31,2026-07-31
Bartlett,IL,"Chicago-Naperville-Elgin, IL-IN-WI",DuPage County,447341.5846187358,3.73,2456.3333333333335,NA,29476,0.549,15.2,6.59,4.28,Moderate,NA,NA,NA,NA,NA,NA,NA,NA,2026-07-31,2026-07-31
Stow,OH,"Akron, OH",Summit County,292715.356710414,2.93,1606.4629629629628,9.11,19277.555555555555,0.549,15.2,6.59,4.28,Moderate,34101,-1.04,538370,-0.27,4.33,7.17,3.55,32.71,2026-07-31,2026-07-31
Greenfield,IN,"Indianapolis-Carmel-Anderson, IN",Hancock County,289590.5809233366,1.77,1589.8244047619048,1.27,19077.89285714286,0.549,15.2,6.59,4.28,Moderate,26268,11.53,88810,10.76,28.66,3.45,4.86,20.41,2026-07-31,2026-07-31
Schererville,IN,"Chicago-Naperville-Elgin, IL-IN-WI",Lake County,362500.8578577114,1.77,1987.25,NA,23847,0.548,15.2,6.58,4.28,Moderate,NA,NA,NA,NA,NA,NA,NA,NA,2026-07-31,2026-07-31
Algonquin,IL,"Chicago-Naperville-Elgin, IL-IN-WI",McHenry County,422302.79038343113,4.23,2318.1388888888887,NA,27817.666666666664,0.549,15.2,6.59,4.28,Moderate,30539,2.9,315959,1.93,5.95,3.55,3.04,17.42,2026-07-31,2026-07-31
Spring Lake,NC,"Fayetteville, NC",Harnett County,259545.22919885776,0.32,1425.1052281052282,2.4,17101.26273726274,0.549,15.2,6.59,4.28,Moderate,11530,-1.03,146096,9.26,25.57,10.01,8.1,30.51,2026-07-31,2026-07-31
Greenfield,MA,"Springfield, MA",Franklin County,341688.4174504149,0.69,1873.3333333333333,NA,22480,0.548,15.2,6.58,4.28,Moderate,NA,NA,NA,NA,NA,NA,NA,NA,2026-07-31,2026-07-31
Oak Grove,KY,"Clarksville, TN-KY",Christian County,211965.77864203788,-1.06,1162.9638694638695,3.27,13955.566433566433,0.549,15.2,6.58,4.28,Moderate,7973,0.48,71006,-2.39,-8.8,12.39,5.9,47.83,2026-07-31,2026-07-31
Gainesville,FL,"Gainesville, FL",Alachua County,298659.4590286514,-1.24,1635.0574029487216,1.44,19620.68883538466,0.547,15.2,6.57,4.27,Moderate,148720,4.53,291782,4.3,8.33,10.28,11.36,45.93,2026-07-31,2026-07-31
Pottstown,PA,"Philadelphia-Camden-Wilmington, PA-NJ-DE-MD",Chester County,361729.7103964419,2.99,1979.874335159165,1.2,23758.49202190998,0.547,15.2,6.57,4.27,Moderate,23553,0.52,560745,4.84,7.29,3.95,3.98,25.05,2026-07-31,2026-07-31
Gaffney,SC,"Gaffney, SC",Cherokee County,191446.88247655192,-3.42,1046.9166666666667,0.16,12563,0.547,15.2,6.56,4.27,Moderate,12546,-1.51,57770,2.75,16.89,12.35,4.96,26.71,2026-07-31,2026-07-31
Jasper,IN,"Jasper, IN",Dubois County,273877.2686139228,5.5,1500,NA,18000,0.548,15.2,6.57,4.27,Moderate,NA,NA,NA,NA,NA,NA,NA,NA,2026-07-31,2026-07-31
Griffith,IN,"Chicago-Naperville-Elgin, IL-IN-WI",Lake County,253448.47046994104,2.29,1388.761111111111,NA,16665.13333333333,0.548,15.2,6.58,4.27,Moderate,16192,-2,502955,0.8,4.19,10.57,4.92,29.14,2026-07-31,2026-07-31
North Aurora,IL,"Chicago-Naperville-Elgin, IL-IN-WI",Kane County,409736.8859198224,4.9,2244.027777777778,NA,26928.333333333336,0.548,15.2,6.57,4.27,Moderate,19329,5.69,520997,0.89,3.7,3.54,3.6,24.26,2026-07-31,2026-07-31
Osceola,IA,NA,Clarke County,194812.30565102267,2.72,1066.25,NA,12795,0.547,15.2,6.57,4.27,Moderate,NA,NA,NA,NA,NA,NA,NA,NA,2026-07-31,2026-07-31
Brusly,LA,"Baton Rouge, LA",West Baton Rouge Parish,282282.8908414951,1.61,1546.861111111111,NA,18562.333333333332,0.548,15.2,6.58,4.27,Moderate,NA,NA,NA,NA,NA,NA,NA,NA,2026-07-31,2026-07-31
Broken Arrow,OK,"Tulsa, OK",Wagoner County,291192.01785448915,2.21,1590.8705627705629,4.31,19090.446753246753,0.546,15.3,6.56,4.26,Moderate,122756,7.72,91257,12.11,19.85,8.85,4.45,19.02,2026-07-31,2026-07-31
Victoria,TX,"Victoria, TX",Victoria County,217632.64930099863,0.64,1188.669642857143,3.58,14264.035714285714,0.546,15.3,6.55,4.26,Moderate,66020,0.74,91949,0.69,-0.05,12.99,14.73,32.41,2026-07-31,2026-07-31
Alvin,TX,"Houston-The Woodlands-Sugar Land, TX",Brazoria County,293683.50400762237,-0.98,1603.2063492063492,1.42,19238.47619047619,0.546,15.3,6.55,4.26,Moderate,29869,10.04,413224,10.63,23.74,10.51,11.33,26,2026-07-31,2026-07-31
Sahuarita,AZ,"Tucson, AZ",Pima County,352075.19247433706,-2.08,1924.9049284049288,1.04,23098.859140859146,0.547,15.2,6.56,4.26,Moderate,37448,9,1080149,3.34,11.47,9.34,5.65,35.19,2026-07-31,2026-07-31
South Windsor,CT,"Hartford-East Hartford-Middletown, CT",Hartford County,445936.6711332954,4.27,2433.6,1.66,29203.199999999997,0.546,15.3,6.55,4.26,Moderate,NA,NA,NA,NA,NA,NA,NA,NA,2026-07-31,2026-07-31
Anna,TX,"Dallas-Fort Worth-Arlington, TX",Collin County,345077.93180376897,-7.08,1883.2822719953151,-0.45,22599.387263943783,0.546,15.3,6.55,4.26,Moderate,31986,82.24,1254658,16.64,31.61,5.16,6.55,35.92,2026-07-31,2026-07-31
Satellite Beach,FL,"Palm Bay-Melbourne-Titusville, FL",Brevard County,518947.7925622693,-0.27,2837.2222222222226,2.28,34046.66666666667,0.547,15.2,6.56,4.26,Moderate,11367,1.22,658447,8.16,22.48,14.46,11.39,23.08,2026-07-31,2026-07-31
McCordsville,IN,"Indianapolis-Carmel-Anderson, IN",Hancock County,383249.5641956472,0.26,2091.180555555555,-0.72,25094.166666666664,0.546,15.3,6.55,4.26,Moderate,11744,32.13,88810,10.76,28.66,3.45,4.86,20.41,2026-07-31,2026-07-31
Pebble Creek,FL,"Tampa-St. Petersburg-Clearwater, FL",Hillsborough County,438577.15719335835,-2.63,2397.1111111111113,NA,28765.333333333336,0.547,15.2,6.56,4.26,Moderate,NA,NA,1581426,7.85,12.2,7.8,6.74,38.94,2026-07-31,2026-07-31
South Lebanon,OH,"Cincinnati, OH-KY-IN",Warren County,391104.8532483473,2.44,2136.722222222222,NA,25640.666666666664,0.546,15.3,6.56,4.26,Moderate,NA,NA,NA,NA,NA,NA,NA,NA,2026-07-31,2026-07-31
Fort Worth,TX,"Dallas-Fort Worth-Arlington, TX",Tarrant County,298353.03575909,-2.03,1625.2845121788976,0.18,19503.41414614677,0.545,15.3,6.54,4.25,Moderate,1008106,9.14,2230708,5.41,8.74,7.08,7.73,40.64,2026-07-31,2026-07-31
Kissimmee,FL,"Orlando-Kissimmee-Sanford, FL",Osceola County,359462.30431749165,-3.66,1956.9890973834192,0.12,23483.86916860103,0.544,15.3,6.53,4.25,Moderate,84756,7.04,468058,19.66,40.25,19.99,6.97,33.77,2026-07-31,2026-07-31
Wilmington,DE,"Philadelphia-Camden-Wilmington, PA-NJ-DE-MD",New Castle County,330954.8976042747,1.42,1802.3805317705608,3.28,21628.56638124673,0.545,15.3,6.54,4.25,Moderate,73176,3.29,588093,3,8.7,5.15,4.98,31.49,2026-07-31,2026-07-31
Palmdale,CA,"Los Angeles-Long Beach-Anaheim, CA",Los Angeles County,503498.50296020246,0.03,2745.4404306220094,0.82,32945.28516746411,0.545,15.3,6.54,4.25,Moderate,162536,-3.77,9757179,-2.4,0.03,6.45,4.01,53.92,2026-07-31,2026-07-31
Egg Harbor Township,NJ,"Atlantic City-Hammonton, NJ",Atlantic County,415636.2858958023,4.87,2262.5,NA,27150,0.544,15.3,6.53,4.25,Moderate,NA,NA,NA,NA,NA,NA,NA,NA,2026-07-31,2026-07-31
Hopkinsville,KY,"Clarksville, TN-KY",Christian County,195042.9623370743,0.81,1061.6137566137563,0.26,12739.365079365076,0.544,15.3,6.53,4.25,Moderate,30800,-1.18,71006,-2.39,-8.8,12.39,5.9,47.83,2026-07-31,2026-07-31
Duncanville,TX,"Dallas-Fort Worth-Arlington, TX",Dallas County,278034.8775475022,-0.85,1513.6698717948718,0.59,18164.03846153846,0.544,15.3,6.53,4.25,Moderate,39203,-3.28,2656028,1.73,0.15,7.76,8.95,49.22,2026-07-31,2026-07-31
Marshalltown,IA,"Marshalltown, IA",Marshall County,179538.4663424527,2.97,978.3333333333331,NA,11739.999999999998,0.545,15.3,6.54,4.25,Moderate,NA,NA,NA,NA,NA,NA,NA,NA,2026-07-31,2026-07-31
Albemarle,NC,"Albemarle, NC",Stanly County,265090.82939371443,1.22,1443.75,NA,17325,0.545,15.3,6.54,4.25,Moderate,NA,NA,NA,NA,NA,NA,NA,NA,2026-07-31,2026-07-31
Radford,VA,"Blacksburg-Christiansburg, VA",Pulaski County,269281.71594710724,3.25,1467.25,7.31,17607,0.545,15.3,6.54,4.25,Moderate,17273,7.19,33579,-0.65,5.18,15.57,4.19,27.85,2026-07-31,2026-07-31
Crescent City,CA,"Crescent City, CA",Del Norte County,362495.3177352013,-0.25,1975,NA,23700,0.545,15.3,6.54,4.25,Moderate,NA,NA,NA,NA,NA,NA,NA,NA,2026-07-31,2026-07-31
Clarks Summit,PA,"Scranton--Wilkes-Barre, PA",Lackawanna County,347542.0898088552,5.05,1894.9444444444443,NA,22739.333333333332,0.545,15.3,6.54,4.25,Moderate,NA,NA,NA,NA,NA,NA,NA,NA,2026-07-31,2026-07-31
Brooklyn Park,MD,"Baltimore-Columbia-Towson, MD",Anne Arundel County,303858.8564855679,-1.08,1655.6666666666667,NA,19868,0.545,15.3,6.54,4.25,Moderate,NA,NA,602350,1.51,0.69,4.79,5.5,25.04,2026-07-31,2026-07-31
Chatham,IL,"Springfield, IL",Sangamon County,312680.93482300226,6.92,1704.3333333333333,NA,20452,0.545,15.3,6.54,4.25,Moderate,NA,NA,NA,NA,NA,NA,NA,NA,2026-07-31,2026-07-31
Orange Park,FL,"Jacksonville, FL",Clay County,313771.71149591816,-1.19,1707.059964726631,1.18,20484.719576719574,0.544,15.3,6.53,4.24,Moderate,8993,-1.06,236760,8.13,16.84,6.2,2.2,23.76,2026-07-31,2026-07-31
Racine,WI,"Racine, WI",Racine County,220913.66146297485,5.36,1199.595238095238,4.81,14395.142857142857,0.543,15.3,6.52,4.24,Moderate,78057,-0.14,198651,0.3,6.1,6.44,5.54,28.85,2026-07-31,2026-07-31
Land O Lakes,FL,"Tampa-St. Petersburg-Clearwater, FL",Pasco County,419015.6269279252,-3.26,2275.8009803921573,-0.99,27309.611764705885,0.543,15.3,6.52,4.24,Moderate,NA,NA,659114,16.41,37.43,13.3,5.54,24.5,2026-07-31,2026-07-31
Griffin,GA,"Atlanta-Sandy Springs-Alpharetta, GA",Spalding County,241322.9514647956,-2.17,1311.0893772893774,1.11,15733.072527472528,0.543,15.3,6.52,4.24,Moderate,23994,2.32,70292,4.19,4.37,6.36,5.86,36.25,2026-07-31,2026-07-31
Eagle Pass,TX,"Eagle Pass, TX",Maverick County,222003.3492655256,-2.25,1206.388888888889,NA,14476.666666666668,0.543,15.3,6.52,4.24,Moderate,NA,NA,NA,NA,NA,NA,NA,NA,2026-07-31,2026-07-31
Xenia,OH,"Dayton-Kettering, OH",Greene County,259895.6508216161,5.05,1413.4444444444446,0.82,16961.333333333336,0.544,15.3,6.53,4.24,Moderate,26067,2.4,172347,2.51,11.6,6.18,4.42,32.42,2026-07-31,2026-07-31
Bangor,ME,"Bangor, ME",Penobscot County,291537.03521120804,1.18,1585.9060150375938,3.76,19030.872180451126,0.544,15.3,6.53,4.24,Moderate,32446,2.29,156840,3.06,7.33,14.11,6.32,29.72,2026-07-31,2026-07-31
Temple Terrace,FL,"Tampa-St. Petersburg-Clearwater, FL",Hillsborough County,329731.5804091529,-1.25,1794.3574635241305,0.21,21532.289562289567,0.544,15.3,6.53,4.24,Moderate,27588,3.21,1581426,7.85,12.2,7.8,6.74,38.94,2026-07-31,2026-07-31
Yorkville,IL,"Chicago-Naperville-Elgin, IL-IN-WI",Kendall County,410890.4757831173,2.41,2231.6666666666665,NA,26780,0.543,15.3,6.52,4.24,Moderate,25986,19.39,143171,8.18,15.09,2.73,2.44,15.82,2026-07-31,2026-07-31
Murrysville,PA,"Pittsburgh, PA",Westmoreland County,359930.08783782617,5.23,1957.5,NA,23490,0.544,15.3,6.53,4.24,Moderate,NA,NA,NA,NA,NA,NA,NA,NA,2026-07-31,2026-07-31
Gloucester,VA,"Virginia Beach-Norfolk-Newport News, VA-NC",Gloucester County,386474.3331364516,3.45,2100,NA,25200,0.543,15.3,6.52,4.24,Moderate,NA,NA,NA,NA,NA,NA,NA,NA,2026-07-31,2026-07-31
Rayne,LA,"Lafayette, LA",Acadia Parish,174848.60663676157,6.75,950,NA,11400,0.543,15.3,6.52,4.24,Moderate,NA,NA,NA,NA,NA,NA,NA,NA,2026-07-31,2026-07-31
Bordentown Township,NJ,"Philadelphia-Camden-Wilmington, PA-NJ-DE-MD",Burlington County,450297.689143148,2.08,2446.055555555555,4.08,29352.666666666664,0.543,15.3,6.52,4.24,Moderate,NA,NA,475515,2.99,9.35,5.16,3.54,24.27,2026-07-31,2026-07-31
Broussard,LA,"Lafayette, LA",Lafayette Parish,282773.66136841365,3.11,1537.7071428571428,2.12,18452.485714285714,0.544,15.3,6.53,4.24,Moderate,15312,13.07,254241,4.98,9.97,10,6.1,33.9,2026-07-31,2026-07-31
Lebanon,NH,"Lebanon, NH-VT",Grafton County,469338.785687884,3.14,2553.123737373737,2.8,30637.484848484848,0.544,15.3,6.53,4.24,Moderate,15389,7.56,93045,2.03,6.08,29.86,5.37,29.04,2026-07-31,2026-07-31
Clinton,CT,"Hartford-East Hartford-Middletown, CT",Middlesex County,473725.68283812393,5.9,2575,NA,30900,0.544,15.3,6.52,4.24,Moderate,NA,NA,NA,NA,NA,NA,NA,NA,2026-07-31,2026-07-31
Stallings,NC,"Charlotte-Concord-Gastonia, NC-SC",Union County,463693.4707717694,-0.65,2518.055555555555,NA,30216.666666666664,0.543,15.3,6.52,4.24,Moderate,17617,8.7,263386,9.89,19.55,5.19,2.44,18.15,2026-07-31,2026-07-31
Osage Beach,MO,NA,Camden County,322994.96198187204,-6.84,1756,NA,21072,0.544,15.3,6.52,4.24,Moderate,NA,NA,NA,NA,NA,NA,NA,NA,2026-07-31,2026-07-31
Allentown,PA,"Allentown-Bethlehem-Easton, PA-NJ",Lehigh County,319979.9932637938,3.73,1734.877165980922,3.16,20818.525991771065,0.542,15.4,6.51,4.23,Moderate,127138,1.12,385655,2.98,11.77,4.72,3.33,34.79,2026-07-31,2026-07-31
McDonough,GA,"Atlanta-Sandy Springs-Alpharetta, GA",Henry County,336217.318110445,-2.6,1822.376320089439,-0.2,21868.51584107327,0.542,15.4,6.5,4.23,Moderate,32803,11.74,259315,7.21,13.48,5.36,6.33,27.46,2026-07-31,2026-07-31
Plant City,FL,"Tampa-St. Petersburg-Clearwater, FL",Hillsborough County,342537.16150170023,-1.6,1857.9166666666667,0.77,22295,0.542,15.4,6.51,4.23,Moderate,43046,8.2,1581426,7.85,12.2,7.8,6.74,38.94,2026-07-31,2026-07-31
Pasadena,MD,"Baltimore-Columbia-Towson, MD",Anne Arundel County,458609.4206251561,0.61,2485.940740740741,2.56,29831.288888888892,0.542,15.4,6.5,4.23,Moderate,NA,NA,602350,1.51,0.69,4.79,5.5,25.04,2026-07-31,2026-07-31
Altamonte Springs,FL,"Orlando-Kissimmee-Sanford, FL",Seminole County,294863.4389658352,-2.4,1597.533098852277,0.74,19170.397186227325,0.542,15.4,6.5,4.23,Moderate,47261,2.36,494605,4.91,9.63,5.97,6.62,34.24,2026-07-31,2026-07-31
North Miami,FL,"Miami-Fort Lauderdale-Pompano Beach, FL",Miami-Dade County,423913.2979165735,-0.11,2300.0849615849615,2.07,27601.019539019537,0.543,15.4,6.51,4.23,Moderate,62202,3.96,2838461,5.29,19.88,11.11,5.36,47.81,2026-07-31,2026-07-31
Findlay,OH,"Findlay, OH",Hancock County,247865.7159252404,2.84,1344.6349206349205,8.07,16135.619047619046,0.542,15.4,6.51,4.23,Moderate,40343,0.16,75016,0.13,2.12,6.65,3.76,30.81,2026-07-31,2026-07-31
West New York,NJ,"New York-Newark-Jersey City, NY-NJ-PA",Hudson County,467342.61050446465,4.87,2537.3083655083656,1.01,30447.700386100387,0.543,15.3,6.52,4.23,Moderate,52975,0.95,736185,1.98,14.43,6.78,4.46,68.82,2026-07-31,2026-07-31
Belton,TX,"Killeen-Temple, TX",Bell County,315954.34627145383,-2.07,1713.3222222222223,-0.05,20559.86666666667,0.542,15.4,6.51,4.23,Moderate,25635,10.84,399578,7.3,5.6,8.76,5.74,43.84,2026-07-31,2026-07-31
Crawfordville,FL,"Tallahassee, FL",Wakulla County,292694.8472447445,0.59,1586.111111111111,2.52,19033.333333333332,0.542,15.4,6.5,4.23,Moderate,NA,NA,NA,NA,NA,NA,NA,NA,2026-07-31,2026-07-31
Grand Ledge,MI,"Lansing-East Lansing, MI",Eaton County,306238.7200945841,2.63,1662.5,NA,19950,0.543,15.4,6.51,4.23,Moderate,NA,NA,NA,NA,NA,NA,NA,NA,2026-07-31,2026-07-31
Vadnais Heights,MN,"Minneapolis-St. Paul-Bloomington, MN-WI",Ramsey County,378251.0415849552,1.77,2051.393650793651,5.88,24616.723809523814,0.542,15.4,6.51,4.23,Moderate,13108,1.13,542015,-1.76,3.41,5.41,6.16,38.97,2026-07-31,2026-07-31
Winthrop,ME,"Augusta-Waterville, ME",Kennebec County,350390.6281187726,-0.21,1900,NA,22800,0.542,15.4,6.51,4.23,Moderate,NA,NA,NA,NA,NA,NA,NA,NA,2026-07-31,2026-07-31
Lake Worth Beach,FL,"Miami-Fort Lauderdale-Pompano Beach, FL",Palm Beach County,442486.7084689805,-0.57,2392.513791006481,1.75,28710.165492077773,0.541,15.4,6.49,4.22,Moderate,44417,5.19,1582055,5.87,15.98,16.36,6.94,30.14,2026-07-31,2026-07-31
Fort Lauderdale,FL,"Miami-Fort Lauderdale-Pompano Beach, FL",Broward County,513819.7135904523,-2.22,2778.316660941269,2.81,33339.79993129523,0.541,15.4,6.49,4.22,Moderate,190641,4.31,2037472,4.84,14.84,13.18,6.08,36.74,2026-07-31,2026-07-31
Fort Smith,AR,"Fort Smith, AR-OK",Sebastian County,195761.27486169213,3.37,1060.0379710144928,3.92,12720.455652173914,0.541,15.4,6.5,4.22,Moderate,90507,1.51,130035,1.74,5.51,9.17,6.61,38.78,2026-07-31,2026-07-31
Meriden,CT,"New Haven-Milford, CT",New Haven County,328476.420625994,4.48,1777.652777777778,3.39,21331.833333333336,0.541,15.4,6.49,4.22,Moderate,60849,0.37,NA,NA,NA,NA,NA,NA,2026-07-31,2026-07-31
Newark,OH,"Columbus, OH",Licking County,249974.48416941063,3.3,1351.7592592592591,4.53,16221.11111111111,0.541,15.4,6.49,4.22,Moderate,51424,2.76,184898,3.41,7.71,6.46,4.85,26.27,2026-07-31,2026-07-31
Hutchinson,KS,"Hutchinson, KS",Reno County,154218.16182310894,7.87,834.1588319088319,6.48,10009.905982905982,0.541,15.4,6.49,4.22,Moderate,39561,-1.11,61417,-0.77,3.73,10.47,7.39,30.79,2026-07-31,2026-07-31
Kerrville,TX,"Kerrville, TX",Kerr County,354872.07550858,-2.26,1917.7910052910056,4.37,23013.492063492067,0.54,15.4,6.49,4.22,Moderate,25141,3.28,53900,2.28,6.09,12.47,6.08,29.61,2026-07-31,2026-07-31
Copperas Cove,TX,"Killeen-Temple, TX",Coryell County,227504.06271586244,-0.23,1231.273389959432,0.42,14775.280679513184,0.541,15.4,6.49,4.22,Moderate,39627,7.88,86370,3.9,4.84,10.56,1.81,40.64,2026-07-31,2026-07-31
Halethorpe,MD,"Baltimore-Columbia-Towson, MD",Baltimore County,314320.39188013854,0.92,1701.8369047619046,1.72,20422.042857142857,0.541,15.4,6.5,4.22,Moderate,NA,NA,852425,-0.11,3.96,5.75,5.61,33.67,2026-07-31,2026-07-31
Michigan City,IN,"Michigan City-La Porte, IN",La Porte County,194166.67309283683,4.21,1050.1238095238095,6.79,12601.485714285714,0.541,15.4,6.49,4.22,Moderate,31466,-1.73,NA,NA,NA,NA,NA,NA,2026-07-31,2026-07-31
Greater Landover,MD,"Washington-Arlington-Alexandria, DC-VA-MD-WV",Prince Georges County,321096.9005624703,-1.86,1738.9301587301588,2.48,20867.161904761906,0.542,15.4,6.5,4.22,Moderate,NA,NA,NA,NA,NA,NA,NA,NA,2026-07-31,2026-07-31
Berea,OH,"Cleveland-Elyria, OH",Cuyahoga County,247937.4999559491,4.78,1340.8333333333333,NA,16090,0.541,15.4,6.49,4.22,Moderate,17998,-2.72,1240594,-1.75,1.72,9.97,5.22,40.95,2026-07-31,2026-07-31
Hewitt,TX,"Waco, TX",McLennan County,300655.5195902499,-0.65,1624.8333333333333,2.8,19498,0.54,15.4,6.49,4.22,Moderate,16749,4.23,270358,3.51,2.79,10.47,4.56,38.83,2026-07-31,2026-07-31
Hellertown,PA,"Allentown-Bethlehem-Easton, PA-NJ",Northampton County,383308.17848207336,2.67,2076.1111111111113,NA,24913.333333333336,0.542,15.4,6.5,4.22,Moderate,NA,NA,NA,NA,NA,NA,NA,NA,2026-07-31,2026-07-31
Owensboro,KY,"Owensboro, KY",Daviess County,214981.6076853063,3.2,1161.3333333333333,4.92,13936,0.54,15.4,6.48,4.21,Moderate,60675,0.65,104457,1.02,3.49,6.88,4.93,33.23,2026-07-31,2026-07-31
Miami Beach,FL,"Miami-Fort Lauderdale-Pompano Beach, FL",Miami-Dade County,528434.1781566706,-0.39,2850.71150586056,3.04,34208.53807032672,0.539,15.4,6.47,4.21,Moderate,83251,0.94,2838461,5.29,19.88,11.11,5.36,47.81,2026-07-31,2026-07-31
Salina,KS,"Salina, KS",Saline County,178837.40682969763,4.36,966.2870370370372,4.61,11595.444444444445,0.54,15.4,6.48,4.21,Moderate,46109,-1.56,53459,-1.45,2.81,7.65,2.66,33.21,2026-07-31,2026-07-31
Casselberry,FL,"Orlando-Kissimmee-Sanford, FL",Seminole County,349182.64293155377,-2.11,1882.8485838779957,1.2,22594.183006535946,0.539,15.5,6.47,4.21,Moderate,31650,9.36,494605,4.91,9.63,5.97,6.62,34.24,2026-07-31,2026-07-31
Eustis,FL,"Orlando-Kissimmee-Sanford, FL",Lake County,337674.1911520539,-1.61,1821.6489898989896,2.8,21859.787878787876,0.539,15.4,6.47,4.21,Moderate,25067,7.89,444204,15.01,42.09,12.7,9.37,23.35,2026-07-31,2026-07-31
Dumfries,VA,"Washington-Arlington-Alexandria, DC-VA-MD-WV",Prince William County,594411.3070075335,0.71,3211.305555555555,3.73,38535.666666666664,0.54,15.4,6.48,4.21,Moderate,5978,4.53,497003,2.93,3.17,3.52,5.04,25.62,2026-07-31,2026-07-31
Austin,MN,"Austin, MN",Mower County,193110.0378107267,4.2,1041.2222222222224,8.07,12494.666666666668,0.539,15.5,6.47,4.21,Moderate,26690,1.83,40900,2.09,12.22,8.21,9,23.96,2026-07-31,2026-07-31
Waterville,ME,"Augusta-Waterville, ME",Kennebec County,254992.54532383077,1.53,1376.888888888889,4.18,16522.666666666668,0.54,15.4,6.48,4.21,Moderate,17336,3.85,128461,3,7.78,14.58,1.66,27.24,2026-07-31,2026-07-31
Forest Park,IL,"Chicago-Naperville-Elgin, IL-IN-WI",Cook County,294594.5771650228,6.53,1591.75873015873,3.93,19101.10476190476,0.54,15.4,6.48,4.21,Moderate,13846,-3.03,5182617,-1.6,5.9,8.18,4.67,42.49,2026-07-31,2026-07-31
Amherst,OH,"Cleveland-Elyria, OH",Lorain County,287517.0156727426,5.41,1552,NA,18624,0.54,15.4,6.48,4.21,Moderate,NA,NA,NA,NA,NA,NA,NA,NA,2026-07-31,2026-07-31
Ellenton,FL,"North Port-Sarasota-Bradenton, FL",Manatee County,389389.10293678264,-5.77,2103.6349206349205,-3.31,25243.619047619046,0.54,15.4,6.48,4.21,Moderate,NA,NA,458352,14.12,32.53,21.45,16.3,25.31,2026-07-31,2026-07-31
Bedford Heights,OH,"Cleveland-Elyria, OH",Cuyahoga County,197449.01934113723,5.48,1065.0277777777778,3.31,12780.333333333334,0.539,15.4,6.47,4.21,Moderate,10791,-1.91,1240594,-1.75,1.72,9.97,5.22,40.95,2026-07-31,2026-07-31
Swannanoa,NC,"Asheville, NC",Buncombe County,360654.6102852773,-5.02,1946.6666666666667,NA,23360,0.54,15.4,6.48,4.21,Moderate,NA,NA,NA,NA,NA,NA,NA,NA,2026-07-31,2026-07-31
Ward,AR,"Little Rock-North Little Rock-Conway, AR",Lonoke County,209518.95545970337,3.57,1131.25,NA,13575,0.54,15.4,6.48,4.21,Moderate,NA,NA,NA,NA,NA,NA,NA,NA,2026-07-31,2026-07-31
Gonzales,LA,"Baton Rouge, LA",Ascension Parish,294276.44739299733,3.49,1584.594139194139,1.32,19015.12967032967,0.538,15.5,6.46,4.2,Moderate,13837,12.67,133534,5.16,7.37,8.24,6.33,17.14,2026-07-31,2026-07-31
Wadsworth,OH,"Cleveland-Elyria, OH",Medina County,323428.60679552116,4.4,1743.1333333333332,NA,20917.6,0.539,15.5,6.47,4.2,Moderate,24753,2.84,184625,1.09,3.28,4.23,3.93,19.98,2026-07-31,2026-07-31
Pendergrass,GA,"Jefferson, GA",Jackson County,365323.59900370333,-0.36,1965.3333333333333,NA,23584,0.538,15.5,6.46,4.2,Moderate,1856,8.92,93825,22.26,52.1,8.21,1.14,20.21,2026-07-31,2026-07-31
Tyler,TX,"Tyler, TX",Smith County,253272.19368281937,-0.6,1360.7844444444445,1.48,16329.413333333334,0.537,15.5,6.45,4.19,Moderate,112219,5.6,249091,6.36,10,17.21,17.96,30.69,2026-07-31,2026-07-31
Largo,FL,"Tampa-St. Petersburg-Clearwater, FL",Pinellas County,340214.1954101436,-0.5,1826.1905574120483,0.07,21914.28668894458,0.537,15.5,6.44,4.19,Moderate,82337,-0.35,965870,0.63,3.8,18.32,8.78,30.56,2026-07-31,2026-07-31
Gastonia,NC,"Charlotte-Concord-Gastonia, NC-SC",Gaston County,279555.3483051718,-0.11,1501.1134453781513,0.49,18013.361344537814,0.537,15.5,6.44,4.19,Moderate,85535,6.17,242010,5.85,15.72,7.81,5.03,34.18,2026-07-31,2026-07-31
Sanford,FL,"Orlando-Kissimmee-Sanford, FL",Seminole County,343232.48286501825,-2.56,1841.6101077858043,1.7,22099.321293429653,0.537,15.5,6.44,4.19,Moderate,66919,9.53,494605,4.91,9.63,5.97,6.62,34.24,2026-07-31,2026-07-31
Casa Grande,AZ,"Phoenix-Mesa-Chandler, AZ",Pinal County,318523.58125933504,-1.41,1712.655855855856,2.59,20551.870270270272,0.538,15.5,6.45,4.19,Moderate,68927,27.35,513862,19.44,51.32,12.6,6.32,19.48,2026-07-31,2026-07-31
West Haven,CT,"New Haven-Milford, CT",New Haven County,368010.56267229613,7.45,1975.589898989899,1.22,23707.07878787879,0.537,15.5,6.44,4.19,Moderate,55379,-0.31,NA,NA,NA,NA,NA,NA,2026-07-31,2026-07-31
Brownsburg,IN,"Indianapolis-Carmel-Anderson, IN",Hendricks County,362535.6053004589,1.32,1949.3545454545456,4.24,23392.254545454547,0.538,15.5,6.45,4.19,Moderate,33430,14.61,190629,8.55,15.38,3.79,5.03,22.15,2026-07-31,2026-07-31
Central Islip,NY,"New York-Newark-Jersey City, NY-NJ-PA",Suffolk County,578989.7490312738,6.22,3110.047619047619,NA,37320.57142857143,0.537,15.5,6.45,4.19,Moderate,NA,NA,1535909,0.9,2.22,11.64,3.67,18.09,2026-07-31,2026-07-31
University City,MO,"St. Louis, MO-IL",Saint Louis County,272575.6202383701,3.24,1464.7241161616164,7.4,17576.689393939396,0.537,15.5,6.45,4.19,Moderate,34349,-2.33,NA,NA,NA,NA,NA,NA,2026-07-31,2026-07-31
Burlington Township,NJ,"Philadelphia-Camden-Wilmington, PA-NJ-DE-MD",Burlington County,397908.54217553046,1.19,2135.3333333333335,NA,25624,0.537,15.5,6.44,4.19,Moderate,NA,NA,475515,2.99,9.35,5.16,3.54,24.27,2026-07-31,2026-07-31
Richmond Hill,GA,"Savannah, GA",Bryan County,422448.3440864635,-1.81,2269.264912280702,1.91,27231.178947368426,0.537,15.5,6.45,4.19,Moderate,19839,18.13,51105,13.46,19.49,8.68,9.55,24.37,2026-07-31,2026-07-31
Murray,KY,"Murray, KY",Calloway County,200668.64135966837,-2.42,1079.1380952380953,6.49,12949.657142857144,0.538,15.5,6.45,4.19,Moderate,18567,4.43,38975,3.65,13.6,16.35,6.41,36.31,2026-07-31,2026-07-31
North Liberty,IA,"Iowa City, IA",Johnson County,314762.74743362266,2.44,1692.4096320346318,9.09,20308.915584415583,0.538,15.5,6.45,4.19,Moderate,21904,6.83,160080,4.59,6.75,7.43,6.54,41.16,2026-07-31,2026-07-31
El Dorado,KS,"Wichita, KS",Butler County,176493.8089162444,5.2,948.6111111111112,3.01,11383.333333333334,0.537,15.5,6.45,4.19,Moderate,NA,NA,NA,NA,NA,NA,NA,NA,2026-07-31,2026-07-31
Luling,LA,"New Orleans-Metairie, LA",Saint Charles Parish,288639.0927742469,3.15,1550,NA,18600,0.537,15.5,6.44,4.19,Moderate,NA,NA,NA,NA,NA,NA,NA,NA,2026-07-31,2026-07-31
Meridianville,AL,"Huntsville, AL",Madison County,335366.7885269018,-0.57,1800.3333333333333,6.68,21604,0.537,15.5,6.44,4.19,Moderate,NA,NA,423355,8.41,20.5,7.01,5.85,31.22,2026-07-31,2026-07-31
Miramar Beach,FL,"Crestview-Fort Walton Beach-Destin, FL",Walton County,655868.5333255435,-0.87,3520,NA,42240,0.537,15.5,6.44,4.19,Moderate,NA,NA,89666,18.15,36.1,44.55,32.56,22.85,2026-07-31,2026-07-31
Jackson,MN,NA,Jackson County,209298.8679334489,0.44,1125.625,NA,13507.5,0.538,15.5,6.45,4.19,Moderate,NA,NA,NA,NA,NA,NA,NA,NA,2026-07-31,2026-07-31
Sarasota,FL,"North Port-Sarasota-Bradenton, FL",Sarasota County,413154.6008496936,-3.98,2214.8099834702275,-1.31,26577.71980164273,0.536,15.5,6.43,4.18,Moderate,57764,4.65,476604,9.25,17.16,21.04,7.8,23.66,2026-07-31,2026-07-31
Newport News,VA,"Virginia Beach-Norfolk-Newport News, VA-NC",Newport News City,296437.83626163664,2.58,1590.4186712960657,7.02,19085.02405555279,0.537,15.5,6.44,4.18,Moderate,183056,-1.61,NA,NA,NA,NA,NA,NA,2026-07-31,2026-07-31
Kettering,OH,"Dayton-Kettering, OH",Montgomery County,247856.9887948771,2.7,1328.3156746031746,1.48,15939.788095238095,0.536,15.5,6.43,4.18,Moderate,57028,-1.37,537443,0.06,5.01,8.84,4.22,37.67,2026-07-31,2026-07-31
Florence,KY,"Cincinnati, OH-KY-IN",Boone County,290152.10909165954,0.63,1555.5400030248031,1.4,18666.48003629764,0.536,15.5,6.43,4.18,Moderate,33763,5.21,144135,5.61,14.15,4.07,4.79,23.34,2026-07-31,2026-07-31
Middletown,CT,"Hartford-East Hartford-Middletown, CT",Middlesex County,371380.4866683285,4.56,1990.9754385964911,3.81,23891.70526315789,0.536,15.5,6.43,4.18,Moderate,48616,3.49,NA,NA,NA,NA,NA,NA,2026-07-31,2026-07-31
Thibodaux,LA,"Houma-Thibodaux, LA",Lafourche Parish,231326.96828242973,0.36,1240.668253968254,3.66,14888.019047619047,0.536,15.5,6.44,4.18,Moderate,15569,-2.06,95342,-2.16,1.05,9.15,8.29,21.69,2026-07-31,2026-07-31
Brunswick,OH,"Cleveland-Elyria, OH",Medina County,323713.03181740973,3.89,1733.3333333333333,NA,20800,0.535,15.6,6.43,4.18,Moderate,35166,-0.75,184625,1.09,3.28,4.23,3.93,19.98,2026-07-31,2026-07-31
Lake Jackson,TX,"Houston-The Woodlands-Sugar Land, TX",Brazoria County,273775.13064469624,0.92,1466.4407407407407,5.29,17597.28888888889,0.536,15.6,6.43,4.18,Moderate,28158,0.04,413224,10.63,23.74,10.51,11.33,26,2026-07-31,2026-07-31
Saint Albans,WV,"Charleston, WV",Kanawha County,154097.79005667617,-1.49,825,NA,9900,0.535,15.6,6.42,4.18,Moderate,NA,NA,NA,NA,NA,NA,NA,NA,2026-07-31,2026-07-31
Alcoa,TN,"Knoxville, TN",Blount County,320152.204003195,1.53,1716.1083333333331,4.04,20593.299999999996,0.536,15.5,6.43,4.18,Moderate,13588,23.64,142211,4.83,9.42,10.61,3.93,23.05,2026-07-31,2026-07-31
Archdale,NC,"Greensboro-High Point, NC",Randolph County,253051.03903275507,3.13,1355.9722222222224,NA,16271.666666666668,0.536,15.6,6.43,4.18,Moderate,12147,2.02,148389,2.76,6.31,8.91,2.98,27.33,2026-07-31,2026-07-31
Alvarado,TX,"Dallas-Fort Worth-Arlington, TX",Johnson County,303780.62664121046,-0.56,1626.111111111111,NA,19513.333333333332,0.535,15.6,6.42,4.18,Moderate,NA,NA,NA,NA,NA,NA,NA,NA,2026-07-31,2026-07-31
Hempstead,NY,"New York-Newark-Jersey City, NY-NJ-PA",Nassau County,650202.5970001946,3.94,3480.055555555555,NA,41760.666666666664,0.535,15.6,6.42,4.17,Moderate,59569,1.19,1392438,0.13,2.32,4.56,4.6,18.07,2026-07-31,2026-07-31
Richmond,IN,"Richmond, IN",Wayne County,161850.0120181774,5.97,864.6071428571428,8.2,10375.285714285714,0.534,15.6,6.41,4.17,Moderate,35561,-0.46,66410,-0.16,5.44,12.81,7.35,30.29,2026-07-31,2026-07-31
Ladson,SC,"Charleston-North Charleston, SC",Charleston County,315811.64141689026,-1.72,1686.441425120773,1.93,20237.297101449276,0.534,15.6,6.41,4.17,Moderate,NA,NA,431001,5.13,9.27,14.93,11.6,36.51,2026-07-31,2026-07-31
Coral Hills,MD,"Washington-Arlington-Alexandria, DC-VA-MD-WV",Prince Georges County,328050.58965048543,-3.02,1754.8333333333337,NA,21058.000000000004,0.535,15.6,6.42,4.17,Moderate,NA,NA,NA,NA,NA,NA,NA,NA,2026-07-31,2026-07-31
Worth,IL,"Chicago-Naperville-Elgin, IL-IN-WI",Cook County,281959.4524763482,4.66,1508.3333333333333,NA,18100,0.535,15.6,6.42,4.17,Moderate,NA,NA,NA,NA,NA,NA,NA,NA,2026-07-31,2026-07-31
Pinehurst,TX,"Houston-The Woodlands-Sugar Land, TX",Montgomery County,401469.71333062067,-1.25,2145,NA,25740,0.534,15.6,6.41,4.17,Moderate,NA,NA,NA,NA,NA,NA,NA,NA,2026-07-31,2026-07-31
Runaway Bay,TX,"Dallas-Fort Worth-Arlington, TX",Wise County,285200.55634451174,-2.89,1525,NA,18300,0.535,15.6,6.42,4.17,Moderate,NA,NA,NA,NA,NA,NA,NA,NA,2026-07-31,2026-07-31
Des Moines,IA,"Des Moines-West Des Moines, IA",Polk County,212006.36489206876,-0.12,1130.8491046612346,1.81,13570.189255934816,0.533,15.6,6.4,4.16,Moderate,213096,-0.31,516185,4.69,12.01,5.87,5,32.93,2026-07-31,2026-07-31
Martinsburg,WV,"Hagerstown-Martinsburg, MD-WV",Berkeley County,313771.9960489838,3.79,1672.653587153587,4.35,20071.843045843045,0.533,15.6,6.4,4.16,Moderate,19047,1.68,136287,11.07,22.16,5.95,1.35,24.6,2026-07-31,2026-07-31
Jackson,NJ,"New York-Newark-Jersey City, NY-NJ-PA",Ocean County,639281.413325877,1.74,3410.5,4.25,40926,0.533,15.6,6.4,4.16,Moderate,NA,NA,666434,4.37,4.36,18.18,2.79,19.83,2026-07-31,2026-07-31
Desert Hot Springs,CA,"Riverside-San Bernardino-Ontario, CA",Riverside County,378683.05283175065,-2.12,2020.371572871573,0.03,24244.458874458876,0.534,15.6,6.4,4.16,Moderate,33917,4.19,2529933,4.34,7.33,11.37,4.89,31.14,2026-07-31,2026-07-31
Buffalo Grove,IL,"Chicago-Naperville-Elgin, IL-IN-WI",Lake County,452107.2860263604,5.53,2413.425925925926,1.8,28961.111111111113,0.534,15.6,6.41,4.16,Moderate,43072,-0.05,718604,0.73,3.75,4.97,4.19,25.6,2026-07-31,2026-07-31
Inman,SC,"Spartanburg, SC",Spartanburg County,307553.0822679522,2.31,1639.4333333333334,4.63,19673.2,0.533,15.6,6.4,4.16,Moderate,3354,11.8,369256,12.1,27.18,8.85,6.12,27.07,2026-07-31,2026-07-31
Agawam,MA,"Springfield, MA",Hampden County,375770.4176582208,4.78,2002.6666666666667,NA,24032,0.533,15.6,6.4,4.16,Moderate,NA,NA,NA,NA,NA,NA,NA,NA,2026-07-31,2026-07-31
Columbus,NE,"Columbus, NE",Platte County,273170.4597321488,2.65,1457.5,NA,17490,0.534,15.6,6.4,4.16,Moderate,25126,4.29,35499,3.52,7.44,5.71,3.61,27.5,2026-07-31,2026-07-31
Adrian,MI,"Adrian, MI",Lenawee County,193552.023829557,3.97,1031.6666666666667,NA,12380,0.533,15.6,6.4,4.16,Moderate,NA,NA,NA,NA,NA,NA,NA,NA,2026-07-31,2026-07-31
East Ridge,TN,"Chattanooga, TN-GA",Hamilton County,258885.368936764,-2.37,1379.0925925925924,0.99,16549.11111111111,0.533,15.6,6.39,4.16,Moderate,21970,-1.07,386256,4.99,11.65,8.63,4.18,35.65,2026-07-31,2026-07-31
Pelham,AL,"Birmingham-Hoover, AL",Shelby County,328476.8601109467,2.09,1752.7857142857144,NA,21033.428571428572,0.534,15.6,6.4,4.16,Moderate,NA,NA,NA,NA,NA,NA,NA,NA,2026-07-31,2026-07-31
Bennington,VT,"Bennington, VT",Bennington County,262543.5481350769,-1.45,1400,NA,16800,0.533,15.6,6.4,4.16,Moderate,NA,NA,NA,NA,NA,NA,NA,NA,2026-07-31,2026-07-31
Bethalto,IL,"St. Louis, MO-IL",Madison County,205953.30792882017,6.18,1097.2222222222222,NA,13166.666666666666,0.533,15.6,6.39,4.16,Moderate,NA,NA,NA,NA,NA,NA,NA,NA,2026-07-31,2026-07-31
Wayne,NE,NA,Wayne County,244554.67052450276,6.58,1305,NA,15660,0.534,15.6,6.4,4.16,Moderate,NA,NA,NA,NA,NA,NA,NA,NA,2026-07-31,2026-07-31
Waterbury,CT,"New Haven-Milford, CT",New Haven County,287970.14714009507,3.18,1533.8555123604467,3.22,18406.26614832536,0.533,15.6,6.39,4.15,Moderate,115908,1.77,NA,NA,NA,NA,NA,NA,2026-07-31,2026-07-31
Jacksonville,NC,"Jacksonville, NC",Onslow County,264178.7419287616,3.44,1406.6077532679735,3.41,16879.29303921568,0.532,15.7,6.39,4.15,Moderate,70840,-3.32,212954,3.82,-2.31,15.6,7.82,39.04,2026-07-31,2026-07-31
Waldorf,MD,"Washington-Arlington-Alexandria, DC-VA-MD-WV",Charles County,436633.41657780687,-1.56,2322.364692982456,4.19,27868.376315789472,0.532,15.7,6.38,4.15,Moderate,NA,NA,174478,4.67,11.92,4.53,4.55,18.77,2026-07-31,2026-07-31
Deland,FL,"Deltona-Daytona Beach-Ormond Beach, FL",Volusia County,339464.5165911687,-1.01,1804.8689393939392,3.61,21658.42727272727,0.532,15.7,6.38,4.15,Moderate,NA,NA,602772,8.46,21.72,14.56,6.51,27.2,2026-07-31,2026-07-31
Howell,MI,"Detroit-Warren-Dearborn, MI",Livingston County,387740.5833770852,2.45,2063.688888888889,3.35,24764.266666666666,0.532,15.7,6.39,4.15,Moderate,9914,-1.56,196976,1.54,1.07,4.78,4.45,13.38,2026-07-31,2026-07-31
Petersburg,VA,"Richmond, VA",Dinwiddie County,253012.05749107627,2.6,1346.4140550807217,4.68,16156.968660968661,0.532,15.7,6.39,4.15,Moderate,34058,1.98,28576,2.46,12.42,12.35,4.91,21.75,2026-07-31,2026-07-31
Brooksville,FL,"Tampa-St. Petersburg-Clearwater, FL",Hernando County,308283.60520995624,-2.38,1639.4329212454213,-1.59,19673.195054945056,0.532,15.7,6.38,4.15,Moderate,9985,11.79,218150,11.51,28.43,11.48,7.4,18.18,2026-07-31,2026-07-31
Holyoke,MA,"Springfield, MA",Hampden County,337456.9679049388,4.13,1796.111111111111,0.43,21553.333333333332,0.532,15.7,6.39,4.15,Moderate,37838,-0.79,464151,0.09,4.76,6.59,3.41,37.78,2026-07-31,2026-07-31
Dade City,FL,"Tampa-St. Petersburg-Clearwater, FL",Pasco County,337507.1640672768,-1.58,1796.388888888889,1.5,21556.666666666668,0.532,15.7,6.39,4.15,Moderate,NA,NA,NA,NA,NA,NA,NA,NA,2026-07-31,2026-07-31
Pittston,PA,"Scranton--Wilkes-Barre, PA",Luzerne County,216152.56151174588,4.12,1150,NA,13800,0.532,15.7,6.38,4.15,Moderate,NA,NA,NA,NA,NA,NA,NA,NA,2026-07-31,2026-07-31
Castle Hayne,NC,"Wilmington, NC",New Hanover County,368195.4539094045,0.27,1957.2777777777776,NA,23487.333333333332,0.532,15.7,6.38,4.15,Moderate,NA,NA,243333,7.46,13.87,12.68,6.83,39.3,2026-07-31,2026-07-31
North Chili,NY,"Rochester, NY",Monroe County,339823.43670332734,5.52,1810,NA,21720,0.533,15.6,6.39,4.15,Moderate,NA,NA,NA,NA,NA,NA,NA,NA,2026-07-31,2026-07-31
Chesterbrook,PA,"Philadelphia-Camden-Wilmington, PA-NJ-DE-MD",Chester County,520048.7964993711,2.18,2769.0833333333335,NA,33229,0.532,15.7,6.39,4.15,Moderate,NA,NA,NA,NA,NA,NA,NA,NA,2026-07-31,2026-07-31
Fairfield Harbour,NC,"New Bern, NC",Craven County,335614.21054293035,1.76,1787.5,NA,21450,0.533,15.6,6.39,4.15,Moderate,NA,NA,NA,NA,NA,NA,NA,NA,2026-07-31,2026-07-31
Hialeah,FL,"Miami-Fort Lauderdale-Pompano Beach, FL",Miami-Dade County,445441.77670368325,-0.86,2364.55704695948,-0.9,28374.684563513758,0.531,15.7,6.37,4.14,Moderate,235388,5.83,2838461,5.29,19.88,11.11,5.36,47.81,2026-07-31,2026-07-31
Perris,CA,"Riverside-San Bernardino-Ontario, CA",Riverside County,548760.735785863,0.44,2911.035714285714,7.17,34932.42857142857,0.53,15.7,6.37,4.14,Moderate,83032,5.33,2529933,4.34,7.33,11.37,4.89,31.14,2026-07-31,2026-07-31
Livonia,MI,"Detroit-Warren-Dearborn, MI",Wayne County,319165.28605612845,2.61,1693.5555555555557,2.62,20322.666666666668,0.531,15.7,6.37,4.14,Moderate,93113,-2.41,1771063,-1.04,3.75,12.9,4.58,35.52,2026-07-31,2026-07-31
Doral,FL,"Miami-Fort Lauderdale-Pompano Beach, FL",Miami-Dade County,548310.4823010705,-1.59,2909.750910283037,-0.51,34917.01092339644,0.531,15.7,6.37,4.14,Moderate,83625,9.73,2838461,5.29,19.88,11.11,5.36,47.81,2026-07-31,2026-07-31
Coldwater,MI,"Coldwater, MI",Branch County,222204.65687164044,7.59,1178.75,NA,14145,0.53,15.7,6.37,4.14,Moderate,NA,NA,NA,NA,NA,NA,NA,NA,2026-07-31,2026-07-31
Travelers Rest,SC,"Greenville-Anderson, SC",Greenville County,354511.1951155557,2.16,1883.736111111111,2.04,22604.833333333332,0.531,15.7,6.38,4.14,Moderate,8960,14.59,570745,8.25,17.14,7.49,6.9,31.24,2026-07-31,2026-07-31
Andover,KS,"Wichita, KS",Butler County,335248.0233405454,3.21,1779.3722222222225,NA,21352.46666666667,0.531,15.7,6.37,4.14,Moderate,17000,13.58,69158,2.63,8.47,7.91,4.95,21.79,2026-07-31,2026-07-31
Glens Falls,NY,"Glens Falls, NY",Warren County,275219.5984138429,4.61,1461.6666666666667,5.33,17540,0.531,15.7,6.37,4.14,Moderate,14455,-2.23,65288,-0.49,-0.2,25.23,7.85,28.53,2026-07-31,2026-07-31
Port Jervis,NY,"Poughkeepsie-Newburgh-Middletown, NY",Orange County,321833.58148611017,1.37,1708.3333333333333,NA,20500,0.531,15.7,6.37,4.14,Moderate,8566,-1.98,411767,2.69,1.95,7.51,3.61,31.57,2026-07-31,2026-07-31
Ocoee,FL,"Orlando-Kissimmee-Sanford, FL",Orange County,416544.68530707766,-2.01,2206.882087542087,0.25,26482.585050505044,0.53,15.7,6.36,4.13,Moderate,51269,7.94,1533646,7.12,16.48,11.72,10.93,42.64,2026-07-31,2026-07-31
Marana,AZ,"Tucson, AZ",Pima County,419848.3654362298,-1.51,2225.115740740741,2.97,26701.38888888889,0.53,15.7,6.36,4.13,Moderate,62380,18.53,1080149,3.34,11.47,9.34,5.65,35.19,2026-07-31,2026-07-31
Odenton,MD,"Baltimore-Columbia-Towson, MD",Anne Arundel County,474423.7455237811,-0.07,2512.479487179487,3.3,30149.753846153842,0.53,15.7,6.36,4.13,Moderate,NA,NA,602350,1.51,0.69,4.79,5.5,25.04,2026-07-31,2026-07-31
Torrington,CT,"Torrington, CT",Litchfield County,303023.3523380563,4.14,1604.1666666666667,7.51,19250,0.529,15.7,6.35,4.13,Moderate,35673,0.88,NA,NA,NA,NA,NA,NA,2026-07-31,2026-07-31
Harker Heights,TX,"Killeen-Temple, TX",Bell County,300566.6860960046,0.87,1590.3501984126983,-0.08,19084.20238095238,0.529,15.7,6.35,4.13,Moderate,35263,6.11,399578,7.3,5.6,8.76,5.74,43.84,2026-07-31,2026-07-31
Peru,IN,"Peru, IN",Miami County,155949.66013246193,9.11,825,NA,9900,0.529,15.8,6.35,4.13,Moderate,NA,NA,NA,NA,NA,NA,NA,NA,2026-07-31,2026-07-31
Helena,AL,"Birmingham-Hoover, AL",Shelby County,367018.0554775087,2.32,1944.3055555555557,NA,23331.666666666668,0.53,15.7,6.36,4.13,Moderate,22200,5.23,235969,5.38,7.09,5.94,5.41,18.74,2026-07-31,2026-07-31
Woodbridge,NJ,"New York-Newark-Jersey City, NY-NJ-PA",Middlesex County,489466.01275305153,2.27,2591.944444444444,5.93,31103.33333333333,0.53,15.7,6.35,4.13,Moderate,NA,NA,890119,3.33,12.92,3.48,2.61,36.53,2026-07-31,2026-07-31
Callahan,FL,"Jacksonville, FL",Nassau County,401432.0232506471,1.77,2124,NA,25488,0.529,15.7,6.35,4.13,Moderate,NA,NA,NA,NA,NA,NA,NA,NA,2026-07-31,2026-07-31
Palmer,MA,"Springfield, MA",Hampden County,342295.9018153989,3.7,1812.5,NA,21750,0.53,15.7,6.35,4.13,Moderate,NA,NA,NA,NA,NA,NA,NA,NA,2026-07-31,2026-07-31
Shallotte,NC,"Myrtle Beach-Conway-North Myrtle Beach, SC-NC",Brunswick County,323027.1299483537,1.08,1709.3333333333333,NA,20512,0.529,15.7,6.35,4.13,Moderate,NA,NA,NA,NA,NA,NA,NA,NA,2026-07-31,2026-07-31
Elm Grove,WI,"Milwaukee-Waukesha, WI",Waukesha County,705800.1333389478,6.31,3738,NA,44856,0.53,15.7,6.36,4.13,Moderate,NA,NA,NA,NA,NA,NA,NA,NA,2026-07-31,2026-07-31
Lombard,IL,"Chicago-Naperville-Elgin, IL-IN-WI",DuPage County,395049.0287540101,4.96,2087.788599393438,1.99,25053.463192721254,0.528,15.8,6.34,4.12,Moderate,44490,0.17,937142,0.6,5.3,4.53,5.6,26.87,2026-07-31,2026-07-31
Adelanto,CA,"Riverside-San Bernardino-Ontario, CA",San Bernardino County,402245.9913113816,1.45,2126.7380952380954,7.85,25520.857142857145,0.529,15.8,6.34,4.12,Moderate,37941,-0.44,2214281,1.41,1.68,9.55,3.22,38.46,2026-07-31,2026-07-31
Florence,AZ,"Phoenix-Mesa-Chandler, AZ",Pinal County,331008.54663835623,-2.13,1747.611111111111,-0.77,20971.333333333332,0.528,15.8,6.34,4.12,Moderate,24891,-8.81,513862,19.44,51.32,12.6,6.32,19.48,2026-07-31,2026-07-31
West Little River,FL,"Miami-Fort Lauderdale-Pompano Beach, FL",Miami-Dade County,449005.06991910166,1.46,2370.4166666666665,NA,28445,0.528,15.8,6.34,4.12,Moderate,NA,NA,2838461,5.29,19.88,11.11,5.36,47.81,2026-07-31,2026-07-31
Blythewood,SC,"Columbia, SC",Richland County,343357.5926211002,0.69,1812.9603174603176,1.54,21755.52380952381,0.528,15.8,6.34,4.12,Moderate,6733,38.54,430651,3.6,10.35,10.74,5.98,39.63,2026-07-31,2026-07-31
Grandville,MI,"Grand Rapids-Kentwood, MI",Kent County,363411.4860823525,4.48,1919.2857142857144,1.33,23031.428571428572,0.528,15.8,6.34,4.12,Moderate,17094,6.44,673002,2.2,7.09,4.57,4.07,29.64,2026-07-31,2026-07-31
La Grange,KY,"Louisville/Jefferson County, KY-IN",Oldham County,400417.6208597819,1.25,2113.75,NA,25365,0.528,15.8,6.33,4.12,Moderate,NA,NA,NA,NA,NA,NA,NA,NA,2026-07-31,2026-07-31
Northampton,PA,"Allentown-Bethlehem-Easton, PA-NJ",Northampton County,355332.1245131178,2.33,1879,NA,22548,0.529,15.8,6.35,4.12,Moderate,NA,NA,NA,NA,NA,NA,NA,NA,2026-07-31,2026-07-31
Pendleton,SC,"Greenville-Anderson, SC",Anderson County,284506.14117746457,0.47,1503.0092592592591,3.07,18036.11111111111,0.528,15.8,6.34,4.12,Moderate,3697,5.72,217183,6.36,15.37,9.75,8.93,24.56,2026-07-31,2026-07-31
Dayton,NJ,"New York-Newark-Jersey City, NY-NJ-PA",Middlesex County,667541.2951751653,1.04,3525,NA,42300,0.528,15.8,6.34,4.12,Moderate,NA,NA,NA,NA,NA,NA,NA,NA,2026-07-31,2026-07-31
West Dundee,IL,"Chicago-Naperville-Elgin, IL-IN-WI",Kane County,425344.01967897057,3.14,2249.1666666666665,4.8,26990,0.529,15.8,6.35,4.12,Moderate,7906,0.29,520997,0.89,3.7,3.54,3.6,24.26,2026-07-31,2026-07-31
Tahoe Vista,CA,"Sacramento-Roseville-Folsom, CA",Placer County,834657.5393615662,2.33,4405,NA,52860,0.528,15.8,6.33,4.12,Moderate,NA,NA,NA,NA,NA,NA,NA,NA,2026-07-31,2026-07-31
Fayetteville,GA,"Atlanta-Sandy Springs-Alpharetta, GA",Fayette County,438941.1178705613,-0.36,2313.974883790673,3.48,27767.698605488076,0.527,15.8,6.33,4.11,Moderate,20419,7.38,125107,4.68,12.06,4.85,5.93,19.01,2026-07-31,2026-07-31
Merritt Island,FL,"Palm Bay-Melbourne-Titusville, FL",Brevard County,433368.2185326149,-0.08,2284.767365967366,4.2,27417.208391608394,0.527,15.8,6.33,4.11,Moderate,NA,NA,658447,8.16,22.48,14.46,11.39,23.08,2026-07-31,2026-07-31
Manor,TX,"Austin-Round Rock-Georgetown, TX",Travis County,317691.7786189798,-6.38,1672.368407578085,-1.96,20068.42089093702,0.526,15.8,6.32,4.11,Moderate,21500,52.58,1363767,5.18,4.41,5.57,4.27,46.97,2026-07-31,2026-07-31
Lemoore,CA,"Hanford-Corcoran, CA",Kings County,386855.2846346207,3.46,2038.611111111111,3.16,24463.333333333332,0.527,15.8,6.32,4.11,Moderate,27057,-0.24,154913,1.38,4.25,6.34,2.45,45.18,2026-07-31,2026-07-31
Amityville,NY,"New York-Newark-Jersey City, NY-NJ-PA",Suffolk County,608136.9030436589,0.64,3204.1666666666665,NA,38450,0.527,15.8,6.32,4.11,Moderate,9718,2.61,1535909,0.9,2.22,11.64,3.67,18.09,2026-07-31,2026-07-31
Rosamond,CA,"Bakersfield, CA",Kern County,412092.1820034217,-0.81,2171.6666666666665,NA,26060,0.527,15.8,6.32,4.11,Moderate,NA,NA,922529,1.81,2.68,7.58,3.4,40.19,2026-07-31,2026-07-31
Mars,PA,"Pittsburgh, PA",Butler County,524828.22265932,2.28,2763.3333333333335,NA,33160,0.527,15.8,6.32,4.11,Moderate,1415,-3.08,199341,2.72,5.8,7.12,5.23,23.63,2026-07-31,2026-07-31
Aledo,TX,"Dallas-Fort Worth-Arlington, TX",Parker County,540735.7594198071,-1.49,2847.4666666666667,6.1,34169.6,0.527,15.8,6.32,4.11,Moderate,6655,34.88,179707,20.16,32.26,7.74,10.08,17.92,2026-07-31,2026-07-31
Carthage,NY,"Watertown-Fort Drum, NY",Jefferson County,207919.67625435744,3.61,1095,NA,13140,0.527,15.8,6.32,4.11,Moderate,NA,NA,NA,NA,NA,NA,NA,NA,2026-07-31,2026-07-31
Alexandria,IN,"Indianapolis-Carmel-Anderson, IN",Madison County,186515.83723202415,3.65,981.6666666666666,NA,11780,0.526,15.8,6.32,4.11,Moderate,NA,NA,NA,NA,NA,NA,NA,NA,2026-07-31,2026-07-31
Pitman,NJ,"Philadelphia-Camden-Wilmington, PA-NJ-DE-MD",Gloucester County,373149.5363241124,3.98,1965.5,NA,23586,0.527,15.8,6.32,4.11,Moderate,NA,NA,NA,NA,NA,NA,NA,NA,2026-07-31,2026-07-31
Lago Vista,TX,"Austin-Round Rock-Georgetown, TX",Travis County,402902.429454342,-4.52,2121.8333333333335,4.14,25462,0.527,15.8,6.32,4.11,Moderate,10201,13.55,1363767,5.18,4.41,5.57,4.27,46.97,2026-07-31,2026-07-31
Fairfield,ME,NA,Somerset County,244558.2438116742,1.13,1287.5,NA,15450,0.526,15.8,6.32,4.11,Moderate,NA,NA,NA,NA,NA,NA,NA,NA,2026-07-31,2026-07-31
Garland,TX,"Dallas-Fort Worth-Arlington, TX",Dallas County,287245.5079317104,-3.86,1511.6239884641873,-0.16,18139.487861570247,0.526,15.8,6.31,4.1,Moderate,250431,1.64,2656028,1.73,0.15,7.76,8.95,49.22,2026-07-31,2026-07-31
Reading,PA,"Reading, PA",Berks County,268328.48401918344,3.39,1411.719782214156,3.6,16940.637386569873,0.526,15.8,6.31,4.1,Moderate,96000,1.07,439117,2.43,7.84,5.52,4.51,28.95,2026-07-31,2026-07-31
Pembroke Pines,FL,"Miami-Fort Lauderdale-Pompano Beach, FL",Broward County,490388.3062363619,-2.47,2578.822902997119,0.26,30945.874835965427,0.526,15.8,6.31,4.1,Moderate,179326,4.82,2037472,4.84,14.84,13.18,6.08,36.74,2026-07-31,2026-07-31
Hollywood,FL,"Miami-Fort Lauderdale-Pompano Beach, FL",Broward County,445787.4074309359,-3.23,2340.7248577767177,1.32,28088.698293320613,0.525,15.9,6.3,4.1,Moderate,159073,4.09,2037472,4.84,14.84,13.18,6.08,36.74,2026-07-31,2026-07-31
Brighton,MI,"Detroit-Warren-Dearborn, MI",Livingston County,447662.0322810647,2.14,2351.3888888888887,NA,28216.666666666664,0.525,15.9,6.3,4.1,Moderate,NA,NA,NA,NA,NA,NA,NA,NA,2026-07-31,2026-07-31
Starkville,MS,"Starkville, MS",Oktibbeha County,288151.9974769607,2.67,1513.903388278388,4.54,18166.840659340658,0.525,15.9,6.3,4.1,Moderate,25844,0.57,51965,0.5,1.89,16.23,6.7,52.46,2026-07-31,2026-07-31
Portage,MI,"Kalamazoo-Portage, MI",Kalamazoo County,304854.09088076674,4.98,1602.0733618233617,8.14,19224.88034188034,0.526,15.9,6.31,4.1,Moderate,49975,2.12,264780,1.13,4.82,7.17,5.23,36.05,2026-07-31,2026-07-31
Chesterfield,MI,"Detroit-Warren-Dearborn, MI",Macomb County,333662.4415966091,3.27,1752.2222222222224,9.76,21026.666666666668,0.525,15.9,6.3,4.1,Moderate,NA,NA,886175,0.67,8.17,4.12,3.23,25.04,2026-07-31,2026-07-31
Derby,KS,"Wichita, KS",Sedgwick County,289329.83660241286,3.21,1522.5,5.1,18270,0.526,15.8,6.31,4.1,Moderate,26604,3.46,536081,2.14,7.39,9.2,6.89,37.72,2026-07-31,2026-07-31
Vernon Hills,IL,"Chicago-Naperville-Elgin, IL-IN-WI",Lake County,460307.3935031988,5.5,2419.5572390572393,3.21,29034.68686868687,0.526,15.9,6.31,4.1,Moderate,27002,0.66,718604,0.73,3.75,4.97,4.19,25.6,2026-07-31,2026-07-31
Bayville,NJ,"New York-Newark-Jersey City, NY-NJ-PA",Ocean County,542690.5128262206,5.01,2850,NA,34200,0.525,15.9,6.3,4.1,Moderate,NA,NA,NA,NA,NA,NA,NA,NA,2026-07-31,2026-07-31
Palmyra,VA,"Charlottesville, VA",Fluvanna County,380301.80159931706,0.98,2000,NA,24000,0.526,15.8,6.31,4.1,Moderate,NA,NA,NA,NA,NA,NA,NA,NA,2026-07-31,2026-07-31
Lindale,TX,"Tyler, TX",Smith County,296390.96271192614,-2.37,1556.1031746031747,NA,18673.238095238095,0.525,15.9,6.3,4.1,Moderate,7227,18.24,249091,6.36,10,17.21,17.96,30.69,2026-07-31,2026-07-31
Murphy,TX,"Dallas-Fort Worth-Arlington, TX",Collin County,573139.7712859375,-4.27,3013.8888888888887,NA,36166.666666666664,0.526,15.8,6.31,4.1,Moderate,NA,NA,NA,NA,NA,NA,NA,NA,2026-07-31,2026-07-31
Keaau,HI,"Hilo, HI",Hawaii County,468948.33409410896,1.78,2465,NA,29580,0.526,15.9,6.31,4.1,Moderate,NA,NA,209790,4.5,9.9,18.74,10.31,26.9,2026-07-31,2026-07-31
Coweta,OK,"Tulsa, OK",Wagoner County,274848.9108206287,2.73,1443.2,NA,17318.4,0.525,15.9,6.3,4.1,Moderate,NA,NA,NA,NA,NA,NA,NA,NA,2026-07-31,2026-07-31
Tyrone,GA,"Atlanta-Sandy Springs-Alpharetta, GA",Fayette County,511700.91611599986,-1.59,2692.5,NA,32310,0.526,15.8,6.31,4.1,Moderate,NA,NA,NA,NA,NA,NA,NA,NA,2026-07-31,2026-07-31
Morrilton,AR,NA,Conway County,168910.06475483763,7.74,887.5,NA,10650,0.525,15.9,6.31,4.1,Moderate,NA,NA,NA,NA,NA,NA,NA,NA,2026-07-31,2026-07-31
Tampa,FL,"Tampa-St. Petersburg-Clearwater, FL",Hillsborough County,380299.6470531036,-1.26,1992.1352903770985,-0.87,23905.623484525182,0.524,15.9,6.29,4.09,Moderate,414547,6.69,1581426,7.85,12.2,7.8,6.74,38.94,2026-07-31,2026-07-31
Greensboro,NC,"Greensboro-High Point, NC",Guilford County,265428.1989928776,0.28,1391.121219527684,1.81,16693.454634332207,0.524,15.9,6.29,4.09,Moderate,307381,3.89,558816,3.72,9.05,8.49,6.32,40.04,2026-07-31,2026-07-31
Lancaster,CA,"Los Angeles-Long Beach-Anaheim, CA",Los Angeles County,465458.8452775438,-0.64,2438.0679217423403,1.54,29256.815060908084,0.524,15.9,6.29,4.09,Moderate,167426,-3.33,9757179,-2.4,0.03,6.45,4.01,53.92,2026-07-31,2026-07-31
Evansville,IN,"Evansville, IN-KY",Vanderburgh County,205477.0840017444,4.06,1076.3801169590645,5.3,12916.561403508775,0.524,15.9,6.29,4.09,Moderate,115395,-1.69,180387,0.02,2.59,8.97,7.08,35.53,2026-07-31,2026-07-31
Bryan,TX,"College Station-Bryan, TX",Brazos County,276528.13666109025,0.65,1450.984604368063,-0.7,17411.815252416756,0.525,15.9,6.3,4.09,Moderate,91541,8.51,249624,6.44,3.39,10.8,8.47,53.21,2026-07-31,2026-07-31
Crystal Lake,IL,"Chicago-Naperville-Elgin, IL-IN-WI",McHenry County,388565.67477552994,4.3,2039.361111111111,2.83,24472.333333333332,0.525,15.9,6.3,4.09,Moderate,41513,3.16,315959,1.93,5.95,3.55,3.04,17.42,2026-07-31,2026-07-31
Abingdon,MD,"Baltimore-Columbia-Towson, MD",Harford County,377670.6445555759,-0.08,1982.4952380952384,0.45,23789.94285714286,0.525,15.9,6.3,4.09,Moderate,NA,NA,265514,1.63,2.3,3.96,3.4,20.29,2026-07-31,2026-07-31
Fountain,CO,"Colorado Springs, CO",El Paso County,392255.95850326057,-0.9,2056.1626984126983,4.24,24673.95238095238,0.524,15.9,6.29,4.09,Moderate,29457,-1.44,752772,2.58,3.46,4.58,3.67,33.62,2026-07-31,2026-07-31
Clarkston,GA,"Atlanta-Sandy Springs-Alpharetta, GA",Dekalb County,268411.23580878193,-3,1408.1777777777777,4.98,16898.13333333333,0.525,15.9,6.3,4.09,Moderate,14416,-2.15,NA,NA,NA,NA,NA,NA,2026-07-31,2026-07-31
Parlin,NJ,"New York-Newark-Jersey City, NY-NJ-PA",Middlesex County,564028.8621583516,5.14,2956.383333333333,0.96,35476.6,0.524,15.9,6.29,4.09,Moderate,NA,NA,890119,3.33,12.92,3.48,2.61,36.53,2026-07-31,2026-07-31
Parma Heights,OH,"Cleveland-Elyria, OH",Cuyahoga County,224245.8930834186,4.63,1176.8650793650793,2.97,14122.38095238095,0.525,15.9,6.3,4.09,Moderate,20524,-1.37,1240594,-1.75,1.72,9.97,5.22,40.95,2026-07-31,2026-07-31
Dardenne Prairie,MO,"St. Louis, MO-IL",Saint Charles County,475514.67939111526,0.7,2495,NA,29940,0.525,15.9,6.3,4.09,Moderate,NA,NA,NA,NA,NA,NA,NA,NA,2026-07-31,2026-07-31
Haddon Township,NJ,"Philadelphia-Camden-Wilmington, PA-NJ-DE-MD",Camden County,504331.45847698953,11.55,2644.8333333333335,NA,31738,0.524,15.9,6.29,4.09,Moderate,NA,NA,533988,2.07,5.74,5.92,4.3,34.97,2026-07-31,2026-07-31
Argyle,TX,"Dallas-Fort Worth-Arlington, TX",Denton County,603760.9202439588,-3.53,3165.2444444444445,4.78,37982.933333333334,0.524,15.9,6.29,4.09,Moderate,6294,41.12,1045120,14.28,23.72,4.75,5.09,34.63,2026-07-31,2026-07-31
Bondurant,IA,"Des Moines-West Des Moines, IA",Polk County,331299.41719548183,-0.75,1738.3333333333333,NA,20860,0.525,15.9,6.3,4.09,Moderate,NA,NA,NA,NA,NA,NA,NA,NA,2026-07-31,2026-07-31
South Salem,NY,"New York-Newark-Jersey City, NY-NJ-PA",Westchester County,944144.2546719688,8.23,4950,NA,59400,0.524,15.9,6.29,4.09,Moderate,NA,NA,NA,NA,NA,NA,NA,NA,2026-07-31,2026-07-31
Erie,PA,"Erie, PA",Erie County,208273.35319448845,5.62,1089.1225749559082,3.02,13069.4708994709,0.523,15.9,6.28,4.08,Moderate,92940,-2.04,267750,-1.1,0.32,8.26,7.34,31.66,2026-07-31,2026-07-31
Myrtle Beach,SC,"Myrtle Beach-Conway-North Myrtle Beach, SC-NC",Horry County,324531.9145849748,-0.03,1696.8619223629,-0.2,20362.3430683548,0.523,15.9,6.27,4.08,Moderate,40535,12.68,413391,16.85,39.46,28.98,22.81,24.16,2026-07-31,2026-07-31
Norman,OK,"Oklahoma City, OK",Cleveland County,265617.1449131434,1,1387.8590906681409,2.88,16654.30908801769,0.523,15.9,6.27,4.08,Moderate,131010,2.21,303952,2.6,5.34,6.41,5.83,35.92,2026-07-31,2026-07-31
Hot Springs,AR,"Hot Springs, AR",Garland County,245356.2012316014,-0.25,1284.5,4.05,15414,0.524,15.9,6.28,4.08,Moderate,37971,0.09,99902,-0.36,6.83,16.75,7.72,30.77,2026-07-31,2026-07-31
Zanesville,OH,"Zanesville, OH",Muskingum County,204918.4446423891,1.45,1072.8055555555557,-1.02,12873.666666666668,0.524,15.9,6.28,4.08,Moderate,24916,0.57,86582,0.14,3.95,10.69,4.5,31.26,2026-07-31,2026-07-31
Kyle,TX,"Austin-Round Rock-Georgetown, TX",Hays County,299222.8342599814,-6.82,1565.6377334599556,-4.66,18787.652801519467,0.523,15.9,6.28,4.08,Moderate,65833,41.78,292029,19.69,29.92,5.29,3.58,35.89,2026-07-31,2026-07-31
Dekalb,IL,"Chicago-Naperville-Elgin, IL-IN-WI",DeKalb County,266476.8193588963,4.35,1394.1666666666667,4.92,16730,0.523,15.9,6.28,4.08,Moderate,NA,NA,101335,0.96,4.64,5.27,2.95,39.14,2026-07-31,2026-07-31
Burleson,TX,"Dallas-Fort Worth-Arlington, TX",Johnson County,340014.1536801683,-1.16,1779.970964714715,-0.94,21359.65157657658,0.523,15.9,6.28,4.08,Moderate,56253,17.19,210547,16.36,31.86,7.46,7.08,25.53,2026-07-31,2026-07-31
Sand Springs,OK,"Tulsa, OK",Osage County,241147.5863998248,4.86,1260.2777777777776,2.89,15123.333333333332,0.523,15.9,6.27,4.08,Moderate,20330,1.92,46495,1.54,14.69,13.77,4.48,21.74,2026-07-31,2026-07-31
Englewood,FL,"North Port-Sarasota-Bradenton, FL",Sarasota County,325274.69760398724,-6.59,1700.4278499278498,-0.82,20405.134199134198,0.523,15.9,6.27,4.08,Moderate,NA,NA,476604,9.25,17.16,21.04,7.8,23.66,2026-07-31,2026-07-31
Meadville,PA,"Meadville, PA",Crawford County,171861.3948678153,12.75,898.6111111111112,NA,10783.333333333334,0.523,15.9,6.27,4.08,Moderate,NA,NA,NA,NA,NA,NA,NA,NA,2026-07-31,2026-07-31
West Milford,NJ,"New York-Newark-Jersey City, NY-NJ-PA",Passaic County,504537.375459591,3.46,2637.5,NA,31650,0.523,15.9,6.27,4.08,Moderate,NA,NA,NA,NA,NA,NA,NA,NA,2026-07-31,2026-07-31
Green Valley,AZ,"Tucson, AZ",Pima County,278526.2326495625,-3.17,1458.0555555555557,NA,17496.666666666668,0.523,15.9,6.28,4.08,Moderate,NA,NA,1080149,3.34,11.47,9.34,5.65,35.19,2026-07-31,2026-07-31
Newport,TN,"Newport, TN",Cocke County,229279.05154239343,4.81,1200,NA,14400,0.523,15.9,6.28,4.08,Moderate,NA,NA,NA,NA,NA,NA,NA,NA,2026-07-31,2026-07-31
South Burlington,VT,"Burlington-South Burlington, VT",Chittenden County,489524.3229268145,-0.81,2560.6111111111113,0.84,30727.333333333336,0.523,15.9,6.28,4.08,Moderate,21713,7.41,170851,1.44,4.59,4.84,1.57,36.44,2026-07-31,2026-07-31
Muscle Shoals,AL,"Florence-Muscle Shoals, AL",Colbert County,263866.85170959163,2.87,1378.75,NA,16545,0.523,15.9,6.27,4.08,Moderate,17409,6.33,58785,2.58,10.48,13.16,3.1,29.2,2026-07-31,2026-07-31
Stafford,TX,"Houston-The Woodlands-Sugar Land, TX",Fort Bend County,301545.08716425643,0.33,1578.1906172839506,-0.3,18938.287407407406,0.523,15.9,6.28,4.08,Moderate,17555,-0.4,958434,15.57,27.37,4.23,6.33,22.52,2026-07-31,2026-07-31
Gladeview,FL,"Miami-Fort Lauderdale-Pompano Beach, FL",Miami-Dade County,413812.63652902906,-0.51,2166.8333333333335,NA,26002,0.524,15.9,6.28,4.08,Moderate,NA,NA,NA,NA,NA,NA,NA,NA,2026-07-31,2026-07-31
Itasca,IL,"Chicago-Naperville-Elgin, IL-IN-WI",DuPage County,454801.6918871533,4.46,2380.677777777778,5.62,28568.133333333335,0.523,15.9,6.28,4.08,Moderate,9506,-0.37,937142,0.6,5.3,4.53,5.6,26.87,2026-07-31,2026-07-31
Marietta,PA,"Lancaster, PA",Lancaster County,319294.6920309534,4.74,1668.888888888889,NA,20026.666666666668,0.523,15.9,6.27,4.08,Moderate,NA,NA,NA,NA,NA,NA,NA,NA,2026-07-31,2026-07-31
Miramar,FL,"Miami-Fort Lauderdale-Pompano Beach, FL",Broward County,521846.6408941288,-2,2721.1532426529934,0.31,32653.83891183592,0.521,16,6.26,4.07,Moderate,143242,6.48,2037472,4.84,14.84,13.18,6.08,36.74,2026-07-31,2026-07-31
San Tan Valley,AZ,"Phoenix-Mesa-Chandler, AZ",Pinal County,396425.1889796177,-2.82,2066.7690328325757,0.61,24801.22839399091,0.521,16,6.26,4.07,Moderate,NA,NA,513862,19.44,51.32,12.6,6.32,19.48,2026-07-31,2026-07-31
Wellington,FL,"Miami-Fort Lauderdale-Pompano Beach, FL",Palm Beach County,658872.1232557275,0.51,3441.1946414499603,2.57,41294.335697399525,0.522,16,6.27,4.07,Moderate,63258,2.74,1582055,5.87,15.98,16.36,6.94,30.14,2026-07-31,2026-07-31
Wooster,OH,"Wooster, OH",Wayne County,267893.4535073276,3.57,1396.2916666666667,0.98,16755.5,0.521,16,6.25,4.07,Moderate,26982,-0.94,116632,-0.23,-0.49,5.58,2.84,23.94,2026-07-31,2026-07-31
Hutto,TX,"Austin-Round Rock-Georgetown, TX",Williamson County,335073.39536819764,-7.14,1748.025699851687,0.04,20976.308398220244,0.522,16,6.26,4.07,Moderate,42661,51.89,727480,18.17,29.75,3.91,3.51,32.92,2026-07-31,2026-07-31
Newburgh,IN,"Evansville, IN-KY",Warrick County,323025.90894007613,3.35,1686.892857142857,5.4,20242.714285714286,0.522,16,6.27,4.07,Moderate,3430,2.97,66339,3.66,5.4,7.04,5.1,17.48,2026-07-31,2026-07-31
Mount Vernon,OH,"Mount Vernon, OH",Knox County,253028.75709251556,5.94,1321.25,NA,15855,0.522,16,6.27,4.07,Moderate,NA,NA,NA,NA,NA,NA,NA,NA,2026-07-31,2026-07-31
Saint Marys,GA,"St. Marys, GA",Camden County,313765.71215764835,-0.11,1637.1596736596737,3.07,19645.916083916083,0.522,16,6.26,4.07,Moderate,NA,NA,59099,7.59,13.86,9.35,6.6,36.22,2026-07-31,2026-07-31
West Melbourne,FL,"Palm Bay-Melbourne-Titusville, FL",Brevard County,374471.731270839,-1.62,1951.5756132756133,2.21,23418.90735930736,0.521,16,6.25,4.07,Moderate,31378,18.06,658447,8.16,22.48,14.46,11.39,23.08,2026-07-31,2026-07-31
Columbia Heights,MN,"Minneapolis-St. Paul-Bloomington, MN-WI",Anoka County,303089.0718848449,1.54,1580.9222222222222,7.92,18971.066666666666,0.522,16,6.26,4.07,Moderate,22358,1.89,376840,3.38,6.34,2.91,3.32,20.04,2026-07-31,2026-07-31
Roscoe,IL,"Rockford, IL",Winnebago County,317903.20008691197,8.26,1657.777777777778,NA,19893.333333333336,0.521,16,6.26,4.07,Moderate,NA,NA,NA,NA,NA,NA,NA,NA,2026-07-31,2026-07-31
Oak Grove,MO,"Kansas City, MO-KS",Jackson County,298679.3225954826,4.14,1558.75,NA,18705,0.522,16,6.26,4.07,Moderate,NA,NA,NA,NA,NA,NA,NA,NA,2026-07-31,2026-07-31
Perry,IA,"Des Moines-West Des Moines, IA",Dallas County,176664.57840298116,1.05,922.5,NA,11070,0.522,16,6.27,4.07,Moderate,NA,NA,NA,NA,NA,NA,NA,NA,2026-07-31,2026-07-31
Providence,RI,"Providence-Warwick, RI-MA",Providence County,437918.8575603821,2.13,2281.313487532328,3.86,27375.761850387935,0.521,16,6.25,4.06,Moderate,194706,2.05,675912,2.4,11.33,7.44,4.46,43.38,2026-07-31,2026-07-31
Victorville,CA,"Riverside-San Bernardino-Ontario, CA",San Bernardino County,438340.2964959752,0.47,2282.6088972431075,4.09,27391.30676691729,0.521,16,6.25,4.06,Moderate,140721,4.45,2214281,1.41,1.68,9.55,3.22,38.46,2026-07-31,2026-07-31
Maricopa,AZ,"Phoenix-Mesa-Chandler, AZ",Maricopa County,344260.66063191905,-3.64,1792.056172839506,-0.08,21504.67407407407,0.521,16,6.25,4.06,Moderate,76654,30.24,4673096,5.12,9.38,8.29,5.4,34.99,2026-07-31,2026-07-31
Cartersville,GA,"Atlanta-Sandy Springs-Alpharetta, GA",Bartow County,328639.60063233174,0.8,1711.980921855922,-0.33,20543.771062271062,0.521,16,6.25,4.06,Moderate,25082,8.03,117508,7.49,19.33,9.6,9.13,26.14,2026-07-31,2026-07-31
Stillwater,OK,"Stillwater, OK",Payne County,270072.61669478926,4.77,1404.690058479532,7.88,16856.280701754382,0.52,16,6.24,4.06,Moderate,50138,3.61,84199,3.12,3.69,12.36,8.97,49.09,2026-07-31,2026-07-31
Kingman,AZ,"Lake Havasu City-Kingman, AZ",Mohave County,275989.4578945342,2.65,1437.336111111111,-0.57,17248.033333333333,0.521,16,6.25,4.06,Moderate,35383,7.57,226479,5.75,21.83,18.98,2.42,26.37,2026-07-31,2026-07-31
Blackwood,NJ,"Philadelphia-Camden-Wilmington, PA-NJ-DE-MD",Camden County,380706.5815808371,5.02,1979.655555555556,2.18,23755.866666666672,0.52,16,6.24,4.06,Moderate,NA,NA,533988,2.07,5.74,5.92,4.3,34.97,2026-07-31,2026-07-31
Colonial Heights,VA,"Richmond, VA",Chesterfield County,300565.93347844464,1.33,1564.9666666666665,5.67,18779.6,0.521,16,6.25,4.06,Moderate,18674,2.8,389793,6.69,10.05,3.91,4.88,22.7,2026-07-31,2026-07-31
Sidney,OH,"Sidney, OH",Shelby County,219162.28500795577,7.86,1141.888888888889,NA,13702.666666666668,0.521,16,6.25,4.06,Moderate,NA,NA,NA,NA,NA,NA,NA,NA,2026-07-31,2026-07-31
Branford,CT,"New Haven-Milford, CT",New Haven County,469635.6468984166,6.73,2447.1444444444446,6.1,29365.733333333337,0.521,16,6.25,4.06,Moderate,NA,NA,NA,NA,NA,NA,NA,NA,2026-07-31,2026-07-31
North Platte,NE,"North Platte, NE",Lincoln County,220664.19354646464,7.27,1147.9166666666667,NA,13775,0.52,16,6.24,4.06,Moderate,22549,-3.27,33319,-3.52,-1.53,12.04,4.72,35.85,2026-07-31,2026-07-31
The Crossings,FL,"Miami-Fort Lauderdale-Pompano Beach, FL",Miami-Dade County,503732.34226734954,-1.58,2622.81746031746,1.93,31473.80952380952,0.521,16,6.25,4.06,Moderate,NA,NA,2838461,5.29,19.88,11.11,5.36,47.81,2026-07-31,2026-07-31
South Amboy,NJ,"New York-Newark-Jersey City, NY-NJ-PA",Middlesex County,532377.7445109593,2.25,2769.7916666666665,2.09,33237.5,0.52,16,6.24,4.06,Moderate,10549,12.58,890119,3.33,12.92,3.48,2.61,36.53,2026-07-31,2026-07-31
Willow Grove,PA,"Philadelphia-Camden-Wilmington, PA-NJ-DE-MD",Montgomery County,421266.8472081096,1.85,2191.694444444445,2.58,26300.333333333336,0.52,16,6.24,4.06,Moderate,NA,NA,879190,2.6,7.92,4.35,5.68,28.27,2026-07-31,2026-07-31
Seabrook,TX,"Houston-The Woodlands-Sugar Land, TX",Chambers County,354167.7154854214,1.18,1843.052380952381,0.98,22116.628571428573,0.52,16,6.24,4.06,Moderate,13976,2.87,56179,19.52,29.71,8.74,9.04,17.56,2026-07-31,2026-07-31
Bellmawr,NJ,"Philadelphia-Camden-Wilmington, PA-NJ-DE-MD",Camden County,321704.9592396639,0.28,1673.888888888889,NA,20086.666666666668,0.52,16,6.24,4.06,Moderate,11846,1.28,533988,2.07,5.74,5.92,4.3,34.97,2026-07-31,2026-07-31
Fort Wayne,IN,"Fort Wayne, IN",Allen County,249481.04492549077,2.72,1295.0860475503332,6.08,15541.032570603998,0.519,16.1,6.23,4.05,Moderate,273203,3.33,399295,3.41,6.04,6.25,5.58,30.87,2026-07-31,2026-07-31
Morgantown,WV,"Morgantown, WV",Monongalia County,286555.4052872321,3.37,1488.0059327061615,4.71,17856.071192473937,0.519,16,6.23,4.05,Moderate,30490,1.44,108697,2.63,7.78,10.91,9.45,42.41,2026-07-31,2026-07-31
New Britain,CT,"Hartford-East Hartford-Middletown, CT",Hartford County,311746.3014108133,7.5,1617.7736928104575,4.93,19413.28431372549,0.519,16.1,6.23,4.05,Moderate,75871,4.01,NA,NA,NA,NA,NA,NA,2026-07-31,2026-07-31
Statesboro,GA,"Statesboro, GA",Bulloch County,275373.1792446556,0.35,1430.385185185185,4.84,17164.62222222222,0.519,16,6.23,4.05,Moderate,35226,5.27,85454,6.93,11.02,9.91,3.75,46.73,2026-07-31,2026-07-31
Saint Peters,MO,"St. Louis, MO-IL",Saint Charles County,326459.897605052,3.65,1694.107142857143,4.24,20329.285714285714,0.519,16.1,6.23,4.05,Moderate,NA,NA,NA,NA,NA,NA,NA,NA,2026-07-31,2026-07-31
Cleburne,TX,"Dallas-Fort Worth-Arlington, TX",Johnson County,271414.6021862432,-3.18,1410.95337995338,3.5,16931.440559440558,0.52,16,6.24,4.05,Moderate,38131,21.2,210547,16.36,31.86,7.46,7.08,25.53,2026-07-31,2026-07-31
Ringgold,GA,"Chattanooga, TN-GA",Catoosa County,322992.2648255234,1.46,1678.3148148148148,2.05,20139.777777777777,0.52,16,6.24,4.05,Moderate,3425,0.23,68940,1.37,6.4,7.55,4.75,24.92,2026-07-31,2026-07-31
Bastrop,TX,"Austin-Round Rock-Georgetown, TX",Bastrop County,353503.0690136268,-4.46,1836.9333333333332,-1.04,22043.199999999997,0.52,16,6.24,4.05,Moderate,12720,29.9,114931,17.19,29.46,8.11,1.42,24.28,2026-07-31,2026-07-31
Waterford,CT,"Norwich-New London, CT",New London County,435976.688554577,5.69,2261.1111111111113,1.75,27133.333333333336,0.519,16.1,6.22,4.05,Moderate,NA,NA,NA,NA,NA,NA,NA,NA,2026-07-31,2026-07-31
Vail,AZ,"Tucson, AZ",Pima County,406859.2130774823,-2.2,2112.285714285714,1.71,25347.428571428572,0.519,16.1,6.23,4.05,Moderate,NA,NA,1080149,3.34,11.47,9.34,5.65,35.19,2026-07-31,2026-07-31
Santa Teresa,NM,"Las Cruces, NM",Dona Ana County,321181.5163157776,-0.63,1669.5,NA,20034,0.52,16,6.24,4.05,Moderate,NA,NA,NA,NA,NA,NA,NA,NA,2026-07-31,2026-07-31
Mount Wolf,PA,"York-Hanover, PA",York County,328959.982807022,3.22,1708.3333333333333,NA,20500,0.519,16,6.23,4.05,Moderate,NA,NA,NA,NA,NA,NA,NA,NA,2026-07-31,2026-07-31
Excelsior,MN,"Minneapolis-St. Paul-Bloomington, MN-WI",Hennepin County,812636.7530897172,-0.34,4218.75,NA,50625,0.519,16.1,6.23,4.05,Moderate,NA,NA,NA,NA,NA,NA,NA,NA,2026-07-31,2026-07-31
Emerson,GA,"Atlanta-Sandy Springs-Alpharetta, GA",Bartow County,305529.1776548931,1.45,1584.611111111111,NA,19015.333333333332,0.519,16.1,6.22,4.05,Moderate,2192,51.7,117508,7.49,19.33,9.6,9.13,26.14,2026-07-31,2026-07-31
Dallas,TX,"Dallas-Fort Worth-Arlington, TX",Dallas County,309590.33442851086,-2.15,1605.3389692468136,0.31,19264.067630961763,0.519,16.1,6.22,4.04,Moderate,1326087,1.74,2656028,1.73,0.15,7.76,8.95,49.22,2026-07-31,2026-07-31
Bradenton,FL,"North Port-Sarasota-Bradenton, FL",Manatee County,354291.1065078496,-4.27,1833.6439167470264,-3.07,22003.727000964318,0.518,16.1,6.21,4.04,Moderate,58184,4.24,458352,14.12,32.53,21.45,16.3,25.31,2026-07-31,2026-07-31
Merced,CA,"Merced, CA",Merced County,397570.34285442665,-1.29,2058.966495657906,2.31,24707.597947894872,0.518,16.1,6.21,4.04,Moderate,96073,10.4,296774,4.88,2.88,5.59,2.8,46.7,2026-07-31,2026-07-31
Salem,VA,"Roanoke, VA",Roanoke County,312662.1266212503,4.24,1620.8388888888887,1.23,19450.066666666666,0.518,16.1,6.22,4.04,Moderate,25908,2.02,97334,0.39,6.02,7.15,5.92,23.74,2026-07-31,2026-07-31
Shelby,NC,"Shelby, NC",Cleveland County,214559.1126360148,-0.4,1109.9434343434343,3.77,13319.321212121213,0.517,16.1,6.21,4.04,Moderate,22778,3.76,102194,2.25,9.82,15.41,5.45,29.35,2026-07-31,2026-07-31
Ravenna,OH,"Akron, OH",Portage County,224195.5951466892,5.83,1160.25,NA,13923,0.518,16.1,6.21,4.04,Moderate,NA,NA,NA,NA,NA,NA,NA,NA,2026-07-31,2026-07-31
East Windsor Township,NJ,"Trenton-Princeton, NJ",Mercer County,480171.0972216181,-0.53,2485.555555555555,NA,29826.666666666664,0.518,16.1,6.21,4.04,Moderate,NA,NA,392138,1.46,11.79,6.07,3.03,38.11,2026-07-31,2026-07-31
Azle,TX,"Dallas-Fort Worth-Arlington, TX",Parker County,335535.33926578943,-0.7,1738.539393939394,1.32,20862.472727272725,0.518,16.1,6.22,4.04,Moderate,15046,12.02,179707,20.16,32.26,7.74,10.08,17.92,2026-07-31,2026-07-31
Sun City West,AZ,"Phoenix-Mesa-Chandler, AZ",Maricopa County,377296.9437423765,-2.29,1955.8333333333333,0.36,23470,0.518,16.1,6.22,4.04,Moderate,NA,NA,4673096,5.12,9.38,8.29,5.4,34.99,2026-07-31,2026-07-31
Chapin,SC,"Columbia, SC",Lexington County,444981.97638930846,2.06,2305,NA,27660,0.518,16.1,6.22,4.04,Moderate,1934,6.5,313774,6.37,11.83,7.71,3.5,23.15,2026-07-31,2026-07-31
Westbrook,ME,"Portland-South Portland, ME",Cumberland County,464730.1140009393,0.69,2405.084210526316,NA,28861.01052631579,0.518,16.1,6.21,4.04,Moderate,21386,4.65,313809,3.36,8.17,14.2,3.63,29.63,2026-07-31,2026-07-31
Bensenville,IL,"Chicago-Naperville-Elgin, IL-IN-WI",DuPage County,357357.67513634945,4.78,1850.75,NA,22209,0.518,16.1,6.21,4.04,Moderate,18629,-0.76,937142,0.6,5.3,4.53,5.6,26.87,2026-07-31,2026-07-31
Beacon,NY,"Poughkeepsie-Newburgh-Middletown, NY",Dutchess County,569745.8291937892,6.48,2953.839285714286,9.34,35446.07142857143,0.518,16.1,6.22,4.04,Moderate,15292,6.77,299963,1.37,5.8,6.08,3.65,31.17,2026-07-31,2026-07-31
Claymont,DE,"Philadelphia-Camden-Wilmington, PA-NJ-DE-MD",New Castle County,323330.64969358593,1.54,1672.8333333333333,3.32,20074,0.517,16.1,6.21,4.04,Moderate,NA,NA,588093,3,8.7,5.15,4.98,31.49,2026-07-31,2026-07-31
Safety Harbor,FL,"Tampa-St. Petersburg-Clearwater, FL",Pinellas County,506155.1776050936,0.32,2622.5,3.57,31470,0.518,16.1,6.22,4.04,Moderate,16972,-0.51,965870,0.63,3.8,18.32,8.78,30.56,2026-07-31,2026-07-31
Prairie Grove,AR,"Fayetteville-Springdale-Rogers, AR",Washington County,322754.09784218826,4.05,1672.3333333333333,2.48,20068,0.518,16.1,6.22,4.04,Moderate,8589,20.41,266184,7.86,10.41,7.47,4.52,44.44,2026-07-31,2026-07-31
Bethlehem,PA,"Allentown-Bethlehem-Easton, PA-NJ",Northampton County,364710.6800171626,3.8,1886.671791485883,2.65,22640.061497830597,0.517,16.1,6.21,4.03,Moderate,79453,4.95,322989,3.25,8.06,5.53,2.64,28.88,2026-07-31,2026-07-31
Beaumont,CA,"Riverside-San Bernardino-Ontario, CA",Riverside County,539559.3193166287,0.07,2790.535714285714,3.83,33486.42857142857,0.517,16.1,6.21,4.03,Moderate,59502,11.61,2529933,4.34,7.33,11.37,4.89,31.14,2026-07-31,2026-07-31
Magnolia,TX,"Houston-The Woodlands-Sugar Land, TX",Montgomery County,364816.5292705567,-2.12,1884.469674523008,-1.41,22613.636094276095,0.517,16.1,6.2,4.03,Moderate,6506,165.99,749613,19.86,40.55,7.22,7.84,28.27,2026-07-31,2026-07-31
Hummelstown,PA,"Harrisburg-Carlisle, PA",Dauphin County,390285.76474881853,2.93,2017.444047619048,3.66,24209.328571428574,0.517,16.1,6.2,4.03,Moderate,4542,0.02,293029,2.2,6.37,5.89,4.98,36.68,2026-07-31,2026-07-31
Cohoes,NY,"Albany-Schenectady-Troy, NY",Albany County,342506.4668809905,2.62,1767.7555555555557,4.37,21213.06666666667,0.516,16.1,6.19,4.03,Moderate,18530,2.34,319964,1.89,6.58,9.68,4.33,43.28,2026-07-31,2026-07-31
Hollidaysburg,PA,"Altoona, PA",Blair County,255711.90816849392,5.08,1322.5,NA,15870,0.517,16.1,6.21,4.03,Moderate,NA,NA,NA,NA,NA,NA,NA,NA,2026-07-31,2026-07-31
Sharonville,OH,"Cincinnati, OH-KY-IN",Hamilton County,287968.9038087499,2.57,1488.1944444444443,NA,17858.333333333332,0.517,16.1,6.2,4.03,Moderate,14040,-0.45,837359,0.84,4.18,7.42,4.2,41.01,2026-07-31,2026-07-31
Bay Harbor Islands,FL,"Miami-Fort Lauderdale-Pompano Beach, FL",Miami-Dade County,692163.1547051567,-0.35,3574.523809523809,-0.5,42894.28571428571,0.516,16.1,6.2,4.03,Moderate,5937,0.8,2838461,5.29,19.88,11.11,5.36,47.81,2026-07-31,2026-07-31
Belville,NC,"Myrtle Beach-Conway-North Myrtle Beach, SC-NC",Brunswick County,338771.1931681084,-0.75,1750,NA,21000,0.517,16.1,6.2,4.03,Moderate,3255,36.65,167112,20.95,48.26,31.43,24.54,16.16,2026-07-31,2026-07-31
Miami,FL,"Miami-Fort Lauderdale-Pompano Beach, FL",Miami-Dade County,583608.531774797,-0,3008.103654810208,0.36,36097.2438577225,0.515,16.2,6.19,4.02,Moderate,487014,9.98,2838461,5.29,19.88,11.11,5.36,47.81,2026-07-31,2026-07-31
Madera,CA,"Madera, CA",Madera County,426522.8225294691,2.71,2195.694444444445,4.13,26348.333333333336,0.515,16.2,6.18,4.02,Moderate,69094,3.87,165432,5.75,7.83,11.62,3.71,34.47,2026-07-31,2026-07-31
Rio Rancho,NM,"Albuquerque, NM",Sandoval County,364154.5107499244,0.51,1875.49868095906,4.11,22505.98417150872,0.515,16.2,6.18,4.02,Moderate,112524,7.74,157757,5.66,12.6,6.72,7.59,16.39,2026-07-31,2026-07-31
Evanston,IL,"Chicago-Naperville-Elgin, IL-IN-WI",Cook County,494603.8950597882,7.99,2551.792854836001,4.95,30621.51425803201,0.516,16.2,6.19,4.02,Moderate,76006,-2.33,5182617,-1.6,5.9,8.18,4.67,42.49,2026-07-31,2026-07-31
Hanford,CA,"Hanford-Corcoran, CA",Kings County,385755.0655243685,2.58,1988.607503607504,2.07,23863.29004329005,0.516,16.2,6.19,4.02,Moderate,60594,2.45,154913,1.38,4.25,6.34,2.45,45.18,2026-07-31,2026-07-31
Huntsville,TX,"Huntsville, TX",Walker County,262041.76929458577,-0.38,1351.413405308142,1.22,16216.960863697705,0.516,16.2,6.19,4.02,Moderate,49500,7.94,83722,9.35,13.31,15.01,6.76,42.86,2026-07-31,2026-07-31
Middletown,DE,"Philadelphia-Camden-Wilmington, PA-NJ-DE-MD",New Castle County,537637.796858986,2.19,2772.6904761904757,2.66,33272.28571428571,0.516,16.2,6.19,4.02,Moderate,25686,9.81,588093,3,8.7,5.15,4.98,31.49,2026-07-31,2026-07-31
Plainfield,IN,"Indianapolis-Carmel-Anderson, IN",Hendricks County,338216.9138593005,1.59,1742.649268219833,1.49,20911.791218637994,0.515,16.2,6.18,4.02,Moderate,37796,8.3,190629,8.55,15.38,3.79,5.03,22.15,2026-07-31,2026-07-31
Shelbyville,KY,"Louisville/Jefferson County, KY-IN",Shelby County,312124.6771162199,-0.03,1608.111111111111,NA,19297.333333333332,0.515,16.2,6.18,4.02,Moderate,NA,NA,NA,NA,NA,NA,NA,NA,2026-07-31,2026-07-31
Marietta,OH,"Marietta, OH",Washington County,193744.4402450246,5.33,997.9166666666666,NA,11975,0.515,16.2,6.18,4.02,Moderate,NA,NA,NA,NA,NA,NA,NA,NA,2026-07-31,2026-07-31
Aubrey,TX,"Dallas-Fort Worth-Arlington, TX",Denton County,346439.78964782646,-7.45,1784.809413217002,-0.42,21417.712958604025,0.515,16.2,6.18,4.02,Moderate,8843,64.58,1045120,14.28,23.72,4.75,5.09,34.63,2026-07-31,2026-07-31
Morehead,KY,NA,Rowan County,188683.1011677231,-1.86,972.5,NA,11670,0.515,16.2,6.18,4.02,Moderate,6789,-5.12,24675,-0.19,5.59,11.65,6.71,36.92,2026-07-31,2026-07-31
Tullahoma,TN,"Tullahoma-Manchester, TN",Coffee County,297494.7722861916,3.15,1533.4166666666667,NA,18401,0.515,16.2,6.19,4.02,Moderate,NA,NA,NA,NA,NA,NA,NA,NA,2026-07-31,2026-07-31
Hedgesville,WV,"Hagerstown-Martinsburg, MD-WV",Berkeley County,339689.5845192767,4.52,1750,NA,21000,0.515,16.2,6.18,4.02,Moderate,NA,NA,NA,NA,NA,NA,NA,NA,2026-07-31,2026-07-31
Keyport,NJ,"New York-Newark-Jersey City, NY-NJ-PA",Monmouth County,515003.00784199376,3.39,2655.555555555555,NA,31866.666666666664,0.516,16.2,6.19,4.02,Moderate,NA,NA,NA,NA,NA,NA,NA,NA,2026-07-31,2026-07-31
Hanceville,AL,"Cullman, AL",Cullman County,212378.84053392487,1.04,1095.3333333333337,NA,13144.000000000004,0.516,16.2,6.19,4.02,Moderate,NA,NA,NA,NA,NA,NA,NA,NA,2026-07-31,2026-07-31
Saint Robert,MO,"Fort Leonard Wood, MO",Pulaski County,234213.3791936536,3.58,1206.0897435897434,9.94,14473.076923076922,0.515,16.2,6.18,4.02,Moderate,NA,NA,53964,-0.14,-2.78,15.17,11.48,40.59,2026-07-31,2026-07-31
Cresskill,NJ,"New York-Newark-Jersey City, NY-NJ-PA",Bergen County,1044748.2091613968,4.62,5380,NA,64560,0.515,16.2,6.18,4.02,Moderate,NA,NA,NA,NA,NA,NA,NA,NA,2026-07-31,2026-07-31
Penn Valley,CA,"Truckee-Grass Valley, CA",Nevada County,523755.8707383979,-0.41,2697.5,NA,32370,0.515,16.2,6.18,4.02,Moderate,NA,NA,NA,NA,NA,NA,NA,NA,2026-07-31,2026-07-31
Sheridan,IN,"Indianapolis-Carmel-Anderson, IN",Hamilton County,397331.3018466293,4.48,2050,NA,24600,0.516,16.2,6.19,4.02,Moderate,NA,NA,NA,NA,NA,NA,NA,NA,2026-07-31,2026-07-31
Melbourne,FL,"Palm Bay-Melbourne-Titusville, FL",Brevard County,360011.6661696108,-1.62,1849.2081334629972,-0.37,22190.497601555966,0.514,16.2,6.16,4.01,Moderate,87561,2.92,658447,8.16,22.48,14.46,11.39,23.08,2026-07-31,2026-07-31
Tulare,CA,"Visalia, CA",Tulare County,359959.2074251563,1.1,1851.574074074074,4.2,22218.888888888887,0.514,16.2,6.17,4.01,Moderate,72601,4.71,483546,2.03,-1.06,6.89,2.76,41.38,2026-07-31,2026-07-31
Harrisonburg,VA,"Harrisonburg, VA",Rockingham County,356074.51333052083,3.94,1830.942383512545,7.74,21971.308602150537,0.514,16.2,6.17,4.01,Moderate,51164,-1.05,87674,4.65,13.22,11.21,2.09,24.82,2026-07-31,2026-07-31
Avon,IN,"Indianapolis-Carmel-Anderson, IN",Hendricks County,359850.33557033323,1.16,1849.1605975723623,2.47,22189.92717086835,0.514,16.2,6.17,4.01,Moderate,24735,14.22,190629,8.55,15.38,3.79,5.03,22.15,2026-07-31,2026-07-31
Troy,OH,"Dayton-Kettering, OH",Miami County,285808.6273385769,2.65,1468.3222222222223,0.77,17619.86666666667,0.514,16.2,6.16,4.01,Moderate,27122,2.79,111950,2.74,10.5,5.24,3.26,26.6,2026-07-31,2026-07-31
Huntington Station,NY,"New York-Newark-Jersey City, NY-NJ-PA",Suffolk County,645680.4473747555,0.45,3317.222222222222,NA,39806.666666666664,0.514,16.2,6.17,4.01,Moderate,NA,NA,NA,NA,NA,NA,NA,NA,2026-07-31,2026-07-31
O Fallon,IL,"St. Louis, MO-IL",Saint Clair County,320823.04344431363,2.33,1648.3257575757575,5.17,19779.90909090909,0.514,16.2,6.17,4.01,Moderate,NA,NA,NA,NA,NA,NA,NA,NA,2026-07-31,2026-07-31
Millsboro,DE,"Salisbury, MD-DE",Sussex County,405069.8532724704,-1.28,2081.3333333333335,NA,24976,0.514,16.2,6.17,4.01,Moderate,NA,NA,NA,NA,NA,NA,NA,NA,2026-07-31,2026-07-31
Yucca Valley,CA,"Riverside-San Bernardino-Ontario, CA",San Bernardino County,360437.3085080611,-0.72,1853.9507575757573,-0.41,22247.40909090909,0.514,16.2,6.17,4.01,Moderate,21858,0.42,2214281,1.41,1.68,9.55,3.22,38.46,2026-07-31,2026-07-31
Republic,MO,"Springfield, MO",Greene County,271460.0716337086,2.17,1395.25,2.36,16743,0.514,16.2,6.17,4.01,Moderate,21392,13.17,307942,2.88,8.4,4.51,2.53,43.14,2026-07-31,2026-07-31
Brookfield,IL,"Chicago-Naperville-Elgin, IL-IN-WI",Cook County,362407.60876086593,7.83,1864.027777777778,NA,22368.333333333336,0.514,16.2,6.17,4.01,Moderate,18885,-2.86,5182617,-1.6,5.9,8.18,4.67,42.49,2026-07-31,2026-07-31
Hitchcock,TX,"Houston-The Woodlands-Sugar Land, TX",Galveston County,217825.3342560579,-0.42,1119.388888888889,NA,13432.666666666668,0.514,16.2,6.17,4.01,Moderate,NA,NA,NA,NA,NA,NA,NA,NA,2026-07-31,2026-07-31
Bloomingdale,GA,"Savannah, GA",Bryan County,320794.6901625709,-2.32,1648.611111111111,NA,19783.333333333332,0.514,16.2,6.17,4.01,Moderate,3100,8.51,51105,13.46,19.49,8.68,9.55,24.37,2026-07-31,2026-07-31
Willow Street,PA,"Lancaster, PA",Lancaster County,380910.18096343585,4.73,1955.8333333333337,NA,23470.000000000004,0.513,16.2,6.16,4.01,Moderate,NA,NA,NA,NA,NA,NA,NA,NA,2026-07-31,2026-07-31
Shillington,PA,"Reading, PA",Berks County,267332.2707377683,1.69,1375,NA,16500,0.514,16.2,6.17,4.01,Moderate,NA,NA,NA,NA,NA,NA,NA,NA,2026-07-31,2026-07-31
Louisville,KY,"Louisville/Jefferson County, KY-IN",Jefferson County,265578.96109418833,0.95,1361.769331301618,1.81,16341.231975619416,0.513,16.3,6.15,4,Moderate,NA,NA,793881,1.4,11.59,7.97,6.02,38.18,2026-07-31,2026-07-31
Acworth,GA,"Atlanta-Sandy Springs-Alpharetta, GA",Cobb County,412338.44971098815,-2.16,2111.955651867512,2.59,25343.467822410144,0.512,16.3,6.15,4,Moderate,22624,0.87,787538,2.76,2.77,5.82,5.06,33.01,2026-07-31,2026-07-31
Maple Grove,MN,"Minneapolis-St. Paul-Bloomington, MN-WI",Hennepin County,430006.02156390576,1.69,2205.8628737541526,4.33,26470.35448504983,0.513,16.2,6.16,4,Moderate,72739,3.47,1273334,-0.65,4.24,5.29,5.38,37.05,2026-07-31,2026-07-31
Norristown,PA,"Philadelphia-Camden-Wilmington, PA-NJ-DE-MD",Montgomery County,340153.99067938025,2.22,1744.4242424242425,3.77,20933.09090909091,0.513,16.2,6.15,4,Moderate,36075,0.95,879190,2.6,7.92,4.35,5.68,28.27,2026-07-31,2026-07-31
Burlington,NC,"Burlington, NC",Alamance County,257731.1978076972,1.45,1320.8500784929356,3.02,15850.200941915227,0.512,16.3,6.15,4,Moderate,61365,6.63,183040,6.65,19.2,9.3,5.47,34.39,2026-07-31,2026-07-31
Bear,DE,"Philadelphia-Camden-Wilmington, PA-NJ-DE-MD",New Castle County,418602.2942044642,1.7,2145.7539682539687,2.44,25749.047619047626,0.513,16.3,6.15,4,Moderate,NA,NA,588093,3,8.7,5.15,4.98,31.49,2026-07-31,2026-07-31
Plainview,NY,"New York-Newark-Jersey City, NY-NJ-PA",Nassau County,991634.0653094888,5.57,5080.555555555556,NA,60966.66666666667,0.512,16.3,6.15,4,Moderate,NA,NA,NA,NA,NA,NA,NA,NA,2026-07-31,2026-07-31
Christiansburg,VA,"Blacksburg-Christiansburg, VA",Montgomery County,309979.4975102324,3.18,1589.4085470085472,7.82,19072.902564102566,0.513,16.3,6.15,4,Moderate,22632,-2.9,98998,-0.59,-0.17,13.02,3.29,45.26,2026-07-31,2026-07-31
Ridgeland,MS,"Jackson, MS",Madison County,286933.4044386062,1.89,1473.2685185185185,9.68,17679.222222222223,0.513,16.2,6.16,4,Moderate,24576,-0.18,114247,4.57,8.14,7.91,6.1,28.59,2026-07-31,2026-07-31
Hurricane,WV,"Huntington-Ashland, WV-KY-OH",Putnam County,279510.75039364025,5.81,1433.3333333333337,NA,17200.000000000004,0.513,16.3,6.15,4,Moderate,NA,NA,NA,NA,NA,NA,NA,NA,2026-07-31,2026-07-31
Kearney,MO,"Kansas City, MO-KS",Clay County,400083.0236991616,2.26,2054,NA,24648,0.513,16.2,6.16,4,Moderate,NA,NA,NA,NA,NA,NA,NA,NA,2026-07-31,2026-07-31
Wyomissing,PA,"Reading, PA",Berks County,389116.648262258,0.2,1996.4166666666667,0.05,23957,0.513,16.2,6.16,4,Moderate,11292,1.68,439117,2.43,7.84,5.52,4.51,28.95,2026-07-31,2026-07-31
Standish,ME,"Portland-South Portland, ME",Cumberland County,468354.6158554485,2.69,2400,NA,28800,0.512,16.3,6.15,4,Moderate,NA,NA,NA,NA,NA,NA,NA,NA,2026-07-31,2026-07-31
Lake Arrowhead,CA,"Riverside-San Bernardino-Ontario, CA",San Bernardino County,528484.693509676,-2.86,2707,-2.41,32484,0.512,16.3,6.15,4,Moderate,NA,NA,NA,NA,NA,NA,NA,NA,2026-07-31,2026-07-31
Franklin,NH,"Concord, NH",Merrimack County,388843.629160269,3.25,1995,NA,23940,0.513,16.2,6.16,4,Moderate,NA,NA,NA,NA,NA,NA,NA,NA,2026-07-31,2026-07-31
Bellwood,VA,"Richmond, VA",Chesterfield County,329113.47451637336,3.4,1686.25,NA,20235,0.512,16.3,6.15,4,Moderate,NA,NA,389793,6.69,10.05,3.91,4.88,22.7,2026-07-31,2026-07-31
Midland,NC,"Charlotte-Concord-Gastonia, NC-SC",Cabarrus County,431640.021705294,1.6,2212.5,NA,26550,0.513,16.3,6.15,4,Moderate,5027,7.37,244925,7.78,14.7,12.01,9.95,27.87,2026-07-31,2026-07-31
Grand Rapids,MI,"Grand Rapids-Kentwood, MI",Kent County,311699.3749824072,2.92,1595.884076788789,3.51,19150.608921465468,0.512,16.3,6.14,3.99,Moderate,200117,0.7,673002,2.2,7.09,4.57,4.07,29.64,2026-07-31,2026-07-31
Harrisburg,PA,"Harrisburg-Carlisle, PA",Dauphin County,270396.6123124295,2.83,1381.9791137718148,2.87,16583.749365261778,0.511,16.3,6.13,3.99,Moderate,50649,1.11,293029,2.2,6.37,5.89,4.98,36.68,2026-07-31,2026-07-31
Suffolk,VA,"Virginia Beach-Norfolk-Newport News, VA-NC",Suffolk City,390918.690858162,2.43,1999.392628205128,4.78,23992.711538461535,0.511,16.3,6.14,3.99,Moderate,103105,8.77,NA,NA,NA,NA,NA,NA,2026-07-31,2026-07-31
Beavercreek,OH,"Dayton-Kettering, OH",Greene County,338786.4272798228,1.83,1732.7153846153844,0.88,20792.584615384614,0.511,16.3,6.14,3.99,Moderate,48012,3,172347,2.51,11.6,6.18,4.42,32.42,2026-07-31,2026-07-31
Jeffersonville,IN,"Louisville/Jefferson County, KY-IN",Clark County,254324.56390762608,1.58,1300.8843304843306,1.25,15610.611965811968,0.512,16.3,6.14,3.99,Moderate,52912,6.74,127479,5.03,14.65,8.67,9.66,25.03,2026-07-31,2026-07-31
Elkton,MD,"Philadelphia-Camden-Wilmington, PA-NJ-DE-MD",Cecil County,375231.6290783065,1.48,1918.3015873015872,1.75,23019.619047619046,0.511,16.3,6.13,3.99,Moderate,15977,0.98,106305,2.41,6.42,9.03,6.6,24.69,2026-07-31,2026-07-31
Niceville,FL,"Crestview-Fort Walton Beach-Destin, FL",Okaloosa County,440835.8645136425,0.35,2256.7200483091788,1.12,27080.640579710147,0.512,16.3,6.14,3.99,Moderate,17919,12.99,220483,3.95,1.51,17.91,14.17,32.25,2026-07-31,2026-07-31
Oakdale,MN,"Minneapolis-St. Paul-Bloomington, MN-WI",Washington County,360617.21201727464,3.99,1843.2801587301583,3.69,22119.3619047619,0.511,16.3,6.13,3.99,Moderate,30441,7.68,283960,5.8,13.75,3.39,4.74,18.85,2026-07-31,2026-07-31
Severna Park,MD,"Baltimore-Columbia-Towson, MD",Anne Arundel County,754745.0378128472,2.7,3863.3333333333335,NA,46360,0.512,16.3,6.14,3.99,Moderate,NA,NA,NA,NA,NA,NA,NA,NA,2026-07-31,2026-07-31
Oldsmar,FL,"Tampa-St. Petersburg-Clearwater, FL",Pinellas County,367765.2799286402,-4.05,1882,-1.26,22584,0.512,16.3,6.14,3.99,Moderate,14831,-0.6,965870,0.63,3.8,18.32,8.78,30.56,2026-07-31,2026-07-31
Hanover,MD,"Baltimore-Columbia-Towson, MD",Anne Arundel County,535911.5151062616,-0.16,2744.2916666666665,1.18,32931.5,0.512,16.3,6.14,3.99,Moderate,NA,NA,602350,1.51,0.69,4.79,5.5,25.04,2026-07-31,2026-07-31
Sayreville,NJ,"New York-Newark-Jersey City, NY-NJ-PA",Middlesex County,541415.3756980957,3.44,2770.6388888888887,NA,33247.666666666664,0.512,16.3,6.14,3.99,Moderate,NA,NA,NA,NA,NA,NA,NA,NA,2026-07-31,2026-07-31
Berwick,PA,"Bloomsburg-Berwick, PA",Columbia County,215004.5014378378,1.35,1100,NA,13200,0.512,16.3,6.14,3.99,Moderate,NA,NA,NA,NA,NA,NA,NA,NA,2026-07-31,2026-07-31
Danville,IN,"Indianapolis-Carmel-Anderson, IN",Hendricks County,345535.9710547239,2.42,1766.111111111111,NA,21193.333333333332,0.511,16.3,6.13,3.99,Moderate,NA,NA,NA,NA,NA,NA,NA,NA,2026-07-31,2026-07-31
Aberdeen,NC,"Pinehurst-Southern Pines, NC",Moore County,352434.57324784,0.68,1802.7455026455027,2.46,21632.946031746033,0.512,16.3,6.14,3.99,Moderate,9573,10.99,108417,8.1,14.51,13.37,3.35,23.67,2026-07-31,2026-07-31
Etters,PA,"York-Hanover, PA",York County,322344.8274058936,4.01,1650,NA,19800,0.512,16.3,6.14,3.99,Moderate,NA,NA,NA,NA,NA,NA,NA,NA,2026-07-31,2026-07-31
Lake Arbor,MD,"Washington-Arlington-Alexandria, DC-VA-MD-WV",Prince Georges County,419568.63206930674,-1.83,2145.3192382666066,2.07,25743.83085919928,0.511,16.3,6.14,3.99,Moderate,NA,NA,NA,NA,NA,NA,NA,NA,2026-07-31,2026-07-31
Boca Raton,FL,"Miami-Fort Lauderdale-Pompano Beach, FL",Palm Beach County,576024.9141223957,2.17,2938.813630407239,3.28,35265.76356488687,0.51,16.3,6.12,3.98,Moderate,102238,4.06,1582055,5.87,15.98,16.36,6.94,30.14,2026-07-31,2026-07-31
Grand Prairie,TX,"Dallas-Fort Worth-Arlington, TX",Dallas County,317294.8512637557,-1.46,1619.19305991306,0.38,19430.31671895672,0.51,16.3,6.12,3.98,Moderate,207331,5.67,2656028,1.73,0.15,7.76,8.95,49.22,2026-07-31,2026-07-31
Chicopee,MA,"Springfield, MA",Hampden County,325808.4886873981,3.06,1660.5,8.97,19926,0.51,16.4,6.12,3.98,Moderate,55381,-0.11,464151,0.09,4.76,6.59,3.41,37.78,2026-07-31,2026-07-31
Ramsey,MN,"Minneapolis-St. Paul-Bloomington, MN-WI",Anoka County,392888.22372072167,1.74,2002.428571428571,6.76,24029.142857142855,0.51,16.4,6.12,3.98,Moderate,28999,4.26,376840,3.38,6.34,2.91,3.32,20.04,2026-07-31,2026-07-31
Elk River,MN,"Minneapolis-St. Paul-Bloomington, MN-WI",Sherburne County,402010.6846428953,1.84,2049.9444444444443,NA,24599.333333333332,0.51,16.3,6.12,3.98,Moderate,27606,6.42,103059,5.61,1.93,4.46,3.96,15.75,2026-07-31,2026-07-31
Aberdeen,WA,"Aberdeen, WA",Grays Harbor County,281523.30567318515,-3.33,1436.1111111111113,3.06,17233.333333333336,0.51,16.3,6.12,3.98,Moderate,17044,0.04,77893,2.68,9.46,18.01,3.96,27.39,2026-07-31,2026-07-31
Champlin,MN,"Minneapolis-St. Paul-Bloomington, MN-WI",Hennepin County,379176.7390574121,2.09,1934.155555555556,NA,23209.866666666672,0.51,16.3,6.12,3.98,Moderate,23045,-3.4,1273334,-0.65,4.24,5.29,5.38,37.05,2026-07-31,2026-07-31
Wendell,NC,"Raleigh-Cary, NC",Wake County,372189.2335616316,-1.17,1897.530158730159,-2.36,22770.361904761907,0.51,16.3,6.12,3.98,Moderate,16845,68.6,1232444,9,18.32,7.54,9.49,35.57,2026-07-31,2026-07-31
Stillwater,MN,"Minneapolis-St. Paul-Bloomington, MN-WI",Washington County,460052.528884379,3.85,2346.6666666666665,NA,28160,0.51,16.3,6.12,3.98,Moderate,19386,-0.09,283960,5.8,13.75,3.39,4.74,18.85,2026-07-31,2026-07-31
Sealy,TX,"Houston-The Woodlands-Sugar Land, TX",Austin County,384620.10743722995,-1.75,1961.111111111111,NA,23533.333333333332,0.51,16.3,6.12,3.98,Moderate,NA,NA,NA,NA,NA,NA,NA,NA,2026-07-31,2026-07-31
Somers Point,NJ,"Atlantic City-Hammonton, NJ",Atlantic County,437427.48156053666,4.72,2232.5,NA,26790,0.51,16.3,6.12,3.98,Moderate,NA,NA,NA,NA,NA,NA,NA,NA,2026-07-31,2026-07-31
Pineville,NC,"Charlotte-Concord-Gastonia, NC-SC",Mecklenburg County,405493.27784396353,-0.55,2068.6666666666665,2.91,24824,0.51,16.3,6.12,3.98,Moderate,11567,8.73,1206285,8.06,18.3,7.37,7.33,44.5,2026-07-31,2026-07-31
Orlando,FL,"Orlando-Kissimmee-Sanford, FL",Orange County,374196.2647233861,-1.9,1902.9425582946117,0.38,22835.31069953534,0.509,16.4,6.1,3.97,Moderate,334854,8.77,1533646,7.12,16.48,11.72,10.93,42.64,2026-07-31,2026-07-31
Apopka,FL,"Orlando-Kissimmee-Sanford, FL",Orange County,396514.9194229672,-1.16,2015.977453376025,-0.52,24191.729440512303,0.508,16.4,6.1,3.97,Moderate,62777,14.29,1533646,7.12,16.48,11.72,10.93,42.64,2026-07-31,2026-07-31
Los Banos,CA,"Merced, CA",Merced County,463701.15515375807,-2.2,2361.772486772487,4.76,28341.269841269845,0.509,16.4,6.11,3.97,Moderate,48684,6.49,296774,4.88,2.88,5.59,2.8,46.7,2026-07-31,2026-07-31
Winchester,CA,"Riverside-San Bernardino-Ontario, CA",Riverside County,660138.6319313756,-1.42,3364,4.82,40368,0.51,16.4,6.12,3.97,Moderate,NA,NA,2529933,4.34,7.33,11.37,4.89,31.14,2026-07-31,2026-07-31
Talladega,AL,"Talladega-Sylacauga, AL",Talladega County,147502.9126239342,-4.88,750,NA,9000,0.508,16.4,6.1,3.97,Moderate,NA,NA,NA,NA,NA,NA,NA,NA,2026-07-31,2026-07-31
Watertown,CT,"Torrington, CT",Litchfield County,395590.0599846896,1,2015,NA,24180,0.509,16.4,6.11,3.97,Moderate,NA,NA,NA,NA,NA,NA,NA,NA,2026-07-31,2026-07-31
Wareham,MA,"Boston-Cambridge-Newton, MA-NH",Plymouth County,483271.2291680037,2.65,2458.3333333333335,NA,29500,0.509,16.4,6.1,3.97,Moderate,NA,NA,NA,NA,NA,NA,NA,NA,2026-07-31,2026-07-31
Danville,PA,"Bloomsburg-Berwick, PA",Montour County,274483.29871668067,4.34,1397.2222222222224,NA,16766.666666666668,0.509,16.4,6.11,3.97,Moderate,4193,-1.09,18115,-0.09,3.42,5.27,1.59,32.93,2026-07-31,2026-07-31
Maple Shade Township,NJ,"Philadelphia-Camden-Wilmington, PA-NJ-DE-MD",Burlington County,338896.59008674655,0.64,1723.2095238095235,1.96,20678.514285714282,0.508,16.4,6.1,3.97,Moderate,NA,NA,NA,NA,NA,NA,NA,NA,2026-07-31,2026-07-31
Waynesville,MO,"Fort Leonard Wood, MO",Pulaski County,249203.91599351636,4.15,1267.7857142857144,6.21,15213.428571428572,0.509,16.4,6.1,3.97,Moderate,5493,1.2,53964,-0.14,-2.78,15.17,11.48,40.59,2026-07-31,2026-07-31
Mascoutah,IL,"St. Louis, MO-IL",Saint Clair County,275265.568879247,2.83,1402.6666666666667,NA,16832,0.51,16.4,6.11,3.97,Moderate,NA,NA,NA,NA,NA,NA,NA,NA,2026-07-31,2026-07-31
Wellington,CO,"Fort Collins, CO",Larimer County,470953.5681661503,-1.1,2395.555555555555,NA,28746.666666666664,0.509,16.4,6.1,3.97,Moderate,12100,8.58,374574,4.07,7.03,6.37,3.02,35.68,2026-07-31,2026-07-31
Easton,PA,"Allentown-Bethlehem-Easton, PA-NJ",Northampton County,386796.8182627328,3.04,1963.3257575757573,6.65,23559.90909090909,0.508,16.4,6.09,3.96,Moderate,30432,8.35,322989,3.25,8.06,5.53,2.64,28.88,2026-07-31,2026-07-31
Warwick,RI,"Providence-Warwick, RI-MA",Kent County,429353.90937412874,4.21,2179.388888888889,4.18,26152.66666666667,0.508,16.4,6.09,3.96,Moderate,83554,0.84,172450,1.19,6.54,4.69,3.57,27.85,2026-07-31,2026-07-31
Monroe,MI,"Monroe, MI",Monroe County,224776.91949557103,6.02,1140.138888888889,4.58,13681.666666666668,0.507,16.4,6.09,3.96,Moderate,20177,-1.34,156045,0.73,5.79,5.72,2.73,18.84,2026-07-31,2026-07-31
Pittsfield,MA,"Pittsfield, MA",Berkshire County,313325.1848554577,1.18,1592.3809523809523,4.56,19108.571428571428,0.508,16.4,6.1,3.96,Moderate,43121,-1.63,128726,-0.84,5.7,19.1,3.73,30.04,2026-07-31,2026-07-31
Milledgeville,GA,"Milledgeville, GA",Baldwin County,243389.1531436582,3.61,1235.8333333333333,7.51,14830,0.508,16.4,6.09,3.96,Moderate,16664,-2.13,43644,-0.34,8.16,20.34,13.1,35.78,2026-07-31,2026-07-31
Harvey,LA,"New Orleans-Metairie, LA",Jefferson Parish,239988.50225291649,11.11,1218.0212418300653,-0.09,14616.254901960783,0.508,16.4,6.09,3.96,Moderate,NA,NA,427253,-2.84,2.2,8.82,5.5,37.69,2026-07-31,2026-07-31
Vernon,CT,"Hartford-East Hartford-Middletown, CT",Tolland County,349480.5006836971,4.06,1773.5833333333333,3.64,21283,0.507,16.4,6.09,3.96,Moderate,NA,NA,NA,NA,NA,NA,NA,NA,2026-07-31,2026-07-31
Bourbonnais,IL,"Kankakee, IL",Kankakee County,305416.56568750186,5.7,1550.2777777777776,3.09,18603.333333333332,0.508,16.4,6.09,3.96,Moderate,18083,-0.07,106410,-0.92,0.69,9.91,3.26,31.23,2026-07-31,2026-07-31
Emporia,KS,"Emporia, KS",Lyon County,175303.19737646557,4.2,890,3.45,10680,0.508,16.4,6.09,3.96,Moderate,24354,1.07,32520,1.27,6.89,11.17,3.2,41.83,2026-07-31,2026-07-31
Canal Winchester,OH,"Columbus, OH",Fairfield County,418797.7403334461,0.83,2127.590476190476,3.78,25531.08571428571,0.508,16.4,6.1,3.96,Moderate,NA,NA,NA,NA,NA,NA,NA,NA,2026-07-31,2026-07-31
Sneads Ferry,NC,"Jacksonville, NC",Onslow County,378006.6570123069,1.36,1918.428088938925,5.97,23021.1370672671,0.508,16.4,6.09,3.96,Moderate,NA,NA,212954,3.82,-2.31,15.6,7.82,39.04,2026-07-31,2026-07-31
Youngtown,AZ,"Phoenix-Mesa-Chandler, AZ",Maricopa County,300164.8828314455,-3.53,1524.4444444444443,NA,18293.333333333332,0.508,16.4,6.09,3.96,Moderate,7062,-0.03,4673096,5.12,9.38,8.29,5.4,34.99,2026-07-31,2026-07-31
Chesterfield,VA,"Richmond, VA",Chesterfield County,419031.8644353981,2.36,2123.830687830688,6.61,25485.968253968254,0.507,16.4,6.08,3.95,Moderate,NA,NA,389793,6.69,10.05,3.91,4.88,22.7,2026-07-31,2026-07-31
Port Orange,FL,"Deltona-Daytona Beach-Ormond Beach, FL",Volusia County,339723.58644703805,-3.13,1718.4970355731227,-0.23,20621.964426877472,0.506,16.5,6.07,3.95,Moderate,66556,6.09,602772,8.46,21.72,14.56,6.51,27.2,2026-07-31,2026-07-31
Cibolo,TX,"San Antonio-New Braunfels, TX",Guadalupe County,336323.32088957884,-1.48,1702.332341269841,-3.76,20427.98809523809,0.506,16.5,6.07,3.95,Moderate,37816,15.25,195166,12.35,28.34,6.55,4.38,21.53,2026-07-31,2026-07-31
Nottingham,MD,"Baltimore-Columbia-Towson, MD",Baltimore County,343608.38317080506,0.76,1741.2725396825397,1.56,20895.270476190475,0.507,16.4,6.08,3.95,Moderate,NA,NA,852425,-0.11,3.96,5.75,5.61,33.67,2026-07-31,2026-07-31
North Canton,OH,"Canton-Massillon, OH",Stark County,292542.87696081446,3.27,1480.648148148148,7.88,17767.777777777777,0.506,16.5,6.07,3.95,Moderate,17677,-0.81,374091,-0.12,4.1,7.26,2.95,31.43,2026-07-31,2026-07-31
Gurnee,IL,"Chicago-Naperville-Elgin, IL-IN-WI",Lake County,383420.59749468457,5.48,1943.6083916083917,3.54,23323.3006993007,0.507,16.4,6.08,3.95,Moderate,30546,-0.36,718604,0.73,3.75,4.97,4.19,25.6,2026-07-31,2026-07-31
Oak Ridge,TN,"Knoxville, TN",Anderson County,329586.16928922804,2.34,1667.609523809524,-0.1,20011.31428571429,0.506,16.5,6.07,3.95,Moderate,34039,8.19,81449,5.33,17.2,9.84,3.36,28.95,2026-07-31,2026-07-31
Suisun City,CA,"Vallejo, CA",Solano County,533477.4024132908,-2.08,2703.961616161616,-1.09,32447.53939393939,0.507,16.4,6.08,3.95,Moderate,29614,0.46,455101,0.49,7.61,4.68,3.13,36.77,2026-07-31,2026-07-31
Pooler,GA,"Savannah, GA",Chatham County,343717.52471308573,-4.3,1740.8464464464462,-2.73,20890.157357357355,0.506,16.5,6.08,3.95,Moderate,31171,21.39,307336,4.15,6.5,12.31,7,43.71,2026-07-31,2026-07-31
Walden,NY,"Poughkeepsie-Newburgh-Middletown, NY",Orange County,425052.4983573313,3,2150,NA,25800,0.506,16.5,6.07,3.95,Moderate,NA,NA,NA,NA,NA,NA,NA,NA,2026-07-31,2026-07-31
Edgewater Park Township,NJ,"Philadelphia-Camden-Wilmington, PA-NJ-DE-MD",Burlington County,357693.7277337867,5.83,1811.4166666666667,5.88,21737,0.506,16.5,6.08,3.95,Moderate,NA,NA,475515,2.99,9.35,5.16,3.54,24.27,2026-07-31,2026-07-31
Lexington,MN,"Minneapolis-St. Paul-Bloomington, MN-WI",Anoka County,326344.84033293516,0.65,1650.8333333333333,NA,19810,0.506,16.5,6.07,3.95,Moderate,NA,NA,NA,NA,NA,NA,NA,NA,2026-07-31,2026-07-31
Buckeye,AZ,"Phoenix-Mesa-Chandler, AZ",Maricopa County,394709.2615941943,-1.58,1991.6261808367071,-1.85,23899.514170040486,0.505,16.5,6.05,3.94,Moderate,114334,21.97,4673096,5.12,9.38,8.29,5.4,34.99,2026-07-31,2026-07-31
Sherman,TX,"Sherman-Denison, TX",Grayson County,255418.18784438615,-6.92,1290.9377912867274,-5.77,15491.253495440727,0.505,16.5,6.07,3.94,Moderate,50229,14.26,150532,10.56,22.95,11.66,3.32,32.67,2026-07-31,2026-07-31
Thomasville,NC,"Winston-Salem, NC",Davidson County,239668.5903436851,2.51,1210.138888888889,1.75,14521.666666666668,0.505,16.5,6.06,3.94,Moderate,27605,1.77,177809,5.18,19.16,9.39,3.95,26.47,2026-07-31,2026-07-31
North Royalton,OH,"Cleveland-Elyria, OH",Cuyahoga County,343892.89059184806,3.06,1738.9166666666667,NA,20867,0.506,16.5,6.07,3.94,Moderate,NA,NA,NA,NA,NA,NA,NA,NA,2026-07-31,2026-07-31
Crofton,MD,"Baltimore-Columbia-Towson, MD",Anne Arundel County,495763.7860418183,0.24,2506.825925925926,1.72,30081.911111111112,0.506,16.5,6.07,3.94,Moderate,NA,NA,602350,1.51,0.69,4.79,5.5,25.04,2026-07-31,2026-07-31
Middletown,PA,"Harrisburg-Carlisle, PA",Dauphin County,267494.33551112603,5.53,1350.5119047619048,4.72,16206.142857142859,0.505,16.5,6.06,3.94,Moderate,9748,2.15,293029,2.2,6.37,5.89,4.98,36.68,2026-07-31,2026-07-31
Greenbrier,AR,"Little Rock-North Little Rock-Conway, AR",Faulkner County,286114.18099187734,3.12,1446.888888888889,NA,17362.666666666668,0.506,16.5,6.07,3.94,Moderate,NA,NA,NA,NA,NA,NA,NA,NA,2026-07-31,2026-07-31
Holland,OH,"Toledo, OH",Lucas County,294597.2618038319,2.23,1486.7777777777776,NA,17841.333333333332,0.505,16.5,6.06,3.94,Moderate,1795,-1.48,426291,-1.06,-0.51,9.27,4.76,38.34,2026-07-31,2026-07-31
Vidalia,GA,"Vidalia, GA",Toombs County,190059.0883322057,2.54,960.4166666666669,NA,11525.000000000002,0.505,16.5,6.06,3.94,Moderate,NA,NA,NA,NA,NA,NA,NA,NA,2026-07-31,2026-07-31
Franklinton,NC,"Raleigh-Cary, NC",Franklin County,359566.15602921013,-0.18,1815.5833333333337,NA,21787.000000000004,0.505,16.5,6.06,3.94,Moderate,NA,NA,NA,NA,NA,NA,NA,NA,2026-07-31,2026-07-31
Lakeport,CA,"Clearlake, CA",Lake County,364134.3632461755,-2.48,1838.3333333333333,NA,22060,0.505,16.5,6.06,3.94,Moderate,NA,NA,NA,NA,NA,NA,NA,NA,2026-07-31,2026-07-31
Oakwood,GA,"Gainesville, GA",Hall County,323057.41419138765,-2.1,1630.2629273504274,2.72,19563.15512820513,0.505,16.5,6.06,3.94,Moderate,6759,39.59,221745,9.01,11.78,10.06,4.34,31.13,2026-07-31,2026-07-31
Chattahoochee Hills,GA,"Atlanta-Sandy Springs-Alpharetta, GA",Fulton County,553869.5050482618,1.74,2800,NA,33600,0.506,16.5,6.07,3.94,Moderate,NA,NA,NA,NA,NA,NA,NA,NA,2026-07-31,2026-07-31
Cypress,TX,"Houston-The Woodlands-Sugar Land, TX",Harris County,407232.86184741114,-1.38,2052.105756032953,1.09,24625.269072395437,0.504,16.5,6.05,3.93,Moderate,NA,NA,5009302,5.78,13.97,8.3,8.76,45.24,2026-07-31,2026-07-31
Grand Island,NE,"Grand Island, NE",Hall County,257594.82408022007,0.32,1296.3155363155363,1.74,15555.786435786435,0.503,16.6,6.04,3.93,Moderate,53250,0.42,62869,0.15,-2.82,3.83,1.82,36.76,2026-07-31,2026-07-31
Tolleson,AZ,"Phoenix-Mesa-Chandler, AZ",Maricopa County,394196.5901761465,-1.99,1984.53835978836,-1.08,23814.460317460318,0.503,16.6,6.04,3.93,Moderate,9353,28.69,4673096,5.12,9.38,8.29,5.4,34.99,2026-07-31,2026-07-31
Cutler Bay,FL,"Miami-Fort Lauderdale-Pompano Beach, FL",Miami-Dade County,567212.137871594,-0.28,2855.0457516339866,1.02,34260.54901960784,0.503,16.6,6.04,3.93,Moderate,45833,1.36,2838461,5.29,19.88,11.11,5.36,47.81,2026-07-31,2026-07-31
Addison,IL,"Chicago-Naperville-Elgin, IL-IN-WI",DuPage County,386938.3471348264,3.66,1951,NA,23412,0.504,16.5,6.05,3.93,Moderate,35728,0.27,937142,0.6,5.3,4.53,5.6,26.87,2026-07-31,2026-07-31
Kearns,UT,"Salt Lake City, UT",Salt Lake County,442862.3922944064,-0.31,2232.777777777778,NA,26793.333333333336,0.504,16.5,6.05,3.93,Moderate,NA,NA,NA,NA,NA,NA,NA,NA,2026-07-31,2026-07-31
Navarre,FL,"Pensacola-Ferry Pass-Brent, FL",Santa Rosa County,421372.93004619353,1.13,2123.4233091787437,2.47,25481.079710144924,0.504,16.5,6.05,3.93,Moderate,NA,NA,207653,9.86,19.76,8.97,3.52,20.02,2026-07-31,2026-07-31
Tinton Falls,NJ,"New York-Newark-Jersey City, NY-NJ-PA",Monmouth County,650528.1346449691,5.65,3280.8333333333335,NA,39370,0.504,16.5,6.05,3.93,Moderate,19435,1.58,647520,0.74,2.8,7.24,3.49,24.63,2026-07-31,2026-07-31
Thomson,GA,"Augusta-Richmond County, GA-SC",McDuffie County,198253.91425626012,3.66,1000,NA,12000,0.504,16.5,6.05,3.93,Moderate,NA,NA,NA,NA,NA,NA,NA,NA,2026-07-31,2026-07-31
Cortez,CO,NA,Montezuma County,346218.29161157826,1.61,1745.8333333333333,3.38,20950,0.504,16.5,6.05,3.93,Moderate,9151,4.25,26841,3.68,11.81,11.36,5.31,25.17,2026-07-31,2026-07-31
Greenwood,AR,"Fort Smith, AR-OK",Sebastian County,242295.43879534432,4.92,1222.2222222222224,NA,14666.666666666668,0.504,16.5,6.05,3.93,Moderate,NA,NA,NA,NA,NA,NA,NA,NA,2026-07-31,2026-07-31
Wharton,NJ,"New York-Newark-Jersey City, NY-NJ-PA",Morris County,502486.48846870614,0.88,2531.6666666666665,NA,30380,0.504,16.5,6.05,3.93,Moderate,NA,NA,NA,NA,NA,NA,NA,NA,2026-07-31,2026-07-31
Mahomet,IL,"Champaign-Urbana, IL",Champaign County,353152.41321511223,3.88,1780.6166666666668,NA,21367.4,0.504,16.5,6.05,3.93,Moderate,NA,NA,NA,NA,NA,NA,NA,NA,2026-07-31,2026-07-31
Valley Park,MO,"St. Louis, MO-IL",Saint Louis County,296727.0627915801,1.61,1494.2055555555555,NA,17930.466666666667,0.504,16.5,6.04,3.93,Moderate,6747,-1.79,NA,NA,NA,NA,NA,NA,2026-07-31,2026-07-31
Holly Ridge,NC,"Jacksonville, NC",Onslow County,349716.06872301764,2.87,1763.252380952381,NA,21159.02857142857,0.504,16.5,6.05,3.93,Moderate,5766,35.89,212954,3.82,-2.31,15.6,7.82,39.04,2026-07-31,2026-07-31
Fresno,CA,"Fresno, CA",Fresno County,390993.1731911856,0.4,1966.5791425231475,3.44,23598.94971027777,0.503,16.6,6.04,3.92,Moderate,550105,1.36,1024125,1.44,-1.54,5.8,3.02,44.58,2026-07-31,2026-07-31
Yuma,AZ,"Yuma, AZ",Yuma County,296775.8828314635,0.5,1493.2177033492824,3.52,17918.612440191388,0.503,16.6,6.04,3.92,Moderate,103559,6.39,220310,7.12,18.3,18.12,5.27,29.98,2026-07-31,2026-07-31
Longview,TX,"Longview, TX",Gregg County,234127.53339470844,0.83,1176.917327117327,1.55,14123.007925407925,0.503,16.6,6.03,3.92,Moderate,83668,2.32,126679,1.9,-0.81,11.68,5.97,40.51,2026-07-31,2026-07-31
Aiken,SC,"Augusta-Richmond County, GA-SC",Aiken County,281438.8468683506,3.39,1414.0313662945243,2.12,16968.37639553429,0.502,16.6,6.03,3.92,Moderate,32694,1.67,179245,5.95,10.9,12.84,4.81,23.33,2026-07-31,2026-07-31
Elkridge,MD,"Baltimore-Columbia-Towson, MD",Howard County,487316.390330265,-1.07,2447.618928439006,4.85,29371.427141268076,0.502,16.6,6.03,3.92,Moderate,NA,NA,339668,2.06,3.73,3.55,5.06,28.29,2026-07-31,2026-07-31
Lapeer,MI,"Detroit-Warren-Dearborn, MI",Lapeer County,272908.55640529725,4.13,1372.5,NA,16470,0.503,16.6,6.03,3.92,Moderate,NA,NA,NA,NA,NA,NA,NA,NA,2026-07-31,2026-07-31
Granger,IN,"South Bend-Mishawaka, IN-MI",Saint Joseph County,424492.9346477172,4.14,2133.0666666666666,6.93,25596.8,0.502,16.6,6.03,3.92,Moderate,NA,NA,NA,NA,NA,NA,NA,NA,2026-07-31,2026-07-31
Bella Vista,AR,"Fayetteville-Springdale-Rogers, AR",Benton County,360927.2228470974,1.87,1811.6190476190477,1.27,21739.428571428572,0.502,16.6,6.02,3.92,Moderate,33274,10.12,321566,12.19,23.43,9.14,4.86,32.8,2026-07-31,2026-07-31
Marcus Hook,PA,"Philadelphia-Camden-Wilmington, PA-NJ-DE-MD",Delaware County,333758.0002465076,2.64,1679.4444444444446,2.68,20153.333333333336,0.503,16.6,6.04,3.92,Moderate,2467,0.49,584882,1.45,5.58,5.55,4.21,30.36,2026-07-31,2026-07-31
Webb City,MO,"Joplin, MO",Jasper County,225771.15559746415,2.04,1133.888888888889,1.59,13606.666666666668,0.502,16.6,6.03,3.92,Moderate,13391,2.5,126479,2.92,9.05,10.01,2,36.78,2026-07-31,2026-07-31
Delmar,MD,"Salisbury, MD-DE",Wicomico County,298142.2080521989,1.75,1499.1666666666667,NA,17990,0.503,16.6,6.03,3.92,Moderate,NA,NA,NA,NA,NA,NA,NA,NA,2026-07-31,2026-07-31
Winooski,VT,"Burlington-South Burlington, VT",Chittenden County,443097.9844499321,-1.61,2227.777777777778,3.87,26733.333333333336,0.503,16.6,6.03,3.92,Moderate,8370,4,170851,1.44,4.59,4.84,1.57,36.44,2026-07-31,2026-07-31
New York,NY,"New York-Newark-Jersey City, NY-NJ-PA",Queens County,832934.229551514,3.93,4170.486688817312,5.47,50045.84026580774,0.501,16.6,6.01,3.91,Moderate,8478072,-3,2316841,-3.05,5.71,8.34,3.11,55.11,2026-07-31,2026-07-31
Danbury,CT,"Bridgeport-Stamford-Norwalk, CT",Fairfield County,495907.290040568,4.02,2483.0542510121454,0.87,29796.651012145747,0.501,16.6,6.01,3.91,Moderate,88692,3.02,NA,NA,NA,NA,NA,NA,2026-07-31,2026-07-31
Kingsport,TN,"Kingsport-Bristol, TN-VA",Sullivan County,257123.3516358951,-0.76,1288.9814814814815,5.36,15467.777777777777,0.501,16.6,6.02,3.91,Moderate,57109,2.88,162703,2.82,9.93,9.89,4.08,27.07,2026-07-31,2026-07-31
Clayton,NC,"Raleigh-Cary, NC",Johnston County,365679.542727951,-1.35,1834.8587596899224,0.75,22018.30511627907,0.502,16.6,6.02,3.91,Moderate,31732,18.86,249794,14.89,25.65,6.82,3.91,22.9,2026-07-31,2026-07-31
West Lafayette,IN,"Lafayette-West Lafayette, IN",Tippecanoe County,370465.3208319954,0.96,1856.6470588235295,2.03,22279.764705882353,0.501,16.6,6.01,3.91,Moderate,46338,3.75,191650,2.82,2.6,6.19,5.31,46.1,2026-07-31,2026-07-31
Apple Valley,MN,"Minneapolis-St. Paul-Bloomington, MN-WI",Dakota County,381926.2178870072,1.5,1916.0896198830408,-1.59,22993.07543859649,0.502,16.6,6.02,3.91,Moderate,55272,-1.78,453156,2.89,6.72,2.73,3.92,24.65,2026-07-31,2026-07-31
Dunedin,FL,"Tampa-St. Petersburg-Clearwater, FL",Pinellas County,414048.5832727629,-0.11,2073.719298245614,2.38,24884.631578947367,0.501,16.6,6.01,3.91,Moderate,35932,-0.38,965870,0.63,3.8,18.32,8.78,30.56,2026-07-31,2026-07-31
Estero,FL,"Cape Coral-Fort Myers, FL",Lee County,488120.75104998535,-4.62,2447.2277777777776,-0.19,29366.73333333333,0.501,16.6,6.02,3.91,Moderate,38443,3.75,860959,12.46,20.97,25.72,10.08,26.02,2026-07-31,2026-07-31
Rochester,NH,"Boston-Cambridge-Newton, MA-NH",Strafford County,413235.116017212,3.72,2068.8988095238096,6.08,24826.785714285717,0.501,16.6,6.01,3.91,Moderate,33598,3.31,134202,2.39,5.98,7.97,5.97,33.02,2026-07-31,2026-07-31
Cheshire,CT,"New Haven-Milford, CT",New Haven County,543188.8545203526,4.75,2726.1111111111113,NA,32713.333333333336,0.502,16.6,6.02,3.91,Moderate,NA,NA,NA,NA,NA,NA,NA,NA,2026-07-31,2026-07-31
Mountain Home,AR,"Mountain Home, AR",Baxter County,239488.07487605125,1.69,1200,NA,14400,0.501,16.6,6.01,3.91,Moderate,13348,3.95,43007,3.14,13.77,15.53,5.11,25.04,2026-07-31,2026-07-31
Nanuet,NY,"New York-Newark-Jersey City, NY-NJ-PA",Rockland County,652345.2949815973,3.3,3273.444444444444,-1.09,39281.33333333333,0.502,16.6,6.02,3.91,Moderate,NA,NA,348144,3.19,1.26,4.87,2.49,31.75,2026-07-31,2026-07-31
Guilford,CT,"New Haven-Milford, CT",New Haven County,642834.2958662952,4.45,3225,NA,38700,0.502,16.6,6.02,3.91,Moderate,NA,NA,NA,NA,NA,NA,NA,NA,2026-07-31,2026-07-31
Springtown,TX,"Dallas-Fort Worth-Arlington, TX",Parker County,392745.1926229984,0.42,1966.6666666666663,NA,23599.999999999996,0.501,16.6,6.01,3.91,Moderate,NA,NA,NA,NA,NA,NA,NA,NA,2026-07-31,2026-07-31
Fletcher,NC,"Asheville, NC",Henderson County,452852.7812784354,-3.39,2268.75,NA,27225,0.501,16.6,6.01,3.91,Moderate,8251,3.46,120771,3.6,13.84,12.06,6.26,25.79,2026-07-31,2026-07-31
Hugo,MN,"Minneapolis-St. Paul-Bloomington, MN-WI",Washington County,440831.2201267104,2.51,2208,NA,26496,0.501,16.6,6.01,3.91,Moderate,NA,NA,NA,NA,NA,NA,NA,NA,2026-07-31,2026-07-31
Canton,TX,NA,Van Zandt County,306961.78789820016,0.85,1537.5,NA,18450,0.501,16.6,6.01,3.91,Moderate,NA,NA,NA,NA,NA,NA,NA,NA,2026-07-31,2026-07-31
Doraville,GA,"Atlanta-Sandy Springs-Alpharetta, GA",Dekalb County,367891.8264498117,-0.24,1844.1717948717949,3.98,22130.061538461538,0.501,16.6,6.02,3.91,Moderate,12436,17.13,NA,NA,NA,NA,NA,NA,2026-07-31,2026-07-31
Milliken,CO,"Greeley, CO",Weld County,450226.9494484456,-1.14,2257.5,NA,27090,0.501,16.6,6.02,3.91,Moderate,NA,NA,NA,NA,NA,NA,NA,NA,2026-07-31,2026-07-31
New Hudson,MI,"Detroit-Warren-Dearborn, MI",Oakland County,461944.65930669755,2.38,2317.1111111111113,NA,27805.333333333336,0.502,16.6,6.02,3.91,Moderate,NA,NA,1296888,1.91,10.58,5.25,6.51,27.73,2026-07-31,2026-07-31
Gardiner,ME,"Augusta-Waterville, ME",Kennebec County,295801.7278717802,-3.45,1481.6666666666667,NA,17780,0.501,16.6,6.01,3.91,Moderate,NA,NA,NA,NA,NA,NA,NA,NA,2026-07-31,2026-07-31
Atlanta,GA,"Atlanta-Sandy Springs-Alpharetta, GA",Fulton County,387226.0709324104,-2.41,1935.690345708673,3.51,23228.284148504077,0.5,16.7,6,3.9,Moderate,520070,4.01,1090354,1.97,1.33,8.52,7.69,45.86,2026-07-31,2026-07-31
Tallahassee,FL,"Tallahassee, FL",Leon County,296376.24214803067,1.2,1481.545881898188,1.4,17778.550582778258,0.5,16.7,6,3.9,Moderate,205089,3.61,300488,2.22,3.55,11.21,4.93,48.15,2026-07-31,2026-07-31
Conroe,TX,"Houston-The Woodlands-Sugar Land, TX",Montgomery County,315985.74890744494,-1.87,1578.7067731877116,-0.9,18944.48127825254,0.5,16.7,6,3.9,Moderate,114581,25.59,749613,19.86,40.55,7.22,7.84,28.27,2026-07-31,2026-07-31
Bloomington,IL,"Bloomington, IL",McLean County,272367.57308987627,2.1,1363.4787439613526,4.2,16361.74492753623,0.501,16.6,6.01,3.9,Moderate,79232,0.69,172069,0.49,1.98,8.05,6.82,34.78,2026-07-31,2026-07-31
Hickory,NC,"Hickory-Lenoir-Morganton, NC",Catawba County,298293.0714641214,1.77,1492.0579710144928,4.9,17904.695652173912,0.5,16.7,6,3.9,Moderate,45081,3.19,167054,3.83,14.62,9.48,5.52,27.28,2026-07-31,2026-07-31
East Hartford,CT,"Hartford-East Hartford-Middletown, CT",Hartford County,312837.58576926944,5.06,1564.1190476190477,5.1,18769.428571428572,0.5,16.7,6,3.9,Moderate,NA,NA,NA,NA,NA,NA,NA,NA,2026-07-31,2026-07-31
Hoffman Estates,IL,"Chicago-Naperville-Elgin, IL-IN-WI",Cook County,412578.0702407803,5.8,2062.598544973545,4.4,24751.182539682537,0.5,16.7,6,3.9,Moderate,50920,-2.79,5182617,-1.6,5.9,8.18,4.67,42.49,2026-07-31,2026-07-31
Oakley,CA,"San Francisco-Oakland-Berkeley, CA",Contra Costa County,660648.8975858787,-1.81,3304.3333333333335,4.21,39652,0.5,16.7,6,3.9,Moderate,47158,8.45,1172607,0.55,6.48,3.5,2.91,32.35,2026-07-31,2026-07-31
Friendswood,TX,"Houston-The Woodlands-Sugar Land, TX",Galveston County,464252.6327027282,0.68,2324.1666666666665,4.74,27890,0.501,16.6,6.01,3.9,Moderate,41291,0.64,367407,4.49,11.39,13,8.22,32.51,2026-07-31,2026-07-31
Lewiston,ME,"Lewiston-Auburn, ME",Androscoggin County,305728.7599884835,1.55,1529.263492063492,1.68,18351.161904761906,0.5,16.7,6,3.9,Moderate,38772,4.48,115272,3.68,8.08,7.11,1.58,32.64,2026-07-31,2026-07-31
Tarpon Springs,FL,"Tampa-St. Petersburg-Clearwater, FL",Pinellas County,393753.8751954272,-2.58,1967.8755244755248,2.48,23614.506293706298,0.5,16.7,6,3.9,Moderate,26168,4.04,965870,0.63,3.8,18.32,8.78,30.56,2026-07-31,2026-07-31
Nixa,MO,"Springfield, MO",Christian County,326736.8588531556,2.18,1634.2261904761906,2.82,19610.714285714286,0.5,16.7,6,3.9,Moderate,26352,12.38,96045,7.56,14.74,4.77,1.67,24.01,2026-07-31,2026-07-31
Berlin,MD,"Salisbury, MD-DE",Worcester County,444517.13100905967,-1,2224.375,NA,26692.5,0.5,16.7,6,3.9,Moderate,NA,NA,NA,NA,NA,NA,NA,NA,2026-07-31,2026-07-31
Fernley,NV,"Fallon, NV",Churchill County,406015.21949030017,2.75,2032.361111111111,8.23,24388.333333333332,0.501,16.6,6.01,3.9,Moderate,25508,10.78,26033,1.78,6.95,10.95,2.2,31.95,2026-07-31,2026-07-31
Newport,NC,"Morehead City, NC",Carteret County,345171.9468545725,2.68,1727.857142857143,NA,20734.285714285714,0.501,16.6,6.01,3.9,Moderate,NA,NA,NA,NA,NA,NA,NA,NA,2026-07-31,2026-07-31
Prospect Heights,IL,"Chicago-Naperville-Elgin, IL-IN-WI",Cook County,345536.72764438734,7.12,1727.3333333333333,NA,20728,0.5,16.7,6,3.9,Moderate,NA,NA,NA,NA,NA,NA,NA,NA,2026-07-31,2026-07-31
Destrehan,LA,"New Orleans-Metairie, LA",Saint Charles Parish,298281.47927860025,1.47,1491.6666666666663,NA,17899.999999999996,0.5,16.7,6,3.9,Moderate,NA,NA,NA,NA,NA,NA,NA,NA,2026-07-31,2026-07-31
Englewood,OH,"Dayton-Kettering, OH",Montgomery County,240500.95131766103,4.03,1203.0833333333333,NA,14437,0.5,16.7,6,3.9,Moderate,NA,NA,NA,NA,NA,NA,NA,NA,2026-07-31,2026-07-31
Anderson Mill,TX,"Austin-Round Rock-Georgetown, TX",Williamson County,396149.63464122504,-4.64,1981.2380952380952,NA,23774.85714285714,0.5,16.7,6,3.9,Moderate,NA,NA,727480,18.17,29.75,3.91,3.51,32.92,2026-07-31,2026-07-31
Oxford,FL,"The Villages, FL",Sumter County,354192.4278985357,-0.83,1772.2142857142856,3.26,21266.571428571428,0.5,16.7,6,3.9,Moderate,NA,NA,154693,18.72,29.98,16.71,16.47,11.9,2026-07-31,2026-07-31
Saint Paul,MN,"Minneapolis-St. Paul-Bloomington, MN-WI",Ramsey County,299581.7233524747,0.71,1494.912343115541,3.99,17938.94811738649,0.499,16.7,5.99,3.89,Moderate,NA,NA,542015,-1.76,3.41,5.41,6.16,38.97,2026-07-31,2026-07-31
Elkhart,IN,"Elkhart-Goshen, IN",Elkhart County,231547.1913304405,5.89,1155.258297258297,8.69,13863.099567099565,0.499,16.7,5.99,3.89,Moderate,53690,-0.37,207436,0.21,-2.63,10.41,12.12,28.75,2026-07-31,2026-07-31
Lynchburg,VA,"Lynchburg, VA",Campbell County,267078.39683354826,0.69,1333.1762071551532,4.66,15998.114485861839,0.499,16.7,5.99,3.89,Moderate,80301,1.66,55342,-0.48,7.91,12.94,6,24.47,2026-07-31,2026-07-31
Germantown,MD,"Washington-Arlington-Alexandria, DC-VA-MD-WV",Montgomery County,421776.7301541877,-2.57,2103.5267722310914,0.08,25242.3212667731,0.499,16.7,5.98,3.89,Moderate,NA,NA,1082273,2.02,7.76,4.26,3.68,34.66,2026-07-31,2026-07-31
Brick,NJ,"New York-Newark-Jersey City, NY-NJ-PA",Ocean County,525506.520213923,5.6,2621.904761904762,5.88,31462.857142857145,0.499,16.7,5.99,3.89,Moderate,NA,NA,666434,4.37,4.36,18.18,2.79,19.83,2026-07-31,2026-07-31
Palatine,IL,"Chicago-Naperville-Elgin, IL-IN-WI",Cook County,396744.4401642652,5.93,1976.875925925926,2.56,23722.51111111111,0.498,16.7,5.98,3.89,Moderate,65951,-2.54,5182617,-1.6,5.9,8.18,4.67,42.49,2026-07-31,2026-07-31
Massillon,OH,"Canton-Massillon, OH",Stark County,222038.37044876316,3,1107.3280423280423,8.32,13287.936507936509,0.499,16.7,5.98,3.89,Moderate,32750,2.19,374091,-0.12,4.1,7.26,2.95,31.43,2026-07-31,2026-07-31
Coon Rapids,MN,"Minneapolis-St. Paul-Bloomington, MN-WI",Anoka County,335554.58918553655,2.64,1674.5686274509806,4.48,20094.823529411766,0.499,16.7,5.99,3.89,Moderate,63807,0.32,376840,3.38,6.34,2.91,3.32,20.04,2026-07-31,2026-07-31
Essex,MD,"Baltimore-Columbia-Towson, MD",Baltimore County,296288.2255898893,0.78,1476.820105820106,1.18,17721.841269841272,0.498,16.7,5.98,3.89,Moderate,NA,NA,852425,-0.11,3.96,5.75,5.61,33.67,2026-07-31,2026-07-31
Palmer,AK,"Anchorage, AK",Matanuska Susitna Borough,441291.6639091848,10.68,2203.3333333333335,NA,26440,0.499,16.7,5.99,3.89,Moderate,NA,NA,NA,NA,NA,NA,NA,NA,2026-07-31,2026-07-31
Waynesboro,PA,"Chambersburg-Waynesboro, PA",Franklin County,280155.49627225916,2.44,1395.4166666666667,NA,16745,0.498,16.7,5.98,3.89,Moderate,11101,0.65,159285,2.14,8.04,5.63,3.51,26.78,2026-07-31,2026-07-31
Apollo Beach,FL,"Tampa-St. Petersburg-Clearwater, FL",Hillsborough County,440755.6926745874,-3.49,2196.217171717172,1.39,26354.606060606064,0.498,16.7,5.98,3.89,Moderate,NA,NA,1581426,7.85,12.2,7.8,6.74,38.94,2026-07-31,2026-07-31
Stephens City,VA,"Winchester, VA-WV",Frederick County,431361.3526773915,0.54,2148.702380952381,0.56,25784.428571428572,0.498,16.7,5.98,3.89,Moderate,2160,6.35,98109,6.75,18.52,6.22,3.38,21.98,2026-07-31,2026-07-31
Grain Valley,MO,"Kansas City, MO-KS",Jackson County,332657.975549989,-0.07,1658.2666666666669,4.01,19899.200000000004,0.498,16.7,5.98,3.89,Moderate,16859,7.5,727362,1.35,6.69,9.2,4.42,41.15,2026-07-31,2026-07-31
Lansdowne,PA,"Philadelphia-Camden-Wilmington, PA-NJ-DE-MD",Delaware County,286086.72680312255,2.78,1425,NA,17100,0.498,16.7,5.98,3.89,Moderate,NA,NA,NA,NA,NA,NA,NA,NA,2026-07-31,2026-07-31
Fruitland Park,FL,"Orlando-Kissimmee-Sanford, FL",Lake County,294989.59920705686,-1.77,1470.111111111111,NA,17641.333333333332,0.498,16.7,5.98,3.89,Moderate,NA,NA,NA,NA,NA,NA,NA,NA,2026-07-31,2026-07-31
Breinigsville,PA,"Allentown-Bethlehem-Easton, PA-NJ",Lehigh County,490180.3471890574,2.82,2446.6388888888887,3.39,29359.666666666664,0.499,16.7,5.99,3.89,Moderate,NA,NA,385655,2.98,11.77,4.72,3.33,34.79,2026-07-31,2026-07-31
Cocoa Beach,FL,"Palm Bay-Melbourne-Titusville, FL",Brevard County,459228.0828567668,-0.66,2292.2916666666665,1.9,27507.5,0.499,16.7,5.99,3.89,Moderate,11386,0.33,658447,8.16,22.48,14.46,11.39,23.08,2026-07-31,2026-07-31
Rawlins,WY,"Rock Springs, WY",Carbon County,205274.18778540404,2.31,1025,NA,12300,0.499,16.7,5.99,3.89,Moderate,NA,NA,NA,NA,NA,NA,NA,NA,2026-07-31,2026-07-31
Stanley,ND,NA,Mountrail County,221320.90460935055,1.92,1105,NA,13260,0.499,16.7,5.99,3.89,Moderate,NA,NA,NA,NA,NA,NA,NA,NA,2026-07-31,2026-07-31
Hamilton,OH,"Cincinnati, OH-KY-IN",Butler County,308935.3312047349,3.56,1535.396581196581,3.38,18424.758974358974,0.497,16.8,5.96,3.88,Moderate,63953,0.84,399542,2.21,8.05,6.17,4.38,30.13,2026-07-31,2026-07-31
Menifee,CA,"Riverside-San Bernardino-Ontario, CA",Riverside County,586841.4959093885,-0.66,2921.3501751871313,3.33,35056.202102245574,0.498,16.7,5.97,3.88,Moderate,117041,13.39,2529933,4.34,7.33,11.37,4.89,31.14,2026-07-31,2026-07-31
Carrollton,GA,"Atlanta-Sandy Springs-Alpharetta, GA",Carroll County,290350.44763894007,0.86,1446.030165912519,0.58,17352.361990950227,0.498,16.7,5.98,3.88,Moderate,28306,5.63,129911,8.72,17.56,7.57,2.82,30.7,2026-07-31,2026-07-31
Newburgh,NY,"Poughkeepsie-Newburgh-Middletown, NY",Orange County,405470.3435253994,5.12,2017.297619047619,1.11,24207.571428571428,0.498,16.7,5.97,3.88,Moderate,28181,-2.06,411767,2.69,1.95,7.51,3.61,31.57,2026-07-31,2026-07-31
Pineville,LA,"Alexandria, LA",Rapides Parish,200661.7506529656,2.4,997.9444444444443,2.02,11975.333333333332,0.497,16.8,5.97,3.88,Moderate,13966,-2.89,125899,-2.9,-3.65,16.57,7.31,34.71,2026-07-31,2026-07-31
Boardman,OH,"Youngstown-Warren-Boardman, OH-PA",Mahoning County,203712.0827746528,5.37,1013.0833333333334,5.32,12157,0.497,16.8,5.97,3.88,Moderate,NA,NA,225786,-0.98,2.29,9.15,4.52,29.72,2026-07-31,2026-07-31
New Smyrna Beach,FL,"Deltona-Daytona Beach-Ormond Beach, FL",Volusia County,455069.67068478494,-0.26,2265.343137254902,4.93,27184.117647058825,0.498,16.7,5.97,3.88,Moderate,33144,8.82,602772,8.46,21.72,14.56,6.51,27.2,2026-07-31,2026-07-31
Citrus Park,FL,"Tampa-St. Petersburg-Clearwater, FL",Hillsborough County,427445.41302709206,-0.42,2124.616666666667,-1.89,25495.4,0.497,16.8,5.96,3.88,Moderate,NA,NA,1581426,7.85,12.2,7.8,6.74,38.94,2026-07-31,2026-07-31
Mount Holly,NC,"Charlotte-Concord-Gastonia, NC-SC",Gaston County,363235.544938978,1.04,1807.9545454545453,2.01,21695.454545454544,0.498,16.7,5.97,3.88,Moderate,18723,5.4,242010,5.85,15.72,7.81,5.03,34.18,2026-07-31,2026-07-31
Hillsboro,OH,NA,Highland County,216138.01820068303,5.67,1075,NA,12900,0.497,16.8,5.97,3.88,Moderate,NA,NA,NA,NA,NA,NA,NA,NA,2026-07-31,2026-07-31
La Plata,MD,"Washington-Arlington-Alexandria, DC-VA-MD-WV",Charles County,485268.3477198198,-0.65,2411.555555555555,NA,28938.666666666664,0.497,16.8,5.96,3.88,Moderate,NA,NA,NA,NA,NA,NA,NA,NA,2026-07-31,2026-07-31
Smithville,TX,"Austin-Round Rock-Georgetown, TX",Bastrop County,345213.5785094684,-4,1716.6666666666667,NA,20600,0.497,16.8,5.97,3.88,Moderate,NA,NA,NA,NA,NA,NA,NA,NA,2026-07-31,2026-07-31
Lemoyne,PA,"Harrisburg-Carlisle, PA",Cumberland County,273717.8662765792,2.28,1360.2777777777776,NA,16323.333333333332,0.497,16.8,5.96,3.88,Moderate,4824,3.25,275516,5.86,13.9,4.61,1.99,28.63,2026-07-31,2026-07-31
Minneapolis,MN,"Minneapolis-St. Paul-Bloomington, MN-WI",Hennepin County,338118.46805177245,0.68,1675.8454487150932,3.54,20110.14538458112,0.496,16.8,5.95,3.87,Moderate,428579,-0.5,1273334,-0.65,4.24,5.29,5.38,37.05,2026-07-31,2026-07-31
Kalamazoo,MI,"Kalamazoo-Portage, MI",Kalamazoo County,245332.26920420708,3.96,1216.8565162907269,4.28,14602.278195488721,0.496,16.8,5.95,3.87,Moderate,73290,-0.27,264780,1.13,4.82,7.17,5.23,36.05,2026-07-31,2026-07-31
Sterling Heights,MI,"Detroit-Warren-Dearborn, MI",Macomb County,313695.36437513697,1.86,1554.4612193362193,0.4,18653.534632034633,0.496,16.8,5.95,3.87,Moderate,134342,0.17,886175,0.67,8.17,4.12,3.23,25.04,2026-07-31,2026-07-31
Columbus,IN,"Columbus, IN",Bartholomew County,281533.27868969,2.43,1397.7649572649573,1.67,16773.17948717949,0.496,16.8,5.96,3.87,Moderate,51970,2.92,84741,3.07,4.56,7.13,3.3,30.08,2026-07-31,2026-07-31
Easley,SC,"Greenville-Anderson, SC",Pickens County,323731.761355716,2.31,1604.5720390720392,2.98,19254.86446886447,0.496,16.8,5.95,3.87,Moderate,27001,17.22,138207,4.95,11.74,10.9,6.6,29.48,2026-07-31,2026-07-31
Chelsea,MA,"Boston-Cambridge-Newton, MA-NH",Suffolk County,531982.6066113863,0.35,2642.7604166666665,3.04,31713.125,0.497,16.8,5.96,3.87,Moderate,40245,-0.75,793144,-0.51,10.02,8.97,4.43,63.39,2026-07-31,2026-07-31
Havertown,PA,"Philadelphia-Camden-Wilmington, PA-NJ-DE-MD",Delaware County,541337.5469431815,4.7,2688.472222222222,NA,32261.666666666664,0.497,16.8,5.96,3.87,Moderate,NA,NA,584882,1.45,5.58,5.55,4.21,30.36,2026-07-31,2026-07-31
Mount Airy,NC,"Mount Airy, NC",Surry County,220744.95170009075,3.46,1095,NA,13140,0.496,16.8,5.95,3.87,Moderate,NA,NA,NA,NA,NA,NA,NA,NA,2026-07-31,2026-07-31
Mansfield,CT,"Hartford-East Hartford-Middletown, CT",Tolland County,408066.0373031834,9.57,2022.222222222222,NA,24266.666666666664,0.496,16.8,5.95,3.87,Moderate,NA,NA,NA,NA,NA,NA,NA,NA,2026-07-31,2026-07-31
Dayton,NV,"Fernley, NV",Lyon County,461436.3621253882,1.36,2290.527777777778,NA,27486.333333333336,0.496,16.8,5.96,3.87,Moderate,NA,NA,NA,NA,NA,NA,NA,NA,2026-07-31,2026-07-31
Brattleboro,VT,NA,Windham County,329772.1044787031,-3.05,1636.111111111111,NA,19633.333333333332,0.496,16.8,5.95,3.87,Moderate,NA,NA,45627,-0.55,-3.24,34.69,2.88,27.23,2026-07-31,2026-07-31
Lawrenceville,GA,"Atlanta-Sandy Springs-Alpharetta, GA",Gwinnett County,381497.7200708697,-2.75,1889.361282771536,-0.13,22672.335393258432,0.495,16.8,5.94,3.86,Moderate,31877,4.37,1003869,4.75,5.96,3.94,4.99,33.31,2026-07-31,2026-07-31
Springfield,MO,"Springfield, MO",Greene County,246969.13938133023,2.66,1221.5986079706047,4.38,14659.183295647257,0.495,16.8,5.94,3.86,Moderate,170596,0.85,307942,2.88,8.4,4.51,2.53,43.14,2026-07-31,2026-07-31
Plantation,FL,"Miami-Fort Lauderdale-Pompano Beach, FL",Broward County,498640.58345874475,-2.67,2466.6230919460672,0.95,29599.47710335281,0.495,16.8,5.94,3.86,Moderate,100694,9.35,2037472,4.84,14.84,13.18,6.08,36.74,2026-07-31,2026-07-31
Nacogdoches,TX,"Nacogdoches, TX",Nacogdoches County,224292.244842383,3.2,1109.9333333333334,5.03,13319.2,0.495,16.8,5.94,3.86,Moderate,32381,0.83,65728,1.68,0.47,13.39,6.91,41.97,2026-07-31,2026-07-31
Evesham Township,NJ,"Philadelphia-Camden-Wilmington, PA-NJ-DE-MD",Burlington County,510107.9828290958,3.25,2523.311836311836,4.21,30279.742035742034,0.495,16.8,5.94,3.86,Moderate,NA,NA,475515,2.99,9.35,5.16,3.54,24.27,2026-07-31,2026-07-31
Perrysburg,OH,"Toledo, OH",Wood County,340625.5025308609,2.73,1687.6908939014202,3.96,20252.290726817042,0.495,16.8,5.95,3.86,Moderate,25313,1.09,133077,0.61,2,5.46,2.9,35.44,2026-07-31,2026-07-31
Hyattsville,MD,"Washington-Arlington-Alexandria, DC-VA-MD-WV",Prince Georges County,404667.1749534945,-3.16,2003.9683333333332,-0.38,24047.62,0.495,16.8,5.94,3.86,Moderate,21052,-0.41,NA,NA,NA,NA,NA,NA,2026-07-31,2026-07-31
Kuna,ID,"Boise City, ID",Ada County,462108.5786834213,0.1,2288.185714285714,3.56,27458.228571428568,0.495,16.8,5.94,3.86,Moderate,29127,18.81,535799,7.53,14.17,4.08,3.49,28.65,2026-07-31,2026-07-31
Mount Dora,FL,"Orlando-Kissimmee-Sanford, FL",Lake County,390291.8026621808,-1.46,1933.1424242424243,5.05,23197.70909090909,0.495,16.8,5.94,3.86,Moderate,18261,11.31,444204,15.01,42.09,12.7,9.37,23.35,2026-07-31,2026-07-31
Versailles,KY,"Lexington-Fayette, KY",Woodford County,359888.14394229214,-1.45,1782.5,3.93,21390,0.495,16.8,5.94,3.86,Moderate,10656,2.86,27728,3.05,7.47,7.28,5.01,28.44,2026-07-31,2026-07-31
Roselle,NJ,"New York-Newark-Jersey City, NY-NJ-PA",Union County,520191.16552459914,0.97,2573.7999999999997,1.16,30885.6,0.495,16.8,5.94,3.86,Moderate,23064,2.03,594160,3.57,15.84,4.55,3.18,42.39,2026-07-31,2026-07-31
Smithville,MO,"Kansas City, MO-KS",Clay County,376569.0326630361,2.24,1861.5,NA,22338,0.494,16.9,5.93,3.86,Moderate,NA,NA,NA,NA,NA,NA,NA,NA,2026-07-31,2026-07-31
Island Park,NY,"New York-Newark-Jersey City, NY-NJ-PA",Nassau County,762015.8313246164,3.53,3772.7777777777774,NA,45273.33333333333,0.495,16.8,5.94,3.86,Moderate,5019,1.5,1392438,0.13,2.32,4.56,4.6,18.07,2026-07-31,2026-07-31
Marlboro,NY,"Kingston, NY",Ulster County,474119.1053969545,2.78,2345,NA,28140,0.495,16.8,5.94,3.86,Moderate,NA,NA,NA,NA,NA,NA,NA,NA,2026-07-31,2026-07-31
York,PA,"York-Hanover, PA",York County,281185.026228517,3.33,1387.3199023199024,3.6,16647.83882783883,0.493,16.9,5.92,3.85,Moderate,45241,1.02,471240,3.17,10.19,4.45,2.79,24.17,2026-07-31,2026-07-31
Roanoke,VA,"Roanoke, VA",Roanoke County,283968.809654511,2.76,1401.465754091295,3.52,16817.58904909554,0.494,16.9,5.92,3.85,Moderate,97912,-1.99,97334,0.39,6.02,7.15,5.92,23.74,2026-07-31,2026-07-31
Athens,OH,"Athens, OH",Athens County,250164.42229820625,4.19,1235.5555555555557,NA,14826.666666666668,0.494,16.9,5.93,3.85,Moderate,NA,NA,NA,NA,NA,NA,NA,NA,2026-07-31,2026-07-31
Bellefonte,PA,"State College, PA",Centre County,320724.35979163036,2.72,1584.4444444444443,NA,19013.333333333332,0.494,16.9,5.93,3.85,Moderate,5986,-1.22,159805,1.15,4.44,10.63,5.92,38.24,2026-07-31,2026-07-31
Jenks,OK,"Tulsa, OK",Tulsa County,356548.13952920196,3.02,1761.9342592592593,0.57,21143.21111111111,0.494,16.9,5.93,3.85,Moderate,27869,6.88,693514,3.4,7.29,9.07,6.06,40.26,2026-07-31,2026-07-31
Peyton,CO,"Colorado Springs, CO",El Paso County,542367.3812602124,-1.73,2674.529761904762,4.47,32094.357142857145,0.493,16.9,5.92,3.85,Moderate,NA,NA,752772,2.58,3.46,4.58,3.67,33.62,2026-07-31,2026-07-31
Guthrie,OK,"Oklahoma City, OK",Logan County,255493.73836398896,0.81,1259.888888888889,5.99,15118.666666666668,0.493,16.9,5.92,3.85,Moderate,11682,7.97,53860,8.26,13.15,9.43,3.79,14.17,2026-07-31,2026-07-31
Swedesboro,NJ,"Philadelphia-Camden-Wilmington, PA-NJ-DE-MD",Gloucester County,489699.4960787725,3.52,2419,NA,29028,0.494,16.9,5.93,3.85,Moderate,NA,NA,NA,NA,NA,NA,NA,NA,2026-07-31,2026-07-31
Benson,NC,"Raleigh-Cary, NC",Johnston County,320612.0933714758,0.92,1581.2777777777776,NA,18975.333333333332,0.493,16.9,5.92,3.85,Moderate,NA,NA,NA,NA,NA,NA,NA,NA,2026-07-31,2026-07-31
Whitesboro,NY,"Utica-Rome, NY",Oneida County,270901.6120348669,7.29,1337.5,NA,16050,0.494,16.9,5.92,3.85,Moderate,NA,NA,NA,NA,NA,NA,NA,NA,2026-07-31,2026-07-31
Lockbourne,OH,"Columbus, OH",Pickaway County,310291.6564771337,0.26,1529.611111111111,NA,18355.333333333332,0.493,16.9,5.92,3.85,Moderate,NA,NA,NA,NA,NA,NA,NA,NA,2026-07-31,2026-07-31
Las Cruces,NM,"Las Cruces, NM",Dona Ana County,291232.4914180998,-0.54,1435.486951234825,0.47,17225.8434148179,0.493,16.9,5.91,3.84,Moderate,116998,4.72,NA,NA,NA,NA,NA,NA,2026-07-31,2026-07-31
Troy,NY,"Albany-Schenectady-Troy, NY",Rensselaer County,303150.85152261256,4.98,1491.3542568542568,4.81,17896.25108225108,0.492,16.9,5.9,3.84,Moderate,51065,-0.48,160749,-0.09,6.31,10.96,7.03,35.91,2026-07-31,2026-07-31
Grove City,OH,"Columbus, OH",Franklin County,336311.8618581167,1.69,1656.6680847887744,5.15,19880.017017465292,0.493,16.9,5.91,3.84,Moderate,44019,6.55,1356303,2.4,7.58,6.96,3.98,47.03,2026-07-31,2026-07-31
Medina,OH,"Cleveland-Elyria, OH",Medina County,386382.94459100737,3.97,1901.6287037037036,2.6,22819.544444444444,0.492,16.9,5.91,3.84,Moderate,25757,-1.2,184625,1.09,3.28,4.23,3.93,19.98,2026-07-31,2026-07-31
Milford,CT,"New Haven-Milford, CT",New Haven County,514035.5386604287,4.6,2527.713423831071,2.8,30332.56108597285,0.492,16.9,5.9,3.84,Moderate,53396,2.75,NA,NA,NA,NA,NA,NA,2026-07-31,2026-07-31
Barstow,CA,"Riverside-San Bernardino-Ontario, CA",San Bernardino County,266997.8903132826,-1.66,1315.4916666666666,7.47,15785.899999999998,0.493,16.9,5.91,3.84,Moderate,24897,-2.02,2214281,1.41,1.68,9.55,3.22,38.46,2026-07-31,2026-07-31
Drexel Hill,PA,"Philadelphia-Camden-Wilmington, PA-NJ-DE-MD",Delaware County,326295.31061171024,2.33,1606.3809523809523,3.58,19276.571428571428,0.492,16.9,5.91,3.84,Moderate,NA,NA,584882,1.45,5.58,5.55,4.21,30.36,2026-07-31,2026-07-31
Olivehurst,CA,"Yuba City, CA",Yuba County,452169.0233053813,-2,2223.75,NA,26685,0.492,16.9,5.9,3.84,Moderate,NA,NA,87469,6.67,15.14,6.73,3.31,36.68,2026-07-31,2026-07-31
Concord,MO,"St. Louis, MO-IL",Saint Louis County,341462.4491123574,4.04,1682.6666666666667,NA,20192,0.493,16.9,5.91,3.84,Moderate,NA,NA,NA,NA,NA,NA,NA,NA,2026-07-31,2026-07-31
Delmar,NY,"Albany-Schenectady-Troy, NY",Albany County,460697.0399641181,5.8,2269.3333333333335,NA,27232,0.493,16.9,5.91,3.84,Moderate,NA,NA,319964,1.89,6.58,9.68,4.33,43.28,2026-07-31,2026-07-31
Shalimar,FL,"Crestview-Fort Walton Beach-Destin, FL",Okaloosa County,389000.7784523745,1.59,1916.527777777778,8.61,22998.333333333336,0.493,16.9,5.91,3.84,Moderate,757,2.3,220483,3.95,1.51,17.91,14.17,32.25,2026-07-31,2026-07-31
Fontana,CA,"Riverside-San Bernardino-Ontario, CA",San Bernardino County,640651.5068489717,-0.2,3142.349896480331,2.83,37708.198757763974,0.49,17,5.89,3.83,Moderate,218455,4.43,2214281,1.41,1.68,9.55,3.22,38.46,2026-07-31,2026-07-31
Midland,TX,"Midland, TX",Midland County,332691.5537481326,1.87,1635.5884709931172,-2.75,19627.061651917407,0.492,17,5.9,3.83,Moderate,143687,7.84,183587,7.53,18.71,6.3,7.78,31.8,2026-07-31,2026-07-31
Summerville,SC,"Charleston-North Charleston, SC",Dorchester County,382696.2657119141,-0.94,1879.412166381372,3.95,22552.94599657646,0.491,17,5.89,3.83,Moderate,52625,3.27,174663,7.78,24.37,7.32,11.12,24.57,2026-07-31,2026-07-31
Johnson City,TN,"Johnson City, TN",Washington County,299206.178254849,0.92,1468.070063892785,2.13,17616.84076671342,0.491,17,5.89,3.83,Moderate,73635,3.53,139642,4.82,10.43,8.45,4.02,35.55,2026-07-31,2026-07-31
Greer,SC,"Greenville-Anderson, SC",Greenville County,353317.6662700035,1.73,1734.4666666666665,2.61,20813.6,0.491,17,5.89,3.83,Moderate,46316,29.27,570745,8.25,17.14,7.49,6.9,31.24,2026-07-31,2026-07-31
Middletown,OH,"Cincinnati, OH-KY-IN",Butler County,263541.7099340938,2.82,1295.3758169934642,5.12,15544.50980392157,0.492,17,5.9,3.83,Moderate,52291,2.49,399542,2.21,8.05,6.17,4.38,30.13,2026-07-31,2026-07-31
Clover,SC,"Charlotte-Concord-Gastonia, NC-SC",York County,419803.4080854492,-0.34,2062.9801587301586,2.89,24755.7619047619,0.491,17,5.9,3.83,Moderate,7558,11.47,303001,6.74,13.44,5.45,4.52,26.57,2026-07-31,2026-07-31
Bethel Park,PA,"Pittsburgh, PA",Allegheny County,308173.8060920459,2.08,1514.7301587301588,0.67,18176.761904761905,0.492,17,5.9,3.83,Moderate,32376,-3.4,1231814,-1.43,2.72,9.6,6.37,35.07,2026-07-31,2026-07-31
Springfield,TN,"Nashville-Davidson--Murfreesboro--Franklin, TN",Robertson County,331929.2559279313,0.31,1629.6587301587304,-1.48,19555.904761904763,0.491,17,5.89,3.83,Moderate,19842,5.49,78459,7.53,20.38,5.15,3.83,22.79,2026-07-31,2026-07-31
Macungie,PA,"Allentown-Bethlehem-Easton, PA-NJ",Lehigh County,454358.9243442503,2.94,2231.35,0.38,26776.199999999997,0.491,17,5.89,3.83,Moderate,3335,2.49,385655,2.98,11.77,4.72,3.33,34.79,2026-07-31,2026-07-31
Radcliff,KY,"Elizabethtown-Fort Knox, KY",Hardin County,213512.12106629697,-2.04,1049.7222222222222,0.7,12596.666666666666,0.492,16.9,5.9,3.83,Moderate,22706,-1.38,112826,1.79,3.14,8.2,6.65,37.68,2026-07-31,2026-07-31
Bethel,CT,"Bridgeport-Stamford-Norwalk, CT",Fairfield County,572242.3467240973,3.23,2809.8333333333335,NA,33718,0.491,17,5.89,3.83,Moderate,NA,NA,NA,NA,NA,NA,NA,NA,2026-07-31,2026-07-31
Conshohocken,PA,"Philadelphia-Camden-Wilmington, PA-NJ-DE-MD",Montgomery County,491677.2581466248,1.78,2416.1391163092917,4.09,28993.6693957115,0.491,17,5.9,3.83,Moderate,9342,0.9,879190,2.6,7.92,4.35,5.68,28.27,2026-07-31,2026-07-31
Ponte Vedra,FL,"Jacksonville, FL",Saint Johns County,676557.9215981372,-2.26,3318.555555555555,2.05,39822.666666666664,0.491,17,5.89,3.83,Moderate,NA,NA,NA,NA,NA,NA,NA,NA,2026-07-31,2026-07-31
Port Allen,LA,"Baton Rouge, LA",West Baton Rouge Parish,214923.6153885605,0.54,1054,NA,12648,0.49,17,5.88,3.83,Moderate,NA,NA,NA,NA,NA,NA,NA,NA,2026-07-31,2026-07-31
Dupont,WA,"Seattle-Tacoma-Bellevue, WA",Pierce County,561141.8283271465,0.69,2756.944444444444,4.8,33083.33333333333,0.491,17,5.9,3.83,Moderate,NA,NA,941170,1.9,6.6,5.21,4.02,35.21,2026-07-31,2026-07-31
Belmar,NJ,"New York-Newark-Jersey City, NY-NJ-PA",Monmouth County,1026360.3034682208,4.71,5044.444444444444,NA,60533.33333333333,0.491,17,5.9,3.83,Moderate,NA,NA,NA,NA,NA,NA,NA,NA,2026-07-31,2026-07-31
Kemah,TX,"Houston-The Woodlands-Sugar Land, TX",Galveston County,310212.3489517686,-2.11,1522.125,2.43,18265.5,0.491,17,5.89,3.83,Moderate,2853,57.54,367407,4.49,11.39,13,8.22,32.51,2026-07-31,2026-07-31
Davenport,IA,"Davenport-Moline-Rock Island, IA-IL",Scott County,196244.20857938277,3.33,960.2739156268568,3.36,11523.286987522282,0.489,17,5.87,3.82,Moderate,100938,-0.7,175601,0.56,4.16,6.98,5.79,30.4,2026-07-31,2026-07-31
Clermont,FL,"Orlando-Kissimmee-Sanford, FL",Lake County,431051.3217646259,-2.99,2108.984404423969,-0.07,25307.812853087627,0.489,17,5.87,3.82,Moderate,50851,17.33,444204,15.01,42.09,12.7,9.37,23.35,2026-07-31,2026-07-31
Decatur,AL,"Decatur, AL",Morgan County,223492.4766614477,-1.36,1093.4465811965813,1.63,13121.358974358976,0.489,17,5.87,3.82,Moderate,57974,1.47,126084,2.23,5.48,8.99,3.32,27.49,2026-07-31,2026-07-31
Crown Point,IN,"Chicago-Naperville-Elgin, IL-IN-WI",Lake County,365706.91589704744,1.61,1793.0832130832132,1.49,21516.99855699856,0.49,17,5.88,3.82,Moderate,35097,3.24,502955,0.8,4.19,10.57,4.92,29.14,2026-07-31,2026-07-31
Skokie,IL,"Chicago-Naperville-Elgin, IL-IN-WI",Cook County,435326.8240040443,6.97,2131.7114845938377,5.38,25580.537815126052,0.49,17,5.88,3.82,Moderate,65850,-2.72,5182617,-1.6,5.9,8.18,4.67,42.49,2026-07-31,2026-07-31
Germantown,TN,"Memphis, TN-MS-AR",Shelby County,490684.4914454262,-1.11,2402.873607873608,4.68,28834.483294483296,0.49,17,5.88,3.82,Moderate,40128,-2.75,910530,-2.07,-7.65,10.56,7.81,45.42,2026-07-31,2026-07-31
Parkland,FL,"Miami-Fort Lauderdale-Pompano Beach, FL",Broward County,1070470.4998861374,-0.05,5237.169312169312,4.25,62846.031746031746,0.489,17,5.87,3.82,Moderate,39700,13.72,2037472,4.84,14.84,13.18,6.08,36.74,2026-07-31,2026-07-31
Piedmont,SC,"Greenville-Anderson, SC",Greenville County,306484.03983609914,2.63,1500.9166666666667,-0.96,18011,0.49,17,5.88,3.82,Moderate,NA,NA,570745,8.25,17.14,7.49,6.9,31.24,2026-07-31,2026-07-31
Marion,NC,"Marion, NC",McDowell County,247004.5534180703,-2.56,1210,NA,14520,0.49,17,5.88,3.82,Moderate,NA,NA,NA,NA,NA,NA,NA,NA,2026-07-31,2026-07-31
Cantonment,FL,"Pensacola-Ferry Pass-Brent, FL",Escambia County,328701.79543677607,0.89,1610.4920634920636,2.02,19325.904761904763,0.49,17,5.88,3.82,Moderate,NA,NA,331275,2.69,10.82,13.13,5.08,36,2026-07-31,2026-07-31
Stroudsburg,PA,"East Stroudsburg, PA",Monroe County,355875.3865854396,2.36,1744.861111111111,NA,20938.333333333332,0.49,17,5.88,3.82,Moderate,5819,-2.02,166523,-1.07,1.94,23.78,3.78,20.47,2026-07-31,2026-07-31
South Portland,ME,"Portland-South Portland, ME",Cumberland County,532834.2328194043,2.89,2611.330158730159,4.93,31335.961904761905,0.49,17,5.88,3.82,Moderate,26994,1.55,313809,3.36,8.17,14.2,3.63,29.63,2026-07-31,2026-07-31
Crystal,MN,"Minneapolis-St. Paul-Bloomington, MN-WI",Hennepin County,323618.0093607795,1.62,1586.952380952381,NA,19043.428571428572,0.49,17,5.88,3.82,Moderate,22082,-5.01,1273334,-0.65,4.24,5.29,5.38,37.05,2026-07-31,2026-07-31
Keene,NH,"Keene, NH",Cheshire County,358022.9832983907,4.52,1754,3.02,21048,0.49,17,5.88,3.82,Moderate,23036,-0.04,78078,2.01,9.09,14.7,2.68,29.71,2026-07-31,2026-07-31
Mount Washington,KY,"Louisville/Jefferson County, KY-IN",Bullitt County,329050.94915797375,2.76,1611.6666666666667,NA,19340,0.49,17,5.88,3.82,Moderate,NA,NA,NA,NA,NA,NA,NA,NA,2026-07-31,2026-07-31
Erlanger,KY,"Cincinnati, OH-KY-IN",Kenton County,255010.9539704855,0.07,1250.1349206349205,5.14,15001.619047619046,0.49,17,5.88,3.82,Moderate,20172,2.45,174862,3.3,10.73,7.27,5.15,29.96,2026-07-31,2026-07-31
Tuscumbia,AL,"Florence-Muscle Shoals, AL",Colbert County,197407.3984766016,1.11,966.6666666666666,NA,11600,0.49,17,5.88,3.82,Moderate,9222,1.95,58785,2.58,10.48,13.16,3.1,29.2,2026-07-31,2026-07-31
Berthoud,CO,"Fort Collins, CO",Larimer County,613549.3681693021,-1.14,3008.722222222222,NA,36104.666666666664,0.49,17,5.88,3.82,Moderate,13648,28.62,374574,4.07,7.03,6.37,3.02,35.68,2026-07-31,2026-07-31
Miami Springs,FL,"Miami-Fort Lauderdale-Pompano Beach, FL",Miami-Dade County,734977.8513279809,0.71,3600,NA,43200,0.49,17,5.88,3.82,Moderate,NA,NA,NA,NA,NA,NA,NA,NA,2026-07-31,2026-07-31
Swarthmore,PA,"Philadelphia-Camden-Wilmington, PA-NJ-DE-MD",Delaware County,480605.6390627076,3.83,2356.25,NA,28275,0.49,17,5.88,3.82,Moderate,NA,NA,NA,NA,NA,NA,NA,NA,2026-07-31,2026-07-31
Arlington,TX,"Dallas-Fort Worth-Arlington, TX",Tarrant County,312255.3575553538,-1.13,1524.6224312547326,1.51,18295.46917505679,0.488,17.1,5.86,3.81,Moderate,403672,2.36,2230708,5.41,8.74,7.08,7.73,40.64,2026-07-31,2026-07-31
Worcester,MA,"Worcester, MA-CT",Worcester County,441801.6990440253,1.39,2160.8473259467414,0.21,25930.1679113609,0.489,17,5.87,3.81,Moderate,211286,4.35,881248,2.82,8.7,5.7,3.41,34.33,2026-07-31,2026-07-31
Albany,NY,"Albany-Schenectady-Troy, NY",Albany County,335125.83481048123,4.37,1635.467245554965,5.2,19625.60694665958,0.488,17.1,5.86,3.81,Moderate,101317,2.75,319964,1.89,6.58,9.68,4.33,43.28,2026-07-31,2026-07-31
Clinton Township,MI,"Detroit-Warren-Dearborn, MI",Macomb County,262318.52780909854,1.93,1282.8347489858013,1.79,15394.016987829615,0.489,17,5.87,3.81,Moderate,NA,NA,886175,0.67,8.17,4.12,3.23,25.04,2026-07-31,2026-07-31
Tomball,TX,"Houston-The Woodlands-Sugar Land, TX",Harris County,361053.0671948274,-1.46,1764.0215455840455,2.04,21168.258547008547,0.489,17.1,5.86,3.81,Moderate,15152,22.92,5009302,5.78,13.97,8.3,8.76,45.24,2026-07-31,2026-07-31
North Bergen Township,NJ,"New York-Newark-Jersey City, NY-NJ-PA",Hudson County,592648.4697924843,1.43,2893.807411156095,4.53,34725.68893387314,0.488,17.1,5.86,3.81,Moderate,NA,NA,736185,1.98,14.43,6.78,4.46,68.82,2026-07-31,2026-07-31
Garner,NC,"Raleigh-Cary, NC",Wake County,385395.6302230234,-1.91,1883.74,-1.08,22604.88,0.489,17,5.87,3.81,Moderate,39345,25.25,1232444,9,18.32,7.54,9.49,35.57,2026-07-31,2026-07-31
Lakewood,OH,"Cleveland-Elyria, OH",Cuyahoga County,297928.57677114144,4.21,1456.6964285714284,3.35,17480.35714285714,0.489,17,5.87,3.81,Moderate,49517,-2.57,1240594,-1.75,1.72,9.97,5.22,40.95,2026-07-31,2026-07-31
Coraopolis,PA,"Pittsburgh, PA",Allegheny County,308271.84140053013,1.72,1507.4627192982457,3.04,18089.552631578947,0.489,17,5.87,3.81,Moderate,5340,-3.68,1231814,-1.43,2.72,9.6,6.37,35.07,2026-07-31,2026-07-31
Lebanon,OH,"Cincinnati, OH-KY-IN",Warren County,405854.26986128045,2.32,1981.8055555555557,5.45,23781.666666666668,0.488,17.1,5.86,3.81,Moderate,21995,5.35,256059,5.27,8.42,4.87,6.12,20.4,2026-07-31,2026-07-31
Staunton,VA,"Staunton, VA",Augusta County,319190.3729579959,4.72,1557.7222222222224,1.23,18692.666666666668,0.488,17.1,5.86,3.81,Moderate,26361,2.14,78622,1.33,9.7,6.83,2.8,21.05,2026-07-31,2026-07-31
Butte,MT,"Butte-Silver Bow, MT",Silver Bow County,288739.9884393737,4.78,1410.3597883597886,0.08,16924.317460317463,0.488,17.1,5.86,3.81,Moderate,NA,NA,36134,2.62,3.43,11.78,11.97,29.51,2026-07-31,2026-07-31
Van Buren,AR,"Fort Smith, AR-OK",Crawford County,210656.2196759982,5.9,1028.1944444444446,3.05,12338.333333333336,0.488,17.1,5.86,3.81,Moderate,24396,4.97,62258,3.49,8.95,9.86,7.25,25.76,2026-07-31,2026-07-31
Temple Hills,MD,"Washington-Arlington-Alexandria, DC-VA-MD-WV",Prince Georges County,324799.10073230305,-2.79,1587.2037037037037,0.09,19046.444444444445,0.489,17.1,5.86,3.81,Moderate,NA,NA,NA,NA,NA,NA,NA,NA,2026-07-31,2026-07-31
Ooltewah,TN,"Chattanooga, TN-GA",Hamilton County,444630.5614136556,-1.13,2172.736111111111,2.53,26072.83333333333,0.489,17.1,5.86,3.81,Moderate,NA,NA,386256,4.99,11.65,8.63,4.18,35.65,2026-07-31,2026-07-31
Paramus,NJ,"New York-Newark-Jersey City, NY-NJ-PA",Bergen County,1086055.8966038525,8.52,5300,NA,63600,0.488,17.1,5.86,3.81,Moderate,NA,NA,NA,NA,NA,NA,NA,NA,2026-07-31,2026-07-31
Choctaw,OK,"Oklahoma City, OK",Oklahoma County,309188.9968181173,1.2,1510.3333333333333,1.09,18124,0.488,17.1,5.86,3.81,Moderate,12358,0.87,816490,2.28,2.8,9.49,7.85,41.39,2026-07-31,2026-07-31
Burtonsville,MD,"Washington-Arlington-Alexandria, DC-VA-MD-WV",Montgomery County,475106.41369712586,-1.93,2318.555555555555,NA,27822.666666666664,0.488,17.1,5.86,3.81,Moderate,NA,NA,1082273,2.02,7.76,4.26,3.68,34.66,2026-07-31,2026-07-31
Huntington,VA,"Washington-Arlington-Alexandria, DC-VA-MD-WV",Fairfax County,448594.2684194831,0.17,2193.6665134099617,-3.12,26323.99816091954,0.489,17,5.87,3.81,Moderate,NA,NA,1160925,1.07,6.94,3.66,4.16,31.65,2026-07-31,2026-07-31
Ware,MA,"Springfield, MA",Hampshire County,358609.61691604374,2.56,1750,NA,21000,0.488,17.1,5.86,3.81,Moderate,NA,NA,NA,NA,NA,NA,NA,NA,2026-07-31,2026-07-31
Mount Shasta,CA,NA,Siskiyou County,422951.7094699659,-0.57,2066.6666666666665,NA,24800,0.489,17.1,5.86,3.81,Moderate,NA,NA,NA,NA,NA,NA,NA,NA,2026-07-31,2026-07-31
Castle Hills,TX,"San Antonio-New Braunfels, TX",Bexar County,470458.8029077058,-0.37,2300,NA,27600,0.489,17,5.87,3.81,Moderate,NA,NA,NA,NA,NA,NA,NA,NA,2026-07-31,2026-07-31
Pearland,TX,"Houston-The Woodlands-Sugar Land, TX",Brazoria County,383979.7358317774,-0.74,1871.9075224292617,0.57,22462.89026915114,0.488,17.1,5.85,3.8,Moderate,129620,2.86,413224,10.63,23.74,10.51,11.33,26,2026-07-31,2026-07-31
Greenwood,IN,"Indianapolis-Carmel-Anderson, IN",Johnson County,331653.4481513377,1.28,1616.921111111111,2.53,19403.053333333333,0.488,17.1,5.85,3.8,Moderate,68175,6.56,170614,5.15,11.12,5.07,6.28,26.06,2026-07-31,2026-07-31
New Albany,IN,"Louisville/Jefferson County, KY-IN",Floyd County,240673.72313590525,2.88,1171.0448717948718,2.47,14052.538461538461,0.487,17.1,5.84,3.8,Moderate,37652,-0.38,81931,1.76,15.1,9.91,9.79,26.9,2026-07-31,2026-07-31
Oxford,MS,"Oxford, MS",Lafayette County,419443.2502479569,3.39,2043.9682539682535,4.09,24527.619047619042,0.487,17.1,5.85,3.8,Moderate,26801,5.08,59843,7.02,6.63,34.87,35.41,36.77,2026-07-31,2026-07-31
Rockledge,FL,"Palm Bay-Melbourne-Titusville, FL",Brevard County,400838.1125957694,-0.9,1952.567848324515,2.6,23430.81417989418,0.487,17.1,5.85,3.8,Moderate,31429,13.44,658447,8.16,22.48,14.46,11.39,23.08,2026-07-31,2026-07-31
Marysville,CA,"Yuba City, CA",Yuba County,396035.70997735386,-1.29,1930.361904761905,4.47,23164.34285714286,0.487,17.1,5.85,3.8,Moderate,12714,-1.07,87469,6.67,15.14,6.73,3.31,36.68,2026-07-31,2026-07-31
Wappingers Falls,NY,"Poughkeepsie-Newburgh-Middletown, NY",Dutchess County,506622.5621997188,5.24,2466.577777777778,8.73,29598.933333333334,0.487,17.1,5.84,3.8,Moderate,6070,-0.56,299963,1.37,5.8,6.08,3.65,31.17,2026-07-31,2026-07-31
Eagle River,AK,"Anchorage, AK",Anchorage Borough,492054.40580819146,4.29,2397.2186147186144,4.9,28766.62337662337,0.487,17.1,5.85,3.8,Moderate,NA,NA,NA,NA,NA,NA,NA,NA,2026-07-31,2026-07-31
Norfolk,NE,"Norfolk, NE",Madison County,264740.27672353387,4.49,1290.9166666666667,3.54,15491,0.488,17.1,5.85,3.8,Moderate,26162,1.05,35579,0.14,-6.16,7.93,7.02,32.45,2026-07-31,2026-07-31
Shaker Heights,OH,"Cleveland-Elyria, OH",Cuyahoga County,356977.14444729214,3.36,1740.7962962962963,3.37,20889.555555555555,0.488,17.1,5.85,3.8,Moderate,28689,-2.36,1240594,-1.75,1.72,9.97,5.22,40.95,2026-07-31,2026-07-31
Northampton,MA,"Springfield, MA",Hampshire County,503241.7962523064,4.85,2453.657287157286,3.42,29443.887445887434,0.488,17.1,5.85,3.8,Moderate,31315,6.95,165399,11.31,1.4,7.1,6.45,31.21,2026-07-31,2026-07-31
Port Jefferson Station,NY,"New York-Newark-Jersey City, NY-NJ-PA",Suffolk County,640919.9152694988,5.72,3119.404761904762,1.71,37432.857142857145,0.487,17.1,5.84,3.8,Moderate,NA,NA,1535909,0.9,2.22,11.64,3.67,18.09,2026-07-31,2026-07-31
Hudson,NY,"Hudson, NY",Columbia County,456903.7480479123,5.35,2224.1666666666665,3.44,26690,0.487,17.1,5.84,3.8,Moderate,5735,-2.88,60299,-1.82,-0.3,21.7,3.54,24.64,2026-07-31,2026-07-31
Vandalia,OH,"Dayton-Kettering, OH",Montgomery County,244383.07845367605,4.1,1190.4166666666667,-0.61,14285,0.487,17.1,5.85,3.8,Moderate,15013,-1.18,537443,0.06,5.01,8.84,4.22,37.67,2026-07-31,2026-07-31
Schiller Park,IL,"Chicago-Naperville-Elgin, IL-IN-WI",Cook County,318301.9166118344,8.24,1550,NA,18600,0.487,17.1,5.84,3.8,Moderate,11325,-2.92,5182617,-1.6,5.9,8.18,4.67,42.49,2026-07-31,2026-07-31
Farmington,AR,"Fayetteville-Springdale-Rogers, AR",Washington County,338992.4789987418,3.72,1651.5277777777776,-0.12,19818.333333333332,0.487,17.1,5.85,3.8,Moderate,10473,37.4,266184,7.86,10.41,7.47,4.52,44.44,2026-07-31,2026-07-31
Pueblo,CO,"Pueblo, CO",Pueblo County,286130.94879533123,-2.52,1390.8680216802168,1.06,16690.4162601626,0.486,17.1,5.83,3.79,Moderate,111166,-0.66,169866,0.9,3.56,7.14,2.06,31.68,2026-07-31,2026-07-31
Canton,MI,"Detroit-Warren-Dearborn, MI",Wayne County,409990.5956840981,1.56,1992.4453734671129,4,23909.344481605352,0.486,17.1,5.83,3.79,Moderate,NA,NA,1771063,-1.04,3.75,12.9,4.58,35.52,2026-07-31,2026-07-31
Newnan,GA,"Atlanta-Sandy Springs-Alpharetta, GA",Coweta County,368567.0239368249,-1.15,1789.645343921615,1.87,21475.74412705938,0.486,17.2,5.83,3.79,Moderate,45548,6.33,158233,7.82,9.75,4.98,2.88,22.41,2026-07-31,2026-07-31
Duluth,MN,"Duluth, MN-WI",Saint Louis County,303369.6505335734,5.72,1472.5528693528695,3.12,17670.634432234434,0.485,17.2,5.82,3.79,Moderate,87986,1.46,NA,NA,NA,NA,NA,NA,2026-07-31,2026-07-31
Maryville,TN,"Knoxville, TN",Blount County,398574.909997059,2.16,1938.2894736842104,0.52,23259.473684210527,0.486,17.1,5.84,3.79,Moderate,32373,1.13,142211,4.83,9.42,10.61,3.93,23.05,2026-07-31,2026-07-31
Indian Trail,NC,"Charlotte-Concord-Gastonia, NC-SC",Union County,418576.4602136624,-2.39,2032.065476190476,3.33,24384.78571428571,0.485,17.2,5.83,3.79,Moderate,43867,8.84,263386,9.89,19.55,5.19,2.44,18.15,2026-07-31,2026-07-31
West Babylon,NY,"New York-Newark-Jersey City, NY-NJ-PA",Suffolk County,633345.9545423723,-0.41,3076.8333333333335,NA,36922,0.486,17.2,5.83,3.79,Moderate,NA,NA,NA,NA,NA,NA,NA,NA,2026-07-31,2026-07-31
Indiana,PA,"Indiana, PA",Indiana County,204795.86571608196,8.08,995.5555555555557,NA,11946.666666666668,0.486,17.1,5.83,3.79,Moderate,14294,1.95,82953,-0.24,1.94,14.28,13.49,28.88,2026-07-31,2026-07-31
Murrells Inlet,SC,"Georgetown, SC",Georgetown County,401331.78980166366,0.17,1948.1972222222223,1.35,23378.36666666667,0.485,17.2,5.83,3.79,Moderate,NA,NA,66035,3.96,12.33,27.55,0.04,16.9,2026-07-31,2026-07-31
Tehachapi,CA,"Bakersfield, CA",Kern County,427773.73416555504,0.26,2078.3333333333335,1.09,24940,0.486,17.2,5.83,3.79,Moderate,11114,-14.61,922529,1.81,2.68,7.58,3.4,40.19,2026-07-31,2026-07-31
Mount Pleasant,WI,"Racine, WI",Racine County,350441.99524002784,5.43,1702.732323232323,7.1,20432.787878787876,0.486,17.2,5.83,3.79,Moderate,28184,1.55,198651,0.3,6.1,6.44,5.54,28.85,2026-07-31,2026-07-31
Farmington,CT,"Hartford-East Hartford-Middletown, CT",Hartford County,502064.8055872561,6.9,2438.2087542087543,3.69,29258.505050505053,0.486,17.2,5.83,3.79,Moderate,NA,NA,NA,NA,NA,NA,NA,NA,2026-07-31,2026-07-31
Batesville,AR,"Batesville, AR",Independence County,177878.29996878002,6.44,863.3333333333334,NA,10360,0.485,17.2,5.82,3.79,Moderate,NA,NA,NA,NA,NA,NA,NA,NA,2026-07-31,2026-07-31
Coos Bay,OR,"Coos Bay, OR",Coos County,330015.188858345,-2.01,1602.777777777778,10.27,19233.333333333336,0.486,17.2,5.83,3.79,Moderate,NA,NA,NA,NA,NA,NA,NA,NA,2026-07-31,2026-07-31
Dixon,CA,"Vallejo, CA",Solano County,608772.3418202676,-0.91,2961.1111111111113,NA,35533.333333333336,0.486,17.1,5.84,3.79,Moderate,NA,NA,NA,NA,NA,NA,NA,NA,2026-07-31,2026-07-31
Lehighton,PA,"Allentown-Bethlehem-Easton, PA-NJ",Carbon County,286972.19633069064,2.24,1395,NA,16740,0.486,17.1,5.83,3.79,Moderate,NA,NA,NA,NA,NA,NA,NA,NA,2026-07-31,2026-07-31
Southbridge,MA,"Worcester, MA-CT",Worcester County,387159.95051627146,2.14,1881.6666666666667,NA,22580,0.486,17.1,5.83,3.79,Moderate,NA,NA,881248,2.82,8.7,5.7,3.41,34.33,2026-07-31,2026-07-31
Middlesex,NJ,"New York-Newark-Jersey City, NY-NJ-PA",Middlesex County,555981.296602636,4.15,2698.5,NA,32382,0.485,17.2,5.82,3.79,Moderate,NA,NA,NA,NA,NA,NA,NA,NA,2026-07-31,2026-07-31
Cornelius,OR,"Portland-Vancouver-Hillsboro, OR-WA",Washington County,485069.50513435574,-2.68,2357,NA,28284,0.486,17.1,5.83,3.79,Moderate,NA,NA,NA,NA,NA,NA,NA,NA,2026-07-31,2026-07-31
Somerdale,NJ,"Philadelphia-Camden-Wilmington, PA-NJ-DE-MD",Camden County,358117.84202754585,5.06,1738.1666666666667,NA,20858,0.485,17.2,5.82,3.79,Moderate,NA,NA,NA,NA,NA,NA,NA,NA,2026-07-31,2026-07-31
Richland Hills,TX,"Dallas-Fort Worth-Arlington, TX",Tarrant County,287987.96492161095,1.27,1400,NA,16800,0.486,17.1,5.83,3.79,Moderate,NA,NA,NA,NA,NA,NA,NA,NA,2026-07-31,2026-07-31
Lake Park,FL,"Miami-Fort Lauderdale-Pompano Beach, FL",Palm Beach County,415567.89037930866,3.23,2016.6666666666667,NA,24200,0.485,17.2,5.82,3.79,Moderate,NA,NA,NA,NA,NA,NA,NA,NA,2026-07-31,2026-07-31
Woodbury,MN,"Minneapolis-St. Paul-Bloomington, MN-WI",Washington County,464465.5045846768,1.66,2250.998969646338,4.48,27011.987635756057,0.485,17.2,5.82,3.78,Moderate,80596,6.78,283960,5.8,13.75,3.39,4.74,18.85,2026-07-31,2026-07-31
Highland,CA,"Riverside-San Bernardino-Ontario, CA",San Bernardino County,542040.3530266214,1.27,2626.380621693122,3.02,31516.567460317463,0.485,17.2,5.81,3.78,Moderate,56499,-0.84,2214281,1.41,1.68,9.55,3.22,38.46,2026-07-31,2026-07-31
Winter Springs,FL,"Orlando-Kissimmee-Sanford, FL",Seminole County,428587.810291554,-1.42,2074.368961352657,2.49,24892.427536231888,0.484,17.2,5.81,3.78,Moderate,39822,3.75,494605,4.91,9.63,5.97,6.62,34.24,2026-07-31,2026-07-31
Groton,CT,"Norwich-New London, CT",New London County,447380.25212227786,5.47,2169.8928571428573,10.44,26038.71428571429,0.485,17.2,5.82,3.78,Moderate,10160,8.54,NA,NA,NA,NA,NA,NA,2026-07-31,2026-07-31
La Quinta,CA,"Riverside-San Bernardino-Ontario, CA",Riverside County,741874.1845837856,-0.7,3597.5208333333335,5.03,43170.25,0.485,17.2,5.82,3.78,Moderate,39907,5.74,2529933,4.34,7.33,11.37,4.89,31.14,2026-07-31,2026-07-31
Reidsville,NC,"Greensboro-High Point, NC",Rockingham County,215938.45349678825,2.41,1047.5,NA,12570,0.485,17.2,5.82,3.78,Moderate,NA,NA,NA,NA,NA,NA,NA,NA,2026-07-31,2026-07-31
Dawsonville,GA,"Atlanta-Sandy Springs-Alpharetta, GA",Dawson County,444215.609292842,-0.31,2150.4290849673203,1.99,25805.149019607845,0.484,17.2,5.81,3.78,Moderate,4875,28.87,33748,24.71,58.26,13.46,4.4,21.62,2026-07-31,2026-07-31
Farmington,MN,"Minneapolis-St. Paul-Bloomington, MN-WI",Dakota County,405299.02713987493,1.41,1966.3333333333333,NA,23596,0.485,17.2,5.82,3.78,Moderate,NA,NA,NA,NA,NA,NA,NA,NA,2026-07-31,2026-07-31
Superior,WI,"Duluth, MN-WI",Douglas County,236105.59377409043,3.99,1143.571428571429,6.87,13722.857142857147,0.484,17.2,5.81,3.78,Moderate,26620,-0.65,44276,-0.16,0.18,17.61,4.82,27.86,2026-07-31,2026-07-31
Lathrop,CA,"Stockton, CA",San Joaquin County,632887.0693341712,-4.33,3067.24358974359,0.99,36806.92307692308,0.485,17.2,5.82,3.78,Moderate,40860,40.3,816108,4.54,9.17,6.02,3.67,38.47,2026-07-31,2026-07-31
Avon Lake,OH,"Cleveland-Elyria, OH",Lorain County,432538.2433639358,4.62,2097.888888888889,NA,25174.66666666667,0.485,17.2,5.82,3.78,Moderate,NA,NA,NA,NA,NA,NA,NA,NA,2026-07-31,2026-07-31
Holden,MA,"Worcester, MA-CT",Worcester County,565531.4012654776,1.98,2739.8333333333335,NA,32878,0.484,17.2,5.81,3.78,Moderate,NA,NA,NA,NA,NA,NA,NA,NA,2026-07-31,2026-07-31
Goshen,NY,"Poughkeepsie-Newburgh-Middletown, NY",Orange County,580221.1155800704,4.65,2813.8888888888887,NA,33766.666666666664,0.485,17.2,5.82,3.78,Moderate,5760,0.23,411767,2.69,1.95,7.51,3.61,31.57,2026-07-31,2026-07-31
East Lyme,CT,"Norwich-New London, CT",New London County,540163.998958736,5.46,2618.1018518518517,NA,31417.22222222222,0.485,17.2,5.82,3.78,Moderate,NA,NA,NA,NA,NA,NA,NA,NA,2026-07-31,2026-07-31
Waite Park,MN,"St. Cloud, MN",Stearns County,253122.71378361864,1.84,1228.25,NA,14739,0.485,17.2,5.82,3.78,Moderate,8504,1.94,163997,3.48,6.4,7.97,4.39,32.19,2026-07-31,2026-07-31
Summerside,OH,"Cincinnati, OH-KY-IN",Clermont County,264125.2156187188,3.52,1280,NA,15360,0.485,17.2,5.82,3.78,Moderate,NA,NA,NA,NA,NA,NA,NA,NA,2026-07-31,2026-07-31
Macomb,MI,"Detroit-Warren-Dearborn, MI",Macomb County,434513.1428765054,2.79,2098.106349206349,4.71,25177.276190476186,0.483,17.3,5.79,3.77,Moderate,NA,NA,886175,0.67,8.17,4.12,3.23,25.04,2026-07-31,2026-07-31
Mechanicsburg,PA,"Harrisburg-Carlisle, PA",Cumberland County,404043.10781725246,1.2,1953.0942583732055,3.4,23437.131100478466,0.483,17.2,5.8,3.77,Moderate,10085,7.73,275516,5.86,13.9,4.61,1.99,28.63,2026-07-31,2026-07-31
Cathedral City,CA,"Riverside-San Bernardino-Ontario, CA",Riverside County,480044.8903036138,-3.46,2321.3611111111113,0.22,27856.333333333336,0.484,17.2,5.8,3.77,Moderate,52517,1.72,2529933,4.34,7.33,11.37,4.89,31.14,2026-07-31,2026-07-31
Montgomery,TX,"Houston-The Woodlands-Sugar Land, TX",Montgomery County,393324.2383126585,-1.63,1903.3939393939393,2.95,22840.727272727272,0.484,17.2,5.81,3.77,Moderate,2860,42.29,749613,19.86,40.55,7.22,7.84,28.27,2026-07-31,2026-07-31
Hackettstown,NJ,"Allentown-Bethlehem-Easton, PA-NJ",Warren County,503246.43594674,2.94,2431.944444444445,NA,29183.333333333336,0.483,17.2,5.8,3.77,Moderate,10182,-0.49,112031,2.29,7.62,3.71,1.84,25.71,2026-07-31,2026-07-31
Dahlonega,GA,NA,Lumpkin County,390859.8756397015,0.84,1888.1944444444448,NA,22658.333333333336,0.483,17.3,5.8,3.77,Moderate,7830,4.04,36016,7.08,22.32,14.64,11.51,21.63,2026-07-31,2026-07-31
Amelia,OH,"Cincinnati, OH-KY-IN",Clermont County,314291.41849474976,3.84,1520.9166666666667,2.77,18251,0.484,17.2,5.81,3.77,Moderate,NA,NA,214123,2.57,8.81,3.66,1.81,26.62,2026-07-31,2026-07-31
Eloy,AZ,"Phoenix-Mesa-Chandler, AZ",Pinal County,271467.1029032308,-1.47,1312.2222222222224,NA,15746.666666666668,0.483,17.2,5.8,3.77,Moderate,NA,NA,NA,NA,NA,NA,NA,NA,2026-07-31,2026-07-31
Mission,KS,"Kansas City, MO-KS",Johnson County,337681.8391591196,4.75,1633.8777777777775,5.26,19606.53333333333,0.484,17.2,5.81,3.77,Moderate,10013,0.68,632276,3.45,6.72,4.13,5,31.44,2026-07-31,2026-07-31
Monticello,MN,"Minneapolis-St. Paul-Bloomington, MN-WI",Wright County,335235.85315125197,1.63,1618.9238095238095,5.93,19427.085714285713,0.483,17.3,5.8,3.77,Moderate,15482,6.84,154593,8.96,15.08,6.05,2.93,15.74,2026-07-31,2026-07-31
Virginia Beach,VA,"Virginia Beach-Norfolk-Newport News, VA-NC",Virginia Beach City,430374.3973895149,3.23,2075.682925014597,5.16,24908.195100175166,0.482,17.3,5.79,3.76,Moderate,454808,-1.06,NA,NA,NA,NA,NA,NA,2026-07-31,2026-07-31
Spring,TX,"Houston-The Woodlands-Sugar Land, TX",Harris County,369011.0536612624,-0.75,1780.4084203289788,0.18,21364.901043947746,0.482,17.3,5.79,3.76,Moderate,NA,NA,5009302,5.78,13.97,8.3,8.76,45.24,2026-07-31,2026-07-31
Chesapeake,VA,"Virginia Beach-Norfolk-Newport News, VA-NC",Chesapeake City,429091.81888739,3.47,2066.3004783922815,6.66,24795.60574070738,0.482,17.3,5.78,3.76,Moderate,254997,2.11,NA,NA,NA,NA,NA,NA,2026-07-31,2026-07-31
Richmond,TX,"Houston-The Woodlands-Sugar Land, TX",Fort Bend County,380220.9437413587,-2.84,1832.900549353181,-1.02,21994.806592238172,0.482,17.3,5.78,3.76,Moderate,13305,14.51,958434,15.57,27.37,4.23,6.33,22.52,2026-07-31,2026-07-31
Saint Augustine,FL,"Jacksonville, FL",Saint Johns County,433503.2705769081,-2.21,2089.560306948804,0.38,25074.723683385644,0.482,17.3,5.78,3.76,Moderate,NA,NA,NA,NA,NA,NA,NA,NA,2026-07-31,2026-07-31
Rochester,MN,"Rochester, MN",Olmsted County,347876.81452468975,3.87,1675.1688349997196,2.27,20102.026019996636,0.482,17.3,5.78,3.76,Moderate,123624,1.69,166424,2.07,4.01,5.16,5.59,29.29,2026-07-31,2026-07-31
District Heights,MD,"Washington-Arlington-Alexandria, DC-VA-MD-WV",Prince Georges County,344182.83500973665,-2.06,1658.111111111111,2.3,19897.333333333332,0.482,17.3,5.78,3.76,Moderate,5916,-0.27,NA,NA,NA,NA,NA,NA,2026-07-31,2026-07-31
New London,CT,"Norwich-New London, CT",New London County,329726.5456494756,4.64,1588.571428571429,5.17,19062.857142857145,0.482,17.3,5.78,3.76,Moderate,28081,4.82,NA,NA,NA,NA,NA,NA,2026-07-31,2026-07-31
Washington,NC,"Washington, NC",Beaufort County,245821.32815267693,2.43,1183.75,NA,14205,0.482,17.3,5.78,3.76,Moderate,NA,NA,NA,NA,NA,NA,NA,NA,2026-07-31,2026-07-31
Pleasant Hill,MO,"Kansas City, MO-KS",Cass County,372664.7905493895,5.06,1796.6666666666667,NA,21560,0.482,17.3,5.79,3.76,Moderate,NA,NA,NA,NA,NA,NA,NA,NA,2026-07-31,2026-07-31
Live Oak,TX,"San Antonio-New Braunfels, TX",Bexar County,244551.4421695515,-1.89,1178.0327221797809,-5.56,14136.392666157371,0.482,17.3,5.78,3.76,Moderate,16218,2.52,2127737,5.56,8.6,8.27,8.16,40.89,2026-07-31,2026-07-31
Mechanicsville,VA,"Richmond, VA",Hanover County,447767.79393613106,3.37,2150.1111111111113,2.23,25801.333333333336,0.48,17.4,5.76,3.75,Moderate,NA,NA,115309,4.63,10.7,4.48,3.54,17.19,2026-07-31,2026-07-31
Palm Desert,CA,"Riverside-San Bernardino-Ontario, CA",Riverside County,544379.284748928,-2.07,2614.8571428571427,4.09,31378.28571428571,0.48,17.3,5.76,3.75,Moderate,53147,3.81,2529933,4.34,7.33,11.37,4.89,31.14,2026-07-31,2026-07-31
Miamisburg,OH,"Dayton-Kettering, OH",Montgomery County,267559.531133727,3.81,1285.3234519104085,1.19,15423.881422924902,0.48,17.3,5.76,3.75,Moderate,20253,1.71,537443,0.06,5.01,8.84,4.22,37.67,2026-07-31,2026-07-31
Dayton,TX,"Houston-The Woodlands-Sugar Land, TX",Liberty County,302659.7599006985,-0.44,1453.611111111111,NA,17443.333333333332,0.48,17.4,5.76,3.75,Moderate,9752,15.33,115042,24.36,46.81,13.68,4.23,19.22,2026-07-31,2026-07-31
Winchester,KY,"Lexington-Fayette, KY",Clark County,254877.08934071785,5.13,1225.8333333333333,8.92,14710,0.481,17.3,5.77,3.75,Moderate,19413,1.23,37673,1.69,11.12,8.26,0.4,28.52,2026-07-31,2026-07-31
Amsterdam,NY,"Amsterdam, NY",Montgomery County,248359.95503431975,3.3,1194.4444444444443,NA,14333.333333333332,0.481,17.3,5.77,3.75,Moderate,18169,-0.16,49648,0.33,2.01,16.17,5.74,30.66,2026-07-31,2026-07-31
Maryland Heights,MO,"St. Louis, MO-IL",Saint Louis County,266232.22884292726,4.52,1279.506172839506,1.61,15354.074074074073,0.481,17.3,5.77,3.75,Moderate,27671,-2.07,NA,NA,NA,NA,NA,NA,2026-07-31,2026-07-31
Hazlet Township,NJ,"New York-Newark-Jersey City, NY-NJ-PA",Monmouth County,619964.3171135104,5.83,2976.944444444445,NA,35723.333333333336,0.48,17.4,5.76,3.75,Moderate,NA,NA,NA,NA,NA,NA,NA,NA,2026-07-31,2026-07-31
Rutland,VT,"Rutland, VT",Rutland County,289959.2439586843,5.13,1395.8333333333333,NA,16750,0.481,17.3,5.78,3.75,Moderate,NA,NA,NA,NA,NA,NA,NA,NA,2026-07-31,2026-07-31
Ansonia,CT,"New Haven-Milford, CT",New Haven County,387219.3464810539,3.73,1862.5,11.25,22350,0.481,17.3,5.77,3.75,Moderate,19195,1.58,NA,NA,NA,NA,NA,NA,2026-07-31,2026-07-31
Ardmore,PA,"Philadelphia-Camden-Wilmington, PA-NJ-DE-MD",Delaware County,528788.3861755499,1.69,2544.4351851851848,1.13,30533.22222222222,0.481,17.3,5.77,3.75,Moderate,NA,NA,584882,1.45,5.58,5.55,4.21,30.36,2026-07-31,2026-07-31
Spring Hill,KS,"Kansas City, MO-KS",Miami County,418998.19524798513,-0.01,2015.7222222222224,NA,24188.666666666668,0.481,17.3,5.77,3.75,Moderate,NA,NA,NA,NA,NA,NA,NA,NA,2026-07-31,2026-07-31
Bath,ME,"Portland-South Portland, ME",Sagadahoc County,382538.9156353691,-0.28,1837.5,NA,22050,0.48,17.3,5.76,3.75,Moderate,NA,NA,NA,NA,NA,NA,NA,NA,2026-07-31,2026-07-31
Eden Isle,LA,"New Orleans-Metairie, LA",Saint Tammany Parish,334562.347226094,-3.1,1606.6666666666667,1.37,19280,0.48,17.4,5.76,3.75,Moderate,NA,NA,NA,NA,NA,NA,NA,NA,2026-07-31,2026-07-31
Flagler Beach,FL,"Deltona-Daytona Beach-Ormond Beach, FL",Flagler County,455214.79011987866,-0.76,2187.111111111111,NA,26245.33333333333,0.48,17.3,5.77,3.75,Moderate,5568,7.89,136744,17.85,41.48,14.05,5.46,18.48,2026-07-31,2026-07-31
Rockland,ME,NA,Knox County,350764.08557142527,-4.06,1687.7777777777776,NA,20253.333333333332,0.481,17.3,5.77,3.75,Moderate,NA,NA,NA,NA,NA,NA,NA,NA,2026-07-31,2026-07-31
Pea Ridge,AR,"Fayetteville-Springdale-Rogers, AR",Benton County,345103.7788763889,2.39,1657.2222222222224,3.02,19886.666666666668,0.48,17.4,5.76,3.75,Moderate,10190,52.73,321566,12.19,23.43,9.14,4.86,32.8,2026-07-31,2026-07-31
Bakersfield,CA,"Bakersfield, CA",Kern County,391030.3591836326,-0.26,1874.5267946161512,1.7,22494.321535393814,0.479,17.4,5.75,3.74,Moderate,417468,3.02,922529,1.81,2.68,7.58,3.4,40.19,2026-07-31,2026-07-31
League City,TX,"Houston-The Woodlands-Sugar Land, TX",Galveston County,378257.8547709966,0.41,1811.4621280476565,0.59,21737.545536571877,0.479,17.4,5.75,3.74,Moderate,118456,3.31,367407,4.49,11.39,13,8.22,32.51,2026-07-31,2026-07-31
Lebanon,PA,"Lebanon, PA",Lebanon County,291897.83375180955,5.12,1398.5833333333333,-0.15,16783,0.479,17.4,5.75,3.74,Moderate,26456,-1.22,145319,1.41,6.01,6.27,4.84,28.75,2026-07-31,2026-07-31
Commerce City,CO,"Denver-Aurora-Lakewood, CO",Adams County,487526.4592165632,-3.65,2339.4809090909093,2.49,28073.770909090912,0.48,17.4,5.76,3.74,Moderate,70245,11.88,542973,4.31,8.16,3.55,3.6,31.13,2026-07-31,2026-07-31
Saint Louis Park,MN,"Minneapolis-St. Paul-Bloomington, MN-WI",Hennepin County,389234.6893663748,0.69,1865.3173254520243,3.82,22383.80790542429,0.479,17.4,5.75,3.74,Moderate,NA,NA,1273334,-0.65,4.24,5.29,5.38,37.05,2026-07-31,2026-07-31
Westfield,MA,"Springfield, MA",Hampden County,392364.5928287282,3.87,1882.409523809524,3.2,22588.914285714287,0.48,17.4,5.76,3.74,Moderate,40403,0.58,464151,0.09,4.76,6.59,3.41,37.78,2026-07-31,2026-07-31
White Bear Lake,MN,"Minneapolis-St. Paul-Bloomington, MN-WI",Ramsey County,364438.61465294816,3.15,1748.1607142857144,1.21,20977.928571428572,0.48,17.4,5.76,3.74,Moderate,23479,-5.29,542015,-1.76,3.41,5.41,6.16,38.97,2026-07-31,2026-07-31
Newton,IA,"Des Moines-West Des Moines, IA",Jasper County,206921.71472924433,4.42,991.6666666666666,NA,11900,0.479,17.4,5.75,3.74,Moderate,15709,-0.26,38107,0.76,4.49,9.01,8,25.18,2026-07-31,2026-07-31
Greencastle,PA,"Chambersburg-Waynesboro, PA",Franklin County,331418.8419048345,4.07,1587.2222222222224,NA,19046.666666666668,0.479,17.4,5.75,3.74,Moderate,NA,NA,NA,NA,NA,NA,NA,NA,2026-07-31,2026-07-31
Hobe Sound,FL,"Port St. Lucie, FL",Martin County,505374.65410889935,-1.7,2425,2.44,29100,0.48,17.4,5.76,3.74,Moderate,NA,NA,165666,4.41,14.54,17.59,6.28,19.89,2026-07-31,2026-07-31
Bulverde,TX,"San Antonio-New Braunfels, TX",Comal County,481322.6557476141,0.38,2310,NA,27720,0.48,17.4,5.76,3.74,Moderate,7198,25.12,201628,23.22,36.2,9.17,6.79,23.15,2026-07-31,2026-07-31
Doctor Phillips,FL,"Orlando-Kissimmee-Sanford, FL",Orange County,539718.2111671722,-1.02,2589.7999999999997,2.79,31077.6,0.48,17.4,5.76,3.74,Moderate,NA,NA,1533646,7.12,16.48,11.72,10.93,42.64,2026-07-31,2026-07-31
Jersey City,NJ,"New York-Newark-Jersey City, NY-NJ-PA",Hudson County,670165.9648617472,-0.86,3208.270008717223,3.17,38499.24010460667,0.479,17.4,5.74,3.73,Moderate,302824,3.72,736185,1.98,14.43,6.78,4.46,68.82,2026-07-31,2026-07-31
Lafayette,IN,"Lafayette-West Lafayette, IN",Tippecanoe County,268766.4667400525,2.52,1285.288148148148,2.14,15423.457777777774,0.478,17.4,5.74,3.73,Moderate,71757,1.4,191650,2.82,2.6,6.19,5.31,46.1,2026-07-31,2026-07-31
Dover,DE,"Dover, DE",Kent County,345463.68077176576,1.75,1654.1698717948718,1.73,19850.03846153846,0.479,17.4,5.75,3.73,Moderate,40191,1.99,192690,5.69,12.59,6.59,3.54,29.03,2026-07-31,2026-07-31
Bristol,CT,"Hartford-East Hartford-Middletown, CT",Hartford County,352168.2412478212,5.74,1684.8484848484848,5.25,20218.181818181816,0.478,17.4,5.74,3.73,Moderate,62195,2.39,NA,NA,NA,NA,NA,NA,2026-07-31,2026-07-31
Florin,CA,"Sacramento-Roseville-Folsom, CA",Sacramento County,421654.1252765294,0.24,2017.638888888889,1.07,24211.666666666668,0.479,17.4,5.74,3.73,Moderate,NA,NA,1611231,1.54,7.33,4.28,3.63,41.37,2026-07-31,2026-07-31
Woodway,TX,"Waco, TX",McLennan County,374438.4829484149,0.96,1790.963492063492,3.04,21491.561904761904,0.478,17.4,5.74,3.73,Moderate,9686,2.82,270358,3.51,2.79,10.47,4.56,38.83,2026-07-31,2026-07-31
Juneau,AK,"Juneau, AK",Juneau Borough,482863.4511544946,4.74,2310.8333333333335,NA,27730,0.479,17.4,5.74,3.73,Moderate,NA,NA,NA,NA,NA,NA,NA,NA,2026-07-31,2026-07-31
Clinton,UT,"Ogden-Clearfield, UT",Davis County,499278.655786118,1.59,2388.6111111111113,3.65,28663.333333333336,0.478,17.4,5.74,3.73,Moderate,23728,1.13,378470,4.04,4.18,3.29,3.85,22.6,2026-07-31,2026-07-31
Chardon,OH,"Cleveland-Elyria, OH",Geauga County,380770.86025249306,4.95,1822.5,NA,21870,0.479,17.4,5.74,3.73,Moderate,NA,NA,NA,NA,NA,NA,NA,NA,2026-07-31,2026-07-31
Harrisburg,NC,"Charlotte-Concord-Gastonia, NC-SC",Cabarrus County,500007.3169616991,-1.02,2392.1666666666665,3.21,28706,0.478,17.4,5.74,3.73,Moderate,20335,7.52,244925,7.78,14.7,12.01,9.95,27.87,2026-07-31,2026-07-31
Siloam Springs,AR,"Fayetteville-Springdale-Rogers, AR",Benton County,286236.9096448288,2.4,1368.486111111111,2.18,16421.833333333332,0.478,17.4,5.74,3.73,Moderate,20075,14.58,321566,12.19,23.43,9.14,4.86,32.8,2026-07-31,2026-07-31
Iselin,NJ,"New York-Newark-Jersey City, NY-NJ-PA",Middlesex County,568687.5788334847,3.17,2720.928571428571,2.47,32651.142857142855,0.478,17.4,5.74,3.73,Moderate,NA,NA,890119,3.33,12.92,3.48,2.61,36.53,2026-07-31,2026-07-31
Swartz Creek,MI,"Flint, MI",Genesee County,256804.00754066944,4.88,1228.8333333333333,NA,14746,0.479,17.4,5.74,3.73,Moderate,5848,-0.66,402279,-0.87,3.33,9.45,3.6,29.16,2026-07-31,2026-07-31
Scottsbluff,NE,"Scottsbluff, NE",Scotts Bluff County,187965.76141492417,4.07,899.5,NA,10794,0.479,17.4,5.74,3.73,Moderate,NA,NA,NA,NA,NA,NA,NA,NA,2026-07-31,2026-07-31
Gaines,MI,"Grand Rapids-Kentwood, MI",Kent County,419653.59382299945,3.64,2008.8611111111113,NA,24106.333333333336,0.479,17.4,5.74,3.73,Moderate,NA,NA,NA,NA,NA,NA,NA,NA,2026-07-31,2026-07-31
Lake Mohegan,NY,"New York-Newark-Jersey City, NY-NJ-PA",Westchester County,608453.9691179994,2.42,2908.2222222222226,NA,34898.66666666667,0.478,17.4,5.74,3.73,Moderate,NA,NA,NA,NA,NA,NA,NA,NA,2026-07-31,2026-07-31
Omaha,NE,"Omaha-Council Bluffs, NE-IA",Douglas County,299344.2472511167,1.65,1428.0839301739622,2.5,17137.007162087546,0.477,17.5,5.72,3.72,Moderate,489265,-0.71,601158,2.68,7.03,5.47,6.04,38.25,2026-07-31,2026-07-31
Menomonee Falls,WI,"Milwaukee-Waukesha, WI",Waukesha County,445763.98002132616,5.38,2128.3333333333335,NA,25540,0.477,17.5,5.73,3.72,Moderate,NA,NA,NA,NA,NA,NA,NA,NA,2026-07-31,2026-07-31
Carbondale,IL,"Carbondale-Marion, IL",Jackson County,146285.27694448616,7.53,698.5555555555555,3.99,8382.666666666666,0.478,17.5,5.73,3.72,Moderate,22223,-0.18,53199,-0.12,6.47,16.8,7.23,50.68,2026-07-31,2026-07-31
Cottonwood,AZ,"Prescott Valley-Prescott, AZ",Yavapai County,394160.4389627566,0.05,1880.0198412698412,5.39,22560.238095238095,0.477,17.5,5.72,3.72,Moderate,12939,6.85,252013,6.23,16.63,12.2,4.45,26.49,2026-07-31,2026-07-31
Portland,TN,"Nashville-Davidson--Murfreesboro--Franklin, TN",Sumner County,335102.3711955914,0.58,1600,NA,19200,0.477,17.5,5.73,3.72,Moderate,NA,NA,NA,NA,NA,NA,NA,NA,2026-07-31,2026-07-31
Westmont,IL,"Chicago-Naperville-Elgin, IL-IN-WI",DuPage County,417238.8344016576,4.04,1987.7264576883383,2.86,23852.71749226006,0.476,17.5,5.72,3.72,Moderate,24308,-0.43,937142,0.6,5.3,4.53,5.6,26.87,2026-07-31,2026-07-31
South Saint Paul,MN,"Minneapolis-St. Paul-Bloomington, MN-WI",Dakota County,304840.718186571,2.96,1454.9126984126983,NA,17458.95238095238,0.477,17.5,5.73,3.72,Moderate,NA,NA,453156,2.89,6.72,2.73,3.92,24.65,2026-07-31,2026-07-31
Vinton,VA,"Lynchburg, VA",Bedford County,292029.403269503,4.55,1391.6666666666667,NA,16700,0.477,17.5,5.72,3.72,Moderate,8059,0.17,82182,3.27,10.01,12.53,5.79,15.79,2026-07-31,2026-07-31
Chino Valley,AZ,"Prescott Valley-Prescott, AZ",Yavapai County,500465.2233724411,1.64,2387.222222222222,NA,28646.666666666664,0.477,17.5,5.72,3.72,Moderate,NA,NA,NA,NA,NA,NA,NA,NA,2026-07-31,2026-07-31
Dexter,MI,"Ann Arbor, MI",Washtenaw County,517428.8062037812,3.94,2466.6666666666665,NA,29600,0.477,17.5,5.72,3.72,Moderate,NA,NA,NA,NA,NA,NA,NA,NA,2026-07-31,2026-07-31
Mineola,TX,"Tyler, TX",Wood County,267047.56538279954,-2.22,1275,NA,15300,0.477,17.5,5.73,3.72,Moderate,NA,NA,NA,NA,NA,NA,NA,NA,2026-07-31,2026-07-31
Newport,NH,"Lebanon, NH-VT",Sullivan County,330570.3262311175,3.44,1575,NA,18900,0.476,17.5,5.72,3.72,Moderate,NA,NA,NA,NA,NA,NA,NA,NA,2026-07-31,2026-07-31
Naples,FL,"Naples-Marco Island, FL",Collier County,547092.4453049517,-3.66,2602.8794878983276,1.52,31234.55385477993,0.476,17.5,5.71,3.71,Moderate,20168,5.39,416233,10.31,17.5,31.47,9.54,24.02,2026-07-31,2026-07-31
Bonita Springs,FL,"Cape Coral-Fort Myers, FL",Lee County,504874.66476560687,-4.62,2398.4903846153848,-0.2,28781.884615384617,0.475,17.5,5.7,3.71,Moderate,57112,5.98,860959,12.46,20.97,25.72,10.08,26.02,2026-07-31,2026-07-31
Kentwood,MI,"Grand Rapids-Kentwood, MI",Kent County,338592.1314500025,3.9,1611.9074074074076,5,19342.88888888889,0.476,17.5,5.71,3.71,Moderate,54768,0.93,673002,2.2,7.09,4.57,4.07,29.64,2026-07-31,2026-07-31
Williamsport,PA,"Williamsport, PA",Lycoming County,211326.66828190864,3.29,1005.2777777777778,4.71,12063.333333333334,0.476,17.5,5.71,3.71,Moderate,27628,-0.43,113236,-0.78,1.85,12.32,5.15,30.8,2026-07-31,2026-07-31
Okemos,MI,"Lansing-East Lansing, MI",Ingham County,376385.6797625373,0.9,1788.0666666666666,NA,21456.8,0.475,17.5,5.7,3.71,Moderate,NA,NA,290427,1.9,8.02,7.35,5.48,40.45,2026-07-31,2026-07-31
Brenham,TX,"Brenham, TX",Washington County,329915.56746981276,-1.09,1570.138888888889,3.39,18841.666666666668,0.476,17.5,5.71,3.71,Moderate,19728,13.61,37810,5.61,15.05,12.05,2.63,26.88,2026-07-31,2026-07-31
Mehlville,MO,"St. Louis, MO-IL",Saint Louis County,256788.52885717351,2.83,1220.2,NA,14642.400000000001,0.475,17.5,5.7,3.71,Moderate,NA,NA,NA,NA,NA,NA,NA,NA,2026-07-31,2026-07-31
Athens,TX,"Athens, TX",Henderson County,256934.37567812248,-1.59,1220.6666666666667,NA,14648,0.475,17.5,5.7,3.71,Moderate,13575,5.36,87467,6.15,16.63,21.17,7.99,23.49,2026-07-31,2026-07-31
Morris Plains,NJ,"New York-Newark-Jersey City, NY-NJ-PA",Morris County,744423.6009849459,4.33,3541.1388888888887,2.34,42493.666666666664,0.476,17.5,5.71,3.71,Moderate,6590,7.47,523053,2.87,8.07,3.41,3.25,26.1,2026-07-31,2026-07-31
Sewickley,PA,"Pittsburgh, PA",Allegheny County,507174.22618253616,3.16,2412.9166666666665,NA,28955,0.476,17.5,5.71,3.71,Moderate,3770,-3.36,1231814,-1.43,2.72,9.6,6.37,35.07,2026-07-31,2026-07-31
Saint Joseph,MI,"Niles, MI",Berrien County,344100.07926918846,5.68,1635.2083333333333,3.19,19622.5,0.475,17.5,5.7,3.71,Moderate,NA,NA,NA,NA,NA,NA,NA,NA,2026-07-31,2026-07-31
Streetsboro,OH,"Akron, OH",Portage County,289881.1655005666,3.08,1380,NA,16560,0.476,17.5,5.71,3.71,Moderate,NA,NA,NA,NA,NA,NA,NA,NA,2026-07-31,2026-07-31
Pike Road,AL,"Montgomery, AL",Montgomery County,408328.1766893295,2.18,1941.400793650794,4.49,23296.809523809527,0.475,17.5,5.71,3.71,Moderate,11500,20.23,225894,-1.08,-2.72,14.19,7.21,42.3,2026-07-31,2026-07-31
Henrietta,NY,"Rochester, NY",Monroe County,316846.99496565555,4.65,1505.8333333333333,1.76,18070,0.475,17.5,5.7,3.71,Moderate,NA,NA,752202,-0.73,1.18,6.27,5.62,36.48,2026-07-31,2026-07-31
Fircrest,WA,"Seattle-Tacoma-Bellevue, WA",Pierce County,629367.3736161437,0.48,2997.5,NA,35970,0.476,17.5,5.72,3.71,Moderate,NA,NA,NA,NA,NA,NA,NA,NA,2026-07-31,2026-07-31
Homewood,CA,"Sacramento-Roseville-Folsom, CA",Placer County,1239380.979501705,6.4,5900,NA,70800,0.476,17.5,5.71,3.71,Moderate,NA,NA,NA,NA,NA,NA,NA,NA,2026-07-31,2026-07-31
Concord,NC,"Charlotte-Concord-Gastonia, NC-SC",Cabarrus County,384654.2119812758,-0.72,1824.35768276016,2.04,21892.29219312192,0.474,17.6,5.69,3.7,Moderate,112395,7.13,244925,7.78,14.7,12.01,9.95,27.87,2026-07-31,2026-07-31
Simpsonville,SC,"Greenville-Anderson, SC",Greenville County,381822.9088659591,2.03,1812.783583583584,2.04,21753.403003003008,0.475,17.6,5.7,3.7,Moderate,28078,18.95,570745,8.25,17.14,7.49,6.9,31.24,2026-07-31,2026-07-31
Crossville,TN,"Crossville, TN",Cumberland County,311789.869346096,0.63,1480.5555555555557,NA,17766.666666666668,0.475,17.5,5.7,3.7,Moderate,NA,NA,NA,NA,NA,NA,NA,NA,2026-07-31,2026-07-31
Elizabethtown,KY,"Elizabethtown-Fort Knox, KY",Hardin County,269307.3139707328,-3.05,1278.4545454545453,0.58,15341.454545454544,0.475,17.6,5.7,3.7,Moderate,34565,10.04,112826,1.79,3.14,8.2,6.65,37.68,2026-07-31,2026-07-31
Stratford,CT,"Bridgeport-Stamford-Norwalk, CT",Fairfield County,471248.98366602167,4.72,2233.809523809524,5.45,26805.714285714286,0.474,17.6,5.69,3.7,Moderate,NA,NA,NA,NA,NA,NA,NA,NA,2026-07-31,2026-07-31
Opelika,AL,"Auburn-Opelika, AL",Lee County,310676.186866992,3.45,1475.357142857143,5.46,17704.285714285714,0.475,17.5,5.7,3.7,Moderate,35005,12.66,187847,7.43,16.52,12.34,6.97,34.27,2026-07-31,2026-07-31
Cottage Grove,MN,"Minneapolis-St. Paul-Bloomington, MN-WI",Washington County,402376.4073470677,1.84,1908.1607142857144,1.88,22897.928571428572,0.474,17.6,5.69,3.7,Moderate,42760,9.67,283960,5.8,13.75,3.39,4.74,18.85,2026-07-31,2026-07-31
Glastonbury,CT,"Hartford-East Hartford-Middletown, CT",Hartford County,566478.5288486374,5.87,2689.6793650793647,2.12,32276.15238095238,0.475,17.6,5.7,3.7,Moderate,NA,NA,NA,NA,NA,NA,NA,NA,2026-07-31,2026-07-31
Galt,CA,"Sacramento-Roseville-Folsom, CA",Sacramento County,535862.9171505161,-1.27,2538.8888888888887,NA,30466.666666666664,0.474,17.6,5.69,3.7,Moderate,NA,NA,NA,NA,NA,NA,NA,NA,2026-07-31,2026-07-31
Merrimack,NH,"Manchester-Nashua, NH",Hillsborough County,537714.8671236932,2.95,2552.1574074074074,2.61,30625.88888888889,0.475,17.6,5.7,3.7,Moderate,NA,NA,430462,1.78,5.81,5.1,3.09,32.47,2026-07-31,2026-07-31
Newton,NC,"Hickory-Lenoir-Morganton, NC",Catawba County,260767.1292426895,1.07,1236.25,NA,14835,0.474,17.6,5.69,3.7,Moderate,NA,NA,NA,NA,NA,NA,NA,NA,2026-07-31,2026-07-31
Auburn,ME,"Lewiston-Auburn, ME",Androscoggin County,333086.31372265704,0.87,1581.388888888889,4.82,18976.666666666668,0.475,17.6,5.7,3.7,Moderate,25200,4.63,115272,3.68,8.08,7.11,1.58,32.64,2026-07-31,2026-07-31
Raymore,MO,"Kansas City, MO-KS",Cass County,362445.1312311587,3.87,1717.6481481481485,3.14,20611.77777777778,0.474,17.6,5.69,3.7,Moderate,25962,12.78,113873,5.28,18.34,5.82,3.72,24.11,2026-07-31,2026-07-31
Bennington,NE,"Omaha-Council Bluffs, NE-IA",Douglas County,414293.6509546621,0.22,1963.5833333333333,2.25,23563,0.474,17.6,5.69,3.7,Moderate,1982,-1.98,601158,2.68,7.03,5.47,6.04,38.25,2026-07-31,2026-07-31
Brecksville,OH,"Cleveland-Elyria, OH",Cuyahoga County,452653.9194284052,4.23,2150,NA,25800,0.475,17.5,5.7,3.7,Moderate,NA,NA,NA,NA,NA,NA,NA,NA,2026-07-31,2026-07-31
Aransas Pass,TX,"Corpus Christi, TX",Nueces County,231384.5512128143,-0.22,1097.5,NA,13170,0.474,17.6,5.69,3.7,Moderate,NA,NA,NA,NA,NA,NA,NA,NA,2026-07-31,2026-07-31
Lost Creek,TX,"Austin-Round Rock-Georgetown, TX",Travis County,1317894.8925937333,0.88,6250,NA,75000,0.474,17.6,5.69,3.7,Moderate,NA,NA,NA,NA,NA,NA,NA,NA,2026-07-31,2026-07-31
Greenville,SC,"Greenville-Anderson, SC",Greenville County,331868.4389996548,1.9,1570.6171165446146,1.83,18847.405398535375,0.473,17.6,5.68,3.69,Moderate,74371,4.12,570745,8.25,17.14,7.49,6.9,31.24,2026-07-31,2026-07-31
Edmond,OK,"Oklahoma City, OK",Oklahoma County,358693.5605598193,0.67,1695.8067824028838,1.88,20349.681388834604,0.473,17.6,5.67,3.69,Moderate,99040,4.53,816490,2.28,2.8,9.49,7.85,41.39,2026-07-31,2026-07-31
Athens,GA,"Athens-Clarke County, GA",Clarke County,344515.56370477943,1.79,1628.8851031537788,2.66,19546.621237845346,0.473,17.6,5.67,3.69,Moderate,NA,NA,129995,1.13,-4.98,4.84,2.1,58.76,2026-07-31,2026-07-31
O Fallon,MO,"St. Louis, MO-IL",Saint Charles County,381302.4726636242,1.46,1804.12415921226,3.24,21649.48991054712,0.473,17.6,5.68,3.69,Moderate,NA,NA,NA,NA,NA,NA,NA,NA,2026-07-31,2026-07-31
Pawtucket,RI,"Providence-Warwick, RI-MA",Providence County,403718.9151085501,1.19,1911.6263736263736,4.11,22939.516483516483,0.474,17.6,5.68,3.69,Moderate,76996,2,675912,2.4,11.33,7.44,4.46,43.38,2026-07-31,2026-07-31
Saint Cloud,MN,"Minneapolis-St. Paul-Bloomington, MN-WI",Sherburne County,260722.08712244857,1.52,1234.1724910394266,3.68,14810.069892473119,0.473,17.6,5.68,3.69,Moderate,NA,NA,103059,5.61,1.93,4.46,3.96,15.75,2026-07-31,2026-07-31
Irvington,NJ,"New York-Newark-Jersey City, NY-NJ-PA",Essex County,423616.8292351809,5.42,2002.162962962963,1.92,24025.955555555556,0.473,17.6,5.67,3.69,Moderate,NA,NA,881527,2.5,15.1,5.39,2.7,55.47,2026-07-31,2026-07-31
Athens,AL,"Huntsville, AL",Limestone County,311050.0515276496,1.07,1470.326923076923,3.34,17643.923076923078,0.473,17.6,5.67,3.69,Moderate,32587,26.64,118942,14.14,33.45,7.97,6.79,22.5,2026-07-31,2026-07-31
Camp Hill,PA,"Harrisburg-Carlisle, PA",Cumberland County,336290.6518684495,3.73,1589.5582010582011,4.51,19074.698412698413,0.473,17.6,5.67,3.69,Moderate,8231,1.4,275516,5.86,13.9,4.61,1.99,28.63,2026-07-31,2026-07-31
Buda,TX,"Austin-Round Rock-Georgetown, TX",Hays County,355319.72782966756,-4.7,1682.639355511638,-2.45,20191.672266139656,0.474,17.6,5.68,3.69,Moderate,16090,5.29,292029,19.69,29.92,5.29,3.58,35.89,2026-07-31,2026-07-31
Inver Grove Heights,MN,"Minneapolis-St. Paul-Bloomington, MN-WI",Dakota County,379199.15389447374,2.15,1796.1501424501428,3.24,21553.801709401712,0.474,17.6,5.68,3.69,Moderate,36226,1.12,453156,2.89,6.72,2.73,3.92,24.65,2026-07-31,2026-07-31
Pittsford,NY,"Rochester, NY",Monroe County,529195.7939313502,5.6,2500.952380952381,NA,30011.428571428572,0.473,17.6,5.67,3.69,Moderate,1327,-2.78,752202,-0.73,1.18,6.27,5.62,36.48,2026-07-31,2026-07-31
Jonesborough,TN,"Johnson City, TN",Washington County,343248.26389789773,1.85,1622.5,NA,19470,0.473,17.6,5.67,3.69,Moderate,6746,14.03,139642,4.82,10.43,8.45,4.02,35.55,2026-07-31,2026-07-31
Senoia,GA,"Atlanta-Sandy Springs-Alpharetta, GA",Coweta County,518203.0320346616,1.48,2449.8333333333335,NA,29398,0.473,17.6,5.67,3.69,Moderate,NA,NA,NA,NA,NA,NA,NA,NA,2026-07-31,2026-07-31
Whitesboro,TX,"Sherman-Denison, TX",Grayson County,354064.1259152223,-0.93,1675,NA,20100,0.473,17.6,5.68,3.69,Moderate,NA,NA,NA,NA,NA,NA,NA,NA,2026-07-31,2026-07-31
Broadview,IL,"Chicago-Naperville-Elgin, IL-IN-WI",Cook County,284564.75641244417,7.77,1345,NA,16140,0.473,17.6,5.67,3.69,Moderate,NA,NA,NA,NA,NA,NA,NA,NA,2026-07-31,2026-07-31
Vernal,UT,"Vernal, UT",Uintah County,297765.363197374,3.97,1407.638888888889,NA,16891.666666666668,0.473,17.6,5.67,3.69,Moderate,NA,NA,NA,NA,NA,NA,NA,NA,2026-07-31,2026-07-31
South Bound Brook,NJ,"New York-Newark-Jersey City, NY-NJ-PA",Somerset County,460343.0289172406,-0.8,2175,NA,26100,0.472,17.6,5.67,3.69,Moderate,NA,NA,NA,NA,NA,NA,NA,NA,2026-07-31,2026-07-31
Glendale,CO,"Denver-Aurora-Lakewood, CO",Arapahoe County,321293.87181672524,-8.15,1519.8010558069382,-3.26,18237.612669683258,0.473,17.6,5.68,3.69,Moderate,4465,-2.93,666918,1.77,3.13,4.55,5.64,34.88,2026-07-31,2026-07-31
Chattanooga,TN,"Chattanooga, TN-GA",Hamilton County,322295.2141036717,-1.24,1522.3806279786934,1.82,18268.56753574432,0.472,17.6,5.67,3.68,Moderate,191496,5.06,386256,4.99,11.65,8.63,4.18,35.65,2026-07-31,2026-07-31
Frederick,MD,"Washington-Arlington-Alexandria, DC-VA-MD-WV",Frederick County,465789.5263007872,-0.99,2196.0559616634177,2.2,26352.67153996101,0.471,17.7,5.66,3.68,Moderate,89537,14.21,299317,9.73,14.45,4.39,3.38,22.96,2026-07-31,2026-07-31
Bowie,MD,"Washington-Arlington-Alexandria, DC-VA-MD-WV",Prince Georges County,526879.676324553,-0.36,2487.4582539682538,3.18,29849.499047619043,0.472,17.7,5.67,3.68,Moderate,58421,0.33,NA,NA,NA,NA,NA,NA,2026-07-31,2026-07-31
Ypsilanti,MI,"Ann Arbor, MI",Washtenaw County,290686.2930154483,1.49,1370.5171651152043,3.7,16446.205981382453,0.471,17.7,5.66,3.68,Moderate,20150,-2.21,373875,0.54,7.38,5.6,3.61,38.37,2026-07-31,2026-07-31
West Allis,WI,"Milwaukee-Waukesha, WI",Milwaukee County,282059.641832401,3.9,1331.7200854700852,6.21,15980.641025641024,0.472,17.7,5.67,3.68,Moderate,59784,-0.79,924740,-1.48,0.57,8.21,6.16,50.2,2026-07-31,2026-07-31
Nicholasville,KY,"Lexington-Fayette, KY",Jessamine County,328027.63679048745,2.79,1545.8703703703704,4.62,18550.444444444445,0.471,17.7,5.66,3.68,Moderate,33458,7.47,56495,6.56,15.9,6.17,4.04,30.74,2026-07-31,2026-07-31
North Brunswick,NJ,"New York-Newark-Jersey City, NY-NJ-PA",Middlesex County,552153.1790051641,1.39,2607.6111111111113,1.91,31291.333333333336,0.472,17.6,5.67,3.68,Moderate,NA,NA,890119,3.33,12.92,3.48,2.61,36.53,2026-07-31,2026-07-31
Carol Stream,IL,"Chicago-Naperville-Elgin, IL-IN-WI",DuPage County,388951.6631867577,3.65,1833.8954248366017,0.97,22006.74509803922,0.471,17.7,5.66,3.68,Moderate,39556,-0.51,937142,0.6,5.3,4.53,5.6,26.87,2026-07-31,2026-07-31
Hudsonville,MI,"Grand Rapids-Kentwood, MI",Ottawa County,429418.9930272116,5.04,2028.4,NA,24340.800000000003,0.472,17.6,5.67,3.68,Moderate,NA,NA,NA,NA,NA,NA,NA,NA,2026-07-31,2026-07-31
Kearney,NE,"Kearney, NE",Buffalo County,321500.66887515853,6.3,1514.7790404040404,6.95,18177.348484848484,0.471,17.7,5.65,3.68,Moderate,34741,2.54,51156,1.9,5.22,7.17,4.22,34.84,2026-07-31,2026-07-31
Leavenworth,KS,"Kansas City, MO-KS",Leavenworth County,266053.02160295495,4.42,1255.1837606837607,3.55,15062.205128205129,0.472,17.7,5.66,3.68,Moderate,37370,0.14,84670,3.31,8.44,5.81,6.75,31.19,2026-07-31,2026-07-31
Milford,OH,"Cincinnati, OH-KY-IN",Clermont County,337393.28063400945,2.51,1592.25,1.06,19107,0.472,17.7,5.66,3.68,Moderate,6433,-2.14,214123,2.57,8.81,3.66,1.81,26.62,2026-07-31,2026-07-31
West Hempstead,NY,"New York-Newark-Jersey City, NY-NJ-PA",Nassau County,801690.1155417672,5.8,3781,NA,45372,0.472,17.7,5.66,3.68,Moderate,NA,NA,NA,NA,NA,NA,NA,NA,2026-07-31,2026-07-31
Allenhurst,GA,"Hinesville, GA",Long County,271557.7862715785,1.57,1281.6666666666667,NA,15380,0.472,17.7,5.66,3.68,Moderate,NA,NA,NA,NA,NA,NA,NA,NA,2026-07-31,2026-07-31
Indio,CA,"Riverside-San Bernardino-Ontario, CA",Riverside County,512560.2932681207,-1.27,2412.664021164021,7.44,28951.968253968254,0.471,17.7,5.65,3.67,Moderate,94275,5.36,2529933,4.34,7.33,11.37,4.89,31.14,2026-07-31,2026-07-31
Mount Vernon,NY,"New York-Newark-Jersey City, NY-NJ-PA",Westchester County,581798.7844785972,4.18,2735.917735042735,3.18,32831.01282051282,0.47,17.7,5.64,3.67,Moderate,71999,-2.12,1006447,0.5,6.23,5.51,2.35,37.8,2026-07-31,2026-07-31
Apache Junction,AZ,"Phoenix-Mesa-Chandler, AZ",Maricopa County,374284.8062882887,-2.14,1763.2378917378917,1.84,21158.8547008547,0.471,17.7,5.65,3.67,Moderate,44309,14.39,4673096,5.12,9.38,8.29,5.4,34.99,2026-07-31,2026-07-31
Owings Mills,MD,"Baltimore-Columbia-Towson, MD",Baltimore County,402156.4463616838,0.57,1893.386691086691,2.17,22720.64029304029,0.471,17.7,5.65,3.67,Moderate,NA,NA,852425,-0.11,3.96,5.75,5.61,33.67,2026-07-31,2026-07-31
Normal,IL,"Bloomington, IL",McLean County,269069.3305792122,-0.39,1266.8180555555557,2.8,15201.81666666667,0.471,17.7,5.65,3.67,Moderate,53304,0.53,172069,0.49,1.98,8.05,6.82,34.78,2026-07-31,2026-07-31
Wallingford,CT,"New Haven-Milford, CT",New Haven County,429979.9258708319,6.79,2024.8888888888887,NA,24298.666666666664,0.471,17.7,5.65,3.67,Moderate,NA,NA,NA,NA,NA,NA,NA,NA,2026-07-31,2026-07-31
Faribault,MN,"Faribault-Northfield, MN",Rice County,307875.50657953386,2.58,1449.1666666666663,NA,17389.999999999996,0.471,17.7,5.65,3.67,Moderate,NA,NA,NA,NA,NA,NA,NA,NA,2026-07-31,2026-07-31
Hudson,OH,"Akron, OH",Summit County,562778.9524381346,4.32,2644.6666666666665,NA,31736,0.47,17.7,5.64,3.67,Moderate,NA,NA,NA,NA,NA,NA,NA,NA,2026-07-31,2026-07-31
West Deptford Township,NJ,"Philadelphia-Camden-Wilmington, PA-NJ-DE-MD",Gloucester County,365686.3770178633,5.15,1720.7222222222224,NA,20648.666666666668,0.471,17.7,5.65,3.67,Moderate,NA,NA,311783,3.04,8.48,4.88,3.06,20.57,2026-07-31,2026-07-31
Charles Town,WV,"Washington-Arlington-Alexandria, DC-VA-MD-WV",Jefferson County,409277.6015643787,3.18,1927.1719576719577,5.5,23126.06349206349,0.471,17.7,5.65,3.67,Moderate,8869,35.9,61264,6.02,25.09,9.47,4.36,20.76,2026-07-31,2026-07-31
Tipp City,OH,"Dayton-Kettering, OH",Miami County,351672.9800833931,2.53,1653.3555555555558,0.61,19840.26666666667,0.47,17.7,5.64,3.67,Moderate,10596,2.85,111950,2.74,10.5,5.24,3.26,26.6,2026-07-31,2026-07-31
Brockport,NY,"Rochester, NY",Monroe County,282374.26119790965,4.78,1330,-2.1,15960,0.471,17.7,5.65,3.67,Moderate,7489,5.29,752202,-0.73,1.18,6.27,5.62,36.48,2026-07-31,2026-07-31
Avenel,NJ,"New York-Newark-Jersey City, NY-NJ-PA",Middlesex County,531256.0284588105,0.41,2497.5,NA,29970,0.47,17.7,5.64,3.67,Moderate,NA,NA,NA,NA,NA,NA,NA,NA,2026-07-31,2026-07-31
Rancho Mirage,CA,"Riverside-San Bernardino-Ontario, CA",Riverside County,839868.4935581504,-1.54,3946.8333333333335,9.99,47362,0.47,17.7,5.64,3.67,Moderate,18001,5.62,2529933,4.34,7.33,11.37,4.89,31.14,2026-07-31,2026-07-31
Nolanville,TX,"Killeen-Temple, TX",Bell County,309260.5791024317,-1.66,1456.2222222222224,NA,17474.666666666668,0.471,17.7,5.65,3.67,Moderate,NA,NA,NA,NA,NA,NA,NA,NA,2026-07-31,2026-07-31
Irving,TX,"Dallas-Fort Worth-Arlington, TX",Dallas County,343363.75664464856,-0.77,1611.201710987425,0.64,19334.4205318491,0.469,17.8,5.63,3.66,Moderate,258060,0.45,2656028,1.73,0.15,7.76,8.95,49.22,2026-07-31,2026-07-31
Edinburg,TX,"McAllen-Edinburg-Mission, TX",Hidalgo County,216017.09167502483,1.13,1013.5189570119802,0.47,12162.227484143763,0.469,17.8,5.63,3.66,Moderate,108733,7.91,914820,4.8,3.41,12.59,6.81,32.43,2026-07-31,2026-07-31
Hesperia,CA,"Riverside-San Bernardino-Ontario, CA",San Bernardino County,466275.3286800362,1.53,2185.747575953458,4.45,26228.970911441498,0.469,17.8,5.63,3.66,Moderate,101836,1.87,2214281,1.41,1.68,9.55,3.22,38.46,2026-07-31,2026-07-31
Brooklyn Park,MN,"Minneapolis-St. Paul-Bloomington, MN-WI",Hennepin County,353032.02743657376,1.04,1658.56967032967,9.65,19902.836043956042,0.47,17.7,5.64,3.66,Moderate,82893,-3.85,1273334,-0.65,4.24,5.29,5.38,37.05,2026-07-31,2026-07-31
Cicero,IL,"Chicago-Naperville-Elgin, IL-IN-WI",Cook County,280032.2362136128,3.95,1313.8846153846157,6.47,15766.615384615388,0.469,17.8,5.63,3.66,Moderate,82090,-3.33,5182617,-1.6,5.9,8.18,4.67,42.49,2026-07-31,2026-07-31
West Hartford,CT,"Hartford-East Hartford-Middletown, CT",Hartford County,511334.4350676395,5.28,2401.165962732919,4.42,28813.99155279503,0.47,17.7,5.64,3.66,Moderate,NA,NA,NA,NA,NA,NA,NA,NA,2026-07-31,2026-07-31
Williamsville,NY,"Buffalo-Cheektowaga, NY",Erie County,429175.7659170388,5.46,2014.7011695906433,2.08,24176.41403508772,0.469,17.8,5.63,3.66,Moderate,5489,1.44,950602,-0.18,2.9,7.11,3.75,34.55,2026-07-31,2026-07-31
The Colony,TX,"Dallas-Fort Worth-Arlington, TX",Denton County,404746.1670236922,-3.38,1896.857671957672,-0.48,22762.292063492063,0.469,17.8,5.62,3.66,Moderate,45897,2.51,1045120,14.28,23.72,4.75,5.09,34.63,2026-07-31,2026-07-31
Shelton,CT,"Bridgeport-Stamford-Norwalk, CT",Fairfield County,569176.5498272266,4.86,2673.209523809524,6.53,32078.514285714286,0.47,17.7,5.64,3.66,Moderate,42805,5.01,NA,NA,NA,NA,NA,NA,2026-07-31,2026-07-31
Dyersburg,TN,"Dyersburg, TN",Dyer County,170531.80329885051,0.09,800,15.09,9600,0.469,17.8,5.63,3.66,Moderate,15915,-1.26,36403,-0.83,1.4,8.66,3.66,37.62,2026-07-31,2026-07-31
Easton,MD,"Easton, MD",Talbot County,450400.0423589623,-0.44,2111.9166666666665,NA,25343,0.469,17.8,5.63,3.66,Moderate,17381,1.46,38244,1.92,10.93,17.59,4.47,27.31,2026-07-31,2026-07-31
White House,TN,"Nashville-Davidson--Murfreesboro--Franklin, TN",Robertson County,390653.5299876933,-0.57,1831.8337912087911,2.79,21982.005494505494,0.469,17.8,5.63,3.66,Moderate,16463,25.61,78459,7.53,20.38,5.15,3.83,22.79,2026-07-31,2026-07-31
Honesdale,PA,NA,Wayne County,301039.32313438837,4.81,1412.5,NA,16950,0.469,17.8,5.63,3.66,Moderate,NA,NA,NA,NA,NA,NA,NA,NA,2026-07-31,2026-07-31
Highwood,IL,"Chicago-Naperville-Elgin, IL-IN-WI",Lake County,497210.5843730173,10.46,2332.722222222222,NA,27992.666666666664,0.469,17.8,5.63,3.66,Moderate,5358,5.33,718604,0.73,3.75,4.97,4.19,25.6,2026-07-31,2026-07-31
Manchester,NH,"Manchester-Nashua, NH",Hillsborough County,444613.13367262966,0.9,2082.6696208711132,3.2,24992.03545045336,0.468,17.8,5.62,3.65,Moderate,116386,0.76,430462,1.78,5.81,5.1,3.09,32.47,2026-07-31,2026-07-31
Lowell,MA,"Boston-Cambridge-Newton, MA-NH",Middlesex County,492876.6562869869,0.53,2304.420882633786,0.87,27653.05059160543,0.468,17.8,5.61,3.65,Moderate,120418,3.96,1668956,2.54,11.63,4.52,2.96,38.37,2026-07-31,2026-07-31
Rialto,CA,"Riverside-San Bernardino-Ontario, CA",San Bernardino County,593392.9597643663,0.93,2779.08253968254,6.29,33348.990476190476,0.468,17.8,5.62,3.65,Moderate,104918,0.92,2214281,1.41,1.68,9.55,3.22,38.46,2026-07-31,2026-07-31
Perth Amboy,NJ,"New York-Newark-Jersey City, NY-NJ-PA",Middlesex County,504481.3752468372,2.2,2361,NA,28332,0.468,17.8,5.62,3.65,Moderate,56939,2.82,890119,3.33,12.92,3.48,2.61,36.53,2026-07-31,2026-07-31
Marion,IA,"Cedar Rapids, IA",Linn County,281228.6572062483,3.81,1315.0549450549452,10.7,15780.659340659342,0.468,17.8,5.61,3.65,Moderate,42542,2.33,231762,0.58,8.41,6.8,8.73,26.69,2026-07-31,2026-07-31
Middle River,MD,"Baltimore-Columbia-Towson, MD",Baltimore County,340767.5188451065,0.58,1593.2545787545787,-0.57,19119.054945054944,0.468,17.8,5.61,3.65,Moderate,NA,NA,852425,-0.11,3.96,5.75,5.61,33.67,2026-07-31,2026-07-31
Alliance,OH,"Canton-Massillon, OH",Stark County,168623.37868232376,4.69,789.6388888888888,NA,9475.666666666666,0.468,17.8,5.62,3.65,Moderate,21523,-0.51,374091,-0.12,4.1,7.26,2.95,31.43,2026-07-31,2026-07-31
Darien,IL,"Chicago-Naperville-Elgin, IL-IN-WI",DuPage County,463450.1686644962,4.39,2171.3333333333335,4.45,26056,0.469,17.8,5.62,3.65,Moderate,22015,0.08,937142,0.6,5.3,4.53,5.6,26.87,2026-07-31,2026-07-31
Los Alamos,NM,"Los Alamos, NM",Los Alamos County,588106.4035672233,-1.12,2749.1666666666665,NA,32990,0.467,17.8,5.61,3.65,Moderate,NA,NA,NA,NA,NA,NA,NA,NA,2026-07-31,2026-07-31
Hopkins,MN,"Minneapolis-St. Paul-Bloomington, MN-WI",Hennepin County,338922.18129316473,2.7,1584.094861660079,4.59,19009.138339920948,0.467,17.8,5.61,3.65,Moderate,19462,2.38,1273334,-0.65,4.24,5.29,5.38,37.05,2026-07-31,2026-07-31
Bellingham,MA,"Boston-Cambridge-Newton, MA-NH",Norfolk County,548816.1427962867,1.39,2570.8555555555554,1.45,30850.266666666663,0.468,17.8,5.62,3.65,Moderate,NA,NA,740754,2.35,9.81,4.09,3.95,31.48,2026-07-31,2026-07-31
Stanley,NC,"Charlotte-Concord-Gastonia, NC-SC",Gaston County,367731.3250634445,2.11,1721,NA,20652,0.468,17.8,5.62,3.65,Moderate,NA,NA,NA,NA,NA,NA,NA,NA,2026-07-31,2026-07-31
Bangor,PA,"Allentown-Bethlehem-Easton, PA-NJ",Northampton County,331230.1783586158,1.76,1550,NA,18600,0.468,17.8,5.62,3.65,Moderate,NA,NA,NA,NA,NA,NA,NA,NA,2026-07-31,2026-07-31
Tomah,WI,NA,Monroe County,263175.8339371405,3.08,1232.7777777777778,NA,14793.333333333334,0.468,17.8,5.62,3.65,Moderate,9574,-0.04,46370,0.15,2.37,8.23,4.65,27.61,2026-07-31,2026-07-31
Whitman,MA,"Boston-Cambridge-Newton, MA-NH",Plymouth County,559386.3730112414,3.56,2615,NA,31380,0.467,17.8,5.61,3.65,Moderate,NA,NA,NA,NA,NA,NA,NA,NA,2026-07-31,2026-07-31
Fleetwood,PA,"Reading, PA",Berks County,358089.66415941966,4.28,1675,NA,20100,0.468,17.8,5.61,3.65,Moderate,NA,NA,NA,NA,NA,NA,NA,NA,2026-07-31,2026-07-31
Key Biscayne,FL,"Miami-Fort Lauderdale-Pompano Beach, FL",Miami-Dade County,1692545.6995514054,4.59,7910.140119140119,6.71,94921.68142968143,0.467,17.8,5.61,3.65,Moderate,15111,2.48,2838461,5.29,19.88,11.11,5.36,47.81,2026-07-31,2026-07-31
Big Bear City,CA,"Riverside-San Bernardino-Ontario, CA",San Bernardino County,386561.9947205355,-4.6,1811,1.96,21732,0.468,17.8,5.62,3.65,Moderate,NA,NA,2214281,1.41,1.68,9.55,3.22,38.46,2026-07-31,2026-07-31
Ridgeville,SC,"Charleston-North Charleston, SC",Dorchester County,363685.240899259,0.59,1700.5,NA,20406,0.468,17.8,5.61,3.65,Moderate,NA,NA,NA,NA,NA,NA,NA,NA,2026-07-31,2026-07-31
Willow Park,TX,"Dallas-Fort Worth-Arlington, TX",Parker County,417009.1679825139,-0.38,1952.15873015873,4.29,23425.90476190476,0.468,17.8,5.62,3.65,Moderate,6851,37.49,179707,20.16,32.26,7.74,10.08,17.92,2026-07-31,2026-07-31
Waller,TX,"Houston-The Woodlands-Sugar Land, TX",Waller County,284351.3190278074,3.22,1328.9166666666667,2.42,15947,0.467,17.8,5.61,3.65,Moderate,4138,53.2,65109,13.65,12.62,9.85,7.28,29.45,2026-07-31,2026-07-31
Metairie,LA,"New Orleans-Metairie, LA",Jefferson Parish,334135.65265521366,7.36,1557.2132067943458,-0.27,18686.55848153215,0.466,17.9,5.59,3.64,Moderate,NA,NA,427253,-2.84,2.2,8.82,5.5,37.69,2026-07-31,2026-07-31
Palm Harbor,FL,"Tampa-St. Petersburg-Clearwater, FL",Pinellas County,408524.86412921944,-2.5,1904.8875,-1.69,22858.65,0.466,17.9,5.6,3.64,Moderate,NA,NA,965870,0.63,3.8,18.32,8.78,30.56,2026-07-31,2026-07-31
Somerset,NJ,"New York-Newark-Jersey City, NY-NJ-PA",Somerset County,581942.747165327,2.22,2717.6994949494947,1.41,32612.393939393936,0.467,17.8,5.6,3.64,Moderate,NA,NA,357467,3.68,12.99,2.54,1.98,25.53,2026-07-31,2026-07-31
Sierra Vista,AZ,"Sierra Vista-Douglas, AZ",Cochise County,301949.68025087885,0.65,1409.6427404295052,2.28,16915.712885154062,0.467,17.9,5.6,3.64,Moderate,44710,-1.52,125773,0.19,9.76,14.9,5.32,29.5,2026-07-31,2026-07-31
Wisconsin Rapids,WI,"Wisconsin Rapids-Marshfield, WI",Wood County,234356.1813610016,7.57,1094.2222222222222,9.46,13130.666666666666,0.467,17.8,5.6,3.64,Moderate,18675,-0.95,73943,-0.33,2.16,7.85,6.99,26.61,2026-07-31,2026-07-31
Knightdale,NC,"Raleigh-Cary, NC",Wake County,370251.668128174,-2.14,1726.3331623931624,1.21,20715.997948717948,0.466,17.9,5.6,3.64,Moderate,21829,12.21,1232444,9,18.32,7.54,9.49,35.57,2026-07-31,2026-07-31
Daphne,AL,"Daphne-Fairhope-Foley, AL",Baldwin County,332941.7673842262,0.2,1551.9057486631016,3.56,18622.868983957218,0.466,17.9,5.59,3.64,Moderate,30751,11.04,261608,12.16,29.22,26.36,33.41,22.46,2026-07-31,2026-07-31
Shelbyville,IN,"Indianapolis-Carmel-Anderson, IN",Shelby County,226906.4250254908,-0.73,1058.4444444444443,5.86,12701.333333333332,0.466,17.9,5.6,3.64,Moderate,20845,3.57,45654,1.3,7.73,7.31,8.4,26.19,2026-07-31,2026-07-31
Waukee,IA,"Des Moines-West Des Moines, IA",Dallas County,343274.31445556815,-1.92,1601.3385485287656,3.96,19216.06258234519,0.466,17.9,5.6,3.64,Moderate,34420,41.25,115343,14.72,25.99,5.39,7.47,30.52,2026-07-31,2026-07-31
Coralville,IA,"Iowa City, IA",Johnson County,264345.07992258726,3.19,1234.7222222222224,9.67,14816.666666666668,0.467,17.8,5.61,3.64,Moderate,23959,7.27,160080,4.59,6.75,7.43,6.54,41.16,2026-07-31,2026-07-31
Loudon,TN,"Knoxville, TN",Loudon County,502369.3079241687,-1.44,2346.6666666666665,NA,28160,0.467,17.8,5.61,3.64,Moderate,NA,NA,NA,NA,NA,NA,NA,NA,2026-07-31,2026-07-31
Sanford,ME,"Portland-South Portland, ME",York County,378829.6522671585,0.74,1767.857142857143,NA,21214.285714285714,0.467,17.9,5.6,3.64,Moderate,NA,NA,NA,NA,NA,NA,NA,NA,2026-07-31,2026-07-31
Hebron,KY,"Cincinnati, OH-KY-IN",Boone County,383319.10589403386,1.72,1787.2222222222224,NA,21446.666666666668,0.466,17.9,5.59,3.64,Moderate,NA,NA,NA,NA,NA,NA,NA,NA,2026-07-31,2026-07-31
Big Rapids,MI,"Big Rapids, MI",Mecosta County,227573.36085815923,6.31,1060.8333333333333,NA,12730,0.466,17.9,5.59,3.64,Moderate,NA,NA,NA,NA,NA,NA,NA,NA,2026-07-31,2026-07-31
Canton,CT,"Hartford-East Hartford-Middletown, CT",Hartford County,482517.2077739721,4.44,2250,NA,27000,0.466,17.9,5.6,3.64,Moderate,NA,NA,NA,NA,NA,NA,NA,NA,2026-07-31,2026-07-31
Indian Harbour Beach,FL,"Palm Bay-Melbourne-Titusville, FL",Brevard County,457325.1008232474,-0.07,2134.3333333333335,2.76,25612,0.467,17.9,5.6,3.64,Moderate,9006,-0.12,658447,8.16,22.48,14.46,11.39,23.08,2026-07-31,2026-07-31
Freeport,FL,"Crestview-Fort Walton Beach-Destin, FL",Walton County,389716.36598906055,-2.51,1817.186507936508,-2.47,21806.238095238095,0.466,17.9,5.6,3.64,Moderate,7234,19.16,89666,18.15,36.1,44.55,32.56,22.85,2026-07-31,2026-07-31
Fort Oglethorpe,GA,"Chattanooga, TN-GA",Catoosa County,249812.2838067316,0.52,1165.6666666666667,NA,13988,0.467,17.9,5.6,3.64,Moderate,10614,2.73,68940,1.37,6.4,7.55,4.75,24.92,2026-07-31,2026-07-31
Anderson,SC,"Greenville-Anderson, SC",Anderson County,274358.1205487862,1.52,1277.149567099567,2.5,15325.794805194804,0.466,17.9,5.59,3.63,Moderate,30937,5.02,217183,6.36,15.37,9.75,8.93,24.56,2026-07-31,2026-07-31
The Hammocks,FL,"Miami-Fort Lauderdale-Pompano Beach, FL",Miami-Dade County,536148.4791962464,-0.82,2496.6508097165993,0.82,29959.809716599193,0.466,17.9,5.59,3.63,Moderate,NA,NA,2838461,5.29,19.88,11.11,5.36,47.81,2026-07-31,2026-07-31
Hanover,PA,"York-Hanover, PA",York County,298441.5758636973,3.1,1389.4948051948052,0.33,16673.937662337663,0.466,17.9,5.59,3.63,Moderate,16728,1.67,471240,3.17,10.19,4.45,2.79,24.17,2026-07-31,2026-07-31
Mandeville,LA,"New Orleans-Metairie, LA",Saint Tammany Parish,366004.2726070904,0.11,1701.2460317460318,2.27,20414.95238095238,0.465,17.9,5.58,3.63,Moderate,12973,1.15,NA,NA,NA,NA,NA,NA,2026-07-31,2026-07-31
Windsor Mill,MD,"Baltimore-Columbia-Towson, MD",Baltimore County,327808.89956229646,-0.04,1526.615791062802,0.97,18319.389492753624,0.466,17.9,5.59,3.63,Moderate,NA,NA,852425,-0.11,3.96,5.75,5.61,33.67,2026-07-31,2026-07-31
Greenfield,WI,"Milwaukee-Waukesha, WI",Milwaukee County,338516.84636965214,5.78,1575,NA,18900,0.465,17.9,5.58,3.63,Moderate,NA,NA,NA,NA,NA,NA,NA,NA,2026-07-31,2026-07-31
Rosemont,CA,"Sacramento-Roseville-Folsom, CA",Sacramento County,465817.11346742656,-0.82,2170.0148148148146,6.34,26040.177777777775,0.466,17.9,5.59,3.63,Moderate,NA,NA,1611231,1.54,7.33,4.28,3.63,41.37,2026-07-31,2026-07-31
Simsbury,CT,"Hartford-East Hartford-Middletown, CT",Hartford County,551987.981499307,6.15,2566.4166666666665,1.28,30797,0.465,17.9,5.58,3.63,Moderate,NA,NA,NA,NA,NA,NA,NA,NA,2026-07-31,2026-07-31
Arnold,MD,"Baltimore-Columbia-Towson, MD",Anne Arundel County,605189.2550626084,2.17,2813.3333333333335,-0.81,33760,0.465,17.9,5.58,3.63,Moderate,NA,NA,602350,1.51,0.69,4.79,5.5,25.04,2026-07-31,2026-07-31
Plainville,CT,"Hartford-East Hartford-Middletown, CT",Hartford County,350221.98186523287,6.63,1630.8333333333333,NA,19570,0.466,17.9,5.59,3.63,Moderate,NA,NA,NA,NA,NA,NA,NA,NA,2026-07-31,2026-07-31
Milan,IL,"Davenport-Moline-Rock Island, IA-IL",Rock Island County,198884.12632273324,6.92,925,NA,11100,0.465,17.9,5.58,3.63,Moderate,NA,NA,NA,NA,NA,NA,NA,NA,2026-07-31,2026-07-31
Bellefontaine,OH,"Bellefontaine, OH",Logan County,247175.50262241237,3.6,1150,NA,13800,0.465,17.9,5.58,3.63,Moderate,NA,NA,NA,NA,NA,NA,NA,NA,2026-07-31,2026-07-31
Melbourne Beach,FL,"Palm Bay-Melbourne-Titusville, FL",Brevard County,616739.7187565151,-1.03,2870.8333333333335,NA,34450,0.465,17.9,5.59,3.63,Moderate,3273,1.3,658447,8.16,22.48,14.46,11.39,23.08,2026-07-31,2026-07-31
Bogota,NJ,"New York-Newark-Jersey City, NY-NJ-PA",Bergen County,622388.041002776,2.11,2896.1666666666665,NA,34754,0.465,17.9,5.58,3.63,Moderate,NA,NA,NA,NA,NA,NA,NA,NA,2026-07-31,2026-07-31
Stockton,CA,"Stockton, CA",San Joaquin County,429228.7196662764,-2.98,1990.368068439497,1.09,23884.416821273964,0.464,18,5.56,3.62,Moderate,324975,1.25,816108,4.54,9.17,6.02,3.67,38.47,2026-07-31,2026-07-31
Lexington,KY,"Lexington-Fayette, KY",Fayette County,334818.7949028415,3.2,1551.9505133000714,2.81,18623.406159600858,0.464,18,5.56,3.62,Moderate,NA,NA,329437,2.11,11.49,6.71,4.3,46.39,2026-07-31,2026-07-31
Davie,FL,"Miami-Fort Lauderdale-Pompano Beach, FL",Broward County,519060.0160292469,-2.68,2410.5880393009006,1.06,28927.056471610806,0.464,17.9,5.57,3.62,Moderate,112052,5.68,2037472,4.84,14.84,13.18,6.08,36.74,2026-07-31,2026-07-31
Woodstock,GA,"Atlanta-Sandy Springs-Alpharetta, GA",Cherokee County,460655.7653226646,-1.8,2140.672998236332,2.26,25688.075978835986,0.465,17.9,5.58,3.62,Moderate,39381,11.77,293513,9.45,18.15,4.61,5.09,22.59,2026-07-31,2026-07-31
Waxahachie,TX,"Dallas-Fort Worth-Arlington, TX",Ellis County,371651.9633440112,-1.51,1723.0937545388526,-0.33,20677.125054466233,0.464,18,5.56,3.62,Moderate,48617,16.81,232387,19.58,34.12,5.09,4.27,23.75,2026-07-31,2026-07-31
Red Bluff,CA,"Red Bluff, CA",Tehama County,318287.9175871669,2.95,1475.5,4.51,17706,0.464,18,5.56,3.62,Moderate,14286,-3.09,64451,-1.89,-6.66,10.67,1.77,32.42,2026-07-31,2026-07-31
Fremont,NE,"Fremont, NE",Dodge County,260089.7924993533,4.65,1208.5027195027194,0.42,14502.032634032632,0.465,17.9,5.58,3.62,Moderate,28190,3.94,37884,2.06,8.68,10.21,8.69,33.23,2026-07-31,2026-07-31
Rosemount,MN,"Minneapolis-St. Paul-Bloomington, MN-WI",Dakota County,438376.2729627081,0.44,2032.0447330447332,3.51,24384.5367965368,0.464,18,5.56,3.62,Moderate,30581,18.6,453156,2.89,6.72,2.73,3.92,24.65,2026-07-31,2026-07-31
Pikesville,MD,"Baltimore-Columbia-Towson, MD",Baltimore County,434240.1087623693,1.82,2016.5,NA,24198,0.464,17.9,5.57,3.62,Moderate,NA,NA,NA,NA,NA,NA,NA,NA,2026-07-31,2026-07-31
Youngsville,NC,"Raleigh-Cary, NC",Franklin County,411225.1588545018,-0.76,1911,NA,22932,0.465,17.9,5.58,3.62,Moderate,2375,14.4,79771,15.56,31.84,10.87,2.6,21.88,2026-07-31,2026-07-31
Lincolnwood,IL,"Chicago-Naperville-Elgin, IL-IN-WI",Cook County,575614.3584673358,7.1,2668.3611111111113,NA,32020.333333333336,0.464,18,5.56,3.62,Moderate,13055,-2.65,5182617,-1.6,5.9,8.18,4.67,42.49,2026-07-31,2026-07-31
Holly Springs,GA,"Atlanta-Sandy Springs-Alpharetta, GA",Cherokee County,435386.5035129786,-1.18,2022.9553872053873,1.68,24275.464646464647,0.465,17.9,5.58,3.62,Moderate,20133,20.61,293513,9.45,18.15,4.61,5.09,22.59,2026-07-31,2026-07-31
Winterville,GA,"Athens-Clarke County, GA",Oglethorpe County,337506.8504039996,2.83,1566.25,NA,18795,0.464,18,5.57,3.62,Moderate,NA,NA,NA,NA,NA,NA,NA,NA,2026-07-31,2026-07-31
Maplewood,MO,"St. Louis, MO-IL",Saint Louis County,273705.59259725205,0.69,1271.676515151515,2.54,15260.118181818181,0.465,17.9,5.58,3.62,Moderate,8077,-2.33,NA,NA,NA,NA,NA,NA,2026-07-31,2026-07-31
Windsor Heights,IA,"Des Moines-West Des Moines, IA",Polk County,290373.34792735305,1.39,1346.6666666666667,NA,16160,0.464,18,5.57,3.62,Moderate,5106,-2.48,516185,4.69,12.01,5.87,5,32.93,2026-07-31,2026-07-31
West Bloomfield,MI,"Detroit-Warren-Dearborn, MI",Oakland County,462379.36943504045,2.88,2139.055555555556,4.81,25668.66666666667,0.463,18,5.55,3.61,Moderate,NA,NA,1296888,1.91,10.58,5.25,6.51,27.73,2026-07-31,2026-07-31
Derry,NH,"Boston-Cambridge-Newton, MA-NH",Rockingham County,511095.23948516295,3.39,2365.6111111111113,5.95,28387.333333333336,0.463,18,5.55,3.61,Moderate,NA,NA,322433,2.47,5.64,7.38,3.42,21.38,2026-07-31,2026-07-31
Manchester,TN,"Tullahoma-Manchester, TN",Coffee County,327340.74822610896,2.34,1515.8333333333333,NA,18190,0.463,18,5.56,3.61,Moderate,13484,9.92,61285,5.4,14.98,9.5,3.69,29.75,2026-07-31,2026-07-31
Manvel,TX,"Houston-The Woodlands-Sugar Land, TX",Brazoria County,445751.3130772577,-2.71,2060.679292929293,0.53,24728.151515151512,0.462,18,5.55,3.61,Moderate,19309,89.04,413224,10.63,23.74,10.51,11.33,26,2026-07-31,2026-07-31
Little River,SC,"Myrtle Beach-Conway-North Myrtle Beach, SC-NC",Horry County,324411.70434721786,-0.65,1502.8809523809523,-4.02,18034.571428571428,0.463,18,5.56,3.61,Moderate,NA,NA,413391,16.85,39.46,28.98,22.81,24.16,2026-07-31,2026-07-31
Commerce,GA,"Jefferson, GA",Jackson County,334838.13098749967,2.34,1548.8111111111111,-0.5,18585.733333333334,0.463,18,5.55,3.61,Moderate,8803,17.34,93825,22.26,52.1,8.21,1.14,20.21,2026-07-31,2026-07-31
Windham,ME,"Portland-South Portland, ME",Cumberland County,502115.10485586646,2.76,2320.833333333333,NA,27849.999999999996,0.462,18,5.55,3.61,Moderate,NA,NA,NA,NA,NA,NA,NA,NA,2026-07-31,2026-07-31
Eagle Point,OR,"Medford, OR",Jackson County,480202.9372911408,0.88,2224.166666666667,NA,26690.000000000004,0.463,18,5.56,3.61,Moderate,NA,NA,NA,NA,NA,NA,NA,NA,2026-07-31,2026-07-31
Blanchard,OK,"Oklahoma City, OK",Grady County,325057.55072101747,2.55,1504.7222222222224,NA,18056.666666666668,0.463,18,5.55,3.61,Moderate,NA,NA,NA,NA,NA,NA,NA,NA,2026-07-31,2026-07-31
Troutman,NC,"Charlotte-Concord-Gastonia, NC-SC",Iredell County,400237.8354325598,0.19,1854.2619047619048,7.19,22251.14285714286,0.463,18,5.56,3.61,Moderate,4234,11.19,206361,9.94,28.47,9.63,3.66,28.53,2026-07-31,2026-07-31
East Rutherford,NJ,"New York-Newark-Jersey City, NY-NJ-PA",Bergen County,656123.8898375643,4.82,3039.65873015873,8.18,36475.90476190476,0.463,18,5.56,3.61,Moderate,10624,6.3,978641,2.61,10.38,4.13,3.53,34.64,2026-07-31,2026-07-31
Airway Heights,WA,"Spokane-Spokane Valley, WA",Spokane County,376131.7730023176,0.3,1739.8222222222223,NA,20877.86666666667,0.463,18,5.55,3.61,Moderate,11950,10.72,555947,2.73,4.76,5.38,3.55,36.11,2026-07-31,2026-07-31
Oakbrook Terrace,IL,"Chicago-Naperville-Elgin, IL-IN-WI",DuPage County,431124.1795288182,4.89,1995.804761904762,NA,23949.657142857144,0.463,18,5.56,3.61,Moderate,2729,-0.62,937142,0.6,5.3,4.53,5.6,26.87,2026-07-31,2026-07-31
High Bridge,NJ,"New York-Newark-Jersey City, NY-NJ-PA",Hunterdon County,465065.25386655895,1.55,2150,NA,25800,0.462,18,5.55,3.61,Moderate,NA,NA,NA,NA,NA,NA,NA,NA,2026-07-31,2026-07-31
Knoxville,TN,"Knoxville, TN",Knox County,374452.1694211724,1.06,1726.0711147767715,0.53,20712.85337732126,0.461,18.1,5.53,3.6,Moderate,198722,3.92,506748,5.46,9.51,8.07,5.28,35.05,2026-07-31,2026-07-31
Hagerstown,MD,"Hagerstown-Martinsburg, MD-WV",Washington County,303286.2742508955,0.42,1401.6396135265702,2.47,16819.67536231884,0.462,18,5.55,3.6,Moderate,43909,0.9,157228,1.65,9.15,7.12,4.9,34.11,2026-07-31,2026-07-31
Covington,LA,"New Orleans-Metairie, LA",Saint Tammany Parish,325303.71329906886,0.78,1502.236239265766,0.89,18026.834871189192,0.462,18,5.54,3.6,Moderate,11686,1.01,NA,NA,NA,NA,NA,NA,2026-07-31,2026-07-31
Ronkonkoma,NY,"New York-Newark-Jersey City, NY-NJ-PA",Suffolk County,651234.4676255194,4.7,3002.7285714285717,6.35,36032.74285714286,0.461,18.1,5.53,3.6,Moderate,NA,NA,1535909,0.9,2.22,11.64,3.67,18.09,2026-07-31,2026-07-31
Spotsylvania,VA,"Washington-Arlington-Alexandria, DC-VA-MD-WV",Spotsylvania County,435876.0607447887,1.26,2010.8492063492065,9.3,24130.190476190477,0.461,18.1,5.54,3.6,Moderate,NA,NA,152021,8.11,12.84,5.06,7.09,20.35,2026-07-31,2026-07-31
College Park,MD,"Washington-Arlington-Alexandria, DC-VA-MD-WV",Prince Georges County,437317.09077376826,-1.48,2016.0009057971013,-0.34,24192.010869565216,0.461,18.1,5.53,3.6,Moderate,34667,-0.13,NA,NA,NA,NA,NA,NA,2026-07-31,2026-07-31
Cedar Falls,IA,"Waterloo-Cedar Falls, IA",Black Hawk County,271320.3761254176,2.59,1251.144781144781,2,15013.737373737373,0.461,18.1,5.53,3.6,Moderate,41417,1.73,132348,0.99,6.61,8.52,6.11,34.68,2026-07-31,2026-07-31
Clarksburg,MD,"Washington-Arlington-Alexandria, DC-VA-MD-WV",Montgomery County,631824.6835437779,-2.11,2919.336111111111,NA,35032.03333333333,0.462,18,5.54,3.6,Moderate,NA,NA,1082273,2.02,7.76,4.26,3.68,34.66,2026-07-31,2026-07-31
Hoschton,GA,"Jefferson, GA",Jackson County,481155.9718314681,-1.92,2218.440476190476,0.52,26621.285714285714,0.461,18.1,5.53,3.6,Moderate,6723,143.76,93825,22.26,52.1,8.21,1.14,20.21,2026-07-31,2026-07-31
Harrison Township,MI,"Detroit-Warren-Dearborn, MI",Macomb County,264457.7429187826,-3.33,1221.9722222222224,1.87,14663.666666666668,0.462,18,5.54,3.6,Moderate,NA,NA,886175,0.67,8.17,4.12,3.23,25.04,2026-07-31,2026-07-31
Rocky Hill,CT,"Hartford-East Hartford-Middletown, CT",Hartford County,415964.15428923856,3.93,1918.924542124542,1.86,23027.094505494504,0.461,18.1,5.54,3.6,Moderate,NA,NA,NA,NA,NA,NA,NA,NA,2026-07-31,2026-07-31
Spencerport,NY,"Rochester, NY",Monroe County,335611.10696218215,6.69,1550.8333333333333,NA,18610,0.462,18,5.55,3.6,Moderate,3616,-1.71,752202,-0.73,1.18,6.27,5.62,36.48,2026-07-31,2026-07-31
Colchester,VT,"Burlington-South Burlington, VT",Chittenden County,490567.631584954,0.83,2266.6666666666665,NA,27200,0.462,18,5.54,3.6,Moderate,NA,NA,NA,NA,NA,NA,NA,NA,2026-07-31,2026-07-31
Pierre,SD,"Pierre, SD",Hughes County,302760.76624545065,5.16,1398.5,NA,16782,0.462,18,5.54,3.6,Moderate,NA,NA,NA,NA,NA,NA,NA,NA,2026-07-31,2026-07-31
Pinewood,FL,"Miami-Fort Lauderdale-Pompano Beach, FL",Miami-Dade County,432204.09894713975,-0.19,1996.8777777777775,NA,23962.53333333333,0.462,18,5.54,3.6,Moderate,NA,NA,2838461,5.29,19.88,11.11,5.36,47.81,2026-07-31,2026-07-31
Whitmore Lake,MI,"Ann Arbor, MI",Washtenaw County,368362.0228056229,1.91,1701.6666666666667,NA,20420,0.462,18,5.54,3.6,Moderate,NA,NA,NA,NA,NA,NA,NA,NA,2026-07-31,2026-07-31
Taos,NM,"Taos, NM",Taos County,436273.44949158543,-0.85,2012.5,NA,24150,0.461,18.1,5.54,3.6,Moderate,NA,NA,NA,NA,NA,NA,NA,NA,2026-07-31,2026-07-31
Hartford,VT,"Lebanon, NH-VT",Windsor County,438071.2621635641,4.46,2023.0555555555552,NA,24276.666666666664,0.462,18,5.54,3.6,Moderate,NA,NA,57697,-0.07,-1.25,28.47,5.85,25.15,2026-07-31,2026-07-31
Blaine,WA,"Bellingham, WA",Whatcom County,546376.3092683107,-0.28,2521.2000000000003,-0.15,30254.4,0.461,18.1,5.54,3.6,Moderate,6371,7.96,234954,3.3,9.58,9.34,3.08,36.47,2026-07-31,2026-07-31
Sugar Land,TX,"Houston-The Woodlands-Sugar Land, TX",Fort Bend County,449277.07777332794,0.05,2068.4858091845576,-0.9,24821.82971021469,0.46,18.1,5.52,3.59,Moderate,109851,-0.9,958434,15.57,27.37,4.23,6.33,22.52,2026-07-31,2026-07-31
Surprise,AZ,"Phoenix-Mesa-Chandler, AZ",Maricopa County,419342.0693924947,-2.04,1929.254189885174,-0.2,23151.050278622086,0.46,18.1,5.52,3.59,Moderate,167564,16.05,4673096,5.12,9.38,8.29,5.4,34.99,2026-07-31,2026-07-31
Wasilla,AK,"Anchorage, AK",Matanuska Susitna Borough,427861.89985965966,7.84,1969.6548821548824,3.53,23635.85858585859,0.46,18.1,5.52,3.59,Moderate,10318,13.2,NA,NA,NA,NA,NA,NA,2026-07-31,2026-07-31
Chester,VA,"Richmond, VA",Chesterfield County,396908.7729702308,2.31,1826.1342528735631,0.67,21913.611034482758,0.46,18.1,5.52,3.59,Moderate,NA,NA,389793,6.69,10.05,3.91,4.88,22.7,2026-07-31,2026-07-31
Patchogue,NY,"New York-Newark-Jersey City, NY-NJ-PA",Suffolk County,607760.6509428718,3.79,2798,9.94,33576,0.46,18.1,5.52,3.59,Moderate,12447,0.59,1535909,0.9,2.22,11.64,3.67,18.09,2026-07-31,2026-07-31
Searcy,AR,"Searcy, AR",White County,222628.47975557027,4.89,1025,3.19,12300,0.46,18.1,5.52,3.59,Moderate,23997,4.51,79091,2.9,7.67,13.91,5.82,31.76,2026-07-31,2026-07-31
Ridgecrest,CA,"Bakersfield, CA",Kern County,269598.81974988343,-2.02,1240.654761904762,1.77,14887.857142857143,0.46,18.1,5.52,3.59,Moderate,28373,1.35,922529,1.81,2.68,7.58,3.4,40.19,2026-07-31,2026-07-31
Hillside,NJ,"New York-Newark-Jersey City, NY-NJ-PA",Union County,522152.1935329193,-0.99,2400,NA,28800,0.46,18.1,5.52,3.59,Moderate,NA,NA,NA,NA,NA,NA,NA,NA,2026-07-31,2026-07-31
Sanger,TX,"Dallas-Fort Worth-Arlington, TX",Denton County,357799.86215158505,-2.04,1644.571428571429,-3.36,19734.857142857145,0.46,18.1,5.52,3.59,Moderate,10142,13.56,1045120,14.28,23.72,4.75,5.09,34.63,2026-07-31,2026-07-31
Centerton,AR,"Fayetteville-Springdale-Rogers, AR",Benton County,349917.4637976273,-0.3,1609.2004357298474,-0.43,19310.40522875817,0.46,18.1,5.52,3.59,Moderate,25745,41.08,321566,12.19,23.43,9.14,4.86,32.8,2026-07-31,2026-07-31
Hull,MA,"Boston-Cambridge-Newton, MA-NH",Plymouth County,723200.6850556851,2.62,3328.6666666666665,NA,39944,0.46,18.1,5.52,3.59,Moderate,NA,NA,NA,NA,NA,NA,NA,NA,2026-07-31,2026-07-31
North Las Vegas,NV,"Las Vegas-Henderson-Paradise, NV",Clark County,407368.704331477,-1.71,1870.0060895247825,0.34,22440.07307429739,0.459,18.2,5.51,3.58,Moderate,294034,12.58,2398871,5.4,16.64,9.46,7.1,42.95,2026-07-31,2026-07-31
Yuba City,CA,"Yuba City, CA",Sutter County,445144.95810114074,0.28,2045.939393939394,2.6,24551.272727272728,0.46,18.1,5.52,3.58,Moderate,69148,-1.32,98545,-0.94,-2.01,4.16,1.45,40.82,2026-07-31,2026-07-31
Buford,GA,"Atlanta-Sandy Springs-Alpharetta, GA",Gwinnett County,469192.92520263675,-2.48,2156.3621375556654,0.55,25876.345650667987,0.46,18.1,5.52,3.58,Moderate,18642,8.87,1003869,4.75,5.96,3.94,4.99,33.31,2026-07-31,2026-07-31
Cookeville,TN,"Cookeville, TN",Putnam County,324388.92229845625,1.8,1490.7541666666666,-0.17,17889.05,0.46,18.1,5.51,3.58,Moderate,37102,6.2,84894,6.01,11.17,8.15,4.7,39.32,2026-07-31,2026-07-31
Weston,FL,"Miami-Fort Lauderdale-Pompano Beach, FL",Broward County,724377.9285375056,-2.32,3328.4507428940574,-0.02,39941.40891472869,0.459,18.1,5.51,3.58,Moderate,70674,3.92,2037472,4.84,14.84,13.18,6.08,36.74,2026-07-31,2026-07-31
Trumbull,CT,"Bridgeport-Stamford-Norwalk, CT",Fairfield County,687427.271858646,5.2,3156,6.52,37872,0.459,18.2,5.51,3.58,Moderate,NA,NA,NA,NA,NA,NA,NA,NA,2026-07-31,2026-07-31
Princeton,WV,"Bluefield, WV-VA",Mercer County,173267.0675474291,1.51,795,9.11,9540,0.459,18.2,5.51,3.58,Moderate,5595,-4.52,57524,-3.35,-1.29,16.84,4.21,30.26,2026-07-31,2026-07-31
Savage,MN,"Minneapolis-St. Paul-Bloomington, MN-WI",Scott County,432259.9066122078,1.55,1983.8373737373736,0.15,23806.048484848485,0.459,18.2,5.51,3.58,Moderate,32896,0.98,157206,3.87,2.74,2.6,1.89,15.7,2026-07-31,2026-07-31
Rahway,NJ,"New York-Newark-Jersey City, NY-NJ-PA",Union County,543121.9288939614,0.18,2490.3092592592593,2.51,29883.71111111111,0.459,18.2,5.5,3.58,Moderate,30763,3.68,594160,3.57,15.84,4.55,3.18,42.39,2026-07-31,2026-07-31
Altoona,IA,"Des Moines-West Des Moines, IA",Polk County,321726.7075893281,-0.5,1475.161172161172,NA,17701.934065934067,0.459,18.2,5.5,3.58,Moderate,22598,14.41,516185,4.69,12.01,5.87,5,32.93,2026-07-31,2026-07-31
Avon,CT,"Hartford-East Hartford-Middletown, CT",Hartford County,589883.8207118103,4.66,2710,NA,32520,0.459,18.1,5.51,3.58,Moderate,NA,NA,NA,NA,NA,NA,NA,NA,2026-07-31,2026-07-31
West Henrietta,NY,"Rochester, NY",Monroe County,373244.3394857223,4.29,1713.2222222222224,1.11,20558.666666666668,0.459,18.2,5.51,3.58,Moderate,NA,NA,752202,-0.73,1.18,6.27,5.62,36.48,2026-07-31,2026-07-31
East Grand Rapids,MI,"Grand Rapids-Kentwood, MI",Kent County,691286.0987869129,6.89,3173.75,NA,38085,0.459,18.2,5.51,3.58,Moderate,NA,NA,NA,NA,NA,NA,NA,NA,2026-07-31,2026-07-31
Bloomington,IN,"Bloomington, IN",Monroe County,319851.10481137014,1.41,1463.0525968690538,2.63,17556.631162428646,0.457,18.2,5.49,3.57,Moderate,79986,-0.19,140702,0.04,-1.41,10.16,6.86,45.17,2026-07-31,2026-07-31
Bloomington,MN,"Minneapolis-St. Paul-Bloomington, MN-WI",Hennepin County,369003.7147160659,1.77,1687.2225992961287,1.96,20246.671191553545,0.457,18.2,5.49,3.57,Moderate,88344,-1.68,1273334,-0.65,4.24,5.29,5.38,37.05,2026-07-31,2026-07-31
Lawrence,MA,"Boston-Cambridge-Newton, MA-NH",Essex County,519042.5582330168,2.3,2378.905731523379,2.65,28546.86877828055,0.458,18.2,5.5,3.57,Moderate,89332,0.51,823938,2,7.8,5.11,2.53,36.04,2026-07-31,2026-07-31
Oshkosh,WI,"Oshkosh-Neenah, WI",Winnebago County,262743.0124705192,5.63,1201.1819650937298,2.73,14414.183581124758,0.457,18.2,5.49,3.57,Moderate,67242,0.49,173307,0.88,7.15,6.27,4.7,34.21,2026-07-31,2026-07-31
Wentzville,MO,"St. Louis, MO-IL",Saint Charles County,404431.36546904064,1.05,1848.5092592592591,4.36,22182.11111111111,0.457,18.2,5.48,3.57,Moderate,48646,7.43,NA,NA,NA,NA,NA,NA,2026-07-31,2026-07-31
Fair Lawn,NJ,"New York-Newark-Jersey City, NY-NJ-PA",Bergen County,739016.8415980084,6.85,3385.277777777778,NA,40623.333333333336,0.458,18.2,5.5,3.57,Moderate,NA,NA,NA,NA,NA,NA,NA,NA,2026-07-31,2026-07-31
Southlake,TX,"Dallas-Fort Worth-Arlington, TX",Tarrant County,1321458.3838790737,3.05,6044.444444444445,NA,72533.33333333334,0.457,18.2,5.49,3.57,Moderate,NA,NA,NA,NA,NA,NA,NA,NA,2026-07-31,2026-07-31
Latrobe,PA,"Pittsburgh, PA",Westmoreland County,215405.62110613228,-1.04,986.6666666666666,8.44,11840,0.458,18.2,5.5,3.57,Moderate,7906,-1.91,350935,-0.96,3.65,8.33,4.09,21.75,2026-07-31,2026-07-31
Chagrin Falls,OH,"Cleveland-Elyria, OH",Geauga County,519211.5331733942,4.96,2375,NA,28500,0.457,18.2,5.49,3.57,Moderate,NA,NA,NA,NA,NA,NA,NA,NA,2026-07-31,2026-07-31
Grayson,GA,"Atlanta-Sandy Springs-Alpharetta, GA",Gwinnett County,433543.84019249585,-2.76,1982.6296296296296,3.59,23791.555555555555,0.457,18.2,5.49,3.57,Moderate,5252,12.66,1003869,4.75,5.96,3.94,4.99,33.31,2026-07-31,2026-07-31
Union,MO,"St. Louis, MO-IL",Franklin County,259126.8729709607,4.64,1186.25,NA,14235,0.458,18.2,5.49,3.57,Moderate,NA,NA,NA,NA,NA,NA,NA,NA,2026-07-31,2026-07-31
Joppa,MD,"Baltimore-Columbia-Towson, MD",Harford County,371358.3988551162,0.49,1701.8333333333333,NA,20422,0.458,18.2,5.5,3.57,Moderate,NA,NA,NA,NA,NA,NA,NA,NA,2026-07-31,2026-07-31
North East,MD,"Philadelphia-Camden-Wilmington, PA-NJ-DE-MD",Cecil County,399583.78400869085,-0.27,1828.517857142857,1.02,21942.214285714286,0.458,18.2,5.49,3.57,Moderate,4191,2.52,106305,2.41,6.42,9.03,6.6,24.69,2026-07-31,2026-07-31
Mauldin,SC,"Greenville-Anderson, SC",Greenville County,299696.54397693864,1.34,1372.5302736479207,4.5,16470.36328377505,0.458,18.2,5.5,3.57,Moderate,29746,20.01,570745,8.25,17.14,7.49,6.9,31.24,2026-07-31,2026-07-31
Bladensburg,MD,"Washington-Arlington-Alexandria, DC-VA-MD-WV",Prince Georges County,325570.5624352838,-1.38,1491.6555555555558,-1.86,17899.86666666667,0.458,18.2,5.5,3.57,Moderate,9635,-0.08,NA,NA,NA,NA,NA,NA,2026-07-31,2026-07-31
Williston,VT,"Burlington-South Burlington, VT",Chittenden County,591328.4868717449,2.13,2706.25,NA,32475,0.458,18.2,5.49,3.57,Moderate,NA,NA,NA,NA,NA,NA,NA,NA,2026-07-31,2026-07-31
Winslow,ME,"Augusta-Waterville, ME",Kennebec County,302557.9815926447,0.92,1385,NA,16620,0.458,18.2,5.49,3.57,Moderate,NA,NA,NA,NA,NA,NA,NA,NA,2026-07-31,2026-07-31
Stafford,VA,"Washington-Arlington-Alexandria, DC-VA-MD-WV",Stafford County,558220.880704387,0.28,2549.074048174048,1.62,30588.888578088576,0.457,18.2,5.48,3.56,Moderate,NA,NA,168919,7.07,13.4,4.74,6.31,19.17,2026-07-31,2026-07-31
Fairfield,OH,"Cincinnati, OH-KY-IN",Butler County,286469.93253960373,3.24,1305.650980392157,2.82,15667.811764705883,0.456,18.3,5.47,3.56,Moderate,45094,0.41,399542,2.21,8.05,6.17,4.38,30.13,2026-07-31,2026-07-31
Waynesboro,VA,"Staunton, VA",Augusta County,320177.14163483627,3.22,1460.8333333333333,6.71,17530,0.456,18.3,5.48,3.56,Moderate,23498,5.48,78622,1.33,9.7,6.83,2.8,21.05,2026-07-31,2026-07-31
Hermiston,OR,"Hermiston-Pendleton, OR",Umatilla County,348414.6670964952,1.32,1588.388888888889,NA,19060.666666666668,0.456,18.3,5.47,3.56,Moderate,NA,NA,NA,NA,NA,NA,NA,NA,2026-07-31,2026-07-31
Liberty,MO,"Kansas City, MO-KS",Clay County,330388.36767418653,1.95,1509.6560846560849,2.8,18115.873015873018,0.457,18.2,5.48,3.56,Moderate,31245,3.38,263370,3.63,8.53,5.32,4.67,31.12,2026-07-31,2026-07-31
Marshfield,WI,"Wisconsin Rapids-Marshfield, WI",Wood County,261931.37801301456,5.12,1196,NA,14352,0.457,18.3,5.48,3.56,Moderate,NA,NA,NA,NA,NA,NA,NA,NA,2026-07-31,2026-07-31
Gardner,KS,"Kansas City, MO-KS",Johnson County,355396.02937905694,3.2,1624.1622895622895,1.85,19489.947474747474,0.457,18.2,5.48,3.56,Moderate,25836,10.28,632276,3.45,6.72,4.13,5,31.44,2026-07-31,2026-07-31
Elkins Park,PA,"Philadelphia-Camden-Wilmington, PA-NJ-DE-MD",Montgomery County,424288.6163501824,2.05,1936.5,3.63,23238,0.456,18.3,5.48,3.56,Moderate,NA,NA,879190,2.6,7.92,4.35,5.68,28.27,2026-07-31,2026-07-31
Liberty Hill,TX,"Austin-Round Rock-Georgetown, TX",Williamson County,488964.3548795623,-7.03,2232.2738095238096,-1.08,26787.285714285717,0.457,18.3,5.48,3.56,Moderate,11984,222.84,727480,18.17,29.75,3.91,3.51,32.92,2026-07-31,2026-07-31
Morgan,UT,"Ogden-Clearfield, UT",Morgan County,744145.0184549551,1.86,3400,NA,40800,0.457,18.2,5.48,3.56,Moderate,NA,NA,NA,NA,NA,NA,NA,NA,2026-07-31,2026-07-31
New Market,MD,"Washington-Arlington-Alexandria, DC-VA-MD-WV",Frederick County,594857.0013556005,-0.39,2716.402777777778,1.96,32596.833333333336,0.457,18.2,5.48,3.56,Moderate,1609,5.44,299317,9.73,14.45,4.39,3.38,22.96,2026-07-31,2026-07-31
Platte City,MO,"Kansas City, MO-KS",Platte County,406535.21071127057,1.51,1853.3055555555552,NA,22239.666666666664,0.456,18.3,5.47,3.56,Moderate,4867,1.82,113207,5.61,6.94,5.93,6.25,32.98,2026-07-31,2026-07-31
Cornelia,GA,"Cornelia, GA",Habersham County,305741.54243643704,1.88,1395,NA,16740,0.456,18.3,5.48,3.56,Moderate,NA,NA,NA,NA,NA,NA,NA,NA,2026-07-31,2026-07-31
Oakdale,PA,"Pittsburgh, PA",Allegheny County,353197.6393512674,1.99,1610,NA,19320,0.456,18.3,5.47,3.56,Moderate,NA,NA,NA,NA,NA,NA,NA,NA,2026-07-31,2026-07-31
Newport,OR,"Newport, OR",Lincoln County,454808.8282252923,0.62,2077.777777777778,NA,24933.333333333336,0.457,18.2,5.48,3.56,Moderate,10833,5.14,51212,1.38,6.7,29.48,8.28,28.63,2026-07-31,2026-07-31
Leadville,CO,"Edwards, CO",Lake County,510777.9917742692,1.35,2333.333333333333,NA,27999.999999999996,0.457,18.2,5.48,3.56,Moderate,NA,NA,NA,NA,NA,NA,NA,NA,2026-07-31,2026-07-31
Treasure Island,FL,"Tampa-St. Petersburg-Clearwater, FL",Pinellas County,531048.5994035939,-4.17,2421.5277777777774,3.32,29058.33333333333,0.456,18.3,5.47,3.56,Moderate,6524,-0.78,965870,0.63,3.8,18.32,8.78,30.56,2026-07-31,2026-07-31
Indialantic,FL,"Palm Bay-Melbourne-Titusville, FL",Brevard County,617090.4416256637,1.59,2819.3333333333335,3.55,33832,0.457,18.2,5.48,3.56,Moderate,3117,3.42,658447,8.16,22.48,14.46,11.39,23.08,2026-07-31,2026-07-31
Visalia,CA,"Visalia, CA",Tulare County,401378.9888277052,1.02,1828.9951190476193,4.58,21947.94142857143,0.456,18.3,5.47,3.55,Moderate,146271,3.16,483546,2.03,-1.06,6.89,2.76,41.38,2026-07-31,2026-07-31
Rock Hill,SC,"Charlotte-Concord-Gastonia, NC-SC",York County,327414.7840140152,-1.49,1488.073883980134,1.58,17856.886607761608,0.454,18.3,5.45,3.55,Moderate,75798,1.53,303001,6.74,13.44,5.45,4.52,26.57,2026-07-31,2026-07-31
Brockton,MA,"Boston-Cambridge-Newton, MA-NH",Plymouth County,513495.8885158423,2.13,2334.444444444445,2.52,28013.333333333336,0.455,18.3,5.46,3.55,Moderate,105788,0.29,542090,2.58,7.97,7.23,1.91,22.38,2026-07-31,2026-07-31
Cranston,RI,"Providence-Warwick, RI-MA",Providence County,461969.0281580844,0.85,2102.4017094017095,3.96,25228.820512820515,0.455,18.3,5.46,3.55,Moderate,84448,2.02,675912,2.4,11.33,7.44,4.46,43.38,2026-07-31,2026-07-31
Farmington,NM,"Farmington, NM",San Juan County,286908.1525442598,6.43,1304.2857142857144,6.32,15651.428571428572,0.455,18.3,5.46,3.55,Moderate,46262,-0.51,120817,-0.47,-0.57,14.62,8.35,29.82,2026-07-31,2026-07-31
Lancaster,SC,"Charlotte-Concord-Gastonia, NC-SC",Lancaster County,290950.54894605774,-0.57,1322.5,NA,15870,0.455,18.3,5.45,3.55,Moderate,NA,NA,NA,NA,NA,NA,NA,NA,2026-07-31,2026-07-31
Mount Pleasant,MI,"Mount Pleasant, MI",Isabella County,231253.45400345605,6.75,1051.25,14.49,12615,0.455,18.3,5.46,3.55,Moderate,NA,NA,NA,NA,NA,NA,NA,NA,2026-07-31,2026-07-31
Ballston Spa,NY,"Albany-Schenectady-Troy, NY",Saratoga County,439936.26629967074,5.47,2001.120634920635,6.8,24013.44761904762,0.455,18.3,5.46,3.55,Moderate,4930,-3.64,240360,1.93,6.74,10.16,5.99,27.83,2026-07-31,2026-07-31
Front Royal,VA,"Washington-Arlington-Alexandria, DC-VA-MD-WV",Warren County,390550.8709270589,2.66,1779.309523809524,4.06,21351.71428571429,0.456,18.3,5.47,3.55,Moderate,15628,3.91,42461,4.08,11.33,9.32,2.95,23.82,2026-07-31,2026-07-31
Yelm,WA,"Olympia-Lacey-Tumwater, WA",Thurston County,490345.5782805672,0.64,2233.839285714286,6.3,26806.071428571428,0.456,18.3,5.47,3.55,Moderate,11715,9.49,302912,2.33,10.68,5,3.8,32.24,2026-07-31,2026-07-31
Syosset,NY,"New York-Newark-Jersey City, NY-NJ-PA",Nassau County,1133898.0144850633,4.96,5166.666666666667,NA,62000,0.456,18.3,5.47,3.55,Moderate,NA,NA,NA,NA,NA,NA,NA,NA,2026-07-31,2026-07-31
Watervliet,NY,"Albany-Schenectady-Troy, NY",Albany County,324673.4239456837,3.57,1476.3555555555556,4.94,17716.266666666666,0.455,18.3,5.46,3.55,Moderate,10268,-0.86,319964,1.89,6.58,9.68,4.33,43.28,2026-07-31,2026-07-31
Red Wing,MN,"Red Wing, MN",Goodhue County,288460.3558802219,0.33,1313.3333333333333,NA,15760,0.455,18.3,5.46,3.55,Moderate,16788,0.95,47982,0.85,-0.83,6.83,4.64,22,2026-07-31,2026-07-31
Easthampton,MA,"Springfield, MA",Hampshire County,441170.57097062375,2.34,2007.0833333333333,NA,24085,0.455,18.3,5.46,3.55,Moderate,NA,NA,NA,NA,NA,NA,NA,NA,2026-07-31,2026-07-31
Sunbury,PA,"Sunbury, PA",Northumberland County,175762.3135038987,3.62,800,NA,9600,0.455,18.3,5.46,3.55,Moderate,NA,NA,NA,NA,NA,NA,NA,NA,2026-07-31,2026-07-31
Gambrills,MD,"Baltimore-Columbia-Towson, MD",Anne Arundel County,620944.2958697632,0.97,2822.2920634920633,-0.74,33867.50476190476,0.455,18.3,5.45,3.55,Moderate,NA,NA,602350,1.51,0.69,4.79,5.5,25.04,2026-07-31,2026-07-31
East Riverdale,MD,"Washington-Arlington-Alexandria, DC-VA-MD-WV",Prince Georges County,371084.0164433845,-1.82,1689.925925925926,3.85,20279.111111111113,0.455,18.3,5.46,3.55,Moderate,NA,NA,NA,NA,NA,NA,NA,NA,2026-07-31,2026-07-31
Johnstown,OH,"Columbus, OH",Licking County,449312.3354733712,5.1,2042.8333333333333,NA,24514,0.455,18.3,5.46,3.55,Moderate,5356,3.14,184898,3.41,7.71,6.46,4.85,26.27,2026-07-31,2026-07-31
Somerville,NJ,"New York-Newark-Jersey City, NY-NJ-PA",Somerset County,554722.8743238203,3.56,2523.9249999999997,5.17,30287.1,0.455,18.3,5.46,3.55,Moderate,14428,16.76,357467,3.68,12.99,2.54,1.98,25.53,2026-07-31,2026-07-31
Becker,MN,"Minneapolis-St. Paul-Bloomington, MN-WI",Sherburne County,384201.05963784753,2,1750,NA,21000,0.455,18.3,5.47,3.55,Moderate,NA,NA,NA,NA,NA,NA,NA,NA,2026-07-31,2026-07-31
Spicewood,TX,"Austin-Round Rock-Georgetown, TX",Travis County,702242.1110056178,-2.26,3191.6666666666665,3.66,38300,0.454,18.3,5.45,3.55,Moderate,NA,NA,1363767,5.18,4.41,5.57,4.27,46.97,2026-07-31,2026-07-31
Huntsville,AL,"Huntsville, AL",Madison County,290452.76315195457,0.91,1319.4322119335573,2.74,15833.186543202686,0.454,18.3,5.45,3.54,Moderate,230402,6.48,423355,8.41,20.5,7.01,5.85,31.22,2026-07-31,2026-07-31
Marlborough,MA,"Boston-Cambridge-Newton, MA-NH",Middlesex County,585835.1640718199,0.14,2659.6329365079364,-0.72,31915.595238095237,0.454,18.4,5.45,3.54,Moderate,42169,1.16,1668956,2.54,11.63,4.52,2.96,38.37,2026-07-31,2026-07-31
Batavia,OH,"Cincinnati, OH-KY-IN",Clermont County,335400.0986113061,2.84,1524.1038011695907,1.42,18289.245614035088,0.454,18.3,5.45,3.54,Moderate,2026,2.01,214123,2.57,8.81,3.66,1.81,26.62,2026-07-31,2026-07-31
Severn,MD,"Baltimore-Columbia-Towson, MD",Anne Arundel County,520991.588461058,1.14,2363.2615384615383,-0.58,28359.13846153846,0.454,18.4,5.44,3.54,Moderate,NA,NA,602350,1.51,0.69,4.79,5.5,25.04,2026-07-31,2026-07-31
Easton,MA,"Providence-Warwick, RI-MA",Bristol County,701802.2331585651,3.9,3187.0833333333335,NA,38245,0.454,18.4,5.45,3.54,Moderate,NA,NA,NA,NA,NA,NA,NA,NA,2026-07-31,2026-07-31
Yarmouth,MA,"Barnstable Town, MA",Barnstable County,612441.8785250805,0.79,2780,NA,33360,0.454,18.4,5.45,3.54,Moderate,NA,NA,NA,NA,NA,NA,NA,NA,2026-07-31,2026-07-31
Canyon,TX,"Amarillo, TX",Randall County,301463.0489320114,2.72,1368.767857142857,10.02,16425.214285714286,0.454,18.4,5.45,3.54,Moderate,16457,10.29,150547,6.52,13.2,8.8,9.76,31.39,2026-07-31,2026-07-31
Louisburg,NC,"Raleigh-Cary, NC",Franklin County,310643.16388034535,0.63,1411.25,NA,16935,0.454,18.3,5.45,3.54,Moderate,NA,NA,NA,NA,NA,NA,NA,NA,2026-07-31,2026-07-31
Hastings,MN,"Minneapolis-St. Paul-Bloomington, MN-WI",Dakota County,388562.5917463377,3.31,1761.5,NA,21138,0.453,18.4,5.44,3.54,Moderate,22502,1.56,453156,2.89,6.72,2.73,3.92,24.65,2026-07-31,2026-07-31
Lock Haven,PA,"Lock Haven, PA",Clinton County,206599.18993716603,2.83,937.5,4.35,11250,0.454,18.4,5.45,3.54,Moderate,8531,5.4,37865,1.31,1.9,18.14,4.23,28.36,2026-07-31,2026-07-31
Clinton,MA,"Worcester, MA-CT",Worcester County,458330.0758405,-0.2,2077.2738095238096,0.51,24927.285714285717,0.453,18.4,5.44,3.54,Moderate,NA,NA,881248,2.82,8.7,5.7,3.41,34.33,2026-07-31,2026-07-31
Saddle Brook,NJ,"New York-Newark-Jersey City, NY-NJ-PA",Bergen County,675563.9471051706,4.45,3065.472222222222,NA,36785.666666666664,0.454,18.4,5.45,3.54,Moderate,NA,NA,978641,2.61,10.38,4.13,3.53,34.64,2026-07-31,2026-07-31
Lady Lake,FL,"Orlando-Kissimmee-Sanford, FL",Lake County,331743.3102859548,-1.38,1507.614417989418,-1.57,18091.373015873014,0.454,18.3,5.45,3.54,Moderate,17288,7.86,444204,15.01,42.09,12.7,9.37,23.35,2026-07-31,2026-07-31
Glendale,WI,"Milwaukee-Waukesha, WI",Milwaukee County,366763.4249520637,4.98,1663.9353535353537,-0.98,19967.224242424243,0.454,18.4,5.44,3.54,Moderate,14381,7.34,924740,-1.48,0.57,8.21,6.16,50.2,2026-07-31,2026-07-31
Alma,AR,"Fort Smith, AR-OK",Crawford County,253661.03024315217,5.98,1150,NA,13800,0.453,18.4,5.44,3.54,Moderate,NA,NA,NA,NA,NA,NA,NA,NA,2026-07-31,2026-07-31
Chelan,WA,"Wenatchee, WA",Chelan County,521547.21783072595,-7.79,2368.75,NA,28425,0.454,18.3,5.45,3.54,Moderate,NA,NA,NA,NA,NA,NA,NA,NA,2026-07-31,2026-07-31
San Marcos,TX,"Austin-Round Rock-Georgetown, TX",Hays County,310480.05292470957,-3.74,1403.803716735879,-2.35,16845.64460083055,0.452,18.4,5.43,3.53,Moderate,74316,8.93,292029,19.69,29.92,5.29,3.58,35.89,2026-07-31,2026-07-31
Revere,MA,"Boston-Cambridge-Newton, MA-NH",Suffolk County,625231.2710047673,0.75,2828.281045751634,0.5,33939.37254901961,0.452,18.4,5.43,3.53,Moderate,60702,-1.95,793144,-0.51,10.02,8.97,4.43,63.39,2026-07-31,2026-07-31
Lincoln,CA,"Sacramento-Roseville-Folsom, CA",Placer County,645263.7922564568,0.08,2920.4587301587303,1.69,35045.50476190476,0.453,18.4,5.43,3.53,Moderate,56268,12.6,433822,6.87,21.94,11.81,3.91,25.72,2026-07-31,2026-07-31
Granbury,TX,"Granbury, TX",Hood County,376234.6516638216,-0.08,1703.319909502262,1.69,20439.838914027143,0.453,18.4,5.43,3.53,Moderate,12934,17.06,69126,11.39,23.23,13.22,16.3,18.68,2026-07-31,2026-07-31
Georgetown,KY,"Lexington-Fayette, KY",Scott County,342804.1312847104,4.27,1551.0351851851854,3.71,18612.422222222223,0.452,18.4,5.43,3.53,Moderate,40518,7.22,61700,7.24,13.79,5.21,1.28,27.85,2026-07-31,2026-07-31
Ozark,MO,"Springfield, MO",Christian County,324203.82024180307,1.65,1468.5205026455026,3.3,17622.24603174603,0.453,18.4,5.44,3.53,Moderate,23248,8.59,96045,7.56,14.74,4.77,1.67,24.01,2026-07-31,2026-07-31
Central Point,OR,"Medford, OR",Jackson County,423657.42684227234,0.84,1919.5555555555557,5.83,23034.666666666668,0.453,18.4,5.44,3.53,Moderate,19128,0.15,221331,-1.08,2.88,6.6,3.86,35.02,2026-07-31,2026-07-31
Gladstone,MO,"Kansas City, MO-KS",Clay County,272624.4492628121,2.65,1234.2642857142855,2.67,14811.171428571426,0.453,18.4,5.43,3.53,Moderate,27579,1.74,263370,3.63,8.53,5.32,4.67,31.12,2026-07-31,2026-07-31
Elko,NV,"Elko, NV",Elko County,365326.8865752329,1.85,1654.0333333333335,NA,19848.4,0.453,18.4,5.43,3.53,Moderate,20822,1.29,54363,1.28,-1.38,11.29,10.03,29.55,2026-07-31,2026-07-31
Prairie Village,KS,"Kansas City, MO-KS",Johnson County,500763.1591105331,7.45,2267.25641025641,3.92,27207.076923076922,0.453,18.4,5.43,3.53,Moderate,22919,-0.17,632276,3.45,6.72,4.13,5,31.44,2026-07-31,2026-07-31
Kaufman,TX,"Dallas-Fort Worth-Arlington, TX",Kaufman County,293900.37409189425,1.56,1329.6666666666667,NA,15956,0.452,18.4,5.43,3.53,Moderate,NA,NA,NA,NA,NA,NA,NA,NA,2026-07-31,2026-07-31
Truckee,CA,"Truckee-Grass Valley, CA",Nevada County,1025139.4029153312,1.14,4636.059829059829,5.86,55632.71794871795,0.452,18.4,5.43,3.53,Moderate,17240,2.81,102195,-0.07,4.94,22.43,3.91,25.56,2026-07-31,2026-07-31
Barre,VT,"Barre, VT",Washington County,314073.59192921885,1.16,1421.388888888889,NA,17056.666666666668,0.453,18.4,5.43,3.53,Moderate,NA,NA,NA,NA,NA,NA,NA,NA,2026-07-31,2026-07-31
Millbury,MA,"Worcester, MA-CT",Worcester County,512180.6700701277,1.45,2317.3333333333335,NA,27808,0.452,18.4,5.43,3.53,Moderate,NA,NA,881248,2.82,8.7,5.7,3.41,34.33,2026-07-31,2026-07-31
Melissa,TX,"Dallas-Fort Worth-Arlington, TX",Collin County,430393.872004657,-6.02,1949.3565432098767,2.35,23392.27851851852,0.453,18.4,5.44,3.53,Moderate,26194,82.71,1254658,16.64,31.61,5.16,6.55,35.92,2026-07-31,2026-07-31
Havre,MT,NA,Hill County,240901.82593462095,7.05,1091.6666666666667,NA,13100,0.453,18.4,5.44,3.53,Moderate,NA,NA,NA,NA,NA,NA,NA,NA,2026-07-31,2026-07-31
Reading,OH,"Cincinnati, OH-KY-IN",Hamilton County,234048.03893207156,0.97,1060.1607142857144,3.03,12721.928571428572,0.453,18.4,5.44,3.53,Moderate,10482,-1.01,837359,0.84,4.18,7.42,4.2,41.01,2026-07-31,2026-07-31
Discovery Bay,CA,"San Francisco-Oakland-Berkeley, CA",Contra Costa County,784185.9258043318,-1.98,3545.722222222222,2.72,42548.666666666664,0.452,18.4,5.43,3.53,Moderate,NA,NA,1172607,0.55,6.48,3.5,2.91,32.35,2026-07-31,2026-07-31
Newbury,MA,"Boston-Cambridge-Newton, MA-NH",Essex County,953073.2129679272,2.6,4316.666666666667,NA,51800,0.453,18.4,5.44,3.53,Moderate,NA,NA,NA,NA,NA,NA,NA,NA,2026-07-31,2026-07-31
Fort Wright,KY,"Cincinnati, OH-KY-IN",Kenton County,348751.28167809785,2.45,1576.6666666666667,NA,18920,0.452,18.4,5.43,3.53,Moderate,6096,5.12,174862,3.3,10.73,7.27,5.15,29.96,2026-07-31,2026-07-31
Modesto,CA,"Modesto, CA",Stanislaus County,447153.1765382649,-0.36,2015.4537815126052,0.26,24185.445378151264,0.451,18.5,5.41,3.52,Moderate,220592,0.86,556972,0.59,2.04,4.22,2.75,39,2026-07-31,2026-07-31
Coral Springs,FL,"Miami-Fort Lauderdale-Pompano Beach, FL",Broward County,525073.303448496,-2.68,2370.1378637566136,0.63,28441.65436507936,0.451,18.5,5.42,3.52,Moderate,140808,4.94,2037472,4.84,14.84,13.18,6.08,36.74,2026-07-31,2026-07-31
Clovis,CA,"Fresno, CA",Fresno County,521300.44315919577,0.61,2353.907342826698,3.76,28246.888113920373,0.452,18.5,5.42,3.52,Moderate,127993,5.97,1024125,1.44,-1.54,5.8,3.02,44.58,2026-07-31,2026-07-31
Brandon,FL,"Tampa-St. Petersburg-Clearwater, FL",Hillsborough County,359209.7036486738,-0.93,1623.327798867799,-3.68,19479.933586413586,0.452,18.4,5.42,3.52,Moderate,NA,NA,1581426,7.85,12.2,7.8,6.74,38.94,2026-07-31,2026-07-31
Levittown,PA,"Philadelphia-Camden-Wilmington, PA-NJ-DE-MD",Bucks County,403730.86320031417,2.88,1823.9675925925924,1.84,21887.61111111111,0.452,18.4,5.42,3.52,Moderate,NA,NA,650131,0.61,4.89,3.41,3.04,21.99,2026-07-31,2026-07-31
Russellville,AR,"Russellville, AR",Pope County,218458.44001763212,3.17,984.8809523809524,4.24,11818.57142857143,0.451,18.5,5.41,3.52,Moderate,29442,1.71,64829,2.24,0.99,10.95,6.05,28.77,2026-07-31,2026-07-31
Amherst,MA,"Springfield, MA",Hampshire County,551422.8436376783,1.63,2490.9166666666665,2.66,29891,0.452,18.4,5.42,3.52,Moderate,NA,NA,165399,11.31,1.4,7.1,6.45,31.21,2026-07-31,2026-07-31
Golden Glades,FL,"Miami-Fort Lauderdale-Pompano Beach, FL",Miami-Dade County,483198.9403487672,1.55,2180.679616679617,2.97,26168.155400155403,0.451,18.5,5.42,3.52,Moderate,NA,NA,2838461,5.29,19.88,11.11,5.36,47.81,2026-07-31,2026-07-31
North Providence,RI,"Providence-Warwick, RI-MA",Providence County,419906.3974461436,1.64,1895.8783068783068,5.05,22750.539682539682,0.452,18.5,5.42,3.52,Moderate,NA,NA,675912,2.4,11.33,7.44,4.46,43.38,2026-07-31,2026-07-31
Clemmons,NC,"Winston-Salem, NC",Forsyth County,389183.3057212834,0.54,1757.642857142857,1.27,21091.714285714286,0.452,18.5,5.42,3.52,Moderate,22471,5.83,398143,4.05,9.43,10.09,8.4,37.31,2026-07-31,2026-07-31
Edwardsville,IL,"St. Louis, MO-IL",Madison County,333548.4947722881,4.47,1505.1953601953603,4.69,18062.344322344325,0.451,18.5,5.42,3.52,Moderate,26715,-0.37,263017,-1.03,1.59,8.04,3.83,26.39,2026-07-31,2026-07-31
Fleming Island,FL,"Jacksonville, FL",Clay County,445014.1597812163,-0.54,2010.327380952381,1.68,24123.928571428572,0.452,18.4,5.42,3.52,Moderate,NA,NA,236760,8.13,16.84,6.2,2.2,23.76,2026-07-31,2026-07-31
Lisle,IL,"Chicago-Naperville-Elgin, IL-IN-WI",DuPage County,438465.0372673558,3.38,1980.6269696969696,5.49,23767.523636363636,0.452,18.4,5.42,3.52,Moderate,23548,-0.49,937142,0.6,5.3,4.53,5.6,26.87,2026-07-31,2026-07-31
Dickson,TN,"Nashville-Davidson--Murfreesboro--Franklin, TN",Dickson County,348921.3428659122,2,1574,NA,18888,0.451,18.5,5.41,3.52,Moderate,16878,5.04,57641,5.85,14.43,9.08,7.66,19.72,2026-07-31,2026-07-31
Long Beach,NY,"New York-Newark-Jersey City, NY-NJ-PA",Nassau County,810460.6073814695,4.84,3653.2799145299145,4.03,43839.35897435898,0.451,18.5,5.41,3.52,Moderate,34777,-0.07,1392438,0.13,2.32,4.56,4.6,18.07,2026-07-31,2026-07-31
Windsor,CA,"Santa Rosa-Petaluma, CA",Sonoma County,798777.4814378679,-0.03,3605.555555555555,NA,43266.666666666664,0.451,18.5,5.42,3.52,Moderate,25846,-1.89,485375,-0.64,4.42,7.67,2.55,37.8,2026-07-31,2026-07-31
Imperial,MO,"St. Louis, MO-IL",Jefferson County,332037.4311366242,3.27,1497.5,NA,17970,0.451,18.5,5.41,3.52,Moderate,NA,NA,NA,NA,NA,NA,NA,NA,2026-07-31,2026-07-31
Miami Shores,FL,"Miami-Fort Lauderdale-Pompano Beach, FL",Miami-Dade County,749422.2454869387,3.08,3386.805555555555,2.79,40641.666666666664,0.452,18.4,5.42,3.52,Moderate,11917,1.91,2838461,5.29,19.88,11.11,5.36,47.81,2026-07-31,2026-07-31
Paris,TN,"Paris, TN",Henry County,216166.34579904785,6.47,975,NA,11700,0.451,18.5,5.41,3.52,Moderate,NA,NA,NA,NA,NA,NA,NA,NA,2026-07-31,2026-07-31
Farmville,VA,NA,Prince Edward County,269092.50857763115,7.61,1215,NA,14580,0.452,18.5,5.42,3.52,Moderate,7578,0.36,22276,1.75,14.23,17.57,2.2,40.05,2026-07-31,2026-07-31
Shiloh,IL,"St. Louis, MO-IL",Saint Clair County,321972.6956864279,1.77,1453.3083333333334,8.85,17439.7,0.451,18.5,5.42,3.52,Moderate,14754,4.35,NA,NA,NA,NA,NA,NA,2026-07-31,2026-07-31
Independence,OR,"Salem, OR",Polk County,430520.2704792618,2.25,1944.8063492063493,-0.56,23337.67619047619,0.452,18.4,5.42,3.52,Moderate,10295,2.94,90549,2.89,3.24,5.43,3.94,35.41,2026-07-31,2026-07-31
Selma,TX,"San Antonio-New Braunfels, TX",Bexar County,287686.7868806299,-2.98,1296.9160945842868,-4.36,15562.993135011442,0.451,18.5,5.41,3.52,Moderate,11900,4.13,2127737,5.56,8.6,8.27,8.16,40.89,2026-07-31,2026-07-31
Lincoln,NE,"Lincoln, NE",Lancaster County,295358.70163566066,3.14,1330.1716568429545,2.38,15962.059882115453,0.45,18.5,5.4,3.51,Moderate,300619,3.01,332857,3,9.01,4.39,3,41.16,2026-07-31,2026-07-31
Antioch,CA,"San Francisco-Oakland-Berkeley, CA",Contra Costa County,595247.763159789,-2.14,2679.3219373219367,2.04,32151.863247863243,0.45,18.5,5.4,3.51,Moderate,118453,2.66,1172607,0.55,6.48,3.5,2.91,32.35,2026-07-31,2026-07-31
Rancho Cordova,CA,"Sacramento-Roseville-Folsom, CA",Sacramento County,535848.3368589161,-2.28,2410.0945695695696,3.15,28921.134834834833,0.45,18.5,5.4,3.51,Moderate,84113,5.63,1611231,1.54,7.33,4.28,3.63,41.37,2026-07-31,2026-07-31
Salisbury,NC,"Charlotte-Concord-Gastonia, NC-SC",Rowan County,284346.04227878613,0.78,1278.1286303995282,0.64,15337.543564794338,0.449,18.5,5.39,3.51,Moderate,36579,3.54,153384,4.41,11.42,10.12,5.17,28.76,2026-07-31,2026-07-31
Leander,TX,"Austin-Round Rock-Georgetown, TX",Travis County,427011.834457519,-6.68,1922.2953302661335,-0.26,23067.543963193602,0.45,18.5,5.4,3.51,Moderate,87511,43.82,1363767,5.18,4.41,5.57,4.27,46.97,2026-07-31,2026-07-31
Midlothian,TX,"Dallas-Fort Worth-Arlington, TX",Ellis County,456508.9757869155,-0.55,2051.8871031746035,-0.56,24622.64523809524,0.449,18.5,5.39,3.51,Moderate,44104,24.08,232387,19.58,34.12,5.09,4.27,23.75,2026-07-31,2026-07-31
Seneca,SC,"Seneca, SC",Oconee County,311241.9500560583,2.18,1401.2870370370372,1.01,16815.444444444445,0.45,18.5,5.4,3.51,Moderate,9202,3.86,82475,4.68,16.36,18.94,5.92,24.58,2026-07-31,2026-07-31
Bridgewater,MA,"Boston-Cambridge-Newton, MA-NH",Plymouth County,646295.0979677787,3.31,2911.785714285714,1.7,34941.42857142857,0.451,18.5,5.41,3.51,Moderate,NA,NA,542090,2.58,7.97,7.23,1.91,22.38,2026-07-31,2026-07-31
Pell City,AL,"Birmingham-Hoover, AL",Saint Clair County,290887.2763091413,3.49,1307.611111111111,NA,15691.333333333332,0.45,18.5,5.39,3.51,Moderate,NA,NA,NA,NA,NA,NA,NA,NA,2026-07-31,2026-07-31
Port Hueneme,CA,"Oxnard-Thousand Oaks-Ventura, CA",Ventura County,632315.4835334471,0.9,2842.797619047619,-1.01,34113.57142857143,0.45,18.5,5.4,3.51,Moderate,21325,-2.8,835427,-0.99,0.32,5.64,3.81,35.84,2026-07-31,2026-07-31
Cudahy,WI,"Milwaukee-Waukesha, WI",Milwaukee County,296282.8821356849,4.82,1332.3333333333333,NA,15988,0.45,18.5,5.4,3.51,Moderate,17704,-2.62,924740,-1.48,0.57,8.21,6.16,50.2,2026-07-31,2026-07-31
Portsmouth,RI,"Providence-Warwick, RI-MA",Newport County,690525.3029637969,3.56,3103.777777777778,NA,37245.333333333336,0.449,18.5,5.39,3.51,Moderate,NA,NA,83468,-2.39,-1.38,16.92,7.6,32.56,2026-07-31,2026-07-31
Ashland City,TN,"Nashville-Davidson--Murfreesboro--Franklin, TN",Cheatham County,354262.04934897134,1.05,1593.027777777778,3.99,19116.333333333336,0.45,18.5,5.4,3.51,Moderate,5689,9.7,42604,3.68,9.93,7.36,0.28,18.05,2026-07-31,2026-07-31
Manassas Park,VA,"Washington-Arlington-Alexandria, DC-VA-MD-WV",Manassas Park City,463874.43806578947,1.16,2089.546296296296,-2.29,25074.555555555555,0.45,18.5,5.41,3.51,Moderate,16611,-3.22,NA,NA,NA,NA,NA,NA,2026-07-31,2026-07-31
Two Rivers,WI,"Manitowoc, WI",Manitowoc County,232715.9281180185,3.11,1047.5,NA,12570,0.45,18.5,5.4,3.51,Moderate,NA,NA,NA,NA,NA,NA,NA,NA,2026-07-31,2026-07-31
Piedmont,OK,"Oklahoma City, OK",Canadian County,344179.178802833,1.21,1547.2222222222224,NA,18566.666666666668,0.45,18.5,5.39,3.51,Moderate,9092,21.47,181760,16.93,26.01,5.78,5.62,25.24,2026-07-31,2026-07-31
Bullard,TX,"Jacksonville, TX",Cherokee County,376291.4200992764,-1.01,1691.5,NA,20298,0.45,18.5,5.39,3.51,Moderate,5070,32.07,53223,5.16,8.92,13.73,9.07,27.26,2026-07-31,2026-07-31
Manteca,CA,"Stockton, CA",San Joaquin County,581223.57343184,-3.8,2611.078497525866,0.62,31332.941970310392,0.449,18.5,5.39,3.5,Moderate,94292,12.17,816108,4.54,9.17,6.02,3.67,38.47,2026-07-31,2026-07-31
Winchester,VA,"Winchester, VA-WV",Frederick County,403553.7599655763,1.44,1812.0166666666669,4.28,21744.200000000004,0.449,18.6,5.39,3.5,Moderate,27800,-0.72,98109,6.75,18.52,6.22,3.38,21.98,2026-07-31,2026-07-31
Ankeny,IA,"Des Moines-West Des Moines, IA",Polk County,341195.63855999714,1.05,1532.7841940777987,0.96,18393.410328933584,0.449,18.5,5.39,3.5,Moderate,76727,11.91,516185,4.69,12.01,5.87,5,32.93,2026-07-31,2026-07-31
Union,NJ,"New York-Newark-Jersey City, NY-NJ-PA",Union County,582083.1764330481,2.69,2608.5544871794873,3.59,31302.653846153848,0.448,18.6,5.38,3.5,Moderate,NA,NA,594160,3.57,15.84,4.55,3.18,42.39,2026-07-31,2026-07-31
Evans,GA,"Augusta-Richmond County, GA-SC",Columbia County,410608.972588209,1.14,1843.1049382716049,0.78,22117.25925925926,0.449,18.6,5.39,3.5,Moderate,NA,NA,167472,6.76,9.29,13.79,10.72,21.51,2026-07-31,2026-07-31
Bullhead City,AZ,"Lake Havasu City-Kingman, AZ",Mohave County,301328.1007117888,1.99,1353.8596866096866,0.13,16246.316239316238,0.449,18.5,5.39,3.5,Moderate,43266,4.27,226479,5.75,21.83,18.98,2.42,26.37,2026-07-31,2026-07-31
Stevens Point,WI,"Stevens Point, WI",Portage County,289524.7700582169,8.34,1300.888888888889,2.22,15610.666666666668,0.449,18.5,5.39,3.5,Moderate,26465,2.95,72040,2.31,8.66,5.91,4.14,30.68,2026-07-31,2026-07-31
Mountain Home,ID,"Mountain Home, ID",Elmore County,363957.38043019385,1.36,1633.2777777777776,5.6,19599.333333333332,0.449,18.6,5.39,3.5,Moderate,16912,5.22,29729,3.66,-7.16,10.85,0.13,34.67,2026-07-31,2026-07-31
Sartell,MN,"St. Cloud, MN",Stearns County,339958.0917098788,2.54,1526.8055555555557,NA,18321.666666666668,0.449,18.6,5.39,3.5,Moderate,19979,3.11,163997,3.48,6.4,7.97,4.39,32.19,2026-07-31,2026-07-31
Emmaus,PA,"Allentown-Bethlehem-Easton, PA-NJ",Lehigh County,396893.9868607526,4.31,1782.5,-2.25,21390,0.449,18.6,5.39,3.5,Moderate,12314,5.79,385655,2.98,11.77,4.72,3.33,34.79,2026-07-31,2026-07-31
Guntersville,AL,"Albertville, AL",Marshall County,305909.0979452328,3.06,1373.75,NA,16485,0.449,18.6,5.39,3.5,Moderate,NA,NA,NA,NA,NA,NA,NA,NA,2026-07-31,2026-07-31
Fairview Park,OH,"Cleveland-Elyria, OH",Cuyahoga County,290058.26828687056,3.18,1300.875,NA,15610.5,0.448,18.6,5.38,3.5,Moderate,NA,NA,NA,NA,NA,NA,NA,NA,2026-07-31,2026-07-31
Hooksett,NH,"Concord, NH",Merrimack County,536548.3844215524,2.26,2406.2999999999997,NA,28875.6,0.448,18.6,5.38,3.5,Moderate,NA,NA,157869,2.49,7.68,8.53,4.51,26.5,2026-07-31,2026-07-31
Opa-locka,FL,"Miami-Fort Lauderdale-Pompano Beach, FL",Miami-Dade County,476314.1629058528,-0.14,2134.722222222222,-1.66,25616.666666666664,0.448,18.6,5.38,3.5,Moderate,16507,0.75,2838461,5.29,19.88,11.11,5.36,47.81,2026-07-31,2026-07-31
Marion,AR,"Memphis, TN-MS-AR",Crittenden County,240481.394109456,3.59,1080,NA,12960,0.449,18.6,5.39,3.5,Moderate,NA,NA,NA,NA,NA,NA,NA,NA,2026-07-31,2026-07-31
Raritan,NJ,"New York-Newark-Jersey City, NY-NJ-PA",Somerset County,557615.3113881348,2.38,2499.6,4.7,29995.199999999997,0.448,18.6,5.38,3.5,Moderate,8584,9.77,357467,3.68,12.99,2.54,1.98,25.53,2026-07-31,2026-07-31
Rock Hill,MO,"St. Louis, MO-IL",Saint Louis County,307737.5587660735,0.99,1380.9444444444443,NA,16571.333333333332,0.449,18.6,5.38,3.5,Moderate,4669,-1.46,NA,NA,NA,NA,NA,NA,2026-07-31,2026-07-31
Cleveland,TN,"Cleveland, TN",Bradley County,315873.8321595508,1.73,1412.8876262626263,1,16954.651515151516,0.447,18.6,5.37,3.49,Moderate,50232,4.84,113782,4.55,14.5,7.71,3.56,32.47,2026-07-31,2026-07-31
Holland,MI,"Grand Rapids-Kentwood, MI",Ottawa County,375720.9996554039,4.25,1679.485105580694,2.8,20153.821266968327,0.447,18.6,5.36,3.49,Moderate,35023,1.96,306235,3.14,6.51,5.3,2.83,21.5,2026-07-31,2026-07-31
Fond du Lac,WI,"Fond du Lac, WI",Fond du Lac County,268231.61477311683,4.51,1200.5072150072149,8.7,14406.08658008658,0.448,18.6,5.37,3.49,Moderate,44469,-0.46,104269,0.11,2.49,6.3,5.83,29.65,2026-07-31,2026-07-31
Wylie,TX,"Dallas-Fort Worth-Arlington, TX",Collin County,420076.81685163296,-5.93,1878.9186795491144,0.08,22547.024154589373,0.447,18.6,5.37,3.49,Moderate,62954,8.76,1254658,16.64,31.61,5.16,6.55,35.92,2026-07-31,2026-07-31
Linden,NJ,"New York-Newark-Jersey City, NY-NJ-PA",Union County,553704.7313758812,1.5,2480.5256410256407,3.05,29766.307692307688,0.448,18.6,5.38,3.49,Moderate,45393,4.26,594160,3.57,15.84,4.55,3.18,42.39,2026-07-31,2026-07-31
Monroe,GA,"Atlanta-Sandy Springs-Alpharetta, GA",Walton County,379097.67233443866,1.1,1697.7094017094016,5.01,20372.51282051282,0.448,18.6,5.37,3.49,Moderate,16270,8.29,109792,13.03,25.68,4.54,1.62,20.82,2026-07-31,2026-07-31
Shelbyville,TN,"Shelbyville, TN",Bedford County,315850.3000597118,1.48,1414.5833333333333,NA,16975,0.448,18.6,5.37,3.49,Moderate,25792,9.05,54228,7.6,14.61,5.84,4.77,29.82,2026-07-31,2026-07-31
Bay Shore,NY,"New York-Newark-Jersey City, NY-NJ-PA",Suffolk County,659148.8235547325,3.76,2952.9603174603176,1.39,35435.52380952381,0.448,18.6,5.38,3.49,Moderate,NA,NA,1535909,0.9,2.22,11.64,3.67,18.09,2026-07-31,2026-07-31
Cranberry Township,PA,"Pittsburgh, PA",Butler County,435905.4181835604,2.47,1947.8569023569023,1.75,23374.282828282827,0.447,18.6,5.36,3.49,Moderate,NA,NA,199341,2.72,5.8,7.12,5.23,23.63,2026-07-31,2026-07-31
Medford,NY,"New York-Newark-Jersey City, NY-NJ-PA",Suffolk County,627709.5430096568,4.85,2805.75,NA,33669,0.447,18.6,5.36,3.49,Moderate,NA,NA,NA,NA,NA,NA,NA,NA,2026-07-31,2026-07-31
Dover,NJ,"New York-Newark-Jersey City, NY-NJ-PA",Morris County,522185.0864080002,1.23,2335.1388888888887,NA,28021.666666666664,0.447,18.6,5.37,3.49,Moderate,NA,NA,NA,NA,NA,NA,NA,NA,2026-07-31,2026-07-31
South Plainfield,NJ,"New York-Newark-Jersey City, NY-NJ-PA",Middlesex County,598263.1814821585,4.56,2676.6222222222223,NA,32119.466666666667,0.447,18.6,5.37,3.49,Moderate,25062,3.21,890119,3.33,12.92,3.48,2.61,36.53,2026-07-31,2026-07-31
Jessup,MD,"Baltimore-Columbia-Towson, MD",Howard County,511278.73767731903,-0.33,2290.1468253968255,2.24,27481.76190476191,0.448,18.6,5.38,3.49,Moderate,NA,NA,339668,2.06,3.73,3.55,5.06,28.29,2026-07-31,2026-07-31
Pendleton,OR,"Hermiston-Pendleton, OR",Umatilla County,304381.4896462508,2.74,1361.7333333333331,0.79,16340.799999999997,0.447,18.6,5.37,3.49,Moderate,17026,0.11,80491,0.75,8.6,11.04,5.28,32.86,2026-07-31,2026-07-31
Harrison,NJ,"New York-Newark-Jersey City, NY-NJ-PA",Hudson County,586684.1193580766,0.91,2624.0184082892415,1.01,31488.2208994709,0.447,18.6,5.37,3.49,Moderate,22182,13.86,736185,1.98,14.43,6.78,4.46,68.82,2026-07-31,2026-07-31
South Hadley,MA,"Springfield, MA",Hampshire County,392263.63163575187,0.3,1752.7777777777776,NA,21033.333333333332,0.447,18.6,5.36,3.49,Moderate,NA,NA,NA,NA,NA,NA,NA,NA,2026-07-31,2026-07-31
Madison,CT,"New Haven-Milford, CT",New Haven County,729396.579973963,3.56,3264.1666666666665,NA,39170,0.448,18.6,5.37,3.49,Moderate,NA,NA,NA,NA,NA,NA,NA,NA,2026-07-31,2026-07-31
West Park,FL,"Miami-Fort Lauderdale-Pompano Beach, FL",Broward County,430078.3466445237,-2.53,1925.5555555555557,-1.31,23106.666666666668,0.448,18.6,5.37,3.49,Moderate,15641,3.57,2037472,4.84,14.84,13.18,6.08,36.74,2026-07-31,2026-07-31
Reedsburg,WI,"Baraboo, WI",Sauk County,314543.235781059,4.34,1408.3333333333333,NA,16900,0.448,18.6,5.37,3.49,Moderate,NA,NA,NA,NA,NA,NA,NA,NA,2026-07-31,2026-07-31
Rogers,MN,"Minneapolis-St. Paul-Bloomington, MN-WI",Hennepin County,467924.2875677739,0.78,2092.116161616161,NA,25105.393939393936,0.447,18.6,5.37,3.49,Moderate,14493,8.77,1273334,-0.65,4.24,5.29,5.38,37.05,2026-07-31,2026-07-31
Kenwood,OH,"Cincinnati, OH-KY-IN",Hamilton County,513197.99821322743,0.91,2296.8777777777777,NA,27562.533333333333,0.448,18.6,5.37,3.49,Moderate,NA,NA,837359,0.84,4.18,7.42,4.2,41.01,2026-07-31,2026-07-31
Hayden,CO,"Steamboat Springs, CO",Routt County,524868.2968039055,4.34,2350,NA,28200,0.448,18.6,5.37,3.49,Moderate,NA,NA,NA,NA,NA,NA,NA,NA,2026-07-31,2026-07-31
Schenectady,NY,"Albany-Schenectady-Troy, NY",Schenectady County,336283.2952493342,5.34,1499.559523809524,2.58,17994.71428571429,0.446,18.7,5.35,3.48,Moderate,69495,1.68,162261,1.86,11.06,6.65,4.78,36.18,2026-07-31,2026-07-31
New Braunfels,TX,"San Antonio-New Braunfels, TX",Comal County,351189.93535270804,-2.27,1566.0005484497287,-1.43,18792.006581396745,0.446,18.7,5.35,3.48,Moderate,116477,27.04,201628,23.22,36.2,9.17,6.79,23.15,2026-07-31,2026-07-31
Pflugerville,TX,"Austin-Round Rock-Georgetown, TX",Travis County,373187.88415407314,-5.07,1667.1950646335945,-0.96,20006.340775603134,0.447,18.7,5.36,3.48,Moderate,66819,2.03,1363767,5.18,4.41,5.57,4.27,46.97,2026-07-31,2026-07-31
Casper,WY,"Casper, WY",Natrona County,313758.7564218226,1.61,1400.6186868686866,0.75,16807.42424242424,0.446,18.7,5.36,3.48,Moderate,58823,-0.83,80410,0.14,4.71,10.29,6.85,26.43,2026-07-31,2026-07-31
Manhattan,KS,"Manhattan, KS",Riley County,298307.4269441931,4.94,1332.257292827945,4.54,15987.087513935341,0.447,18.7,5.36,3.48,Moderate,54700,1.01,72557,0.76,7.64,11.53,6.95,55.15,2026-07-31,2026-07-31
Levittown,NY,"New York-Newark-Jersey City, NY-NJ-PA",Nassau County,739573.2374246399,3.78,3302.777777777778,NA,39633.333333333336,0.447,18.7,5.36,3.48,Moderate,NA,NA,NA,NA,NA,NA,NA,NA,2026-07-31,2026-07-31
Thorndale,PA,"Philadelphia-Camden-Wilmington, PA-NJ-DE-MD",Chester County,418641.6039035306,2.46,1869.4444444444443,NA,22433.333333333332,0.447,18.7,5.36,3.48,Moderate,NA,NA,560745,4.84,7.29,3.95,3.98,25.05,2026-07-31,2026-07-31
Hickory Creek,TX,"Dallas-Fort Worth-Arlington, TX",Denton County,495446.0098233434,-1.44,2213.333333333333,NA,26559.999999999996,0.447,18.7,5.36,3.48,Moderate,NA,NA,NA,NA,NA,NA,NA,NA,2026-07-31,2026-07-31
Nash,TX,"Texarkana, TX-AR",Bowie County,162585.3799673694,5.28,725,NA,8700,0.446,18.7,5.35,3.48,Moderate,NA,NA,NA,NA,NA,NA,NA,NA,2026-07-31,2026-07-31
Farmersville,TX,"Dallas-Fort Worth-Arlington, TX",Collin County,331472.68102232,-4.51,1479.361111111111,NA,17752.333333333332,0.446,18.7,5.36,3.48,Moderate,NA,NA,NA,NA,NA,NA,NA,NA,2026-07-31,2026-07-31
Downers Grove,IL,"Chicago-Naperville-Elgin, IL-IN-WI",DuPage County,513662.6954381156,6.03,2286.2051282051284,3.44,27434.46153846154,0.445,18.7,5.34,3.47,Moderate,50552,0.74,937142,0.6,5.3,4.53,5.6,26.87,2026-07-31,2026-07-31
Chambersburg,PA,"Chambersburg-Waynesboro, PA",Franklin County,291704.8317724059,1.77,1298.4126984126983,2.7,15580.95238095238,0.445,18.7,5.34,3.47,Moderate,23041,5.31,159285,2.14,8.04,5.63,3.51,26.78,2026-07-31,2026-07-31
Berwyn,IL,"Chicago-Naperville-Elgin, IL-IN-WI",Cook County,319911.7093063006,6.03,1424.047619047619,5.95,17088.571428571428,0.445,18.7,5.34,3.47,Moderate,55152,-3.24,5182617,-1.6,5.9,8.18,4.67,42.49,2026-07-31,2026-07-31
Asheboro,NC,"Greensboro-High Point, NC",Randolph County,243256.30476199847,2.32,1081.909523809524,4.28,12982.914285714287,0.445,18.7,5.34,3.47,Moderate,27928,2.51,148389,2.76,6.31,8.91,2.98,27.33,2026-07-31,2026-07-31
Greeneville,TN,"Greeneville, TN",Greene County,250108.44204680272,2.1,1111.5079365079364,9.66,13338.095238095237,0.444,18.8,5.33,3.47,Moderate,15979,3.02,73398,4.34,17.97,13.48,8.49,24.09,2026-07-31,2026-07-31
Salem,MA,"Boston-Cambridge-Newton, MA-NH",Essex County,614321.4082587386,0.53,2730.0730842911876,1.53,32760.877011494253,0.444,18.8,5.33,3.47,Moderate,45677,4.6,823938,2,7.8,5.11,2.53,36.04,2026-07-31,2026-07-31
Englewood,NJ,"New York-Newark-Jersey City, NY-NJ-PA",Bergen County,636712.4957755405,1.38,2836.3365384615386,1.97,34036.03846153846,0.445,18.7,5.35,3.47,Moderate,30221,3.38,978641,2.61,10.38,4.13,3.53,34.64,2026-07-31,2026-07-31
West Springfield,MA,"Springfield, MA",Hampden County,370481.2592697923,4.48,1647.7,NA,19772.4,0.445,18.7,5.34,3.47,Moderate,NA,NA,NA,NA,NA,NA,NA,NA,2026-07-31,2026-07-31
Belmont,NC,"Charlotte-Concord-Gastonia, NC-SC",Gaston County,437626.0016406093,0.71,1945.1495726495723,0.52,23341.794871794868,0.444,18.7,5.33,3.47,Moderate,16044,5.8,242010,5.85,15.72,7.81,5.03,34.18,2026-07-31,2026-07-31
Elmwood Park,IL,"Chicago-Naperville-Elgin, IL-IN-WI",Cook County,360117.80478230375,5.06,1602.0833333333333,NA,19225,0.445,18.7,5.34,3.47,Moderate,23698,-2.99,5182617,-1.6,5.9,8.18,4.67,42.49,2026-07-31,2026-07-31
Ledyard,CT,"Norwich-New London, CT",New London County,421784.6951139821,7.47,1875,NA,22500,0.445,18.7,5.33,3.47,Moderate,NA,NA,NA,NA,NA,NA,NA,NA,2026-07-31,2026-07-31
North Saint Paul,MN,"Minneapolis-St. Paul-Bloomington, MN-WI",Ramsey County,332204.07630006265,1.31,1479.2777777777776,5.87,17751.333333333332,0.445,18.7,5.34,3.47,Moderate,NA,NA,542015,-1.76,3.41,5.41,6.16,38.97,2026-07-31,2026-07-31
Pennington,NJ,"Trenton-Princeton, NJ",Mercer County,686693.6782541568,1.43,3053.2333333333336,3.28,36638.8,0.445,18.7,5.34,3.47,Moderate,2906,4.27,392138,1.46,11.79,6.07,3.03,38.11,2026-07-31,2026-07-31
Port Jefferson,NY,"New York-Newark-Jersey City, NY-NJ-PA",Suffolk County,776947.2741599089,6.58,3452.616666666667,NA,41431.4,0.444,18.8,5.33,3.47,Moderate,NA,NA,NA,NA,NA,NA,NA,NA,2026-07-31,2026-07-31
Woodland,CA,"Sacramento-Roseville-Folsom, CA",Yolo County,555155.1763282284,-1.11,2461.6507936507937,0.75,29539.809523809527,0.443,18.8,5.32,3.46,Moderate,62983,3.31,225251,3.44,8.98,6.01,4.8,46.44,2026-07-31,2026-07-31
Bellevue,NE,"Omaha-Council Bluffs, NE-IA",Sarpy County,302154.2703976424,2.77,1341.1571428571426,-1.52,16093.885714285712,0.444,18.8,5.33,3.46,Moderate,64777,-0.58,204828,7.14,15.85,3.5,4.21,29.38,2026-07-31,2026-07-31
Euless,TX,"Dallas-Fort Worth-Arlington, TX",Tarrant County,357356.0264153681,-0.51,1587.272837066315,1.07,19047.27404479578,0.444,18.8,5.33,3.46,Moderate,60010,-1.75,2230708,5.41,8.74,7.08,7.73,40.64,2026-07-31,2026-07-31
Eagle Mountain,UT,"Provo-Orem, UT",Utah County,509719.7237463679,0.06,2260.9316239316245,3.51,27131.179487179492,0.444,18.8,5.32,3.46,Moderate,60575,35.77,747234,12.6,17.51,3.79,2.69,31.87,2026-07-31,2026-07-31
Manitowoc,WI,"Manitowoc, WI",Manitowoc County,246429.0136562171,5.49,1093.7222222222222,NA,13124.666666666666,0.444,18.8,5.33,3.46,Moderate,NA,NA,NA,NA,NA,NA,NA,NA,2026-07-31,2026-07-31
Blacklick,OH,"Columbus, OH",Franklin County,356578.7219098404,-0.21,1583.6969696969695,NA,19004.363636363632,0.444,18.8,5.33,3.46,Moderate,NA,NA,1356303,2.4,7.58,6.96,3.98,47.03,2026-07-31,2026-07-31
Haymarket,VA,"Washington-Arlington-Alexandria, DC-VA-MD-WV",Prince William County,820332.9897050612,1.63,3637.444444444445,NA,43649.333333333336,0.443,18.8,5.32,3.46,Moderate,1594,3.04,497003,2.93,3.17,3.52,5.04,25.62,2026-07-31,2026-07-31
Lochearn,MD,"Baltimore-Columbia-Towson, MD",Baltimore County,319806.88644255424,1.86,1418.2063492063492,6.33,17018.47619047619,0.443,18.8,5.32,3.46,Moderate,NA,NA,852425,-0.11,3.96,5.75,5.61,33.67,2026-07-31,2026-07-31
Glen Cove,NY,"New York-Newark-Jersey City, NY-NJ-PA",Nassau County,837708.5867350214,7.84,3720.7428571428577,7.61,44648.914285714294,0.444,18.8,5.33,3.46,Moderate,28088,-0.51,1392438,0.13,2.32,4.56,4.6,18.07,2026-07-31,2026-07-31
Frankfort,IN,"Frankfort, IN",Clinton County,217976.89090097768,5.24,967.1666666666669,NA,11606.000000000002,0.444,18.8,5.32,3.46,Moderate,NA,NA,NA,NA,NA,NA,NA,NA,2026-07-31,2026-07-31
Franklin,OH,"Cincinnati, OH-KY-IN",Warren County,270343.04593527125,2.79,1197.5,NA,14370,0.443,18.8,5.32,3.46,Moderate,NA,NA,NA,NA,NA,NA,NA,NA,2026-07-31,2026-07-31
Columbia,PA,"Lancaster, PA",Lancaster County,299125.38823151443,4.2,1327.5,4.26,15930,0.444,18.8,5.33,3.46,Moderate,10399,1.86,563293,1.89,3.04,3.36,2.54,30.06,2026-07-31,2026-07-31
Surfside Beach,SC,"Myrtle Beach-Conway-North Myrtle Beach, SC-NC",Horry County,361707.1992908443,1.46,1606.5055555555557,2.65,19278.06666666667,0.444,18.8,5.33,3.46,Moderate,4368,5,413391,16.85,39.46,28.98,22.81,24.16,2026-07-31,2026-07-31
Waddell,AZ,"Phoenix-Mesa-Chandler, AZ",Maricopa County,514578.8237699207,-0.7,2282.5138888888887,-2.51,27390.166666666664,0.444,18.8,5.32,3.46,Moderate,NA,NA,4673096,5.12,9.38,8.29,5.4,34.99,2026-07-31,2026-07-31
Knoxville,IA,"Pella, IA",Marion County,214408.06552502068,1.91,950.1666666666666,2.07,11402,0.443,18.8,5.32,3.46,Moderate,7440,-1.77,34048,1.9,10.4,6.02,4.97,22.25,2026-07-31,2026-07-31
Bath,PA,"Allentown-Bethlehem-Easton, PA-NJ",Northampton County,384250.8321507736,3.52,1706.6666666666663,NA,20479.999999999996,0.444,18.8,5.33,3.46,Moderate,NA,NA,NA,NA,NA,NA,NA,NA,2026-07-31,2026-07-31
Levelland,TX,"Levelland, TX",Hockley County,146425.93218618294,-0.17,650,NA,7800,0.444,18.8,5.33,3.46,Moderate,NA,NA,NA,NA,NA,NA,NA,NA,2026-07-31,2026-07-31
Columbia,MD,"Baltimore-Columbia-Towson, MD",Howard County,514270.499913152,0.19,2276.3534580498867,3.1,27316.24149659864,0.443,18.8,5.31,3.45,Moderate,NA,NA,339668,2.06,3.73,3.55,5.06,28.29,2026-07-31,2026-07-31
Chino,CA,"Riverside-San Bernardino-Ontario, CA",San Bernardino County,755614.5547003712,-0.55,3345.365369946606,2.57,40144.38443935927,0.443,18.8,5.31,3.45,Moderate,94010,3.26,2214281,1.41,1.68,9.55,3.22,38.46,2026-07-31,2026-07-31
Lancaster,OH,"Columbus, OH",Fairfield County,279719.08146697184,3.2,1236.669696969697,3.89,14840.036363636365,0.442,18.8,5.31,3.45,Moderate,41671,2.56,167762,5.2,12.34,5.39,5.3,25.78,2026-07-31,2026-07-31
Canonsburg,PA,"Pittsburgh, PA",Washington County,366931.21052194544,1.97,1624.565268065268,1.22,19494.783216783217,0.443,18.8,5.31,3.45,Moderate,9601,-1.55,210434,0.49,4.53,10.07,6.42,23.56,2026-07-31,2026-07-31
Belleville,NJ,"New York-Newark-Jersey City, NY-NJ-PA",Essex County,525908.7105330721,3.86,2328.233333333333,1.04,27938.799999999996,0.443,18.8,5.31,3.45,Moderate,NA,NA,881527,2.5,15.1,5.39,2.7,55.47,2026-07-31,2026-07-31
Oakville,MO,"St. Louis, MO-IL",Saint Louis County,368529.6191743069,3.45,1631.7222222222224,NA,19580.666666666668,0.443,18.8,5.31,3.45,Moderate,NA,NA,NA,NA,NA,NA,NA,NA,2026-07-31,2026-07-31
Westlake,OH,"Cleveland-Elyria, OH",Cuyahoga County,428966.42998633767,3.39,1896.8,2.95,22761.6,0.442,18.8,5.31,3.45,Moderate,34232,0.09,1240594,-1.75,1.72,9.97,5.22,40.95,2026-07-31,2026-07-31
West Warwick,RI,"Providence-Warwick, RI-MA",Kent County,412373.585910278,5.06,1823.75,0.79,21885,0.442,18.8,5.31,3.45,Moderate,NA,NA,172450,1.19,6.54,4.69,3.57,27.85,2026-07-31,2026-07-31
Cliffside Park,NJ,"New York-Newark-Jersey City, NY-NJ-PA",Bergen County,637178.3067808961,2.27,2815.4166666666665,2.72,33785,0.442,18.9,5.3,3.45,Moderate,26183,2.09,978641,2.61,10.38,4.13,3.53,34.64,2026-07-31,2026-07-31
Central Falls,RI,"Providence-Warwick, RI-MA",Providence County,383270.56755752023,1.3,1693.8333333333333,3.92,20326,0.442,18.9,5.3,3.45,Moderate,23034,2.15,675912,2.4,11.33,7.44,4.46,43.38,2026-07-31,2026-07-31
Washington,MO,"St. Louis, MO-IL",Franklin County,308735.19327635085,4.41,1365.8333333333333,NA,16390,0.442,18.8,5.31,3.45,Moderate,NA,NA,NA,NA,NA,NA,NA,NA,2026-07-31,2026-07-31
Lexington,VA,NA,Rockbridge County,373129.8352602876,4.12,1651.388888888889,NA,19816.666666666668,0.443,18.8,5.31,3.45,Moderate,7802,6.66,22368,-1.28,8.23,15.58,3.78,21.57,2026-07-31,2026-07-31
Highland,NY,"Kingston, NY",Ulster County,437338.74879631726,3.46,1932.5,NA,23190,0.442,18.9,5.3,3.45,Moderate,NA,NA,NA,NA,NA,NA,NA,NA,2026-07-31,2026-07-31
Pipe Creek,TX,"San Antonio-New Braunfels, TX",Bandera County,315514.57855574874,-3.34,1397.5,NA,16770,0.443,18.8,5.32,3.45,Moderate,NA,NA,NA,NA,NA,NA,NA,NA,2026-07-31,2026-07-31
Flowood,MS,"Jackson, MS",Rankin County,332962.5019059297,1.42,1473.8624338624338,3.37,17686.349206349205,0.443,18.8,5.31,3.45,Moderate,10853,5.49,160573,2.16,0.45,6.95,6.63,22.38,2026-07-31,2026-07-31
Dunellen,NJ,"New York-Newark-Jersey City, NY-NJ-PA",Middlesex County,546695.3599236993,2.82,2417.6666666666665,NA,29012,0.442,18.8,5.31,3.45,Moderate,8411,10.41,890119,3.33,12.92,3.48,2.61,36.53,2026-07-31,2026-07-31
Elkhorn,WI,"Whitewater, WI",Walworth County,348966.45167280064,2.27,1545,NA,18540,0.443,18.8,5.31,3.45,Moderate,NA,NA,NA,NA,NA,NA,NA,NA,2026-07-31,2026-07-31
Madras,OR,NA,Jefferson County,360658.4050482337,0.39,1593.3333333333333,NA,19120,0.442,18.9,5.3,3.45,Moderate,NA,NA,NA,NA,NA,NA,NA,NA,2026-07-31,2026-07-31
Westworth Village,TX,"Dallas-Fort Worth-Arlington, TX",Tarrant County,338972.03276865114,-2.05,1499.638888888889,9.43,17995.666666666668,0.442,18.8,5.31,3.45,Moderate,2717,4.94,2230708,5.41,8.74,7.08,7.73,40.64,2026-07-31,2026-07-31
Charlotte,NC,"Charlotte-Concord-Gastonia, NC-SC",Mecklenburg County,397231.0237545462,-1.03,1752.289039632117,0.32,21027.468475585403,0.441,18.9,5.29,3.44,Moderate,943476,7.83,1206285,8.06,18.3,7.37,7.33,44.5,2026-07-31,2026-07-31
Newark,NJ,"New York-Newark-Jersey City, NY-NJ-PA",Essex County,481883.12901050295,-1.73,2122.8412341327435,0.87,25474.09480959292,0.441,18.9,5.29,3.44,Moderate,317303,2.14,881527,2.5,15.1,5.39,2.7,55.47,2026-07-31,2026-07-31
Richmond,VA,"Richmond, VA",Richmond City,377320.9990047025,2.28,1665.6997889304014,2.73,19988.397467164817,0.441,18.9,5.3,3.44,Moderate,233655,2.97,NA,NA,NA,NA,NA,NA,2026-07-31,2026-07-31
Nashua,NH,"Manchester-Nashua, NH",Hillsborough County,515003.9686640088,3.31,2270.7520282186947,2.77,27249.02433862434,0.441,18.9,5.29,3.44,Moderate,91851,0.72,430462,1.78,5.81,5.1,3.09,32.47,2026-07-31,2026-07-31
Hoboken,NJ,"New York-Newark-Jersey City, NY-NJ-PA",Hudson County,899212.1682816282,3.36,3960.566818124631,4.16,47526.80181749557,0.44,18.9,5.29,3.44,Moderate,59149,-1.28,736185,1.98,14.43,6.78,4.46,68.82,2026-07-31,2026-07-31
Freehold,NJ,"New York-Newark-Jersey City, NY-NJ-PA",Monmouth County,654239.4412001431,3.81,2881.6888888888884,2.36,34580.26666666666,0.44,18.9,5.29,3.44,Moderate,12530,0.16,647520,0.74,2.8,7.24,3.49,24.63,2026-07-31,2026-07-31
Fuquay Varina,NC,"Fayetteville, NC",Harnett County,443075.4388457351,-2.39,1951.361733582322,1.92,23416.340802987863,0.44,18.9,5.28,3.44,Moderate,NA,NA,146096,9.26,25.57,10.01,8.1,30.51,2026-07-31,2026-07-31
Beaufort,SC,"Hilton Head Island-Bluffton, SC",Beaufort County,413384.5619944679,1.35,1825.0178485917024,-0.82,21900.21418310043,0.441,18.9,5.3,3.44,Moderate,14334,5.2,201775,7.42,14.95,22.12,17.97,24.27,2026-07-31,2026-07-31
Lindenhurst,NY,"New York-Newark-Jersey City, NY-NJ-PA",Suffolk County,623592.3454716551,-0.15,2752,NA,33024,0.441,18.9,5.3,3.44,Moderate,NA,NA,NA,NA,NA,NA,NA,NA,2026-07-31,2026-07-31
Mount Vernon,VA,"Washington-Arlington-Alexandria, DC-VA-MD-WV",Fairfax County,589351.1692671664,0.5,2600.7989417989415,3.38,31209.5873015873,0.441,18.9,5.3,3.44,Moderate,NA,NA,1160925,1.07,6.94,3.66,4.16,31.65,2026-07-31,2026-07-31
Mahwah Township,NJ,"New York-Newark-Jersey City, NY-NJ-PA",Bergen County,725987.0711257815,5.4,3199.5833333333335,NA,38395,0.441,18.9,5.29,3.44,Moderate,NA,NA,NA,NA,NA,NA,NA,NA,2026-07-31,2026-07-31
Avon,OH,"Cleveland-Elyria, OH",Lorain County,483312.71702482994,4.89,2133.111111111111,NA,25597.33333333333,0.441,18.9,5.3,3.44,Moderate,25573,2.56,322030,2.71,9.62,7.17,7.76,26.3,2026-07-31,2026-07-31
Lexington Park,MD,"California-Lexington Park, MD",Saint Marys County,390437.54266391863,3.05,1721.969114219114,-2.6,20663.62937062937,0.441,18.9,5.29,3.44,Moderate,NA,NA,NA,NA,NA,NA,NA,NA,2026-07-31,2026-07-31
Derwood,MD,"Washington-Arlington-Alexandria, DC-VA-MD-WV",Montgomery County,636145.4713183196,-0.64,2808.3333333333335,1.26,33700,0.441,18.9,5.3,3.44,Moderate,NA,NA,NA,NA,NA,NA,NA,NA,2026-07-31,2026-07-31
Melville,NY,"New York-Newark-Jersey City, NY-NJ-PA",Suffolk County,905756.086546666,1.27,4000,NA,48000,0.442,18.9,5.3,3.44,Moderate,NA,NA,NA,NA,NA,NA,NA,NA,2026-07-31,2026-07-31
Soldotna,AK,NA,Kenai Peninsula Borough,376207.52844244335,7.48,1657.5,NA,19890,0.441,18.9,5.29,3.44,Moderate,NA,NA,NA,NA,NA,NA,NA,NA,2026-07-31,2026-07-31
Old Saybrook,CT,"Hartford-East Hartford-Middletown, CT",Middlesex County,711337.1032957913,4.57,3136.4166666666665,NA,37637,0.441,18.9,5.29,3.44,Moderate,NA,NA,NA,NA,NA,NA,NA,NA,2026-07-31,2026-07-31
Broadview Park,FL,"Miami-Fort Lauderdale-Pompano Beach, FL",Broward County,436844.6996641591,-1.3,1925,NA,23100,0.441,18.9,5.29,3.44,Moderate,NA,NA,NA,NA,NA,NA,NA,NA,2026-07-31,2026-07-31
Franklin,WI,"Milwaukee-Waukesha, WI",Milwaukee County,447837.87180046993,3.64,1968.0555555555557,NA,23616.666666666668,0.439,19,5.27,3.43,Moderate,36591,1.21,924740,-1.48,0.57,8.21,6.16,50.2,2026-07-31,2026-07-31
Warsaw,IN,"Warsaw, IN",Kosciusko County,282979.4934486362,4.67,1245.1666666666667,3.11,14942,0.44,18.9,5.28,3.43,Moderate,16111,1.92,80669,0.63,2.43,17.73,5.37,23.02,2026-07-31,2026-07-31
Randolph,MA,"Boston-Cambridge-Newton, MA-NH",Norfolk County,599387.6409697109,2.6,2632.6507936507937,5.34,31591.809523809527,0.439,19,5.27,3.43,Moderate,NA,NA,740754,2.35,9.81,4.09,3.95,31.48,2026-07-31,2026-07-31
Aberdeen,SD,"Aberdeen, SD",Brown County,245872.34799929505,6.62,1081.95,10.68,12983.400000000001,0.44,18.9,5.28,3.43,Moderate,27919,-1.82,37495,-1.89,-3.31,9.13,9.13,34.29,2026-07-31,2026-07-31
Waynesville,NC,"Asheville, NC",Haywood County,360387.38921688165,-3.56,1583.3333333333333,6.52,19000,0.439,19,5.27,3.43,Moderate,10709,4.54,63048,1.33,9.72,24.17,3.39,24.99,2026-07-31,2026-07-31
Newton,NJ,"New York-Newark-Jersey City, NY-NJ-PA",Sussex County,451231.88341113954,2.19,1986,NA,23832,0.44,18.9,5.28,3.43,Moderate,NA,NA,NA,NA,NA,NA,NA,NA,2026-07-31,2026-07-31
Northfield,MN,"Faribault-Northfield, MN",Rice County,396746.2622666282,2.29,1745.3333333333333,NA,20944,0.44,18.9,5.28,3.43,Moderate,21316,2.38,69025,2.87,7.49,7.26,4.41,24.12,2026-07-31,2026-07-31
Seymour,TN,"Sevierville, TN",Sevier County,373925.10451526585,1.7,1643.1984126984128,7.62,19718.380952380954,0.439,19,5.27,3.43,Moderate,NA,NA,100184,1.33,1.38,32.15,23.3,28.02,2026-07-31,2026-07-31
Red Bank,NJ,"New York-Newark-Jersey City, NY-NJ-PA",Monmouth County,735234.2570791491,8.82,3231.752380952381,4.17,38781.02857142857,0.44,19,5.27,3.43,Moderate,12830,-0.58,647520,0.74,2.8,7.24,3.49,24.63,2026-07-31,2026-07-31
Fallon,NV,"Fallon, NV",Churchill County,395620.38138610707,2.87,1737.5,NA,20850,0.439,19,5.27,3.43,Moderate,NA,NA,NA,NA,NA,NA,NA,NA,2026-07-31,2026-07-31
Evans,CO,"Greeley, CO",Weld County,395246.182290398,-1.29,1738.3333333333333,2.4,20860,0.44,18.9,5.28,3.43,Moderate,22394,0.46,369745,11.55,19.05,4.01,5.91,24.45,2026-07-31,2026-07-31
Susanville,CA,"Susanville, CA",Lassen County,244099.1082840019,1.13,1073.75,NA,12885,0.44,18.9,5.28,3.43,Moderate,NA,NA,NA,NA,NA,NA,NA,NA,2026-07-31,2026-07-31
Corinth,TX,"Dallas-Fort Worth-Arlington, TX",Denton County,412998.7549887186,-2.51,1818.636111111111,-1.93,21823.63333333333,0.44,18.9,5.28,3.43,Moderate,24450,7.44,1045120,14.28,23.72,4.75,5.09,34.63,2026-07-31,2026-07-31
Manchester,MO,"St. Louis, MO-IL",Saint Louis County,381218.72047014354,1.94,1677,NA,20124,0.44,18.9,5.28,3.43,Moderate,NA,NA,NA,NA,NA,NA,NA,NA,2026-07-31,2026-07-31
Sweet Home,OR,"Albany-Lebanon, OR",Linn County,352582.03405279433,-0.38,1548.3333333333333,NA,18580,0.439,19,5.27,3.43,Moderate,NA,NA,NA,NA,NA,NA,NA,NA,2026-07-31,2026-07-31
Millersville,PA,"Lancaster, PA",Lancaster County,359049.5612124757,4.04,1577.5,NA,18930,0.439,19,5.27,3.43,Moderate,NA,NA,NA,NA,NA,NA,NA,NA,2026-07-31,2026-07-31
Bayfield,CO,"Durango, CO",La Plata County,519582.41821478866,1.18,2286.25,NA,27435,0.44,18.9,5.28,3.43,Moderate,NA,NA,NA,NA,NA,NA,NA,NA,2026-07-31,2026-07-31
Fergus Falls,MN,"Fergus Falls, MN",Otter Tail County,207765.41564825937,5.05,914.4444444444443,NA,10973.333333333332,0.44,18.9,5.28,3.43,Moderate,NA,NA,NA,NA,NA,NA,NA,NA,2026-07-31,2026-07-31
Ocean View,DE,"Salisbury, MD-DE",Sussex County,544990.271080177,0.11,2398.75,NA,28785,0.44,18.9,5.28,3.43,Moderate,NA,NA,NA,NA,NA,NA,NA,NA,2026-07-31,2026-07-31
Talent,OR,"Medford, OR",Jackson County,441553.2316116477,2.62,1941.6666666666667,NA,23300,0.44,19,5.28,3.43,Moderate,NA,NA,NA,NA,NA,NA,NA,NA,2026-07-31,2026-07-31
Timnath,CO,"Fort Collins, CO",Larimer County,675448.2669398522,-1.84,2972.777777777778,NA,35673.333333333336,0.44,18.9,5.28,3.43,Moderate,10848,60.83,374574,4.07,7.03,6.37,3.02,35.68,2026-07-31,2026-07-31
Tucson,AZ,"Tucson, AZ",Pima County,323948.9512816902,-2.11,1421.419233107618,1.01,17057.030797291416,0.439,19,5.27,3.42,Moderate,554013,2.09,1080149,3.34,11.47,9.34,5.65,35.19,2026-07-31,2026-07-31
Washington,DC,"Washington-Arlington-Alexandria, DC-VA-MD-WV",District of Columbia,576795.834979162,-1.69,2528.4955778789417,-0.28,30341.9469345473,0.438,19,5.26,3.42,Moderate,702250,4.67,702250,4.67,17.32,9.7,6.94,58.86,2026-07-31,2026-07-31
Bowling Green,KY,"Bowling Green, KY",Warren County,286936.7757006443,0.23,1258.444777265745,2.02,15101.33732718894,0.439,19,5.26,3.42,Moderate,79076,9.11,147936,9.56,22.19,7.44,5.34,43.29,2026-07-31,2026-07-31
Saint Charles,MO,"St. Louis, MO-IL",Saint Charles County,350422.41213205917,2.18,1537.4836522569085,3.85,18449.803827082902,0.439,19,5.27,3.42,Moderate,NA,NA,NA,NA,NA,NA,NA,NA,2026-07-31,2026-07-31
Springfield,VA,"Washington-Arlington-Alexandria, DC-VA-MD-WV",Fairfax County,707665.6614234665,0.37,3099.7782567049803,1.83,37197.339080459766,0.438,19,5.26,3.42,Moderate,NA,NA,1160925,1.07,6.94,3.66,4.16,31.65,2026-07-31,2026-07-31
Noblesville,IN,"Indianapolis-Carmel-Anderson, IN",Hamilton County,397371.5117754916,2.07,1741.4329088224438,2.47,20897.194905869324,0.438,19,5.26,3.42,Moderate,75239,7.23,379704,8.79,14.45,5.14,7.51,23.72,2026-07-31,2026-07-31
Lanham Seabrook,MD,"Washington-Arlington-Alexandria, DC-VA-MD-WV",Prince Georges County,442737.7817584032,-1.36,1940.728282828283,0.81,23288.739393939395,0.438,19,5.26,3.42,Moderate,NA,NA,NA,NA,NA,NA,NA,NA,2026-07-31,2026-07-31
Park Ridge,IL,"Chicago-Naperville-Elgin, IL-IN-WI",Cook County,595303.0494560049,8.69,2613.214285714286,NA,31358.571428571428,0.439,19,5.27,3.42,Moderate,38445,-2.68,5182617,-1.6,5.9,8.18,4.67,42.49,2026-07-31,2026-07-31
Fairhope,AL,"Daphne-Fairhope-Foley, AL",Baldwin County,473255.897359326,0.92,2073.162962962963,6.52,24877.955555555556,0.438,19,5.26,3.42,Moderate,26044,14.69,261608,12.16,29.22,26.36,33.41,22.46,2026-07-31,2026-07-31
Sugar Hill,GA,"Atlanta-Sandy Springs-Alpharetta, GA",Gwinnett County,457390.393916134,-3.23,2004.1991208791208,1.11,24050.38945054945,0.438,19,5.26,3.42,Moderate,28598,13.78,1003869,4.75,5.96,3.94,4.99,33.31,2026-07-31,2026-07-31
New Milford,CT,"Torrington, CT",Litchfield County,476474.22233380406,3.75,2087.5,NA,25050,0.438,19,5.26,3.42,Moderate,NA,NA,NA,NA,NA,NA,NA,NA,2026-07-31,2026-07-31
Shoreview,MN,"Minneapolis-St. Paul-Bloomington, MN-WI",Ramsey County,420432.219987491,2.05,1841.8978260869565,3.55,22102.77391304348,0.438,19,5.26,3.42,Moderate,26939,0.07,542015,-1.76,3.41,5.41,6.16,38.97,2026-07-31,2026-07-31
Sycamore,IL,"Chicago-Naperville-Elgin, IL-IN-WI",DeKalb County,327583.9736878719,3.64,1435,NA,17220,0.438,19,5.26,3.42,Moderate,18968,1.57,101335,0.96,4.64,5.27,2.95,39.14,2026-07-31,2026-07-31
West Saint Paul,MN,"Minneapolis-St. Paul-Bloomington, MN-WI",Dakota County,324921.05820179527,3.12,1424.3217357118283,1.69,17091.86082854194,0.438,19,5.26,3.42,Moderate,NA,NA,453156,2.89,6.72,2.73,3.92,24.65,2026-07-31,2026-07-31
Central,SC,"Greenville-Anderson, SC",Pickens County,293096.9332507276,0.49,1285.4761904761906,NA,15425.714285714286,0.439,19,5.26,3.42,Moderate,5339,1.31,138207,4.95,11.74,10.9,6.6,29.48,2026-07-31,2026-07-31
Belfair,WA,"Shelton, WA",Mason County,488769.8308894056,-0.18,2140.111111111111,NA,25681.33333333333,0.438,19,5.25,3.42,Moderate,NA,NA,69632,5.45,15.14,24.82,4.1,18.88,2026-07-31,2026-07-31
Homer,AK,NA,Kenai Peninsula Borough,436284.5609044969,11.9,1912.5,NA,22950,0.438,19,5.26,3.42,Moderate,NA,NA,NA,NA,NA,NA,NA,NA,2026-07-31,2026-07-31
Rolesville,NC,"Raleigh-Cary, NC",Wake County,499850.4660883139,-1.45,2194.8333333333335,NA,26338,0.439,19,5.27,3.42,Moderate,NA,NA,NA,NA,NA,NA,NA,NA,2026-07-31,2026-07-31
Belleville,MI,"Detroit-Warren-Dearborn, MI",Wayne County,314885.08925268037,5.1,1380.0020202020205,6.15,16560.024242424246,0.438,19,5.26,3.42,Moderate,3874,-3,1771063,-1.04,3.75,12.9,4.58,35.52,2026-07-31,2026-07-31
Denton,TX,"Dallas-Fort Worth-Arlington, TX",Denton County,350224.38239100785,-3.53,1532.7756743847783,-3.25,18393.30809261734,0.438,19,5.25,3.41,Moderate,165998,17.62,1045120,14.28,23.72,4.75,5.09,34.63,2026-07-31,2026-07-31
Edison,NJ,"New York-Newark-Jersey City, NY-NJ-PA",Middlesex County,647891.8190246968,1.98,2832.3751552795025,1.75,33988.50186335403,0.437,19.1,5.25,3.41,Moderate,NA,NA,890119,3.33,12.92,3.48,2.61,36.53,2026-07-31,2026-07-31
Midlothian,VA,"Richmond, VA",Chesterfield County,475760.6087121027,2.29,2082.9019350964822,3.75,24994.823221157785,0.438,19,5.25,3.41,Moderate,NA,NA,389793,6.69,10.05,3.91,4.88,22.7,2026-07-31,2026-07-31
Williamsburg,VA,"Virginia Beach-Norfolk-Newport News, VA-NC",James City County,472766.0662767545,1.51,2065.249066675224,5.53,24782.988800102692,0.437,19.1,5.24,3.41,Moderate,16030,3.6,82797,5.49,7.56,8.86,10.28,21.15,2026-07-31,2026-07-31
Avondale,AZ,"Phoenix-Mesa-Chandler, AZ",Maricopa County,397001.3432797707,-1.57,1734.0513257575758,-1.06,20808.61590909091,0.437,19.1,5.24,3.41,Moderate,96609,7.86,4673096,5.12,9.38,8.29,5.4,34.99,2026-07-31,2026-07-31
Springdale,AR,"Fayetteville-Springdale-Rogers, AR",Washington County,342415.32193642063,3.99,1497.0657016594516,1.78,17964.78841991342,0.437,19.1,5.25,3.41,Moderate,89368,2.33,266184,7.86,10.41,7.47,4.52,44.44,2026-07-31,2026-07-31
La Porte,IN,"Michigan City-La Porte, IN",La Porte County,281008.426226553,3.6,1229.1666666666667,NA,14750,0.437,19.1,5.25,3.41,Moderate,22444,0.12,NA,NA,NA,NA,NA,NA,2026-07-31,2026-07-31
Lake Mary,FL,"Orlando-Kissimmee-Sanford, FL",Seminole County,469555.03490562394,-1.02,2050.8244588744587,4.54,24609.893506493507,0.437,19.1,5.24,3.41,Moderate,16989,0.91,494605,4.91,9.63,5.97,6.62,34.24,2026-07-31,2026-07-31
Montclair,CA,"Riverside-San Bernardino-Ontario, CA",San Bernardino County,661144.169962835,-0.17,2888.422344322344,5.3,34661.06813186813,0.437,19.1,5.24,3.41,Moderate,37650,-0.78,2214281,1.41,1.68,9.55,3.22,38.46,2026-07-31,2026-07-31
Brooklyn Center,MN,"Minneapolis-St. Paul-Bloomington, MN-WI",Hennepin County,302110.9033609224,0.75,1319.7420634920634,5.4,15836.90476190476,0.437,19.1,5.24,3.41,Moderate,31755,-5.66,1273334,-0.65,4.24,5.29,5.38,37.05,2026-07-31,2026-07-31
Canyon Lake,TX,"San Antonio-New Braunfels, TX",Comal County,396531.6941643168,-2.2,1733.4166666666667,2.94,20801,0.437,19.1,5.25,3.41,Moderate,NA,NA,201628,23.22,36.2,9.17,6.79,23.15,2026-07-31,2026-07-31
Graham,NC,"Burlington, NC",Alamance County,296085.20054789685,1.85,1295.1666666666667,NA,15542,0.437,19.1,5.25,3.41,Moderate,NA,NA,NA,NA,NA,NA,NA,NA,2026-07-31,2026-07-31
Londonderry,NH,"Boston-Cambridge-Newton, MA-NH",Rockingham County,623218.5110696219,2.59,2725.694444444445,NA,32708.333333333336,0.437,19.1,5.25,3.41,Moderate,NA,NA,NA,NA,NA,NA,NA,NA,2026-07-31,2026-07-31
North Smithfield,RI,"Providence-Warwick, RI-MA",Providence County,524932.4604642448,1.88,2292.5833333333335,NA,27511,0.437,19.1,5.24,3.41,Moderate,NA,NA,675912,2.4,11.33,7.44,4.46,43.38,2026-07-31,2026-07-31
Kill Devil Hills,NC,"Kill Devil Hills, NC",Dare County,526420.5603309359,1.11,2300,NA,27600,0.437,19.1,5.24,3.41,Moderate,NA,NA,NA,NA,NA,NA,NA,NA,2026-07-31,2026-07-31
Fair Oaks Ranch,TX,"San Antonio-New Braunfels, TX",Bexar County,709816.1859998651,0.9,3099.5,NA,37194,0.437,19.1,5.24,3.41,Moderate,NA,NA,NA,NA,NA,NA,NA,NA,2026-07-31,2026-07-31
Victoria,MN,"Minneapolis-St. Paul-Bloomington, MN-WI",Carver County,623555.5865085716,2.91,2726.3888888888887,NA,32716.666666666664,0.437,19.1,5.25,3.41,Moderate,11937,11.86,112628,4.96,8.5,2.81,3.46,18.29,2026-07-31,2026-07-31
Belle Haven,VA,"Washington-Arlington-Alexandria, DC-VA-MD-WV",Fairfax County,515286.0471017314,0.28,2252.3888888888887,3.48,27028.666666666664,0.437,19.1,5.25,3.41,Moderate,536,-0.56,1160925,1.07,6.94,3.66,4.16,31.65,2026-07-31,2026-07-31
Swansboro,NC,"Jacksonville, NC",Onslow County,357105.9404279487,1.26,1562.5,NA,18750,0.438,19,5.25,3.41,Moderate,NA,NA,NA,NA,NA,NA,NA,NA,2026-07-31,2026-07-31
Columbia,MO,"Columbia, MO",Boone County,327679.86203395744,2.71,1430.0763398418676,3.84,17160.91607810241,0.436,19.1,5.24,3.4,Moderate,130900,3.63,192154,4.4,6.91,7.2,6.56,41.88,2026-07-31,2026-07-31
Jupiter,FL,"Miami-Fort Lauderdale-Pompano Beach, FL",Palm Beach County,700733.5100332709,0.11,3051.7387983728404,2.8,36620.865580474085,0.436,19.1,5.23,3.4,Moderate,62987,2.95,1582055,5.87,15.98,16.36,6.94,30.14,2026-07-31,2026-07-31
Longwood,FL,"Orlando-Kissimmee-Sanford, FL",Seminole County,461071.52814688586,-0.4,2008.759722222222,2.58,24105.116666666665,0.436,19.1,5.23,3.4,Moderate,17089,10.82,494605,4.91,9.63,5.97,6.62,34.24,2026-07-31,2026-07-31
Oroville,CA,"Chico, CA",Butte County,310232.24615132366,-0.98,1351.111111111111,3.49,16213.333333333332,0.436,19.1,5.23,3.4,Moderate,19712,-1.63,208334,-0.9,6.92,9.69,5.88,41.72,2026-07-31,2026-07-31
Everett,MA,"Boston-Cambridge-Newton, MA-NH",Middlesex County,640421.5907853922,1.29,2788.456298276886,2.33,33461.475579322636,0.435,19.1,5.22,3.4,Moderate,51825,5.86,1668956,2.54,11.63,4.52,2.96,38.37,2026-07-31,2026-07-31
Fenton,MO,"St. Louis, MO-IL",Saint Louis County,356386.0265741256,4.2,1554.5944444444442,3.63,18655.13333333333,0.436,19.1,5.23,3.4,Moderate,4073,-1,NA,NA,NA,NA,NA,NA,2026-07-31,2026-07-31
Fitchburg,MA,"Worcester, MA-CT",Worcester County,409653.67639813566,1.72,1783.5,5.59,21402,0.435,19.1,5.22,3.4,Moderate,42145,1.14,881248,2.82,8.7,5.7,3.41,34.33,2026-07-31,2026-07-31
Candler,NC,"Asheville, NC",Buncombe County,419417.3416707376,-3,1826.5277777777776,NA,21918.333333333332,0.435,19.1,5.23,3.4,Moderate,NA,NA,279210,3.52,10.34,22.33,12.88,35.56,2026-07-31,2026-07-31
Danville,KY,"Danville, KY",Boyle County,254378.01488608785,1.69,1107.9166666666667,NA,13295,0.436,19.1,5.23,3.4,Moderate,17562,1.39,31394,2.06,11.12,8.97,5.21,30.54,2026-07-31,2026-07-31
Norton Shores,MI,"Muskegon, MI",Muskegon County,300428.44769699714,3.53,1309,NA,15708,0.436,19.1,5.23,3.4,Moderate,NA,NA,NA,NA,NA,NA,NA,NA,2026-07-31,2026-07-31
Essex,VT,"Burlington-South Burlington, VT",Chittenden County,484056.5127015039,0,2108.3333333333335,NA,25300,0.436,19.1,5.23,3.4,Moderate,NA,NA,NA,NA,NA,NA,NA,NA,2026-07-31,2026-07-31
Saint Simons Island,GA,"Brunswick, GA",Glynn County,681127.7259439705,1.84,2971.428571428571,5.84,35657.142857142855,0.436,19.1,5.24,3.4,Moderate,NA,NA,86540,2.43,5.74,19.34,10.55,32.96,2026-07-31,2026-07-31
Kensington,MD,"Washington-Arlington-Alexandria, DC-VA-MD-WV",Montgomery County,806276.6988455984,-1.16,3512.777777777778,NA,42153.333333333336,0.436,19.1,5.23,3.4,Moderate,2155,1.27,1082273,2.02,7.76,4.26,3.68,34.66,2026-07-31,2026-07-31
Selinsgrove,PA,"Selinsgrove, PA",Snyder County,252507.831989879,6.38,1100,NA,13200,0.436,19.1,5.23,3.4,Moderate,NA,NA,NA,NA,NA,NA,NA,NA,2026-07-31,2026-07-31
Highland Village,TX,"Dallas-Fort Worth-Arlington, TX",Denton County,592290.6751062837,-0.58,2582.6666666666665,NA,30992,0.436,19.1,5.23,3.4,Moderate,16137,1.15,1045120,14.28,23.72,4.75,5.09,34.63,2026-07-31,2026-07-31
Frederickson,WA,"Seattle-Tacoma-Bellevue, WA",Pierce County,542226.7704024822,1.13,2362.4358585858586,-0.2,28349.2303030303,0.436,19.1,5.23,3.4,Moderate,NA,NA,941170,1.9,6.6,5.21,4.02,35.21,2026-07-31,2026-07-31
Fort Atkinson,WI,"Watertown-Fort Atkinson, WI",Jefferson County,311856.07796795754,4.04,1358.3333333333337,NA,16300.000000000004,0.436,19.1,5.23,3.4,Moderate,NA,NA,NA,NA,NA,NA,NA,NA,2026-07-31,2026-07-31
Brigantine,NJ,"Atlantic City-Hammonton, NJ",Atlantic County,723701.6974841648,5.97,3150,NA,37800,0.435,19.1,5.22,3.4,Moderate,NA,NA,NA,NA,NA,NA,NA,NA,2026-07-31,2026-07-31
Port Royal,SC,"Hilton Head Island-Bluffton, SC",Beaufort County,359540.9213337907,6.9,1569.0370370370372,6.34,18828.444444444445,0.436,19.1,5.24,3.4,Moderate,16507,13.21,201775,7.42,14.95,22.12,17.97,24.27,2026-07-31,2026-07-31
Marlborough,MO,"St. Louis, MO-IL",Saint Louis County,244160.22834700448,1.94,1063.3333333333333,NA,12760,0.436,19.1,5.23,3.4,Moderate,NA,NA,NA,NA,NA,NA,NA,NA,2026-07-31,2026-07-31
Woodbridge,VA,"Washington-Arlington-Alexandria, DC-VA-MD-WV",Prince William County,504488.92498570867,0.38,2194.456488582188,-0.75,26333.477862986256,0.435,19.2,5.22,3.39,Moderate,NA,NA,497003,2.93,3.17,3.52,5.04,25.62,2026-07-31,2026-07-31
Fayetteville,AR,"Fayetteville-Springdale-Rogers, AR",Washington County,384760.03172369534,4.25,1670.1323849666314,2.43,20041.588619599577,0.434,19.2,5.21,3.39,Moderate,103134,8.81,266184,7.86,10.41,7.47,4.52,44.44,2026-07-31,2026-07-31
Dubuque,IA,"Dubuque, IA",Dubuque County,251952.4413709349,4.86,1094.4299959299958,4.16,13133.159951159949,0.434,19.2,5.21,3.39,Moderate,58987,-1.12,99242,-0.07,2.52,5.62,5.38,26.83,2026-07-31,2026-07-31
Cape Girardeau,MO,"Cape Girardeau, MO-IL",Cape Girardeau County,220161.73253228713,4.18,955.7009803921568,3.87,11468.411764705881,0.434,19.2,5.21,3.39,Moderate,40818,2.59,83658,2.24,5.31,9.33,6.31,34.05,2026-07-31,2026-07-31
Elk Grove Village,IL,"Chicago-Naperville-Elgin, IL-IN-WI",Cook County,404356.10745304264,5.8,1757.7303030303028,-0,21092.763636363634,0.435,19.2,5.22,3.39,Moderate,31802,-2.74,5182617,-1.6,5.9,8.18,4.67,42.49,2026-07-31,2026-07-31
Golden Valley,MN,"Minneapolis-St. Paul-Bloomington, MN-WI",Hennepin County,446490.77695284755,3.24,1939.7094202898552,3.46,23276.513043478262,0.434,19.2,5.21,3.39,Moderate,21263,-5.41,1273334,-0.65,4.24,5.29,5.38,37.05,2026-07-31,2026-07-31
Leland,NC,"Myrtle Beach-Conway-North Myrtle Beach, SC-NC",Brunswick County,388757.4531007744,0.09,1691.262033288349,3.24,20295.144399460187,0.435,19.2,5.22,3.39,Moderate,34451,36.91,167112,20.95,48.26,31.43,24.54,16.16,2026-07-31,2026-07-31
La Vista,NE,"Omaha-Council Bluffs, NE-IA",Sarpy County,312650.765302347,2.96,1358.5079365079366,2.98,16302.09523809524,0.435,19.2,5.21,3.39,Moderate,16543,-1.41,204828,7.14,15.85,3.5,4.21,29.38,2026-07-31,2026-07-31
Madison Heights,VA,"Lynchburg, VA",Amherst County,250809.86210912783,0.24,1090.436507936508,NA,13085.238095238095,0.435,19.2,5.22,3.39,Moderate,NA,NA,31650,1.08,6.16,11.18,3.07,21.6,2026-07-31,2026-07-31
McDonald,PA,"Pittsburgh, PA",Washington County,382565.1885732789,3.09,1663.722222222222,NA,19964.666666666664,0.435,19.2,5.22,3.39,Moderate,NA,NA,NA,NA,NA,NA,NA,NA,2026-07-31,2026-07-31
New Carrollton,MD,"Washington-Arlington-Alexandria, DC-VA-MD-WV",Prince Georges County,401046.5573731318,-1.6,1745.5396825396826,6.43,20946.47619047619,0.435,19.1,5.22,3.39,Moderate,13645,-0.12,NA,NA,NA,NA,NA,NA,2026-07-31,2026-07-31
Luling,TX,"Austin-Round Rock-Georgetown, TX",Caldwell County,224502.7504312765,-3.39,975,NA,11700,0.434,19.2,5.21,3.39,Moderate,NA,NA,NA,NA,NA,NA,NA,NA,2026-07-31,2026-07-31
Boston,MA,"Boston-Cambridge-Newton, MA-NH",Suffolk County,787762.6332271877,-1.41,3414.3837929613615,2.97,40972.605515536336,0.433,19.2,5.2,3.38,Moderate,673458,-0.31,793144,-0.51,10.02,8.97,4.43,63.39,2026-07-31,2026-07-31
Kennesaw,GA,"Atlanta-Sandy Springs-Alpharetta, GA",Cobb County,406739.2312656347,-2.83,1762.1435120780916,1.67,21145.7221449371,0.433,19.2,5.2,3.38,Moderate,37740,13.09,787538,2.76,2.77,5.82,5.06,33.01,2026-07-31,2026-07-31
West Chester,OH,"Cincinnati, OH-KY-IN",Butler County,427473.0567981819,2.71,1854.3929505135384,2.12,22252.71540616246,0.434,19.2,5.21,3.38,Moderate,NA,NA,399542,2.21,8.05,6.17,4.38,30.13,2026-07-31,2026-07-31
Piscataway,NJ,"New York-Newark-Jersey City, NY-NJ-PA",Middlesex County,605913.1433193021,2.26,2624.7057817998993,2.28,31496.469381598792,0.433,19.2,5.2,3.38,Moderate,NA,NA,890119,3.33,12.92,3.48,2.61,36.53,2026-07-31,2026-07-31
Lake Stevens,WA,"Seattle-Tacoma-Bellevue, WA",Snohomish County,698092.8121926704,-1.75,3023.153846153846,1.59,36277.846153846156,0.433,19.2,5.2,3.38,Moderate,41350,5.72,864113,4.11,11.83,4.9,4.3,31.61,2026-07-31,2026-07-31
Neptune Township,NJ,"New York-Newark-Jersey City, NY-NJ-PA",Monmouth County,628689.1430491407,5.29,2727.777777777778,1.13,32733.333333333336,0.434,19.2,5.21,3.38,Moderate,NA,NA,647520,0.74,2.8,7.24,3.49,24.63,2026-07-31,2026-07-31
Garden City,NY,"New York-Newark-Jersey City, NY-NJ-PA",Nassau County,1401920.3292311358,9.89,6075,NA,72900,0.433,19.2,5.2,3.38,Moderate,NA,NA,NA,NA,NA,NA,NA,NA,2026-07-31,2026-07-31
New Castle,IN,"New Castle, IN",Henry County,171209.51502781402,1.72,742.5,0.34,8910,0.434,19.2,5.2,3.38,Moderate,17382,-0.11,49081,0.35,5.42,11.96,6.27,24.06,2026-07-31,2026-07-31
Oceanside,NY,"New York-Newark-Jersey City, NY-NJ-PA",Nassau County,801191.0272772727,5.25,3475,NA,41700,0.434,19.2,5.2,3.38,Moderate,NA,NA,NA,NA,NA,NA,NA,NA,2026-07-31,2026-07-31
Carteret,NJ,"New York-Newark-Jersey City, NY-NJ-PA",Middlesex County,567710.5158259934,5.8,2456.837037037037,0.55,29482.044444444444,0.433,19.3,5.19,3.38,Moderate,26003,2.79,890119,3.33,12.92,3.48,2.61,36.53,2026-07-31,2026-07-31
Bridgeport,WV,"Clarksburg, WV",Harrison County,306486.4137983189,3.32,1329.1666666666663,NA,15949.999999999996,0.434,19.2,5.2,3.38,Moderate,NA,NA,NA,NA,NA,NA,NA,NA,2026-07-31,2026-07-31
Weehawken,NJ,"New York-Newark-Jersey City, NY-NJ-PA",Hudson County,886854.0557442725,3.02,3848.487653302535,2.23,46181.85183963042,0.434,19.2,5.21,3.38,Moderate,NA,NA,736185,1.98,14.43,6.78,4.46,68.82,2026-07-31,2026-07-31
Leon Valley,TX,"San Antonio-New Braunfels, TX",Bexar County,264962.0761574029,0.76,1147.4333333333332,NA,13769.199999999997,0.433,19.2,5.2,3.38,Moderate,11424,-1.08,2127737,5.56,8.6,8.27,8.16,40.89,2026-07-31,2026-07-31
Croydon,PA,"Philadelphia-Camden-Wilmington, PA-NJ-DE-MD",Bucks County,356314.23638000834,1.23,1545,NA,18540,0.434,19.2,5.2,3.38,Moderate,NA,NA,NA,NA,NA,NA,NA,NA,2026-07-31,2026-07-31
Saint Pete Beach,FL,"Tampa-St. Petersburg-Clearwater, FL",Pinellas County,608051.8097090834,-5.61,2634.623015873016,3.8,31615.47619047619,0.433,19.2,5.2,3.38,Moderate,NA,NA,965870,0.63,3.8,18.32,8.78,30.56,2026-07-31,2026-07-31
North Haledon,NJ,"New York-Newark-Jersey City, NY-NJ-PA",Passaic County,730644.9186635138,6.84,3163.5,NA,37962,0.433,19.2,5.2,3.38,Moderate,8854,-0.63,526597,0.6,7.33,4.03,2.2,47.17,2026-07-31,2026-07-31
Gainesville,GA,"Gainesville, GA",Hall County,374716.4186267363,-1.15,1619.309381339173,1.41,19431.712576070073,0.432,19.3,5.19,3.37,Moderate,47712,13.06,221745,9.01,11.78,10.06,4.34,31.13,2026-07-31,2026-07-31
State College,PA,"State College, PA",Centre County,421720.8328643956,1.9,1822.620927318296,4.86,21871.451127819553,0.432,19.3,5.19,3.37,Moderate,41228,1.29,159805,1.15,4.44,10.63,5.92,38.24,2026-07-31,2026-07-31
Norcross,GA,"Atlanta-Sandy Springs-Alpharetta, GA",Gwinnett County,328801.0305655345,-2.27,1421.926346093993,-3.55,17063.116153127918,0.432,19.3,5.19,3.37,Moderate,18902,7.74,1003869,4.75,5.96,3.94,4.99,33.31,2026-07-31,2026-07-31
Shakopee,MN,"Minneapolis-St. Paul-Bloomington, MN-WI",Scott County,409968.77211884904,1.18,1771.136111111111,2.99,21253.63333333333,0.432,19.3,5.18,3.37,Moderate,48401,9.82,157206,3.87,2.74,2.6,1.89,15.7,2026-07-31,2026-07-31
Lititz,PA,"Lancaster, PA",Lancaster County,467377.5332764185,4.53,2022.1,NA,24265.199999999997,0.433,19.3,5.19,3.37,Moderate,NA,NA,NA,NA,NA,NA,NA,NA,2026-07-31,2026-07-31
East Providence,RI,"Providence-Warwick, RI-MA",Providence County,453562.3497597274,1.88,1961.1583333333335,1.97,23533.9,0.432,19.3,5.19,3.37,Moderate,47961,1.93,675912,2.4,11.33,7.44,4.46,43.38,2026-07-31,2026-07-31
Owasso,OK,"Tulsa, OK",Tulsa County,320139.7115075604,1.99,1383.4558316080056,1.71,16601.469979296067,0.432,19.3,5.19,3.37,Moderate,42821,11.51,693514,3.4,7.29,9.07,6.06,40.26,2026-07-31,2026-07-31
Fridley,MN,"Minneapolis-St. Paul-Bloomington, MN-WI",Anoka County,326802.7654364123,1.71,1412.410696881091,3.92,16948.928362573093,0.432,19.3,5.19,3.37,Moderate,30679,3.72,376840,3.38,6.34,2.91,3.32,20.04,2026-07-31,2026-07-31
Canon City,CO,"Ca±on City, CO",Fremont County,334912.2591803521,-2.07,1448.4126984126983,0.8,17380.95238095238,0.432,19.3,5.19,3.37,Moderate,NA,NA,50093,2.46,-0.14,13.47,2.31,23.85,2026-07-31,2026-07-31
Benbrook,TX,"Dallas-Fort Worth-Arlington, TX",Tarrant County,319456.7452732127,-0.31,1379.1722222222222,2.91,16550.066666666666,0.432,19.3,5.18,3.37,Moderate,24542,0.2,2230708,5.41,8.74,7.08,7.73,40.64,2026-07-31,2026-07-31
Gulf Breeze,FL,"Pensacola-Ferry Pass-Brent, FL",Santa Rosa County,477668.4896162874,-0.05,2066.3981481481483,1.55,24796.77777777778,0.433,19.3,5.19,3.37,Moderate,6955,9.67,207653,9.86,19.76,8.97,3.52,20.02,2026-07-31,2026-07-31
Rhinelander,WI,NA,Oneida County,271163.34379265644,7.82,1170,NA,14040,0.431,19.3,5.18,3.37,Moderate,NA,NA,NA,NA,NA,NA,NA,NA,2026-07-31,2026-07-31
Norton,MA,"Providence-Warwick, RI-MA",Bristol County,602409.1365100602,3.64,2600.833333333333,NA,31209.999999999996,0.432,19.3,5.18,3.37,Moderate,NA,NA,NA,NA,NA,NA,NA,NA,2026-07-31,2026-07-31
North Palm Beach,FL,"Miami-Fort Lauderdale-Pompano Beach, FL",Palm Beach County,628796.7806900905,0.53,2719.6811965811967,-0.06,32636.17435897436,0.433,19.3,5.19,3.37,Moderate,13423,2.14,1582055,5.87,15.98,16.36,6.94,30.14,2026-07-31,2026-07-31
Buckley,WA,"Seattle-Tacoma-Bellevue, WA",Pierce County,660500.6867220576,-0.29,2850,NA,34200,0.431,19.3,5.18,3.37,Moderate,NA,NA,NA,NA,NA,NA,NA,NA,2026-07-31,2026-07-31
Laconia,NH,"Laconia, NH",Belknap County,445993.9157224872,2.28,1924.196428571429,16.22,23090.357142857145,0.431,19.3,5.18,3.37,Moderate,17310,2.49,65257,2.33,9.09,32.54,2.11,21.31,2026-07-31,2026-07-31
Northbridge,MA,"Worcester, MA-CT",Worcester County,520322.49373788625,2.84,2250,NA,27000,0.432,19.3,5.19,3.37,Moderate,NA,NA,NA,NA,NA,NA,NA,NA,2026-07-31,2026-07-31
Suffern,NY,"New York-Newark-Jersey City, NY-NJ-PA",Rockland County,593778.2369857789,2.75,2566.5,NA,30798,0.432,19.3,5.19,3.37,Moderate,NA,NA,NA,NA,NA,NA,NA,NA,2026-07-31,2026-07-31
Pleasant Hill,IA,"Des Moines-West Des Moines, IA",Polk County,306876.16099246405,0.31,1325.4444444444446,6.12,15905.333333333336,0.432,19.3,5.18,3.37,Moderate,11942,17.48,516185,4.69,12.01,5.87,5,32.93,2026-07-31,2026-07-31
Clarksville,TN,"Clarksville, TN-KY",Montgomery County,321955.1270164766,0.04,1386.1757495265258,1.64,16634.10899431831,0.431,19.4,5.17,3.36,Moderate,185690,10.84,246025,11.17,14.09,6.54,5.89,37.06,2026-07-31,2026-07-31
Turlock,CA,"Modesto, CA",Stanislaus County,485595.8945058033,-0.21,2091.3308913308915,1.34,25095.970695970696,0.431,19.3,5.17,3.36,Moderate,72888,0.16,556972,0.59,2.04,4.22,2.75,39,2026-07-31,2026-07-31
Downingtown,PA,"Philadelphia-Camden-Wilmington, PA-NJ-DE-MD",Chester County,593643.1586164595,2.39,2554.4909356725148,2.97,30653.891228070177,0.43,19.4,5.16,3.36,Moderate,8463,5.56,560745,4.84,7.29,3.95,3.98,25.05,2026-07-31,2026-07-31
Maplewood,MN,"Minneapolis-St. Paul-Bloomington, MN-WI",Ramsey County,350789.4073506421,1.75,1508.9508547008545,3.78,18107.410256410254,0.43,19.4,5.16,3.36,Moderate,40142,-4.48,542015,-1.76,3.41,5.41,6.16,38.97,2026-07-31,2026-07-31
Royersford,PA,"Philadelphia-Camden-Wilmington, PA-NJ-DE-MD",Montgomery County,460373.9756583601,2.1,1981.357142857143,1.6,23776.285714285714,0.43,19.4,5.16,3.36,Moderate,4958,0.69,879190,2.6,7.92,4.35,5.68,28.27,2026-07-31,2026-07-31
Springboro,OH,"Cincinnati, OH-KY-IN",Warren County,436137.0163700739,0.49,1880.3190476190475,NA,22563.82857142857,0.431,19.3,5.17,3.36,Moderate,19646,2.66,256059,5.27,8.42,4.87,6.12,20.4,2026-07-31,2026-07-31
Greater Northdale,FL,"Tampa-St. Petersburg-Clearwater, FL",Hillsborough County,454173.92246972,-0.02,1954.330687830688,-1.42,23451.968253968254,0.43,19.4,5.16,3.36,Moderate,NA,NA,1581426,7.85,12.2,7.8,6.74,38.94,2026-07-31,2026-07-31
Charleston,IL,"Charleston-Mattoon, IL",Coles County,169784.87154719754,5.71,732.0500000000001,NA,8784.6,0.431,19.3,5.17,3.36,Moderate,NA,NA,NA,NA,NA,NA,NA,NA,2026-07-31,2026-07-31
Palmyra,PA,"Lebanon, PA",Lebanon County,352592.46693991823,4.77,1519.9166666666667,NA,18239,0.431,19.3,5.17,3.36,Moderate,7735,-1.11,145319,1.41,6.01,6.27,4.84,28.75,2026-07-31,2026-07-31
Bridgeville,PA,"Pittsburgh, PA",Allegheny County,317375.0664934956,2.22,1367,NA,16404,0.431,19.3,5.17,3.36,Moderate,4620,-3.63,1231814,-1.43,2.72,9.6,6.37,35.07,2026-07-31,2026-07-31
Martin,TN,"Martin, TN",Weakley County,223180.2139922666,6.24,961.1111111111112,NA,11533.333333333334,0.431,19.4,5.17,3.36,Moderate,NA,NA,NA,NA,NA,NA,NA,NA,2026-07-31,2026-07-31
Maize,KS,"Wichita, KS",Sedgwick County,312983.5550671702,1.09,1349.8333333333333,NA,16198,0.431,19.3,5.18,3.36,Moderate,NA,NA,NA,NA,NA,NA,NA,NA,2026-07-31,2026-07-31
Riverside,MO,"Kansas City, MO-KS",Platte County,477402.2633611425,4.08,2054.1666666666665,NA,24650,0.43,19.4,5.16,3.36,Moderate,4498,12.06,113207,5.61,6.94,5.93,6.25,32.98,2026-07-31,2026-07-31
Ocean City,MD,"Salisbury, MD-DE",Worcester County,447497.3862282531,-1.7,1925,NA,23100,0.43,19.4,5.16,3.36,Moderate,NA,NA,NA,NA,NA,NA,NA,NA,2026-07-31,2026-07-31
King City,OR,"Portland-Vancouver-Hillsboro, OR-WA",Washington County,467830.9860544491,-0.66,2014,NA,24168,0.43,19.4,5.17,3.36,Moderate,NA,NA,NA,NA,NA,NA,NA,NA,2026-07-31,2026-07-31
Fairplay,CO,"Denver-Aurora-Lakewood, CO",Park County,603334.2497355103,-2.23,2600,NA,31200,0.431,19.3,5.17,3.36,Moderate,NA,NA,NA,NA,NA,NA,NA,NA,2026-07-31,2026-07-31
Sacramento,CA,"Sacramento-Roseville-Folsom, CA",Sacramento County,480487.61270498857,-1.39,2064.3479333993264,1.33,24772.175200791917,0.43,19.4,5.16,3.35,Moderate,535798,1.94,1611231,1.54,7.33,4.28,3.63,41.37,2026-07-31,2026-07-31
Clifton,NJ,"New York-Newark-Jersey City, NY-NJ-PA",Passaic County,618464.3297731745,3.84,2656.508547008547,3.42,31878.102564102563,0.43,19.4,5.15,3.35,Moderate,90322,0.83,526597,0.6,7.33,4.03,2.2,47.17,2026-07-31,2026-07-31
Brentwood,CA,"San Francisco-Oakland-Berkeley, CA",Contra Costa County,794712.8673983138,-1.92,3415.880769230769,3.57,40990.56923076923,0.43,19.4,5.16,3.35,Moderate,66286,2.84,1172607,0.55,6.48,3.5,2.91,32.35,2026-07-31,2026-07-31
Portland,ME,"Portland-South Portland, ME",Cumberland County,566902.4473166183,-0.47,2437.771111111111,2.82,29253.253333333334,0.43,19.4,5.16,3.35,Moderate,69568,1.57,313809,3.36,8.17,14.2,3.63,29.63,2026-07-31,2026-07-31
Bluffton,SC,"Hilton Head Island-Bluffton, SC",Beaufort County,500470.1151088721,-1.08,2148.593703652206,0.52,25783.12444382647,0.429,19.4,5.15,3.35,Moderate,36146,27.62,201775,7.42,14.95,22.12,17.97,24.27,2026-07-31,2026-07-31
Coatesville,PA,"Philadelphia-Camden-Wilmington, PA-NJ-DE-MD",Chester County,394020.7583560091,3.32,1693.988888888889,0.85,20327.86666666667,0.43,19.4,5.16,3.35,Moderate,13390,0.44,560745,4.84,7.29,3.95,3.98,25.05,2026-07-31,2026-07-31
Yorktown,VA,"Virginia Beach-Norfolk-Newport News, VA-NC",York County,487530.7654639171,2.1,2094.745299145299,5.39,25136.94358974359,0.43,19.4,5.16,3.35,Moderate,NA,NA,71410,1.67,4.99,6.26,7.91,28.82,2026-07-31,2026-07-31
Ceres,CA,"Modesto, CA",Stanislaus County,456636.20144719194,-0.05,1960.4166666666667,NA,23525,0.429,19.4,5.15,3.35,Moderate,49253,-0.89,556972,0.59,2.04,4.22,2.75,39,2026-07-31,2026-07-31
Hurst,TX,"Dallas-Fort Worth-Arlington, TX",Tarrant County,339279.3470270722,0.4,1458,3.55,17496,0.43,19.4,5.16,3.35,Moderate,39500,-2.02,2230708,5.41,8.74,7.08,7.73,40.64,2026-07-31,2026-07-31
Lincolnton,NC,"Charlotte-Concord-Gastonia, NC-SC",Lincoln County,299464.3187714713,2.08,1287.7777777777776,3.18,15453.333333333332,0.43,19.4,5.16,3.35,Moderate,12353,10.94,97611,11.98,19.15,7.54,3.05,21.53,2026-07-31,2026-07-31
Farmers Branch,TX,"Dallas-Fort Worth-Arlington, TX",Dallas County,384261.75445162714,1.02,1648.3526758629498,-0.17,19780.2321103554,0.429,19.4,5.15,3.35,Moderate,37341,3.09,2656028,1.73,0.15,7.76,8.95,49.22,2026-07-31,2026-07-31
Floresville,TX,"San Antonio-New Braunfels, TX",Wilson County,357824.6068539878,-0.4,1536.111111111111,NA,18433.333333333332,0.429,19.4,5.15,3.35,Moderate,NA,NA,NA,NA,NA,NA,NA,NA,2026-07-31,2026-07-31
East Wenatchee,WA,"Wenatchee, WA",Douglas County,520790.2125897232,2.66,2239.5079365079364,3.14,26874.095238095237,0.43,19.4,5.16,3.35,Moderate,14330,1.45,45795,6.42,13.84,11.36,2.63,31.59,2026-07-31,2026-07-31
Anthem,AZ,"Phoenix-Mesa-Chandler, AZ",Maricopa County,564485.985314061,-1.3,2420.867307692308,3.83,29050.407692307694,0.429,19.4,5.15,3.35,Moderate,NA,NA,4673096,5.12,9.38,8.29,5.4,34.99,2026-07-31,2026-07-31
Centerville,OH,"Dayton-Kettering, OH",Montgomery County,391979.5964541076,2.51,1682.8080808080806,2.01,20193.696969696968,0.429,19.4,5.15,3.35,Moderate,26311,8.8,537443,0.06,5.01,8.84,4.22,37.67,2026-07-31,2026-07-31
Nokomis,FL,"North Port-Sarasota-Bradenton, FL",Sarasota County,496279.63831541635,-4.69,2133.7369963369965,-2.41,25604.84395604396,0.43,19.4,5.16,3.35,Moderate,NA,NA,476604,9.25,17.16,21.04,7.8,23.66,2026-07-31,2026-07-31
Abington,MA,"Boston-Cambridge-Newton, MA-NH",Plymouth County,608616.4470044227,3.49,2616.2444444444445,NA,31394.933333333334,0.43,19.4,5.16,3.35,Moderate,NA,NA,542090,2.58,7.97,7.23,1.91,22.38,2026-07-31,2026-07-31
Mounds View,MN,"Minneapolis-St. Paul-Bloomington, MN-WI",Ramsey County,350131.5457879659,1.61,1505,NA,18060,0.43,19.4,5.16,3.35,Moderate,NA,NA,NA,NA,NA,NA,NA,NA,2026-07-31,2026-07-31
Little Ferry,NJ,"New York-Newark-Jersey City, NY-NJ-PA",Bergen County,607124.1826913506,4.06,2610.8333333333335,NA,31330,0.43,19.4,5.16,3.35,Moderate,11137,1.67,978641,2.61,10.38,4.13,3.53,34.64,2026-07-31,2026-07-31
Cloverdale,CA,"Santa Rosa-Petaluma, CA",Sonoma County,632472.0930697148,-2.13,2716.6666666666665,NA,32600,0.43,19.4,5.15,3.35,Moderate,NA,NA,NA,NA,NA,NA,NA,NA,2026-07-31,2026-07-31
Woodbridge,CT,"New Haven-Milford, CT",New Haven County,710929.9528237026,8.43,3050,NA,36600,0.429,19.4,5.15,3.35,Moderate,NA,NA,NA,NA,NA,NA,NA,NA,2026-07-31,2026-07-31
Van Alstyne,TX,"Sherman-Denison, TX",Grayson County,430336.91347844386,-3.03,1845.8055555555552,NA,22149.666666666664,0.429,19.4,5.15,3.35,Moderate,NA,NA,NA,NA,NA,NA,NA,NA,2026-07-31,2026-07-31
Moreno Valley,CA,"Riverside-San Bernardino-Ontario, CA",Riverside County,556513.2272721627,-0.18,2381.303100775194,1.21,28575.637209302324,0.428,19.5,5.13,3.34,Moderate,213919,2.42,2529933,4.34,7.33,11.37,4.89,31.14,2026-07-31,2026-07-31
Henrico,VA,"Richmond, VA",Henrico County,411506.2630948548,1.66,1764.3701951174123,2.1,21172.442341408947,0.429,19.4,5.15,3.34,Moderate,NA,NA,338696,1.12,7.45,5.15,5.64,35.38,2026-07-31,2026-07-31
Round Rock,TX,"Austin-Round Rock-Georgetown, TX",Williamson County,405249.3228946242,-5.84,1734.0114558665812,0.37,20808.137470398975,0.428,19.5,5.13,3.34,Moderate,135359,12.26,727480,18.17,29.75,3.91,3.51,32.92,2026-07-31,2026-07-31
Redding,CA,"Redding, CA",Shasta County,395544.0845798675,-0.75,1693.8176821983272,3.35,20325.812186379928,0.428,19.5,5.14,3.34,Moderate,93502,-0.32,181121,-0.59,7.25,10.38,5.09,34.65,2026-07-31,2026-07-31
Vacaville,CA,"Vallejo, CA",Solano County,607747.1245786237,-0.86,2598.7017640628105,1.46,31184.421168753724,0.428,19.5,5.13,3.34,Moderate,103994,1.81,455101,0.49,7.61,4.68,3.13,36.77,2026-07-31,2026-07-31
Porterville,CA,"Visalia, CA",Tulare County,332441.6622158802,0.57,1424.75,5.98,17097,0.429,19.4,5.14,3.34,Moderate,63517,0.81,483546,2.03,-1.06,6.89,2.76,41.38,2026-07-31,2026-07-31
Florence-Graham,CA,"Los Angeles-Long Beach-Anaheim, CA",Los Angeles County,598503.919187395,0.92,2559.4444444444443,NA,30713.333333333332,0.428,19.5,5.13,3.34,Moderate,NA,NA,9757179,-2.4,0.03,6.45,4.01,53.92,2026-07-31,2026-07-31
Carlisle,PA,"Harrisburg-Carlisle, PA",Cumberland County,336332.4612811363,3.39,1440.3416666666665,3.7,17284.1,0.428,19.5,5.14,3.34,Moderate,22517,11.75,275516,5.86,13.9,4.61,1.99,28.63,2026-07-31,2026-07-31
Plymouth,MA,"Boston-Cambridge-Newton, MA-NH",Plymouth County,658611.318001734,4.15,2817.6458333333335,0.51,33811.75,0.428,19.5,5.13,3.34,Moderate,NA,NA,542090,2.58,7.97,7.23,1.91,22.38,2026-07-31,2026-07-31
Woonsocket,RI,"Providence-Warwick, RI-MA",Providence County,393529.9464129086,-0.2,1684.9706959706955,5.05,20219.648351648346,0.428,19.5,5.14,3.34,Moderate,44508,3.12,675912,2.4,11.33,7.44,4.46,43.38,2026-07-31,2026-07-31
Taylors,SC,"Greenville-Anderson, SC",Greenville County,315002.40796528757,1.66,1348.3701923076924,2.37,16180.442307692309,0.428,19.5,5.14,3.34,Moderate,NA,NA,570745,8.25,17.14,7.49,6.9,31.24,2026-07-31,2026-07-31
Port Chester,NY,"New York-Newark-Jersey City, NY-NJ-PA",Westchester County,750271.5275600416,6.96,3213.297619047619,4.69,38559.57142857143,0.428,19.5,5.14,3.34,Moderate,30957,-1.95,1006447,0.5,6.23,5.51,2.35,37.8,2026-07-31,2026-07-31
Milford,MA,"Worcester, MA-CT",Worcester County,568409.8509929322,2.87,2435.904761904762,-1.99,29230.857142857145,0.429,19.4,5.14,3.34,Moderate,NA,NA,881248,2.82,8.7,5.7,3.41,34.33,2026-07-31,2026-07-31
Jackson,MO,"Cape Girardeau, MO-IL",Cape Girardeau County,273200.42099588807,4.64,1170.6666666666667,3.37,14048,0.429,19.4,5.14,3.34,Moderate,15929,3.08,83658,2.24,5.31,9.33,6.31,34.05,2026-07-31,2026-07-31
Manahawkin,NJ,"New York-Newark-Jersey City, NY-NJ-PA",Ocean County,607062.7278404991,4.46,2600,NA,31200,0.428,19.5,5.14,3.34,Moderate,NA,NA,NA,NA,NA,NA,NA,NA,2026-07-31,2026-07-31
Fulshear,TX,"Houston-The Woodlands-Sugar Land, TX",Fort Bend County,504785.5830077932,-2.95,2159.0519005847955,-2.17,25908.622807017546,0.428,19.5,5.13,3.34,Moderate,54629,210.09,958434,15.57,27.37,4.23,6.33,22.52,2026-07-31,2026-07-31
Clarksville,AR,NA,Johnson County,185200.5405154717,3.96,793.75,NA,9525,0.429,19.4,5.14,3.34,Moderate,NA,NA,NA,NA,NA,NA,NA,NA,2026-07-31,2026-07-31
Middleton,ID,"Boise City, ID",Canyon County,506003.59488144657,1.36,2164.444444444444,NA,25973.33333333333,0.428,19.5,5.13,3.34,Moderate,NA,NA,NA,NA,NA,NA,NA,NA,2026-07-31,2026-07-31
Webster,TX,"Houston-The Woodlands-Sugar Land, TX",Harris County,316605.68035424844,-0.3,1353.7848648648649,-1.51,16245.418378378377,0.428,19.5,5.13,3.34,Moderate,12548,0.8,5009302,5.78,13.97,8.3,8.76,45.24,2026-07-31,2026-07-31
Sutherlin,OR,"Roseburg, OR",Douglas County,351078.91105295444,1.41,1503.3333333333333,NA,18040,0.428,19.5,5.14,3.34,Moderate,NA,NA,NA,NA,NA,NA,NA,NA,2026-07-31,2026-07-31
Palmyra,NY,"Rochester, NY",Wayne County,246428.14262941296,3.95,1055,NA,12660,0.428,19.5,5.14,3.34,Moderate,NA,NA,NA,NA,NA,NA,NA,NA,2026-07-31,2026-07-31
Eastampton Township,NJ,"Philadelphia-Camden-Wilmington, PA-NJ-DE-MD",Burlington County,483547.27983534895,2.28,2072.194444444445,NA,24866.333333333336,0.429,19.4,5.14,3.34,Moderate,NA,NA,475515,2.99,9.35,5.16,3.54,24.27,2026-07-31,2026-07-31
Fishers,IN,"Indianapolis-Carmel-Anderson, IN",Hamilton County,449366.1632829015,1.78,1921.0890740465209,3.23,23053.06888855825,0.428,19.5,5.13,3.33,Moderate,103986,4.51,379704,8.79,14.45,5.14,7.51,23.72,2026-07-31,2026-07-31
Traverse City,MI,"Traverse City, MI",Grand Traverse County,450282.68650105473,1.54,1922.7962962962963,2.14,23073.555555555555,0.427,19.5,5.12,3.33,Moderate,15782,0.69,96625,1.26,3.28,14.73,7.65,23.47,2026-07-31,2026-07-31
Malden,MA,"Boston-Cambridge-Newton, MA-NH",Middlesex County,688065.6308680127,1.79,2933.323637316562,0.38,35199.88364779874,0.426,19.5,5.12,3.33,Moderate,66693,0.92,1668956,2.54,11.63,4.52,2.96,38.37,2026-07-31,2026-07-31
Media,PA,"Philadelphia-Camden-Wilmington, PA-NJ-DE-MD",Delaware County,642226.026030995,3.7,2739.340277777778,1.7,32872.083333333336,0.427,19.5,5.12,3.33,Moderate,5938,0.99,584882,1.45,5.58,5.55,4.21,30.36,2026-07-31,2026-07-31
Calexico,CA,"El Centro, CA",Imperial County,398190.83313029143,5.77,1700,NA,20400,0.427,19.5,5.12,3.33,Moderate,NA,NA,NA,NA,NA,NA,NA,NA,2026-07-31,2026-07-31
Montrose,CO,"Montrose, CO",Montrose County,474723.8021092939,2.13,2026.4642857142856,6.66,24317.571428571428,0.427,19.5,5.12,3.33,Moderate,21646,6.19,44806,4.64,13.15,9.78,6.64,25.35,2026-07-31,2026-07-31
Banning,CA,"Riverside-San Bernardino-Ontario, CA",Riverside County,411599.0240443989,-1.06,1758.3333333333333,5.48,21100,0.427,19.5,5.13,3.33,Moderate,31929,7.07,2529933,4.34,7.33,11.37,4.89,31.14,2026-07-31,2026-07-31
Bristow,VA,"Washington-Arlington-Alexandria, DC-VA-MD-WV",Prince William County,740502.6895391002,1.61,3157.444444444445,NA,37889.333333333336,0.426,19.5,5.12,3.33,Moderate,NA,NA,497003,2.93,3.17,3.52,5.04,25.62,2026-07-31,2026-07-31
Saugus,MA,"Boston-Cambridge-Newton, MA-NH",Essex County,699482.3582870726,0.98,2989.6,NA,35875.2,0.427,19.5,5.13,3.33,Moderate,NA,NA,823938,2,7.8,5.11,2.53,36.04,2026-07-31,2026-07-31
Goodlettsville,TN,"Nashville-Davidson--Murfreesboro--Franklin, TN",Sumner County,391957.2894767961,-1.51,1672.5833333333333,-0.18,20071,0.427,19.5,5.12,3.33,Moderate,17433,-2.13,211721,7.24,14.08,5.74,5.01,27.78,2026-07-31,2026-07-31
Riverbank,CA,"Modesto, CA",Stanislaus County,487456.9673705336,-0.2,2083.3333333333335,NA,25000,0.427,19.5,5.13,3.33,Moderate,NA,NA,NA,NA,NA,NA,NA,NA,2026-07-31,2026-07-31
Universal City,TX,"San Antonio-New Braunfels, TX",Bexar County,266029.5114293014,-2.65,1137.3461988304095,-2.41,13648.154385964914,0.428,19.5,5.13,3.33,Moderate,20267,2.6,2127737,5.56,8.6,8.27,8.16,40.89,2026-07-31,2026-07-31
Rockport,TX,"Rockport, TX",Aransas County,309968.1602501728,-5.1,1325.2592592592594,-1.58,15903.111111111113,0.428,19.5,5.13,3.33,Moderate,11069,8.97,25595,6.92,17.97,25.69,1.8,22.33,2026-07-31,2026-07-31
Chesterton,IN,"Chicago-Naperville-Elgin, IL-IN-WI",Porter County,349993.88798473735,2.72,1492.5,NA,17910,0.426,19.5,5.12,3.33,Moderate,NA,NA,NA,NA,NA,NA,NA,NA,2026-07-31,2026-07-31
Somersworth,NH,"Boston-Cambridge-Newton, MA-NH",Strafford County,453787.6971617353,2.79,1936.6666666666667,NA,23240,0.427,19.5,5.12,3.33,Moderate,NA,NA,NA,NA,NA,NA,NA,NA,2026-07-31,2026-07-31
Star,ID,"Boise City, ID",Ada County,580156.1734517018,-0.43,2476.4913419913423,4.16,29717.896103896106,0.427,19.5,5.12,3.33,Moderate,18208,58.8,535799,7.53,14.17,4.08,3.49,28.65,2026-07-31,2026-07-31
Paradise,CA,"Chico, CA",Butte County,335486.43670450035,-2.01,1432.2222222222224,3.13,17186.666666666668,0.427,19.5,5.12,3.33,Moderate,9114,79.09,208334,-0.9,6.92,9.69,5.88,41.72,2026-07-31,2026-07-31
Shenandoah,TX,"Houston-The Woodlands-Sugar Land, TX",Montgomery County,426777.02807912533,-1.4,1819.753968253968,-2.31,21837.047619047615,0.426,19.5,5.12,3.33,Moderate,3839,8.91,749613,19.86,40.55,7.22,7.84,28.27,2026-07-31,2026-07-31
Fredericksburg,VA,"Washington-Arlington-Alexandria, DC-VA-MD-WV",Stafford County,485346.7470141065,0.83,2064.5424836601305,3.57,24774.509803921566,0.425,19.6,5.1,3.32,Moderate,29992,7.13,168919,7.07,13.4,4.74,6.31,19.17,2026-07-31,2026-07-31
Ewa Beach,HI,"Urban Honolulu, HI",Honolulu County,834449.0848863773,1.15,3546.7728937728934,5.78,42561.27472527472,0.425,19.6,5.1,3.32,Moderate,NA,NA,998747,-1.35,1.96,9.47,5.27,40.46,2026-07-31,2026-07-31
Bel Air,MD,"Baltimore-Columbia-Towson, MD",Harford County,468336.12231718533,1.17,1991.1008547008548,4.15,23893.210256410257,0.425,19.6,5.1,3.32,Moderate,10395,-2.83,265514,1.63,2.3,3.96,3.4,20.29,2026-07-31,2026-07-31
Oak Park,IL,"Chicago-Naperville-Elgin, IL-IN-WI",Cook County,489829.2361448128,10.66,2086.3287927350425,5.34,25035.945512820508,0.426,19.6,5.11,3.32,Moderate,52947,-2.98,5182617,-1.6,5.9,8.18,4.67,42.49,2026-07-31,2026-07-31
West Sacramento,CA,"Sacramento-Roseville-Folsom, CA",Yolo County,529343.2423005089,-2.56,2252.6624301494476,2.22,27031.94916179337,0.426,19.6,5.11,3.32,Moderate,55991,4.04,225251,3.44,8.98,6.01,4.8,46.44,2026-07-31,2026-07-31
Galveston,TX,"Houston-The Woodlands-Sugar Land, TX",Galveston County,320772.2882537129,-5.82,1366.0289891395155,1.07,16392.347869674188,0.426,19.6,5.11,3.32,Moderate,53538,-0.21,367407,4.49,11.39,13,8.22,32.51,2026-07-31,2026-07-31
Monroe Township,NJ,"New York-Newark-Jersey City, NY-NJ-PA",Middlesex County,635537.0747955267,1.59,2708.777777777778,NA,32505.333333333336,0.426,19.6,5.11,3.32,Moderate,NA,NA,890119,3.33,12.92,3.48,2.61,36.53,2026-07-31,2026-07-31
Moorhead,MN,"Fargo, ND-MN",Clay County,291591.7989470346,2.12,1241.125,3.01,14893.5,0.426,19.6,5.11,3.32,Moderate,45726,2.65,66848,2.28,8.56,4.78,7.37,33.36,2026-07-31,2026-07-31
Fairport,NY,"Rochester, NY",Monroe County,416289.2200251763,4.71,1774.4940476190477,1.85,21293.928571428572,0.426,19.5,5.12,3.32,Moderate,5341,-2.11,752202,-0.73,1.18,6.27,5.62,36.48,2026-07-31,2026-07-31
Collegeville,PA,"Philadelphia-Camden-Wilmington, PA-NJ-DE-MD",Montgomery County,585898.7661406166,2,2496.902564102564,4.73,29962.83076923077,0.426,19.6,5.11,3.32,Moderate,5308,5.23,879190,2.6,7.92,4.35,5.68,28.27,2026-07-31,2026-07-31
Lutherville Timonium,MD,"Baltimore-Columbia-Towson, MD",Baltimore County,514292.80623357656,1.43,2191.009259259259,2.48,26292.11111111111,0.426,19.6,5.11,3.32,Moderate,NA,NA,852425,-0.11,3.96,5.75,5.61,33.67,2026-07-31,2026-07-31
Palm City,FL,"Port St. Lucie, FL",Martin County,621707.9442650777,-0.68,2645.047619047619,5.6,31740.571428571428,0.425,19.6,5.11,3.32,Moderate,NA,NA,165666,4.41,14.54,17.59,6.28,19.89,2026-07-31,2026-07-31
Washington,MI,"Detroit-Warren-Dearborn, MI",Macomb County,486890.6418326938,2.13,2072.2444444444445,NA,24866.933333333334,0.426,19.6,5.11,3.32,Moderate,NA,NA,NA,NA,NA,NA,NA,NA,2026-07-31,2026-07-31
Beaver Dam,WI,"Beaver Dam, WI",Dodge County,299862.98976935446,4.51,1276,NA,15312,0.426,19.6,5.11,3.32,Moderate,NA,NA,NA,NA,NA,NA,NA,NA,2026-07-31,2026-07-31
Brunswick,ME,"Portland-South Portland, ME",Cumberland County,505814.9250547644,1.16,2155.6481481481483,-0.07,25867.77777777778,0.426,19.6,5.11,3.32,Moderate,NA,NA,313809,3.36,8.17,14.2,3.63,29.63,2026-07-31,2026-07-31
Secaucus,NJ,"New York-Newark-Jersey City, NY-NJ-PA",Hudson County,672685.204666363,4.01,2861.891534391534,3.74,34342.69841269841,0.425,19.6,5.11,3.32,Moderate,22710,3.05,736185,1.98,14.43,6.78,4.46,68.82,2026-07-31,2026-07-31
Brevard,NC,"Brevard, NC",Transylvania County,464538.3709563318,-1.99,1976.25,NA,23715,0.425,19.6,5.11,3.32,Moderate,NA,NA,NA,NA,NA,NA,NA,NA,2026-07-31,2026-07-31
Plattsmouth,NE,"Omaha-Council Bluffs, NE-IA",Cass County,315231.8724103837,4.97,1340.888888888889,NA,16090.666666666668,0.425,19.6,5.1,3.32,Moderate,NA,NA,NA,NA,NA,NA,NA,NA,2026-07-31,2026-07-31
Spencer,MA,"Worcester, MA-CT",Worcester County,445023.6571684486,1.16,1896.25,NA,22755,0.426,19.6,5.11,3.32,Moderate,NA,NA,NA,NA,NA,NA,NA,NA,2026-07-31,2026-07-31
Boonton,NJ,"New York-Newark-Jersey City, NY-NJ-PA",Morris County,689768.8678136981,3.42,2933.3333333333335,NA,35200,0.425,19.6,5.1,3.32,Moderate,8894,1.11,523053,2.87,8.07,3.41,3.25,26.1,2026-07-31,2026-07-31
Cloquet,MN,"Duluth, MN-WI",Carlton County,272939.41283199866,3.31,1160,NA,13920,0.425,19.6,5.1,3.32,Moderate,NA,NA,NA,NA,NA,NA,NA,NA,2026-07-31,2026-07-31
Hemet,CA,"Riverside-San Bernardino-Ontario, CA",Riverside County,447217.5352272931,0.16,1895.705938697318,0.05,22748.471264367818,0.424,19.7,5.09,3.31,Moderate,92912,3.38,2529933,4.34,7.33,11.37,4.89,31.14,2026-07-31,2026-07-31
New Bedford,MA,"Providence-Warwick, RI-MA",Bristol County,446955.1778897737,3.5,1897.3333333333333,6.69,22768,0.425,19.6,5.09,3.31,Moderate,101318,0.37,588593,2.05,7.41,4.9,2.27,37.75,2026-07-31,2026-07-31
Lacey,WA,"Olympia-Lacey-Tumwater, WA",Thurston County,517030.0300458651,0.2,2192.7785811395374,0.86,26313.34297367445,0.424,19.6,5.09,3.31,Moderate,58644,3.31,302912,2.33,10.68,5,3.8,32.24,2026-07-31,2026-07-31
Spanish Fork,UT,"Provo-Orem, UT",Utah County,520115.17153116735,1.67,2204.444444444445,4.38,26453.333333333336,0.424,19.7,5.09,3.31,Moderate,47809,11.81,747234,12.6,17.51,3.79,2.69,31.87,2026-07-31,2026-07-31
Oak Creek,WI,"Milwaukee-Waukesha, WI",Milwaukee County,418458.81358663505,5.11,1776.3520467836258,2.95,21316.22456140351,0.424,19.6,5.09,3.31,Moderate,38373,4.63,924740,-1.48,0.57,8.21,6.16,50.2,2026-07-31,2026-07-31
Gahanna,OH,"Columbus, OH",Franklin County,382754.368951508,2.7,1624.761111111111,0.51,19497.13333333333,0.424,19.6,5.09,3.31,Moderate,35544,-0.45,1356303,2.4,7.58,6.96,3.98,47.03,2026-07-31,2026-07-31
Tewksbury,MA,"Boston-Cambridge-Newton, MA-NH",Middlesex County,684601.0106938189,2.21,2903.8888888888887,0.76,34846.666666666664,0.424,19.6,5.09,3.31,Moderate,NA,NA,1668956,2.54,11.63,4.52,2.96,38.37,2026-07-31,2026-07-31
Salem,NH,"Boston-Cambridge-Newton, MA-NH",Rockingham County,618377.599918391,2.83,2621.3624999999997,0.35,31456.35,0.424,19.7,5.09,3.31,Moderate,NA,NA,322433,2.47,5.64,7.38,3.42,21.38,2026-07-31,2026-07-31
Buffalo,MN,"Minneapolis-St. Paul-Bloomington, MN-WI",Wright County,384960.56251264195,1.93,1632.0833333333337,NA,19585.000000000004,0.424,19.7,5.09,3.31,Moderate,NA,NA,NA,NA,NA,NA,NA,NA,2026-07-31,2026-07-31
Belgrade,MT,"Bozeman, MT",Gallatin County,552668.5297806519,-1.25,2343.878205128205,0.78,28126.53846153846,0.424,19.6,5.09,3.31,Moderate,12741,19.15,126984,6.17,4.63,10,5.16,38.48,2026-07-31,2026-07-31
Morris,IL,"Chicago-Naperville-Elgin, IL-IN-WI",Grundy County,318569.73392660444,4.03,1352.0833333333333,4.52,16225,0.424,19.6,5.09,3.31,Moderate,14587,2.49,53835,2.47,3.72,3.78,1.99,24.19,2026-07-31,2026-07-31
Anoka,MN,"Minneapolis-St. Paul-Bloomington, MN-WI",Anoka County,338485.60752721917,2.88,1436.5396825396826,5.88,17238.47619047619,0.424,19.6,5.09,3.31,Moderate,18068,0.93,376840,3.38,6.34,2.91,3.32,20.04,2026-07-31,2026-07-31
Fort Hunt,VA,"Washington-Arlington-Alexandria, DC-VA-MD-WV",Fairfax County,1007950.1528835468,1.2,4273.75,NA,51285,0.424,19.7,5.09,3.31,Moderate,NA,NA,NA,NA,NA,NA,NA,NA,2026-07-31,2026-07-31
Little Falls,NJ,"New York-Newark-Jersey City, NY-NJ-PA",Passaic County,625602.078252302,3.57,2653.5,NA,31842,0.424,19.6,5.09,3.31,Moderate,NA,NA,NA,NA,NA,NA,NA,NA,2026-07-31,2026-07-31
Haslett,MI,"Lansing-East Lansing, MI",Ingham County,314389.8795772412,2.94,1335.1055555555556,NA,16021.266666666666,0.425,19.6,5.1,3.31,Moderate,NA,NA,290427,1.9,8.02,7.35,5.48,40.45,2026-07-31,2026-07-31
Riverton-Boulevard Park,WA,"Seattle-Tacoma-Bellevue, WA",King County,530141.1487887424,0.06,2246.8333333333335,NA,26962,0.424,19.7,5.09,3.31,Moderate,NA,NA,2340211,2.9,15.35,6.12,5.05,43.91,2026-07-31,2026-07-31
Big Coppitt Key,FL,"Key West, FL",Monroe County,783523.9104926098,-2.35,3323,NA,39876,0.424,19.6,5.09,3.31,Moderate,NA,NA,NA,NA,NA,NA,NA,NA,2026-07-31,2026-07-31
Nashville,TN,"Nashville-Davidson--Murfreesboro--Franklin, TN",Davidson County,434068.4020483659,-3.04,1834.2895087055208,-0.13,22011.47410446625,0.423,19.7,5.07,3.3,Moderate,NA,NA,729505,1.87,8.29,8.82,6.95,46.58,2026-07-31,2026-07-31
Albuquerque,NM,"Albuquerque, NM",Bernalillo County,348416.82830244466,1.37,1472.847366288902,0.74,17674.168395466826,0.423,19.7,5.07,3.3,Moderate,560326,-0.81,671747,-0.76,-1,5.86,5.24,35.73,2026-07-31,2026-07-31
Durham,NC,"Durham-Chapel Hill, NC",Durham County,395976.1175927949,-3.34,1674.7387079719058,1.01,20096.86449566287,0.423,19.7,5.08,3.3,Moderate,301870,7.17,343628,6.55,13.44,7.14,6.46,44.98,2026-07-31,2026-07-31
Elk Grove,CA,"Sacramento-Roseville-Folsom, CA",Sacramento County,634683.4930215211,-2.53,2689.013717899084,1.73,32268.164614789006,0.424,19.7,5.08,3.3,Moderate,182797,3.52,1611231,1.54,7.33,4.28,3.63,41.37,2026-07-31,2026-07-31
Richmond,CA,"San Francisco-Oakland-Berkeley, CA",Contra Costa County,610065.2444799789,-2.51,2577.4252525252527,2.42,30929.103030303035,0.422,19.7,5.07,3.3,Moderate,115353,-0.71,1172607,0.55,6.48,3.5,2.91,32.35,2026-07-31,2026-07-31
Tucker,GA,"Atlanta-Sandy Springs-Alpharetta, GA",Dekalb County,391590.02299345704,-0.18,1655.2192982456138,3.92,19862.631578947367,0.423,19.7,5.07,3.3,Moderate,37224,0.17,NA,NA,NA,NA,NA,NA,2026-07-31,2026-07-31
Cumberland,RI,"Providence-Warwick, RI-MA",Providence County,527326.7027776797,2.46,2230.108080808081,2.98,26761.296969696974,0.423,19.7,5.07,3.3,Moderate,NA,NA,675912,2.4,11.33,7.44,4.46,43.38,2026-07-31,2026-07-31
Hilton,NY,"Rochester, NY",Monroe County,318053.1495418144,5.1,1345,NA,16140,0.423,19.7,5.07,3.3,Moderate,NA,NA,NA,NA,NA,NA,NA,NA,2026-07-31,2026-07-31
Sellersburg,IN,"Louisville/Jefferson County, KY-IN",Clark County,301287.728276995,0.86,1274.125,NA,15289.5,0.423,19.7,5.07,3.3,Moderate,NA,NA,NA,NA,NA,NA,NA,NA,2026-07-31,2026-07-31
Browns Summit,NC,"Greensboro-High Point, NC",Guilford County,308641.4207435691,1.52,1304.875,NA,15658.5,0.423,19.7,5.07,3.3,Moderate,NA,NA,NA,NA,NA,NA,NA,NA,2026-07-31,2026-07-31
Hershey,PA,"Harrisburg-Carlisle, PA",Dauphin County,411685.9989820572,2.73,1741.9333333333334,1.08,20903.2,0.423,19.7,5.08,3.3,Moderate,NA,NA,NA,NA,NA,NA,NA,NA,2026-07-31,2026-07-31
North Bend,OR,"Coos Bay, OR",Coos County,362944.6989301764,-2.54,1533.3333333333333,NA,18400,0.422,19.7,5.07,3.3,Moderate,NA,NA,NA,NA,NA,NA,NA,NA,2026-07-31,2026-07-31
Red Bank,TN,"Chattanooga, TN-GA",Hamilton County,311564.8702646885,-2.29,1319.6875,-2.8,15836.25,0.424,19.7,5.08,3.3,Moderate,12073,1.23,386256,4.99,11.65,8.63,4.18,35.65,2026-07-31,2026-07-31
Kennedale,TX,"Dallas-Fort Worth-Arlington, TX",Tarrant County,389291.4954936891,-0.35,1647.5,2.48,19770,0.423,19.7,5.08,3.3,Moderate,10771,26.6,2230708,5.41,8.74,7.08,7.73,40.64,2026-07-31,2026-07-31
Lincolnshire,IL,"Chicago-Naperville-Elgin, IL-IN-WI",Lake County,747489.3533024361,7.44,3166.625,NA,37999.5,0.424,19.7,5.08,3.3,Moderate,NA,NA,NA,NA,NA,NA,NA,NA,2026-07-31,2026-07-31
Carolina Beach,NC,"Wilmington, NC",New Hanover County,609726.8052064342,0.86,2579.8888888888887,8.04,30958.666666666664,0.423,19.7,5.08,3.3,Moderate,NA,NA,NA,NA,NA,NA,NA,NA,2026-07-31,2026-07-31
Olathe,KS,"Kansas City, MO-KS",Johnson County,440221.9244611167,4.98,1854.563038925844,3.98,22254.756467110128,0.421,19.8,5.06,3.29,Moderate,149035,5.28,632276,3.45,6.72,4.13,5,31.44,2026-07-31,2026-07-31
Sterling,VA,"Washington-Arlington-Alexandria, DC-VA-MD-WV",Loudoun County,637504.2920395959,0.79,2689.1606303418807,-0.68,32269.927564102567,0.422,19.8,5.06,3.29,Moderate,NA,NA,443380,4.89,7.24,2.75,4.35,22.08,2026-07-31,2026-07-31
Pittsburg,CA,"San Francisco-Oakland-Berkeley, CA",Contra Costa County,566407.5773918744,-1.84,2388.4933333333333,2.76,28661.92,0.422,19.8,5.06,3.29,Moderate,77131,1.02,1172607,0.55,6.48,3.5,2.91,32.35,2026-07-31,2026-07-31
Lodi,CA,"Stockton, CA",San Joaquin County,515002.0179682542,-2.19,2169.979797979798,2.1,26039.757575757576,0.421,19.8,5.06,3.29,Moderate,68642,3.31,816108,4.54,9.17,6.02,3.67,38.47,2026-07-31,2026-07-31
Lakeville,MN,"Minneapolis-St. Paul-Bloomington, MN-WI",Dakota County,491339.8329614213,1,2074.5187198067633,1.92,24894.22463768116,0.422,19.7,5.07,3.29,Moderate,77971,11.34,453156,2.89,6.72,2.73,3.92,24.65,2026-07-31,2026-07-31
Winter Garden,FL,"Orlando-Kissimmee-Sanford, FL",Orange County,570660.0906469991,-1.57,2406.0853623188405,-0.54,28873.024347826085,0.422,19.8,5.06,3.29,Moderate,48771,2.71,1533646,7.12,16.48,11.72,10.93,42.64,2026-07-31,2026-07-31
Twin Falls,ID,"Twin Falls, ID",Twin Falls County,374978.0401996497,3.16,1583.7592592592591,2.96,19005.11111111111,0.422,19.7,5.07,3.29,Moderate,55589,6.66,96509,6.79,8.59,5.14,3.11,30.41,2026-07-31,2026-07-31
Rowlett,TX,"Dallas-Fort Worth-Arlington, TX",Dallas County,370261.5630933734,-3.04,1561.3529950669483,-3.2,18736.23594080338,0.422,19.8,5.06,3.29,Moderate,68123,8.53,2656028,1.73,0.15,7.76,8.95,49.22,2026-07-31,2026-07-31
Rockford,MI,"Grand Rapids-Kentwood, MI",Kent County,462378.8652012494,5.36,1950,NA,23400,0.422,19.8,5.06,3.29,Moderate,NA,NA,NA,NA,NA,NA,NA,NA,2026-07-31,2026-07-31
King of Prussia,PA,"Philadelphia-Camden-Wilmington, PA-NJ-DE-MD",Montgomery County,507983.1464694147,3.27,2144.4064625850338,2.51,25732.877551020407,0.422,19.7,5.07,3.29,Moderate,NA,NA,879190,2.6,7.92,4.35,5.68,28.27,2026-07-31,2026-07-31
Olney,MD,"Washington-Arlington-Alexandria, DC-VA-MD-WV",Montgomery County,666897.2029260171,-0.03,2812.1666666666665,NA,33746,0.422,19.8,5.06,3.29,Moderate,NA,NA,NA,NA,NA,NA,NA,NA,2026-07-31,2026-07-31
Pinole,CA,"San Francisco-Oakland-Berkeley, CA",Contra Costa County,724014.167715812,-2.08,3056.8333333333335,NA,36682,0.422,19.7,5.07,3.29,Moderate,NA,NA,NA,NA,NA,NA,NA,NA,2026-07-31,2026-07-31
Gretna,NE,"Omaha-Council Bluffs, NE-IA",Sarpy County,431524.26392801496,1.27,1818.2857142857144,2.52,21819.428571428572,0.421,19.8,5.06,3.29,Moderate,9207,-1.16,204828,7.14,15.85,3.5,4.21,29.38,2026-07-31,2026-07-31
Rogersville,MO,"Springfield, MO",Greene County,332488.1682325804,4.51,1401.25,NA,16815,0.421,19.8,5.06,3.29,Moderate,NA,NA,NA,NA,NA,NA,NA,NA,2026-07-31,2026-07-31
Augusta,KS,"Wichita, KS",Butler County,225267.62434819233,6.35,950,NA,11400,0.422,19.8,5.06,3.29,Moderate,NA,NA,NA,NA,NA,NA,NA,NA,2026-07-31,2026-07-31
Highland Falls,NY,"Poughkeepsie-Newburgh-Middletown, NY",Orange County,432605.2533207279,1.53,1825,NA,21900,0.422,19.8,5.06,3.29,Moderate,NA,NA,NA,NA,NA,NA,NA,NA,2026-07-31,2026-07-31
La Grande,OR,"La Grande, OR",Union County,305990.2956780129,4.7,1291.6666666666667,NA,15500,0.422,19.7,5.07,3.29,Moderate,13058,0.4,26058,-0.42,5.3,7.89,1.69,35.42,2026-07-31,2026-07-31
Crozet,VA,"Charlottesville, VA",Albemarle County,594499.6356096732,2.27,2508.3333333333335,NA,30100,0.422,19.8,5.06,3.29,Moderate,NA,NA,117313,4.22,12.53,6.82,2.72,34.05,2026-07-31,2026-07-31
Robinwood,MD,"Hagerstown-Martinsburg, MD-WV",Washington County,378541.936982388,1.22,1598,NA,19176,0.422,19.7,5.07,3.29,Moderate,NA,NA,NA,NA,NA,NA,NA,NA,2026-07-31,2026-07-31
Apple Valley,CA,"Riverside-San Bernardino-Ontario, CA",San Bernardino County,435608.67023051,0.97,1833.4880952380952,4.99,22001.85714285714,0.421,19.8,5.05,3.28,Moderate,75029,-1.09,2214281,1.41,1.68,9.55,3.22,38.46,2026-07-31,2026-07-31
Caldwell,ID,"Boise City, ID",Canyon County,402101.9668424587,0.69,1691.727777777778,5.11,20300.733333333337,0.421,19.8,5.05,3.28,Moderate,73088,20.32,266892,14.53,25.29,3.18,3.05,24.91,2026-07-31,2026-07-31
Waterford,MI,"Detroit-Warren-Dearborn, MI",Oakland County,281404.7302330676,3.32,1181.6425925925926,3.96,14179.711111111112,0.42,19.8,5.04,3.28,Moderate,NA,NA,1296888,1.91,10.58,5.25,6.51,27.73,2026-07-31,2026-07-31
Haverhill,MA,"Boston-Cambridge-Newton, MA-NH",Essex County,556705.4947126795,2.1,2337.710233918129,0.25,28052.522807017544,0.42,19.8,5.04,3.28,Moderate,68291,0.97,823938,2,7.8,5.11,2.53,36.04,2026-07-31,2026-07-31
Columbia,TN,"Nashville-Davidson--Murfreesboro--Franklin, TN",Maury County,376699.40540692344,1.18,1585.551014957265,0.76,19026.61217948718,0.421,19.8,5.05,3.28,Moderate,48812,16.24,113411,11.37,21.6,7.99,8.58,28.72,2026-07-31,2026-07-31
Hilliard,OH,"Columbus, OH",Franklin County,388603.61766838416,0.79,1635.1693121693122,2.25,19622.031746031746,0.421,19.8,5.05,3.28,Moderate,38832,4.42,1356303,2.4,7.58,6.96,3.98,47.03,2026-07-31,2026-07-31
Hendersonville,NC,"Asheville, NC",Henderson County,412994.00427117647,-1.91,1738.5482295482295,4.76,20862.578754578753,0.421,19.8,5.05,3.28,Moderate,15656,2.93,120771,3.6,13.84,12.06,6.26,25.79,2026-07-31,2026-07-31
Smyrna,TN,"Nashville-Davidson--Murfreesboro--Franklin, TN",Rutherford County,406035.7140207896,-0.83,1704.896572871573,2.54,20458.758874458876,0.42,19.8,5.04,3.28,Moderate,60302,12.68,376996,9.81,14.23,7,7.53,34.99,2026-07-31,2026-07-31
Minot,ND,"Minot, ND",Ward County,282641.1017445317,3.63,1189.0444444444445,6.68,14268.533333333333,0.421,19.8,5.05,3.28,Moderate,47440,-1.96,68427,-2.14,-6.31,12.61,6.55,38.08,2026-07-31,2026-07-31
Webster,NY,"Rochester, NY",Monroe County,403985.9852957793,4.84,1697.2579365079366,0.02,20367.09523809524,0.42,19.8,5.04,3.28,Moderate,5787,1.56,752202,-0.73,1.18,6.27,5.62,36.48,2026-07-31,2026-07-31
Northbrook,IL,"Chicago-Naperville-Elgin, IL-IN-WI",Cook County,718284.4941077562,9.5,3020.254761904762,4.51,36243.05714285714,0.42,19.8,5.05,3.28,Moderate,34546,-1.72,5182617,-1.6,5.9,8.18,4.67,42.49,2026-07-31,2026-07-31
Orange,NJ,"New York-Newark-Jersey City, NY-NJ-PA",Essex County,473912.69637996185,-1.27,1991.082251082251,-1.93,23892.987012987014,0.42,19.8,5.04,3.28,Moderate,NA,NA,881527,2.5,15.1,5.39,2.7,55.47,2026-07-31,2026-07-31
Langhorne,PA,"Philadelphia-Camden-Wilmington, PA-NJ-DE-MD",Bucks County,595463.6250210338,3.62,2501.5352564102564,2.08,30018.423076923078,0.42,19.8,5.04,3.28,Moderate,1634,-0.37,650131,0.61,4.89,3.41,3.04,21.99,2026-07-31,2026-07-31
Carney,MD,"Baltimore-Columbia-Towson, MD",Baltimore County,348973.43054731697,0.8,1465.8809523809523,3.14,17590.571428571428,0.42,19.8,5.04,3.28,Moderate,NA,NA,852425,-0.11,3.96,5.75,5.61,33.67,2026-07-31,2026-07-31
Payson,AZ,"Payson, AZ",Gila County,448907.809672161,-0.93,1888.3333333333333,NA,22660,0.421,19.8,5.05,3.28,Moderate,NA,NA,NA,NA,NA,NA,NA,NA,2026-07-31,2026-07-31
Ashland,MA,"Boston-Cambridge-Newton, MA-NH",Middlesex County,676722.6464316752,-0.1,2843.777777777778,NA,34125.333333333336,0.42,19.8,5.04,3.28,Moderate,NA,NA,1668956,2.54,11.63,4.52,2.96,38.37,2026-07-31,2026-07-31
Dumont,NJ,"New York-Newark-Jersey City, NY-NJ-PA",Bergen County,682714.5493026659,8.54,2875,NA,34500,0.421,19.8,5.05,3.28,Moderate,NA,NA,NA,NA,NA,NA,NA,NA,2026-07-31,2026-07-31
Advance,NC,"Winston-Salem, NC",Davie County,416125.0018171559,2.35,1750.8333333333337,NA,21010.000000000004,0.421,19.8,5.05,3.28,Moderate,NA,NA,NA,NA,NA,NA,NA,NA,2026-07-31,2026-07-31
Spanish Fort,AL,"Daphne-Fairhope-Foley, AL",Baldwin County,387811.26953368547,0.75,1632.2732323232322,4.47,19587.278787878786,0.421,19.8,5.05,3.28,Moderate,11118,9.44,261608,12.16,29.22,26.36,33.41,22.46,2026-07-31,2026-07-31
Thonotosassa,FL,"Tampa-St. Petersburg-Clearwater, FL",Hillsborough County,415159.21204640326,-1.56,1746.6666666666667,NA,20960,0.421,19.8,5.05,3.28,Moderate,NA,NA,1581426,7.85,12.2,7.8,6.74,38.94,2026-07-31,2026-07-31
Valley Cottage,NY,"New York-Newark-Jersey City, NY-NJ-PA",Rockland County,664978.2222874918,2,2800,NA,33600,0.421,19.8,5.05,3.28,Moderate,NA,NA,NA,NA,NA,NA,NA,NA,2026-07-31,2026-07-31
Savoy,IL,"Champaign-Urbana, IL",Champaign County,358272.2199529482,3.49,1505.0277777777776,NA,18060.333333333332,0.42,19.8,5.04,3.28,Moderate,9260,4.46,212374,2.97,9.8,11.21,10.06,46.55,2026-07-31,2026-07-31
Oviedo,FL,"Orlando-Kissimmee-Sanford, FL",Seminole County,509134.6109370112,-0.47,2133.425087837648,1.92,25601.101054051775,0.419,19.9,5.03,3.27,Moderate,41901,4.72,494605,4.91,9.63,5.97,6.62,34.24,2026-07-31,2026-07-31
Wheaton,IL,"Chicago-Naperville-Elgin, IL-IN-WI",DuPage County,518505.17456878145,5.19,2173.9519348070075,1.58,26087.42321768409,0.419,19.9,5.03,3.27,Moderate,53741,-0.29,937142,0.6,5.3,4.53,5.6,26.87,2026-07-31,2026-07-31
Holbrook,NY,"New York-Newark-Jersey City, NY-NJ-PA",Suffolk County,678187.1935136843,5.16,2845.3583333333336,8.93,34144.3,0.42,19.9,5.03,3.27,Moderate,NA,NA,1535909,0.9,2.22,11.64,3.67,18.09,2026-07-31,2026-07-31
Walker,MI,"Grand Rapids-Kentwood, MI",Kent County,363094.7507550423,5.1,1522.7648148148146,NA,18273.177777777775,0.419,19.9,5.03,3.27,Moderate,25921,2.71,673002,2.2,7.09,4.57,4.07,29.64,2026-07-31,2026-07-31
American Canyon,CA,"Napa, CA",Napa County,738625.7404278548,-2.05,3094.0833333333335,NA,37129,0.419,19.9,5.03,3.27,Moderate,21742,-0.26,132727,-3.45,-4.02,10.68,4.97,35.6,2026-07-31,2026-07-31
New Richmond,WI,"Minneapolis-St. Paul-Bloomington, MN-WI",Saint Croix County,382533.79153987765,0.43,1604.4166666666667,NA,19253,0.419,19.9,5.03,3.27,Moderate,10879,7.14,NA,NA,NA,NA,NA,NA,2026-07-31,2026-07-31
West Richland,WA,"Kennewick-Richland, WA",Benton County,498909.1061249682,-0.33,2088.6111111111113,NA,25063.333333333336,0.419,19.9,5.02,3.27,Moderate,18820,14.85,218190,5.19,10.36,6.23,5.79,31.5,2026-07-31,2026-07-31
Webster,MA,"Worcester, MA-CT",Worcester County,449250.3673691412,2.34,1884.5,NA,22614,0.419,19.9,5.03,3.27,Moderate,NA,NA,NA,NA,NA,NA,NA,NA,2026-07-31,2026-07-31
North Myrtle Beach,SC,"Myrtle Beach-Conway-North Myrtle Beach, SC-NC",Horry County,398523.5773732367,-0.02,1672.7619047619046,12.14,20073.142857142855,0.42,19.9,5.04,3.27,Moderate,20798,9.9,413391,16.85,39.46,28.98,22.81,24.16,2026-07-31,2026-07-31
Beachwood,OH,"Cleveland-Elyria, OH",Cuyahoga County,504453.3809496294,5.72,2115.4650793650794,2.65,25385.58095238095,0.419,19.9,5.03,3.27,Moderate,13820,-1.43,1240594,-1.75,1.72,9.97,5.22,40.95,2026-07-31,2026-07-31
Blue Ash,OH,"Cincinnati, OH-KY-IN",Hamilton County,451361.7978252592,1.92,1892.4185185185183,1.71,22709.022222222222,0.419,19.9,5.03,3.27,Moderate,13616,1.57,837359,0.84,4.18,7.42,4.2,41.01,2026-07-31,2026-07-31
Plymouth,CT,"Torrington, CT",Litchfield County,339389.0815504451,3.51,1422.5,NA,17070,0.419,19.9,5.03,3.27,Moderate,NA,NA,NA,NA,NA,NA,NA,NA,2026-07-31,2026-07-31
Gaithersburg,MD,"Washington-Arlington-Alexandria, DC-VA-MD-WV",Montgomery County,522428.30666138715,-1.86,2183.9782270655483,0.98,26207.738724786577,0.418,19.9,5.02,3.26,Moderate,70686,1.74,1082273,2.02,7.76,4.26,3.68,34.66,2026-07-31,2026-07-31
Union City,NJ,"New York-Newark-Jersey City, NY-NJ-PA",Hudson County,576914.8686536145,5.06,2410.9436274509803,2.19,28931.323529411762,0.418,19.9,5.01,3.26,Moderate,66918,-1.79,736185,1.98,14.43,6.78,4.46,68.82,2026-07-31,2026-07-31
Klamath Falls,OR,"Klamath Falls, OR",Klamath County,310785.7628850287,1.27,1297.4615384615383,2.35,15569.538461538461,0.417,20,5.01,3.26,Lean Rent,22174,1.23,70438,1.16,4.66,12.62,1.52,31.27,2026-07-31,2026-07-31
Roseburg,OR,"Roseburg, OR",Douglas County,368343.3242638304,0.41,1541.7129629629628,0.54,18500.555555555555,0.419,19.9,5.02,3.26,Moderate,23795,0.53,112255,0.87,6.37,7.12,1.77,28.24,2026-07-31,2026-07-31
Teaneck,NJ,"New York-Newark-Jersey City, NY-NJ-PA",Bergen County,702106.8417193843,1.01,2934.25,5.4,35211,0.418,19.9,5.02,3.26,Moderate,NA,NA,978641,2.61,10.38,4.13,3.53,34.64,2026-07-31,2026-07-31
Hercules,CA,"San Francisco-Oakland-Berkeley, CA",Contra Costa County,743984.294188724,-2.51,3105.2658730158732,3.92,37263.19047619048,0.417,20,5.01,3.26,Lean Rent,26499,1.46,1172607,0.55,6.48,3.5,2.91,32.35,2026-07-31,2026-07-31
Milford,MI,"Detroit-Warren-Dearborn, MI",Oakland County,496134.0324050282,3.91,2072.5,NA,24870,0.418,19.9,5.01,3.26,Moderate,NA,NA,NA,NA,NA,NA,NA,NA,2026-07-31,2026-07-31
Hanahan,SC,"Charleston-North Charleston, SC",Berkeley County,416849.8126235207,-0.06,1744.7727272727273,4.99,20937.272727272728,0.419,19.9,5.02,3.26,Moderate,21983,6.82,264276,14.15,27.06,7.35,5.97,25.9,2026-07-31,2026-07-31
Bolivar,MO,"Springfield, MO",Polk County,259750.50884195557,1.25,1086.388888888889,NA,13036.666666666668,0.418,19.9,5.02,3.26,Moderate,11549,6.9,33070,4.6,8.04,10.99,4.4,28.72,2026-07-31,2026-07-31
Middletown,RI,"Providence-Warwick, RI-MA",Newport County,769557.8807691298,5.12,3213.777777777778,-2.54,38565.333333333336,0.418,20,5.01,3.26,Lean Rent,NA,NA,83468,-2.39,-1.38,16.92,7.6,32.56,2026-07-31,2026-07-31
Ball Ground,GA,"Atlanta-Sandy Springs-Alpharetta, GA",Cherokee County,508294.420937197,2.03,2124.555555555555,NA,25494.666666666664,0.418,19.9,5.02,3.26,Moderate,NA,NA,NA,NA,NA,NA,NA,NA,2026-07-31,2026-07-31
La Riviera,CA,"Sacramento-Roseville-Folsom, CA",Sacramento County,477270.904914928,-0.86,1997.0833333333333,0.91,23965,0.418,19.9,5.02,3.26,Moderate,NA,NA,NA,NA,NA,NA,NA,NA,2026-07-31,2026-07-31
Clute,TX,"Houston-The Woodlands-Sugar Land, TX",Brazoria County,195585.8646991015,-1.17,816.3531746031746,NA,9796.238095238095,0.417,20,5.01,3.26,Lean Rent,10893,2.52,413224,10.63,23.74,10.51,11.33,26,2026-07-31,2026-07-31
Linthicum Heights,MD,"Baltimore-Columbia-Towson, MD",Anne Arundel County,440310.1098775727,1.92,1841.5,NA,22098,0.418,19.9,5.02,3.26,Moderate,NA,NA,NA,NA,NA,NA,NA,NA,2026-07-31,2026-07-31
Carrollton,VA,"Virginia Beach-Norfolk-Newport News, VA-NC",Isle of Wight County,419183.23493635986,1.87,1750,NA,21000,0.417,20,5.01,3.26,Lean Rent,NA,NA,NA,NA,NA,NA,NA,NA,2026-07-31,2026-07-31
Vallejo,CA,"Vallejo, CA",Solano County,524542.6842079608,-3.55,2183.610541389505,1.96,26203.32649667406,0.416,20,5,3.25,Lean Rent,123475,-1.95,455101,0.49,7.61,4.68,3.13,36.77,2026-07-31,2026-07-31
Glen Burnie,MD,"Baltimore-Columbia-Towson, MD",Anne Arundel County,397810.31245859386,0.51,1657.7357872452212,0.96,19892.829446942655,0.417,20,5,3.25,Lean Rent,NA,NA,602350,1.51,0.69,4.79,5.5,25.04,2026-07-31,2026-07-31
Marysville,WA,"Seattle-Tacoma-Bellevue, WA",Snohomish County,626087.6835616204,0.06,2606.381673881674,2.96,31276.58008658009,0.416,20,5,3.25,Lean Rent,76209,7.37,864113,4.11,11.83,4.9,4.3,31.61,2026-07-31,2026-07-31
North Richland Hills,TX,"Dallas-Fort Worth-Arlington, TX",Tarrant County,370430.82985848,0.12,1544.591931216931,-0.14,18535.103174603173,0.417,20,5,3.25,Lean Rent,71436,1.62,2230708,5.41,8.74,7.08,7.73,40.64,2026-07-31,2026-07-31
East Orange,NJ,"New York-Newark-Jersey City, NY-NJ-PA",Essex County,481307.9299027272,-0.8,2007.6986243386243,0.55,24092.38349206349,0.417,20,5.01,3.25,Lean Rent,71850,3.5,881527,2.5,15.1,5.39,2.7,55.47,2026-07-31,2026-07-31
West Des Moines,IA,"Des Moines-West Des Moines, IA",Polk County,325030.7861706875,0.62,1352.7214751683505,2.13,16232.657702020206,0.416,20,4.99,3.25,Lean Rent,73664,6.88,516185,4.69,12.01,5.87,5,32.93,2026-07-31,2026-07-31
Delaware,OH,"Columbus, OH",Delaware County,416377.8152729508,0.29,1734.4645658263307,2.22,20813.57478991597,0.417,20,5,3.25,Lean Rent,46521,11.53,237966,10.6,19.13,4.46,4.27,21.81,2026-07-31,2026-07-31
Plainfield,NJ,"New York-Newark-Jersey City, NY-NJ-PA",Union County,521339.27359160135,0.3,2169.7222222222226,NA,26036.66666666667,0.416,20,4.99,3.25,Lean Rent,56507,3.98,594160,3.57,15.84,4.55,3.18,42.39,2026-07-31,2026-07-31
Frankfort,KY,"Frankfort, KY",Franklin County,248111.3708463997,-0.79,1035.3126984126984,0.75,12423.752380952381,0.417,20,5.01,3.25,Lean Rent,28610,-0.01,52442,1.63,16.06,6.37,2.81,35.63,2026-07-31,2026-07-31
Woodstock,IL,"Chicago-Naperville-Elgin, IL-IN-WI",McHenry County,339553.1970171249,3.91,1415.3222222222223,NA,16983.86666666667,0.417,20,5,3.25,Lean Rent,25892,0.93,315959,1.93,5.95,3.55,3.04,17.42,2026-07-31,2026-07-31
Garfield,NJ,"New York-Newark-Jersey City, NY-NJ-PA",Bergen County,592866.0133538969,1.99,2468.555555555555,9.35,29622.666666666664,0.416,20,5,3.25,Lean Rent,33530,2.98,978641,2.61,10.38,4.13,3.53,34.64,2026-07-31,2026-07-31
Lawrenceburg,KY,"Frankfort, KY",Anderson County,271716.9643026887,1.31,1131.6666666666667,NA,13580,0.416,20,5,3.25,Lean Rent,NA,NA,NA,NA,NA,NA,NA,NA,2026-07-31,2026-07-31
Saint Michael,MN,"Minneapolis-St. Paul-Bloomington, MN-WI",Wright County,438514.54449474736,-0.06,1828.1984126984128,6.24,21938.380952380954,0.417,20,5,3.25,Lean Rent,NA,NA,154593,8.96,15.08,6.05,2.93,15.74,2026-07-31,2026-07-31
Warrenton,MO,"St. Louis, MO-IL",Warren County,304723.17864341947,2.35,1270.625,NA,15247.5,0.417,20,5,3.25,Lean Rent,NA,NA,NA,NA,NA,NA,NA,NA,2026-07-31,2026-07-31
Duvall,WA,"Seattle-Tacoma-Bellevue, WA",King County,950294.4101034254,-2.47,3964.444444444445,NA,47573.333333333336,0.417,20,5.01,3.25,Lean Rent,NA,NA,NA,NA,NA,NA,NA,NA,2026-07-31,2026-07-31
Harahan,LA,"New Orleans-Metairie, LA",Jefferson Parish,325694.28073844523,5.09,1356.5555555555557,-4.93,16278.666666666668,0.417,20,5,3.25,Lean Rent,8819,-3.07,427253,-2.84,2.2,8.82,5.5,37.69,2026-07-31,2026-07-31
Sugarcreek,OH,"Dayton-Kettering, OH",Greene County,518655.00789920334,3,2161.944444444445,NA,25943.333333333336,0.417,20,5,3.25,Lean Rent,2316,-2.69,172347,2.51,11.6,6.18,4.42,32.42,2026-07-31,2026-07-31
Hampton,MI,"Bay City, MI",Bay County,239269.0504355084,7.91,997,NA,11964,0.417,20,5,3.25,Lean Rent,NA,NA,NA,NA,NA,NA,NA,NA,2026-07-31,2026-07-31
Lees Summit,MO,"Kansas City, MO-KS",Jackson County,399113.0931800334,2.89,1657.6229166666665,3.84,19891.475,0.415,20.1,4.98,3.24,Lean Rent,NA,NA,727362,1.35,6.69,9.2,4.42,41.15,2026-07-31,2026-07-31
Iowa City,IA,"Iowa City, IA",Johnson County,305824.4750624013,3.77,1270.7443609022555,6.87,15248.932330827065,0.416,20.1,4.99,3.24,Lean Rent,76710,2.4,160080,4.59,6.75,7.43,6.54,41.16,2026-07-31,2026-07-31
Paramount,CA,"Los Angeles-Long Beach-Anaheim, CA",Los Angeles County,654730.9107113344,2.78,2716.0833333333335,5.03,32593,0.415,20.1,4.98,3.24,Lean Rent,51169,-4.49,9757179,-2.4,0.03,6.45,4.01,53.92,2026-07-31,2026-07-31
North Tonawanda,NY,"Buffalo-Cheektowaga, NY",Niagara County,289699.0180079944,4.73,1203.3333333333333,4.17,14440,0.415,20.1,4.98,3.24,Lean Rent,29981,-1.49,209570,-1.21,2.67,8.81,4.61,29.1,2026-07-31,2026-07-31
Johnston,RI,"Providence-Warwick, RI-MA",Providence County,460495.1656275875,1.56,1910.2777777777776,NA,22923.333333333332,0.415,20.1,4.98,3.24,Lean Rent,NA,NA,NA,NA,NA,NA,NA,NA,2026-07-31,2026-07-31
Webster Groves,MO,"St. Louis, MO-IL",Saint Louis County,447504.1446141391,3.48,1861.1111111111113,NA,22333.333333333336,0.416,20,4.99,3.24,Lean Rent,NA,NA,NA,NA,NA,NA,NA,NA,2026-07-31,2026-07-31
Maumelle,AR,"Little Rock-North Little Rock-Conway, AR",Pulaski County,310364.7807865187,2.81,1288.326984126984,1.66,15459.923809523807,0.415,20.1,4.98,3.24,Lean Rent,19541,1.49,401209,0.48,-0.94,11.78,9.74,42.25,2026-07-31,2026-07-31
North Plainfield,NJ,"New York-Newark-Jersey City, NY-NJ-PA",Somerset County,504828.9461625025,-0.69,2099.6944444444443,NA,25196.333333333332,0.416,20,4.99,3.24,Lean Rent,23072,1.42,357467,3.68,12.99,2.54,1.98,25.53,2026-07-31,2026-07-31
Coalinga,CA,"Fresno, CA",Fresno County,296643.24394129287,3.58,1233.3333333333333,NA,14800,0.416,20,4.99,3.24,Lean Rent,16722,-5.42,1024125,1.44,-1.54,5.8,3.02,44.58,2026-07-31,2026-07-31
Sandy,OR,"Portland-Vancouver-Hillsboro, OR-WA",Clackamas County,526367.5040710251,-0.18,2184.285714285714,4.64,26211.428571428572,0.415,20.1,4.98,3.24,Lean Rent,12990,2.6,425857,0.79,3.92,5.7,4.07,28.66,2026-07-31,2026-07-31
Box Elder,SD,"Rapid City, SD",Meade County,370688.94039591734,2.38,1538.690476190476,3.25,18464.28571428571,0.415,20.1,4.98,3.24,Lean Rent,13887,16.25,30918,3.39,-1.42,6.7,3.91,27.29,2026-07-31,2026-07-31
Berlin,MA,"Worcester, MA-CT",Worcester County,672094.0123856099,1.19,2795.5,NA,33546,0.416,20,4.99,3.24,Lean Rent,NA,NA,NA,NA,NA,NA,NA,NA,2026-07-31,2026-07-31
Auburn,AL,"Auburn-Opelika, AL",Lee County,423354.21390550287,4.25,1755.4525252525252,3.79,21065.4303030303,0.415,20.1,4.98,3.23,Lean Rent,83757,8.68,187847,7.43,16.52,12.34,6.97,34.27,2026-07-31,2026-07-31
Reston,VA,"Washington-Arlington-Alexandria, DC-VA-MD-WV",Fairfax County,630998.9216288653,-0.27,2615.482808159736,1.68,31385.793697916833,0.414,20.1,4.97,3.23,Lean Rent,NA,NA,1160925,1.07,6.94,3.66,4.16,31.65,2026-07-31,2026-07-31
Mason,OH,"Cincinnati, OH-KY-IN",Warren County,513672.8326567687,1.31,2129.7619047619046,1.76,25557.142857142855,0.415,20.1,4.98,3.23,Lean Rent,36046,3.33,256059,5.27,8.42,4.87,6.12,20.4,2026-07-31,2026-07-31
Papillion,NE,"Omaha-Council Bluffs, NE-IA",Sarpy County,415464.09937453206,1.92,1717.806166056166,3.97,20613.67399267399,0.413,20.2,4.96,3.23,Lean Rent,25248,-1.21,204828,7.14,15.85,3.5,4.21,29.38,2026-07-31,2026-07-31
Westfield,IN,"Indianapolis-Carmel-Anderson, IN",Hamilton County,478848.7800218751,3.03,1983.22894265233,4.54,23798.74731182796,0.414,20.1,4.97,3.23,Lean Rent,62994,33.96,379704,8.79,14.45,5.14,7.51,23.72,2026-07-31,2026-07-31
Flowery Branch,GA,"Gainesville, GA",Hall County,427339.2522490668,-1.98,1772.360857699805,-3.18,21268.33029239766,0.415,20.1,4.98,3.23,Lean Rent,12292,29.17,221745,9.01,11.78,10.06,4.34,31.13,2026-07-31,2026-07-31
Dover,NH,"Boston-Cambridge-Newton, MA-NH",Strafford County,548206.0846321038,1.47,2273.0723905723908,1.84,27276.86868686869,0.415,20.1,4.98,3.23,Lean Rent,33909,3.43,134202,2.39,5.98,7.97,5.97,33.02,2026-07-31,2026-07-31
Maitland,FL,"Orlando-Kissimmee-Sanford, FL",Orange County,479666.1954801405,1.23,1985.439770723104,3.12,23825.27724867725,0.414,20.1,4.97,3.23,Lean Rent,19776,1.6,1533646,7.12,16.48,11.72,10.93,42.64,2026-07-31,2026-07-31
Lewisburg,PA,"Lewisburg, PA",Union County,335325.23389763845,5.44,1390,NA,16680,0.415,20.1,4.97,3.23,Lean Rent,NA,NA,NA,NA,NA,NA,NA,NA,2026-07-31,2026-07-31
Northborough,MA,"Worcester, MA-CT",Worcester County,704686.370943427,1.71,2919.5,NA,35034,0.414,20.1,4.97,3.23,Lean Rent,NA,NA,NA,NA,NA,NA,NA,NA,2026-07-31,2026-07-31
Beaver,PA,"Pittsburgh, PA",Beaver County,282943.5672046155,4.26,1170.4166666666667,NA,14045,0.414,20.1,4.96,3.23,Lean Rent,4336,-2.01,165540,-1.38,4.65,9.08,7.23,25.47,2026-07-31,2026-07-31
Coopersburg,PA,"Allentown-Bethlehem-Easton, PA-NJ",Lehigh County,525551.8910615547,4.86,2174.1666666666665,NA,26090,0.414,20.1,4.96,3.23,Lean Rent,NA,NA,NA,NA,NA,NA,NA,NA,2026-07-31,2026-07-31
Johnstown,CO,"Greeley, CO",Weld County,505142.3182925145,-3.36,2093.5793650793653,1.75,25122.95238095238,0.414,20.1,4.97,3.23,Lean Rent,20639,18.84,369745,11.55,19.05,4.01,5.91,24.45,2026-07-31,2026-07-31
Umatilla,FL,"Ocala, FL",Marion County,288823.4101411928,-1.33,1196.6666666666667,NA,14360,0.414,20.1,4.97,3.23,Lean Rent,NA,NA,NA,NA,NA,NA,NA,NA,2026-07-31,2026-07-31
Edgerton,WI,"Janesville-Beloit, WI",Rock County,310120.9186514057,4.97,1282.5,NA,15390,0.414,20.2,4.96,3.23,Lean Rent,NA,NA,NA,NA,NA,NA,NA,NA,2026-07-31,2026-07-31
Elizabeth,NJ,"New York-Newark-Jersey City, NY-NJ-PA",Union County,548370.0758700344,1.82,2260.506072874494,1.35,27126.072874493926,0.412,20.2,4.95,3.22,Lean Rent,140413,2.73,594160,3.57,15.84,4.55,3.18,42.39,2026-07-31,2026-07-31
Lutz,FL,"Tampa-St. Petersburg-Clearwater, FL",Hillsborough County,490657.9281885244,-1.45,2027.1892058709684,-2.9,24326.27047045162,0.413,20.2,4.96,3.22,Lean Rent,NA,NA,1581426,7.85,12.2,7.8,6.74,38.94,2026-07-31,2026-07-31
Greensburg,PA,"Pittsburgh, PA",Westmoreland County,251142.3866631455,0.13,1038.2255291005292,6.44,12458.70634920635,0.413,20.2,4.96,3.22,Lean Rent,14586,-2.26,350935,-0.96,3.65,8.33,4.09,21.75,2026-07-31,2026-07-31
Butler,PA,"Pittsburgh, PA",Butler County,240003.57784415316,2.93,990.5555555555557,11.82,11886.666666666668,0.413,20.2,4.95,3.22,Lean Rent,13010,-3.53,199341,2.72,5.8,7.12,5.23,23.63,2026-07-31,2026-07-31
Kapolei,HI,"Urban Honolulu, HI",Honolulu County,845690.0542040054,1.24,3493.6102998236333,7.02,41923.3235978836,0.413,20.2,4.96,3.22,Lean Rent,NA,NA,998747,-1.35,1.96,9.47,5.27,40.46,2026-07-31,2026-07-31
Massapequa,NY,"New York-Newark-Jersey City, NY-NJ-PA",Nassau County,832705.8182099584,4.6,3437.5,NA,41250,0.413,20.2,4.95,3.22,Lean Rent,NA,NA,NA,NA,NA,NA,NA,NA,2026-07-31,2026-07-31
East Brunswick,NJ,"New York-Newark-Jersey City, NY-NJ-PA",Middlesex County,639581.3437033185,3.65,2644.1507936507933,3.35,31729.80952380952,0.413,20.2,4.96,3.22,Lean Rent,NA,NA,890119,3.33,12.92,3.48,2.61,36.53,2026-07-31,2026-07-31
Peachtree City,GA,"Atlanta-Sandy Springs-Alpharetta, GA",Fayette County,571489.0577553933,-0.37,2358.0700280112046,1.33,28296.840336134454,0.413,20.2,4.95,3.22,Lean Rent,40758,6.23,125107,4.68,12.06,4.85,5.93,19.01,2026-07-31,2026-07-31
Mebane,NC,"Burlington, NC",Alamance County,355091.3363118584,-0.52,1463.7380952380954,0.66,17564.857142857145,0.412,20.2,4.95,3.22,Lean Rent,20654,13.25,183040,6.65,19.2,9.3,5.47,34.39,2026-07-31,2026-07-31
Grand Haven,MI,"Grand Rapids-Kentwood, MI",Ottawa County,401496.7117920566,3.99,1658.1777777777777,7.11,19898.13333333333,0.413,20.2,4.96,3.22,Lean Rent,11045,0.27,306235,3.14,6.51,5.3,2.83,21.5,2026-07-31,2026-07-31
Woodridge,IL,"Chicago-Naperville-Elgin, IL-IN-WI",DuPage County,418283.8000594717,3.12,1724.9512987012986,-0.2,20699.415584415583,0.412,20.2,4.95,3.22,Lean Rent,34103,-0.04,937142,0.6,5.3,4.53,5.6,26.87,2026-07-31,2026-07-31
Boone,NC,"Boone, NC",Watauga County,491253.4391624972,0.21,2025.5555555555552,NA,24306.666666666664,0.412,20.2,4.95,3.22,Lean Rent,20080,2.81,54997,0.97,-5.33,35.85,1.6,38.82,2026-07-31,2026-07-31
Gardner,MA,"Worcester, MA-CT",Worcester County,379602.4455948204,1.48,1564.888888888889,0.86,18778.666666666668,0.412,20.2,4.95,3.22,Lean Rent,21381,0.75,881248,2.82,8.7,5.7,3.41,34.33,2026-07-31,2026-07-31
Killingly,CT,"Worcester, MA-CT",Windham County,371540.1584445893,2.58,1532.5,NA,18390,0.412,20.2,4.95,3.22,Lean Rent,NA,NA,NA,NA,NA,NA,NA,NA,2026-07-31,2026-07-31
Stonington,CT,"Norwich-New London, CT",New London County,647813.516779623,7.72,2675.6111111111113,NA,32107.333333333336,0.413,20.2,4.96,3.22,Lean Rent,NA,NA,NA,NA,NA,NA,NA,NA,2026-07-31,2026-07-31
High Ridge,MO,"St. Louis, MO-IL",Jefferson County,278880.1168411066,4.22,1150,NA,13800,0.412,20.2,4.95,3.22,Lean Rent,NA,NA,NA,NA,NA,NA,NA,NA,2026-07-31,2026-07-31
Verona,NJ,"New York-Newark-Jersey City, NY-NJ-PA",Essex County,778464.4856271981,6.39,3213.277777777778,NA,38559.333333333336,0.413,20.2,4.95,3.22,Lean Rent,NA,NA,NA,NA,NA,NA,NA,NA,2026-07-31,2026-07-31
North Topsail Beach,NC,"Jacksonville, NC",Onslow County,532323.2496319338,0.95,2200,NA,26400,0.413,20.2,4.96,3.22,Lean Rent,NA,NA,NA,NA,NA,NA,NA,NA,2026-07-31,2026-07-31
El Centro,CA,"El Centro, CA",Imperial County,396150.2451441025,6.68,1630.5555555555554,NA,19566.666666666664,0.412,20.2,4.94,3.21,Lean Rent,NA,NA,NA,NA,NA,NA,NA,NA,2026-07-31,2026-07-31
Attleboro,MA,"Providence-Warwick, RI-MA",Bristol County,544166.6870782857,2.9,2240.259259259259,6.83,26883.11111111111,0.412,20.2,4.94,3.21,Lean Rent,47085,1.31,588593,2.05,7.41,4.9,2.27,37.75,2026-07-31,2026-07-31
Concord,NH,"Concord, NH",Merrimack County,460390.4086679517,2.84,1897.1548821548824,3.9,22765.85858585859,0.412,20.2,4.94,3.21,Lean Rent,44674,1.44,157869,2.49,7.68,8.53,4.51,26.5,2026-07-31,2026-07-31
Stoughton,MA,"Boston-Cambridge-Newton, MA-NH",Norfolk County,613950.0575490259,1.36,2528.1363636363635,3.41,30337.63636363636,0.412,20.2,4.94,3.21,Lean Rent,NA,NA,740754,2.35,9.81,4.09,3.95,31.48,2026-07-31,2026-07-31
Troy,MO,"St. Louis, MO-IL",Lincoln County,320408.3470588462,5.4,1320,NA,15840,0.412,20.2,4.94,3.21,Lean Rent,NA,NA,NA,NA,NA,NA,NA,NA,2026-07-31,2026-07-31
Saline,MI,"Ann Arbor, MI",Washtenaw County,476101.5420324628,2.34,1956.6666666666667,NA,23480,0.411,20.3,4.93,3.21,Lean Rent,NA,NA,NA,NA,NA,NA,NA,NA,2026-07-31,2026-07-31
Leonardtown,MD,"California-Lexington Park, MD",Saint Marys County,538108.5364092925,3.22,2212.5,NA,26550,0.411,20.3,4.93,3.21,Lean Rent,NA,NA,NA,NA,NA,NA,NA,NA,2026-07-31,2026-07-31
Pinedale,WY,NA,Sublette County,454092.1517293894,3.53,1866.6666666666663,NA,22399.999999999996,0.411,20.3,4.93,3.21,Lean Rent,NA,NA,NA,NA,NA,NA,NA,NA,2026-07-31,2026-07-31
Carnelian Bay,CA,"Sacramento-Roseville-Folsom, CA",Placer County,1092724.6276823147,-1,4500,NA,54000,0.412,20.2,4.94,3.21,Lean Rent,NA,NA,NA,NA,NA,NA,NA,NA,2026-07-31,2026-07-31
Eagan,MN,"Minneapolis-St. Paul-Bloomington, MN-WI",Dakota County,407247.7034801429,1.83,1668.404724051783,1.82,20020.856688621396,0.41,20.3,4.92,3.2,Lean Rent,67240,-2.19,453156,2.89,6.72,2.73,3.92,24.65,2026-07-31,2026-07-31
Taunton,MA,"Providence-Warwick, RI-MA",Bristol County,525824.7237978274,3.87,2157.962962962963,NA,25895.555555555555,0.41,20.3,4.92,3.2,Lean Rent,61936,4.26,588593,2.05,7.41,4.9,2.27,37.75,2026-07-31,2026-07-31
Blacksburg,VA,"Blacksburg-Christiansburg, VA",Montgomery County,425635.3852008497,2.84,1746.431818181818,7.12,20957.181818181816,0.41,20.3,4.92,3.2,Lean Rent,45452,1.56,98998,-0.59,-0.17,13.02,3.29,45.26,2026-07-31,2026-07-31
West Orange,NJ,"New York-Newark-Jersey City, NY-NJ-PA",Essex County,701951.6364370097,9.44,2877.1851851851857,2.58,34526.222222222226,0.41,20.3,4.92,3.2,Lean Rent,NA,NA,881527,2.5,15.1,5.39,2.7,55.47,2026-07-31,2026-07-31
Grass Valley,CA,"Truckee-Grass Valley, CA",Nevada County,517396.15176310606,0.51,2122.222222222222,8.76,25466.666666666664,0.41,20.3,4.92,3.2,Lean Rent,14085,0.04,102195,-0.07,4.94,22.43,3.91,25.56,2026-07-31,2026-07-31
Panama City Beach,FL,"Panama City, FL",Bay County,415339.8188492537,-2.21,1704.1586927223718,2.03,20449.904312668463,0.41,20.3,4.92,3.2,Lean Rent,19955,10.94,199718,14.42,36.38,28.33,10.57,31.72,2026-07-31,2026-07-31
Westbury,NY,"New York-Newark-Jersey City, NY-NJ-PA",Nassau County,799271.0184577227,5.28,3283.5833333333335,NA,39403,0.411,20.3,4.93,3.2,Lean Rent,15871,0.39,1392438,0.13,2.32,4.56,4.6,18.07,2026-07-31,2026-07-31
Wildomar,CA,"Riverside-San Bernardino-Ontario, CA",Riverside County,657714.3789004813,-0.23,2697.8222222222225,3.72,32373.86666666667,0.41,20.3,4.92,3.2,Lean Rent,37736,2.19,2529933,4.34,7.33,11.37,4.89,31.14,2026-07-31,2026-07-31
Ukiah,CA,"Ukiah, CA",Mendocino County,482359.94888921455,-1.88,1978.611111111111,7.49,23743.333333333332,0.41,20.3,4.92,3.2,Lean Rent,16067,-2.92,89175,-2.39,0.53,16.69,3.25,39.13,2026-07-31,2026-07-31
Libertyville,IL,"Chicago-Naperville-Elgin, IL-IN-WI",Lake County,631383.8415693408,7.64,2593.4166666666665,NA,31121,0.411,20.3,4.93,3.2,Lean Rent,NA,NA,NA,NA,NA,NA,NA,NA,2026-07-31,2026-07-31
Athens,TN,"Athens, TN",McMinn County,263884.5618375139,2.5,1082.9166666666667,0.84,12995,0.41,20.3,4.92,3.2,Lean Rent,15050,6.81,56754,6.39,20.03,10.64,0.91,25.27,2026-07-31,2026-07-31
The Dalles,OR,"The Dalles, OR",Wasco County,396290.9675237185,2.59,1624.5833333333333,3.24,19495,0.41,20.3,4.92,3.2,Lean Rent,15884,-0.61,26507,-0.39,8.9,13.97,2.39,33.78,2026-07-31,2026-07-31
Mineola,NY,"New York-Newark-Jersey City, NY-NJ-PA",Nassau County,846367.8331695626,4.47,3467.450396825397,3.2,41609.40476190476,0.41,20.3,4.92,3.2,Lean Rent,21305,2.19,1392438,0.13,2.32,4.56,4.6,18.07,2026-07-31,2026-07-31
Hawthorne,NJ,"New York-Newark-Jersey City, NY-NJ-PA",Passaic County,651325.5842823159,6.06,2670,NA,32040,0.41,20.3,4.92,3.2,Lean Rent,NA,NA,NA,NA,NA,NA,NA,NA,2026-07-31,2026-07-31
Budd Lake,NJ,"New York-Newark-Jersey City, NY-NJ-PA",Morris County,549270.0636373429,2.04,2252.009523809524,13.41,27024.11428571429,0.41,20.3,4.92,3.2,Lean Rent,NA,NA,523053,2.87,8.07,3.41,3.25,26.1,2026-07-31,2026-07-31
Southern Pines,NC,"Pinehurst-Southern Pines, NC",Moore County,458237.78761442815,0.63,1879.248148148148,-2.62,22550.977777777774,0.41,20.3,4.92,3.2,Lean Rent,16987,8.29,108417,8.1,14.51,13.37,3.35,23.67,2026-07-31,2026-07-31
Farmington,MI,"Detroit-Warren-Dearborn, MI",Oakland County,335292.1235074725,3,1373.4166666666663,NA,16480.999999999996,0.41,20.3,4.92,3.2,Lean Rent,NA,NA,NA,NA,NA,NA,NA,NA,2026-07-31,2026-07-31
Bridgewater,VA,"Harrisonburg, VA",Rockingham County,377566.4275729954,0.7,1548.3333333333333,NA,18580,0.41,20.3,4.92,3.2,Lean Rent,NA,NA,NA,NA,NA,NA,NA,NA,2026-07-31,2026-07-31
Rockaway Beach,OR,NA,Tillamook County,463078.40579699056,-1.14,1900,NA,22800,0.41,20.3,4.92,3.2,Lean Rent,NA,NA,NA,NA,NA,NA,NA,NA,2026-07-31,2026-07-31
Carrollton,TX,"Dallas-Fort Worth-Arlington, TX",Dallas County,405530.7677815114,-2.53,1656.1808765946698,1.76,19874.170519136038,0.408,20.4,4.9,3.19,Lean Rent,135456,1.42,2656028,1.73,0.15,7.76,8.95,49.22,2026-07-31,2026-07-31
Medford,OR,"Medford, OR",Jackson County,412596.3921794256,1.03,1686.6959658698788,2.99,20240.351590438546,0.409,20.4,4.91,3.19,Lean Rent,86301,-0.03,221331,-1.08,2.88,6.6,3.86,35.02,2026-07-31,2026-07-31
Lake Elsinore,CA,"Riverside-San Bernardino-Ontario, CA",Riverside County,589630.1996711927,-0.5,2414.2352941176473,2.28,28970.82352941177,0.409,20.4,4.91,3.19,Lean Rent,73595,4.3,2529933,4.34,7.33,11.37,4.89,31.14,2026-07-31,2026-07-31
Bonney Lake,WA,"Seattle-Tacoma-Bellevue, WA",Pierce County,675413.3767786463,-0.44,2764.5499999999997,4.47,33174.6,0.409,20.4,4.91,3.19,Lean Rent,22145,0.55,941170,1.9,6.6,5.21,4.02,35.21,2026-07-31,2026-07-31
Ballwin,MO,"St. Louis, MO-IL",Saint Louis County,417520.28996065765,2.11,1708.4895104895104,4.52,20501.874125874125,0.409,20.4,4.91,3.19,Lean Rent,31036,-1.99,NA,NA,NA,NA,NA,NA,2026-07-31,2026-07-31
Burke,VA,"Washington-Arlington-Alexandria, DC-VA-MD-WV",Fairfax County,731465.7046694515,0.3,2992.7714285714283,2.69,35913.25714285714,0.409,20.4,4.91,3.19,Lean Rent,NA,NA,1160925,1.07,6.94,3.66,4.16,31.65,2026-07-31,2026-07-31
Graham,WA,"Seattle-Tacoma-Bellevue, WA",Pierce County,604551.5566388988,-0.17,2473.0833333333335,3.67,29677,0.409,20.4,4.91,3.19,Lean Rent,NA,NA,941170,1.9,6.6,5.21,4.02,35.21,2026-07-31,2026-07-31
Lakewood Ranch,FL,"North Port-Sarasota-Bradenton, FL",Manatee County,583857.9362552864,-4.75,2384.1468074409254,-1.52,28609.761689291103,0.408,20.4,4.9,3.19,Lean Rent,NA,NA,458352,14.12,32.53,21.45,16.3,25.31,2026-07-31,2026-07-31
Troutdale,OR,"Portland-Vancouver-Hillsboro, OR-WA",Multnomah County,490767.74798875087,-1.39,2008.125,NA,24097.5,0.409,20.4,4.91,3.19,Lean Rent,NA,NA,NA,NA,NA,NA,NA,NA,2026-07-31,2026-07-31
Owens Cross Roads,AL,"Huntsville, AL",Madison County,437408.893787029,1.72,1786.9642857142856,1.85,21443.571428571428,0.409,20.4,4.9,3.19,Lean Rent,3164,18.9,423355,8.41,20.5,7.01,5.85,31.22,2026-07-31,2026-07-31
Dennis,MA,"Barnstable Town, MA",Barnstable County,683959.1114923354,2.8,2800,NA,33600,0.409,20.4,4.91,3.19,Lean Rent,NA,NA,NA,NA,NA,NA,NA,NA,2026-07-31,2026-07-31
Fairview,TN,"Nashville-Davidson--Murfreesboro--Franklin, TN",Williamson County,538236.8020738611,0.02,2203.25,NA,26439,0.409,20.4,4.91,3.19,Lean Rent,NA,NA,NA,NA,NA,NA,NA,NA,2026-07-31,2026-07-31
Annandale,MN,"Minneapolis-St. Paul-Bloomington, MN-WI",Wright County,420844.2024644848,4.23,1720,NA,20640,0.409,20.4,4.9,3.19,Lean Rent,NA,NA,NA,NA,NA,NA,NA,NA,2026-07-31,2026-07-31
Daleville,VA,"Roanoke, VA",Botetourt County,442945.6082608003,1.18,1810,NA,21720,0.409,20.4,4.9,3.19,Lean Rent,NA,NA,NA,NA,NA,NA,NA,NA,2026-07-31,2026-07-31
Phoenixville,PA,"Philadelphia-Camden-Wilmington, PA-NJ-DE-MD",Chester County,531576.1165773914,1.25,2169.694444444445,3.78,26036.333333333336,0.408,20.4,4.9,3.18,Lean Rent,20286,9.15,560745,4.84,7.29,3.95,3.98,25.05,2026-07-31,2026-07-31
Moses Lake,WA,"Moses Lake, WA",Grant County,367680.7037690855,0.18,1501.302346776031,-2.51,18015.628161312372,0.408,20.4,4.9,3.18,Lean Rent,26969,6.04,104717,5.3,10.97,12.64,4.24,34.35,2026-07-31,2026-07-31
Brookfield,WI,"Milwaukee-Waukesha, WI",Waukesha County,533966.4288529081,4.73,2174.4607843137255,3.17,26093.529411764706,0.407,20.5,4.89,3.18,Lean Rent,41268,-0.51,417029,2.33,7.17,3.9,4.02,23.57,2026-07-31,2026-07-31
Marysville,OH,"Columbus, OH",Union County,370748.7670061896,1.79,1510.7948717948718,1.13,18129.53846153846,0.407,20.4,4.89,3.18,Lean Rent,29276,13.91,71721,13.68,24.29,3.3,1.04,20.63,2026-07-31,2026-07-31
Litchfield Park,AZ,"Phoenix-Mesa-Chandler, AZ",Maricopa County,518886.3602057749,0.26,2116.408831908832,-0.21,25396.905982905984,0.408,20.4,4.89,3.18,Lean Rent,6863,-0.49,4673096,5.12,9.38,8.29,5.4,34.99,2026-07-31,2026-07-31
Chillum,MD,"Washington-Arlington-Alexandria, DC-VA-MD-WV",Prince Georges County,406721.2062059848,-1.65,1656.7777777777776,-0.42,19881.333333333332,0.407,20.5,4.89,3.18,Lean Rent,NA,NA,NA,NA,NA,NA,NA,NA,2026-07-31,2026-07-31
Nazareth,PA,"Allentown-Bethlehem-Easton, PA-NJ",Northampton County,460750.14233679936,3.79,1877.0833333333333,2.03,22525,0.407,20.5,4.89,3.18,Lean Rent,6088,0.78,322989,3.25,8.06,5.53,2.64,28.88,2026-07-31,2026-07-31
Fredericksburg,TX,"Fredericksburg, TX",Gillespie County,521137.9167825677,-4.95,2127.297619047619,NA,25527.571428571428,0.408,20.4,4.9,3.18,Lean Rent,11766,6.65,28159,5.2,17.29,20.93,7.89,28.99,2026-07-31,2026-07-31
Elmwood Park,NJ,"New York-Newark-Jersey City, NY-NJ-PA",Bergen County,628943.4283360693,3.59,2564.027777777778,4.57,30768.333333333336,0.408,20.4,4.89,3.18,Lean Rent,21680,1.48,978641,2.61,10.38,4.13,3.53,34.64,2026-07-31,2026-07-31
Boyertown,PA,"Reading, PA",Berks County,343574.1061008151,3.43,1400.5555555555557,NA,16806.666666666668,0.408,20.4,4.89,3.18,Lean Rent,NA,NA,NA,NA,NA,NA,NA,NA,2026-07-31,2026-07-31
Waconia,MN,"Minneapolis-St. Paul-Bloomington, MN-WI",Carver County,469957.7420941594,1.89,1914.7333333333331,NA,22976.799999999996,0.407,20.5,4.89,3.18,Lean Rent,13831,6.06,112628,4.96,8.5,2.81,3.46,18.29,2026-07-31,2026-07-31
Bound Brook,NJ,"New York-Newark-Jersey City, NY-NJ-PA",Somerset County,521310.24448366376,0.22,2127.875,6.82,25534.5,0.408,20.4,4.9,3.18,Lean Rent,12643,5.78,357467,3.68,12.99,2.54,1.98,25.53,2026-07-31,2026-07-31
Midland,WA,"Seattle-Tacoma-Bellevue, WA",Pierce County,491681.9195232926,0.33,2005.5555555555557,NA,24066.666666666668,0.408,20.4,4.89,3.18,Lean Rent,NA,NA,NA,NA,NA,NA,NA,NA,2026-07-31,2026-07-31
Richmond Heights,MO,"St. Louis, MO-IL",Saint Louis County,398577.8961409283,1.36,1626.7900432900433,2.96,19521.48051948052,0.408,20.4,4.9,3.18,Lean Rent,9096,-1.93,NA,NA,NA,NA,NA,NA,2026-07-31,2026-07-31
San Bernardino,CA,"Riverside-San Bernardino-Ontario, CA",San Bernardino County,495055.1601745749,1.57,2013.365343915344,2.71,24160.38412698413,0.407,20.5,4.88,3.17,Lean Rent,224775,1.2,2214281,1.41,1.68,9.55,3.22,38.46,2026-07-31,2026-07-31
Anchorage,AK,"Anchorage, AK",Anchorage Borough,425357.01148714527,5.08,1729.5034172167216,4.14,20754.04100660066,0.407,20.5,4.88,3.17,Lean Rent,289600,-0.45,NA,NA,NA,NA,NA,NA,2026-07-31,2026-07-31
Stamford,CT,"Bridgeport-Stamford-Norwalk, CT",Fairfield County,728196.842188588,7.23,2959.379219114219,1.6,35512.55062937063,0.406,20.5,4.88,3.17,Lean Rent,139134,2.7,NA,NA,NA,NA,NA,NA,2026-07-31,2026-07-31
Rapid City,SD,"Rapid City, SD",Pennington County,367120.35256647714,2.02,1491.222603019176,3.73,17894.67123623011,0.406,20.5,4.87,3.17,Lean Rent,79894,6.61,115979,5.85,-1.09,9.79,4.71,30.92,2026-07-31,2026-07-31
Great Falls,MT,"Great Falls, MT",Cascade County,341792.72288453113,3.28,1387.8654320987655,4.99,16654.385185185187,0.406,20.5,4.87,3.17,Lean Rent,60013,-0.73,84523,0.13,-0.25,11.06,6.27,29.85,2026-07-31,2026-07-31
Novi,MI,"Detroit-Warren-Dearborn, MI",Oakland County,475952.3234062906,2.89,1931.303519061584,1.66,23175.64222873901,0.406,20.5,4.87,3.17,Lean Rent,67675,2.34,1296888,1.91,10.58,5.25,6.51,27.73,2026-07-31,2026-07-31
Wausau,WI,"Wausau-Weston, WI",Marathon County,253425.70346920993,8.38,1028.6195286195286,7.62,12343.434343434343,0.406,20.5,4.87,3.17,Lean Rent,40262,0.55,139091,0.71,1.64,5.68,4.07,26.58,2026-07-31,2026-07-31
Redmond,OR,"Bend, OR",Deschutes County,517100.4981253762,-0.61,2098.2410256410258,4.01,25178.89230769231,0.406,20.5,4.87,3.17,Lean Rent,37626,11.41,211535,6.05,12.57,14.29,3.27,29.26,2026-07-31,2026-07-31
Hicksville,NY,"New York-Newark-Jersey City, NY-NJ-PA",Nassau County,796448.6773042433,4.06,3238.7063492063494,12.55,38864.47619047619,0.407,20.5,4.88,3.17,Lean Rent,NA,NA,1392438,0.13,2.32,4.56,4.6,18.07,2026-07-31,2026-07-31
Bettendorf,IA,"Davenport-Moline-Rock Island, IA-IL",Scott County,340599.0593392831,5.76,1385.953246753247,7.33,16631.438961038963,0.407,20.5,4.88,3.17,Lean Rent,40281,2.94,175601,0.56,4.16,6.98,5.79,30.4,2026-07-31,2026-07-31
Lebanon,MO,"Lebanon, MO",Laclede County,232855.8496789867,4.98,945.8333333333331,NA,11349.999999999998,0.406,20.5,4.87,3.17,Lean Rent,NA,NA,NA,NA,NA,NA,NA,NA,2026-07-31,2026-07-31
Sherwood,OR,"Portland-Vancouver-Hillsboro, OR-WA",Washington County,629598.2769601201,-2.39,2555.4365079365075,2.19,30665.23809523809,0.406,20.5,4.87,3.17,Lean Rent,20441,-0.05,611272,1.7,7.45,3.35,3.82,39.13,2026-07-31,2026-07-31
Hampstead,NC,"Wilmington, NC",Pender County,491316.3118334179,-0.13,1994.664351851852,6.49,23935.972222222223,0.406,20.5,4.87,3.17,Lean Rent,NA,NA,70077,15.59,25.5,22.11,9.76,18.18,2026-07-31,2026-07-31
Indianola,IA,"Des Moines-West Des Moines, IA",Warren County,315255.67444970034,2.69,1281.6666666666667,NA,15380,0.407,20.5,4.88,3.17,Lean Rent,NA,NA,NA,NA,NA,NA,NA,NA,2026-07-31,2026-07-31
Santa Fe Springs,CA,"Los Angeles-Long Beach-Anaheim, CA",Los Angeles County,784501.0240311618,0.79,3187.5,NA,38250,0.406,20.5,4.88,3.17,Lean Rent,NA,NA,NA,NA,NA,NA,NA,NA,2026-07-31,2026-07-31
Sterling,CO,"Sterling, CO",Logan County,247045.66730942845,1.04,1003.3333333333334,NA,12040,0.406,20.5,4.87,3.17,Lean Rent,13114,-2.24,20755,-2.14,8.43,6.44,3.15,31.7,2026-07-31,2026-07-31
Lumberton Township,NJ,"Philadelphia-Camden-Wilmington, PA-NJ-DE-MD",Burlington County,501904.2396520123,3.38,2039.7817460317465,NA,24477.380952380958,0.406,20.5,4.88,3.17,Lean Rent,NA,NA,475515,2.99,9.35,5.16,3.54,24.27,2026-07-31,2026-07-31
Dobbs Ferry,NY,"New York-Newark-Jersey City, NY-NJ-PA",Westchester County,1038633.2602150792,10.73,4215.75,12.73,50589,0.406,20.5,4.87,3.17,Lean Rent,11513,0.33,1006447,0.5,6.23,5.51,2.35,37.8,2026-07-31,2026-07-31
Las Vegas,NV,"Las Vegas-Henderson-Paradise, NV",Clark County,424778.1427181545,-3.12,1720.4624697341608,0.34,20645.54963680993,0.405,20.6,4.86,3.16,Lean Rent,678922,4.81,2398871,5.4,16.64,9.46,7.1,42.95,2026-07-31,2026-07-31
Tracy,CA,"Stockton, CA",San Joaquin County,679447.0075691688,-4.96,2748.4116204057377,0.5,32980.939444868854,0.405,20.6,4.85,3.16,Lean Rent,100136,6.96,816108,4.54,9.17,6.02,3.67,38.47,2026-07-31,2026-07-31
College Station,TX,"College Station-Bryan, TX",Brazos County,349345.5467306157,-0.01,1416.1119219736086,1.79,16993.343063683304,0.405,20.6,4.86,3.16,Lean Rent,128023,6,249624,6.44,3.39,10.8,8.47,53.21,2026-07-31,2026-07-31
Grand Junction,CO,"Grand Junction, CO",Mesa County,427763.16684688954,1.97,1731.6087071498753,3.07,20779.304485798504,0.405,20.6,4.86,3.16,Lean Rent,70554,7.29,161260,3.36,11.09,6.25,3.88,28.11,2026-07-31,2026-07-31
Canton,GA,"Atlanta-Sandy Springs-Alpharetta, GA",Cherokee County,517962.80547722074,-0.09,2095.6695108812755,-0.48,25148.034130575306,0.405,20.6,4.86,3.16,Lean Rent,38049,13.94,293513,9.45,18.15,4.61,5.09,22.59,2026-07-31,2026-07-31
Quincy,MA,"Boston-Cambridge-Newton, MA-NH",Norfolk County,687730.3187721323,1.36,2784.144252691523,1.69,33409.731032298274,0.405,20.6,4.86,3.16,Lean Rent,103434,1.91,740754,2.35,9.81,4.09,3.95,31.48,2026-07-31,2026-07-31
Janesville,WI,"Janesville-Beloit, WI",Rock County,300427.8700716339,5.85,1215.625,5.73,14587.5,0.405,20.6,4.86,3.16,Lean Rent,66428,1.18,165461,1.04,5.98,5.72,3.48,29.36,2026-07-31,2026-07-31
Martinsville,IN,"Indianapolis-Carmel-Anderson, IN",Morgan County,297735.1009212159,1.96,1206.3333333333333,NA,14476,0.405,20.6,4.86,3.16,Lean Rent,NA,NA,NA,NA,NA,NA,NA,NA,2026-07-31,2026-07-31
Circleville,OH,"Columbus, OH",Pickaway County,294414.72167316714,3.43,1194.125,NA,14329.5,0.406,20.5,4.87,3.16,Lean Rent,NA,NA,NA,NA,NA,NA,NA,NA,2026-07-31,2026-07-31
Hatboro,PA,"Philadelphia-Camden-Wilmington, PA-NJ-DE-MD",Montgomery County,453948.8781916955,2.06,1841.3333333333333,NA,22096,0.406,20.5,4.87,3.16,Lean Rent,NA,NA,NA,NA,NA,NA,NA,NA,2026-07-31,2026-07-31
Howard,WI,"Green Bay, WI",Brown County,401331.03425472934,4.57,1623.75,NA,19485,0.405,20.6,4.86,3.16,Lean Rent,NA,NA,NA,NA,NA,NA,NA,NA,2026-07-31,2026-07-31
Plymouth Meeting,PA,"Philadelphia-Camden-Wilmington, PA-NJ-DE-MD",Montgomery County,549174.3380933465,2.78,2225.5587301587298,4.36,26706.70476190476,0.405,20.6,4.86,3.16,Lean Rent,NA,NA,879190,2.6,7.92,4.35,5.68,28.27,2026-07-31,2026-07-31
Bogart,GA,"Athens-Clarke County, GA",Oconee County,486213.3351850259,1.2,1969.4444444444443,NA,23633.333333333332,0.405,20.6,4.86,3.16,Lean Rent,NA,NA,NA,NA,NA,NA,NA,NA,2026-07-31,2026-07-31
Glen Allen,VA,"Richmond, VA",Henrico County,518890.0138541561,0.86,2098.4282969951973,2.55,25181.139563942368,0.404,20.6,4.85,3.15,Lean Rent,NA,NA,338696,1.12,7.45,5.15,5.64,35.38,2026-07-31,2026-07-31
Medford,MA,"Boston-Cambridge-Newton, MA-NH",Middlesex County,842742.5819561142,0.63,3400.7699339486367,2.15,40809.23920738364,0.404,20.7,4.84,3.15,Lean Rent,59898,0.64,1668956,2.54,11.63,4.52,2.96,38.37,2026-07-31,2026-07-31
Barnstable,MA,"Barnstable Town, MA",Barnstable County,724363.8953125275,0.92,2924.8777777777777,4.47,35098.53333333333,0.404,20.6,4.85,3.15,Lean Rent,NA,NA,232570,1.98,6.7,37.84,5.62,19.45,2026-07-31,2026-07-31
Brighton,CO,"Denver-Aurora-Lakewood, CO",Adams County,496092.7659862844,-2.79,2000.563959955506,-1.99,24006.767519466073,0.403,20.7,4.84,3.15,Lean Rent,43473,7.89,542973,4.31,8.16,3.55,3.6,31.13,2026-07-31,2026-07-31
Newberg,OR,"Portland-Vancouver-Hillsboro, OR-WA",Yamhill County,535028.0126700933,-1.53,2159.0666666666666,0.61,25908.8,0.404,20.7,4.84,3.15,Lean Rent,27136,6.34,110886,2.92,16.32,4.68,2.84,30.06,2026-07-31,2026-07-31
Chalfont,PA,"Philadelphia-Camden-Wilmington, PA-NJ-DE-MD",Bucks County,621718.8351523605,3.77,2512.9166666666665,NA,30155,0.404,20.6,4.85,3.15,Lean Rent,NA,NA,NA,NA,NA,NA,NA,NA,2026-07-31,2026-07-31
Newtown Square,PA,"Philadelphia-Camden-Wilmington, PA-NJ-DE-MD",Delaware County,797786.7346827528,4.87,3222.003968253968,NA,38664.04761904762,0.404,20.6,4.85,3.15,Lean Rent,NA,NA,584882,1.45,5.58,5.55,4.21,30.36,2026-07-31,2026-07-31
Pembroke,MA,"Boston-Cambridge-Newton, MA-NH",Plymouth County,679573.4755138991,4.69,2747.5,NA,32970,0.404,20.6,4.85,3.15,Lean Rent,NA,NA,NA,NA,NA,NA,NA,NA,2026-07-31,2026-07-31
Durham,NH,"Boston-Cambridge-Newton, MA-NH",Strafford County,710897.9156540277,-0.43,2872.5,NA,34470,0.404,20.6,4.85,3.15,Lean Rent,NA,NA,NA,NA,NA,NA,NA,NA,2026-07-31,2026-07-31
Black Mountain,NC,"Asheville, NC",Buncombe County,465607.04658418073,-3.51,1879.4444444444443,NA,22553.333333333332,0.404,20.6,4.84,3.15,Lean Rent,8572,1.55,279210,3.52,10.34,22.33,12.88,35.56,2026-07-31,2026-07-31
Adelphi,MD,"Washington-Arlington-Alexandria, DC-VA-MD-WV",Prince Georges County,453218.6726957589,-0.68,1833.0555555555557,NA,21996.666666666668,0.404,20.6,4.85,3.15,Lean Rent,NA,NA,NA,NA,NA,NA,NA,NA,2026-07-31,2026-07-31
Wyncote,PA,"Philadelphia-Camden-Wilmington, PA-NJ-DE-MD",Montgomery County,470161.8494147577,1.29,1899.4047619047624,3.94,22792.85714285715,0.404,20.6,4.85,3.15,Lean Rent,NA,NA,879190,2.6,7.92,4.35,5.68,28.27,2026-07-31,2026-07-31
Northlake,TX,"Dallas-Fort Worth-Arlington, TX",Denton County,494618.7148628091,-3.38,1998.2698412698412,NA,23979.238095238095,0.404,20.6,4.85,3.15,Lean Rent,10746,95.06,1045120,14.28,23.72,4.75,5.09,34.63,2026-07-31,2026-07-31
Sherrills Ford,NC,"Hickory-Lenoir-Morganton, NC",Catawba County,503553.68033623765,-2.02,2033.111111111111,NA,24397.333333333332,0.404,20.6,4.85,3.15,Lean Rent,NA,NA,167054,3.83,14.62,9.48,5.52,27.28,2026-07-31,2026-07-31
Deerfield,WI,"Madison, WI",Dane County,427617.5900363237,2.36,1725,NA,20700,0.403,20.7,4.84,3.15,Lean Rent,NA,NA,NA,NA,NA,NA,NA,NA,2026-07-31,2026-07-31
Fall River,MA,"Providence-Warwick, RI-MA",Bristol County,455484.0505887281,2.33,1835.579365079365,3.32,22026.95238095238,0.403,20.7,4.84,3.14,Lean Rent,94689,0.82,588593,2.05,7.41,4.9,2.27,37.75,2026-07-31,2026-07-31
Troy,MI,"Detroit-Warren-Dearborn, MI",Oakland County,466017.6631138651,2.33,1877.216554659498,2.07,22526.598655913975,0.403,20.7,4.83,3.14,Lean Rent,89209,2.4,1296888,1.91,10.58,5.25,6.51,27.73,2026-07-31,2026-07-31
Woodburn,OR,"Salem, OR",Marion County,429907.91929425625,0.56,1733.355844155844,-1.56,20800.27012987013,0.403,20.7,4.84,3.14,Lean Rent,30449,16.81,352867,1.89,7.06,3.97,4.07,37.76,2026-07-31,2026-07-31
Erie,CO,"Greeley, CO",Weld County,724400.3895682296,-1.81,2919.9653263403266,2.48,35039.58391608392,0.403,20.7,4.84,3.14,Lean Rent,38594,26.9,369745,11.55,19.05,4.01,5.91,24.45,2026-07-31,2026-07-31
Dedham,MA,"Boston-Cambridge-Newton, MA-NH",Norfolk County,775938.7921732167,1.96,3120.885714285714,1.71,37450.62857142857,0.402,20.7,4.83,3.14,Lean Rent,NA,NA,740754,2.35,9.81,4.09,3.95,31.48,2026-07-31,2026-07-31
Jefferson,GA,"Jefferson, GA",Jackson County,417930.5700505112,-1.48,1684.7599206349205,2.82,20217.119047619046,0.403,20.7,4.84,3.14,Lean Rent,16459,23.05,93825,22.26,52.1,8.21,1.14,20.21,2026-07-31,2026-07-31
Lyndhurst,NJ,"New York-Newark-Jersey City, NY-NJ-PA",Bergen County,659731.6283553365,3.66,2652,-2.7,31824,0.402,20.7,4.82,3.14,Lean Rent,NA,NA,978641,2.61,10.38,4.13,3.53,34.64,2026-07-31,2026-07-31
Lincoln,RI,"Providence-Warwick, RI-MA",Providence County,562659.3890072919,5.08,2266.6666666666665,NA,27200,0.403,20.7,4.83,3.14,Lean Rent,NA,NA,675912,2.4,11.33,7.44,4.46,43.38,2026-07-31,2026-07-31
Hampton,NH,"Boston-Cambridge-Newton, MA-NH",Rockingham County,634174.956683115,4.23,2553.703703703704,3.88,30644.444444444445,0.403,20.7,4.83,3.14,Lean Rent,NA,NA,322433,2.47,5.64,7.38,3.42,21.38,2026-07-31,2026-07-31
Morehead City,NC,"Morehead City, NC",Carteret County,417906.4791492163,1.35,1681.861111111111,3.7,20182.333333333332,0.402,20.7,4.83,3.14,Lean Rent,9963,3.97,70259,3.79,15.49,39.56,1.63,26.5,2026-07-31,2026-07-31
Haledon,NJ,"New York-Newark-Jersey City, NY-NJ-PA",Passaic County,570042.877465067,4.37,2291.444444444445,NA,27497.333333333336,0.402,20.7,4.82,3.14,Lean Rent,NA,NA,NA,NA,NA,NA,NA,NA,2026-07-31,2026-07-31
Carlstadt,NJ,"New York-Newark-Jersey City, NY-NJ-PA",Bergen County,671550.4450681397,3.04,2700,NA,32400,0.402,20.7,4.82,3.14,Lean Rent,NA,NA,NA,NA,NA,NA,NA,NA,2026-07-31,2026-07-31
Santa Clara,UT,"St. George, UT",Washington County,531420.7316525982,-1.62,2141.25,NA,25695,0.403,20.7,4.84,3.14,Lean Rent,NA,NA,NA,NA,NA,NA,NA,NA,2026-07-31,2026-07-31
Verona,VA,"Staunton, VA",Augusta County,320276.52087549673,5.92,1287.5,NA,15450,0.402,20.7,4.82,3.14,Lean Rent,NA,NA,NA,NA,NA,NA,NA,NA,2026-07-31,2026-07-31
Granby,CO,NA,Grand County,776787.9222781379,0.14,3125,NA,37500,0.402,20.7,4.83,3.14,Lean Rent,2305,10.6,16154,2.58,9.04,62.08,29.35,23.62,2026-07-31,2026-07-31
Wilmington,NC,"Wilmington, NC",New Hanover County,421733.27480992227,-0.48,1690.2011591382804,3.33,20282.413909659364,0.401,20.8,4.81,3.13,Lean Rent,125284,8.11,243333,7.46,13.87,12.68,6.83,39.3,2026-07-31,2026-07-31
Lawrence,KS,"Lawrence, KS",Douglas County,340157.7381916668,3.51,1364.782037316351,6.46,16377.384447796212,0.401,20.8,4.81,3.13,Lean Rent,97271,2.46,121989,2.7,5.3,6.32,5.44,50.49,2026-07-31,2026-07-31
Grants Pass,OR,"Grants Pass, OR",Josephine County,404269.7513865773,0.17,1620.9444444444443,1.49,19451.333333333332,0.401,20.8,4.81,3.13,Lean Rent,39468,0.57,88276,0.05,10.27,7.35,2.67,28.31,2026-07-31,2026-07-31
Catonsville,MD,"Baltimore-Columbia-Towson, MD",Baltimore County,425246.9308297553,1.25,1705.3388278388277,2.64,20464.065934065933,0.401,20.8,4.81,3.13,Lean Rent,NA,NA,852425,-0.11,3.96,5.75,5.61,33.67,2026-07-31,2026-07-31
Sanger,CA,"Fresno, CA",Fresno County,416982.1074925815,2.46,1674.7222222222224,NA,20096.666666666668,0.402,20.7,4.82,3.13,Lean Rent,NA,NA,NA,NA,NA,NA,NA,NA,2026-07-31,2026-07-31
Quakertown,PA,"Philadelphia-Camden-Wilmington, PA-NJ-DE-MD",Bucks County,452333.6155468852,4.12,1814.1666666666667,-0.35,21770,0.401,20.8,4.81,3.13,Lean Rent,9302,-0.69,650131,0.61,4.89,3.41,3.04,21.99,2026-07-31,2026-07-31
Lenoir City,TN,"Knoxville, TN",Loudon County,421328.7634255765,2.16,1691.2301587301588,3.12,20294.761904761905,0.401,20.8,4.82,3.13,Lean Rent,12041,18.91,62129,12.68,29.63,7.78,3.77,19.05,2026-07-31,2026-07-31
Big Lake,MN,"Minneapolis-St. Paul-Bloomington, MN-WI",Sherburne County,379357.1688879083,2,1522.5,NA,18270,0.401,20.8,4.82,3.13,Lean Rent,NA,NA,NA,NA,NA,NA,NA,NA,2026-07-31,2026-07-31
Baraboo,WI,"Baraboo, WI",Sauk County,312909.2905338453,2.43,1257.5,NA,15090,0.402,20.7,4.82,3.13,Lean Rent,NA,NA,NA,NA,NA,NA,NA,NA,2026-07-31,2026-07-31
Asbury Park,NJ,"New York-Newark-Jersey City, NY-NJ-PA",Monmouth County,708377.1209577093,5.06,2840.972222222222,4.46,34091.666666666664,0.401,20.8,4.81,3.13,Lean Rent,15473,2.02,647520,0.74,2.8,7.24,3.49,24.63,2026-07-31,2026-07-31
Westwood,NJ,"New York-Newark-Jersey City, NY-NJ-PA",Bergen County,786156.2452014837,6.98,3156.25,NA,37875,0.401,20.8,4.82,3.13,Lean Rent,NA,NA,NA,NA,NA,NA,NA,NA,2026-07-31,2026-07-31
Arden Hills,MN,"Minneapolis-St. Paul-Bloomington, MN-WI",Ramsey County,490273.4269407705,2.87,1970,NA,23640,0.402,20.7,4.82,3.13,Lean Rent,NA,NA,NA,NA,NA,NA,NA,NA,2026-07-31,2026-07-31
Newmarket,NH,"Boston-Cambridge-Newton, MA-NH",Rockingham County,572660.3331870775,4.51,2295,NA,27540,0.401,20.8,4.81,3.13,Lean Rent,NA,NA,NA,NA,NA,NA,NA,NA,2026-07-31,2026-07-31
Whitehouse Station,NJ,"New York-Newark-Jersey City, NY-NJ-PA",Hunterdon County,719229.5048836279,2.26,2890,NA,34680,0.402,20.7,4.82,3.13,Lean Rent,NA,NA,NA,NA,NA,NA,NA,NA,2026-07-31,2026-07-31
Lewisville,TX,"Dallas-Fort Worth-Arlington, TX",Denton County,392720.5046680709,-3.47,1568.7761772565348,-0.72,18825.314127078418,0.399,20.9,4.79,3.12,Lean Rent,135983,7.56,1045120,14.28,23.72,4.75,5.09,34.63,2026-07-31,2026-07-31
Citrus Heights,CA,"Sacramento-Roseville-Folsom, CA",Sacramento County,476899.7402301912,-1.12,1909.977777777778,1.53,22919.733333333337,0.4,20.8,4.81,3.12,Lean Rent,86909,-0.73,1611231,1.54,7.33,4.28,3.63,41.37,2026-07-31,2026-07-31
Waianae,HI,"Urban Honolulu, HI",Honolulu County,584917.3597240844,2.79,2338.5897435897436,3.93,28063.076923076922,0.4,20.8,4.8,3.12,Lean Rent,NA,NA,998747,-1.35,1.96,9.47,5.27,40.46,2026-07-31,2026-07-31
Saint Charles,IL,"Chicago-Naperville-Elgin, IL-IN-WI",Kane County,482150.7401983084,5.98,1928.0343137254904,4.25,23136.411764705885,0.4,20.8,4.8,3.12,Lean Rent,NA,NA,520997,0.89,3.7,3.54,3.6,24.26,2026-07-31,2026-07-31
Richfield,MN,"Minneapolis-St. Paul-Bloomington, MN-WI",Hennepin County,352628.99107370153,1.88,1412.429924242424,0.23,16949.15909090909,0.401,20.8,4.81,3.12,Lean Rent,36491,-1.18,1273334,-0.65,4.24,5.29,5.38,37.05,2026-07-31,2026-07-31
Clearfield,UT,"Ogden-Clearfield, UT",Davis County,423563.4996826538,2.01,1692.0519607843137,0.68,20304.623529411765,0.399,20.9,4.79,3.12,Lean Rent,34778,8.97,378470,4.04,4.18,3.29,3.85,22.6,2026-07-31,2026-07-31
Flemington,NJ,"New York-Newark-Jersey City, NY-NJ-PA",Hunterdon County,652653.4966843071,2.99,2606.9166666666665,-2.88,31283,0.399,20.9,4.79,3.12,Lean Rent,NA,NA,NA,NA,NA,NA,NA,NA,2026-07-31,2026-07-31
Kingston,TN,"Knoxville, TN",Roane County,338150.34585312085,3.82,1351.6666666666667,NA,16220,0.4,20.8,4.8,3.12,Lean Rent,6340,3.78,56742,5.74,15.81,11.82,0.32,22.39,2026-07-31,2026-07-31
Roselle Park,NJ,"New York-Newark-Jersey City, NY-NJ-PA",Union County,553722.0488493772,0.73,2213.3333333333335,NA,26560,0.4,20.8,4.8,3.12,Lean Rent,NA,NA,NA,NA,NA,NA,NA,NA,2026-07-31,2026-07-31
Elmwood,LA,"New Orleans-Metairie, LA",Jefferson Parish,428999.0454561363,5.62,1714.2777777777776,0.06,20571.333333333332,0.4,20.9,4.8,3.12,Lean Rent,NA,NA,427253,-2.84,2.2,8.82,5.5,37.69,2026-07-31,2026-07-31
Winona Lake,IN,"Warsaw, IN",Kosciusko County,309918.5741537559,4.91,1241.25,NA,14895,0.401,20.8,4.81,3.12,Lean Rent,NA,NA,NA,NA,NA,NA,NA,NA,2026-07-31,2026-07-31
Laurel,MD,"Washington-Arlington-Alexandria, DC-VA-MD-WV",Prince Georges County,478130.426987488,-0.73,1905.548914004887,-0.3,22866.586968058644,0.399,20.9,4.78,3.11,Lean Rent,30238,0.85,NA,NA,NA,NA,NA,NA,2026-07-31,2026-07-31
Norwalk,CT,"Bridgeport-Stamford-Norwalk, CT",Fairfield County,677124.3620976859,5.12,2701.659594009594,1.79,32419.915128115128,0.399,20.9,4.79,3.11,Lean Rent,93661,3.04,NA,NA,NA,NA,NA,NA,2026-07-31,2026-07-31
White Plains,NY,"New York-Newark-Jersey City, NY-NJ-PA",Westchester County,808807.5198011779,4.96,3226.5235472205873,5.43,38718.282566647045,0.399,20.9,4.79,3.11,Lean Rent,62561,4.98,1006447,0.5,6.23,5.51,2.35,37.8,2026-07-31,2026-07-31
Flower Mound,TX,"Dallas-Fort Worth-Arlington, TX",Denton County,610099.7644276324,-0.82,2431.0886263337247,2.33,29173.063516004695,0.398,20.9,4.78,3.11,Lean Rent,79990,4.57,1045120,14.28,23.72,4.75,5.09,34.63,2026-07-31,2026-07-31
Burnsville,MN,"Minneapolis-St. Paul-Bloomington, MN-WI",Dakota County,373684.5825780629,2.63,1489.4069989106754,0.1,17872.883986928104,0.399,20.9,4.78,3.11,Lean Rent,64864,0.53,453156,2.89,6.72,2.73,3.92,24.65,2026-07-31,2026-07-31
Peabody,MA,"Boston-Cambridge-Newton, MA-NH",Essex County,707212.95544033,0.87,2823.444444444445,1.45,33881.333333333336,0.399,20.9,4.79,3.11,Lean Rent,55418,1.87,823938,2,7.8,5.11,2.53,36.04,2026-07-31,2026-07-31
Braintree,MA,"Boston-Cambridge-Newton, MA-NH",Norfolk County,744982.3692611317,2.39,2975.027777777778,2.39,35700.333333333336,0.399,20.9,4.79,3.11,Lean Rent,NA,NA,740754,2.35,9.81,4.09,3.95,31.48,2026-07-31,2026-07-31
Lorton,VA,"Washington-Arlington-Alexandria, DC-VA-MD-WV",Fairfax County,656494.763901372,0.89,2616.152146464646,-1.44,31393.825757575753,0.399,20.9,4.78,3.11,Lean Rent,NA,NA,1160925,1.07,6.94,3.66,4.16,31.65,2026-07-31,2026-07-31
Tooele,UT,"Salt Lake City, UT",Tooele County,434003.71173922875,-0.32,1730.2420634920634,NA,20762.90476190476,0.399,20.9,4.78,3.11,Lean Rent,40919,13.55,84488,15.18,20.8,4.51,6.32,17.36,2026-07-31,2026-07-31
Wilmington,MA,"Boston-Cambridge-Newton, MA-NH",Middlesex County,794184.7195522537,2.44,3169.1666666666665,NA,38030,0.399,20.9,4.79,3.11,Lean Rent,NA,NA,NA,NA,NA,NA,NA,NA,2026-07-31,2026-07-31
Hudson,MA,"Boston-Cambridge-Newton, MA-NH",Middlesex County,625845.742218409,1.4,2496.6666666666665,6.35,29960,0.399,20.9,4.79,3.11,Lean Rent,NA,NA,1668956,2.54,11.63,4.52,2.96,38.37,2026-07-31,2026-07-31
Chippewa Falls,WI,"Eau Claire, WI",Chippewa County,343853.00444548513,2.27,1372.059523809524,4.46,16464.71428571429,0.399,20.9,4.79,3.11,Lean Rent,15075,2.33,67323,1.47,5.93,8.44,1.62,25.38,2026-07-31,2026-07-31
Ann Arbor,MI,"Ann Arbor, MI",Washtenaw County,536036.3158986036,3.02,2132.6208730212857,0.73,25591.450476255428,0.398,20.9,4.77,3.1,Lean Rent,122925,-0.67,373875,0.54,7.38,5.6,3.61,38.37,2026-07-31,2026-07-31
Valparaiso,IN,"Chicago-Naperville-Elgin, IL-IN-WI",Porter County,364451.4010960157,2.64,1450.307142857143,2.75,17403.685714285715,0.398,20.9,4.78,3.1,Lean Rent,35065,2.62,175860,1.45,4.29,5.62,4.57,22.79,2026-07-31,2026-07-31
Springfield,OR,"Eugene-Springfield, OR",Lane County,421652.2851078101,0.72,1678.2274018379285,0.46,20138.72882205514,0.398,20.9,4.78,3.1,Lean Rent,61182,-1.1,382396,-0.47,4.1,5.23,2.88,40.62,2026-07-31,2026-07-31
Bremerton,WA,"Bremerton-Silverdale-Port Orchard, WA",Kitsap County,488828.81208845886,1.19,1940.0826717531015,2.36,23280.992061037217,0.397,21,4.76,3.1,Lean Rent,45291,3.82,281420,2.03,11.34,6.99,3.99,29.85,2026-07-31,2026-07-31
Albany,OR,"Albany-Lebanon, OR",Linn County,439047.4580770734,0.21,1743.983065953654,1.29,20927.79679144385,0.397,21,4.77,3.1,Lean Rent,57156,1.11,132474,2.72,8.21,4.18,2.4,32.95,2026-07-31,2026-07-31
Bayonne,NJ,"New York-Newark-Jersey City, NY-NJ-PA",Hudson County,600152.8300317754,1.49,2386.8950292397662,3.28,28642.740350877197,0.398,21,4.77,3.1,Lean Rent,74532,4.09,736185,1.98,14.43,6.78,4.46,68.82,2026-07-31,2026-07-31
Weymouth,MA,"Boston-Cambridge-Newton, MA-NH",Norfolk County,628136.2198549655,2.21,2500.226969754134,1.3,30002.72363704961,0.398,20.9,4.78,3.1,Lean Rent,NA,NA,740754,2.35,9.81,4.09,3.95,31.48,2026-07-31,2026-07-31
Sheboygan,WI,"Sheboygan, WI",Sheboygan County,268752.0466647946,4.65,1068.4190476190477,2.96,12821.028571428571,0.398,21,4.77,3.1,Lean Rent,49624,-0.7,118331,0.23,3.26,5.94,3.68,28.73,2026-07-31,2026-07-31
Powell,OH,"Columbus, OH",Delaware County,575271.4916356613,-0.16,2285.140740740741,2,27421.688888888893,0.397,21,4.77,3.1,Lean Rent,14613,2.55,237966,10.6,19.13,4.46,4.27,21.81,2026-07-31,2026-07-31
Chamblee,GA,"Atlanta-Sandy Springs-Alpharetta, GA",Dekalb County,482127.40021966,1.08,1917.3997566715864,1.55,23008.797080059037,0.398,21,4.77,3.1,Lean Rent,32321,6.98,NA,NA,NA,NA,NA,NA,2026-07-31,2026-07-31
Ashland,VA,"Richmond, VA",Hanover County,471895.1993092724,4.28,1876.4166666666667,NA,22517,0.398,21,4.77,3.1,Lean Rent,7910,4.04,115309,4.63,10.7,4.48,3.54,17.19,2026-07-31,2026-07-31
Highland Park,NJ,"New York-Newark-Jersey City, NY-NJ-PA",Middlesex County,601136.6412212988,3.42,2392.928571428571,2.81,28715.142857142855,0.398,20.9,4.78,3.1,Lean Rent,15386,2.34,890119,3.33,12.92,3.48,2.61,36.53,2026-07-31,2026-07-31
Roseville,CA,"Sacramento-Roseville-Folsom, CA",Placer County,651227.2429790349,-0,2578.977762708459,0.4,30947.73315250151,0.396,21,4.75,3.09,Lean Rent,163304,9.95,433822,6.87,21.94,11.81,3.91,25.72,2026-07-31,2026-07-31
Fairfield,CA,"Vallejo, CA",Solano County,605862.6663913204,-1.77,2403.2492248062013,1.7,28838.990697674417,0.397,21,4.76,3.09,Lean Rent,122646,2.3,455101,0.49,7.61,4.68,3.13,36.77,2026-07-31,2026-07-31
Towson,MD,"Baltimore-Columbia-Towson, MD",Baltimore County,483977.0784018548,2.53,1914.6195953341464,2.76,22975.435144009756,0.396,21.1,4.75,3.09,Lean Rent,NA,NA,852425,-0.11,3.96,5.75,5.61,33.67,2026-07-31,2026-07-31
Saratoga Springs,UT,"Provo-Orem, UT",Utah County,558518.6272682383,0.6,2215.90350877193,1.2,26590.84210526316,0.397,21,4.76,3.09,Lean Rent,57411,49.9,747234,12.6,17.51,3.79,2.69,31.87,2026-07-31,2026-07-31
Bardstown,KY,"Bardstown, KY",Nelson County,263584.12514833786,3.78,1043.75,NA,12525,0.396,21,4.75,3.09,Lean Rent,NA,NA,NA,NA,NA,NA,NA,NA,2026-07-31,2026-07-31
Marina,CA,"Salinas, CA",Monterey County,871018.5888395236,-0.76,3451.1402116402114,7.99,41413.68253968254,0.396,21,4.75,3.09,Lean Rent,23047,3,436251,-0.97,-4.66,8.72,2.33,47.72,2026-07-31,2026-07-31
New Hope,MN,"Minneapolis-St. Paul-Bloomington, MN-WI",Hennepin County,356089.29849980865,2.85,1412.0462962962963,3.83,16944.555555555555,0.397,21,4.76,3.09,Lean Rent,20745,-5.3,1273334,-0.65,4.24,5.29,5.38,37.05,2026-07-31,2026-07-31
Saint Helens,OR,"Portland-Vancouver-Hillsboro, OR-WA",Columbia County,429355.7780085057,-0.62,1698.3611111111113,1.16,20380.333333333336,0.396,21.1,4.75,3.09,Lean Rent,NA,NA,54063,2.56,5.09,5.78,1.31,24.29,2026-07-31,2026-07-31
Clifton,CO,"Grand Junction, CO",Mesa County,335887.1352181626,1.57,1332.3333333333333,1.04,15988,0.397,21,4.76,3.09,Lean Rent,NA,NA,161260,3.36,11.09,6.25,3.88,28.11,2026-07-31,2026-07-31
Independence,IA,NA,Buchanan County,223955.0507083044,5.8,887.5,NA,10650,0.396,21,4.76,3.09,Lean Rent,NA,NA,NA,NA,NA,NA,NA,NA,2026-07-31,2026-07-31
Laughlin,NV,"Las Vegas-Henderson-Paradise, NV",Clark County,255610.46325991815,-2.97,1013,-3.84,12156,0.396,21,4.76,3.09,Lean Rent,NA,NA,2398871,5.4,16.64,9.46,7.1,42.95,2026-07-31,2026-07-31
Sidney,NE,NA,Cheyenne County,176562.71686407458,6.7,700,NA,8400,0.396,21,4.76,3.09,Lean Rent,NA,NA,NA,NA,NA,NA,NA,NA,2026-07-31,2026-07-31
McFarland,WI,"Madison, WI",Dane County,493876.7282655516,1.82,1956.6666666666667,NA,23480,0.396,21,4.75,3.09,Lean Rent,NA,NA,NA,NA,NA,NA,NA,NA,2026-07-31,2026-07-31
Jefferson City,MO,"Jefferson City, MO",Cole County,280343.2614254902,7.81,1105.4761904761906,7.28,13265.714285714286,0.394,21.1,4.73,3.08,Lean Rent,42564,0.08,77625,1.31,3.66,7.9,5.56,32.64,2026-07-31,2026-07-31
Lansdale,PA,"Philadelphia-Camden-Wilmington, PA-NJ-DE-MD",Montgomery County,508157.1382814946,1.78,2005.448538011696,-0.61,24065.382456140353,0.395,21.1,4.74,3.08,Lean Rent,19154,1.7,879190,2.6,7.92,4.35,5.68,28.27,2026-07-31,2026-07-31
Loveland,OH,"Cincinnati, OH-KY-IN",Clermont County,453118.2989196867,2.85,1788.895299145299,3.67,21466.74358974359,0.395,21.1,4.74,3.08,Lean Rent,13277,-0.2,214123,2.57,8.81,3.66,1.81,26.62,2026-07-31,2026-07-31
Methuen,MA,"Boston-Cambridge-Newton, MA-NH",Essex County,630845.6557126438,2.14,2489.209523809524,0.73,29870.514285714286,0.395,21.1,4.73,3.08,Lean Rent,54272,2.45,823938,2,7.8,5.11,2.53,36.04,2026-07-31,2026-07-31
East Lansing,MI,"Lansing-East Lansing, MI",Ingham County,328740.34833620326,4.32,1297.9658119658118,4.86,15575.589743589742,0.395,21.1,4.74,3.08,Lean Rent,48964,1.96,290427,1.9,8.02,7.35,5.48,40.45,2026-07-31,2026-07-31
Spring Hill,TN,"Nashville-Davidson--Murfreesboro--Franklin, TN",Maury County,524840.6952093502,-0.13,2073.363192024777,-0.53,24880.358304297326,0.395,21.1,4.74,3.08,Lean Rent,59398,15.76,113411,11.37,21.6,7.99,8.58,28.72,2026-07-31,2026-07-31
Bridgewater Township,NJ,"New York-Newark-Jersey City, NY-NJ-PA",Somerset County,759285.6725942505,2.41,2994.1190476190477,0.33,35929.42857142857,0.394,21.1,4.73,3.08,Lean Rent,NA,NA,357467,3.68,12.99,2.54,1.98,25.53,2026-07-31,2026-07-31
Fenton,MI,"Detroit-Warren-Dearborn, MI",Livingston County,370216.51394378673,3.3,1459.946428571429,3.6,17519.357142857145,0.394,21.1,4.73,3.08,Lean Rent,11882,-1.22,196976,1.54,1.07,4.78,4.45,13.38,2026-07-31,2026-07-31
Warrensburg,MO,"Warrensburg, MO",Johnson County,273081.28001000796,3.81,1078.5730769230768,2.95,12942.876923076921,0.395,21.1,4.74,3.08,Lean Rent,19998,3.34,55880,3.41,9.47,8.75,3.55,36.14,2026-07-31,2026-07-31
Mequon,WI,"Milwaukee-Waukesha, WI",Ozaukee County,665026.1225529652,5.24,2630,NA,31560,0.395,21.1,4.75,3.08,Lean Rent,NA,NA,NA,NA,NA,NA,NA,NA,2026-07-31,2026-07-31
Floral Park,NY,"New York-Newark-Jersey City, NY-NJ-PA",Nassau County,885444.704688238,5.56,3500,NA,42000,0.395,21.1,4.74,3.08,Lean Rent,NA,NA,NA,NA,NA,NA,NA,NA,2026-07-31,2026-07-31
South Ogden,UT,"Ogden-Clearfield, UT",Weber County,429448.18317332584,0.66,1694.857142857143,2.63,20338.285714285714,0.395,21.1,4.74,3.08,Lean Rent,17749,1.48,276118,4.99,7.11,6.33,4.96,25.45,2026-07-31,2026-07-31
Knob Noster,MO,"Warrensburg, MO",Johnson County,273177.69028141536,4.09,1077.7777777777778,NA,12933.333333333334,0.395,21.1,4.73,3.08,Lean Rent,NA,NA,NA,NA,NA,NA,NA,NA,2026-07-31,2026-07-31
Manassas,VA,"Washington-Arlington-Alexandria, DC-VA-MD-WV",Prince William County,556240.5789395276,0.53,2189.5962313190385,2.39,26275.15477582846,0.394,21.2,4.72,3.07,Lean Rent,43616,2.16,497003,2.93,3.17,3.52,5.04,25.62,2026-07-31,2026-07-31
Temecula,CA,"Riverside-San Bernardino-Ontario, CA",Riverside County,768913.0237974334,-0.69,3029.986577640815,1.84,36359.83893168978,0.394,21.1,4.73,3.07,Lean Rent,112431,2.13,2529933,4.34,7.33,11.37,4.89,31.14,2026-07-31,2026-07-31
Pasco,WA,"Kennewick-Richland, WA",Franklin County,421382.6856451116,0.14,1655.9169472502806,0.88,19871.003367003366,0.393,21.2,4.72,3.07,Lean Rent,81724,5.2,101238,4.21,8,4.49,3.9,29.92,2026-07-31,2026-07-31
Farmingdale,NY,"New York-Newark-Jersey City, NY-NJ-PA",Suffolk County,748838.751493988,6.62,2948.3333333333335,NA,35380,0.394,21.2,4.72,3.07,Lean Rent,NA,NA,NA,NA,NA,NA,NA,NA,2026-07-31,2026-07-31
Randallstown,MD,"Baltimore-Columbia-Towson, MD",Baltimore County,375666.617504616,0.93,1477.9559699559695,-0.56,17735.471639471634,0.393,21.2,4.72,3.07,Lean Rent,NA,NA,852425,-0.11,3.96,5.75,5.61,33.67,2026-07-31,2026-07-31
Lebanon,OR,"Albany-Lebanon, OR",Linn County,397558.7571076961,0.35,1565.089947089947,1.59,18781.079365079364,0.394,21.2,4.72,3.07,Lean Rent,19950,7.59,132474,2.72,8.21,4.18,2.4,32.95,2026-07-31,2026-07-31
Mount Airy,MD,"Washington-Arlington-Alexandria, DC-VA-MD-WV",Frederick County,642869.7206350698,0.94,2533.333333333333,NA,30399.999999999996,0.394,21.1,4.73,3.07,Lean Rent,NA,NA,NA,NA,NA,NA,NA,NA,2026-07-31,2026-07-31
Lewes,DE,"Salisbury, MD-DE",Sussex County,594409.5763493519,0.08,2339.4444444444443,5.3,28073.333333333332,0.394,21.2,4.72,3.07,Lean Rent,3702,11.51,271134,13.61,29.11,30.22,5.78,18.73,2026-07-31,2026-07-31
Berea,KY,"Richmond-Berea, KY",Madison County,252888.4371856701,0.15,996.6666666666666,NA,11960,0.394,21.1,4.73,3.07,Lean Rent,16436,5.37,99582,7.09,18.92,8.01,4.84,37.6,2026-07-31,2026-07-31
Willmar,MN,"Willmar, MN",Kandiyohi County,247901.88116922823,1.03,976.375,NA,11716.5,0.394,21.2,4.73,3.07,Lean Rent,NA,NA,NA,NA,NA,NA,NA,NA,2026-07-31,2026-07-31
Bay City,TX,"Bay City, TX",Matagorda County,204978.01264418737,0.72,806.3777777777777,0.07,9676.533333333333,0.393,21.2,4.72,3.07,Lean Rent,17471,-3.2,36391,0.26,-1.4,21.45,12.1,31.25,2026-07-31,2026-07-31
Jacksonville,AL,"Anniston-Oxford, AL",Calhoun County,218033.3564877146,5.01,858.0952380952381,4.02,10297.142857142857,0.394,21.2,4.72,3.07,Lean Rent,14651,2.45,116427,0.16,3.01,15.29,5.39,29.61,2026-07-31,2026-07-31
Jacksonville Beach,FL,"Jacksonville, FL",Duval County,640515.3544105705,1.48,2524.9464912280705,1.92,30299.357894736844,0.394,21.1,4.73,3.07,Lean Rent,23630,-0.77,1055159,5.75,12.67,9.15,6.97,41.93,2026-07-31,2026-07-31
Gorham,ME,"Portland-South Portland, ME",Cumberland County,553478.1309271326,0.8,2175,NA,26100,0.393,21.2,4.72,3.07,Lean Rent,NA,NA,NA,NA,NA,NA,NA,NA,2026-07-31,2026-07-31
Abington,PA,"Philadelphia-Camden-Wilmington, PA-NJ-DE-MD",Montgomery County,419275.18884828495,2.29,1650.8333333333333,NA,19810,0.394,21.2,4.72,3.07,Lean Rent,NA,NA,NA,NA,NA,NA,NA,NA,2026-07-31,2026-07-31
Perry Hall,MD,"Baltimore-Columbia-Towson, MD",Baltimore County,434351.5094082609,0.06,1710.0555555555554,NA,20520.666666666664,0.394,21.2,4.72,3.07,Lean Rent,NA,NA,NA,NA,NA,NA,NA,NA,2026-07-31,2026-07-31
Calimesa,CA,"Riverside-San Bernardino-Ontario, CA",Riverside County,571175.2292516403,-0.01,2250,NA,27000,0.394,21.2,4.73,3.07,Lean Rent,NA,NA,NA,NA,NA,NA,NA,NA,2026-07-31,2026-07-31
Mendota Heights,MN,"Minneapolis-St. Paul-Bloomington, MN-WI",Dakota County,578162.1236968968,3.76,2273.3333333333335,NA,27280,0.393,21.2,4.72,3.07,Lean Rent,NA,NA,NA,NA,NA,NA,NA,NA,2026-07-31,2026-07-31
Silverthorne,CO,"Breckenridge, CO",Summit County,841169.6662020924,-2.28,3310.5,7.85,39726,0.394,21.2,4.72,3.07,Lean Rent,5220,17.28,30882,-1.14,-3.89,61.23,39.16,30.78,2026-07-31,2026-07-31
Lincoln City,OR,"Newport, OR",Lincoln County,503488.3877242532,0.87,1980.277777777778,8.31,23763.333333333336,0.393,21.2,4.72,3.07,Lean Rent,10034,1.9,51212,1.38,6.7,29.48,8.28,28.63,2026-07-31,2026-07-31
Kingsland,TX,NA,Llano County,447337.4618738795,-4.08,1761.25,NA,21135,0.394,21.2,4.72,3.07,Lean Rent,NA,NA,NA,NA,NA,NA,NA,NA,2026-07-31,2026-07-31
Montecito,CA,"Santa Maria-Santa Barbara, CA",Santa Barbara County,5740454.211307545,12.43,22610.55555555555,NA,271326.6666666666,0.394,21.2,4.73,3.07,Lean Rent,NA,NA,444500,-0.8,-2.53,6.76,3.08,47.13,2026-07-31,2026-07-31
New Prague,MN,"Minneapolis-St. Paul-Bloomington, MN-WI",Scott County,359734.26389826724,1.82,1417.5,NA,17010,0.394,21.1,4.73,3.07,Lean Rent,NA,NA,NA,NA,NA,NA,NA,NA,2026-07-31,2026-07-31
Sioux Falls,SD,"Sioux Falls, SD",Minnehaha County,336110.272829386,1.39,1317.697904157698,3.76,15812.374849892378,0.392,21.3,4.7,3.06,Lean Rent,209289,8.19,208639,5.52,4.31,5.34,6.42,36.49,2026-07-31,2026-07-31
Puyallup,WA,"Seattle-Tacoma-Bellevue, WA",Pierce County,573026.69490766,0.02,2250.927375713309,1.93,27011.128508559712,0.393,21.2,4.71,3.06,Lean Rent,42552,-1.13,941170,1.9,6.6,5.21,4.02,35.21,2026-07-31,2026-07-31
Rockville,MD,"Washington-Arlington-Alexandria, DC-VA-MD-WV",Montgomery County,615697.7957591965,-0.75,2416.168652750383,-0.02,28994.023833004598,0.392,21.2,4.71,3.06,Lean Rent,68417,1.6,1082273,2.02,7.76,4.26,3.68,34.66,2026-07-31,2026-07-31
Leominster,MA,"Worcester, MA-CT",Worcester County,475889.1742592051,1.78,1869.2857142857144,1.34,22431.428571428572,0.393,21.2,4.71,3.06,Lean Rent,44209,1.04,881248,2.82,8.7,5.7,3.41,34.33,2026-07-31,2026-07-31
Livingston,NJ,"New York-Newark-Jersey City, NY-NJ-PA",Essex County,1113960.368958941,5.57,4363.958333333333,-0.74,52367.5,0.392,21.3,4.7,3.06,Lean Rent,NA,NA,881527,2.5,15.1,5.39,2.7,55.47,2026-07-31,2026-07-31
Rock Springs,WY,"Rock Springs, WY",Sweetwater County,292813.1731293706,-1.29,1148.5555555555554,-0.77,13782.666666666664,0.392,21.2,4.71,3.06,Lean Rent,22967,-2.25,41273,-2.19,-1.33,12.29,15.52,26.02,2026-07-31,2026-07-31
King George,VA,NA,King George County,478019.72237456543,2.81,1875,NA,22500,0.392,21.2,4.71,3.06,Lean Rent,NA,NA,NA,NA,NA,NA,NA,NA,2026-07-31,2026-07-31
Clemson,SC,"Greenville-Anderson, SC",Pickens County,410904.0168925437,1.21,1613.8333333333333,11.5,19366,0.393,21.2,4.71,3.06,Lean Rent,18610,4.82,138207,4.95,11.74,10.9,6.6,29.48,2026-07-31,2026-07-31
Metuchen,NJ,"New York-Newark-Jersey City, NY-NJ-PA",Middlesex County,695583.7122375293,2.14,2725.277777777778,5.69,32703.333333333336,0.392,21.3,4.7,3.06,Lean Rent,15470,2.76,890119,3.33,12.92,3.48,2.61,36.53,2026-07-31,2026-07-31
Garden City,ID,"Boise City, ID",Ada County,481210.9642281408,-2.06,1885.6333333333332,9.13,22627.6,0.392,21.3,4.7,3.06,Lean Rent,12936,5.19,535799,7.53,14.17,4.08,3.49,28.65,2026-07-31,2026-07-31
Kingston,MA,"Boston-Cambridge-Newton, MA-NH",Plymouth County,706544.4124751877,4.02,2768.6388888888887,NA,33223.666666666664,0.392,21.3,4.7,3.06,Lean Rent,NA,NA,542090,2.58,7.97,7.23,1.91,22.38,2026-07-31,2026-07-31
Troy,IL,"St. Louis, MO-IL",Madison County,335147.2257593276,4.78,1316.6666666666667,NA,15800,0.393,21.2,4.71,3.06,Lean Rent,11810,3.11,263017,-1.03,1.59,8.04,3.83,26.39,2026-07-31,2026-07-31
Leola,PA,"Lancaster, PA",Lancaster County,413535.5197844673,4.48,1622.0833333333333,NA,19465,0.392,21.2,4.71,3.06,Lean Rent,NA,NA,NA,NA,NA,NA,NA,NA,2026-07-31,2026-07-31
Wood Ridge,NJ,"New York-Newark-Jersey City, NY-NJ-PA",Bergen County,712561.7149323068,5.36,2794.866666666667,NA,33538.4,0.392,21.2,4.71,3.06,Lean Rent,NA,NA,NA,NA,NA,NA,NA,NA,2026-07-31,2026-07-31
Surfside,FL,"Miami-Fort Lauderdale-Pompano Beach, FL",Miami-Dade County,1344969.7669691085,7.22,5275.396825396826,11.29,63304.76190476191,0.392,21.2,4.71,3.06,Lean Rent,5719,1.19,2838461,5.29,19.88,11.11,5.36,47.81,2026-07-31,2026-07-31
Lynn,MA,"Boston-Cambridge-Newton, MA-NH",Essex County,590159.9424489592,0.6,2306.6889097744356,2.72,27680.26691729323,0.391,21.3,4.69,3.05,Lean Rent,103489,2.39,823938,2,7.8,5.11,2.53,36.04,2026-07-31,2026-07-31
Arlington Heights,IL,"Chicago-Naperville-Elgin, IL-IN-WI",Cook County,500756.5049751827,8.48,1959.469662058372,1.79,23513.635944700465,0.391,21.3,4.7,3.05,Lean Rent,75596,-2.33,5182617,-1.6,5.9,8.18,4.67,42.49,2026-07-31,2026-07-31
Gillette,WY,"Gillette, WY",Campbell County,339551.1535743912,-4.66,1325.8809523809523,3.76,15910.571428571428,0.39,21.3,4.69,3.05,Lean Rent,33846,1.05,47946,1.7,3.84,10.39,18.32,21.59,2026-07-31,2026-07-31
Roy,UT,"Ogden-Clearfield, UT",Weber County,437856.5189330312,1.43,1711.9416666666666,-1.62,20543.3,0.391,21.3,4.69,3.05,Lean Rent,38719,-1.54,276118,4.99,7.11,6.33,4.96,25.45,2026-07-31,2026-07-31
Maple Valley,WA,"Seattle-Tacoma-Bellevue, WA",King County,784011.4393213453,-2.41,3070.1698717948716,2.54,36842.03846153846,0.392,21.3,4.7,3.05,Lean Rent,28553,1.66,2340211,2.9,15.35,6.12,5.05,43.91,2026-07-31,2026-07-31
Matawan,NJ,"New York-Newark-Jersey City, NY-NJ-PA",Middlesex County,665622.6174897444,4.01,2606.3650793650795,-0.68,31276.380952380954,0.392,21.3,4.7,3.05,Lean Rent,9739,2.04,890119,3.33,12.92,3.48,2.61,36.53,2026-07-31,2026-07-31
Dracut,MA,"Boston-Cambridge-Newton, MA-NH",Middlesex County,580713.4820392848,0.74,2271.0666666666666,NA,27252.8,0.391,21.3,4.69,3.05,Lean Rent,NA,NA,1668956,2.54,11.63,4.52,2.96,38.37,2026-07-31,2026-07-31
Mandan,ND,"Bismarck, ND",Morton County,352531.5416325147,5.79,1380.5416666666667,7.01,16566.5,0.392,21.3,4.7,3.05,Lean Rent,24788,2.33,34194,2.62,1.2,11.77,6.36,24.94,2026-07-31,2026-07-31
Bourne,MA,"Barnstable Town, MA",Barnstable County,669761.3092174518,2.97,2620.833333333333,NA,31449.999999999996,0.391,21.3,4.7,3.05,Lean Rent,NA,NA,NA,NA,NA,NA,NA,NA,2026-07-31,2026-07-31
Sevierville,TN,"Sevierville, TN",Sevier County,421282.35671862686,-0.48,1648.2777777777776,6.85,19779.333333333332,0.391,21.3,4.7,3.05,Lean Rent,18231,-1.25,100184,1.33,1.38,32.15,23.3,28.02,2026-07-31,2026-07-31
Hood River,OR,"Hood River, OR",Hood River County,721303.7921295561,1.91,2825,38.28,33900,0.392,21.3,4.7,3.05,Lean Rent,NA,NA,NA,NA,NA,NA,NA,NA,2026-07-31,2026-07-31
Bristol,RI,"Providence-Warwick, RI-MA",Bristol County,613725.7862830256,1.8,2401.190476190476,3,28814.285714285714,0.391,21.3,4.69,3.05,Lean Rent,NA,NA,50145,-1.26,-0.08,9.91,5.05,26.74,2026-07-31,2026-07-31
Hauppauge,NY,"New York-Newark-Jersey City, NY-NJ-PA",Suffolk County,806734.3185727936,6.3,3157.055555555555,3.4,37884.666666666664,0.391,21.3,4.7,3.05,Lean Rent,NA,NA,1535909,0.9,2.22,11.64,3.67,18.09,2026-07-31,2026-07-31
Denver,PA,"Lancaster, PA",Lancaster County,396296.9486110856,5.06,1548.3333333333333,NA,18580,0.391,21.3,4.69,3.05,Lean Rent,NA,NA,NA,NA,NA,NA,NA,NA,2026-07-31,2026-07-31
Purvis,MS,"Hattiesburg, MS",Lamar County,241696.88072542127,5.69,945,NA,11340,0.391,21.3,4.69,3.05,Lean Rent,NA,NA,NA,NA,NA,NA,NA,NA,2026-07-31,2026-07-31
Burlington,WA,"Mount Vernon-Anacortes, WA",Skagit County,543667.1932539745,1.12,2124.9102564102564,3.51,25498.923076923078,0.391,21.3,4.69,3.05,Lean Rent,10945,18.41,132736,2.18,8.04,8.77,1.09,29.36,2026-07-31,2026-07-31
Colorado Springs,CO,"Colorado Springs, CO",El Paso County,448510.9092482351,-1.64,1748.6806864414636,1.29,20984.168237297563,0.39,21.4,4.68,3.04,Lean Rent,493554,2.46,752772,2.58,3.46,4.58,3.67,33.62,2026-07-31,2026-07-31
Yonkers,NY,"New York-Newark-Jersey City, NY-NJ-PA",Westchester County,710085.135024753,6.5,2765.6561050846763,4.63,33187.87326101612,0.389,21.4,4.67,3.04,Lean Rent,211040,0.02,1006447,0.5,6.23,5.51,2.35,37.8,2026-07-31,2026-07-31
Palm Beach Gardens,FL,"Miami-Fort Lauderdale-Pompano Beach, FL",Palm Beach County,693872.8507532205,1.78,2708.34098065677,3.65,32500.09176788124,0.39,21.3,4.68,3.04,Lean Rent,63284,6.81,1582055,5.87,15.98,16.36,6.94,30.14,2026-07-31,2026-07-31
Centreville,VA,"Washington-Arlington-Alexandria, DC-VA-MD-WV",Fairfax County,624529.001463752,0.16,2430.7393410852715,-0.45,29168.87209302326,0.389,21.4,4.67,3.04,Lean Rent,NA,NA,1160925,1.07,6.94,3.66,4.16,31.65,2026-07-31,2026-07-31
Chantilly,VA,"Washington-Arlington-Alexandria, DC-VA-MD-WV",Fairfax County,809901.918695167,-0.17,3153.9422084623325,2.04,37847.30650154799,0.389,21.4,4.67,3.04,Lean Rent,NA,NA,1160925,1.07,6.94,3.66,4.16,31.65,2026-07-31,2026-07-31
Collierville,TN,"Memphis, TN-MS-AR",Shelby County,511350.1952280497,-1.69,1990.0379072681703,0.62,23880.454887218046,0.389,21.4,4.67,3.04,Lean Rent,51951,1.21,910530,-2.07,-7.65,10.56,7.81,45.42,2026-07-31,2026-07-31
Bloomfield,NJ,"New York-Newark-Jersey City, NY-NJ-PA",Essex County,614680.9605286624,2.3,2397.436111111111,1.91,28769.233333333334,0.39,21.4,4.68,3.04,Lean Rent,NA,NA,881527,2.5,15.1,5.39,2.7,55.47,2026-07-31,2026-07-31
Sequim,WA,"Port Angeles, WA",Clallam County,567223.2492384643,-2.2,2208.8888888888887,NA,26506.666666666664,0.389,21.4,4.67,3.04,Lean Rent,8199,1.6,77958,0.77,14.64,10.23,2.64,27.24,2026-07-31,2026-07-31
Danvers,MA,"Boston-Cambridge-Newton, MA-NH",Essex County,744494.3754376211,1.92,2899.2678571428573,-1.31,34791.21428571429,0.389,21.4,4.67,3.04,Lean Rent,NA,NA,823938,2,7.8,5.11,2.53,36.04,2026-07-31,2026-07-31
Sachse,TX,"Dallas-Fort Worth-Arlington, TX",Dallas County,433538.8229841557,-3.51,1690.8162325004432,1.49,20289.79479000532,0.39,21.4,4.68,3.04,Lean Rent,33008,21.88,2656028,1.73,0.15,7.76,8.95,49.22,2026-07-31,2026-07-31
Soddy-Daisy,TN,"Chattanooga, TN-GA",Hamilton County,361150.55267042574,-0.23,1408.388888888889,NA,16900.666666666668,0.39,21.4,4.68,3.04,Lean Rent,13430,2.9,386256,4.99,11.65,8.63,4.18,35.65,2026-07-31,2026-07-31
Molalla,OR,"Portland-Vancouver-Hillsboro, OR-WA",Clackamas County,499533.6184051279,0.4,1945,NA,23340,0.389,21.4,4.67,3.04,Lean Rent,NA,NA,NA,NA,NA,NA,NA,NA,2026-07-31,2026-07-31
Woodland Park,CO,"Colorado Springs, CO",Teller County,539624.1276820594,-0.84,2105.1777777777775,4.39,25262.13333333333,0.39,21.4,4.68,3.04,Lean Rent,8043,1.59,24862,0.47,6.6,16.74,2.58,17.79,2026-07-31,2026-07-31
Sellersville,PA,"Philadelphia-Camden-Wilmington, PA-NJ-DE-MD",Bucks County,469221.3286444873,3.18,1829,NA,21948,0.39,21.4,4.68,3.04,Lean Rent,NA,NA,NA,NA,NA,NA,NA,NA,2026-07-31,2026-07-31
Peculiar,MO,"Kansas City, MO-KS",Cass County,362694.86520460946,4.05,1415,NA,16980,0.39,21.4,4.68,3.04,Lean Rent,NA,NA,NA,NA,NA,NA,NA,NA,2026-07-31,2026-07-31
Dresher,PA,"Philadelphia-Camden-Wilmington, PA-NJ-DE-MD",Montgomery County,724190.7880856814,3.76,2824.444444444445,NA,33893.333333333336,0.39,21.4,4.68,3.04,Lean Rent,NA,NA,NA,NA,NA,NA,NA,NA,2026-07-31,2026-07-31
Ocean Shores,WA,"Aberdeen, WA",Grays Harbor County,343022.724609589,-1.94,1338.888888888889,NA,16066.666666666668,0.39,21.3,4.68,3.04,Lean Rent,NA,NA,NA,NA,NA,NA,NA,NA,2026-07-31,2026-07-31
Murfreesboro,TN,"Nashville-Davidson--Murfreesboro--Franklin, TN",Rutherford County,430142.16760688816,-0.4,1671.1381165648406,1.95,20053.657398778087,0.389,21.4,4.66,3.03,Lean Rent,168387,9.47,376996,9.81,14.23,7,7.53,34.99,2026-07-31,2026-07-31
Ontario,CA,"Riverside-San Bernardino-Ontario, CA",San Bernardino County,671649.2836380834,-0.68,2605.2704324655724,1.06,31263.24518958687,0.388,21.5,4.65,3.03,Lean Rent,185285,5.44,2214281,1.41,1.68,9.55,3.22,38.46,2026-07-31,2026-07-31
Nampa,ID,"Boise City, ID",Canyon County,418651.3381515627,1.06,1626.4474190698554,4.73,19517.369028838264,0.388,21.5,4.66,3.03,Lean Rent,117350,15.7,266892,14.53,25.29,3.18,3.05,24.91,2026-07-31,2026-07-31
Cheyenne,WY,"Cheyenne, WY",Laramie County,392826.9866631679,3.44,1528.0904176904178,4.8,18337.085012285013,0.389,21.4,4.67,3.03,Lean Rent,65704,0.64,101783,1.04,5.7,5.62,1.65,29.2,2026-07-31,2026-07-31
Mansfield,TX,"Dallas-Fort Worth-Arlington, TX",Tarrant County,447156.8121532344,-0.64,1736.3675669945726,0.9,20836.410803934872,0.388,21.5,4.66,3.03,Lean Rent,80803,10.98,2230708,5.41,8.74,7.08,7.73,40.64,2026-07-31,2026-07-31
Richmond,KY,"Richmond-Berea, KY",Madison County,303281.6427528846,1.45,1178.6665949820788,2.25,14143.999139784944,0.389,21.4,4.66,3.03,Lean Rent,39581,12.14,99582,7.09,18.92,8.01,4.84,37.6,2026-07-31,2026-07-31
Grand Forks,ND,"Grand Forks, ND-MN",Grand Forks County,305484.1500737295,7.59,1184.856304798342,6.68,14218.275657580105,0.388,21.5,4.65,3.03,Lean Rent,59845,1.18,73771,0.87,4.2,7.98,7.28,47.94,2026-07-31,2026-07-31
Mankato,MN,"Mankato, MN",Blue Earth County,308167.1166736677,1.96,1195.9097222222224,3.69,14350.916666666668,0.388,21.5,4.66,3.03,Lean Rent,46459,4.08,70700,2.17,2.46,7.99,6.56,38.24,2026-07-31,2026-07-31
Prescott Valley,AZ,"Prescott Valley-Prescott, AZ",Yavapai County,458373.8403373331,0,1779.1416666666664,-0.44,21349.699999999997,0.388,21.5,4.66,3.03,Lean Rent,51440,9.51,252013,6.23,16.63,12.2,4.45,26.49,2026-07-31,2026-07-31
Wauwatosa,WI,"Milwaukee-Waukesha, WI",Milwaukee County,434034.4620694301,4.37,1686.0792095728457,3.41,20232.95051487415,0.388,21.5,4.66,3.03,Lean Rent,48794,0.95,924740,-1.48,0.57,8.21,6.16,50.2,2026-07-31,2026-07-31
Billerica,MA,"Boston-Cambridge-Newton, MA-NH",Middlesex County,711528.3171309554,2.27,2764.1111111111113,0.24,33169.333333333336,0.388,21.5,4.66,3.03,Lean Rent,NA,NA,1668956,2.54,11.63,4.52,2.96,38.37,2026-07-31,2026-07-31
Gainesville,VA,"Washington-Arlington-Alexandria, DC-VA-MD-WV",Prince William County,761510.5427997302,1.52,2958.6396825396823,1.16,35503.67619047619,0.389,21.4,4.66,3.03,Lean Rent,NA,NA,497003,2.93,3.17,3.52,5.04,25.62,2026-07-31,2026-07-31
Battle Ground,WA,"Portland-Vancouver-Hillsboro, OR-WA",Clark County,608296.995288513,-0.21,2360.148148148148,4.82,28321.777777777774,0.388,21.5,4.66,3.03,Lean Rent,22959,10.03,527269,4.33,6.69,3.84,3.08,33.79,2026-07-31,2026-07-31
Sykesville,MD,"Baltimore-Columbia-Towson, MD",Carroll County,562722.8032718847,0.67,2184.277777777778,NA,26211.333333333336,0.388,21.5,4.66,3.03,Lean Rent,4622,6.84,177108,2.43,2.28,4.05,4.89,16.15,2026-07-31,2026-07-31
Seaside,CA,"Salinas, CA",Monterey County,800283.6256861299,-1.46,3111.3333333333335,3.35,37336,0.389,21.4,4.67,3.03,Lean Rent,31524,-2.51,436251,-0.97,-4.66,8.72,2.33,47.72,2026-07-31,2026-07-31
West Bend,WI,"Milwaukee-Waukesha, WI",Washington County,359868.8093785607,6.46,1398,14.56,16776,0.388,21.5,4.66,3.03,Lean Rent,32149,1.27,138727,1.4,2.18,3.89,2.97,21.9,2026-07-31,2026-07-31
Chaska,MN,"Minneapolis-St. Paul-Bloomington, MN-WI",Carver County,489346.37221526814,2.52,1900.5721153846152,2.34,22806.865384615383,0.388,21.5,4.66,3.03,Lean Rent,30167,8.22,112628,4.96,8.5,2.81,3.46,18.29,2026-07-31,2026-07-31
Scarborough,ME,"Portland-South Portland, ME",Cumberland County,705220.4700762181,-0.95,2741.555555555555,4.36,32898.666666666664,0.389,21.4,4.67,3.03,Lean Rent,NA,NA,313809,3.36,8.17,14.2,3.63,29.63,2026-07-31,2026-07-31
Rocky River,OH,"Cleveland-Elyria, OH",Cuyahoga County,408261.7379207145,5.55,1584.777777777778,NA,19017.333333333336,0.388,21.5,4.66,3.03,Lean Rent,21468,-1.17,1240594,-1.75,1.72,9.97,5.22,40.95,2026-07-31,2026-07-31
Winthrop,MA,"Boston-Cambridge-Newton, MA-NH",Suffolk County,698143.272101352,0.5,2713.952380952381,5.11,32567.428571428572,0.389,21.4,4.66,3.03,Lean Rent,NA,NA,793144,-0.51,10.02,8.97,4.43,63.39,2026-07-31,2026-07-31
Cedarburg,WI,"Milwaukee-Waukesha, WI",Ozaukee County,570478.2726514755,5.63,2219,NA,26628,0.389,21.4,4.67,3.03,Lean Rent,NA,NA,NA,NA,NA,NA,NA,NA,2026-07-31,2026-07-31
Grimes,IA,"Des Moines-West Des Moines, IA",Polk County,351521.15109085356,-0.66,1367.058608058608,2.74,16404.703296703294,0.389,21.4,4.67,3.03,Lean Rent,17266,9.85,516185,4.69,12.01,5.87,5,32.93,2026-07-31,2026-07-31
Pinehurst,NC,"Pinehurst-Southern Pines, NC",Moore County,539591.2417856925,0.26,2095.0252525252527,1.16,25140.303030303032,0.388,21.5,4.66,3.03,Lean Rent,18502,4.64,108417,8.1,14.51,13.37,3.35,23.67,2026-07-31,2026-07-31
Caldwell,NJ,"New York-Newark-Jersey City, NY-NJ-PA",Essex County,746336.7818744044,5.15,2900,NA,34800,0.389,21.4,4.66,3.03,Lean Rent,NA,NA,NA,NA,NA,NA,NA,NA,2026-07-31,2026-07-31
Pigeon Forge,TN,"Sevierville, TN",Sevier County,421481.96295498614,-2.65,1637.5,NA,19650,0.389,21.4,4.66,3.03,Lean Rent,NA,NA,NA,NA,NA,NA,NA,NA,2026-07-31,2026-07-31
Sparks,NV,"Reno, NV",Washoe County,537565.5829883995,1.26,2081.6052486326457,8.13,24979.262983591747,0.387,21.5,4.65,3.02,Lean Rent,111520,2.42,507280,4.01,13.63,8.28,5.88,40.53,2026-07-31,2026-07-31
Georgetown,TX,"Austin-Round Rock-Georgetown, TX",Williamson County,427174.3320287505,-4.83,1656.5661032863852,1.23,19878.79323943662,0.388,21.5,4.65,3.02,Lean Rent,101344,47.49,727480,18.17,29.75,3.91,3.51,32.92,2026-07-31,2026-07-31
Appleton,WI,"Appleton, WI",Outagamie County,309057.7516059373,6.01,1195.0491452991455,5.8,14340.589743589746,0.387,21.6,4.64,3.02,Lean Rent,75344,-0.33,195390,2.31,5.33,3.33,2.2,28.26,2026-07-31,2026-07-31
Colton,CA,"Riverside-San Bernardino-Ontario, CA",San Bernardino County,499754.05515592307,0.43,1936.066287878788,2.65,23232.795454545456,0.387,21.5,4.65,3.02,Lean Rent,53528,-0.83,2214281,1.41,1.68,9.55,3.22,38.46,2026-07-31,2026-07-31
Burlington,VT,"Burlington-South Burlington, VT",Chittenden County,516142.52986763534,-1.93,1999.855512984249,0.69,23998.266155810987,0.387,21.5,4.65,3.02,Lean Rent,44432,-0.7,170851,1.44,4.59,4.84,1.57,36.44,2026-07-31,2026-07-31
Bowling Green,OH,"Toledo, OH",Wood County,269081.22823395085,2.6,1040.8333333333333,NA,12490,0.387,21.5,4.64,3.02,Lean Rent,30463,-1.06,133077,0.61,2,5.46,2.9,35.44,2026-07-31,2026-07-31
Culpeper,VA,"Washington-Arlington-Alexandria, DC-VA-MD-WV",Culpeper County,463556.40878889913,3.41,1797.5,4.89,21570,0.388,21.5,4.65,3.02,Lean Rent,21464,6.44,56125,6.37,16.37,4.84,1.7,25.48,2026-07-31,2026-07-31
Watertown,WI,"Beaver Dam, WI",Dodge County,333129.14358372363,6.1,1289.1666666666667,NA,15470,0.387,21.5,4.64,3.02,Lean Rent,22617,-1.38,88635,-0.79,5.08,6.7,2.74,28.74,2026-07-31,2026-07-31
Geneva,IL,"Chicago-Naperville-Elgin, IL-IN-WI",Kane County,555372.631800826,6.55,2150.1666666666665,7.93,25802,0.387,21.5,4.65,3.02,Lean Rent,21168,-0.79,520997,0.89,3.7,3.54,3.6,24.26,2026-07-31,2026-07-31
Biddeford,ME,"Portland-South Portland, ME",York County,517712.0189670317,0.1,2003.090909090909,0.95,24037.090909090908,0.387,21.5,4.64,3.02,Lean Rent,22370,-0.76,220143,3.71,8.2,20.73,4.36,23.86,2026-07-31,2026-07-31
Pecan Grove,TX,"Houston-The Woodlands-Sugar Land, TX",Fort Bend County,402639.2520963028,-1.19,1561.4484848484851,-0.01,18737.38181818182,0.388,21.5,4.65,3.02,Lean Rent,NA,NA,958434,15.57,27.37,4.23,6.33,22.52,2026-07-31,2026-07-31
Cinco Ranch,TX,"Houston-The Woodlands-Sugar Land, TX",Fort Bend County,540842.4710923076,-0.51,2092.362962962963,-2.06,25108.355555555558,0.387,21.5,4.64,3.02,Lean Rent,NA,NA,958434,15.57,27.37,4.23,6.33,22.52,2026-07-31,2026-07-31
Goffstown,NH,"Manchester-Nashua, NH",Hillsborough County,503968.9919532416,1.27,1950,NA,23400,0.387,21.5,4.64,3.02,Lean Rent,NA,NA,NA,NA,NA,NA,NA,NA,2026-07-31,2026-07-31
Marco Island,FL,"Naples-Marco Island, FL",Collier County,849356.6383776189,-0.93,3283.3333333333335,8.8,39400,0.387,21.6,4.64,3.02,Lean Rent,16554,5.01,416233,10.31,17.5,31.47,9.54,24.02,2026-07-31,2026-07-31
Gypsum,CO,"Glenwood Springs, CO",Garfield County,710355.9525353991,1.17,2752.0833333333335,NA,33025,0.387,21.5,4.65,3.02,Lean Rent,NA,NA,NA,NA,NA,NA,NA,NA,2026-07-31,2026-07-31
Conway,NH,NA,Carroll County,463559.9104975176,2.37,1795,NA,21540,0.387,21.5,4.65,3.02,Lean Rent,NA,NA,NA,NA,NA,NA,NA,NA,2026-07-31,2026-07-31
Murrieta,CA,"Riverside-San Bernardino-Ontario, CA",Riverside County,694424.3313007337,-0.58,2680.6019111072146,0.44,32167.222933286575,0.386,21.6,4.63,3.01,Lean Rent,112539,1.26,2529933,4.34,7.33,11.37,4.89,31.14,2026-07-31,2026-07-31
Meridian,ID,"Boise City, ID",Ada County,539116.667643962,0.41,2078.4269063180827,4.4,24941.122875816993,0.386,21.6,4.63,3.01,Lean Rent,139740,16.94,535799,7.53,14.17,4.08,3.49,28.65,2026-07-31,2026-07-31
Redlands,CA,"Riverside-San Bernardino-Ontario, CA",San Bernardino County,639363.4874749995,0.95,2466.504464285714,3.17,29598.053571428572,0.386,21.6,4.63,3.01,Lean Rent,74279,1.41,2214281,1.41,1.68,9.55,3.22,38.46,2026-07-31,2026-07-31
Eastvale,CA,"Riverside-San Bernardino-Ontario, CA",Riverside County,942542.049887515,0.36,3640.900432900433,2.42,43690.805194805194,0.386,21.6,4.64,3.01,Lean Rent,70751,1.02,2529933,4.34,7.33,11.37,4.89,31.14,2026-07-31,2026-07-31
Mount Prospect,IL,"Chicago-Naperville-Elgin, IL-IN-WI",Cook County,455312.7749908357,6.94,1755.534366655056,0.36,21066.41239986067,0.386,21.6,4.63,3.01,Lean Rent,55460,-2.2,5182617,-1.6,5.9,8.18,4.67,42.49,2026-07-31,2026-07-31
San Pablo,CA,"San Francisco-Oakland-Berkeley, CA",Contra Costa County,561356.3416315989,-2.35,2166.944444444445,NA,26003.333333333336,0.386,21.6,4.63,3.01,Lean Rent,31562,-1.67,1172607,0.55,6.48,3.5,2.91,32.35,2026-07-31,2026-07-31
Ashland,OH,"Ashland, OH",Ashland County,238664.8462868456,5.82,921.825396825397,5.27,11061.904761904763,0.386,21.6,4.63,3.01,Lean Rent,18770,-2.38,52420,-0.11,5.88,8.27,9.39,21.12,2026-07-31,2026-07-31
Owatonna,MN,"Owatonna, MN",Steele County,302746.8940736149,2.49,1168.0555555555557,NA,14016.666666666668,0.386,21.6,4.63,3.01,Lean Rent,26626,0.81,37434,0.14,-2.22,5.52,4.29,20.1,2026-07-31,2026-07-31
Perkasie,PA,"Philadelphia-Camden-Wilmington, PA-NJ-DE-MD",Bucks County,530729.2955122107,3.93,2050,NA,24600,0.386,21.6,4.64,3.01,Lean Rent,NA,NA,NA,NA,NA,NA,NA,NA,2026-07-31,2026-07-31
Chanhassen,MN,"Minneapolis-St. Paul-Bloomington, MN-WI",Carver County,567149.3420697491,2.45,2189.3650793650795,NA,26272.380952380954,0.386,21.6,4.63,3.01,Lean Rent,25746,-0.91,112628,4.96,8.5,2.81,3.46,18.29,2026-07-31,2026-07-31
Blue Bell,PA,"Philadelphia-Camden-Wilmington, PA-NJ-DE-MD",Montgomery County,709455.1706222912,3.52,2740.1888888888884,2.54,32882.26666666666,0.386,21.6,4.63,3.01,Lean Rent,NA,NA,879190,2.6,7.92,4.35,5.68,28.27,2026-07-31,2026-07-31
Larchmont,NY,"New York-Newark-Jersey City, NY-NJ-PA",Westchester County,1775027.7026056503,11.96,6849.444444444445,NA,82193.33333333334,0.386,21.6,4.63,3.01,Lean Rent,NA,NA,NA,NA,NA,NA,NA,NA,2026-07-31,2026-07-31
Federal Heights,CO,"Denver-Aurora-Lakewood, CO",Adams County,390431.43448939937,-3.84,1505.162962962963,2.67,18061.955555555556,0.386,21.6,4.63,3.01,Lean Rent,13971,-2.95,542973,4.31,8.16,3.55,3.6,31.13,2026-07-31,2026-07-31
Warren,RI,"Providence-Warwick, RI-MA",Bristol County,548978.920749335,2.11,2118.75,NA,25425,0.386,21.6,4.63,3.01,Lean Rent,NA,NA,NA,NA,NA,NA,NA,NA,2026-07-31,2026-07-31
Maynard,MA,"Boston-Cambridge-Newton, MA-NH",Middlesex County,616940.5043317074,0.67,2383.8888888888887,NA,28606.666666666664,0.386,21.6,4.64,3.01,Lean Rent,NA,NA,NA,NA,NA,NA,NA,NA,2026-07-31,2026-07-31
Clover Creek,WA,"Seattle-Tacoma-Bellevue, WA",Pierce County,534959.6815507131,0.83,2065.5333333333333,NA,24786.4,0.386,21.6,4.63,3.01,Lean Rent,NA,NA,941170,1.9,6.6,5.21,4.02,35.21,2026-07-31,2026-07-31
Oak Island,NC,"Myrtle Beach-Conway-North Myrtle Beach, SC-NC",Brunswick County,582399.0619406052,3.88,2250,NA,27000,0.386,21.6,4.64,3.01,Lean Rent,NA,NA,NA,NA,NA,NA,NA,NA,2026-07-31,2026-07-31
Gray,ME,"Portland-South Portland, ME",Cumberland County,532070.2976404446,6.44,2050,NA,24600,0.385,21.6,4.62,3.01,Lean Rent,NA,NA,NA,NA,NA,NA,NA,NA,2026-07-31,2026-07-31
Saukville,WI,"Milwaukee-Waukesha, WI",Ozaukee County,413804.28783615894,6.93,1597.638888888889,NA,19171.666666666668,0.386,21.6,4.63,3.01,Lean Rent,4305,1.25,93956,2.54,4.53,4.18,2.49,27.22,2026-07-31,2026-07-31
Johnson,AR,"Fayetteville-Springdale-Rogers, AR",Washington County,349043.54037075985,4.05,1345.625,NA,16147.5,0.386,21.6,4.63,3.01,Lean Rent,NA,NA,NA,NA,NA,NA,NA,NA,2026-07-31,2026-07-31
Charleston,SC,"Charleston-North Charleston, SC",Charleston County,596437.4353112275,1.04,2292.8489297961137,4.67,27514.187157553366,0.384,21.7,4.61,3,Lean Rent,157665,4.37,431001,5.13,9.27,14.93,11.6,36.51,2026-07-31,2026-07-31
Peoria,AZ,"Phoenix-Mesa-Chandler, AZ",Maricopa County,484842.3975009252,-1.06,1863.184803481141,0.38,22358.217641773692,0.384,21.7,4.61,3,Lean Rent,199924,4.13,4673096,5.12,9.38,8.29,5.4,34.99,2026-07-31,2026-07-31
Watsonville,CA,"Santa Cruz-Watsonville, CA",Santa Cruz County,828738.6179629089,0.87,3192.3809523809523,3.55,38308.57142857143,0.385,21.6,4.62,3,Lean Rent,51320,-2.19,262406,-3.44,-6,9.15,3.39,40.02,2026-07-31,2026-07-31
Lakewood,CA,"Los Angeles-Long Beach-Anaheim, CA",Los Angeles County,882829.8198047223,2.4,3390.9583333333335,5.51,40691.5,0.384,21.7,4.61,3,Lean Rent,78494,-4.54,9757179,-2.4,0.03,6.45,4.01,53.92,2026-07-31,2026-07-31
Winter Park,FL,"Orlando-Kissimmee-Sanford, FL",Orange County,469252.5177103552,0.58,1804.097290066124,1.29,21649.16748079349,0.384,21.7,4.61,3,Lean Rent,30835,2.72,1533646,7.12,16.48,11.72,10.93,42.64,2026-07-31,2026-07-31
Washington,PA,"Pittsburgh, PA",Washington County,240135.17855790607,3.86,924.7555555555556,6.45,11097.066666666668,0.385,21.6,4.62,3,Lean Rent,13334,1.46,210434,0.49,4.53,10.07,6.42,23.56,2026-07-31,2026-07-31
Franklin,MA,"Boston-Cambridge-Newton, MA-NH",Norfolk County,714175.816657578,2.27,2746.8654761904763,3.8,32962.385714285716,0.385,21.7,4.62,3,Lean Rent,NA,NA,740754,2.35,9.81,4.09,3.95,31.48,2026-07-31,2026-07-31
Crawfordsville,IN,"Crawfordsville, IN",Montgomery County,230345.1295612854,3.16,885.9722222222222,5.32,10631.666666666666,0.385,21.7,4.62,3,Lean Rent,16594,1.52,38633,1.82,1.55,6.11,5.12,22.19,2026-07-31,2026-07-31
New Cumberland,PA,"York-Hanover, PA",York County,298455.68106050935,3.96,1149.6666666666667,NA,13796,0.385,21.6,4.62,3,Lean Rent,7625,1.4,471240,3.17,10.19,4.45,2.79,24.17,2026-07-31,2026-07-31
Ripon,CA,"Stockton, CA",San Joaquin County,681351.3386515806,-0.53,2621.25,NA,31455,0.385,21.7,4.62,3,Lean Rent,NA,NA,NA,NA,NA,NA,NA,NA,2026-07-31,2026-07-31
Marble Falls,TX,"Austin-Round Rock-Georgetown, TX",Burnet County,403309.36856138456,-2.68,1551.053571428571,0.53,18612.642857142855,0.385,21.7,4.61,3,Lean Rent,9413,33.01,55722,12.62,25.54,20.26,4.76,22.75,2026-07-31,2026-07-31
Lake Saint Louis,MO,"St. Louis, MO-IL",Saint Charles County,434772.5530234326,0.28,1670.8676767676768,1.97,20050.41212121212,0.384,21.7,4.61,3,Lean Rent,NA,NA,NA,NA,NA,NA,NA,NA,2026-07-31,2026-07-31
Sedro-Woolley,WA,"Mount Vernon-Anacortes, WA",Skagit County,500888.583364048,-0.03,1924.4444444444448,NA,23093.333333333336,0.384,21.7,4.61,3,Lean Rent,13215,6.04,132736,2.18,8.04,8.77,1.09,29.36,2026-07-31,2026-07-31
Ventnor City,NJ,"Atlantic City-Hammonton, NJ",Atlantic County,648928.9248220851,9.56,2496.388888888889,51.55,29956.66666666667,0.385,21.7,4.62,3,Lean Rent,9372,1.97,279114,1.79,8.62,17.71,4.68,32.16,2026-07-31,2026-07-31
Phoenix,AZ,"Phoenix-Mesa-Chandler, AZ",Maricopa County,408769.66818768,-1.84,1567.491651737775,0.25,18809.8998208533,0.383,21.7,4.6,2.99,Lean Rent,1673164,3.76,4673096,5.12,9.38,8.29,5.4,34.99,2026-07-31,2026-07-31
Santa Maria,CA,"Santa Maria-Santa Barbara, CA",Santa Barbara County,668983.2448310292,3.4,2561.9030100334444,5.56,30742.836120401334,0.383,21.8,4.6,2.99,Lean Rent,111346,1.42,444500,-0.8,-2.53,6.76,3.08,47.13,2026-07-31,2026-07-31
Ashburn,VA,"Washington-Arlington-Alexandria, DC-VA-MD-WV",Loudoun County,801415.2350346391,-0.37,3075.2999266145775,-0.57,36903.59911937493,0.384,21.7,4.6,2.99,Lean Rent,NA,NA,443380,4.89,7.24,2.75,4.35,22.08,2026-07-31,2026-07-31
Rogers,AR,"Fayetteville-Springdale-Rogers, AR",Benton County,386483.2527018133,3.1,1483.2220046082948,1.69,17798.664055299538,0.384,21.7,4.61,2.99,Lean Rent,75639,7.5,321566,12.19,23.43,9.14,4.86,32.8,2026-07-31,2026-07-31
Elizabethtown,PA,"Lancaster, PA",Lancaster County,368415.08497102937,4.9,1413.3253968253969,4.37,16959.904761904763,0.384,21.7,4.6,2.99,Lean Rent,11993,2.83,563293,1.89,3.04,3.36,2.54,30.06,2026-07-31,2026-07-31
Celina,TX,"Dallas-Fort Worth-Arlington, TX",Collin County,522656.8216467437,-9.34,2006.343817221477,-2.83,24076.12580665772,0.384,21.7,4.61,2.99,Lean Rent,51661,189.97,1254658,16.64,31.61,5.16,6.55,35.92,2026-07-31,2026-07-31
Cockeysville,MD,"Baltimore-Columbia-Towson, MD",Baltimore County,484161.7863502499,1.17,1853.7777777777776,0.54,22245.333333333332,0.383,21.8,4.59,2.99,Lean Rent,NA,NA,852425,-0.11,3.96,5.75,5.61,33.67,2026-07-31,2026-07-31
Saco,ME,"Portland-South Portland, ME",York County,531574.5096657126,0.71,2040.277777777778,-0.27,24483.333333333336,0.384,21.7,4.61,2.99,Lean Rent,21064,3.16,220143,3.71,8.2,20.73,4.36,23.86,2026-07-31,2026-07-31
Ashwaubenon,WI,"Green Bay, WI",Brown County,353961.15658652503,2.45,1355,NA,16260,0.383,21.8,4.59,2.99,Lean Rent,NA,NA,NA,NA,NA,NA,NA,NA,2026-07-31,2026-07-31
Gulf Shores,AL,"Daphne-Fairhope-Foley, AL",Baldwin County,456156.6533819685,-0.96,1750.8333333333333,0.82,21010,0.384,21.7,4.61,2.99,Lean Rent,17431,13.52,261608,12.16,29.22,26.36,33.41,22.46,2026-07-31,2026-07-31
Hurricane,UT,"St. George, UT",Washington County,504440.71072606114,-1.71,1935.7895021645024,1.88,23229.47402597403,0.384,21.7,4.6,2.99,Lean Rent,24753,22.47,207943,14.24,22.34,15.29,9.04,27.41,2026-07-31,2026-07-31
Saint Peter,MN,"Mankato, MN",Nicollet County,304113.7809078318,3.45,1165.8333333333333,NA,13990,0.383,21.7,4.6,2.99,Lean Rent,NA,NA,NA,NA,NA,NA,NA,NA,2026-07-31,2026-07-31
Berkeley Springs,WV,"Hagerstown-Martinsburg, MD-WV",Morgan County,322240.98250024236,3.95,1233.3333333333333,NA,14800,0.383,21.8,4.59,2.99,Lean Rent,NA,NA,NA,NA,NA,NA,NA,NA,2026-07-31,2026-07-31
Coupeville,WA,"Oak Harbor, WA",Island County,648428.6528967774,2.24,2482.5,NA,29790,0.383,21.8,4.59,2.99,Lean Rent,NA,NA,NA,NA,NA,NA,NA,NA,2026-07-31,2026-07-31
Aurora,CO,"Denver-Aurora-Lakewood, CO",Arapahoe County,458581.9470521275,-3.12,1752.24405709873,-1.89,21026.92868518476,0.382,21.8,4.59,2.98,Lean Rent,403130,4.22,666918,1.77,3.13,4.55,5.64,34.88,2026-07-31,2026-07-31
Thornton,CO,"Denver-Aurora-Lakewood, CO",Adams County,498542.0383682167,-2.56,1904.0840029150595,-1.38,22849.008034980714,0.382,21.8,4.58,2.98,Lean Rent,146689,3.16,542973,4.31,8.16,3.55,3.6,31.13,2026-07-31,2026-07-31
Kennewick,WA,"Kennewick-Richland, WA",Benton County,435000.2223231748,0.54,1663.5344086021505,0.6,19962.412903225806,0.382,21.8,4.59,2.98,Lean Rent,86728,3.25,218190,5.19,10.36,6.23,5.79,31.5,2026-07-31,2026-07-31
Carson City,NV,"Carson City, NV",Carson City,504384.04977759457,0.39,1924.661081402258,4.76,23095.932976827098,0.382,21.8,4.58,2.98,Lean Rent,NA,NA,58148,-0.91,3.44,5.02,3.46,36.79,2026-07-31,2026-07-31
Valley Stream,NY,"New York-Newark-Jersey City, NY-NJ-PA",Nassau County,776096.5228954147,4.79,2966.6666666666665,-1.12,35600,0.382,21.8,4.59,2.98,Lean Rent,40232,-0.66,1392438,0.13,2.32,4.56,4.6,18.07,2026-07-31,2026-07-31
Orangevale,CA,"Sacramento-Roseville-Folsom, CA",Sacramento County,563145.384817068,-0.09,2148.8333333333335,7.26,25786,0.382,21.8,4.58,2.98,Lean Rent,NA,NA,1611231,1.54,7.33,4.28,3.63,41.37,2026-07-31,2026-07-31
Ellensburg,WA,"Ellensburg, WA",Kittitas County,460975.06683335657,-0.06,1762.376676986584,4.14,21148.520123839007,0.382,21.8,4.59,2.98,Lean Rent,20996,-2.92,48172,2.88,6.08,19.42,5.95,37.65,2026-07-31,2026-07-31
Dickinson,ND,"Dickinson, ND",Stark County,334158.61228873173,4.56,1274.7166666666667,1.09,15296.6,0.381,21.8,4.58,2.98,Lean Rent,25695,-0.45,33767,-0.2,12.59,14.48,9.19,35.05,2026-07-31,2026-07-31
Windsor,CO,"Greeley, CO",Weld County,579876.9079754609,-1.47,2216.4560185185187,1.18,26597.472222222226,0.382,21.8,4.59,2.98,Lean Rent,41734,25.55,369745,11.55,19.05,4.01,5.91,24.45,2026-07-31,2026-07-31
Watertown,SD,"Watertown, SD",Codington County,316021.5536647264,3.46,1205.4166666666667,NA,14465,0.381,21.8,4.58,2.98,Lean Rent,23492,3.57,29278,3.26,9.26,7.67,4.62,32.59,2026-07-31,2026-07-31
Medford Township,NJ,"Philadelphia-Camden-Wilmington, PA-NJ-DE-MD",Burlington County,638169.513967187,3.78,2440.625,NA,29287.5,0.382,21.8,4.59,2.98,Lean Rent,NA,NA,NA,NA,NA,NA,NA,NA,2026-07-31,2026-07-31
Deerfield,IL,"Chicago-Naperville-Elgin, IL-IN-WI",Lake County,662331.4477479248,7.3,2528.9461538461537,-0.19,30347.353846153845,0.382,21.8,4.58,2.98,Lean Rent,19138,0.04,718604,0.73,3.75,4.97,4.19,25.6,2026-07-31,2026-07-31
Lynbrook,NY,"New York-Newark-Jersey City, NY-NJ-PA",Nassau County,766303.0028777096,4.77,2922.777777777778,NA,35073.333333333336,0.381,21.8,4.58,2.98,Lean Rent,NA,NA,NA,NA,NA,NA,NA,NA,2026-07-31,2026-07-31
Morganville,NJ,"New York-Newark-Jersey City, NY-NJ-PA",Monmouth County,884327.0444492929,3.42,3382.911111111111,NA,40594.933333333334,0.383,21.8,4.59,2.98,Lean Rent,NA,NA,647520,0.74,2.8,7.24,3.49,24.63,2026-07-31,2026-07-31
Horsham,PA,"Philadelphia-Camden-Wilmington, PA-NJ-DE-MD",Montgomery County,447895.9630337228,1.52,1712.638888888889,-0.92,20551.666666666668,0.382,21.8,4.59,2.98,Lean Rent,NA,NA,879190,2.6,7.92,4.35,5.68,28.27,2026-07-31,2026-07-31
Amesbury,MA,"Boston-Cambridge-Newton, MA-NH",Essex County,635241.0628996878,2.35,2425.1111111111113,4.87,29101.333333333336,0.382,21.8,4.58,2.98,Lean Rent,NA,NA,NA,NA,NA,NA,NA,NA,2026-07-31,2026-07-31
Hamburg,PA,"Reading, PA",Berks County,301444.52856148133,3.27,1150,NA,13800,0.381,21.8,4.58,2.98,Lean Rent,NA,NA,NA,NA,NA,NA,NA,NA,2026-07-31,2026-07-31
East Hanover Township,NJ,"New York-Newark-Jersey City, NY-NJ-PA",Morris County,880586.2499894634,5.35,3366.3333333333335,-5.51,40396,0.382,21.8,4.59,2.98,Lean Rent,NA,NA,523053,2.87,8.07,3.41,3.25,26.1,2026-07-31,2026-07-31
Plover,WI,"Stevens Point, WI",Portage County,359031.44794593845,7.02,1371.4666666666665,NA,16457.6,0.382,21.8,4.58,2.98,Lean Rent,14208,4.77,72040,2.31,8.66,5.91,4.14,30.68,2026-07-31,2026-07-31
Comstock Park,MI,"Grand Rapids-Kentwood, MI",Kent County,312664.407348427,3.62,1193,NA,14316,0.382,21.8,4.58,2.98,Lean Rent,NA,NA,NA,NA,NA,NA,NA,NA,2026-07-31,2026-07-31
De Forest,WI,"Madison, WI",Dane County,454776.514864086,2.49,1737.336111111111,1.74,20848.033333333333,0.382,21.8,4.58,2.98,Lean Rent,NA,NA,588347,4.57,11.72,3.59,2.98,42.34,2026-07-31,2026-07-31
Barrington,IL,"Chicago-Naperville-Elgin, IL-IN-WI",Cook County,641998.7715253605,7.74,2452.222222222222,NA,29426.666666666664,0.382,21.8,4.58,2.98,Lean Rent,10615,-0.85,5182617,-1.6,5.9,8.18,4.67,42.49,2026-07-31,2026-07-31
Milton,WA,"Seattle-Tacoma-Bellevue, WA",Pierce County,572843.0330751846,-0.18,2191.4333333333334,-2.11,26297.2,0.383,21.8,4.59,2.98,Lean Rent,8833,1.51,941170,1.9,6.6,5.21,4.02,35.21,2026-07-31,2026-07-31
Osprey,FL,"North Port-Sarasota-Bradenton, FL",Sarasota County,656833.3154731357,-4.13,2511.75,NA,30141,0.382,21.8,4.59,2.98,Lean Rent,NA,NA,476604,9.25,17.16,21.04,7.8,23.66,2026-07-31,2026-07-31
Oracle,AZ,"Phoenix-Mesa-Chandler, AZ",Pinal County,522887.8971090321,1.43,2000,NA,24000,0.382,21.8,4.59,2.98,Lean Rent,NA,NA,NA,NA,NA,NA,NA,NA,2026-07-31,2026-07-31
Newport,MN,"Minneapolis-St. Paul-Bloomington, MN-WI",Washington County,345473.6589152294,2.5,1320.1666666666667,NA,15842,0.382,21.8,4.59,2.98,Lean Rent,NA,NA,NA,NA,NA,NA,NA,NA,2026-07-31,2026-07-31
Frisco,CO,"Breckenridge, CO",Summit County,986511.9238691228,2.21,3770.222222222222,NA,45242.666666666664,0.382,21.8,4.59,2.98,Lean Rent,2732,-6.5,30882,-1.14,-3.89,61.23,39.16,30.78,2026-07-31,2026-07-31
Cumming,GA,"Atlanta-Sandy Springs-Alpharetta, GA",Forsyth County,600402.6108531343,-2.5,2289.6116217116214,-0.21,27475.339460539457,0.381,21.9,4.58,2.97,Lean Rent,10175,38.27,280096,10.75,17.09,4.25,7.47,15.03,2026-07-31,2026-07-31
Charlottesville,VA,"Charlottesville, VA",Albemarle County,522903.1323829475,0.8,1992.3665414740624,0.61,23908.398497688748,0.381,21.9,4.57,2.97,Lean Rent,44767,-3.59,117313,4.22,12.53,6.82,2.72,34.05,2026-07-31,2026-07-31
Jurupa Valley,CA,"Riverside-San Bernardino-Ontario, CA",Riverside County,678443.9766313754,1.09,2585.1714285714284,1.67,31022.057142857142,0.381,21.9,4.57,2.97,Lean Rent,108154,2.66,2529933,4.34,7.33,11.37,4.89,31.14,2026-07-31,2026-07-31
Annapolis,MD,"Baltimore-Columbia-Towson, MD",Anne Arundel County,627428.88412384,2.2,2385.7985795454547,2.63,28629.582954545454,0.38,21.9,4.56,2.97,Lean Rent,40689,-0.41,602350,1.51,0.69,4.79,5.5,25.04,2026-07-31,2026-07-31
Loveland,CO,"Fort Collins, CO",Larimer County,501662.04417554446,-1.11,1910.2719017094016,2.4,22923.26282051282,0.381,21.9,4.57,2.97,Lean Rent,81102,6.19,374574,4.07,7.03,6.37,3.02,35.68,2026-07-31,2026-07-31
Weatherford,TX,"Dallas-Fort Worth-Arlington, TX",Parker County,397734.0081680237,0.21,1513.9614262371615,3.57,18167.537114845938,0.381,21.9,4.57,2.97,Lean Rent,39397,26.36,179707,20.16,32.26,7.74,10.08,17.92,2026-07-31,2026-07-31
Elmhurst,IL,"Chicago-Naperville-Elgin, IL-IN-WI",DuPage County,647169.25701694,8.14,2467.6447368421054,2.56,29611.736842105267,0.381,21.9,4.58,2.97,Lean Rent,46108,0.83,937142,0.6,5.3,4.53,5.6,26.87,2026-07-31,2026-07-31
Plymouth,MI,"Detroit-Warren-Dearborn, MI",Wayne County,486955.3517881963,4.31,1851.3809523809523,2.67,22216.571428571428,0.38,21.9,4.56,2.97,Lean Rent,9185,-1.59,1771063,-1.04,3.75,12.9,4.58,35.52,2026-07-31,2026-07-31
Trussville,AL,"Birmingham-Hoover, AL",Jefferson County,401735.0449721068,3.45,1530.7527777777775,2.46,18369.03333333333,0.381,21.9,4.57,2.97,Lean Rent,27079,3.34,664744,-1.48,0.68,13.13,7.2,36.28,2026-07-31,2026-07-31
Menasha,WI,"Oshkosh-Neenah, WI",Winnebago County,319503.7217701434,5.49,1215.388888888889,12.11,14584.666666666668,0.38,21.9,4.56,2.97,Lean Rent,18433,0.85,173307,0.88,7.15,6.27,4.7,34.21,2026-07-31,2026-07-31
Burlington,MA,"Boston-Cambridge-Newton, MA-NH",Middlesex County,890658.7286084592,1.56,3388.060439560439,1.96,40656.72527472527,0.38,21.9,4.56,2.97,Lean Rent,NA,NA,1668956,2.54,11.63,4.52,2.96,38.37,2026-07-31,2026-07-31
Penfield,NY,"Rochester, NY",Monroe County,405595.66356207646,5.4,1542.861111111111,NA,18514.333333333332,0.38,21.9,4.56,2.97,Lean Rent,NA,NA,752202,-0.73,1.18,6.27,5.62,36.48,2026-07-31,2026-07-31
Selah,WA,"Yakima, WA",Yakima County,444778.622637569,1.08,1695,6.63,20340,0.381,21.9,4.57,2.97,Lean Rent,8653,5.67,258523,0.7,1.67,5.41,2.76,37.58,2026-07-31,2026-07-31
Fairhaven,MA,"Providence-Warwick, RI-MA",Bristol County,512946.864656573,2.8,1950,NA,23400,0.38,21.9,4.56,2.97,Lean Rent,NA,NA,NA,NA,NA,NA,NA,NA,2026-07-31,2026-07-31
Barrington,RI,"Providence-Warwick, RI-MA",Bristol County,801571.9610921983,2.69,3052.222222222222,NA,36626.666666666664,0.381,21.9,4.57,2.97,Lean Rent,NA,NA,NA,NA,NA,NA,NA,NA,2026-07-31,2026-07-31
Sumner,WA,"Seattle-Tacoma-Bellevue, WA",Pierce County,597314.4671258018,0.86,2272.2265512265512,5.24,27266.718614718615,0.38,21.9,4.56,2.97,Lean Rent,10885,2.1,941170,1.9,6.6,5.21,4.02,35.21,2026-07-31,2026-07-31
El Sobrante,CA,"San Francisco-Oakland-Berkeley, CA",Contra Costa County,679054.8243482136,-2.46,2581.6666666666665,NA,30980,0.38,21.9,4.56,2.97,Lean Rent,NA,NA,1172607,0.55,6.48,3.5,2.91,32.35,2026-07-31,2026-07-31
Sleepy Hollow,NY,"New York-Newark-Jersey City, NY-NJ-PA",Westchester County,1044090.8644689408,9.46,3979.944444444444,2.47,47759.33333333333,0.381,21.9,4.57,2.97,Lean Rent,11427,14.65,1006447,0.5,6.23,5.51,2.35,37.8,2026-07-31,2026-07-31
Black Diamond,WA,"Seattle-Tacoma-Bellevue, WA",King County,764109.3905783066,-2.62,2909.8333333333335,3.31,34918,0.381,21.9,4.57,2.97,Lean Rent,6787,40.05,2340211,2.9,15.35,6.12,5.05,43.91,2026-07-31,2026-07-31
Cedar Hills,UT,"Provo-Orem, UT",Utah County,670794.417605896,2.34,2550,NA,30600,0.38,21.9,4.56,2.97,Lean Rent,NA,NA,NA,NA,NA,NA,NA,NA,2026-07-31,2026-07-31
Madison,AL,"Huntsville, AL",Limestone County,378796.53348801465,0.85,1437.3924360663489,0.94,17248.709232796187,0.379,22,4.55,2.96,Lean Rent,64029,11.72,118942,14.14,33.45,7.97,6.79,22.5,2026-07-31,2026-07-31
Rochester Hills,MI,"Detroit-Warren-Dearborn, MI",Oakland County,476673.1829183652,3.57,1811.9246031746031,0.94,21743.095238095237,0.38,21.9,4.56,2.96,Lean Rent,78330,2.87,1296888,1.91,10.58,5.25,6.51,27.73,2026-07-31,2026-07-31
Baldwin Park,CA,"Los Angeles-Long Beach-Anaheim, CA",Los Angeles County,722277.7860503495,1.15,2743.888888888889,NA,32926.66666666667,0.38,21.9,4.56,2.96,Lean Rent,69247,-3.78,9757179,-2.4,0.03,6.45,4.01,53.92,2026-07-31,2026-07-31
Lehi,UT,"Provo-Orem, UT",Utah County,573898.3437067269,1.68,2180.644708994709,0.78,26167.73650793651,0.38,21.9,4.56,2.96,Lean Rent,93446,21.57,747234,12.6,17.51,3.79,2.69,31.87,2026-07-31,2026-07-31
Hollister,CA,"San Jose-Sunnyvale-Santa Clara, CA",San Benito County,767301.1518582614,-1.27,2910.654761904762,6.64,34927.857142857145,0.379,22,4.55,2.96,Lean Rent,45033,7.52,69159,7.17,6.85,3.58,0.48,32.57,2026-07-31,2026-07-31
Clarkston,MI,"Detroit-Warren-Dearborn, MI",Oakland County,435700.5500430665,3.32,1656.1686507936508,2.13,19874.02380952381,0.38,21.9,4.56,2.96,Lean Rent,NA,NA,1296888,1.91,10.58,5.25,6.51,27.73,2026-07-31,2026-07-31
Atwater,CA,"Merced, CA",Merced County,425295.19044627226,0.54,1615.2777777777776,NA,19383.333333333332,0.38,21.9,4.56,2.96,Lean Rent,32248,0.97,296774,4.88,2.88,5.59,2.8,46.7,2026-07-31,2026-07-31
Oakdale,CA,"Modesto, CA",Stanislaus County,558603.1820156217,0.9,2120.1666666666665,-1.72,25442,0.38,22,4.55,2.96,Lean Rent,23209,0,556972,0.59,2.04,4.22,2.75,39,2026-07-31,2026-07-31
Miami Lakes,FL,"Miami-Fort Lauderdale-Pompano Beach, FL",Miami-Dade County,654423.9372790573,0.14,2480.7965240641715,2.59,29769.55828877006,0.379,22,4.55,2.96,Lean Rent,33247,9.22,2838461,5.29,19.88,11.11,5.36,47.81,2026-07-31,2026-07-31
Basking Ridge,NJ,"New York-Newark-Jersey City, NY-NJ-PA",Somerset County,957898.7474823088,4.8,3639.722222222222,NA,43676.666666666664,0.38,21.9,4.56,2.96,Lean Rent,NA,NA,357467,3.68,12.99,2.54,1.98,25.53,2026-07-31,2026-07-31
Prineville,OR,"Prineville, OR",Crook County,433013.91091135674,0.55,1641.4444444444443,1.42,19697.333333333332,0.379,22,4.55,2.96,Lean Rent,NA,NA,NA,NA,NA,NA,NA,NA,2026-07-31,2026-07-31
New Canaan,CT,"Bridgeport-Stamford-Norwalk, CT",Fairfield County,2233643.845154134,12.13,8475.833333333334,NA,101710,0.379,22,4.55,2.96,Lean Rent,NA,NA,NA,NA,NA,NA,NA,NA,2026-07-31,2026-07-31
Yardley,PA,"Philadelphia-Camden-Wilmington, PA-NJ-DE-MD",Bucks County,704217.1719780322,4.11,2675.1666666666665,1.57,32102,0.38,21.9,4.56,2.96,Lean Rent,2591,-0.46,650131,0.61,4.89,3.41,3.04,21.99,2026-07-31,2026-07-31
Nevada City,CA,"Truckee-Grass Valley, CA",Nevada County,568133.1642747364,-0.66,2153.611111111111,NA,25843.33333333333,0.379,22,4.55,2.96,Lean Rent,3195,1.36,102195,-0.07,4.94,22.43,3.91,25.56,2026-07-31,2026-07-31
Foxborough,MA,"Boston-Cambridge-Newton, MA-NH",Norfolk County,724874.7944975592,1.11,2753.571428571429,NA,33042.857142857145,0.38,21.9,4.56,2.96,Lean Rent,NA,NA,740754,2.35,9.81,4.09,3.95,31.48,2026-07-31,2026-07-31
Richland,WA,"Kennewick-Richland, WA",Benton County,470131.44540666224,0.16,1776.7535185185186,-0.05,21321.042222222222,0.378,22.1,4.54,2.95,Lean Rent,64372,5.72,218190,5.19,10.36,6.23,5.79,31.5,2026-07-31,2026-07-31
Minnetonka,MN,"Minneapolis-St. Paul-Bloomington, MN-WI",Hennepin County,493095.754249308,3.26,1866.9391013824888,4.42,22403.269216589866,0.379,22,4.54,2.95,Lean Rent,52651,-2.69,1273334,-0.65,4.24,5.29,5.38,37.05,2026-07-31,2026-07-31
Watertown,MA,"Boston-Cambridge-Newton, MA-NH",Middlesex County,837708.2526383415,1.25,3168.3151195962255,1.37,38019.781435154706,0.378,22,4.54,2.95,Lean Rent,35985,1.74,1668956,2.54,11.63,4.52,2.96,38.37,2026-07-31,2026-07-31
Poulsbo,WA,"Bremerton-Silverdale-Port Orchard, WA",Kitsap County,675870.9067368676,0.85,2556.0695970695974,3.32,30672.835164835167,0.378,22,4.54,2.95,Lean Rent,12562,4.9,281420,2.03,11.34,6.99,3.99,29.85,2026-07-31,2026-07-31
South Lake Tahoe,CA,"Sacramento-Roseville-Folsom, CA",El Dorado County,667953.0326584972,0.5,2523.1965811965815,4.58,30278.358974358976,0.378,22.1,4.53,2.95,Lean Rent,21225,-0.37,192823,0.82,3.5,19.67,6.98,23.61,2026-07-31,2026-07-31
Highland Park,IL,"Chicago-Naperville-Elgin, IL-IN-WI",Lake County,802429.8685278638,8.07,3033.9166666666665,7.39,36407,0.378,22,4.54,2.95,Lean Rent,30794,2.11,718604,0.73,3.75,4.97,4.19,25.6,2026-07-31,2026-07-31
Ashland,OR,"Medford, OR",Jackson County,559336.4203372486,2,2116.8009259259256,2.33,25401.61111111111,0.378,22,4.54,2.95,Lean Rent,20935,-1.97,221331,-1.08,2.88,6.6,3.86,35.02,2026-07-31,2026-07-31
Kelso,WA,"Longview, WA",Cowlitz County,392154.361173399,-0.04,1485.2777777777776,6.24,17823.333333333332,0.379,22,4.54,2.95,Lean Rent,12737,0.04,113982,2.67,8.67,5.39,2.32,33.85,2026-07-31,2026-07-31
Byron Center,MI,"Grand Rapids-Kentwood, MI",Kent County,466011.1195386655,4.87,1760.8333333333333,NA,21130,0.378,22.1,4.53,2.95,Lean Rent,NA,NA,NA,NA,NA,NA,NA,NA,2026-07-31,2026-07-31
Springfield,NJ,"New York-Newark-Jersey City, NY-NJ-PA",Union County,720370.6854971383,0.29,2727.4841269841268,NA,32729.80952380952,0.379,22,4.54,2.95,Lean Rent,NA,NA,594160,3.57,15.84,4.55,3.18,42.39,2026-07-31,2026-07-31
Grafton,WI,"Milwaukee-Waukesha, WI",Ozaukee County,463841.3660227589,5.85,1754.7222222222224,NA,21056.666666666668,0.378,22,4.54,2.95,Lean Rent,12741,5.41,93956,2.54,4.53,4.18,2.49,27.22,2026-07-31,2026-07-31
Freeport,ME,"Portland-South Portland, ME",Cumberland County,703479.7795526065,2.9,2657.777777777778,NA,31893.333333333336,0.378,22.1,4.53,2.95,Lean Rent,NA,NA,NA,NA,NA,NA,NA,NA,2026-07-31,2026-07-31
Castroville,TX,"San Antonio-New Braunfels, TX",Medina County,429698.68838646234,-2.78,1625,NA,19500,0.378,22,4.54,2.95,Lean Rent,NA,NA,NA,NA,NA,NA,NA,NA,2026-07-31,2026-07-31
Idyllwild,CA,"Riverside-San Bernardino-Ontario, CA",Riverside County,471053.9516651537,-3.23,1781.1111111111113,NA,21373.333333333336,0.378,22,4.54,2.95,Lean Rent,NA,NA,NA,NA,NA,NA,NA,NA,2026-07-31,2026-07-31
Woodmere,OH,"Cleveland-Elyria, OH",Cuyahoga County,347160.6540594212,4.88,1312,NA,15744,0.378,22.1,4.54,2.95,Lean Rent,NA,NA,NA,NA,NA,NA,NA,NA,2026-07-31,2026-07-31
Spokane,WA,"Spokane-Spokane Valley, WA",Spokane County,401823.63602443336,-0.38,1513.2804610882074,2.99,18159.365533058488,0.377,22.1,4.52,2.94,Lean Rent,230609,0.61,555947,2.73,4.76,5.38,3.55,36.11,2026-07-31,2026-07-31
Duluth,GA,"Atlanta-Sandy Springs-Alpharetta, GA",Gwinnett County,444232.9236770289,-2.65,1672.3095152209587,0.96,20067.714182651504,0.376,22.1,4.52,2.94,Lean Rent,33157,3.76,1003869,4.75,5.96,3.94,4.99,33.31,2026-07-31,2026-07-31
Ames,IA,"Ames, IA",Story County,306337.0653318984,2.73,1153.1875,2.33,13838.25,0.376,22.1,4.52,2.94,Lean Rent,69026,3.81,102498,3.9,7.35,7.05,6.39,44.02,2026-07-31,2026-07-31
La Crosse,WI,"La Crosse-Onalaska, WI-MN",La Crosse County,288611.8138158434,4.4,1088.8059640522877,3.31,13065.671568627451,0.377,22.1,4.53,2.94,Lean Rent,51049,-3.06,121060,0.1,2.94,5.06,3.75,37.51,2026-07-31,2026-07-31
Mount Juliet,TN,"Nashville-Davidson--Murfreesboro--Franklin, TN",Wilson County,566512.5861196909,0.18,2132.0022555926334,2.78,25584.0270671116,0.376,22.1,4.52,2.94,Lean Rent,44066,11.03,169948,14.33,30.62,7.16,7.44,23.17,2026-07-31,2026-07-31
Goshen,IN,"Elkhart-Goshen, IN",Elkhart County,283500.4807247202,5.25,1067.5,4.64,12810,0.377,22.1,4.52,2.94,Lean Rent,34458,-0.14,207436,0.21,-2.63,10.41,12.12,28.75,2026-07-31,2026-07-31
Lockport,NY,"Buffalo-Cheektowaga, NY",Niagara County,274351.4541580832,6.25,1035.5777777777778,5.8,12426.933333333334,0.377,22.1,4.53,2.94,Lean Rent,20394,-2.09,209570,-1.21,2.67,8.81,4.61,29.1,2026-07-31,2026-07-31
La Mirada,CA,"Los Angeles-Long Beach-Anaheim, CA",Los Angeles County,891525.1991575962,2.2,3356.555555555555,1.87,40278.666666666664,0.376,22.1,4.52,2.94,Lean Rent,46367,-4.47,9757179,-2.4,0.03,6.45,4.01,53.92,2026-07-31,2026-07-31
Franklin Square,NY,"New York-Newark-Jersey City, NY-NJ-PA",Nassau County,822760.1282160566,4.67,3100,NA,37200,0.377,22.1,4.52,2.94,Lean Rent,NA,NA,NA,NA,NA,NA,NA,NA,2026-07-31,2026-07-31
Kirkwood,MO,"St. Louis, MO-IL",Saint Louis County,469452.26928116934,3.57,1767.8525641025642,3.64,21214.23076923077,0.377,22.1,4.52,2.94,Lean Rent,29348,-0.37,NA,NA,NA,NA,NA,NA,2026-07-31,2026-07-31
Onalaska,WI,"La Crosse-Onalaska, WI-MN",La Crosse County,372566.26146380533,3.59,1406.25,3.09,16875,0.377,22.1,4.53,2.94,Lean Rent,19898,5.46,121060,0.1,2.94,5.06,3.75,37.51,2026-07-31,2026-07-31
Prospect,KY,"Louisville/Jefferson County, KY-IN",Oldham County,632322.2840116933,3.57,2382.2825396825397,4.43,28587.390476190478,0.377,22.1,4.52,2.94,Lean Rent,4696,2.22,70525,4.18,2.31,4.49,7.35,11.95,2026-07-31,2026-07-31
Sappington,MO,"St. Louis, MO-IL",Saint Louis County,366130.08649509546,2.96,1379.4444444444443,4.96,16553.333333333332,0.377,22.1,4.52,2.94,Lean Rent,NA,NA,NA,NA,NA,NA,NA,NA,2026-07-31,2026-07-31
Petoskey,MI,NA,Emmet County,478191.02875814703,7,1800,NA,21600,0.376,22.1,4.52,2.94,Lean Rent,NA,NA,NA,NA,NA,NA,NA,NA,2026-07-31,2026-07-31
Plain City,OH,"Columbus, OH",Madison County,543358.4140090212,0.71,2045.1666666666667,-4.02,24542,0.376,22.1,4.52,2.94,Lean Rent,4374,5.37,45531,3.81,18.95,6.11,5.67,24.05,2026-07-31,2026-07-31
Cheverly,MD,"Washington-Arlington-Alexandria, DC-VA-MD-WV",Prince Georges County,469381.3757200293,-2.96,1768.3888888888887,NA,21220.666666666664,0.377,22.1,4.52,2.94,Lean Rent,NA,NA,NA,NA,NA,NA,NA,NA,2026-07-31,2026-07-31
Moriches,NY,"New York-Newark-Jersey City, NY-NJ-PA",Suffolk County,639234.4950614291,4.31,2407.3333333333335,1.57,28888,0.377,22.1,4.52,2.94,Lean Rent,NA,NA,1535909,0.9,2.22,11.64,3.67,18.09,2026-07-31,2026-07-31
Riverside,CA,"Riverside-San Bernardino-Ontario, CA",Riverside County,650288.5774848498,-0.07,2441.4589114620853,1.93,29297.506937545026,0.375,22.2,4.51,2.93,Lean Rent,323757,2.61,2529933,4.34,7.33,11.37,4.89,31.14,2026-07-31,2026-07-31
Madison,WI,"Madison, WI",Dane County,432061.31157527416,2.27,1621.2705612474845,2.12,19455.246734969813,0.375,22.2,4.5,2.93,Lean Rent,285300,3.79,588347,4.57,11.72,3.59,2.98,42.34,2026-07-31,2026-07-31
McKinney,TX,"Dallas-Fort Worth-Arlington, TX",Collin County,480264.84661716333,-6.11,1805.597556962768,-1.85,21667.170683553217,0.376,22.2,4.51,2.93,Lean Rent,227526,15.2,1254658,16.64,31.61,5.16,6.55,35.92,2026-07-31,2026-07-31
Hillsboro,OR,"Portland-Vancouver-Hillsboro, OR-WA",Washington County,518047.05955774983,-2.97,1945.624319264806,-2.07,23347.49183117767,0.376,22.2,4.51,2.93,Lean Rent,110337,3.04,611272,1.7,7.45,3.35,3.82,39.13,2026-07-31,2026-07-31
Highlands Ranch,CO,"Denver-Aurora-Lakewood, CO",Douglas County,701240.6229907916,-2.38,2634.5711843711847,0.58,31614.854212454215,0.376,22.2,4.51,2.93,Lean Rent,NA,NA,393995,9.34,17.82,3.14,4.54,22.23,2026-07-31,2026-07-31
Shelby Township,MI,"Detroit-Warren-Dearborn, MI",Macomb County,413819.0894605617,2.53,1555.3799533799536,4.21,18664.559440559442,0.376,22.2,4.51,2.93,Lean Rent,NA,NA,886175,0.67,8.17,4.12,3.23,25.04,2026-07-31,2026-07-31
Castle Rock,CO,"Denver-Aurora-Lakewood, CO",Douglas County,666241.5949823299,-1.55,2502.645547347675,1.59,30031.7465681721,0.376,22.2,4.51,2.93,Lean Rent,83213,12.62,393995,9.34,17.82,3.14,4.54,22.23,2026-07-31,2026-07-31
Saratoga Springs,NY,"Albany-Schenectady-Troy, NY",Saratoga County,664057.9553817274,6.55,2493.5789473684213,6.53,29922.947368421053,0.376,22.2,4.51,2.93,Lean Rent,28741,0.67,240360,1.93,6.74,10.16,5.99,27.83,2026-07-31,2026-07-31
Roseville,MN,"Minneapolis-St. Paul-Bloomington, MN-WI",Ramsey County,383912.0551780279,3.13,1440.8636363636365,2.25,17290.36363636364,0.375,22.2,4.5,2.93,Lean Rent,35637,-1.62,542015,-1.76,3.41,5.41,6.16,38.97,2026-07-31,2026-07-31
Batavia,IL,"Chicago-Naperville-Elgin, IL-IN-WI",Kane County,472001.38651143486,5.06,1773.75,NA,21285,0.376,22.2,4.51,2.93,Lean Rent,NA,NA,NA,NA,NA,NA,NA,NA,2026-07-31,2026-07-31
Westchase,FL,"Tampa-St. Petersburg-Clearwater, FL",Hillsborough County,556553.9404238235,-1.6,2088.6940326340323,-4.06,25064.32839160839,0.375,22.2,4.5,2.93,Lean Rent,NA,NA,1581426,7.85,12.2,7.8,6.74,38.94,2026-07-31,2026-07-31
Wexford,PA,"Pittsburgh, PA",Allegheny County,562590.3369753795,2.74,2112.611363636364,4.14,25351.336363636365,0.376,22.2,4.51,2.93,Lean Rent,NA,NA,1231814,-1.43,2.72,9.6,6.37,35.07,2026-07-31,2026-07-31
Pearl River,NY,"New York-Newark-Jersey City, NY-NJ-PA",Rockland County,728677.6815157849,6.01,2733.3333333333335,NA,32800,0.375,22.2,4.5,2.93,Lean Rent,NA,NA,NA,NA,NA,NA,NA,NA,2026-07-31,2026-07-31
Ammon,ID,"Idaho Falls, ID",Bonneville County,422828.3022973286,1.17,1587.875,3.75,19054.5,0.376,22.2,4.51,2.93,Lean Rent,20095,12.41,133644,7.14,10.04,6.56,4.3,28.39,2026-07-31,2026-07-31
Stoughton,WI,"Madison, WI",Dane County,438358.41376193333,4.23,1644.1666666666667,NA,19730,0.375,22.2,4.5,2.93,Lean Rent,13134,-0.22,588347,4.57,11.72,3.59,2.98,42.34,2026-07-31,2026-07-31
Sheridan,CO,"Denver-Aurora-Lakewood, CO",Arapahoe County,429614.7075219873,-4.34,1615.2222222222224,-4.46,19382.666666666668,0.376,22.2,4.51,2.93,Lean Rent,5932,-2.82,666918,1.77,3.13,4.55,5.64,34.88,2026-07-31,2026-07-31
Oakland,CA,"San Francisco-Oakland-Berkeley, CA",Alameda County,717797.9577986727,-2.7,2690.7389717561346,8.79,32288.867661073615,0.375,22.2,4.5,2.92,Lean Rent,443554,0.58,1649060,-1.88,3.29,5.96,5.26,45.93,2026-07-31,2026-07-31
Eugene,OR,"Eugene-Springfield, OR",Lane County,482061.6313711849,0.43,1807.6388878501175,2.54,21691.66665420141,0.375,22.2,4.5,2.92,Lean Rent,178786,0.2,382396,-0.47,4.1,5.23,2.88,40.62,2026-07-31,2026-07-31
Plymouth,MN,"Minneapolis-St. Paul-Bloomington, MN-WI",Hennepin County,516680.24129299866,1.95,1931.7976797647689,2.61,23181.572157177226,0.374,22.3,4.49,2.92,Lean Rent,78551,-2.98,1273334,-0.65,4.24,5.29,5.38,37.05,2026-07-31,2026-07-31
Olympia,WA,"Olympia-Lacey-Tumwater, WA",Thurston County,536583.4341062367,-0.17,2008.4607751937983,2.47,24101.52930232558,0.374,22.3,4.49,2.92,Lean Rent,56271,1.19,302912,2.33,10.68,5,3.8,32.24,2026-07-31,2026-07-31
Lebanon,TN,"Nashville-Davidson--Murfreesboro--Franklin, TN",Wilson County,449952.3133021682,1.12,1685.2880501443003,2.5,20223.456601731603,0.375,22.2,4.49,2.92,Lean Rent,51501,32.41,169948,14.33,30.62,7.16,7.44,23.17,2026-07-31,2026-07-31
Port Orchard,WA,"Bremerton-Silverdale-Port Orchard, WA",Kitsap County,565709.0169944618,1.89,2116.9511904761907,3.84,25403.414285714287,0.374,22.3,4.49,2.92,Lean Rent,19122,22.35,281420,2.03,11.34,6.99,3.99,29.85,2026-07-31,2026-07-31
Lompoc,CA,"Santa Maria-Santa Barbara, CA",Santa Barbara County,597834.6155067378,3.42,2239.895078605605,5.16,26878.740943267258,0.375,22.2,4.5,2.92,Lean Rent,43594,-1.36,444500,-0.8,-2.53,6.76,3.08,47.13,2026-07-31,2026-07-31
Mount Vernon,WA,"Mount Vernon-Anacortes, WA",Skagit County,592945.1717616756,1.49,2216.944444444445,4.09,26603.333333333336,0.374,22.3,4.49,2.92,Lean Rent,35344,0.09,132736,2.18,8.04,8.77,1.09,29.36,2026-07-31,2026-07-31
Huntington,NY,"New York-Newark-Jersey City, NY-NJ-PA",Suffolk County,887346.9263740582,2.01,3321,-0.15,39852,0.374,22.3,4.49,2.92,Lean Rent,NA,NA,1535909,0.9,2.22,11.64,3.67,18.09,2026-07-31,2026-07-31
Magna,UT,"Salt Lake City, UT",Salt Lake County,444492.17067633267,0.6,1663.9025641025644,NA,19966.83076923077,0.374,22.3,4.49,2.92,Lean Rent,NA,NA,1216274,2.46,7.39,5.36,5.82,33,2026-07-31,2026-07-31
Mount Kisco,NY,"New York-Newark-Jersey City, NY-NJ-PA",Westchester County,720481.5907890168,10.3,2695,NA,32340,0.374,22.3,4.49,2.92,Lean Rent,NA,NA,NA,NA,NA,NA,NA,NA,2026-07-31,2026-07-31
Henderson,NV,"Las Vegas-Henderson-Paradise, NV",Clark County,485484.09663954214,-2.54,1813.4268124551247,-0.05,21761.121749461498,0.374,22.3,4.48,2.91,Lean Rent,350039,9.85,2398871,5.4,16.64,9.46,7.1,42.95,2026-07-31,2026-07-31
Green Bay,WI,"Green Bay, WI",Brown County,289857.10145646235,5.61,1083.2016044384466,2.25,12998.41925326136,0.374,22.3,4.48,2.91,Lean Rent,106311,-0.92,273909,1.84,4.22,3.4,2.45,35.38,2026-07-31,2026-07-31
Gallatin,TN,"Nashville-Davidson--Murfreesboro--Franklin, TN",Sumner County,438485.9719883019,0.56,1635.271053662358,1.89,19623.252643948297,0.373,22.3,4.48,2.91,Lean Rent,52489,17.1,211721,7.24,14.08,5.74,5.01,27.78,2026-07-31,2026-07-31
Hacienda Heights,CA,"Los Angeles-Long Beach-Anaheim, CA",Los Angeles County,955266.0917422798,1.99,3568.055555555555,4.12,42816.666666666664,0.374,22.3,4.48,2.91,Lean Rent,NA,NA,9757179,-2.4,0.03,6.45,4.01,53.92,2026-07-31,2026-07-31
Fort Washington,MD,"Washington-Arlington-Alexandria, DC-VA-MD-WV",Prince Georges County,454921.9935531584,-0.52,1694.9727272727275,2.28,20339.67272727273,0.373,22.4,4.47,2.91,Lean Rent,NA,NA,NA,NA,NA,NA,NA,NA,2026-07-31,2026-07-31
Riverton,UT,"Salt Lake City, UT",Salt Lake County,626563.9501537093,1.17,2337.1132478632476,4.05,28045.35897435897,0.373,22.3,4.48,2.91,Lean Rent,46680,3.06,1216274,2.46,7.39,5.36,5.82,33,2026-07-31,2026-07-31
Chelmsford,MA,"Boston-Cambridge-Newton, MA-NH",Middlesex County,693611.4459546515,1.08,2589.5843045843044,0.7,31075.01165501165,0.373,22.3,4.48,2.91,Lean Rent,NA,NA,1668956,2.54,11.63,4.52,2.96,38.37,2026-07-31,2026-07-31
Hilton Head Island,SC,"Hilton Head Island-Bluffton, SC",Beaufort County,786417.362154761,3.32,2937.7761904761905,3.72,35253.31428571429,0.374,22.3,4.48,2.91,Lean Rent,38158,1.52,201775,7.42,14.95,22.12,17.97,24.27,2026-07-31,2026-07-31
Sonora,CA,"Sonora, CA",Tuolumne County,410036.47704168566,-2.1,1527.5,NA,18330,0.373,22.4,4.47,2.91,Lean Rent,NA,NA,NA,NA,NA,NA,NA,NA,2026-07-31,2026-07-31
Menomonie,WI,"Menomonie, WI",Dunn County,311615.85232539964,2.84,1161.5425084175083,3.86,13938.510101010099,0.373,22.4,4.47,2.91,Lean Rent,16709,-0.9,46135,1.5,4.92,7.67,4.01,33.48,2026-07-31,2026-07-31
Tumwater,WA,"Olympia-Lacey-Tumwater, WA",Thurston County,529264.4972791121,0.86,1974.529034690799,1.46,23694.34841628959,0.373,22.3,4.48,2.91,Lean Rent,27826,6.44,302912,2.33,10.68,5,3.8,32.24,2026-07-31,2026-07-31
North Ogden,UT,"Ogden-Clearfield, UT",Weber County,531389.1461042289,1.65,1980.8333333333333,NA,23770,0.373,22.4,4.47,2.91,Lean Rent,NA,NA,NA,NA,NA,NA,NA,NA,2026-07-31,2026-07-31
Milford,NH,"Manchester-Nashua, NH",Hillsborough County,521511.2210218489,2.25,1943.9444444444443,NA,23327.333333333332,0.373,22.4,4.47,2.91,Lean Rent,NA,NA,NA,NA,NA,NA,NA,NA,2026-07-31,2026-07-31
Garden Home-Whitford,OR,"Portland-Vancouver-Hillsboro, OR-WA",Washington County,636818.5643998301,-0.92,2373.3333333333335,0.6,28480,0.373,22.4,4.47,2.91,Lean Rent,NA,NA,611272,1.7,7.45,3.35,3.82,39.13,2026-07-31,2026-07-31
Bonsall,CA,"San Diego-Chula Vista-Carlsbad, CA",San Diego County,1022486.1714854464,-0.73,3815.833333333333,NA,45790,0.373,22.3,4.48,2.91,Lean Rent,NA,NA,NA,NA,NA,NA,NA,NA,2026-07-31,2026-07-31
Glendale,AZ,"Phoenix-Mesa-Chandler, AZ",Maricopa County,405788.69459352485,-1.66,1510.8679440098506,0.09,18130.415328118208,0.372,22.4,4.47,2.9,Lean Rent,258143,3.7,4673096,5.12,9.38,8.29,5.4,34.99,2026-07-31,2026-07-31
Richardson,TX,"Dallas-Fort Worth-Arlington, TX",Dallas County,445039.9403702439,-0.24,1656.79867758741,-0.33,19881.58413104892,0.372,22.4,4.47,2.9,Lean Rent,118221,-0.91,2656028,1.73,0.15,7.76,8.95,49.22,2026-07-31,2026-07-31
Johns Creek,GA,"Atlanta-Sandy Springs-Alpharetta, GA",Fulton County,704499.6322156815,0.54,2617.719152078908,1.16,31412.629824946896,0.372,22.4,4.46,2.9,Lean Rent,81167,-1.72,1090354,1.97,1.33,8.52,7.69,45.86,2026-07-31,2026-07-31
Somerville,MA,"Boston-Cambridge-Newton, MA-NH",Middlesex County,940435.6131284916,0.42,3496.507418082402,4.22,41958.08901698883,0.372,22.4,4.46,2.9,Lean Rent,82149,1.54,1668956,2.54,11.63,4.52,2.96,38.37,2026-07-31,2026-07-31
Yucaipa,CA,"Riverside-San Bernardino-Ontario, CA",San Bernardino County,575716.1703855539,1.62,2139.5767195767194,2.68,25674.920634920632,0.372,22.4,4.46,2.9,Lean Rent,54465,-0.26,2214281,1.41,1.68,9.55,3.22,38.46,2026-07-31,2026-07-31
Pahrump,NV,"Pahrump, NV",Nye County,373051.12707242393,1.14,1386.6011904761906,1.36,16639.214285714286,0.372,22.4,4.46,2.9,Lean Rent,NA,NA,55990,7.73,15.18,12.88,7.63,24.77,2026-07-31,2026-07-31
Woburn,MA,"Boston-Cambridge-Newton, MA-NH",Middlesex County,770728.9256021897,2.07,2870.159576125916,0.28,34441.91491351099,0.372,22.4,4.47,2.9,Lean Rent,43895,7.51,1668956,2.54,11.63,4.52,2.96,38.37,2026-07-31,2026-07-31
Glen Ellyn,IL,"Chicago-Naperville-Elgin, IL-IN-WI",DuPage County,584435.088431642,6.55,2172.6222222222223,NA,26071.466666666667,0.372,22.4,4.46,2.9,Lean Rent,NA,NA,NA,NA,NA,NA,NA,NA,2026-07-31,2026-07-31
Loma Linda,CA,"Riverside-San Bernardino-Ontario, CA",San Bernardino County,642340.9861299255,1.53,2390.637566137566,-1.18,28687.65079365079,0.372,22.4,4.47,2.9,Lean Rent,25197,1.12,2214281,1.41,1.68,9.55,3.22,38.46,2026-07-31,2026-07-31
Birmingham,MI,"Detroit-Warren-Dearborn, MI",Oakland County,755858.7066052718,6.41,2806.0707070707067,5.07,33672.84848484848,0.371,22.4,4.45,2.9,Lean Rent,22198,1.98,1296888,1.91,10.58,5.25,6.51,27.73,2026-07-31,2026-07-31
Exton,PA,"Philadelphia-Camden-Wilmington, PA-NJ-DE-MD",Chester County,628526.9196812363,2.38,2333.5228126677403,4.97,28002.273752012883,0.371,22.4,4.46,2.9,Lean Rent,NA,NA,560745,4.84,7.29,3.95,3.98,25.05,2026-07-31,2026-07-31
Point Pleasant,NJ,"New York-Newark-Jersey City, NY-NJ-PA",Ocean County,766063.6611928237,10.07,2847.222222222222,NA,34166.666666666664,0.372,22.4,4.46,2.9,Lean Rent,NA,NA,NA,NA,NA,NA,NA,NA,2026-07-31,2026-07-31
Tenafly,NJ,"New York-Newark-Jersey City, NY-NJ-PA",Bergen County,1337597.3478860897,8.99,4971.333333333333,NA,59656,0.372,22.4,4.46,2.9,Lean Rent,15455,0.7,978641,2.61,10.38,4.13,3.53,34.64,2026-07-31,2026-07-31
Nyack,NY,"New York-Newark-Jersey City, NY-NJ-PA",Rockland County,783987.877951392,6.68,2913.5416666666665,7.11,34962.5,0.372,22.4,4.46,2.9,Lean Rent,7369,1.82,348144,3.19,1.26,4.87,2.49,31.75,2026-07-31,2026-07-31
Rochester,MI,"Detroit-Warren-Dearborn, MI",Oakland County,499661.830695742,4.1,1855.0444444444445,6.6,22260.533333333333,0.371,22.4,4.46,2.9,Lean Rent,12978,-0.15,1296888,1.91,10.58,5.25,6.51,27.73,2026-07-31,2026-07-31
Estes Park,CO,"Fort Collins, CO",Larimer County,691908.4761031728,0.43,2572.5,NA,30870,0.372,22.4,4.46,2.9,Lean Rent,NA,NA,NA,NA,NA,NA,NA,NA,2026-07-31,2026-07-31
Fruitland,ID,"Ontario, OR-ID",Payette County,417108.3839307316,2.43,1550,NA,18600,0.372,22.4,4.46,2.9,Lean Rent,NA,NA,NA,NA,NA,NA,NA,NA,2026-07-31,2026-07-31
Oxnard,CA,"Oxnard-Thousand Oaks-Ventura, CA",Ventura County,771742.5880028983,0.5,2863.777777777778,1.71,34365.333333333336,0.371,22.5,4.45,2.89,Lean Rent,200616,-0.64,835427,-0.99,0.32,5.64,3.81,35.84,2026-07-31,2026-07-31
Yakima,WA,"Yakima, WA",Yakima County,367203.0250638807,1.07,1359.173099415205,3.54,16310.077192982459,0.37,22.5,4.44,2.89,Lean Rent,97390,0.32,258523,0.7,1.67,5.41,2.76,37.58,2026-07-31,2026-07-31
Spokane Valley,WA,"Spokane-Spokane Valley, WA",Spokane County,418233.7352179065,0.29,1549.2105347804602,1.02,18590.526417365523,0.37,22.5,4.45,2.89,Lean Rent,108267,4.46,555947,2.73,4.76,5.38,3.55,36.11,2026-07-31,2026-07-31
Passaic,NJ,"New York-Newark-Jersey City, NY-NJ-PA",Passaic County,560281.5464469088,1.92,2077.4333333333334,2.3,24929.2,0.371,22.5,4.45,2.89,Lean Rent,70722,0.57,526597,0.6,7.33,4.03,2.2,47.17,2026-07-31,2026-07-31
Lake Havasu City,AZ,"Lake Havasu City-Kingman, AZ",Mohave County,464324.75910284696,-0.21,1719.5477586206896,2.59,20634.573103448274,0.37,22.5,4.44,2.89,Lean Rent,59037,2.91,226479,5.75,21.83,18.98,2.42,26.37,2026-07-31,2026-07-31
Walla Walla,WA,"Walla Walla, WA",Walla Walla County,420895.33398198127,0.82,1558.6666666666667,2.02,18704,0.37,22.5,4.44,2.89,Lean Rent,33901,-1.09,62068,-0.9,8.18,7.25,6.15,34.06,2026-07-31,2026-07-31
Kearny,NJ,"New York-Newark-Jersey City, NY-NJ-PA",Hudson County,585157.4020457094,2.01,2167.6277777777777,3.46,26011.533333333333,0.37,22.5,4.45,2.89,Lean Rent,40866,-2.02,736185,1.98,14.43,6.78,4.46,68.82,2026-07-31,2026-07-31
Fernandina Beach,FL,"Jacksonville, FL",Nassau County,611410.9037185372,-1.09,2266.811188811189,5.68,27201.734265734267,0.371,22.5,4.45,2.89,Lean Rent,13672,4.45,104376,14.65,29.77,12.52,7.09,17.02,2026-07-31,2026-07-31
Sun Prairie,WI,"Madison, WI",Dane County,447924.91416974535,3.37,1658.9004884004887,3.57,19906.805860805864,0.37,22.5,4.44,2.89,Lean Rent,39253,9.01,588347,4.57,11.72,3.59,2.98,42.34,2026-07-31,2026-07-31
Stoneham,MA,"Boston-Cambridge-Newton, MA-NH",Middlesex County,816940.8025457923,2.69,3023.2058201058203,3.88,36278.46984126984,0.37,22.5,4.44,2.89,Lean Rent,NA,NA,1668956,2.54,11.63,4.52,2.96,38.37,2026-07-31,2026-07-31
Lake Elmo,MN,"Minneapolis-St. Paul-Bloomington, MN-WI",Washington County,638564.8912371559,2.57,2364.305555555555,NA,28371.666666666664,0.37,22.5,4.44,2.89,Lean Rent,NA,NA,NA,NA,NA,NA,NA,NA,2026-07-31,2026-07-31
Firestone,CO,"Greeley, CO",Weld County,574785.6725299502,-2.8,2130.5833333333335,34.35,25567,0.371,22.5,4.45,2.89,Lean Rent,NA,NA,NA,NA,NA,NA,NA,NA,2026-07-31,2026-07-31
Little Canada,MN,"Minneapolis-St. Paul-Bloomington, MN-WI",Ramsey County,369524.3823382142,1.63,1368.1216931216932,1.74,16417.460317460318,0.37,22.5,4.44,2.89,Lean Rent,10590,-1.89,542015,-1.76,3.41,5.41,6.16,38.97,2026-07-31,2026-07-31
Atlantic Beach,FL,"Jacksonville, FL",Duval County,714962.1021223882,0.52,2651.2428571428572,0.34,31814.914285714287,0.371,22.5,4.45,2.89,Lean Rent,13279,-1.59,1055159,5.75,12.67,9.15,6.97,41.93,2026-07-31,2026-07-31
Clarendon Hills,IL,"Chicago-Naperville-Elgin, IL-IN-WI",DuPage County,697430.4296032166,8.57,2585.3888888888887,NA,31024.666666666664,0.371,22.5,4.45,2.89,Lean Rent,8703,0.16,937142,0.6,5.3,4.53,5.6,26.87,2026-07-31,2026-07-31
Lake Lure,NC,"Forest City, NC",Rutherford County,455341.5792051962,0.96,1687.5,NA,20250,0.371,22.5,4.45,2.89,Lean Rent,NA,NA,NA,NA,NA,NA,NA,NA,2026-07-31,2026-07-31
Bloomfield Hills,MI,"Detroit-Warren-Dearborn, MI",Oakland County,680560.0260770051,4.67,2512,5.63,30144,0.369,22.6,4.43,2.88,Lean Rent,4444,-0.02,1296888,1.91,10.58,5.25,6.51,27.73,2026-07-31,2026-07-31
Eureka,CA,"Eureka-Arcata, CA",Humboldt County,412974.1056888353,-2,1526.074074074074,2.35,18312.888888888887,0.37,22.6,4.43,2.88,Lean Rent,25412,-4,132380,-2.89,-8.38,12.37,2.47,43.73,2026-07-31,2026-07-31
Hilo,HI,"Hilo, HI",Hawaii County,566432.2865393129,5.09,2088.266666666667,NA,25059.200000000004,0.369,22.6,4.42,2.88,Lean Rent,NA,NA,209790,4.5,9.9,18.74,10.31,26.9,2026-07-31,2026-07-31
Shelton,WA,"Shelton, WA",Mason County,430026.69471432414,-0.09,1590.111111111111,NA,19081.333333333332,0.37,22.5,4.44,2.88,Lean Rent,10737,2.88,69632,5.45,15.14,24.82,4.1,18.88,2026-07-31,2026-07-31
Lodi,NJ,"New York-Newark-Jersey City, NY-NJ-PA",Bergen County,635738.20755156,5.41,2348.5,5.47,28182,0.369,22.6,4.43,2.88,Lean Rent,26358,0.9,978641,2.61,10.38,4.13,3.53,34.64,2026-07-31,2026-07-31
Cranford,NJ,"New York-Newark-Jersey City, NY-NJ-PA",Union County,786338.7112234224,6.25,2899.404761904762,1.44,34792.857142857145,0.369,22.6,4.42,2.88,Lean Rent,NA,NA,594160,3.57,15.84,4.55,3.18,42.39,2026-07-31,2026-07-31
Portsmouth,NH,"Boston-Cambridge-Newton, MA-NH",Rockingham County,802762.9586649643,3.31,2965.9790598290597,0.3,35591.748717948714,0.369,22.6,4.43,2.88,Lean Rent,22938,4.31,322433,2.47,5.64,7.38,3.42,21.38,2026-07-31,2026-07-31
McKinleyville,CA,"Eureka-Arcata, CA",Humboldt County,480371.9501570984,-3.97,1773.611111111111,0.32,21283.333333333332,0.369,22.6,4.43,2.88,Lean Rent,NA,NA,132380,-2.89,-8.38,12.37,2.47,43.73,2026-07-31,2026-07-31
Fruita,CO,"Grand Junction, CO",Mesa County,487500.9524545553,2.75,1799.75,4.59,21597,0.369,22.6,4.43,2.88,Lean Rent,13912,3.64,161260,3.36,11.09,6.25,3.88,28.11,2026-07-31,2026-07-31
Northview,MI,"Grand Rapids-Kentwood, MI",Kent County,365505.5456316593,5.67,1347.788888888889,NA,16173.466666666667,0.369,22.6,4.42,2.88,Lean Rent,NA,NA,673002,2.2,7.09,4.57,4.07,29.64,2026-07-31,2026-07-31
Wrentham,MA,"Boston-Cambridge-Newton, MA-NH",Norfolk County,783055.1330527663,3.2,2896,NA,34752,0.37,22.5,4.44,2.88,Lean Rent,NA,NA,NA,NA,NA,NA,NA,NA,2026-07-31,2026-07-31
Lighthouse Point,FL,"Miami-Fort Lauderdale-Pompano Beach, FL",Broward County,771699.5979879139,0.62,2849.8888888888887,7.42,34198.666666666664,0.369,22.6,4.43,2.88,Lean Rent,10878,3.91,2037472,4.84,14.84,13.18,6.08,36.74,2026-07-31,2026-07-31
Bronxville,NY,"New York-Newark-Jersey City, NY-NJ-PA",Westchester County,1484463.9331792195,-4.36,5476.166666666666,NA,65714,0.369,22.6,4.43,2.88,Lean Rent,NA,NA,NA,NA,NA,NA,NA,NA,2026-07-31,2026-07-31
Aspinwall,PA,"Pittsburgh, PA",Allegheny County,409183.738567594,0.15,1509.7222222222224,NA,18116.666666666668,0.369,22.6,4.43,2.88,Lean Rent,NA,NA,NA,NA,NA,NA,NA,NA,2026-07-31,2026-07-31
Fraser,CO,NA,Grand County,787160.5190273725,-2.55,2905.555555555555,NA,34866.666666666664,0.369,22.6,4.43,2.88,Lean Rent,NA,NA,NA,NA,NA,NA,NA,NA,2026-07-31,2026-07-31
Rush City,MN,"Minneapolis-St. Paul-Bloomington, MN-WI",Chisago County,265466.83856591204,1.12,980,NA,11760,0.369,22.6,4.43,2.88,Lean Rent,NA,NA,NA,NA,NA,NA,NA,NA,2026-07-31,2026-07-31
Cedar Park,TX,"Austin-Round Rock-Georgetown, TX",Williamson County,470231.0997195968,-4.41,1727.7083255431517,0.12,20732.49990651782,0.367,22.7,4.41,2.87,Lean Rent,78380,0.44,727480,18.17,29.75,3.91,3.51,32.92,2026-07-31,2026-07-31
Middleborough,MA,"Boston-Cambridge-Newton, MA-NH",Plymouth County,576245.8743334819,3.94,2122.222222222222,NA,25466.666666666664,0.368,22.6,4.42,2.87,Lean Rent,NA,NA,542090,2.58,7.97,7.23,1.91,22.38,2026-07-31,2026-07-31
Grafton,MA,"Worcester, MA-CT",Worcester County,619012.1491210379,2.54,2274.444444444445,NA,27293.333333333336,0.367,22.7,4.41,2.87,Lean Rent,NA,NA,NA,NA,NA,NA,NA,NA,2026-07-31,2026-07-31
Lakeland,TN,"Memphis, TN-MS-AR",Shelby County,453699.0866758553,-1.36,1666.8833333333332,NA,20002.6,0.367,22.7,4.41,2.87,Lean Rent,14416,2.77,910530,-2.07,-7.65,10.56,7.81,45.42,2026-07-31,2026-07-31
Port Townsend,WA,NA,Jefferson County,644008.7707866494,0.16,2373.75,NA,28485,0.369,22.6,4.42,2.87,Lean Rent,NA,NA,NA,NA,NA,NA,NA,NA,2026-07-31,2026-07-31
Salado,TX,"Killeen-Temple, TX",Bell County,493376.6541777299,-1.32,1818.0833333333337,NA,21817.000000000004,0.368,22.6,4.42,2.87,Lean Rent,NA,NA,NA,NA,NA,NA,NA,NA,2026-07-31,2026-07-31
Old Orchard Beach,ME,"Portland-South Portland, ME",York County,513408.8134879908,1.62,1889.4841269841272,3.24,22673.809523809527,0.368,22.6,4.42,2.87,Lean Rent,NA,NA,220143,3.71,8.2,20.73,4.36,23.86,2026-07-31,2026-07-31
Orange Beach,AL,"Daphne-Fairhope-Foley, AL",Baldwin County,688448.3496943089,-0.43,2533.333333333333,NA,30399.999999999996,0.368,22.6,4.42,2.87,Lean Rent,NA,NA,NA,NA,NA,NA,NA,NA,2026-07-31,2026-07-31
Chandler,AZ,"Phoenix-Mesa-Chandler, AZ",Maricopa County,520582.43291899614,-1.57,1908.095054181288,1.03,22897.140650175457,0.367,22.7,4.4,2.86,Lean Rent,281231,1.37,4673096,5.12,9.38,8.29,5.4,34.99,2026-07-31,2026-07-31
Asheville,NC,"Asheville, NC",Buncombe County,458266.10082720104,-5.17,1678.9578668036297,0.32,20147.494401643555,0.366,22.7,4.4,2.86,Lean Rent,94992,0.68,279210,3.52,10.34,22.33,12.88,35.56,2026-07-31,2026-07-31
Waltham,MA,"Boston-Cambridge-Newton, MA-NH",Middlesex County,831292.1515463904,1.06,3044.5596626037805,2.31,36534.715951245365,0.366,22.8,4.39,2.86,Lean Rent,65849,2.51,1668956,2.54,11.63,4.52,2.96,38.37,2026-07-31,2026-07-31
Englewood,CO,"Denver-Aurora-Lakewood, CO",Arapahoe County,508499.3059454602,-2.39,1865.9320304375433,-1.49,22391.18436525052,0.367,22.7,4.4,2.86,Lean Rent,35238,4.81,666918,1.77,3.13,4.55,5.64,34.88,2026-07-31,2026-07-31
Oak Harbor,WA,"Oak Harbor, WA",Island County,536285.3459587184,1.62,1966.3562091503263,4.64,23596.274509803916,0.367,22.7,4.4,2.86,Lean Rent,24163,-1.89,86478,-0.61,3.08,16.2,8.47,25.35,2026-07-31,2026-07-31
Port Angeles,WA,"Port Angeles, WA",Clallam County,461289.4798166484,0.01,1693.0555555555557,NA,20316.666666666668,0.367,22.7,4.4,2.86,Lean Rent,20112,0.55,77958,0.77,14.64,10.23,2.64,27.24,2026-07-31,2026-07-31
Wilmette,IL,"Chicago-Naperville-Elgin, IL-IN-WI",Cook County,1007960.7852120368,12.31,3693.0722222222225,NA,44316.86666666667,0.366,22.7,4.4,2.86,Lean Rent,NA,NA,NA,NA,NA,NA,NA,NA,2026-07-31,2026-07-31
Ridgefield,CT,"Bridgeport-Stamford-Norwalk, CT",Fairfield County,1021074.381721283,7.41,3740.972222222222,NA,44891.666666666664,0.366,22.7,4.4,2.86,Lean Rent,NA,NA,NA,NA,NA,NA,NA,NA,2026-07-31,2026-07-31
Vinings,GA,"Atlanta-Sandy Springs-Alpharetta, GA",Cobb County,492891.56210014614,-2.18,1810.3520701256816,-0.67,21724.224841508178,0.367,22.7,4.41,2.86,Lean Rent,NA,NA,787538,2.76,2.77,5.82,5.06,33.01,2026-07-31,2026-07-31
South Milwaukee,WI,"Milwaukee-Waukesha, WI",Milwaukee County,314983.4227346652,2.9,1153.85,5.87,13846.199999999999,0.366,22.7,4.4,2.86,Lean Rent,20233,-2.59,924740,-1.48,0.57,8.21,6.16,50.2,2026-07-31,2026-07-31
Mitchell,SD,"Mitchell, SD",Davison County,256701.5884631819,1.84,941,NA,11292,0.367,22.7,4.4,2.86,Lean Rent,15621,-0.34,19907,-0.24,-1.81,8.75,9.34,36.96,2026-07-31,2026-07-31
Ada,MI,"Grand Rapids-Kentwood, MI",Kent County,669236.6240366449,4.87,2450,NA,29400,0.366,22.8,4.39,2.86,Lean Rent,NA,NA,NA,NA,NA,NA,NA,NA,2026-07-31,2026-07-31
Bluffdale,UT,"Salt Lake City, UT",Salt Lake County,617035.9654370685,-0.36,2262.946524064171,2.67,27155.358288770054,0.367,22.7,4.4,2.86,Lean Rent,19393,11.71,1216274,2.46,7.39,5.36,5.82,33,2026-07-31,2026-07-31
Worthington,OH,"Columbus, OH",Franklin County,492954.6316922449,4.71,1804.722222222222,NA,21656.666666666664,0.366,22.8,4.39,2.86,Lean Rent,14649,-0.92,1356303,2.4,7.58,6.96,3.98,47.03,2026-07-31,2026-07-31
Roanoke,TX,"Dallas-Fort Worth-Arlington, TX",Denton County,430974.1284136193,-1.73,1582.009497984827,-0.55,18984.113975817923,0.367,22.7,4.4,2.86,Lean Rent,10895,11.62,1045120,14.28,23.72,4.75,5.09,34.63,2026-07-31,2026-07-31
Norwalk,IA,"Des Moines-West Des Moines, IA",Warren County,337348.6130279529,1.45,1237,NA,14844,0.367,22.7,4.4,2.86,Lean Rent,NA,NA,NA,NA,NA,NA,NA,NA,2026-07-31,2026-07-31
Lander,WY,"Riverton, WY",Fremont County,385310.35029348446,1.99,1412.5,NA,16950,0.367,22.7,4.4,2.86,Lean Rent,NA,NA,NA,NA,NA,NA,NA,NA,2026-07-31,2026-07-31
Wahpeton,ND,"Wahpeton, ND-MN",Richland County,238526.14781698585,4.26,875.5833333333334,NA,10507,0.367,22.7,4.4,2.86,Lean Rent,8115,1.31,16658,0.76,2.94,10.43,6.44,30.91,2026-07-31,2026-07-31
Paoli,PA,"Philadelphia-Camden-Wilmington, PA-NJ-DE-MD",Chester County,640104.1975834045,3.12,2343.2999999999997,NA,28119.6,0.366,22.8,4.39,2.86,Lean Rent,NA,NA,560745,4.84,7.29,3.95,3.98,25.05,2026-07-31,2026-07-31
Neptune Beach,FL,"Jacksonville, FL",Duval County,797227.4859099835,5.48,2927.3611111111113,8.27,35128.333333333336,0.367,22.7,4.41,2.86,Lean Rent,7032,-2.29,1055159,5.75,12.67,9.15,6.97,41.93,2026-07-31,2026-07-31
Dillon,CO,"Breckenridge, CO",Summit County,831666.5061277301,-1.29,3049.5,NA,36594,0.367,22.7,4.4,2.86,Lean Rent,1013,-4.88,30882,-1.14,-3.89,61.23,39.16,30.78,2026-07-31,2026-07-31
Boise,ID,"Boise City, ID",Ada County,507649.3841886052,1.3,1857.225043849364,6.11,22286.70052619237,0.366,22.8,4.39,2.85,Lean Rent,NA,NA,535799,7.53,14.17,4.08,3.49,28.65,2026-07-31,2026-07-31
Overland Park,KS,"Kansas City, MO-KS",Johnson County,490568.0571107807,5.52,1794.032614379085,2.81,21528.39137254902,0.366,22.8,4.39,2.85,Lean Rent,202893,2.55,632276,3.45,6.72,4.13,5,31.44,2026-07-31,2026-07-31
Naperville,IL,"Chicago-Naperville-Elgin, IL-IN-WI",DuPage County,629473.3091357786,4.3,2298.3396514161223,3,27580.075816993467,0.365,22.8,4.38,2.85,Lean Rent,153124,2.47,937142,0.6,5.3,4.53,5.6,26.87,2026-07-31,2026-07-31
Carson,CA,"Los Angeles-Long Beach-Anaheim, CA",Los Angeles County,796912.1683262251,1.19,2916.698412698413,0.24,35000.380952380954,0.366,22.8,4.39,2.85,Lean Rent,91358,-4.26,9757179,-2.4,0.03,6.45,4.01,53.92,2026-07-31,2026-07-31
Shawnee,KS,"Kansas City, MO-KS",Johnson County,431428.93797678064,4.78,1577.0299145299148,-1.98,18924.358974358976,0.366,22.8,4.39,2.85,Lean Rent,69724,3.4,632276,3.45,6.72,4.13,5,31.44,2026-07-31,2026-07-31
Bedford,TX,"Dallas-Fort Worth-Arlington, TX",Tarrant County,376909.1518867607,0.41,1378.6828227328226,0.42,16544.193872793872,0.366,22.8,4.39,2.85,Lean Rent,48728,-2.19,2230708,5.41,8.74,7.08,7.73,40.64,2026-07-31,2026-07-31
Glenside,PA,"Philadelphia-Camden-Wilmington, PA-NJ-DE-MD",Montgomery County,468884.0334502631,2.19,1716.0555555555557,NA,20592.666666666668,0.366,22.8,4.39,2.85,Lean Rent,NA,NA,879190,2.6,7.92,4.35,5.68,28.27,2026-07-31,2026-07-31
Gardnerville,NV,"Gardnerville Ranchos, NV",Douglas County,615621.0053911955,2.18,2250,NA,27000,0.365,22.8,4.39,2.85,Lean Rent,NA,NA,49564,0.07,9.74,14.24,5.94,21.63,2026-07-31,2026-07-31
New Brighton,MN,"Minneapolis-St. Paul-Bloomington, MN-WI",Ramsey County,389216.906212278,2.03,1419.7103174603174,3.22,17036.52380952381,0.365,22.8,4.38,2.85,Lean Rent,22374,-4.66,542015,-1.76,3.41,5.41,6.16,38.97,2026-07-31,2026-07-31
Forest Lake,MN,"Minneapolis-St. Paul-Bloomington, MN-WI",Washington County,432440.7751878968,3.47,1582.8359788359787,2.43,18994.031746031746,0.366,22.8,4.39,2.85,Lean Rent,20700,-0.01,283960,5.8,13.75,3.39,4.74,18.85,2026-07-31,2026-07-31
Clive,IA,"Des Moines-West Des Moines, IA",Polk County,432259.7700051614,0.64,1580.8333333333333,NA,18970,0.366,22.8,4.39,2.85,Lean Rent,NA,NA,NA,NA,NA,NA,NA,NA,2026-07-31,2026-07-31
Fort Thomas,KY,"Cincinnati, OH-KY-IN",Campbell County,379385.1184285937,6.53,1385.5,5.22,16626,0.365,22.8,4.38,2.85,Lean Rent,16914,-2.89,94008,0.94,0.59,6.11,5.78,28.97,2026-07-31,2026-07-31
Wilton Manors,FL,"Miami-Fort Lauderdale-Pompano Beach, FL",Broward County,583651.9437451005,-0.84,2131.248148148148,0.85,25574.977777777778,0.365,22.8,4.38,2.85,Lean Rent,11788,3.08,2037472,4.84,14.84,13.18,6.08,36.74,2026-07-31,2026-07-31
South Huntington,NY,"New York-Newark-Jersey City, NY-NJ-PA",Suffolk County,725808.7294494603,-2.01,2650,NA,31800,0.365,22.8,4.38,2.85,Lean Rent,NA,NA,NA,NA,NA,NA,NA,NA,2026-07-31,2026-07-31
Stanardsville,VA,"Charlottesville, VA",Greene County,342561.86935119267,3.08,1250,NA,15000,0.365,22.8,4.38,2.85,Lean Rent,NA,NA,NA,NA,NA,NA,NA,NA,2026-07-31,2026-07-31
Smyrna,GA,"Atlanta-Sandy Springs-Alpharetta, GA",Cobb County,448607.3714038315,-2.51,1631.3347688226786,1.66,19576.017225872143,0.364,22.9,4.36,2.84,Lean Rent,57177,1.8,787538,2.76,2.77,5.82,5.06,33.01,2026-07-31,2026-07-31
Westmont,CA,"Los Angeles-Long Beach-Anaheim, CA",Los Angeles County,706902.5519711765,0.98,2570.190476190476,2.33,30842.285714285714,0.364,22.9,4.36,2.84,Lean Rent,NA,NA,9757179,-2.4,0.03,6.45,4.01,53.92,2026-07-31,2026-07-31
Waxhaw,NC,"Charlotte-Concord-Gastonia, NC-SC",Union County,717174.2046602968,-0.06,2607.031623931624,3.4,31284.37948717949,0.364,22.9,4.36,2.84,Lean Rent,23178,11.54,263386,9.89,19.55,5.19,2.44,18.15,2026-07-31,2026-07-31
Weaverville,NC,"Asheville, NC",Buncombe County,470999.3604944669,-3.36,1715.690476190476,-1.75,20588.28571428571,0.364,22.9,4.37,2.84,Lean Rent,4799,4.69,279210,3.52,10.34,22.33,12.88,35.56,2026-07-31,2026-07-31
Nolensville,TN,"Nashville-Davidson--Murfreesboro--Franklin, TN",Williamson County,836161.3230213361,2.79,3039.5833333333335,NA,36475,0.364,22.9,4.36,2.84,Lean Rent,NA,NA,NA,NA,NA,NA,NA,NA,2026-07-31,2026-07-31
Anaconda,MT,NA,Deer Lodge County,304685.7549352234,3.09,1110.111111111111,NA,13321.333333333332,0.364,22.9,4.37,2.84,Lean Rent,NA,NA,NA,NA,NA,NA,NA,NA,2026-07-31,2026-07-31
Mammoth Lakes,CA,NA,Mono County,824690.348369775,2.42,3000,NA,36000,0.364,22.9,4.37,2.84,Lean Rent,NA,NA,NA,NA,NA,NA,NA,NA,2026-07-31,2026-07-31
Olivette,MO,"St. Louis, MO-IL",Saint Louis County,501153.1303410253,3.44,1825.344444444444,3.93,21904.133333333328,0.364,22.9,4.37,2.84,Lean Rent,8960,5.29,NA,NA,NA,NA,NA,NA,2026-07-31,2026-07-31
Tahoe City,CA,"Sacramento-Roseville-Folsom, CA",Placer County,1293732.0887832355,7.22,4712.5,NA,56550,0.364,22.9,4.37,2.84,Lean Rent,NA,NA,NA,NA,NA,NA,NA,NA,2026-07-31,2026-07-31
Gilbert,AZ,"Phoenix-Mesa-Chandler, AZ",Maricopa County,570915.4984148043,-0.59,2067.9329930938297,0,24815.19591712596,0.362,23,4.35,2.83,Lean Rent,288790,7.19,4673096,5.12,9.38,8.29,5.4,34.99,2026-07-31,2026-07-31
Compton,CA,"Los Angeles-Long Beach-Anaheim, CA",Los Angeles County,645438.8867546548,2.62,2344.1666666666665,0.55,28130,0.363,22.9,4.36,2.83,Lean Rent,91129,-4.48,9757179,-2.4,0.03,6.45,4.01,53.92,2026-07-31,2026-07-31
Lakewood,NJ,"New York-Newark-Jersey City, NY-NJ-PA",Ocean County,588669.9831365797,7.88,2137.444444444445,NA,25649.333333333336,0.363,23,4.36,2.83,Lean Rent,NA,NA,666434,4.37,4.36,18.18,2.79,19.83,2026-07-31,2026-07-31
Goodyear,AZ,"Phoenix-Mesa-Chandler, AZ",Maricopa County,466317.6284562087,-0.89,1694.2818504594818,-0.36,20331.382205513783,0.363,22.9,4.36,2.83,Lean Rent,118186,20.83,4673096,5.12,9.38,8.29,5.4,34.99,2026-07-31,2026-07-31
Azusa,CA,"Los Angeles-Long Beach-Anaheim, CA",Los Angeles County,717939.6881069733,0.82,2602.2354700854703,5.65,31226.825641025644,0.362,23,4.35,2.83,Lean Rent,48383,-3.63,9757179,-2.4,0.03,6.45,4.01,53.92,2026-07-31,2026-07-31
Grand Blanc,MI,"Flint, MI",Genesee County,296799.6039606849,4.36,1076.1994037381037,2.88,12914.392844857244,0.363,23,4.35,2.83,Lean Rent,7924,-1.91,402279,-0.87,3.33,9.45,3.6,29.16,2026-07-31,2026-07-31
Rockwall,TX,"Dallas-Fort Worth-Arlington, TX",Rockwall County,480713.20756711223,-1.14,1747.067857142857,0.85,20964.814285714285,0.363,22.9,4.36,2.83,Lean Rent,53547,12.15,137044,25.5,35.89,4.62,4.94,17.44,2026-07-31,2026-07-31
Rohnert Park,CA,"Santa Rosa-Petaluma, CA",Sonoma County,713811.8873805921,-0.29,2591.1464646464647,3.75,31093.757575757576,0.363,23,4.36,2.83,Lean Rent,44894,0.96,485375,-0.64,4.42,7.67,2.55,37.8,2026-07-31,2026-07-31
Placerville,CA,"Sacramento-Roseville-Folsom, CA",El Dorado County,537677.7162349685,0.13,1952.388888888889,-1.08,23428.666666666668,0.363,22.9,4.36,2.83,Lean Rent,10695,-0.34,192823,0.82,3.5,19.67,6.98,23.61,2026-07-31,2026-07-31
Orion,MI,"Detroit-Warren-Dearborn, MI",Oakland County,409144.89326933445,2.79,1486.2833333333335,NA,17835.4,0.363,22.9,4.36,2.83,Lean Rent,NA,NA,1296888,1.91,10.58,5.25,6.51,27.73,2026-07-31,2026-07-31
Davison,MI,"Flint, MI",Genesee County,264237.9475358334,5.38,957.8333333333334,NA,11494,0.362,23,4.35,2.83,Lean Rent,NA,NA,NA,NA,NA,NA,NA,NA,2026-07-31,2026-07-31
Cedar City,UT,"Cedar City, UT",Iron County,406101.1472257452,1.97,1473.4642857142856,-0.48,17681.571428571428,0.363,23,4.35,2.83,Lean Rent,40885,15.26,65936,14.25,14.62,13.87,8.7,32.57,2026-07-31,2026-07-31
Forest,VA,"Lynchburg, VA",Bedford County,418349.6881552045,2.45,1516.3888888888887,2.77,18196.666666666664,0.362,23,4.35,2.83,Lean Rent,NA,NA,82182,3.27,10.01,12.53,5.79,15.79,2026-07-31,2026-07-31
Harrodsburg,KY,NA,Mercer County,241860.0596391468,-1.4,876.5555555555555,NA,10518.666666666666,0.362,23,4.35,2.83,Lean Rent,NA,NA,NA,NA,NA,NA,NA,NA,2026-07-31,2026-07-31
Makawao,HI,"Kahului-Wailuku-Lahaina, HI",Maui County,1112428.429621508,-1.41,4038.8888888888887,NA,48466.666666666664,0.363,23,4.36,2.83,Lean Rent,NA,NA,NA,NA,NA,NA,NA,NA,2026-07-31,2026-07-31
Payette,ID,"Ontario, OR-ID",Payette County,376630.9897614992,4.42,1366.6666666666667,NA,16400,0.363,23,4.35,2.83,Lean Rent,NA,NA,NA,NA,NA,NA,NA,NA,2026-07-31,2026-07-31
Bay Hill,FL,"Orlando-Kissimmee-Sanford, FL",Orange County,882618.2990542952,-0.06,3200,NA,38400,0.363,23,4.35,2.83,Lean Rent,NA,NA,NA,NA,NA,NA,NA,NA,2026-07-31,2026-07-31
Georgetown,CO,"Denver-Aurora-Lakewood, CO",Clear Creek County,482343.6440000246,-0.96,1750,NA,21000,0.363,23,4.35,2.83,Lean Rent,NA,NA,NA,NA,NA,NA,NA,NA,2026-07-31,2026-07-31
Raleigh,NC,"Raleigh-Cary, NC",Wake County,435237.225458807,-1.96,1574.6724181794589,0.33,18896.069018153506,0.362,23,4.34,2.82,Lean Rent,499825,7.29,1232444,9,18.32,7.54,9.49,35.57,2026-07-31,2026-07-31
Westminster,CO,"Denver-Aurora-Lakewood, CO",Jefferson County,521100.4960455356,-2.21,1887.102369727128,-0.52,22645.228436725534,0.362,23,4.35,2.82,Lean Rent,115302,-1.16,578533,-0.79,0.75,4.44,4.86,29.39,2026-07-31,2026-07-31
Westerville,OH,"Columbus, OH",Franklin County,454134.0969571544,1.51,1644.1888888888889,2.69,19730.266666666666,0.362,23,4.34,2.82,Lean Rent,38612,-1.6,1356303,2.4,7.58,6.96,3.98,47.03,2026-07-31,2026-07-31
Syracuse,UT,"Ogden-Clearfield, UT",Davis County,588443.1670892496,2.68,2130.478114478114,NA,25565.73737373737,0.362,23,4.34,2.82,Lean Rent,38999,20.4,378470,4.04,4.18,3.29,3.85,22.6,2026-07-31,2026-07-31
Wailuku,HI,"Kahului-Wailuku-Lahaina, HI",Maui County,909598.2429081864,-2.32,3287.777777777778,3.28,39453.333333333336,0.361,23.1,4.34,2.82,Lean Rent,NA,NA,163688,-0.68,-8.08,23.26,22.16,35.01,2026-07-31,2026-07-31
Feasterville Trevose,PA,"Philadelphia-Camden-Wilmington, PA-NJ-DE-MD",Bucks County,494569.92718691466,2.57,1786.8333333333333,NA,21442,0.361,23.1,4.34,2.82,Lean Rent,NA,NA,NA,NA,NA,NA,NA,NA,2026-07-31,2026-07-31
Parkland,WA,"Seattle-Tacoma-Bellevue, WA",Pierce County,471594.476487677,0.2,1702.8194444444443,0.67,20433.833333333332,0.361,23.1,4.33,2.82,Lean Rent,NA,NA,941170,1.9,6.6,5.21,4.02,35.21,2026-07-31,2026-07-31
Glen Mills,PA,"Philadelphia-Camden-Wilmington, PA-NJ-DE-MD",Delaware County,714852.0559656626,3.05,2585.5,11.97,31026,0.362,23,4.34,2.82,Lean Rent,NA,NA,584882,1.45,5.58,5.55,4.21,30.36,2026-07-31,2026-07-31
Pittsboro,NC,"Durham-Chapel Hill, NC",Chatham County,557663.8908460304,0.33,2018.3333333333333,3,24220,0.362,23,4.34,2.82,Lean Rent,4989,9.14,83874,9.41,23.99,7.88,6.4,19.59,2026-07-31,2026-07-31
Swampscott,MA,"Boston-Cambridge-Newton, MA-NH",Essex County,834654.7294191221,2.36,3021.222222222222,NA,36254.666666666664,0.362,23,4.34,2.82,Lean Rent,NA,NA,NA,NA,NA,NA,NA,NA,2026-07-31,2026-07-31
Cedarhurst,NY,"New York-Newark-Jersey City, NY-NJ-PA",Nassau County,1244995.096517967,8.14,4500,NA,54000,0.361,23.1,4.34,2.82,Lean Rent,NA,NA,NA,NA,NA,NA,NA,NA,2026-07-31,2026-07-31
Fairview,OR,"Portland-Vancouver-Hillsboro, OR-WA",Multnomah County,478411.79316368647,-1.23,1730.2444444444443,-3.23,20762.93333333333,0.362,23,4.34,2.82,Lean Rent,10796,3.84,795897,-2.5,1.19,5.52,4.7,45.9,2026-07-31,2026-07-31
Phoenix,OR,"Medford, OR",Jackson County,404703.6327939546,2.73,1461.6666666666667,NA,17540,0.361,23.1,4.33,2.82,Lean Rent,NA,NA,NA,NA,NA,NA,NA,NA,2026-07-31,2026-07-31
Norwalk,CA,"Los Angeles-Long Beach-Anaheim, CA",Los Angeles County,763396.61843806,1.29,2752.5237373737377,0.19,33030.28484848485,0.361,23.1,4.33,2.81,Lean Rent,98230,-4.08,9757179,-2.4,0.03,6.45,4.01,53.92,2026-07-31,2026-07-31
Morrisville,PA,"Philadelphia-Camden-Wilmington, PA-NJ-DE-MD",Bucks County,455002.7008169773,3.03,1636.9444444444446,NA,19643.333333333336,0.36,23.2,4.32,2.81,Lean Rent,9745,-0.53,650131,0.61,4.89,3.41,3.04,21.99,2026-07-31,2026-07-31
Westford,MA,"Boston-Cambridge-Newton, MA-NH",Middlesex County,849606.2043278865,-0.35,3065.2638888888887,-3.46,36783.166666666664,0.361,23.1,4.33,2.81,Lean Rent,NA,NA,1668956,2.54,11.63,4.52,2.96,38.37,2026-07-31,2026-07-31
Mint Hill,NC,"Charlotte-Concord-Gastonia, NC-SC",Mecklenburg County,516660.1066480651,0.74,1859.928571428571,-2.29,22319.142857142855,0.36,23.1,4.32,2.81,Lean Rent,28825,8.64,1206285,8.06,18.3,7.37,7.33,44.5,2026-07-31,2026-07-31
Arcata,CA,"Eureka-Arcata, CA",Humboldt County,480133.813915929,-3.81,1728.6309523809523,5.4,20743.571428571428,0.36,23.1,4.32,2.81,Lean Rent,18748,-0.47,132380,-2.89,-8.38,12.37,2.47,43.73,2026-07-31,2026-07-31
Mesquite,NV,"Las Vegas-Henderson-Paradise, NV",Lincoln County,375929.53827186505,-2.59,1353.5833333333333,-0.75,16243,0.36,23.1,4.32,2.81,Lean Rent,23599,14.51,4345,-2.1,-8.52,29.97,3.17,26.26,2026-07-31,2026-07-31
Monmouth Junction,NJ,"New York-Newark-Jersey City, NY-NJ-PA",Middlesex County,702566.1455548746,0.88,2528.457142857143,1.37,30341.485714285714,0.36,23.2,4.32,2.81,Lean Rent,NA,NA,890119,3.33,12.92,3.48,2.61,36.53,2026-07-31,2026-07-31
Sauk Rapids,MN,"St. Cloud, MN",Benton County,305304.5471022827,2.18,1100,NA,13200,0.36,23.1,4.32,2.81,Lean Rent,NA,NA,NA,NA,NA,NA,NA,NA,2026-07-31,2026-07-31
Riverton,WY,"Riverton, WY",Fremont County,265173.79598133755,-1.95,955,NA,11460,0.36,23.1,4.32,2.81,Lean Rent,NA,NA,NA,NA,NA,NA,NA,NA,2026-07-31,2026-07-31
Hanover,MA,"Boston-Cambridge-Newton, MA-NH",Plymouth County,838630.9797807243,5.12,3023,NA,36276,0.36,23.1,4.33,2.81,Lean Rent,NA,NA,542090,2.58,7.97,7.23,1.91,22.38,2026-07-31,2026-07-31
Montgomery,OH,"Cincinnati, OH-KY-IN",Hamilton County,684623.308005079,3.12,2470.1111111111113,NA,29641.333333333336,0.361,23.1,4.33,2.81,Lean Rent,NA,NA,NA,NA,NA,NA,NA,NA,2026-07-31,2026-07-31
Cottage Grove,WI,"Madison, WI",Dane County,483111.31357937184,2.76,1737.6944444444443,-1.75,20852.333333333332,0.36,23.2,4.32,2.81,Lean Rent,8974,21.5,588347,4.57,11.72,3.59,2.98,42.34,2026-07-31,2026-07-31
Kittery,ME,"Portland-South Portland, ME",York County,691686.4773641626,3.81,2494.555555555555,-2.41,29934.666666666664,0.361,23.1,4.33,2.81,Lean Rent,NA,NA,220143,3.71,8.2,20.73,4.36,23.86,2026-07-31,2026-07-31
Seabrook,NH,"Boston-Cambridge-Newton, MA-NH",Rockingham County,666830.8728336793,2.6,2400,NA,28800,0.36,23.2,4.32,2.81,Lean Rent,NA,NA,NA,NA,NA,NA,NA,NA,2026-07-31,2026-07-31
West Miami,FL,"Miami-Fort Lauderdale-Pompano Beach, FL",Miami-Dade County,668746.8792657162,-1.91,2405.9249999999997,-2.39,28871.1,0.36,23.2,4.32,2.81,Lean Rent,7247,0.46,2838461,5.29,19.88,11.11,5.36,47.81,2026-07-31,2026-07-31
Big Bear Lake,CA,"Riverside-San Bernardino-Ontario, CA",San Bernardino County,542056.9089801101,-3.71,1954.107142857143,8.97,23449.285714285714,0.36,23.1,4.33,2.81,Lean Rent,5044,0.04,2214281,1.41,1.68,9.55,3.22,38.46,2026-07-31,2026-07-31
Surf City,NC,"Wilmington, NC",Pender County,638074.5492093317,2.6,2295.8333333333335,0.8,27550,0.36,23.2,4.32,2.81,Lean Rent,4961,27.43,70077,15.59,25.5,22.11,9.76,18.18,2026-07-31,2026-07-31
Vancouver,WA,"Portland-Vancouver-Hillsboro, OR-WA",Clark County,508392.8925046786,-0.31,1822.4022280777217,0.54,21868.82673693266,0.358,23.2,4.3,2.8,Lean Rent,198992,4.03,527269,4.33,6.69,3.84,3.08,33.79,2026-07-31,2026-07-31
Santa Rosa,CA,"Santa Rosa-Petaluma, CA",Sonoma County,715975.9206456299,-0.96,2574.106471429556,2.48,30889.277657154675,0.36,23.2,4.31,2.8,Lean Rent,177524,-0.25,485375,-0.64,4.42,7.67,2.55,37.8,2026-07-31,2026-07-31
Salem,OR,"Salem, OR",Marion County,440726.2053953584,0.38,1583.5654421544834,0.17,19002.785305853802,0.359,23.2,4.31,2.8,Lean Rent,180406,2.52,352867,1.89,7.06,3.97,4.07,37.76,2026-07-31,2026-07-31
Rocklin,CA,"Sacramento-Roseville-Folsom, CA",Placer County,696194.4780963181,-0.27,2497.4614379084965,2.98,29969.53725490196,0.359,23.2,4.3,2.8,Lean Rent,75129,4.68,433822,6.87,21.94,11.81,3.91,25.72,2026-07-31,2026-07-31
Westminster,MD,"Baltimore-Columbia-Towson, MD",Carroll County,470642.3873699636,1.19,1689.184523809524,1.31,20270.21428571429,0.359,23.2,4.31,2.8,Lean Rent,20662,2.64,177108,2.43,2.28,4.05,4.89,16.15,2026-07-31,2026-07-31
Gig Harbor,WA,"Seattle-Tacoma-Bellevue, WA",Pierce County,825325.7172782198,0.29,2966.3313353313356,0.79,35595.97602397603,0.359,23.2,4.31,2.8,Lean Rent,12643,4.6,941170,1.9,6.6,5.21,4.02,35.21,2026-07-31,2026-07-31
Prior Lake,MN,"Minneapolis-St. Paul-Bloomington, MN-WI",Scott County,534269.5590829639,1.9,1919.2857142857144,3.17,23031.428571428572,0.359,23.2,4.31,2.8,Lean Rent,28018,1.41,157206,3.87,2.74,2.6,1.89,15.7,2026-07-31,2026-07-31
North Attleboro,MA,"Providence-Warwick, RI-MA",Bristol County,615234.6170843919,2.65,2212.139971139971,3.04,26545.67965367965,0.36,23.2,4.31,2.8,Lean Rent,NA,NA,588593,2.05,7.41,4.9,2.27,37.75,2026-07-31,2026-07-31
Walpole,MA,"Boston-Cambridge-Newton, MA-NH",Norfolk County,788132.0169110252,1.99,2824.7666666666664,2.09,33897.2,0.358,23.3,4.3,2.8,Lean Rent,NA,NA,740754,2.35,9.81,4.09,3.95,31.48,2026-07-31,2026-07-31
North Kingstown,RI,"Providence-Warwick, RI-MA",Washington County,687778.1192054567,6.7,2464.583333333333,NA,29574.999999999996,0.358,23.3,4.3,2.8,Lean Rent,NA,NA,NA,NA,NA,NA,NA,NA,2026-07-31,2026-07-31
Seal Beach,CA,"Los Angeles-Long Beach-Anaheim, CA",Orange County,841960.925696367,4.08,3017.0833333333335,0.9,36205,0.358,23.3,4.3,2.8,Lean Rent,24421,-3.06,3170435,-0.5,2.33,5.61,4.39,43.55,2026-07-31,2026-07-31
Westborough,MA,"Worcester, MA-CT",Worcester County,743695.2119709424,0.22,2673.534632034632,2.22,32082.415584415583,0.359,23.2,4.31,2.8,Lean Rent,NA,NA,881248,2.82,8.7,5.7,3.41,34.33,2026-07-31,2026-07-31
Lakeway,TX,"Austin-Round Rock-Georgetown, TX",Travis County,747050.2636689179,-1.01,2680.2301587301586,1.31,32162.7619047619,0.359,23.2,4.31,2.8,Lean Rent,19056,-1.01,1363767,5.18,4.41,5.57,4.27,46.97,2026-07-31,2026-07-31
Waunakee,WI,"Madison, WI",Dane County,590742.6336570033,1.98,2124.0833333333335,NA,25489,0.36,23.2,4.31,2.8,Lean Rent,NA,NA,NA,NA,NA,NA,NA,NA,2026-07-31,2026-07-31
Spring Lake,MI,"Grand Rapids-Kentwood, MI",Ottawa County,431722.11065753264,5.81,1547.5,NA,18570,0.358,23.2,4.3,2.8,Lean Rent,2510,-1.14,306235,3.14,6.51,5.3,2.83,21.5,2026-07-31,2026-07-31
Woods Cross,UT,"Ogden-Clearfield, UT",Davis County,531289.7008951226,2.01,1909.777777777778,NA,22917.333333333336,0.359,23.2,4.31,2.8,Lean Rent,NA,NA,NA,NA,NA,NA,NA,NA,2026-07-31,2026-07-31
Park Ridge,NJ,"New York-Newark-Jersey City, NY-NJ-PA",Bergen County,873812.68150031,4.56,3139.4166666666665,NA,37673,0.359,23.2,4.31,2.8,Lean Rent,9634,8.7,978641,2.61,10.38,4.13,3.53,34.64,2026-07-31,2026-07-31
Salisbury,MA,"Boston-Cambridge-Newton, MA-NH",Essex County,637544.6192784653,1.43,2287.5,NA,27450,0.359,23.2,4.31,2.8,Lean Rent,NA,NA,NA,NA,NA,NA,NA,NA,2026-07-31,2026-07-31
Glenview,IL,"Chicago-Naperville-Elgin, IL-IN-WI",Cook County,697545.8053362182,9.63,2491.5502645502647,3.08,29898.603174603177,0.357,23.3,4.29,2.79,Lean Rent,47634,-1.89,5182617,-1.6,5.9,8.18,4.67,42.49,2026-07-31,2026-07-31
Santee,CA,"San Diego-Chula Vista-Carlsbad, CA",San Diego County,795104.9333030944,-2.05,2846.86936026936,2.85,34162.43232323232,0.358,23.3,4.3,2.79,Lean Rent,59104,-1.26,3298799,-0.07,0.09,6.51,4.02,45.49,2026-07-31,2026-07-31
Paso Robles,CA,"San Luis Obispo-Paso Robles, CA",San Luis Obispo County,777530.6695995409,1.47,2779.444444444444,1.38,33353.33333333333,0.357,23.3,4.29,2.79,Lean Rent,NA,NA,281843,-0.03,0.58,12.79,4.74,38.1,2026-07-31,2026-07-31
New Berlin,WI,"Milwaukee-Waukesha, WI",Waukesha County,461638.19109189213,5.2,1649.1666666666667,NA,19790,0.357,23.3,4.29,2.79,Lean Rent,NA,NA,NA,NA,NA,NA,NA,NA,2026-07-31,2026-07-31
Beverly,MA,"Boston-Cambridge-Newton, MA-NH",Essex County,771950.5354181802,3.25,2757.9050925925926,3.32,33094.86111111111,0.357,23.3,4.29,2.79,Lean Rent,43223,1.53,823938,2,7.8,5.11,2.53,36.04,2026-07-31,2026-07-31
Vestavia Hills,AL,"Birmingham-Hoover, AL",Jefferson County,573030.8399798711,4.32,2048.8555555555554,3.01,24586.266666666663,0.358,23.3,4.29,2.79,Lean Rent,38151,-2.47,664744,-1.48,0.68,13.13,7.2,36.28,2026-07-31,2026-07-31
Covington,WA,"Seattle-Tacoma-Bellevue, WA",King County,664783.3027420774,-2.03,2378.7873015873015,6.09,28545.44761904762,0.358,23.3,4.29,2.79,Lean Rent,21567,3.38,2340211,2.9,15.35,6.12,5.05,43.91,2026-07-31,2026-07-31
Germantown,WI,"Milwaukee-Waukesha, WI",Washington County,465019.5462822676,5.22,1661.8222222222223,NA,19941.86666666667,0.357,23.3,4.29,2.79,Lean Rent,NA,NA,NA,NA,NA,NA,NA,NA,2026-07-31,2026-07-31
Anacortes,WA,"Mount Vernon-Anacortes, WA",Skagit County,728210.7426799554,1.16,2604.7619047619046,3.55,31257.142857142855,0.358,23.3,4.29,2.79,Lean Rent,18148,2.63,132736,2.18,8.04,8.77,1.09,29.36,2026-07-31,2026-07-31
Grover Beach,CA,"San Luis Obispo-Paso Robles, CA",San Luis Obispo County,783084.7885278113,1.28,2803.373015873016,NA,33640.47619047619,0.358,23.3,4.3,2.79,Lean Rent,12534,-1.06,281843,-0.03,0.58,12.79,4.74,38.1,2026-07-31,2026-07-31
Felton,CA,"Santa Cruz-Watsonville, CA",Santa Cruz County,829550.1955167647,4.44,2962.5,NA,35550,0.357,23.3,4.29,2.79,Lean Rent,NA,NA,NA,NA,NA,NA,NA,NA,2026-07-31,2026-07-31
Windcrest,TX,"San Antonio-New Braunfels, TX",Bexar County,314052.26189245883,-1.31,1123.0833333333333,NA,13477,0.358,23.3,4.29,2.79,Lean Rent,NA,NA,NA,NA,NA,NA,NA,NA,2026-07-31,2026-07-31
Jacksonville,OR,"Medford, OR",Jackson County,612322.301435233,2.49,2186.3333333333335,NA,26236,0.357,23.3,4.28,2.79,Lean Rent,NA,NA,NA,NA,NA,NA,NA,NA,2026-07-31,2026-07-31
Silver Spring,MD,"Washington-Arlington-Alexandria, DC-VA-MD-WV",Montgomery County,550450.210464341,-0.75,1962.310743105436,-1.62,23547.72891726523,0.356,23.4,4.28,2.78,Lean Rent,NA,NA,1082273,2.02,7.76,4.26,3.68,34.66,2026-07-31,2026-07-31
Beaverton,OR,"Portland-Vancouver-Hillsboro, OR-WA",Washington County,527947.327402176,-2.76,1879.6835898100828,-0.72,22556.203077720995,0.356,23.4,4.27,2.78,Lean Rent,98302,0.76,611272,1.7,7.45,3.35,3.82,39.13,2026-07-31,2026-07-31
Idaho Falls,ID,"Idaho Falls, ID",Bonneville County,398911.2783112656,1.03,1423.4647248874892,1.53,17081.57669864987,0.357,23.4,4.28,2.78,Lean Rent,69523,5.45,133644,7.14,10.04,6.56,4.3,28.39,2026-07-31,2026-07-31
Moorpark,CA,"Oxnard-Thousand Oaks-Ventura, CA",Ventura County,941774.5282679704,1.55,3362.3888888888887,-1.57,40348.666666666664,0.357,23.3,4.28,2.78,Lean Rent,35621,-1.73,835427,-0.99,0.32,5.64,3.81,35.84,2026-07-31,2026-07-31
West Fargo,ND,"Fargo, ND-MN",Cass County,360804.4681857017,3.03,1286.1730540701128,5.35,15434.076648841354,0.356,23.4,4.28,2.78,Lean Rent,41027,5.47,200945,8.68,8.16,6.66,6.56,48,2026-07-31,2026-07-31
Canton,MA,"Boston-Cambridge-Newton, MA-NH",Norfolk County,814241.0872889291,2.45,2904.718614718615,1.29,34856.62337662338,0.357,23.4,4.28,2.78,Lean Rent,NA,NA,740754,2.35,9.81,4.09,3.95,31.48,2026-07-31,2026-07-31
Mansfield,MA,"Providence-Warwick, RI-MA",Bristol County,721321.3413471925,2.85,2574.5158730158732,6.46,30894.19047619048,0.357,23.3,4.28,2.78,Lean Rent,NA,NA,588593,2.05,7.41,4.9,2.27,37.75,2026-07-31,2026-07-31
Johnston,IA,"Des Moines-West Des Moines, IA",Polk County,402429.32069457805,0.55,1431.8916666666669,3.6,17182.700000000004,0.356,23.4,4.27,2.78,Lean Rent,25022,4.29,516185,4.69,12.01,5.87,5,32.93,2026-07-31,2026-07-31
Arden,NC,"Asheville, NC",Buncombe County,440103.79129458434,-4.2,1569.333811802233,-2.43,18832.005741626795,0.357,23.4,4.28,2.78,Lean Rent,NA,NA,279210,3.52,10.34,22.33,12.88,35.56,2026-07-31,2026-07-31
Hayden,ID,"Coeur d'Alene, ID",Kootenai County,648048.248285636,2.4,2305.6666666666665,3.63,27668,0.356,23.4,4.27,2.78,Lean Rent,16924,8.14,188323,8.99,15.6,11.42,3.93,27.79,2026-07-31,2026-07-31
Fillmore,CA,"Oxnard-Thousand Oaks-Ventura, CA",Ventura County,693710.2488511024,0.25,2475,NA,29700,0.357,23.4,4.28,2.78,Lean Rent,NA,NA,NA,NA,NA,NA,NA,NA,2026-07-31,2026-07-31
Malibu,CA,"Los Angeles-Long Beach-Anaheim, CA",Los Angeles County,3226547.2384878476,0.98,11512.921245421248,4.1,138155.054945055,0.357,23.4,4.28,2.78,Lean Rent,10298,-3.07,9757179,-2.4,0.03,6.45,4.01,53.92,2026-07-31,2026-07-31
Ridgefield Park,NJ,"New York-Newark-Jersey City, NY-NJ-PA",Bergen County,607014.5405005175,1.08,2161.25,NA,25935,0.356,23.4,4.27,2.78,Lean Rent,NA,NA,NA,NA,NA,NA,NA,NA,2026-07-31,2026-07-31
Boone,IA,"Ames, IA",Boone County,215749.4614427232,2.4,770.25,NA,9243,0.357,23.3,4.28,2.78,Lean Rent,12461,0.1,26729,0.1,7.97,8.91,10.5,18.95,2026-07-31,2026-07-31
Harrisburg,SD,"Sioux Falls, SD",Lincoln County,368212.4757023568,0.53,1312.575,10.38,15750.900000000001,0.356,23.4,4.28,2.78,Lean Rent,10203,49.01,75244,14.62,25.42,3.29,3.76,28.02,2026-07-31,2026-07-31
Stateline,NV,"Gardnerville Ranchos, NV",Douglas County,780577.7969073883,-0.46,2778.5185185185182,NA,33342.22222222222,0.356,23.4,4.27,2.78,Lean Rent,NA,NA,NA,NA,NA,NA,NA,NA,2026-07-31,2026-07-31
Mesa,AZ,"Phoenix-Mesa-Chandler, AZ",Maricopa County,433754.4524299082,-1.17,1540.1783965783964,-0.34,18482.140758940757,0.355,23.5,4.26,2.77,Lean Rent,517151,2.21,4673096,5.12,9.38,8.29,5.4,34.99,2026-07-31,2026-07-31
Tacoma,WA,"Seattle-Tacoma-Bellevue, WA",Pierce County,496203.41055384837,-0.06,1760.0516286901718,2.06,21120.61954428206,0.355,23.5,4.26,2.77,Lean Rent,228202,3.84,941170,1.9,6.6,5.21,4.02,35.21,2026-07-31,2026-07-31
Tempe,AZ,"Phoenix-Mesa-Chandler, AZ",Maricopa County,465636.3586570409,-0.94,1656.301980515978,0,19875.623766191733,0.356,23.4,4.27,2.77,Lean Rent,190114,2.59,4673096,5.12,9.38,8.29,5.4,34.99,2026-07-31,2026-07-31
Rancho Cucamonga,CA,"Riverside-San Bernardino-Ontario, CA",San Bernardino County,788806.3083245469,-0.48,2802.424954392964,0.76,33629.09945271557,0.355,23.5,4.26,2.77,Lean Rent,176675,1.14,2214281,1.41,1.68,9.55,3.22,38.46,2026-07-31,2026-07-31
Novato,CA,"San Francisco-Oakland-Berkeley, CA",Marin County,1078032.1901259965,1.13,3821.6222222222223,4.1,45859.46666666667,0.354,23.5,4.25,2.77,Lean Rent,52311,-1.57,256400,-1.89,2.96,7.74,3.07,36.12,2026-07-31,2026-07-31
Aliso Viejo,CA,"Los Angeles-Long Beach-Anaheim, CA",Orange County,1005542.6794547876,1.26,3575.5996271645363,4.96,42907.195525974435,0.356,23.4,4.27,2.77,Lean Rent,50457,-3.11,3170435,-0.5,2.33,5.61,4.39,43.55,2026-07-31,2026-07-31
Sonoma,CA,"Santa Rosa-Petaluma, CA",Sonoma County,938876.3595544646,-3.32,3335.9259259259256,3.32,40031.11111111111,0.355,23.5,4.26,2.77,Lean Rent,10606,-1.12,485375,-0.64,4.42,7.67,2.55,37.8,2026-07-31,2026-07-31
Hudson,WI,"Minneapolis-St. Paul-Bloomington, MN-WI",Saint Croix County,506159.6983473734,1.27,1797.3666666666668,4.23,21568.4,0.355,23.5,4.26,2.77,Lean Rent,15031,1.42,NA,NA,NA,NA,NA,NA,2026-07-31,2026-07-31
River Falls,WI,"Minneapolis-St. Paul-Bloomington, MN-WI",Pierce County,419646.0790210757,2.43,1490.2449494949497,4.83,17882.939393939396,0.355,23.5,4.26,2.77,Lean Rent,17802,9.11,43380,2.73,4.15,7.55,6.65,24.22,2026-07-31,2026-07-31
Vilonia,AR,"Little Rock-North Little Rock-Conway, AR",Faulkner County,267050.0239940235,3.4,950,NA,11400,0.356,23.4,4.27,2.77,Lean Rent,NA,NA,NA,NA,NA,NA,NA,NA,2026-07-31,2026-07-31
Saint Augustine Beach,FL,"Jacksonville, FL",Saint Johns County,588616.6112519278,-0.14,2091.6666666666665,-2.74,25100,0.355,23.5,4.26,2.77,Lean Rent,NA,NA,NA,NA,NA,NA,NA,NA,2026-07-31,2026-07-31
Nederland,CO,"Boulder, CO",Boulder County,669729.0057778498,-0.99,2374.75,NA,28497,0.355,23.5,4.26,2.77,Lean Rent,1487,1.16,330262,-0.21,4.58,5.31,3.67,37.54,2026-07-31,2026-07-31
Denver,CO,"Denver-Aurora-Lakewood, CO",Denver County,533060.1507157111,-2.67,1883.6496886077991,-0.78,22603.79626329359,0.353,23.6,4.24,2.76,Lean Rent,729019,1.59,729019,1.59,5.87,6.53,4.98,50.87,2026-07-31,2026-07-31
Marietta,GA,"Atlanta-Sandy Springs-Alpharetta, GA",Cobb County,477989.0934086107,-1.39,1691.2679031573698,1.77,20295.214837888438,0.354,23.6,4.25,2.76,Lean Rent,63122,3.42,787538,2.76,2.77,5.82,5.06,33.01,2026-07-31,2026-07-31
Chula Vista,CA,"San Diego-Chula Vista-Carlsbad, CA",San Diego County,847037.4832198508,0.2,2996.141400434653,0.9,35953.69680521583,0.354,23.6,4.24,2.76,Lean Rent,278546,0.99,3298799,-0.07,0.09,6.51,4.02,45.49,2026-07-31,2026-07-31
Billings,MT,"Billings, MT",Yellowstone County,406266.39146727143,2.39,1436.7660570638511,3.17,17241.192684766214,0.354,23.6,4.24,2.76,Lean Rent,121483,3.63,171583,3.86,3.93,5.58,4.69,30.69,2026-07-31,2026-07-31
Concord,CA,"San Francisco-Oakland-Berkeley, CA",Contra Costa County,733409.1297515007,-1.17,2598.7501261564344,2.79,31185.001513877214,0.354,23.5,4.25,2.76,Lean Rent,124016,-1.01,1172607,0.55,6.48,3.5,2.91,32.35,2026-07-31,2026-07-31
Greeley,CO,"Greeley, CO",Weld County,419596.98517981527,-1.42,1487.2324867724867,-0.62,17846.78984126984,0.354,23.5,4.25,2.76,Lean Rent,114363,4.64,369745,11.55,19.05,4.01,5.91,24.45,2026-07-31,2026-07-31
National City,CA,"San Diego-Chula Vista-Carlsbad, CA",San Diego County,692459.1838847711,1.94,2447.824621212121,0.33,29373.895454545454,0.353,23.6,4.24,2.76,Lean Rent,58460,-4.91,3298799,-0.07,0.09,6.51,4.02,45.49,2026-07-31,2026-07-31
Morrisville,NC,"Raleigh-Cary, NC",Wake County,478096.45146200893,-4.98,1688.7564525203425,-0.29,20265.07743024411,0.353,23.6,4.24,2.76,Lean Rent,32628,8.5,1232444,9,18.32,7.54,9.49,35.57,2026-07-31,2026-07-31
Lawndale,CA,"Los Angeles-Long Beach-Anaheim, CA",Los Angeles County,786283.5010642513,0.93,2783.3333333333335,3.58,33400,0.354,23.5,4.25,2.76,Lean Rent,30160,-4.95,9757179,-2.4,0.03,6.45,4.01,53.92,2026-07-31,2026-07-31
Lemon Grove,CA,"San Diego-Chula Vista-Carlsbad, CA",San Diego County,761918.6242501201,-0.65,2697.4555555555557,1.09,32369.466666666667,0.354,23.5,4.25,2.76,Lean Rent,27867,0.41,3298799,-0.07,0.09,6.51,4.02,45.49,2026-07-31,2026-07-31
East Palo Alto,CA,"San Francisco-Oakland-Berkeley, CA",San Mateo County,1016726.7852535116,-1.59,3603,NA,43236,0.354,23.5,4.25,2.76,Lean Rent,NA,NA,NA,NA,NA,NA,NA,NA,2026-07-31,2026-07-31
Souderton,PA,"Philadelphia-Camden-Wilmington, PA-NJ-DE-MD",Montgomery County,472163.1742363999,2.1,1670,NA,20040,0.354,23.6,4.24,2.76,Lean Rent,NA,NA,NA,NA,NA,NA,NA,NA,2026-07-31,2026-07-31
Philomath,OR,"Corvallis, OR",Benton County,529920.606923096,0.08,1876.1666666666667,NA,22514,0.354,23.5,4.25,2.76,Lean Rent,5795,8.48,98899,5.64,3.22,5.62,4.76,43.97,2026-07-31,2026-07-31
Topanga,CA,"Los Angeles-Long Beach-Anaheim, CA",Los Angeles County,1447027.5401080304,-3.54,5125,NA,61500,0.354,23.5,4.25,2.76,Lean Rent,NA,NA,NA,NA,NA,NA,NA,NA,2026-07-31,2026-07-31
Hempstead,TX,"Houston-The Woodlands-Sugar Land, TX",Waller County,290122.81629338267,0.33,1025,NA,12300,0.353,23.6,4.24,2.76,Lean Rent,NA,NA,NA,NA,NA,NA,NA,NA,2026-07-31,2026-07-31
Santa Clarita,CA,"Los Angeles-Long Beach-Anaheim, CA",Los Angeles County,799576.942840981,-1.12,2816.4255156532804,0.19,33797.10618783937,0.352,23.7,4.23,2.75,Lean Rent,229159,-1.4,9757179,-2.4,0.03,6.45,4.01,53.92,2026-07-31,2026-07-31
Centennial,CO,"Denver-Aurora-Lakewood, CO",Arapahoe County,641068.9482566417,-1.84,2259.48991377475,-0.07,27113.878965297,0.352,23.6,4.23,2.75,Lean Rent,108853,0.6,666918,1.77,3.13,4.55,5.64,34.88,2026-07-31,2026-07-31
Saint George,UT,"St. George, UT",Washington County,518372.26616492314,-1.1,1825.1816024507057,1.78,21902.179229408466,0.352,23.7,4.23,2.75,Lean Rent,NA,NA,207943,14.24,22.34,15.29,9.04,27.41,2026-07-31,2026-07-31
Bismarck,ND,"Bismarck, ND",Burleigh County,383424.2706019354,5.46,1352.9385836385836,3.91,16235.263003663003,0.353,23.6,4.23,2.75,Lean Rent,77772,5.47,103107,4.58,12.45,6.97,8.8,28.43,2026-07-31,2026-07-31
Ellicott City,MD,"Baltimore-Columbia-Towson, MD",Howard County,744554.0054804805,0.15,2622.5376984126983,2.5,31470.45238095238,0.352,23.7,4.23,2.75,Lean Rent,NA,NA,339668,2.06,3.73,3.55,5.06,28.29,2026-07-31,2026-07-31
Wake Forest,NC,"Raleigh-Cary, NC",Wake County,513720.2057062547,-1.2,1811.7773261065945,2.18,21741.327913279136,0.353,23.6,4.23,2.75,Lean Rent,56764,14.16,1232444,9,18.32,7.54,9.49,35.57,2026-07-31,2026-07-31
Waukesha,WI,"Milwaukee-Waukesha, WI",Waukesha County,428497.89828762173,6.34,1508.517676767677,4.19,18102.212121212124,0.352,23.7,4.22,2.75,Lean Rent,71461,0.45,417029,2.33,7.17,3.9,4.02,23.57,2026-07-31,2026-07-31
Lenexa,KS,"Kansas City, MO-KS",Johnson County,485239.1877489759,4.19,1711.8259269908206,3.16,20541.911123889848,0.353,23.6,4.23,2.75,Lean Rent,59427,3.3,632276,3.45,6.72,4.13,5,31.44,2026-07-31,2026-07-31
Princeton,NJ,"Trenton-Princeton, NJ",Mercer County,979904.8151162472,2.82,3461.032597815207,2.41,41532.39117378248,0.353,23.6,4.24,2.75,Lean Rent,31445,2.66,392138,1.46,11.79,6.07,3.03,38.11,2026-07-31,2026-07-31
Kennett Square,PA,"Philadelphia-Camden-Wilmington, PA-NJ-DE-MD",Chester County,630945.0763759242,2.47,2222.3611111111113,1.82,26668.333333333336,0.352,23.7,4.23,2.75,Lean Rent,6713,13.07,560745,4.84,7.29,3.95,3.98,25.05,2026-07-31,2026-07-31
Rathdrum,ID,"Coeur d'Alene, ID",Kootenai County,580503.18507659,2.64,2050.2380952380954,NA,24602.857142857145,0.353,23.6,4.24,2.75,Lean Rent,12626,35.89,188323,8.99,15.6,11.42,3.93,27.79,2026-07-31,2026-07-31
Mashpee,MA,"Barnstable Town, MA",Barnstable County,710069.5348390936,1.05,2500,NA,30000,0.352,23.7,4.22,2.75,Lean Rent,NA,NA,NA,NA,NA,NA,NA,NA,2026-07-31,2026-07-31
New Hope,PA,"Philadelphia-Camden-Wilmington, PA-NJ-DE-MD",Bucks County,972280.5771519992,7.07,3425,NA,41100,0.352,23.7,4.23,2.75,Lean Rent,NA,NA,NA,NA,NA,NA,NA,NA,2026-07-31,2026-07-31
Fife,WA,"Seattle-Tacoma-Bellevue, WA",Pierce County,557282.4304320881,-0.28,1962.2946127946127,3.04,23547.535353535353,0.352,23.7,4.23,2.75,Lean Rent,11077,0.12,941170,1.9,6.6,5.21,4.02,35.21,2026-07-31,2026-07-31
Templeton,CA,"San Luis Obispo-Paso Robles, CA",San Luis Obispo County,944425.9904456806,1.55,3333.3333333333335,NA,40000,0.353,23.6,4.24,2.75,Lean Rent,NA,NA,NA,NA,NA,NA,NA,NA,2026-07-31,2026-07-31
Monona,WI,"Madison, WI",Dane County,482083.00570673816,1.63,1698.888888888889,NA,20386.666666666668,0.352,23.6,4.23,2.75,Lean Rent,NA,NA,NA,NA,NA,NA,NA,NA,2026-07-31,2026-07-31
Hiawatha,IA,"Cedar Rapids, IA",Linn County,264918.292505305,5.34,932.3333333333334,NA,11188,0.352,23.7,4.22,2.75,Lean Rent,7347,2.33,231762,0.58,8.41,6.8,8.73,26.69,2026-07-31,2026-07-31
Forestville,CA,"Santa Rosa-Petaluma, CA",Sonoma County,634705.9700288834,-2.24,2237.5,NA,26850,0.353,23.6,4.23,2.75,Lean Rent,NA,NA,NA,NA,NA,NA,NA,NA,2026-07-31,2026-07-31
San Marcos,CA,"San Diego-Chula Vista-Carlsbad, CA",San Diego County,953736.0680501251,-0.44,3346.321572449642,1.99,40155.858869395706,0.351,23.8,4.21,2.74,Lean Rent,96620,1.77,3298799,-0.07,0.09,6.51,4.02,45.49,2026-07-31,2026-07-31
Farmington Hills,MI,"Detroit-Warren-Dearborn, MI",Oakland County,395175.6988905235,2.53,1387.5084656084657,4.74,16650.10158730159,0.351,23.7,4.21,2.74,Lean Rent,84173,0.42,1296888,1.91,10.58,5.25,6.51,27.73,2026-07-31,2026-07-31
Eden Prairie,MN,"Minneapolis-St. Paul-Bloomington, MN-WI",Hennepin County,508113.59782330226,2.75,1782.1226893261776,3.9,21385.472271914132,0.351,23.8,4.21,2.74,Lean Rent,62905,-1.99,1273334,-0.65,4.24,5.29,5.38,37.05,2026-07-31,2026-07-31
Mililani,HI,"Urban Honolulu, HI",Honolulu County,876447.0012783714,1.24,3078.4920634920636,5.14,36941.90476190476,0.351,23.7,4.21,2.74,Lean Rent,NA,NA,998747,-1.35,1.96,9.47,5.27,40.46,2026-07-31,2026-07-31
Reisterstown,MD,"Baltimore-Columbia-Towson, MD",Baltimore County,420244.6257571103,0.73,1473.561507936508,4.37,17682.738095238095,0.351,23.8,4.21,2.74,Lean Rent,NA,NA,852425,-0.11,3.96,5.75,5.61,33.67,2026-07-31,2026-07-31
South Kingstown,RI,"Providence-Warwick, RI-MA",Washington County,727762.0003683907,6.05,2558.722222222222,7.89,30704.666666666664,0.352,23.7,4.22,2.74,Lean Rent,NA,NA,130333,0.43,4.25,21.22,4.07,23.17,2026-07-31,2026-07-31
South Salt Lake,UT,"Salt Lake City, UT",Salt Lake County,445967.1203710936,0.28,1568.3223214285715,0.32,18819.867857142857,0.352,23.7,4.22,2.74,Lean Rent,26561,-0.55,1216274,2.46,7.39,5.36,5.82,33,2026-07-31,2026-07-31
Pawleys Island,SC,"Georgetown, SC",Georgetown County,548832.047080174,0.14,1926,NA,23112,0.351,23.7,4.21,2.74,Lean Rent,NA,NA,NA,NA,NA,NA,NA,NA,2026-07-31,2026-07-31
Spring Grove,PA,"York-Hanover, PA",York County,336514.65367903875,3.5,1182.2222222222224,NA,14186.666666666668,0.351,23.7,4.22,2.74,Lean Rent,NA,NA,NA,NA,NA,NA,NA,NA,2026-07-31,2026-07-31
Signal Hill,CA,"Los Angeles-Long Beach-Anaheim, CA",Los Angeles County,707406.1580677755,-0.57,2488.516666666667,NA,29862.200000000004,0.352,23.7,4.22,2.74,Lean Rent,11279,-4.53,9757179,-2.4,0.03,6.45,4.01,53.92,2026-07-31,2026-07-31
Point Pleasant Beach,NJ,"New York-Newark-Jersey City, NY-NJ-PA",Ocean County,1133855.622886834,13.31,3988.8888888888887,NA,47866.666666666664,0.352,23.7,4.22,2.74,Lean Rent,NA,NA,NA,NA,NA,NA,NA,NA,2026-07-31,2026-07-31
Honolulu,HI,"Urban Honolulu, HI",Honolulu County,765367.413377915,1.41,2677.999443883283,4.86,32135.993326599397,0.35,23.8,4.2,2.73,Lean Rent,NA,NA,998747,-1.35,1.96,9.47,5.27,40.46,2026-07-31,2026-07-31
Corona,CA,"Riverside-San Bernardino-Ontario, CA",Riverside County,762968.5830494774,-0.55,2669.118485630439,3.25,32029.421827565267,0.35,23.8,4.2,2.73,Lean Rent,161540,2.66,2529933,4.34,7.33,11.37,4.89,31.14,2026-07-31,2026-07-31
Arvada,CO,"Denver-Aurora-Lakewood, CO",Jefferson County,605229.9026338648,-2.29,2117.1354166666665,0.96,25405.625,0.35,23.8,4.2,2.73,Lean Rent,121873,-2,578533,-0.79,0.75,4.44,4.86,29.39,2026-07-31,2026-07-31
Eau Claire,WI,"Eau Claire, WI",Eau Claire County,322317.7236917847,1.53,1126.5987654320988,1.44,13519.185185185186,0.35,23.8,4.19,2.73,Lean Rent,72331,4.09,108830,2.79,5.81,5.58,4.51,37.17,2026-07-31,2026-07-31
Folsom,CA,"Sacramento-Roseville-Folsom, CA",Sacramento County,763817.9541784996,-1.2,2670.438947393557,3.65,32045.267368722685,0.35,23.8,4.2,2.73,Lean Rent,88091,8.94,1611231,1.54,7.33,4.28,3.63,41.37,2026-07-31,2026-07-31
Framingham,MA,"Boston-Cambridge-Newton, MA-NH",Middlesex County,671985.2346890579,0.25,2354.5626696832583,-2.39,28254.752036199097,0.35,23.8,4.2,2.73,Lean Rent,73361,1.71,1668956,2.54,11.63,4.52,2.96,38.37,2026-07-31,2026-07-31
Rockville Centre,NY,"New York-Newark-Jersey City, NY-NJ-PA",Nassau County,990915.5282700412,6,3465,NA,41580,0.35,23.8,4.2,2.73,Lean Rent,25718,-0.68,1392438,0.13,2.32,4.56,4.6,18.07,2026-07-31,2026-07-31
Harleysville,PA,"Philadelphia-Camden-Wilmington, PA-NJ-DE-MD",Montgomery County,548150.8763043083,2.77,1916.5079365079368,NA,22998.095238095244,0.35,23.8,4.2,2.73,Lean Rent,NA,NA,NA,NA,NA,NA,NA,NA,2026-07-31,2026-07-31
Tukwila,WA,"Seattle-Tacoma-Bellevue, WA",King County,578580.9840537584,-0.72,2023.5174825174824,3.41,24282.20979020979,0.35,23.8,4.2,2.73,Lean Rent,21636,-0.51,2340211,2.9,15.35,6.12,5.05,43.91,2026-07-31,2026-07-31
Valley Center,CA,"San Diego-Chula Vista-Carlsbad, CA",San Diego County,938891.3090017908,-0.13,3285.833333333333,NA,39430,0.35,23.8,4.2,2.73,Lean Rent,NA,NA,NA,NA,NA,NA,NA,NA,2026-07-31,2026-07-31
Morrison,CO,"Denver-Aurora-Lakewood, CO",Jefferson County,714076.7750858575,-2.71,2500.611111111111,NA,30007.33333333333,0.35,23.8,4.2,2.73,Lean Rent,394,-1.01,578533,-0.79,0.75,4.44,4.86,29.39,2026-07-31,2026-07-31
La Grange,IL,"Chicago-Naperville-Elgin, IL-IN-WI",Cook County,677319.8250257768,12.13,2373.5333333333333,4.35,28482.4,0.35,23.8,4.21,2.73,Lean Rent,15943,-2.18,5182617,-1.6,5.9,8.18,4.67,42.49,2026-07-31,2026-07-31
Longmont,CO,"Boulder, CO",Boulder County,551599.6026360657,-1.84,1922.3006119244883,1.11,23067.60734309386,0.348,23.9,4.18,2.72,Lean Rent,99818,0.62,330262,-0.21,4.58,5.31,3.67,37.54,2026-07-31,2026-07-31
Logan,UT,"Logan, UT-ID",Cache County,395732.2141299867,2.43,1381.318134920635,4.41,16575.81761904762,0.349,23.9,4.19,2.72,Lean Rent,56770,7.38,145487,8.87,6.35,5.14,3.62,36.38,2026-07-31,2026-07-31
Beltsville,MD,"Washington-Arlington-Alexandria, DC-VA-MD-WV",Prince Georges County,460105.3361965968,-0.19,1602.4175925925929,-0.96,19229.011111111115,0.348,23.9,4.18,2.72,Lean Rent,NA,NA,NA,NA,NA,NA,NA,NA,2026-07-31,2026-07-31
Imperial Beach,CA,"San Diego-Chula Vista-Carlsbad, CA",San Diego County,844130.5414824056,2.59,2938.399691358025,1.42,35260.7962962963,0.348,23.9,4.18,2.72,Lean Rent,25568,-2.04,3298799,-0.07,0.09,6.51,4.02,45.49,2026-07-31,2026-07-31
Marshfield,MA,"Boston-Cambridge-Newton, MA-NH",Plymouth County,809854.1291131289,4.58,2824.8333333333335,4.26,33898,0.349,23.9,4.19,2.72,Lean Rent,NA,NA,542090,2.58,7.97,7.23,1.91,22.38,2026-07-31,2026-07-31
Huntingdon Valley,PA,"Philadelphia-Camden-Wilmington, PA-NJ-DE-MD",Montgomery County,644819.8503425805,2.07,2246.5,NA,26958,0.348,23.9,4.18,2.72,Lean Rent,NA,NA,879190,2.6,7.92,4.35,5.68,28.27,2026-07-31,2026-07-31
Dillsburg,PA,"York-Hanover, PA",York County,387404.02714987873,4.5,1348.75,NA,16185,0.348,23.9,4.18,2.72,Lean Rent,NA,NA,NA,NA,NA,NA,NA,NA,2026-07-31,2026-07-31
Angola,IN,"Angola, IN",Steuben County,311581.00424885604,5.99,1085,NA,13020,0.348,23.9,4.18,2.72,Lean Rent,9432,0.7,34862,1.2,0.86,27.76,4.45,19.82,2026-07-31,2026-07-31
Grand Terrace,CA,"Riverside-San Bernardino-Ontario, CA",San Bernardino County,591112.2255880353,0.08,2061.3714285714286,0.33,24736.457142857143,0.349,23.9,4.18,2.72,Lean Rent,12979,-1.34,2214281,1.41,1.68,9.55,3.22,38.46,2026-07-31,2026-07-31
Cape Elizabeth,ME,"Portland-South Portland, ME",Cumberland County,909412.7544541904,2.42,3165.8333333333335,NA,37990,0.348,23.9,4.18,2.72,Lean Rent,NA,NA,NA,NA,NA,NA,NA,NA,2026-07-31,2026-07-31
Guerneville,CA,"Santa Rosa-Petaluma, CA",Sonoma County,523265.20182161574,-3.71,1827.5,NA,21930,0.349,23.9,4.19,2.72,Lean Rent,NA,NA,NA,NA,NA,NA,NA,NA,2026-07-31,2026-07-31
Huntersville,NC,"Charlotte-Concord-Gastonia, NC-SC",Mecklenburg County,551513.4603769645,0.53,1914.614845119813,0.39,22975.378141437755,0.347,24,4.17,2.71,Lean Rent,67087,8.89,1206285,8.06,18.3,7.37,7.33,44.5,2026-07-31,2026-07-31
North Andover,MA,"Boston-Cambridge-Newton, MA-NH",Essex County,819280.5720209432,1.32,2850.773809523809,1.96,34209.28571428571,0.348,23.9,4.18,2.71,Lean Rent,NA,NA,823938,2,7.8,5.11,2.53,36.04,2026-07-31,2026-07-31
Duarte,CA,"Los Angeles-Long Beach-Anaheim, CA",Los Angeles County,797217.8625240466,1.23,2767.6809116809113,-1.27,33212.17094017094,0.347,24,4.17,2.71,Lean Rent,23493,8.42,9757179,-2.4,0.03,6.45,4.01,53.92,2026-07-31,2026-07-31
Winchester,TN,"Tullahoma-Manchester, TN",Franklin County,363563.14091160503,2.03,1262.5,NA,15150,0.347,24,4.17,2.71,Lean Rent,NA,NA,NA,NA,NA,NA,NA,NA,2026-07-31,2026-07-31
Ivins,UT,"St. George, UT",Washington County,613950.7585115692,-0.58,2129.1666666666665,NA,25550,0.347,24,4.16,2.71,Lean Rent,NA,NA,NA,NA,NA,NA,NA,NA,2026-07-31,2026-07-31
Spring Lake,NJ,"New York-Newark-Jersey City, NY-NJ-PA",Monmouth County,1520363.9755920498,15.03,5291.666666666667,39.51,63500,0.348,23.9,4.18,2.71,Lean Rent,2781,-0.22,647520,0.74,2.8,7.24,3.49,24.63,2026-07-31,2026-07-31
Alexandria,VA,"Washington-Arlington-Alexandria, DC-VA-MD-WV",Fairfax County,672586.3492808272,0.43,2325.446921524601,-1.23,27905.36305829521,0.346,24.1,4.15,2.7,Lean Rent,159102,-0.03,1160925,1.07,6.94,3.66,4.16,31.65,2026-07-31,2026-07-31
Wenatchee,WA,"Wenatchee, WA",Chelan County,500903.41558859294,0.24,1731.749373433584,1.19,20780.992481203008,0.346,24.1,4.15,2.7,Lean Rent,35401,-0.57,81228,2.42,11.45,19.16,4.16,36.67,2026-07-31,2026-07-31
Oro Valley,AZ,"Tucson, AZ",Pima County,502928.9911846707,-1.53,1742.6667464114832,2.5,20912.000956937798,0.347,24,4.16,2.7,Lean Rent,48855,3.45,1080149,3.34,11.47,9.34,5.65,35.19,2026-07-31,2026-07-31
Brookings,SD,"Brookings, SD",Brookings County,327724.29148574494,5.47,1134.7765151515152,2.91,13617.318181818184,0.346,24.1,4.16,2.7,Lean Rent,24555,5.07,36359,5.85,8.36,10.22,5.18,41.13,2026-07-31,2026-07-31
Fountain Hills,AZ,"Phoenix-Mesa-Chandler, AZ",Maricopa County,662184.1079676596,0.92,2293.815476190476,2.69,27525.785714285714,0.346,24.1,4.16,2.7,Lean Rent,23696,-0.74,4673096,5.12,9.38,8.29,5.4,34.99,2026-07-31,2026-07-31
Verona,WI,"Madison, WI",Dane County,597365.0055025892,0.62,2065.1018518518517,4.22,24781.22222222222,0.346,24.1,4.15,2.7,Lean Rent,16825,20.34,588347,4.57,11.72,3.59,2.98,42.34,2026-07-31,2026-07-31
Auburn,IN,"Auburn, IN",De Kalb County,283732.539025819,5.27,981.25,NA,11775,0.346,24.1,4.15,2.7,Lean Rent,NA,NA,NA,NA,NA,NA,NA,NA,2026-07-31,2026-07-31
Alamosa,CO,NA,Alamosa County,316729.35323594,2.95,1095,NA,13140,0.346,24.1,4.15,2.7,Lean Rent,9906,0.96,16689,1.92,-1.32,8.09,3.05,43.61,2026-07-31,2026-07-31
New Holland,PA,"Lancaster, PA",Lancaster County,418385.2433775421,4.74,1448.3333333333333,NA,17380,0.346,24.1,4.15,2.7,Lean Rent,NA,NA,NA,NA,NA,NA,NA,NA,2026-07-31,2026-07-31
Hardeeville,SC,"Hilton Head Island-Bluffton, SC",Jasper County,419728.3682387017,-7.21,1451.2333333333331,-3.08,17414.799999999996,0.346,24.1,4.15,2.7,Lean Rent,13862,79.26,35618,22.2,56.21,10.44,3.87,24.01,2026-07-31,2026-07-31
Plano,TX,"Dallas-Fort Worth-Arlington, TX",Collin County,499723.2090111567,-4.43,1722.2327343239438,-0.72,20666.792811887324,0.345,24.2,4.14,2.69,Lean Rent,293286,2.4,1254658,16.64,31.61,5.16,6.55,35.92,2026-07-31,2026-07-31
Pomona,CA,"Los Angeles-Long Beach-Anaheim, CA",Los Angeles County,690688.6996234899,-0.06,2377.896861184792,1.28,28534.762334217507,0.344,24.2,4.13,2.69,Lean Rent,147966,-2.05,9757179,-2.4,0.03,6.45,4.01,53.92,2026-07-31,2026-07-31
Allen,TX,"Dallas-Fort Worth-Arlington, TX",Collin County,493450.245274301,-5.88,1702.6128658900836,-0.28,20431.354390681005,0.345,24.2,4.14,2.69,Lean Rent,113746,7.76,1254658,16.64,31.61,5.16,6.55,35.92,2026-07-31,2026-07-31
Kalispell,MT,"Kalispell, MT",Flathead County,565555.2614440463,0.96,1951.6539432789432,4.31,23419.84731934732,0.345,24.1,4.14,2.69,Lean Rent,31296,23.86,114527,9.2,7.48,14.49,7.26,25.96,2026-07-31,2026-07-31
Potomac,MD,"Washington-Arlington-Alexandria, DC-VA-MD-WV",Montgomery County,1375110.274866468,-0.11,4746.2962962962965,5.61,56955.55555555556,0.345,24.1,4.14,2.69,Lean Rent,NA,NA,1082273,2.02,7.76,4.26,3.68,34.66,2026-07-31,2026-07-31
Keizer,OR,"Salem, OR",Marion County,453552.1357686662,0.1,1562.7666666666669,2.04,18753.200000000004,0.345,24.2,4.13,2.69,Lean Rent,39152,-0.44,352867,1.89,7.06,3.97,4.07,37.76,2026-07-31,2026-07-31
Gloucester,MA,"Boston-Cambridge-Newton, MA-NH",Essex County,784114.5059225084,2.03,2708.698412698413,7.39,32504.380952380954,0.345,24.1,4.15,2.69,Lean Rent,30491,2.5,823938,2,7.8,5.11,2.53,36.04,2026-07-31,2026-07-31
Bedford,NH,"Manchester-Nashua, NH",Hillsborough County,775862.0294223529,1.88,2674.1666666666665,NA,32090,0.345,24.2,4.14,2.69,Lean Rent,NA,NA,430462,1.78,5.81,5.1,3.09,32.47,2026-07-31,2026-07-31
Cheney,WA,"Spokane-Spokane Valley, WA",Spokane County,426825.11847045366,-0.57,1474.4400871459695,3.19,17693.281045751635,0.345,24.1,4.15,2.69,Lean Rent,12700,-5.08,555947,2.73,4.76,5.38,3.55,36.11,2026-07-31,2026-07-31
Dripping Springs,TX,"Austin-Round Rock-Georgetown, TX",Hays County,697226.48258318,-0.9,2404.6772486772484,4.36,28856.126984126982,0.345,24.2,4.14,2.69,Lean Rent,10165,98.88,292029,19.69,29.92,5.29,3.58,35.89,2026-07-31,2026-07-31
Prosser,WA,"Kennewick-Richland, WA",Benton County,426177.8873005318,0.18,1470,NA,17640,0.345,24.2,4.14,2.69,Lean Rent,NA,NA,NA,NA,NA,NA,NA,NA,2026-07-31,2026-07-31
Green River,WY,"Rock Springs, WY",Sweetwater County,299260.2643187812,1.78,1032.0833333333333,NA,12385,0.345,24.2,4.14,2.69,Lean Rent,NA,NA,NA,NA,NA,NA,NA,NA,2026-07-31,2026-07-31
Plainville,MA,"Boston-Cambridge-Newton, MA-NH",Norfolk County,612098.5221693328,1.45,2111.222222222222,NA,25334.666666666664,0.345,24.2,4.14,2.69,Lean Rent,NA,NA,740754,2.35,9.81,4.09,3.95,31.48,2026-07-31,2026-07-31
Fort Collins,CO,"Fort Collins, CO",Larimer County,565731.5884991064,-0.6,1943.0744157215104,1,23316.892988658125,0.343,24.3,4.12,2.68,Lean Rent,170924,0.55,374574,4.07,7.03,6.37,3.02,35.68,2026-07-31,2026-07-31
Paterson,NJ,"New York-Newark-Jersey City, NY-NJ-PA",Passaic County,542128.1545140628,4.67,1863.744937055282,0.04,22364.939244663383,0.344,24.2,4.13,2.68,Lean Rent,160463,0.71,526597,0.6,7.33,4.03,2.2,47.17,2026-07-31,2026-07-31
El Dorado Hills,CA,"Sacramento-Roseville-Folsom, CA",El Dorado County,919860.8304419626,0.36,3157.161616161616,3.7,37885.93939393939,0.343,24.3,4.12,2.68,Lean Rent,NA,NA,192823,0.82,3.5,19.67,6.98,23.61,2026-07-31,2026-07-31
McMinnville,OR,"Portland-Vancouver-Hillsboro, OR-WA",Yamhill County,488040.3009934157,-1.32,1678.8,0.98,20145.6,0.344,24.2,4.13,2.68,Lean Rent,35255,2.89,110886,2.92,16.32,4.68,2.84,30.06,2026-07-31,2026-07-31
De Pere,WI,"Green Bay, WI",Brown County,412395.9141667429,5.4,1415.1555555555558,NA,16981.86666666667,0.343,24.3,4.12,2.68,Lean Rent,25453,0.18,273909,1.84,4.22,3.4,2.45,35.38,2026-07-31,2026-07-31
Holmdel Township,NJ,"New York-Newark-Jersey City, NY-NJ-PA",Monmouth County,1123546.335346739,6.38,3866.6666666666665,NA,46400,0.344,24.2,4.13,2.68,Lean Rent,NA,NA,NA,NA,NA,NA,NA,NA,2026-07-31,2026-07-31
Collingswood,NJ,"Philadelphia-Camden-Wilmington, PA-NJ-DE-MD",Camden County,462954.0735063098,5.38,1588.325925925926,7.24,19059.911111111112,0.343,24.3,4.12,2.68,Lean Rent,14344,1.29,533988,2.07,5.74,5.92,4.3,34.97,2026-07-31,2026-07-31
Carrboro,NC,"Durham-Chapel Hill, NC",Orange County,429889.0954127174,-3.25,1478.8577075098813,-0.39,17746.292490118576,0.344,24.2,4.13,2.68,Lean Rent,21079,-0.95,152877,6.36,2.62,9.13,5.91,35.76,2026-07-31,2026-07-31
Vineyard,UT,"Provo-Orem, UT",Utah County,528778.1056732655,1.55,1815.9583333333333,-1.64,21791.5,0.343,24.3,4.12,2.68,Lean Rent,16077,24.54,747234,12.6,17.51,3.79,2.69,31.87,2026-07-31,2026-07-31
Pagosa Springs,CO,NA,Archuleta County,570090.6182254292,-1.36,1958.3333333333333,NA,23500,0.344,24.3,4.12,2.68,Lean Rent,NA,NA,NA,NA,NA,NA,NA,NA,2026-07-31,2026-07-31
Littleton,MA,"Boston-Cambridge-Newton, MA-NH",Middlesex County,790775.5946066147,1.16,2718.8888888888887,NA,32626.666666666664,0.344,24.2,4.13,2.68,Lean Rent,NA,NA,NA,NA,NA,NA,NA,NA,2026-07-31,2026-07-31
Rodeo,CA,"San Francisco-Oakland-Berkeley, CA",Contra Costa County,652886.0995371573,-3.33,2241.5,NA,26898,0.343,24.3,4.12,2.68,Lean Rent,NA,NA,NA,NA,NA,NA,NA,NA,2026-07-31,2026-07-31
Gresham,OR,"Portland-Vancouver-Hillsboro, OR-WA",Multnomah County,470729.8488725913,-0.67,1611.3519966372423,-0.76,19336.223959646908,0.342,24.3,4.11,2.67,Lean Rent,111507,-2.61,795897,-2.5,1.19,5.52,4.7,45.9,2026-07-31,2026-07-31
Des Moines,WA,"Seattle-Tacoma-Bellevue, WA",King County,607792.2480047316,-0.94,2083.688888888889,2.58,25004.266666666666,0.343,24.3,4.11,2.67,Lean Rent,33207,0.97,2340211,2.9,15.35,6.12,5.05,43.91,2026-07-31,2026-07-31
Allendale,MI,"Grand Rapids-Kentwood, MI",Ottawa County,412676.37742539216,5.16,1415,NA,16980,0.343,24.3,4.11,2.67,Lean Rent,NA,NA,NA,NA,NA,NA,NA,NA,2026-07-31,2026-07-31
Washington,UT,"St. George, UT",Washington County,543807.7181950185,-1.16,1861.7679738562092,3.2,22341.21568627451,0.342,24.3,4.11,2.67,Lean Rent,35501,23.96,207943,14.24,22.34,15.29,9.04,27.41,2026-07-31,2026-07-31
Wakefield,MA,"Boston-Cambridge-Newton, MA-NH",Middlesex County,829201.6546801616,2.16,2838.3796296296296,2.08,34060.555555555555,0.342,24.3,4.11,2.67,Lean Rent,NA,NA,1668956,2.54,11.63,4.52,2.96,38.37,2026-07-31,2026-07-31
North Potomac,MD,"Washington-Arlington-Alexandria, DC-VA-MD-WV",Montgomery County,895369.2006345857,-1.17,3061.055555555555,-2.92,36732.666666666664,0.342,24.4,4.1,2.67,Lean Rent,NA,NA,1082273,2.02,7.76,4.26,3.68,34.66,2026-07-31,2026-07-31
Wilton,CT,"Bridgeport-Stamford-Norwalk, CT",Fairfield County,1292517.8598033483,7.49,4430.3,NA,53163.600000000006,0.343,24.3,4.11,2.67,Lean Rent,NA,NA,NA,NA,NA,NA,NA,NA,2026-07-31,2026-07-31
La Grange Park,IL,"Chicago-Naperville-Elgin, IL-IN-WI",Cook County,504351.6479192746,10.11,1728.4444444444446,NA,20741.333333333336,0.343,24.3,4.11,2.67,Lean Rent,NA,NA,NA,NA,NA,NA,NA,NA,2026-07-31,2026-07-31
Berkeley Heights,NJ,"New York-Newark-Jersey City, NY-NJ-PA",Union County,980840.5517712884,6.72,3357,NA,40284,0.342,24.3,4.11,2.67,Lean Rent,NA,NA,NA,NA,NA,NA,NA,NA,2026-07-31,2026-07-31
Watford City,ND,NA,McKenzie County,386046.1117567896,6.71,1320.7777777777776,NA,15849.333333333332,0.342,24.4,4.11,2.67,Lean Rent,6207,-0.69,14782,0.04,25.77,23.16,19.07,44.89,2026-07-31,2026-07-31
Oakland,FL,"Orlando-Kissimmee-Sanford, FL",Orange County,570002.0710745588,0.81,1953.25,NA,23439,0.343,24.3,4.11,2.67,Lean Rent,NA,NA,NA,NA,NA,NA,NA,NA,2026-07-31,2026-07-31
Reno,NV,"Reno, NV",Washoe County,576945.0635676255,0.8,1966.7443783068784,5.68,23600.93253968254,0.341,24.4,4.09,2.66,Lean Rent,281714,6.31,507280,4.01,13.63,8.28,5.88,40.53,2026-07-31,2026-07-31
Queen Creek,AZ,"Phoenix-Mesa-Chandler, AZ",Pinal County,630976.9464658757,-0.13,2152.8677208517815,0.07,25834.412650221377,0.341,24.4,4.09,2.66,Lean Rent,83781,37.63,513862,19.44,51.32,12.6,6.32,19.48,2026-07-31,2026-07-31
Matthews,NC,"Charlotte-Concord-Gastonia, NC-SC",Mecklenburg County,514763.4767008384,0.48,1752.2822222222223,0.66,21027.38666666667,0.34,24.5,4.08,2.66,Lean Rent,32048,8.56,1206285,8.06,18.3,7.37,7.33,44.5,2026-07-31,2026-07-31
North Wales,PA,"Philadelphia-Camden-Wilmington, PA-NJ-DE-MD",Montgomery County,545581.1150584662,1.79,1858.892255892256,2.37,22306.70707070707,0.341,24.5,4.09,2.66,Lean Rent,3450,0.64,879190,2.6,7.92,4.35,5.68,28.27,2026-07-31,2026-07-31
Nipomo,CA,"San Luis Obispo-Paso Robles, CA",San Luis Obispo County,948967.698158145,3.23,3237.5,NA,38850,0.341,24.4,4.09,2.66,Lean Rent,NA,NA,NA,NA,NA,NA,NA,NA,2026-07-31,2026-07-31
Tarrytown,NY,"New York-Newark-Jersey City, NY-NJ-PA",Westchester County,899666.6394172763,11.78,3073.7833333333333,NA,36885.4,0.342,24.4,4.1,2.66,Lean Rent,NA,NA,NA,NA,NA,NA,NA,NA,2026-07-31,2026-07-31
Trophy Club,TX,"Dallas-Fort Worth-Arlington, TX",Denton County,698655.2540191865,-1.52,2384.1666666666665,NA,28610,0.341,24.4,4.1,2.66,Lean Rent,13704,-0.2,1045120,14.28,23.72,4.75,5.09,34.63,2026-07-31,2026-07-31
Bentonville,AR,"Fayetteville-Springdale-Rogers, AR",Benton County,492822.1311757565,3.06,1676.7446436077582,2.83,20120.9357232931,0.34,24.5,4.08,2.65,Lean Rent,61791,12.72,321566,12.19,23.43,9.14,4.86,32.8,2026-07-31,2026-07-31
Windermere,FL,"Orlando-Kissimmee-Sanford, FL",Orange County,711324.0574869408,-0.86,2415.288097565517,0.26,28983.457170786205,0.34,24.5,4.07,2.65,Lean Rent,3223,6.33,1533646,7.12,16.48,11.72,10.93,42.64,2026-07-31,2026-07-31
Norwood,MA,"Boston-Cambridge-Newton, MA-NH",Norfolk County,742351.5104110058,1.47,2518.7603663446057,1.01,30225.124396135267,0.339,24.6,4.07,2.65,Lean Rent,NA,NA,740754,2.35,9.81,4.09,3.95,31.48,2026-07-31,2026-07-31
Deer Park,NY,"New York-Newark-Jersey City, NY-NJ-PA",Suffolk County,659164.3325758855,-0.49,2237.5,NA,26850,0.339,24.5,4.07,2.65,Lean Rent,NA,NA,NA,NA,NA,NA,NA,NA,2026-07-31,2026-07-31
Purcellville,VA,"Washington-Arlington-Alexandria, DC-VA-MD-WV",Loudoun County,913161.4972885292,2.76,3100,NA,37200,0.339,24.5,4.07,2.65,Lean Rent,NA,NA,NA,NA,NA,NA,NA,NA,2026-07-31,2026-07-31
Wallington,NJ,"New York-Newark-Jersey City, NY-NJ-PA",Bergen County,694626.4519338626,9.34,2358.3333333333335,NA,28300,0.34,24.5,4.07,2.65,Lean Rent,12060,1.81,978641,2.61,10.38,4.13,3.53,34.64,2026-07-31,2026-07-31
Bala-Cynwyd,PA,"Philadelphia-Camden-Wilmington, PA-NJ-DE-MD",Montgomery County,698466.652715786,4.46,2370.444444444444,-0.05,28445.33333333333,0.339,24.6,4.07,2.65,Lean Rent,NA,NA,879190,2.6,7.92,4.35,5.68,28.27,2026-07-31,2026-07-31
Bargersville,IN,"Indianapolis-Carmel-Anderson, IN",Johnson County,458922.3036954323,3.32,1556.4166666666667,NA,18677,0.339,24.6,4.07,2.65,Lean Rent,NA,NA,NA,NA,NA,NA,NA,NA,2026-07-31,2026-07-31
Green Mountain Falls,CO,"Colorado Springs, CO",El Paso County,412621.9507114856,-0.95,1400,NA,16800,0.339,24.6,4.07,2.65,Lean Rent,NA,NA,NA,NA,NA,NA,NA,NA,2026-07-31,2026-07-31
Parker,CO,"Denver-Aurora-Lakewood, CO",Douglas County,682918.223627268,-2.06,2309.8442080008344,-2.78,27718.130496010013,0.338,24.6,4.06,2.64,Lean Rent,65473,11.25,393995,9.34,17.82,3.14,4.54,22.23,2026-07-31,2026-07-31
Fallbrook,CA,"San Diego-Chula Vista-Carlsbad, CA",San Diego County,886543.6289700661,0.4,3001.8353174603176,1.82,36022.02380952381,0.339,24.6,4.06,2.64,Lean Rent,NA,NA,3298799,-0.07,0.09,6.51,4.02,45.49,2026-07-31,2026-07-31
Auburn,CA,"Sacramento-Roseville-Folsom, CA",Placer County,636712.087350181,0.7,2152.7083333333335,5.01,25832.5,0.338,24.6,4.06,2.64,Lean Rent,13780,-0.1,433822,6.87,21.94,11.81,3.91,25.72,2026-07-31,2026-07-31
Urbandale,IA,"Des Moines-West Des Moines, IA",Polk County,354917.90648255,0.37,1203.0497835497831,4.03,14436.597402597397,0.339,24.6,4.07,2.64,Lean Rent,47759,4.79,516185,4.69,12.01,5.87,5,32.93,2026-07-31,2026-07-31
South Lyon,MI,"Detroit-Warren-Dearborn, MI",Oakland County,480161.9032298484,2.45,1625.1666666666667,NA,19502,0.338,24.6,4.06,2.64,Lean Rent,NA,NA,NA,NA,NA,NA,NA,NA,2026-07-31,2026-07-31
Seatac,WA,"Seattle-Tacoma-Bellevue, WA",King County,589242.920759749,-0.48,1996.497619047619,4.25,23957.97142857143,0.339,24.6,4.07,2.64,Lean Rent,NA,NA,2340211,2.9,15.35,6.12,5.05,43.91,2026-07-31,2026-07-31
Marquette,MI,"Marquette, MI",Marquette County,348149.97759520565,9.54,1179.2361111111113,3.76,14150.833333333336,0.339,24.6,4.06,2.64,Lean Rent,21845,3.33,67979,2.16,7.52,16.89,4.13,28.77,2026-07-31,2026-07-31
Voorhees Township,NJ,"Philadelphia-Camden-Wilmington, PA-NJ-DE-MD",Camden County,557844.418509272,8.84,1890.0821428571428,4.76,22680.985714285714,0.339,24.6,4.07,2.64,Lean Rent,NA,NA,533988,2.07,5.74,5.92,4.3,34.97,2026-07-31,2026-07-31
Astoria,OR,"Astoria, OR",Clatsop County,486425.5200647989,-0.16,1644.375,-1.09,19732.5,0.338,24.7,4.06,2.64,Lean Rent,9906,-2.79,41043,-0.28,3.02,22.18,2.03,38.33,2026-07-31,2026-07-31
Scotts Valley,CA,"Santa Cruz-Watsonville, CA",Santa Cruz County,1262127.6445983995,2.31,4278.333333333333,NA,51340,0.339,24.6,4.07,2.64,Lean Rent,11828,-3.23,262406,-3.44,-6,9.15,3.39,40.02,2026-07-31,2026-07-31
Eatontown,NJ,"New York-Newark-Jersey City, NY-NJ-PA",Monmouth County,650444.0579567376,7.09,2199,NA,26388,0.338,24.6,4.06,2.64,Lean Rent,13582,0.03,647520,0.74,2.8,7.24,3.49,24.63,2026-07-31,2026-07-31
Pacific,WA,"Seattle-Tacoma-Bellevue, WA",King County,555437.9126844282,-0.43,1878.7333333333331,NA,22544.799999999996,0.338,24.6,4.06,2.64,Lean Rent,7085,-2.11,2340211,2.9,15.35,6.12,5.05,43.91,2026-07-31,2026-07-31
Bal Harbour,FL,"Miami-Fort Lauderdale-Pompano Beach, FL",Miami-Dade County,1938510.8244916624,4.45,6557.380952380951,9.72,78688.57142857142,0.338,24.6,4.06,2.64,Lean Rent,3099,0.75,2838461,5.29,19.88,11.11,5.36,47.81,2026-07-31,2026-07-31
Cambridge,MA,"Boston-Cambridge-Newton, MA-NH",Middlesex County,1055779.7298420856,-1.06,3559.318882722981,2.85,42711.826592675774,0.337,24.7,4.05,2.63,Lean Rent,121186,2.52,1668956,2.54,11.63,4.52,2.96,38.37,2026-07-31,2026-07-31
Flagstaff,AZ,"Flagstaff, AZ",Coconino County,661291.4722265414,-0.28,2225.752292251906,1.39,26709.027507022874,0.337,24.8,4.04,2.63,Lean Rent,77539,0.58,145161,-0.02,-0.3,23.27,6.63,41.16,2026-07-31,2026-07-31
Apex,NC,"Raleigh-Cary, NC",Wake County,601961.9411291584,-1.99,2026.41046709282,1.55,24316.92560511384,0.337,24.8,4.04,2.63,Lean Rent,75977,16.51,1232444,9,18.32,7.54,9.49,35.57,2026-07-31,2026-07-31
Herndon,VA,"Washington-Arlington-Alexandria, DC-VA-MD-WV",Fairfax County,734699.2324237322,0.07,2481.7554860241967,0.13,29781.065832290362,0.338,24.7,4.05,2.63,Lean Rent,25180,2.41,1160925,1.07,6.94,3.66,4.16,31.65,2026-07-31,2026-07-31
Fitchburg,WI,"Madison, WI",Dane County,509067.164530187,0.03,1715.2610786224825,1.92,20583.13294346979,0.337,24.7,4.04,2.63,Lean Rent,34357,9.77,588347,4.57,11.72,3.59,2.98,42.34,2026-07-31,2026-07-31
Centerville,UT,"Ogden-Clearfield, UT",Davis County,587376.5254219786,3.17,1982.5,NA,23790,0.338,24.7,4.05,2.63,Lean Rent,NA,NA,NA,NA,NA,NA,NA,NA,2026-07-31,2026-07-31
North Reading,MA,"Boston-Cambridge-Newton, MA-NH",Middlesex County,835073.5206950941,2.64,2820,NA,33840,0.338,24.7,4.05,2.63,Lean Rent,NA,NA,NA,NA,NA,NA,NA,NA,2026-07-31,2026-07-31
York,ME,"Portland-South Portland, ME",York County,770141.6427684793,1.9,2592.8571428571427,NA,31114.28571428571,0.337,24.8,4.04,2.63,Lean Rent,NA,NA,NA,NA,NA,NA,NA,NA,2026-07-31,2026-07-31
Forest Acres,SC,"Columbia, SC",Richland County,336444.1839673451,5.72,1135.888888888889,-5.02,13630.666666666668,0.338,24.7,4.05,2.63,Lean Rent,10438,-1.72,430651,3.6,10.35,10.74,5.98,39.63,2026-07-31,2026-07-31
Gladstone,OR,"Portland-Vancouver-Hillsboro, OR-WA",Clackamas County,518084.3676996085,-0.03,1745.2222222222224,5.4,20942.666666666668,0.337,24.7,4.04,2.63,Lean Rent,11898,-1.23,425857,0.79,3.92,5.7,4.07,28.66,2026-07-31,2026-07-31
Spring City,PA,"Philadelphia-Camden-Wilmington, PA-NJ-DE-MD",Chester County,510340.1814558307,2.51,1718.888888888889,NA,20626.666666666668,0.337,24.7,4.04,2.63,Lean Rent,NA,NA,NA,NA,NA,NA,NA,NA,2026-07-31,2026-07-31
Miles City,MT,NA,Custer County,251742.09751622376,8.74,850,NA,10200,0.338,24.7,4.05,2.63,Lean Rent,NA,NA,NA,NA,NA,NA,NA,NA,2026-07-31,2026-07-31
Ijamsville,MD,"Washington-Arlington-Alexandria, DC-VA-MD-WV",Frederick County,727212.3144232115,0.74,2456.111111111111,NA,29473.33333333333,0.338,24.7,4.05,2.63,Lean Rent,NA,NA,299317,9.73,14.45,4.39,3.38,22.96,2026-07-31,2026-07-31
College Place,WA,"Walla Walla, WA",Walla Walla County,409083.5024044138,0.2,1380.925925925926,NA,16571.111111111113,0.338,24.7,4.05,2.63,Lean Rent,9846,-1.23,62068,-0.9,8.18,7.25,6.15,34.06,2026-07-31,2026-07-31
Oceanside,CA,"San Diego-Chula Vista-Carlsbad, CA",San Diego County,874096.5729059954,0.65,2940.156049382716,2.72,35281.87259259259,0.336,24.8,4.04,2.62,Lean Rent,170941,-1.8,3298799,-0.07,0.09,6.51,4.02,45.49,2026-07-31,2026-07-31
Fairfield,CT,"Bridgeport-Stamford-Norwalk, CT",Fairfield County,1002047.4591350984,7.76,3364.5215474583893,4.48,40374.25856950067,0.336,24.8,4.03,2.62,Lean Rent,NA,NA,NA,NA,NA,NA,NA,NA,2026-07-31,2026-07-31
Kailua Kona,HI,"Hilo, HI",Hawaii County,881477.1726875488,-1.41,2960.8333333333335,12.94,35530,0.336,24.8,4.03,2.62,Lean Rent,NA,NA,NA,NA,NA,NA,NA,NA,2026-07-31,2026-07-31
Lewiston,ID,"Lewiston, ID-WA",Nez Perce County,392881.1393704388,1.68,1320.5555555555557,NA,15846.666666666668,0.336,24.8,4.03,2.62,Lean Rent,NA,NA,NA,NA,NA,NA,NA,NA,2026-07-31,2026-07-31
Nutley,NJ,"New York-Newark-Jersey City, NY-NJ-PA",Essex County,660340.1991505286,3.07,2217.4722222222226,NA,26609.66666666667,0.336,24.8,4.03,2.62,Lean Rent,NA,NA,881527,2.5,15.1,5.39,2.7,55.47,2026-07-31,2026-07-31
Monroe,WA,"Seattle-Tacoma-Bellevue, WA",Snohomish County,722296.7438445938,-0.6,2429.8293650793653,6.41,29157.95238095238,0.336,24.8,4.04,2.62,Lean Rent,19927,-0.48,864113,4.11,11.83,4.9,4.3,31.61,2026-07-31,2026-07-31
Heber City,UT,"Heber, UT",Wasatch County,813511.5469754421,0.33,2728.753787878788,4.59,32745.045454545456,0.335,24.8,4.03,2.62,Lean Rent,NA,NA,37858,7.97,9.14,22.41,5.5,21.09,2026-07-31,2026-07-31
Madison,NJ,"New York-Newark-Jersey City, NY-NJ-PA",Morris County,1037909.252930412,7.53,3485.1388888888887,4.25,41821.666666666664,0.336,24.8,4.03,2.62,Lean Rent,16555,-2.05,523053,2.87,8.07,3.41,3.25,26.1,2026-07-31,2026-07-31
Fairview,NJ,"New York-Newark-Jersey City, NY-NJ-PA",Bergen County,668632.0167194115,6.13,2249.5833333333335,NA,26995,0.336,24.8,4.04,2.62,Lean Rent,15606,4.16,978641,2.61,10.38,4.13,3.53,34.64,2026-07-31,2026-07-31
Middletown,MD,"Washington-Arlington-Alexandria, DC-VA-MD-WV",Frederick County,572466.6944826843,0.8,1921.8333333333333,NA,23062,0.336,24.8,4.03,2.62,Lean Rent,NA,NA,NA,NA,NA,NA,NA,NA,2026-07-31,2026-07-31
Jersey Village,TX,"Houston-The Woodlands-Sugar Land, TX",Harris County,387115.6405394597,-1.09,1302.15873015873,-5.31,15625.90476190476,0.336,24.8,4.04,2.62,Lean Rent,7791,-1.91,5009302,5.78,13.97,8.3,8.76,45.24,2026-07-31,2026-07-31
Oyster Bay,NY,"New York-Newark-Jersey City, NY-NJ-PA",Nassau County,1060038.7735758298,7.65,3565.1111111111113,NA,42781.333333333336,0.336,24.8,4.04,2.62,Lean Rent,NA,NA,1392438,0.13,2.32,4.56,4.6,18.07,2026-07-31,2026-07-31
Arlington,VA,"Washington-Arlington-Alexandria, DC-VA-MD-WV",Arlington County,815537.9595994741,0.1,2728.768143157978,-0.13,32745.217717895735,0.335,24.9,4.02,2.61,Lean Rent,NA,NA,239807,0.41,13.23,7.63,4.68,58.15,2026-07-31,2026-07-31
West Chester,PA,"Philadelphia-Camden-Wilmington, PA-NJ-DE-MD",Chester County,669053.8220671051,2.81,2235.5867243867247,2.49,26827.040692640694,0.334,24.9,4.01,2.61,Lean Rent,22758,21.94,560745,4.84,7.29,3.95,3.98,25.05,2026-07-31,2026-07-31
Milwaukie,OR,"Portland-Vancouver-Hillsboro, OR-WA",Clackamas County,522701.7520791018,0.45,1749.1130434782608,0.78,20989.35652173913,0.335,24.9,4.02,2.61,Lean Rent,21620,2.12,425857,0.79,3.92,5.7,4.07,28.66,2026-07-31,2026-07-31
Palm Springs,CA,"Riverside-San Bernardino-Ontario, CA",Riverside County,617269.1319985942,-1.23,2069.4247685185187,2.51,24833.097222222226,0.335,24.9,4.02,2.61,Lean Rent,45453,1.81,2529933,4.34,7.33,11.37,4.89,31.14,2026-07-31,2026-07-31
Warrenton,VA,"Washington-Arlington-Alexandria, DC-VA-MD-WV",Fauquier County,690826.8139305371,2.09,2307.3888888888887,NA,27688.666666666664,0.334,24.9,4.01,2.61,Lean Rent,10224,1.75,75865,3.91,6.25,7.69,2.13,21.87,2026-07-31,2026-07-31
Bonners Ferry,ID,NA,Boundary County,471466.0492898381,3.31,1578,NA,18936,0.335,24.9,4.02,2.61,Lean Rent,NA,NA,NA,NA,NA,NA,NA,NA,2026-07-31,2026-07-31
Basalt,CO,"Edwards, CO",Eagle County,1440731.6218818044,6.35,4825,NA,57900,0.335,24.9,4.02,2.61,Lean Rent,NA,NA,NA,NA,NA,NA,NA,NA,2026-07-31,2026-07-31
Madeira Beach,FL,"Tampa-St. Petersburg-Clearwater, FL",Pinellas County,638889.1537734848,-4.46,2138.333333333333,NA,25659.999999999996,0.335,24.9,4.02,2.61,Lean Rent,NA,NA,NA,NA,NA,NA,NA,NA,2026-07-31,2026-07-31
Fort Mill,SC,"Charlotte-Concord-Gastonia, NC-SC",York County,529805.267634688,-1.72,1763.8367346938776,1.02,21166.04081632653,0.333,25,4,2.6,Rent Favored,36244,43.8,303001,6.74,13.44,5.45,4.52,26.57,2026-07-31,2026-07-31
Mooresville,NC,"Charlotte-Concord-Gastonia, NC-SC",Iredell County,484610.5687316899,-0.09,1615.8021645021645,0.33,19389.625974025974,0.333,25,4,2.6,Rent Favored,52884,4.59,206361,9.94,28.47,9.63,3.66,28.53,2026-07-31,2026-07-31
Waipahu,HI,"Urban Honolulu, HI",Honolulu County,870036.6508390418,2.54,2896.558404558405,5.64,34758.70085470086,0.333,25,4,2.6,Rent Favored,NA,NA,998747,-1.35,1.96,9.47,5.27,40.46,2026-07-31,2026-07-31
Helena,MT,"Helena, MT",Lewis and Clark County,484550.29427722894,2.96,1617.0494505494505,2.62,19404.593406593405,0.334,25,4,2.6,Rent Favored,34729,7.67,75129,5.55,4.15,9.4,4.39,30.31,2026-07-31,2026-07-31
Arlington,WA,"Seattle-Tacoma-Bellevue, WA",Snohomish County,664068.0786378909,0.75,2211.195816464238,4.14,26534.349797570852,0.333,25,4,2.6,Rent Favored,21959,9.55,864113,4.11,11.83,4.9,4.3,31.61,2026-07-31,2026-07-31
Forest Grove,OR,"Portland-Vancouver-Hillsboro, OR-WA",Washington County,526407.4651780826,-1.56,1753.2,-2.21,21038.4,0.333,25,4,2.6,Rent Favored,27076,3.79,611272,1.7,7.45,3.35,3.82,39.13,2026-07-31,2026-07-31
Middlebury,VT,NA,Addison County,465292.44541568664,0.99,1550,NA,18600,0.333,25,4,2.6,Rent Favored,NA,NA,NA,NA,NA,NA,NA,NA,2026-07-31,2026-07-31
Willows,CA,NA,Glenn County,318052.07259553246,4.46,1061.25,NA,12735,0.334,25,4,2.6,Rent Favored,NA,NA,NA,NA,NA,NA,NA,NA,2026-07-31,2026-07-31
Wickenburg,AZ,"Phoenix-Mesa-Chandler, AZ",Maricopa County,509024.06613127905,-0.87,1698,NA,20376,0.334,25,4,2.6,Rent Favored,NA,NA,NA,NA,NA,NA,NA,NA,2026-07-31,2026-07-31
Pinetop,AZ,"Show Low, AZ",Navajo County,554461.1945281896,0.33,1845,NA,22140,0.333,25,3.99,2.6,Rent Favored,NA,NA,NA,NA,NA,NA,NA,NA,2026-07-31,2026-07-31
Petaluma,CA,"Santa Rosa-Petaluma, CA",Sonoma County,903171.1070860408,-0.67,2996.4607843137255,4.57,35957.529411764706,0.332,25.1,3.98,2.59,Rent Favored,59393,-0.6,485375,-0.64,4.42,7.67,2.55,37.8,2026-07-31,2026-07-31
Broomfield,CO,"Denver-Aurora-Lakewood, CO",Broomfield County,627162.3227497215,-1,2081.3221638307346,-0.49,24975.865965968813,0.332,25.1,3.98,2.59,Rent Favored,78323,5.14,78323,5.14,14.71,4.15,3.46,37.41,2026-07-31,2026-07-31
Wayne,NJ,"New York-Newark-Jersey City, NY-NJ-PA",Passaic County,762408.4374195357,6.96,2535.614814814815,2.62,30427.37777777778,0.333,25.1,3.99,2.59,Rent Favored,NA,NA,526597,0.6,7.33,4.03,2.2,47.17,2026-07-31,2026-07-31
Williston,ND,"Williston, ND",Williams County,378684.2569755011,6.19,1256.0123630123628,-4.68,15072.148356148355,0.332,25.1,3.98,2.59,Rent Favored,28821,-1.7,40763,-1.03,25.64,24.56,26.91,42.76,2026-07-31,2026-07-31
Oconomowoc,WI,"Milwaukee-Waukesha, WI",Waukesha County,559247.2689053664,6.05,1857.5690235690236,4.67,22290.828282828283,0.332,25.1,3.99,2.59,Rent Favored,20002,9.83,417029,2.33,7.17,3.9,4.02,23.57,2026-07-31,2026-07-31
Agoura Hills,CA,"Los Angeles-Long Beach-Anaheim, CA",Los Angeles County,1242039.630576862,1.69,4126.309523809524,0.73,49515.71428571429,0.332,25.1,3.99,2.59,Rent Favored,19429,-3.96,9757179,-2.4,0.03,6.45,4.01,53.92,2026-07-31,2026-07-31
Sharon,MA,"Boston-Cambridge-Newton, MA-NH",Norfolk County,888167.6510137846,1.2,2945.5,2.35,35346,0.332,25.1,3.98,2.59,Rent Favored,NA,NA,740754,2.35,9.81,4.09,3.95,31.48,2026-07-31,2026-07-31
Falmouth,ME,"Portland-South Portland, ME",Cumberland County,910066.5232792426,2.41,3025,NA,36300,0.332,25.1,3.99,2.59,Rent Favored,NA,NA,313809,3.36,8.17,14.2,3.63,29.63,2026-07-31,2026-07-31
Brandon,SD,"Sioux Falls, SD",Minnehaha County,398367.04608230875,1.6,1325,NA,15900,0.333,25.1,3.99,2.59,Rent Favored,NA,NA,NA,NA,NA,NA,NA,NA,2026-07-31,2026-07-31
Morro Bay,CA,"San Luis Obispo-Paso Robles, CA",San Luis Obispo County,954594.6961696614,0.43,3165.8333333333335,9.19,37990,0.332,25.1,3.98,2.59,Rent Favored,10591,-1.58,281843,-0.03,0.58,12.79,4.74,38.1,2026-07-31,2026-07-31
Mahtomedi,MN,"Minneapolis-St. Paul-Bloomington, MN-WI",Washington County,492640.7987103775,4.31,1635,NA,19620,0.332,25.1,3.98,2.59,Rent Favored,NA,NA,NA,NA,NA,NA,NA,NA,2026-07-31,2026-07-31
Millburn,NJ,"New York-Newark-Jersey City, NY-NJ-PA",Essex County,1330001.1509065588,9.62,4419.444444444444,NA,53033.33333333333,0.332,25.1,3.99,2.59,Rent Favored,NA,NA,NA,NA,NA,NA,NA,NA,2026-07-31,2026-07-31
East Helena,MT,"Helena, MT",Broadwater County,448197.7084786974,2.38,1486.25,NA,17835,0.332,25.1,3.98,2.59,Rent Favored,NA,NA,NA,NA,NA,NA,NA,NA,2026-07-31,2026-07-31
Chico,CA,"Chico, CA",Butte County,464980.393516447,0.51,1540.7593634797024,1.99,18489.11236175643,0.331,25.1,3.98,2.58,Rent Favored,102911,-0.37,208334,-0.9,6.92,9.69,5.88,41.72,2026-07-31,2026-07-31
Provo,UT,"Provo-Orem, UT",Utah County,485083.78838285786,1.67,1605.2334772330148,4.34,19262.801726796177,0.331,25.2,3.97,2.58,Rent Favored,115479,0.33,747234,12.6,17.51,3.79,2.69,31.87,2026-07-31,2026-07-31
Lakewood,WA,"Seattle-Tacoma-Bellevue, WA",Pierce County,525021.2139912315,0.13,1736.5457417009357,1.5,20838.548900411228,0.331,25.2,3.97,2.58,Rent Favored,62709,-1.43,941170,1.9,6.6,5.21,4.02,35.21,2026-07-31,2026-07-31
South San Francisco,CA,"San Francisco-Oakland-Berkeley, CA",San Mateo County,1235803.735769088,2.1,4087.6158730158727,12.77,49051.39047619047,0.331,25.2,3.97,2.58,Rent Favored,64660,-1.89,742893,-2.6,8.67,7.4,7.73,40.91,2026-07-31,2026-07-31
Great Neck,NY,"New York-Newark-Jersey City, NY-NJ-PA",Nassau County,1503460.6272153214,6.15,4970,3.84,59640,0.331,25.2,3.97,2.58,Rent Favored,11075,-0.27,1392438,0.13,2.32,4.56,4.6,18.07,2026-07-31,2026-07-31
Aiea,HI,"Urban Honolulu, HI",Honolulu County,832879.2287260462,1.05,2757.577441077441,4.6,33090.92929292929,0.331,25.2,3.97,2.58,Rent Favored,NA,NA,998747,-1.35,1.96,9.47,5.27,40.46,2026-07-31,2026-07-31
Rolla,MO,"Rolla, MO",Phelps County,244776.92503731017,4.07,811.1322751322751,7.82,9733.587301587302,0.331,25.1,3.98,2.58,Rent Favored,20660,3.71,45672,2.48,4.73,12.85,5.27,38.09,2026-07-31,2026-07-31
Shingle Springs,CA,"Sacramento-Roseville-Folsom, CA",El Dorado County,671442.3114232748,0.07,2221.25,5.6,26655,0.331,25.2,3.97,2.58,Rent Favored,NA,NA,192823,0.82,3.5,19.67,6.98,23.61,2026-07-31,2026-07-31
Centralia,WA,"Centralia, WA",Lewis County,398862.48938579974,0.64,1317.654761904762,6.44,15811.857142857143,0.33,25.2,3.96,2.58,Rent Favored,19061,3.61,87049,5.43,11.18,10.33,4.27,25.84,2026-07-31,2026-07-31
Stanton,CA,"Los Angeles-Long Beach-Anaheim, CA",Orange County,797422.8662192007,1.4,2634.6876456876457,1.95,31616.25174825175,0.33,25.2,3.96,2.58,Rent Favored,41188,8.15,3170435,-0.5,2.33,5.61,4.39,43.55,2026-07-31,2026-07-31
Reading,MA,"Boston-Cambridge-Newton, MA-NH",Middlesex County,929618.9956992144,3.31,3074.111111111111,5.47,36889.33333333333,0.331,25.2,3.97,2.58,Rent Favored,NA,NA,1668956,2.54,11.63,4.52,2.96,38.37,2026-07-31,2026-07-31
Grove City,PA,"Youngstown-Warren-Boardman, OH-PA",Mercer County,223344.9260179362,-4.97,738.3333333333334,0.32,8860,0.331,25.2,3.97,2.58,Rent Favored,7749,-1.62,108140,-2.18,1.68,9.36,3.66,27.48,2026-07-31,2026-07-31
Duxbury,MA,"Boston-Cambridge-Newton, MA-NH",Plymouth County,1131969.2288017038,5.06,3744.722222222222,NA,44936.666666666664,0.331,25.2,3.97,2.58,Rent Favored,NA,NA,NA,NA,NA,NA,NA,NA,2026-07-31,2026-07-31
Wells,ME,"Portland-South Portland, ME",York County,592556.5821356382,2.2,1960,NA,23520,0.331,25.2,3.97,2.58,Rent Favored,NA,NA,NA,NA,NA,NA,NA,NA,2026-07-31,2026-07-31
Seward,NE,"Lincoln, NE",Seward County,317447.4987200284,8.44,1050,NA,12600,0.331,25.2,3.97,2.58,Rent Favored,NA,NA,NA,NA,NA,NA,NA,NA,2026-07-31,2026-07-31
Eudora,KS,"Lawrence, KS",Douglas County,343861.6078661607,4.59,1137.5,NA,13650,0.331,25.2,3.97,2.58,Rent Favored,NA,NA,NA,NA,NA,NA,NA,NA,2026-07-31,2026-07-31
Alamo Heights,TX,"San Antonio-New Braunfels, TX",Bexar County,739288.9923771195,1.07,2449.7833333333333,NA,29397.4,0.331,25.1,3.98,2.58,Rent Favored,7557,2.43,2127737,5.56,8.6,8.27,8.16,40.89,2026-07-31,2026-07-31
Cross Plains,WI,"Madison, WI",Dane County,520545.1946105941,2.59,1720.8333333333337,NA,20650.000000000004,0.331,25.2,3.97,2.58,Rent Favored,NA,NA,NA,NA,NA,NA,NA,NA,2026-07-31,2026-07-31
Inglewood,CA,"Los Angeles-Long Beach-Anaheim, CA",Los Angeles County,766920.3368841846,2.56,2525.5615468409587,-0.9,30306.738562091505,0.329,25.3,3.95,2.57,Rent Favored,102774,-4.31,9757179,-2.4,0.03,6.45,4.01,53.92,2026-07-31,2026-07-31
Fargo,ND,"Fargo, ND-MN",Cass County,326636.8055671452,4.05,1077.1665749908325,2.94,12925.99889988999,0.33,25.3,3.96,2.57,Rent Favored,136285,8.17,200945,8.68,8.16,6.66,6.56,48,2026-07-31,2026-07-31
Annandale,VA,"Washington-Arlington-Alexandria, DC-VA-MD-WV",Fairfax County,757541.3783119615,0.8,2498.0255555555555,-0.82,29976.306666666664,0.33,25.3,3.96,2.57,Rent Favored,NA,NA,1160925,1.07,6.94,3.66,4.16,31.65,2026-07-31,2026-07-31
Kaneohe,HI,"Urban Honolulu, HI",Honolulu County,1089620.3572381353,2.51,3593.1515151515155,1.44,43117.818181818184,0.33,25.3,3.96,2.57,Rent Favored,NA,NA,998747,-1.35,1.96,9.47,5.27,40.46,2026-07-31,2026-07-31
Fair Oaks,CA,"Sacramento-Roseville-Folsom, CA",Sacramento County,620128.1896660925,-0.29,2040.3417832167831,2.46,24484.101398601397,0.329,25.3,3.95,2.57,Rent Favored,NA,NA,1611231,1.54,7.33,4.28,3.63,41.37,2026-07-31,2026-07-31
Odessa,FL,"Tampa-St. Petersburg-Clearwater, FL",Hillsborough County,688616.0085589766,-0.77,2266.2215007215004,-0.72,27194.658008658007,0.329,25.3,3.95,2.57,Rent Favored,NA,NA,1581426,7.85,12.2,7.8,6.74,38.94,2026-07-31,2026-07-31
Evergreen,CO,"Denver-Aurora-Lakewood, CO",Clear Creek County,892221.4856657181,-2.18,2941.726190476191,3.88,35300.71428571429,0.33,25.3,3.96,2.57,Rent Favored,NA,NA,9076,-3.03,-3.42,21.78,10.97,17.44,2026-07-31,2026-07-31
Cudahy,CA,"Los Angeles-Long Beach-Anaheim, CA",Los Angeles County,697308.4958752674,2.83,2300,NA,27600,0.33,25.3,3.96,2.57,Rent Favored,NA,NA,NA,NA,NA,NA,NA,NA,2026-07-31,2026-07-31
Payson,UT,"Provo-Orem, UT",Utah County,477163.6457666385,1.52,1573.2539682539682,NA,18879.04761904762,0.33,25.3,3.96,2.57,Rent Favored,24666,15.61,747234,12.6,17.51,3.79,2.69,31.87,2026-07-31,2026-07-31
Boulder City,NV,"Las Vegas-Henderson-Paradise, NV",Clark County,473568.2318540876,-1.75,1560.8333333333333,2.85,18730,0.33,25.3,3.96,2.57,Rent Favored,15029,0.87,2398871,5.4,16.64,9.46,7.1,42.95,2026-07-31,2026-07-31
Los Osos,CA,"San Luis Obispo-Paso Robles, CA",San Luis Obispo County,874146.8487638395,2.22,2875,NA,34500,0.329,25.3,3.95,2.57,Rent Favored,NA,NA,NA,NA,NA,NA,NA,NA,2026-07-31,2026-07-31
Ayer,MA,"Boston-Cambridge-Newton, MA-NH",Middlesex County,576361.6197541307,2.59,1900,NA,22800,0.33,25.3,3.96,2.57,Rent Favored,NA,NA,NA,NA,NA,NA,NA,NA,2026-07-31,2026-07-31
Atlantic Highlands,NJ,"New York-Newark-Jersey City, NY-NJ-PA",Monmouth County,865810.2104515493,7.17,2855.5,NA,34266,0.33,25.3,3.96,2.57,Rent Favored,4402,-0.27,647520,0.74,2.8,7.24,3.49,24.63,2026-07-31,2026-07-31
Warrenton,OR,"Astoria, OR",Clatsop County,505967.31606388575,-1.29,1665,NA,19980,0.329,25.3,3.95,2.57,Rent Favored,NA,NA,NA,NA,NA,NA,NA,NA,2026-07-31,2026-07-31
Salinas,CA,"Salinas, CA",Monterey County,753867.6689947178,0.91,2472.0037037037036,5.63,29664.044444444444,0.328,25.4,3.93,2.56,Rent Favored,160783,-1.6,436251,-0.97,-4.66,8.72,2.33,47.72,2026-07-31,2026-07-31
West Valley City,UT,"Salt Lake City, UT",Salt Lake County,472173.6066412017,0.62,1552.713582627951,-0.77,18632.56299153541,0.329,25.3,3.95,2.56,Rent Favored,138144,-1.32,1216274,2.46,7.39,5.36,5.82,33,2026-07-31,2026-07-31
Falls Church,VA,"Washington-Arlington-Alexandria, DC-VA-MD-WV",Fairfax County,780582.9637701107,0.22,2561.93355020165,0.47,30743.202602419802,0.328,25.4,3.94,2.56,Rent Favored,15034,2.43,1160925,1.07,6.94,3.66,4.16,31.65,2026-07-31,2026-07-31
Shrewsbury,MA,"Worcester, MA-CT",Worcester County,701873.3382167654,0.54,2302.50104427736,-0.24,27630.01253132832,0.328,25.4,3.94,2.56,Rent Favored,NA,NA,881248,2.82,8.7,5.7,3.41,34.33,2026-07-31,2026-07-31
East Meadow,NY,"New York-Newark-Jersey City, NY-NJ-PA",Nassau County,821968.1023214763,6.18,2700,NA,32400,0.328,25.4,3.94,2.56,Rent Favored,NA,NA,NA,NA,NA,NA,NA,NA,2026-07-31,2026-07-31
Northglenn,CO,"Denver-Aurora-Lakewood, CO",Adams County,458943.6440118801,-2.91,1508.884277558191,-3.23,18106.61133069829,0.329,25.3,3.95,2.56,Rent Favored,38287,0.65,542973,4.31,8.16,3.55,3.6,31.13,2026-07-31,2026-07-31
Lafayette,CO,"Boulder, CO",Boulder County,672615.0798731622,-2.01,2211.383928571429,-0.35,26536.607142857145,0.329,25.3,3.95,2.56,Rent Favored,30587,0.61,330262,-0.21,4.58,5.31,3.67,37.54,2026-07-31,2026-07-31
Wheat Ridge,CO,"Denver-Aurora-Lakewood, CO",Jefferson County,595582.0482852788,-2.49,1952.1301587301589,-0.12,23425.561904761907,0.328,25.4,3.93,2.56,Rent Favored,31999,-1.19,578533,-0.79,0.75,4.44,4.86,29.39,2026-07-31,2026-07-31
Sheridan,WY,"Sheridan, WY",Sheridan County,438621.6382645123,1.27,1440,NA,17280,0.328,25.4,3.94,2.56,Rent Favored,NA,NA,NA,NA,NA,NA,NA,NA,2026-07-31,2026-07-31
Brawley,CA,"El Centro, CA",Imperial County,365418.7254758941,4.6,1200,NA,14400,0.328,25.4,3.94,2.56,Rent Favored,NA,NA,NA,NA,NA,NA,NA,NA,2026-07-31,2026-07-31
Newport,RI,"Providence-Warwick, RI-MA",Newport County,962239.7774553276,7.82,3156.4807017543862,2.71,37877.768421052635,0.328,25.4,3.94,2.56,Rent Favored,24482,-2.52,83468,-2.39,-1.38,16.92,7.6,32.56,2026-07-31,2026-07-31
Mechanicville,NY,"Albany-Schenectady-Troy, NY",Saratoga County,500407.83076171175,5.47,1643.3333333333333,NA,19720,0.328,25.4,3.94,2.56,Rent Favored,5083,-1.53,240360,1.93,6.74,10.16,5.99,27.83,2026-07-31,2026-07-31
Montpelier,VT,"Barre, VT",Washington County,433563.1863193146,1.15,1425,NA,17100,0.329,25.4,3.94,2.56,Rent Favored,NA,NA,NA,NA,NA,NA,NA,NA,2026-07-31,2026-07-31
Ogden,UT,"Ogden-Clearfield, UT",Weber County,399732.6548597768,0.13,1307.0403339054456,0.78,15684.484006865347,0.327,25.5,3.92,2.55,Rent Favored,88656,1.55,276118,4.99,7.11,6.33,4.96,25.45,2026-07-31,2026-07-31
Littleton,CO,"Denver-Aurora-Lakewood, CO",Jefferson County,625520.2545904921,-2.12,2047.1842400367752,-1.13,24566.210880441304,0.327,25.5,3.93,2.55,Rent Favored,44879,-1.58,578533,-0.79,0.75,4.44,4.86,29.39,2026-07-31,2026-07-31
Dublin,OH,"Columbus, OH",Franklin County,569121.3428976177,1.2,1859.9051709401708,3.81,22318.86205128205,0.327,25.5,3.92,2.55,Rent Favored,49456,0.23,1356303,2.4,7.58,6.96,3.98,47.03,2026-07-31,2026-07-31
Longview,WA,"Longview, WA",Cowlitz County,392665.169552142,0.04,1284.1746031746034,-1.17,15410.09523809524,0.327,25.5,3.92,2.55,Rent Favored,38294,1.12,113982,2.67,8.67,5.39,2.32,33.85,2026-07-31,2026-07-31
Coppell,TX,"Dallas-Fort Worth-Arlington, TX",Dallas County,621362.0982658287,-0.91,2032.4715191618416,-1.65,24389.6582299421,0.327,25.5,3.93,2.55,Rent Favored,41785,-2.46,2656028,1.73,0.15,7.76,8.95,49.22,2026-07-31,2026-07-31
Springville,UT,"Provo-Orem, UT",Utah County,510384.6410339582,2.15,1668.4190476190477,1.75,20021.02857142857,0.327,25.5,3.92,2.55,Rent Favored,36027,1.93,747234,12.6,17.51,3.79,2.69,31.87,2026-07-31,2026-07-31
Long Branch,NJ,"New York-Newark-Jersey City, NY-NJ-PA",Monmouth County,837568.0713485121,6.13,2742.729532163743,5.99,32912.754385964916,0.327,25.4,3.93,2.55,Rent Favored,33214,4.87,647520,0.74,2.8,7.24,3.49,24.63,2026-07-31,2026-07-31
Silverdale,WA,"Bremerton-Silverdale-Port Orchard, WA",Kitsap County,610290.2771270819,1.49,1998.4204365079363,2.59,23981.045238095234,0.327,25.4,3.93,2.55,Rent Favored,NA,NA,281420,2.03,11.34,6.99,3.99,29.85,2026-07-31,2026-07-31
Lahaina,HI,"Kahului-Wailuku-Lahaina, HI",Maui County,979349.5188681304,-8.14,3201.6666666666665,5.94,38420,0.327,25.5,3.92,2.55,Rent Favored,NA,NA,163688,-0.68,-8.08,23.26,22.16,35.01,2026-07-31,2026-07-31
Rutherford,NJ,"New York-Newark-Jersey City, NY-NJ-PA",Bergen County,767910.6574314744,5.45,2505.922222222222,0.91,30071.066666666666,0.326,25.5,3.92,2.55,Rent Favored,19214,2.26,978641,2.61,10.38,4.13,3.53,34.64,2026-07-31,2026-07-31
Destin,FL,"Crestview-Fort Walton Beach-Destin, FL",Okaloosa County,624659.7638659385,0.57,2044.9298245614036,-0.05,24539.157894736843,0.327,25.5,3.93,2.55,Rent Favored,13991,0.38,220483,3.95,1.51,17.91,14.17,32.25,2026-07-31,2026-07-31
Salida,CO,NA,Chaffee County,724898.4680581916,0.08,2366.6666666666665,NA,28400,0.326,25.5,3.92,2.55,Rent Favored,6007,5.16,20780,6.63,11.36,18.74,4.89,27.06,2026-07-31,2026-07-31
Cuba,MO,NA,Crawford County,229719.18127819264,7.97,750,NA,9000,0.326,25.5,3.92,2.55,Rent Favored,NA,NA,NA,NA,NA,NA,NA,NA,2026-07-31,2026-07-31
Altoona,WI,"Eau Claire, WI",Eau Claire County,340745.49917696667,2.06,1112.5,NA,13350,0.326,25.5,3.92,2.55,Rent Favored,9302,10.55,108830,2.79,5.81,5.58,4.51,37.17,2026-07-31,2026-07-31
Oakmont,PA,"Pittsburgh, PA",Allegheny County,345493.13760570827,0.16,1129.1666666666667,NA,13550,0.327,25.5,3.92,2.55,Rent Favored,NA,NA,NA,NA,NA,NA,NA,NA,2026-07-31,2026-07-31
Holly Springs,NC,"Raleigh-Cary, NC",Wake County,580845.2832783634,-0.97,1893.28088336784,3.93,22719.37060041408,0.326,25.6,3.91,2.54,Rent Favored,48674,17.08,1232444,9,18.32,7.54,9.49,35.57,2026-07-31,2026-07-31
Brainerd,MN,"Brainerd, MN",Crow Wing County,319888.8331726528,3.68,1039.861111111111,NA,12478.333333333332,0.325,25.6,3.9,2.54,Rent Favored,14400,0.17,68642,3.56,6.88,31.79,1.87,22.63,2026-07-31,2026-07-31
Ferndale,WA,"Bellingham, WA",Whatcom County,621441.9825967682,0.54,2023.47619047619,6.5,24281.71428571428,0.326,25.6,3.91,2.54,Rent Favored,16706,10.3,234954,3.3,9.58,9.34,3.08,36.47,2026-07-31,2026-07-31
Dallas,OR,"Salem, OR",Polk County,481280.12204717094,1.46,1568.75,-0.64,18825,0.326,25.6,3.91,2.54,Rent Favored,17911,5.36,90549,2.89,3.24,5.43,3.94,35.41,2026-07-31,2026-07-31
Key West,FL,"Key West, FL",Monroe County,1016063.0806026092,-1.89,3311.805555555555,-3.03,39741.666666666664,0.326,25.6,3.91,2.54,Rent Favored,25240,-4.25,80908,-2.35,-5.34,36.36,20.39,36.61,2026-07-31,2026-07-31
Moorestown Township,NJ,"Philadelphia-Camden-Wilmington, PA-NJ-DE-MD",Burlington County,779040.8031623064,4.63,2537.222222222222,NA,30446.666666666664,0.326,25.6,3.91,2.54,Rent Favored,NA,NA,NA,NA,NA,NA,NA,NA,2026-07-31,2026-07-31
East Greenwich,RI,"Providence-Warwick, RI-MA",Kent County,820206.3391892876,3.45,2675,15,32100,0.326,25.6,3.91,2.54,Rent Favored,NA,NA,172450,1.19,6.54,4.69,3.57,27.85,2026-07-31,2026-07-31
Scappoose,OR,"Portland-Vancouver-Hillsboro, OR-WA",Columbia County,490109.1883958912,-1.38,1595.2222222222224,NA,19142.666666666668,0.325,25.6,3.91,2.54,Rent Favored,NA,NA,NA,NA,NA,NA,NA,NA,2026-07-31,2026-07-31
Parkville,MO,"Kansas City, MO-KS",Platte County,596255.7734265324,3.33,1937.861111111111,NA,23254.333333333332,0.325,25.6,3.9,2.54,Rent Favored,8980,20.25,113207,5.61,6.94,5.93,6.25,32.98,2026-07-31,2026-07-31
Salisbury,CT,"Torrington, CT",Litchfield County,937488.8647599224,3.9,3050,NA,36600,0.325,25.6,3.9,2.54,Rent Favored,NA,NA,NA,NA,NA,NA,NA,NA,2026-07-31,2026-07-31
Simi Valley,CA,"Oxnard-Thousand Oaks-Ventura, CA",Ventura County,841774.3457980595,-0.99,2729.5069124423967,0.86,32754.08294930876,0.324,25.7,3.89,2.53,Rent Favored,125778,-0.45,835427,-0.99,0.32,5.64,3.81,35.84,2026-07-31,2026-07-31
East Los Angeles,CA,"Los Angeles-Long Beach-Anaheim, CA",Los Angeles County,678991.5926096947,0.28,2203.5833333333335,5.38,26443,0.325,25.7,3.89,2.53,Rent Favored,NA,NA,9757179,-2.4,0.03,6.45,4.01,53.92,2026-07-31,2026-07-31
Martinez,CA,"San Francisco-Oakland-Berkeley, CA",Contra Costa County,766181.7847569246,-2.41,2485.382275132275,2.89,29824.5873015873,0.324,25.7,3.89,2.53,Rent Favored,37006,-0.49,1172607,0.55,6.48,3.5,2.91,32.35,2026-07-31,2026-07-31
West Hollywood,CA,"Los Angeles-Long Beach-Anaheim, CA",Los Angeles County,997069.7621641926,-1.12,3236.139750417711,1.73,38833.677005012534,0.325,25.7,3.89,2.53,Rent Favored,34371,-3.71,9757179,-2.4,0.03,6.45,4.01,53.92,2026-07-31,2026-07-31
Pullman,WA,"Pullman, WA",Whitman County,435862.8918562896,-2.67,1414.4733893557425,7.14,16973.68067226891,0.325,25.7,3.89,2.53,Rent Favored,33543,2.09,48399,1.21,8.95,15.45,15.47,53.4,2026-07-31,2026-07-31
Neenah,WI,"Oshkosh-Neenah, WI",Winnebago County,313905.7053195191,3.81,1020.1666666666666,3.78,12242,0.325,25.6,3.9,2.53,Rent Favored,27502,0.4,173307,0.88,7.15,6.27,4.7,34.21,2026-07-31,2026-07-31
Ridgefield,WA,"Portland-Vancouver-Hillsboro, OR-WA",Clark County,672927.4333613802,-0.65,2186.1719576719574,2.17,26234.06349206349,0.325,25.7,3.9,2.53,Rent Favored,15359,41.27,527269,4.33,6.69,3.84,3.08,33.79,2026-07-31,2026-07-31
Lomita,CA,"Los Angeles-Long Beach-Anaheim, CA",Los Angeles County,913537.2519798191,1.43,2958.6111111111113,1.37,35503.333333333336,0.324,25.7,3.89,2.53,Rent Favored,19841,-4.96,9757179,-2.4,0.03,6.45,4.01,53.92,2026-07-31,2026-07-31
Whitefish,MT,"Kalispell, MT",Flathead County,875317.0725153992,0.66,2841.269841269841,0.77,34095.23809523809,0.325,25.7,3.9,2.53,Rent Favored,9256,17.51,114527,9.2,7.48,14.49,7.26,25.96,2026-07-31,2026-07-31
Romeo,MI,"Detroit-Warren-Dearborn, MI",Macomb County,435459.9584507605,2.98,1411.3333333333333,NA,16936,0.324,25.7,3.89,2.53,Rent Favored,NA,NA,NA,NA,NA,NA,NA,NA,2026-07-31,2026-07-31
Mount Rainier,MD,"Washington-Arlington-Alexandria, DC-VA-MD-WV",Prince Georges County,455392.92584190535,-2.57,1476.2222222222224,NA,17714.666666666668,0.324,25.7,3.89,2.53,Rent Favored,8269,-0.51,NA,NA,NA,NA,NA,NA,2026-07-31,2026-07-31
Cornwall,NY,"Poughkeepsie-Newburgh-Middletown, NY",Orange County,539249.926502202,3.45,1750,NA,21000,0.325,25.7,3.89,2.53,Rent Favored,NA,NA,NA,NA,NA,NA,NA,NA,2026-07-31,2026-07-31
Portland,OR,"Portland-Vancouver-Hillsboro, OR-WA",Multnomah County,534269.9768371704,-0.12,1722.9283257686343,0.56,20675.13990922361,0.322,25.8,3.87,2.52,Rent Favored,635749,-2.67,795897,-2.5,1.19,5.52,4.7,45.9,2026-07-31,2026-07-31
Hendersonville,TN,"Nashville-Davidson--Murfreesboro--Franklin, TN",Sumner County,523224.2970374091,0.52,1691.2051719238418,2.17,20294.462063086103,0.323,25.8,3.88,2.52,Rent Favored,63947,2.94,211721,7.24,14.08,5.74,5.01,27.78,2026-07-31,2026-07-31
Oregon City,OR,"Portland-Vancouver-Hillsboro, OR-WA",Clackamas County,605330.2872304553,0.11,1954.7187363834423,-3.08,23456.62483660131,0.323,25.8,3.88,2.52,Rent Favored,38327,1.46,425857,0.79,3.92,5.7,4.07,28.66,2026-07-31,2026-07-31
La Puente,CA,"Los Angeles-Long Beach-Anaheim, CA",Los Angeles County,724716.9993636672,0.78,2345.8333333333335,NA,28150,0.324,25.7,3.88,2.52,Rent Favored,NA,NA,NA,NA,NA,NA,NA,NA,2026-07-31,2026-07-31
Northport,NY,"New York-Newark-Jersey City, NY-NJ-PA",Suffolk County,966141.883465963,2.74,3116.6666666666665,NA,37400,0.323,25.8,3.87,2.52,Rent Favored,NA,NA,NA,NA,NA,NA,NA,NA,2026-07-31,2026-07-31
Napa,CA,"Napa, CA",Napa County,873488.58227651,-2.79,2807.5294418842805,0.68,33690.353302611366,0.321,25.9,3.86,2.51,Rent Favored,76921,-3.05,132727,-3.45,-4.02,10.68,4.97,35.6,2026-07-31,2026-07-31
Davis,CA,"Sacramento-Roseville-Folsom, CA",Yolo County,840166.1070190395,-1.9,2701.678122144915,1.85,32420.137465738982,0.322,25.9,3.86,2.51,Rent Favored,67125,0.33,225251,3.44,8.98,6.01,4.8,46.44,2026-07-31,2026-07-31
Edina,MN,"Minneapolis-St. Paul-Bloomington, MN-WI",Hennepin County,631925.7298701764,3.84,2036.9921114391705,2.8,24443.905337270044,0.322,25.9,3.87,2.51,Rent Favored,53564,0.37,1273334,-0.65,4.24,5.29,5.38,37.05,2026-07-31,2026-07-31
Cornelius,NC,"Charlotte-Concord-Gastonia, NC-SC",Mecklenburg County,528679.0935021443,1.04,1703.573544368167,-1.98,20442.882532418003,0.322,25.9,3.87,2.51,Rent Favored,34366,9.02,1206285,8.06,18.3,7.37,7.33,44.5,2026-07-31,2026-07-31
Enumclaw,WA,"Seattle-Tacoma-Bellevue, WA",King County,675271.6613086268,-0.32,2169.035714285714,2.17,26028.428571428572,0.321,25.9,3.85,2.51,Rent Favored,13173,4.38,941170,1.9,6.6,5.21,4.02,35.21,2026-07-31,2026-07-31
Orinda,CA,"San Francisco-Oakland-Berkeley, CA",Contra Costa County,1987799.063947304,1.06,6393.833333333333,NA,76726,0.322,25.9,3.86,2.51,Rent Favored,NA,NA,NA,NA,NA,NA,NA,NA,2026-07-31,2026-07-31
Hatfield,PA,"Philadelphia-Camden-Wilmington, PA-NJ-DE-MD",Montgomery County,488955.0192852281,1.81,1575,4.36,18900,0.322,25.9,3.87,2.51,Rent Favored,3514,0.75,879190,2.6,7.92,4.35,5.68,28.27,2026-07-31,2026-07-31
West Haven,UT,"Ogden-Clearfield, UT",Weber County,529421.0212533056,0.67,1701.3809523809523,-0.33,20416.571428571428,0.321,25.9,3.86,2.51,Rent Favored,24617,43.46,276118,4.99,7.11,6.33,4.96,25.45,2026-07-31,2026-07-31
Laurel,MT,"Billings, MT",Yellowstone County,385699.4759319763,1.28,1239.5833333333333,NA,14875,0.321,25.9,3.86,2.51,Rent Favored,NA,NA,NA,NA,NA,NA,NA,NA,2026-07-31,2026-07-31
Pleasantville,NY,"New York-Newark-Jersey City, NY-NJ-PA",Westchester County,1040996.2242360136,3.64,3350,NA,40200,0.322,25.9,3.86,2.51,Rent Favored,NA,NA,NA,NA,NA,NA,NA,NA,2026-07-31,2026-07-31
Chubbuck,ID,"Pocatello, ID",Bannock County,388663.0917073811,1.26,1252.0380952380951,-1.72,15024.457142857142,0.322,25.9,3.87,2.51,Rent Favored,16577,5.81,91010,4.27,2.9,6.57,4.12,31.37,2026-07-31,2026-07-31
Ridgefield,NJ,"New York-Newark-Jersey City, NY-NJ-PA",Bergen County,791543.7121345921,7.25,2543.3333333333335,NA,30520,0.321,25.9,3.86,2.51,Rent Favored,NA,NA,NA,NA,NA,NA,NA,NA,2026-07-31,2026-07-31
Medical Lake,WA,"Spokane-Spokane Valley, WA",Spokane County,434664.503451295,1.58,1400,NA,16800,0.322,25.9,3.87,2.51,Rent Favored,NA,NA,NA,NA,NA,NA,NA,NA,2026-07-31,2026-07-31
Carmel Valley,CA,"Salinas, CA",Monterey County,1444759.4485490955,-1.19,4650,NA,55800,0.322,25.9,3.86,2.51,Rent Favored,NA,NA,NA,NA,NA,NA,NA,NA,2026-07-31,2026-07-31
Pismo Beach,CA,"San Luis Obispo-Paso Robles, CA",San Luis Obispo County,1098162.09799267,2.42,3529.3333333333335,10.03,42352,0.321,25.9,3.86,2.51,Rent Favored,7984,-0.98,281843,-0.03,0.58,12.79,4.74,38.1,2026-07-31,2026-07-31
Crockett,CA,"San Francisco-Oakland-Berkeley, CA",Contra Costa County,668894.441223422,-3.75,2150,NA,25800,0.321,25.9,3.86,2.51,Rent Favored,NA,NA,NA,NA,NA,NA,NA,NA,2026-07-31,2026-07-31
Terrell,NC,"Hickory-Lenoir-Morganton, NC",Catawba County,526837.6968154393,0.15,1696.25,NA,20355,0.322,25.9,3.86,2.51,Rent Favored,NA,NA,NA,NA,NA,NA,NA,NA,2026-07-31,2026-07-31
San Francisco,CA,"San Francisco-Oakland-Berkeley, CA",San Francisco County,1416277.7841498188,11.56,4538.798403487403,23.2,54465.580841848845,0.32,26,3.85,2.5,Rent Favored,827526,-5.41,827526,-5.41,9.13,11.88,6.12,61.5,2026-07-31,2026-07-31
Santa Ana,CA,"Los Angeles-Long Beach-Anaheim, CA",Orange County,869263.1450535062,2.62,2780.8032786885246,1.39,33369.639344262294,0.32,26,3.84,2.5,Rent Favored,316184,1.59,3170435,-0.5,2.33,5.61,4.39,43.55,2026-07-31,2026-07-31
Ventura,CA,"Oxnard-Thousand Oaks-Ventura, CA",Ventura County,898240.7400555704,0.59,2875.411489040061,2.03,34504.93786848073,0.32,26,3.84,2.5,Rent Favored,NA,NA,835427,-0.99,0.32,5.64,3.81,35.84,2026-07-31,2026-07-31
Auburn,WA,"Seattle-Tacoma-Bellevue, WA",King County,609464.4024123024,-0.37,1954.104575163399,1.17,23449.254901960787,0.321,26,3.85,2.5,Rent Favored,85513,-1.76,2340211,2.9,15.35,6.12,5.05,43.91,2026-07-31,2026-07-31
Federal Way,WA,"Seattle-Tacoma-Bellevue, WA",King County,598030.1334833702,-0.73,1920.3180418255045,2.36,23043.816501906054,0.321,26,3.85,2.5,Rent Favored,100252,-0.73,2340211,2.9,15.35,6.12,5.05,43.91,2026-07-31,2026-07-31
Post Falls,ID,"Coeur d'Alene, ID",Kootenai County,533761.2145992037,2.32,1711.872538055297,2.03,20542.470456663563,0.321,26,3.85,2.5,Rent Favored,45800,16.53,188323,8.99,15.6,11.42,3.93,27.79,2026-07-31,2026-07-31
Denver,NC,"Charlotte-Concord-Gastonia, NC-SC",Lincoln County,555396.9798924257,-0.68,1778.4074074074076,-1.01,21340.88888888889,0.32,26,3.84,2.5,Rent Favored,NA,NA,97611,11.98,19.15,7.54,3.05,21.53,2026-07-31,2026-07-31
Great Falls,VA,"Washington-Arlington-Alexandria, DC-VA-MD-WV",Fairfax County,1707751.7172004264,0.93,5481,NA,65772,0.321,26,3.85,2.5,Rent Favored,NA,NA,NA,NA,NA,NA,NA,NA,2026-07-31,2026-07-31
North Bend,WA,"Seattle-Tacoma-Bellevue, WA",King County,1005168.2213001548,-1.53,3224.8333333333335,5.55,38698,0.321,26,3.85,2.5,Rent Favored,8553,14.01,2340211,2.9,15.35,6.12,5.05,43.91,2026-07-31,2026-07-31
Kendall Park,NJ,"New York-Newark-Jersey City, NY-NJ-PA",Middlesex County,742708.8402310371,1.12,2381,NA,28572,0.321,26,3.85,2.5,Rent Favored,NA,NA,NA,NA,NA,NA,NA,NA,2026-07-31,2026-07-31
Alondra Park,CA,"Los Angeles-Long Beach-Anaheim, CA",Los Angeles County,871228.0028470968,2.08,2797.5,NA,33570,0.321,26,3.85,2.5,Rent Favored,NA,NA,NA,NA,NA,NA,NA,NA,2026-07-31,2026-07-31
Belleair,FL,"Tampa-St. Petersburg-Clearwater, FL",Pinellas County,740780.4217995354,1.79,2375,NA,28500,0.321,26,3.85,2.5,Rent Favored,NA,NA,NA,NA,NA,NA,NA,NA,2026-07-31,2026-07-31
Seaside Heights,NJ,"New York-Newark-Jersey City, NY-NJ-PA",Ocean County,741422.6471026364,9.13,2375,NA,28500,0.32,26,3.84,2.5,Rent Favored,NA,NA,NA,NA,NA,NA,NA,NA,2026-07-31,2026-07-31
Austin,TX,"Austin-Round Rock-Georgetown, TX",Travis County,504147.6983991167,-4.36,1610.1078452701188,-1.17,19321.294143241426,0.319,26.1,3.83,2.49,Rent Favored,993588,2.87,1363767,5.18,4.41,5.57,4.27,46.97,2026-07-31,2026-07-31
Lakewood,CO,"Denver-Aurora-Lakewood, CO",Jefferson County,565359.4091028864,-2.13,1802.646485539001,-1.8,21631.757826468012,0.319,26.1,3.83,2.49,Rent Favored,156868,0.38,578533,-0.79,0.75,4.44,4.86,29.39,2026-07-31,2026-07-31
Grapevine,TX,"Dallas-Fort Worth-Arlington, TX",Tarrant County,554187.810965239,1.47,1770.3537451630734,0.68,21244.24494195688,0.319,26.1,3.83,2.49,Rent Favored,51320,1.09,2230708,5.41,8.74,7.08,7.73,40.64,2026-07-31,2026-07-31
Midvale,UT,"Salt Lake City, UT",Salt Lake County,491874.032234273,0.7,1567.5215579710143,-0.38,18810.25869565217,0.319,26.1,3.82,2.49,Rent Favored,36219,0.29,1216274,2.46,7.39,5.36,5.82,33,2026-07-31,2026-07-31
Melrose,MA,"Boston-Cambridge-Newton, MA-NH",Middlesex County,930823.145440149,3.81,2968.5898550724637,2.69,35623.078260869566,0.319,26.1,3.83,2.49,Rent Favored,29938,0.67,1668956,2.54,11.63,4.52,2.96,38.37,2026-07-31,2026-07-31
Washougal,WA,"Portland-Vancouver-Hillsboro, OR-WA",Skamania County,645057.4900224666,0.63,2055.877777777778,0.15,24670.53333333334,0.319,26.1,3.82,2.49,Rent Favored,17944,5.24,12660,5.11,2.05,15.83,3.6,19.42,2026-07-31,2026-07-31
Westerly,RI,"Providence-Warwick, RI-MA",Washington County,638162.5428437123,8.48,2033.3333333333333,7.83,24400,0.319,26.2,3.82,2.49,Rent Favored,NA,NA,130333,0.43,4.25,21.22,4.07,23.17,2026-07-31,2026-07-31
Louisville,CO,"Boulder, CO",Boulder County,830316.1144091027,-0.81,2648.037037037037,3.1,31776.444444444445,0.319,26.1,3.83,2.49,Rent Favored,20811,-1.86,330262,-0.21,4.58,5.31,3.67,37.54,2026-07-31,2026-07-31
Thompsons Station,TN,"Nashville-Davidson--Murfreesboro--Franklin, TN",Williamson County,731634.3284250008,1.02,2336.472222222222,4.53,28037.666666666664,0.319,26.1,3.83,2.49,Rent Favored,NA,NA,269136,7.82,11.28,3.92,6.75,20.22,2026-07-31,2026-07-31
Stayton,OR,"Salem, OR",Marion County,471758.76352712855,1.17,1503,NA,18036,0.319,26.2,3.82,2.49,Rent Favored,NA,NA,NA,NA,NA,NA,NA,NA,2026-07-31,2026-07-31
West Point,UT,"Ogden-Clearfield, UT",Davis County,559720.8679114244,3.74,1788.488888888889,NA,21461.86666666667,0.32,26.1,3.83,2.49,Rent Favored,NA,NA,NA,NA,NA,NA,NA,NA,2026-07-31,2026-07-31
Minnetrista,MN,"Minneapolis-St. Paul-Bloomington, MN-WI",Hennepin County,690474.0681695048,2.61,2203.722222222222,NA,26444.666666666664,0.319,26.1,3.83,2.49,Rent Favored,NA,NA,NA,NA,NA,NA,NA,NA,2026-07-31,2026-07-31
Lake Bluff,IL,"Chicago-Naperville-Elgin, IL-IN-WI",Lake County,669380.4677343734,9.04,2133.055555555555,NA,25596.666666666664,0.319,26.2,3.82,2.49,Rent Favored,5600,-0.16,718604,0.73,3.75,4.97,4.19,25.6,2026-07-31,2026-07-31
Rockport,MA,"Boston-Cambridge-Newton, MA-NH",Essex County,896003.7825146938,3.56,2858.333333333333,NA,34300,0.319,26.1,3.83,2.49,Rent Favored,NA,NA,NA,NA,NA,NA,NA,NA,2026-07-31,2026-07-31
Santa Fe,NM,"Santa Fe, NM",Santa Fe County,591316.1629575862,0.63,1881.6074822932208,0.59,22579.28978751865,0.318,26.2,3.82,2.48,Rent Favored,90551,3.2,157765,1.75,10.83,10.73,4.43,29.38,2026-07-31,2026-07-31
Spring Valley,CA,"San Diego-Chula Vista-Carlsbad, CA",San Diego County,774222.5432077367,-0.44,2458.5740740740744,2.27,29502.88888888889,0.318,26.2,3.81,2.48,Rent Favored,NA,NA,3298799,-0.07,0.09,6.51,4.02,45.49,2026-07-31,2026-07-31
Carmichael,CA,"Sacramento-Roseville-Folsom, CA",Sacramento County,560632.1679424634,-0.3,1780.8442028985507,1.69,21370.130434782608,0.318,26.2,3.81,2.48,Rent Favored,NA,NA,1611231,1.54,7.33,4.28,3.63,41.37,2026-07-31,2026-07-31
Cerritos,CA,"Los Angeles-Long Beach-Anaheim, CA",Los Angeles County,1095590.506004406,3.17,3488.0530303030305,3.3,41856.63636363637,0.318,26.2,3.82,2.48,Rent Favored,46851,-5.15,9757179,-2.4,0.03,6.45,4.01,53.92,2026-07-31,2026-07-31
Morristown,NJ,"New York-Newark-Jersey City, NY-NJ-PA",Morris County,920121.1354392295,6.27,2927.1069444444443,1.95,35125.28333333333,0.318,26.2,3.82,2.48,Rent Favored,20732,3.04,523053,2.87,8.07,3.41,3.25,26.1,2026-07-31,2026-07-31
Herriman,UT,"Salt Lake City, UT",Salt Lake County,605127.9592351192,1.07,1926.9865328874023,0.48,23123.83839464883,0.318,26.2,3.82,2.48,Rent Favored,62352,10.93,1216274,2.46,7.39,5.36,5.82,33,2026-07-31,2026-07-31
Claremont,CA,"Los Angeles-Long Beach-Anaheim, CA",Los Angeles County,1037848.8772996916,2.25,3300.2314814814818,3.95,39602.77777777778,0.318,26.2,3.82,2.48,Rent Favored,36139,-3.44,9757179,-2.4,0.03,6.45,4.01,53.92,2026-07-31,2026-07-31
Natick,MA,"Boston-Cambridge-Newton, MA-NH",Middlesex County,898768.6168346741,1.42,2857.0269360269363,4.22,34284.32323232324,0.318,26.2,3.81,2.48,Rent Favored,NA,NA,1668956,2.54,11.63,4.52,2.96,38.37,2026-07-31,2026-07-31
American Fork,UT,"Provo-Orem, UT",Utah County,529133.5581712853,2.24,1680.78835978836,1.05,20169.460317460318,0.318,26.2,3.81,2.48,Rent Favored,41298,23.06,747234,12.6,17.51,3.79,2.69,31.87,2026-07-31,2026-07-31
Jenkintown,PA,"Philadelphia-Camden-Wilmington, PA-NJ-DE-MD",Montgomery County,520741.4259130717,2.74,1655.8333333333333,5.94,19870,0.318,26.2,3.82,2.48,Rent Favored,4740,0.47,879190,2.6,7.92,4.35,5.68,28.27,2026-07-31,2026-07-31
Silverton,OR,"Salem, OR",Marion County,557307.6741029156,-0.55,1774.8888888888887,NA,21298.666666666664,0.318,26.2,3.82,2.48,Rent Favored,NA,NA,NA,NA,NA,NA,NA,NA,2026-07-31,2026-07-31
Rehoboth Beach,DE,"Salisbury, MD-DE",Sussex County,811381.7914263759,2.77,2575,NA,30900,0.317,26.3,3.81,2.48,Rent Favored,NA,NA,NA,NA,NA,NA,NA,NA,2026-07-31,2026-07-31
Palm Beach,FL,"Miami-Fort Lauderdale-Pompano Beach, FL",Palm Beach County,2134842.8931735097,0.16,6796.11111111111,17.63,81553.33333333333,0.318,26.2,3.82,2.48,Rent Favored,9493,2.67,1582055,5.87,15.98,16.36,6.94,30.14,2026-07-31,2026-07-31
Hayward,CA,"San Francisco-Oakland-Berkeley, CA",Alameda County,831558.2149647762,-4.35,2635.056570632433,2.95,31620.678847589195,0.317,26.3,3.8,2.47,Rent Favored,158440,-2.63,1649060,-1.88,3.29,5.96,5.26,45.93,2026-07-31,2026-07-31
Granite Bay,CA,"Sacramento-Roseville-Folsom, CA",Placer County,1173972.8519639398,2.95,3710.555555555555,NA,44526.666666666664,0.316,26.4,3.79,2.47,Rent Favored,NA,NA,NA,NA,NA,NA,NA,NA,2026-07-31,2026-07-31
Wimberley,TX,"Austin-Round Rock-Georgetown, TX",Hays County,604776.9055159146,0.27,1914.75,NA,22977,0.317,26.3,3.8,2.47,Rent Favored,NA,NA,NA,NA,NA,NA,NA,NA,2026-07-31,2026-07-31
Narragansett,RI,"Providence-Warwick, RI-MA",Washington County,868648.3958635941,4.6,2747.5,NA,32970,0.316,26.3,3.8,2.47,Rent Favored,NA,NA,NA,NA,NA,NA,NA,NA,2026-07-31,2026-07-31
Emmitsburg,MD,"Washington-Arlington-Alexandria, DC-VA-MD-WV",Frederick County,374741.9942166905,2.55,1187.5,NA,14250,0.317,26.3,3.8,2.47,Rent Favored,NA,NA,NA,NA,NA,NA,NA,NA,2026-07-31,2026-07-31
Tea,SD,"Sioux Falls, SD",Lincoln County,389840.8753265928,0.52,1236.5396825396826,NA,14838.47619047619,0.317,26.3,3.81,2.47,Rent Favored,NA,NA,NA,NA,NA,NA,NA,NA,2026-07-31,2026-07-31
Escondido,CA,"San Diego-Chula Vista-Carlsbad, CA",San Diego County,796993.8899767875,-0.24,2517.915952380952,0.56,30214.991428571426,0.316,26.4,3.79,2.46,Rent Favored,148847,-1.46,3298799,-0.07,0.09,6.51,4.02,45.49,2026-07-31,2026-07-31
Thousand Oaks,CA,"Oxnard-Thousand Oaks-Ventura, CA",Ventura County,1047272.8607929772,1.02,3307.0143692564743,2.38,39684.17243107769,0.316,26.4,3.79,2.46,Rent Favored,124229,-2.04,835427,-0.99,0.32,5.64,3.81,35.84,2026-07-31,2026-07-31
Carmel,IN,"Indianapolis-Carmel-Anderson, IN",Hamilton County,580014.217974366,4.6,1831.5878663293272,6.16,21979.054395951927,0.316,26.4,3.79,2.46,Rent Favored,103606,3.7,379704,8.79,14.45,5.14,7.51,23.72,2026-07-31,2026-07-31
Camarillo,CA,"Oxnard-Thousand Oaks-Ventura, CA",Ventura County,922463.6212776208,0.83,2908.727144120248,0.92,34904.72572944297,0.315,26.4,3.78,2.46,Rent Favored,69881,-1.19,835427,-0.99,0.32,5.64,3.81,35.84,2026-07-31,2026-07-31
Diamond Bar,CA,"Los Angeles-Long Beach-Anaheim, CA",Los Angeles County,1027045.5075633456,1.02,3243.7507936507936,0.82,38925.009523809524,0.316,26.4,3.79,2.46,Rent Favored,52292,-4.94,9757179,-2.4,0.03,6.45,4.01,53.92,2026-07-31,2026-07-31
Gettysburg,PA,"Gettysburg, PA",Adams County,376369.2434413119,3.3,1186.6666666666667,NA,14240,0.315,26.4,3.78,2.46,Rent Favored,8647,21.72,107914,3.96,9.05,6.84,3.96,20.94,2026-07-31,2026-07-31
Ridgewood,NJ,"New York-Newark-Jersey City, NY-NJ-PA",Bergen County,1273035.981353124,9.47,4018.75,NA,48225,0.316,26.4,3.79,2.46,Rent Favored,26701,3.1,978641,2.61,10.38,4.13,3.53,34.64,2026-07-31,2026-07-31
Benicia,CA,"Vallejo, CA",Solano County,784804.7274592305,1.12,2471.3742424242423,0.76,29656.490909090906,0.315,26.5,3.78,2.46,Rent Favored,26477,-2.32,455101,0.49,7.61,4.68,3.13,36.77,2026-07-31,2026-07-31
Edgewater,CO,"Denver-Aurora-Lakewood, CO",Jefferson County,583835.9763801194,-1.68,1839.4656084656085,NA,22073.5873015873,0.315,26.4,3.78,2.46,Rent Favored,4880,-2.54,578533,-0.79,0.75,4.44,4.86,29.39,2026-07-31,2026-07-31
Bend,OR,"Bend, OR",Deschutes County,732894.1447720524,-1.33,2301.5838897835033,2.97,27619.006677402038,0.314,26.5,3.77,2.45,Rent Favored,106926,7.26,211535,6.05,12.57,14.29,3.27,29.26,2026-07-31,2026-07-31
Keller,TX,"Dallas-Fort Worth-Arlington, TX",Tarrant County,654647.61364488,1.28,2057.8676470588234,4.43,24694.41176470588,0.314,26.5,3.77,2.45,Rent Favored,46643,2.02,2230708,5.41,8.74,7.08,7.73,40.64,2026-07-31,2026-07-31
Kihei,HI,"Kahului-Wailuku-Lahaina, HI",Maui County,1011430.7843309772,-8.24,3181.6329966329963,1.67,38179.59595959596,0.315,26.5,3.77,2.45,Rent Favored,NA,NA,163688,-0.68,-8.08,23.26,22.16,35.01,2026-07-31,2026-07-31
Cotati,CA,"Santa Rosa-Petaluma, CA",Sonoma County,728818.5841233922,-1.25,2292.5,NA,27510,0.315,26.5,3.77,2.45,Rent Favored,NA,NA,NA,NA,NA,NA,NA,NA,2026-07-31,2026-07-31
Rancho Mission Viejo,CA,"Los Angeles-Long Beach-Anaheim, CA",Orange County,1192510.8593259014,-0.08,3749.7222222222226,3.23,44996.66666666667,0.314,26.5,3.77,2.45,Rent Favored,NA,NA,3170435,-0.5,2.33,5.61,4.39,43.55,2026-07-31,2026-07-31
Farmington,NH,"Boston-Cambridge-Newton, MA-NH",Strafford County,429230.2898234862,6.75,1350,NA,16200,0.315,26.5,3.77,2.45,Rent Favored,NA,NA,NA,NA,NA,NA,NA,NA,2026-07-31,2026-07-31
Falcon Heights,MN,"Minneapolis-St. Paul-Bloomington, MN-WI",Ramsey County,423492.9725580619,2.54,1330,NA,15960,0.314,26.5,3.77,2.45,Rent Favored,NA,NA,NA,NA,NA,NA,NA,NA,2026-07-31,2026-07-31
Fairfax,VA,"Washington-Arlington-Alexandria, DC-VA-MD-WV",Fairfax County,787567.8628718368,0.5,2458.979966728368,-0.32,29507.759600740414,0.312,26.7,3.75,2.44,Rent Favored,26340,8.94,1160925,1.07,6.94,3.66,4.16,31.65,2026-07-31,2026-07-31
Layton,UT,"Ogden-Clearfield, UT",Davis County,527626.572888265,2.83,1653.4038724685277,1.51,19840.84646962233,0.313,26.6,3.76,2.44,Rent Favored,84348,2.8,378470,4.04,4.18,3.29,3.85,22.6,2026-07-31,2026-07-31
Hopkinton,MA,"Boston-Cambridge-Newton, MA-NH",Middlesex County,974288.8260986306,3.27,3047.1388888888887,1.59,36565.666666666664,0.313,26.6,3.75,2.44,Rent Favored,NA,NA,1668956,2.54,11.63,4.52,2.96,38.37,2026-07-31,2026-07-31
Manhasset,NY,"New York-Newark-Jersey City, NY-NJ-PA",Nassau County,2325086.459760628,9.31,7275,NA,87300,0.313,26.6,3.75,2.44,Rent Favored,NA,NA,NA,NA,NA,NA,NA,NA,2026-07-31,2026-07-31
Addison,TX,"Dallas-Fort Worth-Arlington, TX",Dallas County,508067.6155770476,-1.01,1586.8135024736475,0.03,19041.76202968377,0.312,26.7,3.75,2.44,Rent Favored,17257,0.98,2656028,1.73,0.15,7.76,8.95,49.22,2026-07-31,2026-07-31
Scituate,MA,"Boston-Cambridge-Newton, MA-NH",Plymouth County,1035098.1725741297,6.6,3243.75,NA,38925,0.313,26.6,3.76,2.44,Rent Favored,NA,NA,NA,NA,NA,NA,NA,NA,2026-07-31,2026-07-31
Flanders,NJ,"New York-Newark-Jersey City, NY-NJ-PA",Morris County,677506.5278056442,0.91,2120.944444444445,NA,25451.333333333336,0.313,26.6,3.76,2.44,Rent Favored,NA,NA,NA,NA,NA,NA,NA,NA,2026-07-31,2026-07-31
Pella,IA,"Pella, IA",Marion County,362860.8806566948,2.33,1134.5,4.42,13614,0.313,26.7,3.75,2.44,Rent Favored,10965,4.71,34048,1.9,10.4,6.02,4.97,22.25,2026-07-31,2026-07-31
Lake Grove,NY,"New York-Newark-Jersey City, NY-NJ-PA",Suffolk County,742295.1771236389,7.08,2320,NA,27840,0.313,26.7,3.75,2.44,Rent Favored,NA,NA,NA,NA,NA,NA,NA,NA,2026-07-31,2026-07-31
Decorah,IA,NA,Winneshiek County,314467.6110171508,2.65,985,NA,11820,0.313,26.6,3.76,2.44,Rent Favored,NA,NA,NA,NA,NA,NA,NA,NA,2026-07-31,2026-07-31
San Leandro,CA,"San Francisco-Oakland-Berkeley, CA",Alameda County,805034.1514769719,-2.3,2508.8391053391056,4.42,30106.069264069265,0.312,26.7,3.74,2.43,Rent Favored,86571,-4.58,1649060,-1.88,3.29,5.96,5.26,45.93,2026-07-31,2026-07-31
Suwanee,GA,"Atlanta-Sandy Springs-Alpharetta, GA",Gwinnett County,602592.2628260459,-2.68,1877.5756272401431,-1.16,22530.907526881718,0.312,26.7,3.74,2.43,Rent Favored,23062,9.71,1003869,4.75,5.96,3.94,4.99,33.31,2026-07-31,2026-07-31
Pleasant Grove,UT,"Provo-Orem, UT",Utah County,558073.4283372355,2.23,1737.4074074074076,4.08,20848.88888888889,0.311,26.8,3.74,2.43,Rent Favored,38127,1.05,747234,12.6,17.51,3.79,2.69,31.87,2026-07-31,2026-07-31
Chehalis,WA,"Centralia, WA",Lewis County,487588.8407278647,1.92,1517.7,NA,18212.4,0.311,26.8,3.74,2.43,Rent Favored,7717,3.18,87049,5.43,11.18,10.33,4.27,25.84,2026-07-31,2026-07-31
Woodland,WA,"Longview, WA",Cowlitz County,595519.487148241,1.98,1853.3333333333333,NA,22240,0.311,26.8,3.73,2.43,Rent Favored,NA,NA,NA,NA,NA,NA,NA,NA,2026-07-31,2026-07-31
Corte Madera,CA,"San Francisco-Oakland-Berkeley, CA",Marin County,1875401.3310980557,8.16,5832.033333333333,NA,69984.4,0.311,26.8,3.73,2.43,Rent Favored,10006,-1.96,256400,-1.89,2.96,7.74,3.07,36.12,2026-07-31,2026-07-31
Chadds Ford,PA,"Philadelphia-Camden-Wilmington, PA-NJ-DE-MD",Chester County,733122.6894003678,3.33,2284,NA,27408,0.312,26.7,3.74,2.43,Rent Favored,NA,NA,560745,4.84,7.29,3.95,3.98,25.05,2026-07-31,2026-07-31
North Logan,UT,"Logan, UT-ID",Cache County,558808.0244752244,6.55,1737.5,NA,20850,0.311,26.8,3.73,2.43,Rent Favored,NA,NA,NA,NA,NA,NA,NA,NA,2026-07-31,2026-07-31
Turpin Hills,OH,"Cincinnati, OH-KY-IN",Hamilton County,541177.3961888402,4.04,1684.484126984127,NA,20213.809523809523,0.311,26.8,3.74,2.43,Rent Favored,NA,NA,837359,0.84,4.18,7.42,4.2,41.01,2026-07-31,2026-07-31
New Rochelle,NY,"New York-Newark-Jersey City, NY-NJ-PA",Westchester County,964313.1621770896,7.74,2989.1090067340065,4.31,35869.30808080808,0.31,26.9,3.72,2.42,Rent Favored,85512,6.61,1006447,0.5,6.23,5.51,2.35,37.8,2026-07-31,2026-07-31
Gilroy,CA,"San Jose-Sunnyvale-Santa Clara, CA",Santa Clara County,1052956.0618398257,-0.1,3272.9345238095234,2.91,39275.21428571428,0.311,26.8,3.73,2.42,Rent Favored,60390,1.67,1926325,0.08,11.74,5.72,5.29,44.7,2026-07-31,2026-07-31
Lynden,WA,"Bellingham, WA",Whatcom County,633281.261554493,2.09,1961.6203703703704,0.28,23539.444444444445,0.31,26.9,3.72,2.42,Rent Favored,16783,6.18,234954,3.3,9.58,9.34,3.08,36.47,2026-07-31,2026-07-31
Mountlake Terrace,WA,"Seattle-Tacoma-Bellevue, WA",Snohomish County,678553.0938521973,-2.09,2108.822890559733,1.58,25305.874686716794,0.311,26.8,3.73,2.42,Rent Favored,25198,18.38,864113,4.11,11.83,4.9,4.3,31.61,2026-07-31,2026-07-31
Lincolnia,VA,"Washington-Arlington-Alexandria, DC-VA-MD-WV",Fairfax County,705381.7396980288,-0.07,2188.179487179487,2.16,26258.153846153844,0.31,26.9,3.72,2.42,Rent Favored,NA,NA,1160925,1.07,6.94,3.66,4.16,31.65,2026-07-31,2026-07-31
Liberty Lake,WA,"Spokane-Spokane Valley, WA",Spokane County,568076.9056903874,0.84,1763.8092592592593,0.44,21165.71111111111,0.31,26.8,3.73,2.42,Rent Favored,13353,10.02,555947,2.73,4.76,5.38,3.55,36.11,2026-07-31,2026-07-31
Manorville,NY,"New York-Newark-Jersey City, NY-NJ-PA",Suffolk County,727421.777553178,6.95,2253,NA,27036,0.31,26.9,3.72,2.42,Rent Favored,NA,NA,1535909,0.9,2.22,11.64,3.67,18.09,2026-07-31,2026-07-31
Helotes,TX,"San Antonio-New Braunfels, TX",Bexar County,472855.7053872989,0.17,1464.5555555555557,NA,17574.666666666668,0.31,26.9,3.72,2.42,Rent Favored,NA,NA,NA,NA,NA,NA,NA,NA,2026-07-31,2026-07-31
Sunset Beach,NC,"Myrtle Beach-Conway-North Myrtle Beach, SC-NC",Brunswick County,444399.7341681561,0.45,1377.6666666666663,NA,16531.999999999996,0.31,26.9,3.72,2.42,Rent Favored,NA,NA,NA,NA,NA,NA,NA,NA,2026-07-31,2026-07-31
West Covina,CA,"Los Angeles-Long Beach-Anaheim, CA",Los Angeles County,849988.0627629872,1,2624.952329638752,2.24,31499.42795566502,0.309,27,3.71,2.41,Rent Favored,106920,-2.05,9757179,-2.4,0.03,6.45,4.01,53.92,2026-07-31,2026-07-31
South Jordan,UT,"Salt Lake City, UT",Salt Lake County,664658.3989109945,1.55,2049.454097626511,2.83,24593.449171518136,0.308,27,3.7,2.41,Rent Favored,86156,10.52,1216274,2.46,7.39,5.36,5.82,33,2026-07-31,2026-07-31
La Habra,CA,"Los Angeles-Long Beach-Anaheim, CA",Orange County,912275.5403911876,1.47,2823.8397093102976,2.05,33886.07651172357,0.31,26.9,3.71,2.41,Rent Favored,61391,-2.57,3170435,-0.5,2.33,5.61,4.39,43.55,2026-07-31,2026-07-31
Hillsborough,NC,"Durham-Chapel Hill, NC",Orange County,475241.85026028537,-2.47,1466.5,-0.57,17598,0.309,27,3.7,2.41,Rent Favored,9773,1.2,152877,6.36,2.62,9.13,5.91,35.76,2026-07-31,2026-07-31
Oxford,MI,"Detroit-Warren-Dearborn, MI",Oakland County,414775.50717948686,3,1279.5555555555557,NA,15354.666666666668,0.308,27,3.7,2.41,Rent Favored,NA,NA,NA,NA,NA,NA,NA,NA,2026-07-31,2026-07-31
Ojai,CA,"Oxnard-Thousand Oaks-Ventura, CA",Ventura County,1161808.3471336465,0.53,3583.4583333333335,NA,43001.5,0.308,27,3.7,2.41,Rent Favored,7563,-0.96,835427,-0.99,0.32,5.64,3.81,35.84,2026-07-31,2026-07-31
Breckenridge,CO,"Breckenridge, CO",Summit County,1198292.4229417923,1,3708.730158730159,NA,44504.76190476191,0.31,26.9,3.71,2.41,Rent Favored,4892,-3.24,30882,-1.14,-3.89,61.23,39.16,30.78,2026-07-31,2026-07-31
Pine Brook,NJ,"New York-Newark-Jersey City, NY-NJ-PA",Morris County,939328.0288219812,4.52,2900.8333333333335,NA,34810,0.309,27,3.71,2.41,Rent Favored,NA,NA,523053,2.87,8.07,3.41,3.25,26.1,2026-07-31,2026-07-31
Steilacoom,WA,"Seattle-Tacoma-Bellevue, WA",Pierce County,645132.0325694971,0.21,1992.9333333333336,NA,23915.200000000004,0.309,27,3.71,2.41,Rent Favored,6649,-1.34,941170,1.9,6.6,5.21,4.02,35.21,2026-07-31,2026-07-31
Fairway,KS,"Kansas City, MO-KS",Johnson County,649958.540889121,9.5,2006.6666666666667,NA,24080,0.309,27,3.7,2.41,Rent Favored,NA,NA,NA,NA,NA,NA,NA,NA,2026-07-31,2026-07-31
Indian Rocks Beach,FL,"Tampa-St. Petersburg-Clearwater, FL",Pinellas County,782958.7406487368,-0.17,2423.75,NA,29085,0.31,26.9,3.71,2.41,Rent Favored,NA,NA,NA,NA,NA,NA,NA,NA,2026-07-31,2026-07-31
Vista,CA,"San Diego-Chula Vista-Carlsbad, CA",San Diego County,879716.1825226453,0.49,2708.43898989899,1.92,32501.267878787876,0.308,27.1,3.69,2.4,Rent Favored,99322,0.49,3298799,-0.07,0.09,6.51,4.02,45.49,2026-07-31,2026-07-31
Chesterfield,MO,"St. Louis, MO-IL",Saint Louis County,581833.8058565231,3.72,1792.6626984126983,4.89,21511.95238095238,0.308,27,3.7,2.4,Rent Favored,49465,-0.97,NA,NA,NA,NA,NA,NA,2026-07-31,2026-07-31
Brigham City,UT,"Ogden-Clearfield, UT",Box Elder County,414356.73132864945,2.01,1272.5,NA,15270,0.307,27.1,3.69,2.4,Rent Favored,NA,NA,NA,NA,NA,NA,NA,NA,2026-07-31,2026-07-31
Yarmouth,ME,"Portland-South Portland, ME",Cumberland County,775603.4254314009,2.48,2384.1666666666665,NA,28610,0.307,27.1,3.69,2.4,Rent Favored,NA,NA,NA,NA,NA,NA,NA,NA,2026-07-31,2026-07-31
Oakhurst,NJ,"New York-Newark-Jersey City, NY-NJ-PA",Monmouth County,1098269.245743185,9.19,3383.3333333333335,NA,40600,0.308,27.1,3.7,2.4,Rent Favored,NA,NA,NA,NA,NA,NA,NA,NA,2026-07-31,2026-07-31
San Diego,CA,"San Diego-Chula Vista-Carlsbad, CA",San Diego County,994682.0938178768,-1.04,3053.8430345153806,1.72,36646.116414184566,0.307,27.1,3.68,2.39,Rent Favored,1404452,1.42,3298799,-0.07,0.09,6.51,4.02,45.49,2026-07-31,2026-07-31
Hoover,AL,"Birmingham-Hoover, AL",Jefferson County,443267.55010407,3.04,1358.1868480725625,1.16,16298.24217687075,0.306,27.2,3.68,2.39,Rent Favored,93013,0.35,664744,-1.48,0.68,13.13,7.2,36.28,2026-07-31,2026-07-31
Chino Hills,CA,"Riverside-San Bernardino-Ontario, CA",San Bernardino County,985222.6778292014,1.51,3016.0633280339157,1.38,36192.75993640699,0.306,27.2,3.67,2.39,Rent Favored,77418,-1.32,2214281,1.41,1.68,9.55,3.22,38.46,2026-07-31,2026-07-31
Corvallis,OR,"Corvallis, OR",Benton County,565289.3379473601,-0.02,1730.987246069599,2.32,20771.84695283519,0.306,27.2,3.67,2.39,Rent Favored,61993,6.25,98899,5.64,3.22,5.62,4.76,43.97,2026-07-31,2026-07-31
Lynwood,CA,"Los Angeles-Long Beach-Anaheim, CA",Los Angeles County,694362.3954914747,3.53,2130,1.23,25560,0.307,27.2,3.68,2.39,Rent Favored,63596,-4.78,9757179,-2.4,0.03,6.45,4.01,53.92,2026-07-31,2026-07-31
Pocatello,ID,"Pocatello, ID",Bannock County,346110.4707751979,1.33,1061.265809046297,1.89,12735.189708555563,0.307,27.2,3.68,2.39,Rent Favored,58231,3.18,91010,4.27,2.9,6.57,4.12,31.37,2026-07-31,2026-07-31
Prescott,AZ,"Prescott Valley-Prescott, AZ",Yavapai County,599790.7363253608,-0.58,1838.16498015873,0.97,22057.97976190476,0.306,27.2,3.68,2.39,Rent Favored,48224,4.66,252013,6.23,16.63,12.2,4.45,26.49,2026-07-31,2026-07-31
Montebello,CA,"Los Angeles-Long Beach-Anaheim, CA",Los Angeles County,825165.4100857744,1.52,2525.5611111111107,3.07,30306.73333333333,0.306,27.2,3.67,2.39,Rent Favored,60617,-2.92,9757179,-2.4,0.03,6.45,4.01,53.92,2026-07-31,2026-07-31
Northville,MI,"Detroit-Warren-Dearborn, MI",Wayne County,604729.2718974784,4.94,1853.7746512746512,7.41,22245.295815295816,0.307,27.2,3.68,2.39,Rent Favored,6047,-1.39,1771063,-1.04,3.75,12.9,4.58,35.52,2026-07-31,2026-07-31
Atascadero,CA,"San Luis Obispo-Paso Robles, CA",San Luis Obispo County,787599.6679787488,2.28,2410.3809523809523,0.94,28924.571428571428,0.306,27.2,3.67,2.39,Rent Favored,29743,-0.01,281843,-0.03,0.58,12.79,4.74,38.1,2026-07-31,2026-07-31
East Northport,NY,"New York-Newark-Jersey City, NY-NJ-PA",Suffolk County,778877.0062051165,2.37,2388.8888888888887,NA,28666.666666666664,0.307,27.2,3.68,2.39,Rent Favored,NA,NA,NA,NA,NA,NA,NA,NA,2026-07-31,2026-07-31
Malvern,PA,"Philadelphia-Camden-Wilmington, PA-NJ-DE-MD",Chester County,805046.9569152322,2.32,2463.689316239316,4.78,29564.271794871795,0.306,27.2,3.67,2.39,Rent Favored,3454,1.08,560745,4.84,7.29,3.95,3.98,25.05,2026-07-31,2026-07-31
Monmouth,OR,"Salem, OR",Polk County,480665.9699575209,1.93,1472.5,4.42,17670,0.306,27.2,3.68,2.39,Rent Favored,11651,4.55,90549,2.89,3.24,5.43,3.94,35.41,2026-07-31,2026-07-31
Kent,WA,"Seattle-Tacoma-Bellevue, WA",King County,647138.1789983747,-1.29,1973.5171045429663,0.85,23682.205254515597,0.305,27.3,3.66,2.38,Rent Favored,136588,-0,2340211,2.9,15.35,6.12,5.05,43.91,2026-07-31,2026-07-31
Tigard,OR,"Portland-Vancouver-Hillsboro, OR-WA",Washington County,607011.2263518579,-1.96,1850.027513227513,-0,22200.330158730158,0.305,27.3,3.66,2.38,Rent Favored,57301,4.12,611272,1.7,7.45,3.35,3.82,39.13,2026-07-31,2026-07-31
Upper Arlington,OH,"Columbus, OH",Franklin County,650169.8430410227,4.11,1983.6055555555556,2.84,23803.266666666666,0.305,27.3,3.66,2.38,Rent Favored,36140,-1.69,1356303,2.4,7.58,6.96,3.98,47.03,2026-07-31,2026-07-31
West Linn,OR,"Portland-Vancouver-Hillsboro, OR-WA",Clackamas County,779602.1232678335,0.86,2375.5,1.92,28506,0.305,27.3,3.66,2.38,Rent Favored,26597,-2.83,425857,0.79,3.92,5.7,4.07,28.66,2026-07-31,2026-07-31
Sandpoint,ID,"Sandpoint, ID",Bonner County,640983.3274542209,2.41,1959.3055555555557,NA,23511.666666666668,0.306,27.3,3.67,2.38,Rent Favored,10444,19.62,53955,13.8,24.89,26.38,5.13,22.35,2026-07-31,2026-07-31
Healdsburg,CA,"Santa Rosa-Petaluma, CA",Sonoma County,1100412.2236706922,-1.22,3351.1111111111113,5.3,40213.333333333336,0.305,27.4,3.65,2.38,Rent Favored,11231,-1.07,485375,-0.64,4.42,7.67,2.55,37.8,2026-07-31,2026-07-31
Brookline,MA,"Boston-Cambridge-Newton, MA-NH",Norfolk County,1175782.8818838657,-5.46,3567.978297253378,3.14,42815.73956704054,0.303,27.5,3.64,2.37,Rent Favored,NA,NA,740754,2.35,9.81,4.09,3.95,31.48,2026-07-31,2026-07-31
Coeur d'Alene,ID,"Coeur d'Alene, ID",Kootenai County,607023.2097611056,2.95,1847.4980961750423,3.3,22169.977154100507,0.304,27.4,3.65,2.37,Rent Favored,57355,4.37,188323,8.99,15.6,11.42,3.93,27.79,2026-07-31,2026-07-31
Bountiful,UT,"Ogden-Clearfield, UT",Davis County,578076.8739345564,3.18,1753.7337606837607,2.88,21044.805128205127,0.303,27.5,3.64,2.37,Rent Favored,45024,-1.65,378470,4.04,4.18,3.29,3.85,22.6,2026-07-31,2026-07-31
Manalapan Township,NJ,"New York-Newark-Jersey City, NY-NJ-PA",Monmouth County,810643.4275962156,3.45,2464.818518518519,4.68,29577.822222222225,0.304,27.4,3.65,2.37,Rent Favored,NA,NA,647520,0.74,2.8,7.24,3.49,24.63,2026-07-31,2026-07-31
Arroyo Grande,CA,"San Luis Obispo-Paso Robles, CA",San Luis Obispo County,1042038.9007955338,0.22,3161.5277777777774,NA,37938.33333333333,0.303,27.5,3.64,2.37,Rent Favored,18249,-1.01,281843,-0.03,0.58,12.79,4.74,38.1,2026-07-31,2026-07-31
Wixom,MI,"Detroit-Warren-Dearborn, MI",Oakland County,389558.6398398149,1.69,1183.7974987974987,NA,14205.569985569986,0.304,27.4,3.65,2.37,Rent Favored,NA,NA,NA,NA,NA,NA,NA,NA,2026-07-31,2026-07-31
Wayland,MA,"Boston-Cambridge-Newton, MA-NH",Middlesex County,1166237.281648495,1.38,3541.944444444445,NA,42503.333333333336,0.304,27.4,3.64,2.37,Rent Favored,NA,NA,NA,NA,NA,NA,NA,NA,2026-07-31,2026-07-31
El Monte,CA,"Los Angeles-Long Beach-Anaheim, CA",Los Angeles County,764928.1935272431,1.35,2316.288888888889,-1.37,27795.466666666667,0.303,27.5,3.63,2.36,Rent Favored,104639,-4.11,9757179,-2.4,0.03,6.45,4.01,53.92,2026-07-31,2026-07-31
Laramie,WY,"Laramie, WY",Albany County,383404.4867315881,-0.02,1160.811010004257,1.36,13929.732120051085,0.303,27.5,3.63,2.36,Rent Favored,32957,4.85,39288,5.85,13.54,11.35,4.56,50.64,2026-07-31,2026-07-31
Clackamas,OR,"Portland-Vancouver-Hillsboro, OR-WA",Clackamas County,588708.4812474289,-0.99,1782.6083333333331,-0.13,21391.299999999996,0.303,27.5,3.63,2.36,Rent Favored,NA,NA,425857,0.79,3.92,5.7,4.07,28.66,2026-07-31,2026-07-31
Palos Verdes Estates,CA,"Los Angeles-Long Beach-Anaheim, CA",Los Angeles County,2784662.4963206165,3.03,8410,NA,100920,0.302,27.6,3.62,2.36,Rent Favored,NA,NA,NA,NA,NA,NA,NA,NA,2026-07-31,2026-07-31
Snohomish,WA,"Seattle-Tacoma-Bellevue, WA",Snohomish County,923877.20189453,-1.62,2778.047619047619,1.64,33336.57142857143,0.301,27.7,3.61,2.35,Rent Favored,10534,3.55,864113,4.11,11.83,4.9,4.3,31.61,2026-07-31,2026-07-31
Newburyport,MA,"Boston-Cambridge-Newton, MA-NH",Essex County,946435.4346727284,3.85,2853.8888888888887,6.48,34246.666666666664,0.302,27.6,3.62,2.35,Rent Favored,19163,4.72,823938,2,7.8,5.11,2.53,36.04,2026-07-31,2026-07-31
Half Moon Bay,CA,"San Francisco-Oakland-Berkeley, CA",San Mateo County,1547729.683776863,0.84,4661.11111111111,NA,55933.33333333333,0.301,27.7,3.61,2.35,Rent Favored,NA,NA,NA,NA,NA,NA,NA,NA,2026-07-31,2026-07-31
Meridian,CO,"Denver-Aurora-Lakewood, CO",Douglas County,644578.7133132298,-5.11,1940.4363775050276,-2.51,23285.23653006033,0.301,27.7,3.61,2.35,Rent Favored,NA,NA,393995,9.34,17.82,3.14,4.54,22.23,2026-07-31,2026-07-31
La Mesa,CA,"San Diego-Chula Vista-Carlsbad, CA",San Diego County,896208.5593026616,0.56,2688.6318518518515,1.26,32263.58222222222,0.3,27.8,3.6,2.34,Rent Favored,60767,-0.54,3298799,-0.07,0.09,6.51,4.02,45.49,2026-07-31,2026-07-31
Walnut,CA,"Los Angeles-Long Beach-Anaheim, CA",Los Angeles County,1188533.055339865,1.34,3560.222222222222,4.7,42722.666666666664,0.3,27.8,3.59,2.34,Rent Favored,27250,-3.88,9757179,-2.4,0.03,6.45,4.01,53.92,2026-07-31,2026-07-31
Fortuna,CA,"Eureka-Arcata, CA",Humboldt County,413995.1876116199,-2.53,1240,NA,14880,0.3,27.8,3.59,2.34,Rent Favored,NA,NA,NA,NA,NA,NA,NA,NA,2026-07-31,2026-07-31
Sunbury,OH,"Columbus, OH",Delaware County,495731.4624022927,1.58,1484.7083333333333,0.21,17816.5,0.299,27.8,3.59,2.34,Rent Favored,9705,44.31,237966,10.6,19.13,4.46,4.27,21.81,2026-07-31,2026-07-31
La Center,WA,"Portland-Vancouver-Hillsboro, OR-WA",Clark County,665948.2697068803,0.45,1998,NA,23976,0.3,27.8,3.6,2.34,Rent Favored,NA,NA,NA,NA,NA,NA,NA,NA,2026-07-31,2026-07-31
Everett,WA,"Seattle-Tacoma-Bellevue, WA",Snohomish County,648066.0396977109,-1.55,1939.4354483070008,2.01,23273.22537968401,0.299,27.8,3.59,2.33,Rent Favored,113011,1.91,864113,4.11,11.83,4.9,4.3,31.61,2026-07-31,2026-07-31
West Jordan,UT,"Salt Lake City, UT",Salt Lake County,561312.3661525437,1.52,1677.402397434592,-0.37,20128.828769215106,0.299,27.9,3.59,2.33,Rent Favored,116688,-0.3,1216274,2.46,7.39,5.36,5.82,33,2026-07-31,2026-07-31
Gardena,CA,"Los Angeles-Long Beach-Anaheim, CA",Los Angeles County,792958.2216302394,2.2,2366.031746031746,4.78,28392.380952380954,0.298,27.9,3.58,2.33,Rent Favored,58921,-3.14,9757179,-2.4,0.03,6.45,4.01,53.92,2026-07-31,2026-07-31
Ramona,CA,"San Diego-Chula Vista-Carlsbad, CA",San Diego County,812506.9396096353,-0.31,2432.1074074074077,4.9,29185.288888888892,0.299,27.8,3.59,2.33,Rent Favored,NA,NA,3298799,-0.07,0.09,6.51,4.02,45.49,2026-07-31,2026-07-31
Castle Pines,CO,"Denver-Aurora-Lakewood, CO",Douglas County,888878.9349886469,-1.31,2657.0555555555557,2.04,31884.666666666668,0.299,27.9,3.59,2.33,Rent Favored,15162,35.22,393995,9.34,17.82,3.14,4.54,22.23,2026-07-31,2026-07-31
Riverside,IL,"Chicago-Naperville-Elgin, IL-IN-WI",Cook County,568048.8989236733,8.33,1698.3333333333333,NA,20380,0.299,27.9,3.59,2.33,Rent Favored,NA,NA,NA,NA,NA,NA,NA,NA,2026-07-31,2026-07-31
Fort Washington,PA,"Philadelphia-Camden-Wilmington, PA-NJ-DE-MD",Montgomery County,774701.4246065995,2.01,2312.011111111111,NA,27744.13333333333,0.298,27.9,3.58,2.33,Rent Favored,NA,NA,NA,NA,NA,NA,NA,NA,2026-07-31,2026-07-31
Orem,UT,"Provo-Orem, UT",Utah County,507933.2328442717,3.2,1512.1373403019743,3.48,18145.64808362369,0.298,28,3.57,2.32,Rent Favored,96646,-1.81,747234,12.6,17.51,3.79,2.69,31.87,2026-07-31,2026-07-31
Alpharetta,GA,"Atlanta-Sandy Springs-Alpharetta, GA",Fulton County,722996.8877271875,-0.37,2148.439167851153,0.82,25781.270014213835,0.297,28,3.57,2.32,Rent Favored,67275,1.98,1090354,1.97,1.33,8.52,7.69,45.86,2026-07-31,2026-07-31
Covina,CA,"Los Angeles-Long Beach-Anaheim, CA",Los Angeles County,804930.6752714067,1.18,2396.336691086691,0.51,28756.040293040292,0.298,28,3.57,2.32,Rent Favored,49245,-3.76,9757179,-2.4,0.03,6.45,4.01,53.92,2026-07-31,2026-07-31
Bozeman,MT,"Bozeman, MT",Gallatin County,727000.2495314834,-0.26,2164.055683760684,2.27,25968.66820512821,0.298,28,3.57,2.32,Rent Favored,57894,7.48,126984,6.17,4.63,10,5.16,38.48,2026-07-31,2026-07-31
Rosemead,CA,"Los Angeles-Long Beach-Anaheim, CA",Los Angeles County,909394.68592,1.1,2699.2936507936506,7.45,32391.52380952381,0.297,28.1,3.56,2.32,Rent Favored,49582,-2.85,9757179,-2.4,0.03,6.45,4.01,53.92,2026-07-31,2026-07-31
Newark,CA,"San Francisco-Oakland-Berkeley, CA",Alameda County,1202648.0475090828,-3.54,3577.5983227299016,3.47,42931.17987275882,0.297,28,3.57,2.32,Rent Favored,46254,-2.66,1649060,-1.88,3.29,5.96,5.26,45.93,2026-07-31,2026-07-31
Port Washington,NY,"New York-Newark-Jersey City, NY-NJ-PA",Nassau County,1291777.1084519415,7.1,3846.25,10.38,46155,0.298,28,3.57,2.32,Rent Favored,NA,NA,1392438,0.13,2.32,4.56,4.6,18.07,2026-07-31,2026-07-31
Tualatin,OR,"Portland-Vancouver-Hillsboro, OR-WA",Washington County,635313.5931444382,-1.18,1889.9811507936508,3.21,22679.77380952381,0.297,28,3.57,2.32,Rent Favored,28036,0.55,611272,1.7,7.45,3.35,3.82,39.13,2026-07-31,2026-07-31
Spearfish,SD,"Spearfish, SD",Lawrence County,461083.75940387376,-0.97,1370.3333333333337,NA,16444.000000000004,0.297,28,3.57,2.32,Rent Favored,NA,NA,NA,NA,NA,NA,NA,NA,2026-07-31,2026-07-31
Pelham,NY,"New York-Newark-Jersey City, NY-NJ-PA",Westchester County,1446243.6373811855,12.22,4308,NA,51696,0.298,28,3.57,2.32,Rent Favored,7579,3.79,1006447,0.5,6.23,5.51,2.35,37.8,2026-07-31,2026-07-31
El Portal,FL,"Miami-Fort Lauderdale-Pompano Beach, FL",Miami-Dade County,844197.168354757,1.58,2513.3888888888887,NA,30160.666666666664,0.298,28,3.57,2.32,Rent Favored,NA,NA,NA,NA,NA,NA,NA,NA,2026-07-31,2026-07-31
Renton,WA,"Seattle-Tacoma-Bellevue, WA",King County,746359.7962236543,-1.97,2211.8904880892883,1.81,26542.68585707146,0.296,28.1,3.56,2.31,Rent Favored,105543,-1.12,2340211,2.9,15.35,6.12,5.05,43.91,2026-07-31,2026-07-31
Camas,WA,"Portland-Vancouver-Hillsboro, OR-WA",Clark County,750826.6328695765,-0.85,2227.3287599340233,2.32,26727.945119208278,0.297,28.1,3.56,2.31,Rent Favored,27313,3.08,527269,4.33,6.69,3.84,3.08,33.79,2026-07-31,2026-07-31
University Place,WA,"Seattle-Tacoma-Bellevue, WA",Pierce County,662353.4327589151,-0.68,1961.3595162147792,2.61,23536.31419457735,0.296,28.1,3.55,2.31,Rent Favored,35160,0.73,941170,1.9,6.6,5.21,4.02,35.21,2026-07-31,2026-07-31
Wynnewood,PA,"Philadelphia-Camden-Wilmington, PA-NJ-DE-MD",Montgomery County,832537.8902472268,4.95,2465.255555555556,1.61,29583.066666666673,0.296,28.1,3.55,2.31,Rent Favored,NA,NA,879190,2.6,7.92,4.35,5.68,28.27,2026-07-31,2026-07-31
Bedford,MA,"Boston-Cambridge-Newton, MA-NH",Middlesex County,1050917.3760732552,1.81,3107,-2.43,37284,0.296,28.2,3.55,2.31,Rent Favored,NA,NA,1668956,2.54,11.63,4.52,2.96,38.37,2026-07-31,2026-07-31
Snoqualmie,WA,"Seattle-Tacoma-Bellevue, WA",King County,1086676.0385425994,-2.98,3220.3472222222226,6.32,38644.16666666667,0.296,28.1,3.56,2.31,Rent Favored,13748,-2.39,2340211,2.9,15.35,6.12,5.05,43.91,2026-07-31,2026-07-31
Spring Branch,TX,"San Antonio-New Braunfels, TX",Comal County,582375.7740658239,-0.01,1722.2222222222224,NA,20666.666666666668,0.296,28.2,3.55,2.31,Rent Favored,NA,NA,NA,NA,NA,NA,NA,NA,2026-07-31,2026-07-31
Superior,CO,"Boulder, CO",Boulder County,820469.9716132814,-1.54,2424.678286129267,1.28,29096.1394335512,0.296,28.2,3.55,2.31,Rent Favored,13654,4.17,330262,-0.21,4.58,5.31,3.67,37.54,2026-07-31,2026-07-31
Roslyn,NY,"New York-Newark-Jersey City, NY-NJ-PA",Nassau County,1721111.7725782862,9.42,5095.5,NA,61146,0.296,28.1,3.55,2.31,Rent Favored,NA,NA,NA,NA,NA,NA,NA,NA,2026-07-31,2026-07-31
Fort Mitchell,KY,"Cincinnati, OH-KY-IN",Kenton County,426301.68807340646,5.11,1262.6666666666667,NA,15152,0.296,28.1,3.55,2.31,Rent Favored,NA,NA,NA,NA,NA,NA,NA,NA,2026-07-31,2026-07-31
Key Largo,FL,"Key West, FL",Monroe County,1092155.1171839149,2.72,3233,2.63,38796,0.296,28.2,3.55,2.31,Rent Favored,NA,NA,80908,-2.35,-5.34,36.36,20.39,36.61,2026-07-31,2026-07-31
Bellflower,CA,"Los Angeles-Long Beach-Anaheim, CA",Los Angeles County,805101.2233357049,1.32,2371.616161616161,5.4,28459.393939393936,0.295,28.3,3.53,2.3,Rent Favored,75716,-4.12,9757179,-2.4,0.03,6.45,4.01,53.92,2026-07-31,2026-07-31
Pico Rivera,CA,"Los Angeles-Long Beach-Anaheim, CA",Los Angeles County,753963.826472307,0.97,2225.1666666666665,4.99,26702,0.295,28.2,3.54,2.3,Rent Favored,59363,-4.08,9757179,-2.4,0.03,6.45,4.01,53.92,2026-07-31,2026-07-31
Glendora,CA,"Los Angeles-Long Beach-Anaheim, CA",Los Angeles County,891999.0245306985,1.12,2627.7719696969693,-0.44,31533.263636363634,0.295,28.3,3.54,2.3,Rent Favored,50101,-4.4,9757179,-2.4,0.03,6.45,4.01,53.92,2026-07-31,2026-07-31
Temple City,CA,"Los Angeles-Long Beach-Anaheim, CA",Los Angeles County,1092483.2772099164,0.78,3217.6970899470903,0.81,38612.36507936508,0.295,28.3,3.53,2.3,Rent Favored,34989,-3.78,9757179,-2.4,0.03,6.45,4.01,53.92,2026-07-31,2026-07-31
La Verne,CA,"Los Angeles-Long Beach-Anaheim, CA",Los Angeles County,951601.8297010728,1.75,2801.590740740741,1.85,33619.08888888889,0.294,28.3,3.53,2.3,Rent Favored,30192,-4.09,9757179,-2.4,0.03,6.45,4.01,53.92,2026-07-31,2026-07-31
Acton,MA,"Boston-Cambridge-Newton, MA-NH",Middlesex County,881391.0349819866,0.06,2598.6444444444446,NA,31183.733333333337,0.295,28.3,3.54,2.3,Rent Favored,NA,NA,1668956,2.54,11.63,4.52,2.96,38.37,2026-07-31,2026-07-31
Bryn Mawr-Skyway,WA,"Seattle-Tacoma-Bellevue, WA",King County,662366.3385175316,-2.2,1956.1825396825395,2.98,23474.190476190473,0.295,28.2,3.54,2.3,Rent Favored,NA,NA,2340211,2.9,15.35,6.12,5.05,43.91,2026-07-31,2026-07-31
Summit,WA,"Seattle-Tacoma-Bellevue, WA",Pierce County,592588.4625200733,-0.29,1747.5,NA,20970,0.295,28.3,3.54,2.3,Rent Favored,NA,NA,NA,NA,NA,NA,NA,NA,2026-07-31,2026-07-31
Blue Mounds,WI,"Madison, WI",Dane County,458688.947063524,0.77,1350,NA,16200,0.294,28.3,3.53,2.3,Rent Favored,NA,NA,NA,NA,NA,NA,NA,NA,2026-07-31,2026-07-31
Los Angeles,CA,"Los Angeles-Long Beach-Anaheim, CA",Los Angeles County,946268.1167242272,-0.46,2773.151376238659,0.6,33277.81651486391,0.293,28.4,3.52,2.29,Rent Favored,3878704,-0.45,9757179,-2.4,0.03,6.45,4.01,53.92,2026-07-31,2026-07-31
San Fernando,CA,"Los Angeles-Long Beach-Anaheim, CA",Los Angeles County,752797.0265317634,0.68,2212.5,NA,26550,0.294,28.4,3.53,2.29,Rent Favored,NA,NA,NA,NA,NA,NA,NA,NA,2026-07-31,2026-07-31
Cody,WY,NA,Park County,472269.9400216008,-4.58,1389.25,NA,16671,0.294,28.3,3.53,2.29,Rent Favored,10391,2.62,31082,4.77,10.39,11.03,6.92,25.32,2026-07-31,2026-07-31
Vermillion,SD,"Vermillion, SD",Clay County,277096.1402444968,1.89,812.5,NA,9750,0.293,28.4,3.52,2.29,Rent Favored,NA,NA,NA,NA,NA,NA,NA,NA,2026-07-31,2026-07-31
Upland,CA,"Riverside-San Bernardino-Ontario, CA",San Bernardino County,823318.7719488175,0.65,2405.935064935065,1.87,28871.220779220777,0.292,28.5,3.51,2.28,Rent Favored,79684,0.81,2214281,1.41,1.68,9.55,3.22,38.46,2026-07-31,2026-07-31
Vienna,VA,"Washington-Arlington-Alexandria, DC-VA-MD-WV",Fairfax County,1176797.6756381637,1.01,3445.0815281461832,1.61,41340.9783377542,0.293,28.5,3.51,2.28,Rent Favored,16562,0.69,1160925,1.07,6.94,3.66,4.16,31.65,2026-07-31,2026-07-31
Morgan Hill,CA,"San Jose-Sunnyvale-Santa Clara, CA",Santa Clara County,1332346.5522226985,2.05,3892.8626373626375,5.26,46714.35164835165,0.292,28.5,3.51,2.28,Rent Favored,45952,0.58,1926325,0.08,11.74,5.72,5.29,44.7,2026-07-31,2026-07-31
Hingham,MA,"Boston-Cambridge-Newton, MA-NH",Plymouth County,1361101.7440648042,7.84,3970.4166666666665,6.75,47645,0.292,28.6,3.5,2.28,Rent Favored,NA,NA,542090,2.58,7.97,7.23,1.91,22.38,2026-07-31,2026-07-31
Davidson,NC,"Charlotte-Concord-Gastonia, NC-SC",Mecklenburg County,657884.8009829518,0.56,1921.027972027972,-1.92,23052.335664335664,0.292,28.5,3.5,2.28,Rent Favored,16276,9.62,1206285,8.06,18.3,7.37,7.33,44.5,2026-07-31,2026-07-31
Artesia,CA,"Los Angeles-Long Beach-Anaheim, CA",Los Angeles County,878592.4649046436,2.62,2573.75,NA,30885,0.293,28.4,3.52,2.28,Rent Favored,NA,NA,NA,NA,NA,NA,NA,NA,2026-07-31,2026-07-31
Marblehead,MA,"Boston-Cambridge-Newton, MA-NH",Essex County,1058534.1330067092,2.21,3094.027777777778,6.66,37128.333333333336,0.292,28.5,3.51,2.28,Rent Favored,NA,NA,823938,2,7.8,5.11,2.53,36.04,2026-07-31,2026-07-31
Bellingham,WA,"Bellingham, WA",Whatcom County,672755.6771760314,-0.36,1956.3149450601495,1.41,23475.779340721794,0.291,28.7,3.49,2.27,Rent Favored,95860,4.34,234954,3.3,9.58,9.34,3.08,36.47,2026-07-31,2026-07-31
Cypress,CA,"Los Angeles-Long Beach-Anaheim, CA",Orange County,1082663.5628825985,2.85,3156.0495098039214,3.17,37872.59411764706,0.292,28.6,3.5,2.27,Rent Favored,49286,-1.53,3170435,-0.5,2.33,5.61,4.39,43.55,2026-07-31,2026-07-31
Burien,WA,"Seattle-Tacoma-Bellevue, WA",King County,643360.0086339976,-0.61,1870.780811965812,3.47,22449.369743589745,0.291,28.7,3.49,2.27,Rent Favored,52046,0.1,2340211,2.9,15.35,6.12,5.05,43.91,2026-07-31,2026-07-31
Altadena,CA,"Los Angeles-Long Beach-Anaheim, CA",Los Angeles County,1117840.226393489,-9.67,3255.4166666666665,NA,39065,0.291,28.6,3.49,2.27,Rent Favored,NA,NA,9757179,-2.4,0.03,6.45,4.01,53.92,2026-07-31,2026-07-31
San Dimas,CA,"Los Angeles-Long Beach-Anaheim, CA",Los Angeles County,922771.7947387222,0.64,2682.4821428571427,-1.62,32189.78571428571,0.291,28.7,3.49,2.27,Rent Favored,33226,-4.51,9757179,-2.4,0.03,6.45,4.01,53.92,2026-07-31,2026-07-31
Aptos,CA,"Santa Cruz-Watsonville, CA",Santa Cruz County,1348891.3635483654,1.49,3924.1666666666665,11.71,47090,0.291,28.6,3.49,2.27,Rent Favored,NA,NA,262406,-3.44,-6,9.15,3.39,40.02,2026-07-31,2026-07-31
Canby,OR,"Portland-Vancouver-Hillsboro, OR-WA",Clackamas County,598201.2158331306,1.66,1743.5833333333333,2.81,20923,0.291,28.6,3.5,2.27,Rent Favored,18027,-1.05,425857,0.79,3.92,5.7,4.07,28.66,2026-07-31,2026-07-31
Edgewood,WA,"Seattle-Tacoma-Bellevue, WA",Pierce County,738116.303629496,-0.17,2150.5138888888887,2.58,25806.166666666664,0.291,28.6,3.5,2.27,Rent Favored,13496,8.65,941170,1.9,6.6,5.21,4.02,35.21,2026-07-31,2026-07-31
Willoughby Hills,OH,"Cleveland-Elyria, OH",Lake County,368740.47925956367,4.05,1073.35,NA,12880.199999999999,0.291,28.6,3.49,2.27,Rent Favored,NA,NA,NA,NA,NA,NA,NA,NA,2026-07-31,2026-07-31
Leesburg,VA,"Washington-Arlington-Alexandria, DC-VA-MD-WV",Loudoun County,855208.7347216107,2.15,2475.0415384615385,4.68,29700.49846153846,0.289,28.8,3.47,2.26,Rent Favored,49831,2.87,443380,4.89,7.24,2.75,4.35,22.08,2026-07-31,2026-07-31
Whitefish Bay,WI,"Milwaukee-Waukesha, WI",Milwaukee County,676588.6163178661,5.85,1956.3333333333333,NA,23476,0.289,28.8,3.47,2.26,Rent Favored,NA,NA,NA,NA,NA,NA,NA,NA,2026-07-31,2026-07-31
Marina del Rey,CA,"Los Angeles-Long Beach-Anaheim, CA",Los Angeles County,1356896.2950852956,-1.67,3938.85740948851,2.05,47266.28891386212,0.29,28.7,3.48,2.26,Rent Favored,NA,NA,9757179,-2.4,0.03,6.45,4.01,53.92,2026-07-31,2026-07-31
Anaheim,CA,"Los Angeles-Long Beach-Anaheim, CA",Orange County,953170.7498923658,2.1,2744.9201774457683,1.86,32939.04212934922,0.288,28.9,3.46,2.25,Rent Favored,344561,-0.61,3170435,-0.5,2.33,5.61,4.39,43.55,2026-07-31,2026-07-31
Lynnwood,WA,"Seattle-Tacoma-Bellevue, WA",Snohomish County,760273.4952700188,-2.59,2189.891761266644,0.59,26278.701135199728,0.288,28.9,3.46,2.25,Rent Favored,41597,7.91,864113,4.11,11.83,4.9,4.3,31.61,2026-07-31,2026-07-31
Yorba Linda,CA,"Los Angeles-Long Beach-Anaheim, CA",Orange County,1407940.5731567896,2.35,4060.2546296296296,2.07,48723.055555555555,0.288,28.9,3.46,2.25,Rent Favored,66489,-2.55,3170435,-0.5,2.33,5.61,4.39,43.55,2026-07-31,2026-07-31
Riverdale,UT,"Ogden-Clearfield, UT",Weber County,460415.87406873953,1.01,1326.1611111111113,NA,15913.933333333334,0.288,28.9,3.46,2.25,Rent Favored,9184,-2.06,276118,4.99,7.11,6.33,4.96,25.45,2026-07-31,2026-07-31
Vashon,WA,"Seattle-Tacoma-Bellevue, WA",King County,901718.5569037652,-2.28,2599.75,NA,31197,0.288,28.9,3.46,2.25,Rent Favored,NA,NA,NA,NA,NA,NA,NA,NA,2026-07-31,2026-07-31
South Gate,CA,"Los Angeles-Long Beach-Anaheim, CA",Los Angeles County,702197.7166343232,2.26,2020.2301587301588,8.1,24242.761904761905,0.288,29,3.45,2.24,Rent Favored,90805,-2,9757179,-2.4,0.03,6.45,4.01,53.92,2026-07-31,2026-07-31
Walnut Creek,CA,"San Francisco-Oakland-Berkeley, CA",Contra Costa County,1032095.8242916232,0.51,2969.431044927569,5.53,35633.17253913083,0.288,29,3.45,2.24,Rent Favored,70817,0.85,1172607,0.55,6.48,3.5,2.91,32.35,2026-07-31,2026-07-31
Andover,MA,"Boston-Cambridge-Newton, MA-NH",Essex County,1008672.5698970454,2.68,2890.6044580419584,2.91,34687.2534965035,0.287,29.1,3.44,2.24,Rent Favored,NA,NA,823938,2,7.8,5.11,2.53,36.04,2026-07-31,2026-07-31
Aldie,VA,"Washington-Arlington-Alexandria, DC-VA-MD-WV",Loudoun County,1114311.4715644815,3.94,3206.3333333333335,NA,38476,0.288,29,3.45,2.24,Rent Favored,NA,NA,443380,4.89,7.24,2.75,4.35,22.08,2026-07-31,2026-07-31
Decatur,TX,"Dallas-Fort Worth-Arlington, TX",Wise County,443705.7100688788,0.49,1275.8666666666666,-5.15,15310.399999999998,0.288,29,3.45,2.24,Rent Favored,8266,24,81275,17.9,38.83,9.62,6.66,17.46,2026-07-31,2026-07-31
New Albany,OH,"Columbus, OH",Franklin County,634312.8718292443,1.49,1820.5661375661375,4.36,21846.79365079365,0.287,29,3.44,2.24,Rent Favored,11604,4.8,1356303,2.4,7.58,6.96,3.98,47.03,2026-07-31,2026-07-31
Warren Township,NJ,"New York-Newark-Jersey City, NY-NJ-PA",Somerset County,1159299.0151334603,4.77,3327.5,NA,39930,0.287,29,3.44,2.24,Rent Favored,NA,NA,NA,NA,NA,NA,NA,NA,2026-07-31,2026-07-31
Lynnfield,MA,"Boston-Cambridge-Newton, MA-NH",Essex County,1111335.5046857486,1.78,3187.5,NA,38250,0.287,29.1,3.44,2.24,Rent Favored,NA,NA,NA,NA,NA,NA,NA,NA,2026-07-31,2026-07-31
Haiku,HI,"Kahului-Wailuku-Lahaina, HI",Maui County,1298900.00649193,-1.94,3725,NA,44700,0.287,29.1,3.44,2.24,Rent Favored,NA,NA,NA,NA,NA,NA,NA,NA,2026-07-31,2026-07-31
Grosse Pointe Park,MI,"Detroit-Warren-Dearborn, MI",Wayne County,520945.0957146973,3.1,1494.4444444444443,NA,17933.333333333332,0.287,29,3.44,2.24,Rent Favored,NA,NA,NA,NA,NA,NA,NA,NA,2026-07-31,2026-07-31
Frisco,TX,"Dallas-Fort Worth-Arlington, TX",Collin County,649172.682391011,-4.56,1851.953419242027,-0.38,22223.441030904323,0.285,29.2,3.42,2.23,Rent Favored,235208,16,1254658,16.64,31.61,5.16,6.55,35.92,2026-07-31,2026-07-31
Livermore,CA,"San Francisco-Oakland-Berkeley, CA",Alameda County,1087998.9211994112,-4.21,3115.1423443223443,3.48,37381.70813186813,0.286,29.1,3.44,2.23,Rent Favored,84867,-3.42,1649060,-1.88,3.29,5.96,5.26,45.93,2026-07-31,2026-07-31
Monterey Park,CA,"Los Angeles-Long Beach-Anaheim, CA",Los Angeles County,926208.81012682,1.41,2648.571428571429,3.48,31782.857142857145,0.286,29.1,3.43,2.23,Rent Favored,57996,-4.77,9757179,-2.4,0.03,6.45,4.01,53.92,2026-07-31,2026-07-31
Lakeside,CA,"San Diego-Chula Vista-Carlsbad, CA",San Diego County,817825.4188325001,0.72,2338.7916666666665,5.74,28065.5,0.286,29.1,3.43,2.23,Rent Favored,NA,NA,3298799,-0.07,0.09,6.51,4.02,45.49,2026-07-31,2026-07-31
Rancho Santa Margarita,CA,"Los Angeles-Long Beach-Anaheim, CA",Orange County,1017194.5419221058,-0.88,2911.5284210526315,4.55,34938.34105263158,0.286,29.1,3.43,2.23,Rent Favored,46353,-3.16,3170435,-0.5,2.33,5.61,4.39,43.55,2026-07-31,2026-07-31
Ponte Vedra Beach,FL,"Jacksonville, FL",Saint Johns County,820571.9863324309,0.51,2345.0528769476136,3.73,28140.634523371366,0.286,29.2,3.43,2.23,Rent Favored,NA,NA,NA,NA,NA,NA,NA,NA,2026-07-31,2026-07-31
Maplewood,NJ,"New York-Newark-Jersey City, NY-NJ-PA",Essex County,977743.1021895846,5.84,2799.3333333333335,NA,33592,0.286,29.1,3.44,2.23,Rent Favored,NA,NA,881527,2.5,15.1,5.39,2.7,55.47,2026-07-31,2026-07-31
Irvington,NY,"New York-Newark-Jersey City, NY-NJ-PA",Westchester County,1321952.9969931685,11.09,3787.5,NA,45450,0.287,29.1,3.44,2.23,Rent Favored,NA,NA,NA,NA,NA,NA,NA,NA,2026-07-31,2026-07-31
Long Beach,CA,"Los Angeles-Long Beach-Anaheim, CA",Los Angeles County,860011.8640446584,2.29,2448.3598259473943,1.91,29380.31791136873,0.285,29.3,3.42,2.22,Rent Favored,450901,-3.16,9757179,-2.4,0.03,6.45,4.01,53.92,2026-07-31,2026-07-31
Whittier,CA,"Los Angeles-Long Beach-Anaheim, CA",Los Angeles County,826386.2731944773,1.67,2353.048039215686,0.91,28236.576470588232,0.285,29.3,3.42,2.22,Rent Favored,85589,-2.36,9757179,-2.4,0.03,6.45,4.01,53.92,2026-07-31,2026-07-31
Cary,NC,"Raleigh-Cary, NC",Wake County,628913.276969992,-1.76,1790.552832238748,0.55,21486.633986864974,0.285,29.3,3.42,2.22,Rent Favored,182659,4.49,1232444,9,18.32,7.54,9.49,35.57,2026-07-31,2026-07-31
Delafield,WI,"Milwaukee-Waukesha, WI",Waukesha County,771679.9428238192,6.32,2200,NA,26400,0.285,29.2,3.42,2.22,Rent Favored,NA,NA,NA,NA,NA,NA,NA,NA,2026-07-31,2026-07-31
Short Hills,NJ,"New York-Newark-Jersey City, NY-NJ-PA",Essex County,2418305.658715077,7.95,6895.833333333333,NA,82750,0.285,29.2,3.42,2.22,Rent Favored,NA,NA,881527,2.5,15.1,5.39,2.7,55.47,2026-07-31,2026-07-31
Oak Park,CA,"Oxnard-Thousand Oaks-Ventura, CA",Ventura County,1130156.6548610122,0.97,3216.7314814814818,3.59,38600.77777777778,0.285,29.3,3.42,2.22,Rent Favored,NA,NA,835427,-0.99,0.32,5.64,3.81,35.84,2026-07-31,2026-07-31
Ipswich,MA,"Boston-Cambridge-Newton, MA-NH",Essex County,858885.4370925938,1.54,2448,NA,29376,0.285,29.2,3.42,2.22,Rent Favored,NA,NA,NA,NA,NA,NA,NA,NA,2026-07-31,2026-07-31
Wahiawa,HI,"Urban Honolulu, HI",Honolulu County,862498.768678328,2.7,2440.4166666666665,9.9,29285,0.283,29.5,3.4,2.21,Rent Favored,NA,NA,998747,-1.35,1.96,9.47,5.27,40.46,2026-07-31,2026-07-31
San Juan Capistrano,CA,"Los Angeles-Long Beach-Anaheim, CA",Orange County,1350009.7386380278,3.39,3827.1666666666665,7.78,45926,0.283,29.4,3.4,2.21,Rent Favored,35469,0.88,3170435,-0.5,2.33,5.61,4.39,43.55,2026-07-31,2026-07-31
Kaysville,UT,"Ogden-Clearfield, UT",Davis County,693527.9381589806,2.85,1968.9444444444443,NA,23627.333333333332,0.284,29.4,3.41,2.21,Rent Favored,NA,NA,NA,NA,NA,NA,NA,NA,2026-07-31,2026-07-31
Santaquin,UT,"Provo-Orem, UT",Utah County,503489.96925594186,1.99,1425,NA,17100,0.283,29.4,3.4,2.21,Rent Favored,NA,NA,NA,NA,NA,NA,NA,NA,2026-07-31,2026-07-31
Little Flock,AR,"Fayetteville-Springdale-Rogers, AR",Benton County,517216.7657573242,5.75,1462.5,NA,17550,0.283,29.5,3.39,2.21,Rent Favored,NA,NA,NA,NA,NA,NA,NA,NA,2026-07-31,2026-07-31
North Salt Lake,UT,"Ogden-Clearfield, UT",Davis County,574811.6986015649,1.32,1624.3223905723903,0.1,19491.868686868685,0.283,29.5,3.39,2.2,Rent Favored,23593,2.18,378470,4.04,4.18,3.29,3.85,22.6,2026-07-31,2026-07-31
Salt Lake City,UT,"Salt Lake City, UT",Salt Lake County,579571.5222347804,2.06,1624.8545729914683,1.07,19498.25487589762,0.28,29.7,3.36,2.19,Rent Favored,217783,8.53,1216274,2.46,7.39,5.36,5.82,33,2026-07-31,2026-07-31
El Cajon,CA,"San Diego-Chula Vista-Carlsbad, CA",San Diego County,812181.262376936,-1,2275.1769919590643,0.09,27302.12390350877,0.28,29.7,3.36,2.19,Rent Favored,103291,-2.64,3298799,-0.07,0.09,6.51,4.02,45.49,2026-07-31,2026-07-31
Buena Park,CA,"Los Angeles-Long Beach-Anaheim, CA",Orange County,942568.0913031691,1.78,2641.1428571428573,1.56,31693.71428571429,0.28,29.7,3.36,2.19,Rent Favored,82611,-1.5,3170435,-0.5,2.33,5.61,4.39,43.55,2026-07-31,2026-07-31
Lake Forest,CA,"Los Angeles-Long Beach-Anaheim, CA",Orange County,1187224.6831626606,-0.08,3336.9217052849235,2.28,40043.06046341908,0.281,29.6,3.37,2.19,Rent Favored,87159,1.43,3170435,-0.5,2.33,5.61,4.39,43.55,2026-07-31,2026-07-31
Taylorsville,UT,"Salt Lake City, UT",Salt Lake County,499374.4798115328,1.23,1402.822222222222,-3.46,16833.866666666665,0.281,29.7,3.37,2.19,Rent Favored,57819,-4.24,1216274,2.46,7.39,5.36,5.82,33,2026-07-31,2026-07-31
Pacifica,CA,"San Francisco-Oakland-Berkeley, CA",San Mateo County,1276738.3149015468,0.48,3582.30235042735,6.38,42987.6282051282,0.281,29.7,3.37,2.19,Rent Favored,37056,-3.85,742893,-2.6,8.67,7.4,7.73,40.91,2026-07-31,2026-07-31
Monument,CO,"Colorado Springs, CO",El Paso County,757085.5527937063,-1.19,2127.9245421245423,0.84,25535.094505494508,0.281,29.6,3.37,2.19,Rent Favored,13408,28.56,752772,2.58,3.46,4.58,3.67,33.62,2026-07-31,2026-07-31
Rigby,ID,"Idaho Falls, ID",Jefferson County,485926.0549296999,2.36,1365.2777777777776,NA,16383.333333333332,0.281,29.7,3.37,2.19,Rent Favored,5683,12.02,34854,12.14,10.04,5.71,0.68,17.63,2026-07-31,2026-07-31
Steamboat Springs,CO,"Steamboat Springs, CO",Routt County,1325311.168992613,4.23,3712.777777777778,7.22,44553.333333333336,0.28,29.7,3.36,2.19,Rent Favored,13620,3.01,25243,1.62,1.15,37.21,27.74,24.12,2026-07-31,2026-07-31
Cave Creek,AZ,"Phoenix-Mesa-Chandler, AZ",Maricopa County,1051545.7723289228,1.43,2958.3333333333335,NA,35500,0.281,29.6,3.38,2.19,Rent Favored,NA,NA,NA,NA,NA,NA,NA,NA,2026-07-31,2026-07-31
Waialua,HI,"Urban Honolulu, HI",Honolulu County,1032147.9182138212,1.79,2893.055555555556,NA,34716.66666666667,0.28,29.7,3.36,2.19,Rent Favored,NA,NA,998747,-1.35,1.96,9.47,5.27,40.46,2026-07-31,2026-07-31
Fullerton,CA,"Los Angeles-Long Beach-Anaheim, CA",Orange County,1052225.5522716718,1.72,2945.175832796045,3.32,35342.10999355254,0.28,29.8,3.36,2.18,Rent Favored,140054,-2.33,3170435,-0.5,2.33,5.61,4.39,43.55,2026-07-31,2026-07-31
Alhambra,CA,"Los Angeles-Long Beach-Anaheim, CA",Los Angeles County,927694.591055199,1.74,2597.1235460191983,0.23,31165.48255223038,0.28,29.8,3.36,2.18,Rent Favored,80279,-2.87,9757179,-2.4,0.03,6.45,4.01,53.92,2026-07-31,2026-07-31
Monrovia,CA,"Los Angeles-Long Beach-Anaheim, CA",Los Angeles County,993177.4779359092,1.65,2770.305563373675,0.58,33243.6667604841,0.279,29.9,3.35,2.18,Rent Favored,37787,-0.56,9757179,-2.4,0.03,6.45,4.01,53.92,2026-07-31,2026-07-31
Goleta,CA,"Santa Maria-Santa Barbara, CA",Santa Barbara County,1364943.4037427085,-0.12,3823.440457203615,1.82,45881.28548644338,0.28,29.7,3.36,2.18,Rent Favored,32611,-0.46,444500,-0.8,-2.53,6.76,3.08,47.13,2026-07-31,2026-07-31
Westlake Village,CA,"Oxnard-Thousand Oaks-Ventura, CA",Ventura County,1595094.4871015905,3.59,4455.958333333333,2.08,53471.5,0.279,29.8,3.35,2.18,Rent Favored,7593,-5.08,835427,-0.99,0.32,5.64,3.81,35.84,2026-07-31,2026-07-31
Glenwood Springs,CO,"Glenwood Springs, CO",Garfield County,870470.4824257673,3.62,2428.569597069597,0.34,29142.835164835164,0.279,29.9,3.35,2.18,Rent Favored,10311,3.03,63167,2.21,-0.81,6.37,3.48,30.28,2026-07-31,2026-07-31
Lake Forest Park,WA,"Seattle-Tacoma-Bellevue, WA",King County,1024648.7961889212,-1.84,2868.7666666666664,1.42,34425.2,0.28,29.8,3.36,2.18,Rent Favored,NA,NA,NA,NA,NA,NA,NA,NA,2026-07-31,2026-07-31
Manasquan,NJ,"New York-Newark-Jersey City, NY-NJ-PA",Monmouth County,1236159.951976915,10.81,3455.555555555555,NA,41466.666666666664,0.28,29.8,3.35,2.18,Rent Favored,NA,NA,NA,NA,NA,NA,NA,NA,2026-07-31,2026-07-31
Mount Pleasant,SC,"Charleston-North Charleston, SC",Charleston County,881445.8087821429,0.79,2449.5572404371583,3.5,29394.6868852459,0.278,30,3.33,2.17,Rent Favored,95604,4.77,431001,5.13,9.27,14.93,11.6,36.51,2026-07-31,2026-07-31
Pleasant Hill,CA,"San Francisco-Oakland-Berkeley, CA",Contra Costa County,992041.7534494642,-0.04,2758.6735294117643,1.69,33104.08235294117,0.278,30,3.34,2.17,Rent Favored,34169,-1.21,1172607,0.55,6.48,3.5,2.91,32.35,2026-07-31,2026-07-31
Carpinteria,CA,"Santa Maria-Santa Barbara, CA",Santa Barbara County,1557799.2665949932,8.23,4324.444444444444,16.27,51893.33333333333,0.278,30,3.33,2.17,Rent Favored,12876,-2.76,444500,-0.8,-2.53,6.76,3.08,47.13,2026-07-31,2026-07-31
Happy Valley,OR,"Portland-Vancouver-Hillsboro, OR-WA",Clackamas County,686519.5096578785,-0.67,1903.2284450442344,0.28,22838.74134053081,0.277,30.1,3.33,2.16,Rent Favored,28969,20.21,425857,0.79,3.92,5.7,4.07,28.66,2026-07-31,2026-07-31
San Lorenzo,CA,"San Francisco-Oakland-Berkeley, CA",Alameda County,809954.4333174819,-2.85,2242.722222222222,NA,26912.666666666664,0.277,30.1,3.32,2.16,Rent Favored,NA,NA,1649060,-1.88,3.29,5.96,5.26,45.93,2026-07-31,2026-07-31
Stephenville,TX,"Stephenville, TX",Erath County,324964.2075530631,-0.63,898.5304487179487,-1.65,10782.365384615385,0.277,30.1,3.32,2.16,Rent Favored,22147,4.89,44496,4.16,-1.64,11.54,7.52,36.2,2026-07-31,2026-07-31
Blackfoot,ID,"Blackfoot, ID",Bingham County,380329.6619163701,3.05,1051.6666666666667,NA,12620,0.277,30.1,3.32,2.16,Rent Favored,NA,NA,NA,NA,NA,NA,NA,NA,2026-07-31,2026-07-31
Wilsonville,OR,"Portland-Vancouver-Hillsboro, OR-WA",Clackamas County,630813.8342292915,-1.36,1749.8821455938696,-0.59,20998.585747126435,0.277,30,3.33,2.16,Rent Favored,27895,4.39,425857,0.79,3.92,5.7,4.07,28.66,2026-07-31,2026-07-31
Polson,MT,NA,Lake County,579990.3124155742,0.83,1609,NA,19308,0.277,30,3.33,2.16,Rent Favored,NA,NA,NA,NA,NA,NA,NA,NA,2026-07-31,2026-07-31
Arlington,MA,"Boston-Cambridge-Newton, MA-NH",Middlesex County,1087018.7485728802,2.54,2997.75641025641,3.85,35973.07692307692,0.276,30.2,3.31,2.15,Rent Favored,NA,NA,1668956,2.54,11.63,4.52,2.96,38.37,2026-07-31,2026-07-31
Culver City,CA,"Los Angeles-Long Beach-Anaheim, CA",Los Angeles County,1287430.0783894777,2.03,3553.4267436267437,-0.3,42641.120923520924,0.276,30.2,3.31,2.15,Rent Favored,39883,-2.06,9757179,-2.4,0.03,6.45,4.01,53.92,2026-07-31,2026-07-31
Pearl City,HI,"Urban Honolulu, HI",Honolulu County,939529.766549155,2.57,2590.8333333333335,6.46,31090,0.276,30.2,3.31,2.15,Rent Favored,NA,NA,998747,-1.35,1.96,9.47,5.27,40.46,2026-07-31,2026-07-31
Ambler,PA,"Philadelphia-Camden-Wilmington, PA-NJ-DE-MD",Montgomery County,705152.9870810406,3.38,1944.75,5.07,23337,0.276,30.2,3.31,2.15,Rent Favored,6900,1.34,879190,2.6,7.92,4.35,5.68,28.27,2026-07-31,2026-07-31
Eagle,ID,"Boise City, ID",Ada County,791852.5538567788,-0.55,2180.378446115288,6.66,26164.541353383458,0.275,30.3,3.3,2.15,Rent Favored,33451,5.85,535799,7.53,14.17,4.08,3.49,28.65,2026-07-31,2026-07-31
Sedona,AZ,"Prescott Valley-Prescott, AZ",Yavapai County,904511.5230357144,-0.81,2498.6111111111113,5.08,29983.333333333336,0.276,30.2,3.31,2.15,Rent Favored,9778,0.88,252013,6.23,16.63,12.2,4.45,26.49,2026-07-31,2026-07-31
San Marino,CA,"Los Angeles-Long Beach-Anaheim, CA",Los Angeles County,2847225.772396613,7.06,7865.833333333333,NA,94390,0.276,30.2,3.32,2.15,Rent Favored,12105,-2.97,9757179,-2.4,0.03,6.45,4.01,53.92,2026-07-31,2026-07-31
Monmouth Beach,NJ,"New York-Newark-Jersey City, NY-NJ-PA",Monmouth County,1161913.489549609,8.23,3206.25,NA,38475,0.276,30.2,3.31,2.15,Rent Favored,NA,NA,NA,NA,NA,NA,NA,NA,2026-07-31,2026-07-31
Orange,CA,"Los Angeles-Long Beach-Anaheim, CA",Orange County,1136728.983190925,2.1,3121.93220338983,2.76,37463.186440677964,0.275,30.3,3.3,2.14,Rent Favored,137941,-1.1,3170435,-0.5,2.33,5.61,4.39,43.55,2026-07-31,2026-07-31
Ladera Ranch,CA,"Los Angeles-Long Beach-Anaheim, CA",Orange County,1383036.3156581966,0.49,3789.2477718360074,1.44,45470.97326203209,0.274,30.4,3.29,2.14,Rent Favored,NA,NA,3170435,-0.5,2.33,5.61,4.39,43.55,2026-07-31,2026-07-31
Highland,UT,"Provo-Orem, UT",Utah County,975620.8808780676,4.64,2679.8611111111113,NA,32158.333333333336,0.275,30.3,3.3,2.14,Rent Favored,21146,9.12,747234,12.6,17.51,3.79,2.69,31.87,2026-07-31,2026-07-31
Colbert,WA,"Spokane-Spokane Valley, WA",Spokane County,604996.591011993,0.14,1657.533068783069,NA,19890.396825396827,0.274,30.4,3.29,2.14,Rent Favored,NA,NA,NA,NA,NA,NA,NA,NA,2026-07-31,2026-07-31
Hastings on Hudson,NY,"New York-Newark-Jersey City, NY-NJ-PA",Westchester County,1156661.83377416,11.94,3175,NA,38100,0.274,30.4,3.29,2.14,Rent Favored,NA,NA,NA,NA,NA,NA,NA,NA,2026-07-31,2026-07-31
Garden Grove,CA,"Los Angeles-Long Beach-Anaheim, CA",Orange County,1015470.3800655708,3.73,2768.0729468599034,2.49,33216.87536231884,0.273,30.6,3.27,2.13,Rent Favored,172361,0.29,3170435,-0.5,2.33,5.61,4.39,43.55,2026-07-31,2026-07-31
Peachtree Corners,GA,"Atlanta-Sandy Springs-Alpharetta, GA",Gwinnett County,548512.7474880937,-2.39,1496.1453912559175,0.6,17953.74469507101,0.273,30.6,3.27,2.13,Rent Favored,42638,0.93,1003869,4.75,5.96,3.94,4.99,33.31,2026-07-31,2026-07-31
Somerset,PA,"Somerset, PA",Somerset County,224216.8932167308,6.22,612.5,NA,7350,0.273,30.5,3.28,2.13,Rent Favored,NA,NA,NA,NA,NA,NA,NA,NA,2026-07-31,2026-07-31
Oakton,VA,"Washington-Arlington-Alexandria, DC-VA-MD-WV",Fairfax County,1112879.9640664232,1.16,3036.5,NA,36438,0.273,30.5,3.27,2.13,Rent Favored,NA,NA,NA,NA,NA,NA,NA,NA,2026-07-31,2026-07-31
New Providence,NJ,"New York-Newark-Jersey City, NY-NJ-PA",Union County,1022892.2516861492,7.57,2791.2222222222226,NA,33494.66666666667,0.273,30.5,3.27,2.13,Rent Favored,13957,1.85,594160,3.57,15.84,4.55,3.18,42.39,2026-07-31,2026-07-31
Adel,IA,"Des Moines-West Des Moines, IA",Dallas County,400768.3939284049,0.22,1094.1666666666667,NA,13130,0.273,30.5,3.28,2.13,Rent Favored,NA,NA,NA,NA,NA,NA,NA,NA,2026-07-31,2026-07-31
Tustin,CA,"Los Angeles-Long Beach-Anaheim, CA",Orange County,1169038.1734991514,-0.25,3171.636048548549,2.2,38059.632582582584,0.271,30.7,3.26,2.12,Rent Favored,78863,-1.28,3170435,-0.5,2.33,5.61,4.39,43.55,2026-07-31,2026-07-31
South Orange,NJ,"New York-Newark-Jersey City, NY-NJ-PA",Essex County,1097459.5095173193,4.88,2977.2833333333333,4.94,35727.4,0.271,30.7,3.26,2.12,Rent Favored,NA,NA,881527,2.5,15.1,5.39,2.7,55.47,2026-07-31,2026-07-31
Missoula,MT,"Missoula, MT",Missoula County,574064.2319848445,1,1549.8323099415204,2.66,18597.987719298246,0.27,30.9,3.24,2.11,Rent Favored,78204,5.1,122546,3.54,5.87,7.8,3.82,40.34,2026-07-31,2026-07-31
Hudson Oaks,TX,"Dallas-Fort Worth-Arlington, TX",Parker County,547008.2078698765,0.64,1480.6666666666667,-0.52,17768,0.271,30.8,3.25,2.11,Rent Favored,2741,13.41,179707,20.16,32.26,7.74,10.08,17.92,2026-07-31,2026-07-31
Bethesda,MD,"Washington-Arlington-Alexandria, DC-VA-MD-WV",Montgomery County,1148646.5795896775,-0.21,3088.634887747336,1.21,37063.618652968034,0.269,31,3.23,2.1,Rent Favored,NA,NA,1082273,2.02,7.76,4.26,3.68,34.66,2026-07-31,2026-07-31
Milton,MA,"Boston-Cambridge-Newton, MA-NH",Norfolk County,1095829.142439735,2.87,2950,NA,35400,0.269,31,3.23,2.1,Rent Favored,NA,NA,NA,NA,NA,NA,NA,NA,2026-07-31,2026-07-31
North Tustin,CA,"Los Angeles-Long Beach-Anaheim, CA",Orange County,1770314.0426298063,2.88,4774.166666666667,NA,57290,0.27,30.9,3.24,2.1,Rent Favored,NA,NA,3170435,-0.5,2.33,5.61,4.39,43.55,2026-07-31,2026-07-31
Farragut,TN,"Knoxville, TN",Knox County,701737.2608911773,1.76,1892.5787037037037,-0.23,22710.944444444445,0.27,30.9,3.24,2.1,Rent Favored,25242,7.09,506748,5.46,9.51,8.07,5.28,35.05,2026-07-31,2026-07-31
Greendale,WI,"Milwaukee-Waukesha, WI",Milwaukee County,398023.7197982472,4.98,1072.5,NA,12870,0.269,30.9,3.23,2.1,Rent Favored,NA,NA,NA,NA,NA,NA,NA,NA,2026-07-31,2026-07-31
San Luis Obispo,CA,"San Luis Obispo-Paso Robles, CA",San Luis Obispo County,1097597.2629297064,1.63,2947.698960043788,1.76,35372.38752052545,0.269,31,3.22,2.09,Rent Favored,49729,5.38,281843,-0.03,0.58,12.79,4.74,38.1,2026-07-31,2026-07-31
Capitola,CA,"Santa Cruz-Watsonville, CA",Santa Cruz County,1240865.612071217,5.13,3318.4166666666665,5.16,39821,0.267,31.2,3.21,2.09,Rent Favored,9503,-4.11,262406,-3.44,-6,9.15,3.39,40.02,2026-07-31,2026-07-31
Eagle,CO,"Edwards, CO",Eagle County,1026765.100224991,0.13,2752.3888888888887,12.93,33028.666666666664,0.268,31.1,3.22,2.09,Rent Favored,7349,-2.17,54330,-2.39,-11.87,37.5,16.85,32.43,2026-07-31,2026-07-31
Chapel Hill,NC,"Durham-Chapel Hill, NC",Orange County,636020.9314281394,-0.97,1697.7718511647083,0.19,20373.2622139765,0.267,31.2,3.2,2.08,Rent Favored,64028,12.3,152877,6.36,2.62,9.13,5.91,35.76,2026-07-31,2026-07-31
Huntington Park,CA,"Los Angeles-Long Beach-Anaheim, CA",Los Angeles County,674312.8135302016,1.17,1800.277777777778,3.25,21603.333333333336,0.267,31.2,3.2,2.08,Rent Favored,52166,-4.64,9757179,-2.4,0.03,6.45,4.01,53.92,2026-07-31,2026-07-31
Boerne,TX,"San Antonio-New Braunfels, TX",Kendall County,562045.6353451059,-0.35,1501.4074825332434,-0.16,18016.88979039892,0.267,31.2,3.21,2.08,Rent Favored,22712,25.57,51828,16.28,26.82,8.24,3.37,22.11,2026-07-31,2026-07-31
Issaquah,WA,"Seattle-Tacoma-Bellevue, WA",King County,1137397.1451357696,-2.17,3031.0923628173628,1.66,36373.108353808355,0.266,31.3,3.2,2.08,Rent Favored,39664,-1.09,2340211,2.9,15.35,6.12,5.05,43.91,2026-07-31,2026-07-31
Westport,CT,"Bridgeport-Stamford-Norwalk, CT",Fairfield County,2097879.302854206,10.82,5581.944444444444,11.13,66983.33333333333,0.266,31.3,3.19,2.08,Rent Favored,NA,NA,NA,NA,NA,NA,NA,NA,2026-07-31,2026-07-31
Bexley,OH,"Columbus, OH",Franklin County,589384.2308855616,3.85,1575,NA,18900,0.267,31.2,3.21,2.08,Rent Favored,NA,NA,NA,NA,NA,NA,NA,NA,2026-07-31,2026-07-31
Rockcreek,OR,"Portland-Vancouver-Hillsboro, OR-WA",Washington County,621288.5070343745,-2.23,1659.1666666666667,-3.61,19910,0.267,31.2,3.2,2.08,Rent Favored,NA,NA,611272,1.7,7.45,3.35,3.82,39.13,2026-07-31,2026-07-31
Fairfax,CA,"San Francisco-Oakland-Berkeley, CA",Marin County,1248638.5565230823,4.37,3325,NA,39900,0.266,31.3,3.2,2.08,Rent Favored,NA,NA,NA,NA,NA,NA,NA,NA,2026-07-31,2026-07-31
Stewartstown,PA,"York-Hanover, PA",York County,400500.50500933337,4.2,1070,NA,12840,0.267,31.2,3.21,2.08,Rent Favored,NA,NA,NA,NA,NA,NA,NA,NA,2026-07-31,2026-07-31
Palisade,CO,"Grand Junction, CO",Mesa County,569743.0880438254,2,1522.5,NA,18270,0.267,31.2,3.21,2.08,Rent Favored,NA,NA,NA,NA,NA,NA,NA,NA,2026-07-31,2026-07-31
Margate City,NJ,"Atlantic City-Hammonton, NJ",Atlantic County,1141872.222451673,10.39,3050.972222222222,28.53,36611.666666666664,0.267,31.2,3.21,2.08,Rent Favored,5239,-1.09,279114,1.79,8.62,17.71,4.68,32.16,2026-07-31,2026-07-31
Carlsbad,CA,"San Diego-Chula Vista-Carlsbad, CA",San Diego County,1361645.790662888,-12.77,3616.785796957672,3.03,43401.42956349206,0.266,31.4,3.19,2.07,Rent Favored,113575,-1.18,3298799,-0.07,0.09,6.51,4.02,45.49,2026-07-31,2026-07-31
Downey,CA,"Los Angeles-Long Beach-Anaheim, CA",Los Angeles County,885145.9735007705,2.12,2345.5182072829134,3.75,28146.21848739496,0.265,31.4,3.18,2.07,Rent Favored,109368,-4.03,9757179,-2.4,0.03,6.45,4.01,53.92,2026-07-31,2026-07-31
Incline Village,NV,"Reno, NV",Washoe County,1537344.5916051017,4.66,4084.880952380952,7.33,49018.57142857142,0.266,31.4,3.19,2.07,Rent Favored,NA,NA,507280,4.01,13.63,8.28,5.88,40.53,2026-07-31,2026-07-31
Verdi,NV,"Reno, NV",Washoe County,826592.712390656,1.09,2190.822222222222,NA,26289.866666666665,0.265,31.4,3.18,2.07,Rent Favored,NA,NA,507280,4.01,13.63,8.28,5.88,40.53,2026-07-31,2026-07-31
Dublin,CA,"San Francisco-Oakland-Berkeley, CA",Alameda County,1250804.3949966645,-6.9,3304.8368686868685,3.62,39658.04242424242,0.264,31.5,3.17,2.06,Rent Favored,70544,-2.4,1649060,-1.88,3.29,5.96,5.26,45.93,2026-07-31,2026-07-31
Murray,UT,"Salt Lake City, UT",Salt Lake County,553604.8186804579,1.88,1460.3983268983268,0.28,17524.779922779922,0.264,31.6,3.17,2.06,Rent Favored,50817,0.59,1216274,2.46,7.39,5.36,5.82,33,2026-07-31,2026-07-31
Palisades Park,NJ,"New York-Newark-Jersey City, NY-NJ-PA",Bergen County,1015170.5035061575,8.92,2675.022619047619,NA,32100.271428571432,0.264,31.6,3.16,2.06,Rent Favored,NA,NA,NA,NA,NA,NA,NA,NA,2026-07-31,2026-07-31
Seymour,WI,"Appleton, WI",Outagamie County,307927.12087910733,5.22,815,NA,9780,0.265,31.5,3.18,2.06,Rent Favored,NA,NA,NA,NA,NA,NA,NA,NA,2026-07-31,2026-07-31
Seattle,WA,"Seattle-Tacoma-Bellevue, WA",King County,851471.4503973493,-1.82,2238.296647862421,0.14,26859.559774349054,0.263,31.7,3.15,2.05,Rent Favored,780995,5.45,2340211,2.9,15.35,6.12,5.05,43.91,2026-07-31,2026-07-31
Bothell,WA,"Seattle-Tacoma-Bellevue, WA",Snohomish County,1015871.298502658,-5.21,2666.114026320173,1.47,31993.368315842075,0.262,31.8,3.15,2.05,Rent Favored,51770,7.46,864113,4.11,11.83,4.9,4.3,31.61,2026-07-31,2026-07-31
Brea,CA,"Los Angeles-Long Beach-Anaheim, CA",Orange County,1134146.2912471856,1.04,2980.2558608058607,1.77,35763.07032967033,0.263,31.7,3.15,2.05,Rent Favored,47844,1.27,3170435,-0.5,2.33,5.61,4.39,43.55,2026-07-31,2026-07-31
Rexburg,ID,"Rexburg, ID",Madison County,434800.7458192899,5.03,1143.75,0.08,13725,0.263,31.7,3.16,2.05,Rent Favored,40695,2.34,55549,4.98,-8.52,13.48,7.58,59.77,2026-07-31,2026-07-31
Rowland Heights,CA,"Los Angeles-Long Beach-Anaheim, CA",Los Angeles County,990031.5297785944,0.71,2596.428571428571,8.59,31157.142857142855,0.262,31.8,3.15,2.05,Rent Favored,NA,NA,9757179,-2.4,0.03,6.45,4.01,53.92,2026-07-31,2026-07-31
Prosper,TX,"Dallas-Fort Worth-Arlington, TX",Collin County,770217.0271312526,-5.71,2021.3427550357376,-1.27,24256.113060428852,0.262,31.8,3.15,2.05,Rent Favored,44503,44.41,1254658,16.64,31.61,5.16,6.55,35.92,2026-07-31,2026-07-31
Jackson,WY,"Jackson, WY-ID",Teton County,1986992.4586135289,1.22,5216.666666666667,NA,62600,0.263,31.7,3.15,2.05,Rent Favored,10680,-0.96,23272,-0.48,-7.39,30.51,11.37,38.47,2026-07-31,2026-07-31
Torrance,CA,"Los Angeles-Long Beach-Anaheim, CA",Los Angeles County,1117905.9576672527,1.77,2920.781776341559,4.38,35049.38131609871,0.261,31.9,3.14,2.04,Rent Favored,139576,-4.69,9757179,-2.4,0.03,6.45,4.01,53.92,2026-07-31,2026-07-31
Roswell,GA,"Atlanta-Sandy Springs-Alpharetta, GA",Fulton County,662376.0651481446,1.1,1733.1860154609076,1.18,20798.23218553089,0.262,31.8,3.14,2.04,Rent Favored,92227,-0.77,1090354,1.97,1.33,8.52,7.69,45.86,2026-07-31,2026-07-31
Santa Cruz,CA,"Santa Cruz-Watsonville, CA",Santa Cruz County,1360355.4914508502,4.97,3559.8993293771405,2.99,42718.79195252569,0.262,31.8,3.14,2.04,Rent Favored,62581,-2.55,262406,-3.44,-6,9.15,3.39,40.02,2026-07-31,2026-07-31
Kailua,HI,"Urban Honolulu, HI",Honolulu County,1532216.7537696809,1.57,4014.93405908413,4.32,48179.20870900956,0.262,31.8,3.14,2.04,Rent Favored,NA,NA,998747,-1.35,1.96,9.47,5.27,40.46,2026-07-31,2026-07-31
Dunwoody,GA,"Atlanta-Sandy Springs-Alpharetta, GA",Dekalb County,679206.1451255972,2.55,1774.3363691288685,2.51,21292.03642954642,0.261,31.9,3.13,2.04,Rent Favored,51795,0.39,NA,NA,NA,NA,NA,NA,2026-07-31,2026-07-31
Zionsville,IN,"Indianapolis-Carmel-Anderson, IN",Boone County,703873.0232422249,6.1,1840.2407407407409,5.51,22082.88888888889,0.261,31.9,3.14,2.04,Rent Favored,33161,7.54,78773,10.74,29.2,3.69,3.7,20.69,2026-07-31,2026-07-31
Milpitas,CA,"San Jose-Sunnyvale-Santa Clara, CA",Santa Clara County,1424178.6443054804,-1.43,3715.125141723356,8.36,44581.501700680274,0.261,31.9,3.13,2.03,Rent Favored,79746,-0.05,1926325,0.08,11.74,5.72,5.29,44.7,2026-07-31,2026-07-31
Greenwich,CT,"Bridgeport-Stamford-Norwalk, CT",Fairfield County,2377358.6958314325,13.16,6173.423361823362,5.8,74081.08034188034,0.26,32.1,3.12,2.03,Rent Favored,NA,NA,NA,NA,NA,NA,NA,NA,2026-07-31,2026-07-31
Sisters,OR,"Albany-Lebanon, OR",Linn County,790765.3238817003,-3.04,2059.305555555555,NA,24711.666666666664,0.26,32,3.13,2.03,Rent Favored,2957,-3.77,132474,2.72,8.21,4.18,2.4,32.95,2026-07-31,2026-07-31
Metzger,OR,"Portland-Vancouver-Hillsboro, OR-WA",Washington County,535471.7136587244,-1.99,1393.75,NA,16725,0.26,32,3.12,2.03,Rent Favored,NA,NA,NA,NA,NA,NA,NA,NA,2026-07-31,2026-07-31
Durango,CO,"Durango, CO",La Plata County,765584.911608492,3.18,1982.4367676767677,-0.35,23789.24121212121,0.259,32.2,3.11,2.02,Rent Favored,19811,3.68,56823,2.06,7.9,18.92,7.43,29.04,2026-07-31,2026-07-31
Livingston,MT,NA,Park County,541696.8623067831,-0.6,1405.5555555555557,NA,16866.666666666668,0.259,32.1,3.11,2.02,Rent Favored,9021,6.34,18074,4.9,11.45,13.96,5.82,30.39,2026-07-31,2026-07-31
Hailey,ID,"Hailey, ID",Blaine County,929989.8629195738,15.51,2411.6666666666665,NA,28940,0.259,32.1,3.11,2.02,Rent Favored,NA,NA,NA,NA,NA,NA,NA,NA,2026-07-31,2026-07-31
Brisbane,CA,"San Francisco-Oakland-Berkeley, CA",San Mateo County,1161800.476619419,1.36,3012.25,NA,36147,0.259,32.1,3.11,2.02,Rent Favored,NA,NA,NA,NA,NA,NA,NA,NA,2026-07-31,2026-07-31
Poway,CA,"San Diego-Chula Vista-Carlsbad, CA",San Diego County,1225939.1597125016,-1.68,3156.6779560308973,1.79,37880.13547237077,0.257,32.4,3.09,2.01,Rent Favored,49435,1.33,3298799,-0.07,0.09,6.51,4.02,45.49,2026-07-31,2026-07-31
Golden,CO,"Denver-Aurora-Lakewood, CO",Jefferson County,865981.7829801459,-0.28,2234.2411582670206,-0.74,26810.893899204246,0.258,32.3,3.1,2.01,Rent Favored,20151,-1.22,578533,-0.79,0.75,4.44,4.86,29.39,2026-07-31,2026-07-31
Kenmore,WA,"Seattle-Tacoma-Bellevue, WA",King County,1008245.2533022608,-4.3,2599.525641025641,0.23,31194.307692307695,0.258,32.3,3.09,2.01,Rent Favored,24166,1.14,2340211,2.9,15.35,6.12,5.05,43.91,2026-07-31,2026-07-31
Mukilteo,WA,"Seattle-Tacoma-Bellevue, WA",Snohomish County,909085.0191310688,-2.12,2347.8846153846152,5.16,28174.615384615383,0.258,32.3,3.1,2.01,Rent Favored,21299,-0.97,864113,4.11,11.83,4.9,4.3,31.61,2026-07-31,2026-07-31
Columbia Falls,MT,"Kalispell, MT",Flathead County,614518.6237682618,1.05,1586.2222222222224,NA,19034.666666666668,0.258,32.3,3.1,2.01,Rent Favored,NA,NA,NA,NA,NA,NA,NA,NA,2026-07-31,2026-07-31
Alameda,CA,"San Francisco-Oakland-Berkeley, CA",Alameda County,1156095.9691622737,-0.14,2960.8973544973546,5.83,35530.76825396826,0.256,32.5,3.07,2,Rent Favored,78795,0.87,1649060,-1.88,3.29,5.96,5.26,45.93,2026-07-31,2026-07-31
Holladay,UT,"Salt Lake City, UT",Salt Lake County,851133.2388799512,4.68,2180.5722222222225,4.11,26166.86666666667,0.256,32.5,3.07,2,Rent Favored,30588,-4.01,1216274,2.46,7.39,5.36,5.82,33,2026-07-31,2026-07-31
Sausalito,CA,"San Francisco-Oakland-Berkeley, CA",Marin County,1573667.6112939415,2.03,4036.730158730159,4.22,48440.76190476191,0.257,32.5,3.08,2,Rent Favored,7075,-2.51,256400,-1.89,2.96,7.74,3.07,36.12,2026-07-31,2026-07-31
Horseshoe Bay,TX,NA,Llano County,701181.3827649159,-4.3,1799.1666666666667,NA,21590,0.257,32.5,3.08,2,Rent Favored,NA,NA,NA,NA,NA,NA,NA,NA,2026-07-31,2026-07-31
Atlantic Beach,NC,"Morehead City, NC",Carteret County,545508.1087372246,3.39,1400,NA,16800,0.257,32.5,3.08,2,Rent Favored,NA,NA,NA,NA,NA,NA,NA,NA,2026-07-31,2026-07-31
Castro Valley,CA,"San Francisco-Oakland-Berkeley, CA",Alameda County,1100178.237305242,-0.09,2807.3042328042334,5.42,33687.6507936508,0.255,32.7,3.06,1.99,Rent Favored,NA,NA,1649060,-1.88,3.29,5.96,5.26,45.93,2026-07-31,2026-07-31
San Bruno,CA,"San Francisco-Oakland-Berkeley, CA",San Mateo County,1308808.9535811192,2.28,3338.042735042735,7.38,40056.51282051282,0.255,32.7,3.06,1.99,Rent Favored,42035,-3.92,742893,-2.6,8.67,7.4,7.73,40.91,2026-07-31,2026-07-31
Lexington,MA,"Boston-Cambridge-Newton, MA-NH",Middlesex County,1599098.645686724,2.59,4088.0969696969696,NA,49057.163636363635,0.256,32.6,3.07,1.99,Rent Favored,NA,NA,1668956,2.54,11.63,4.52,2.96,38.37,2026-07-31,2026-07-31
Piedmont,CA,"San Francisco-Oakland-Berkeley, CA",Alameda County,2529854.926262988,12.15,6450,NA,77400,0.255,32.7,3.06,1.99,Rent Favored,NA,NA,NA,NA,NA,NA,NA,NA,2026-07-31,2026-07-31
Carbondale,CO,"Glenwood Springs, CO",Garfield County,1453039.590232563,5.19,3715,NA,44580,0.256,32.6,3.07,1.99,Rent Favored,NA,NA,NA,NA,NA,NA,NA,NA,2026-07-31,2026-07-31
Rye,NH,"Boston-Cambridge-Newton, MA-NH",Rockingham County,1314843.5415719475,5.52,3360,NA,40320,0.256,32.6,3.07,1.99,Rent Favored,NA,NA,NA,NA,NA,NA,NA,NA,2026-07-31,2026-07-31
San Jose,CA,"San Jose-Sunnyvale-Santa Clara, CA",Santa Clara County,1391203.9890002487,-1.15,3527.065289675636,5.91,42324.78347610763,0.254,32.9,3.04,1.98,Rent Favored,997368,-1.22,1926325,0.08,11.74,5.72,5.29,44.7,2026-07-31,2026-07-31
Mission Viejo,CA,"Los Angeles-Long Beach-Anaheim, CA",Orange County,1216984.6462957289,1.54,3091.378528334411,9.13,37096.54234001293,0.254,32.8,3.05,1.98,Rent Favored,NA,NA,NA,NA,NA,NA,NA,NA,2026-07-31,2026-07-31
Placentia,CA,"Los Angeles-Long Beach-Anaheim, CA",Orange County,1113464.8033560014,1.68,2822.837011494253,2.46,33874.044137931036,0.254,32.9,3.04,1.98,Rent Favored,53395,1.38,3170435,-0.5,2.33,5.61,4.39,43.55,2026-07-31,2026-07-31
Westfield,NJ,"New York-Newark-Jersey City, NY-NJ-PA",Union County,1327808.5126037102,8.98,3363.698412698413,1.44,40364.380952380954,0.253,32.9,3.04,1.98,Rent Favored,32050,3.73,594160,3.57,15.84,4.55,3.18,42.39,2026-07-31,2026-07-31
Bainbridge Island,WA,"Bremerton-Silverdale-Port Orchard, WA",Kitsap County,1200693.204444621,0.35,3049.8082010582007,5.33,36597.69841269841,0.254,32.8,3.05,1.98,Rent Favored,24618,-0.88,281420,2.03,11.34,6.99,3.99,29.85,2026-07-31,2026-07-31
Sandy,UT,"Salt Lake City, UT",Salt Lake County,667691.9046974973,2.03,1683.5235511258768,-1.7,20202.28261351052,0.252,33.1,3.03,1.97,Rent Favored,92840,-4.25,1216274,2.46,7.39,5.36,5.82,33,2026-07-31,2026-07-31
Montclair,NJ,"New York-Newark-Jersey City, NY-NJ-PA",Essex County,1186362.0122225534,8.07,2996.503019323671,2.34,35958.036231884056,0.253,33,3.03,1.97,Rent Favored,NA,NA,881527,2.5,15.1,5.39,2.7,55.47,2026-07-31,2026-07-31
Scottsdale,AZ,"Phoenix-Mesa-Chandler, AZ",Maricopa County,854393.9120712387,2.29,2144.765196096767,2.39,25737.182353161203,0.251,33.2,3.01,1.96,Rent Favored,246170,1.78,4673096,5.12,9.38,8.29,5.4,34.99,2026-07-31,2026-07-31
San Gabriel,CA,"Los Angeles-Long Beach-Anaheim, CA",Los Angeles County,1112802.0437359,3.21,2796.2752136752133,0.86,33555.30256410256,0.251,33.2,3.02,1.96,Rent Favored,37926,-3.91,9757179,-2.4,0.03,6.45,4.01,53.92,2026-07-31,2026-07-31
Dana Point,CA,"Los Angeles-Long Beach-Anaheim, CA",Orange County,1754054.259548435,5.58,4416.09226309922,5.52,52993.107157190636,0.252,33.1,3.02,1.96,Rent Favored,32585,-1.46,3170435,-0.5,2.33,5.61,4.39,43.55,2026-07-31,2026-07-31
Homewood,AL,"Birmingham-Hoover, AL",Jefferson County,577182.7163666454,6.12,1446.7776482776485,4.9,17361.331779331784,0.251,33.2,3.01,1.96,Rent Favored,27919,1.87,664744,-1.48,0.68,13.13,7.2,36.28,2026-07-31,2026-07-31
Mill Creek,WA,"Seattle-Tacoma-Bellevue, WA",Snohomish County,952677.6941016128,-3.89,2395.3700991609458,0.8,28744.44118993135,0.251,33.1,3.02,1.96,Rent Favored,20993,0.39,864113,4.11,11.83,4.9,4.3,31.61,2026-07-31,2026-07-31
Middleton,WI,"Madison, WI",Dane County,624004.3431939175,1.84,1564.104377104377,2.11,18769.252525252523,0.251,33.2,3.01,1.96,Rent Favored,22566,2.44,588347,4.57,11.72,3.59,2.98,42.34,2026-07-31,2026-07-31
Bryn Mawr,PA,"Philadelphia-Camden-Wilmington, PA-NJ-DE-MD",Delaware County,934056.0635476558,6.13,2351.340740740741,4.24,28216.088888888888,0.252,33.1,3.02,1.96,Rent Favored,NA,NA,584882,1.45,5.58,5.55,4.21,30.36,2026-07-31,2026-07-31
Fairview,TX,"Dallas-Fort Worth-Arlington, TX",Collin County,658977.9627251624,-5.27,1656.25,-1.47,19875,0.251,33.2,3.02,1.96,Rent Favored,10922,4.75,1254658,16.64,31.61,5.16,6.55,35.92,2026-07-31,2026-07-31
Arcadia,CA,"Los Angeles-Long Beach-Anaheim, CA",Los Angeles County,1395544.1635257194,1.78,3483.3664215686276,0.73,41800.39705882353,0.25,33.4,3,1.95,Rent Favored,54472,-3.61,9757179,-2.4,0.03,6.45,4.01,53.92,2026-07-31,2026-07-31
Kahului,HI,"Kahului-Wailuku-Lahaina, HI",Maui County,1016403.3118407044,-3.01,2537.5,NA,30450,0.25,33.4,3,1.95,Rent Favored,NA,NA,NA,NA,NA,NA,NA,NA,2026-07-31,2026-07-31
Westwood,MA,"Boston-Cambridge-Newton, MA-NH",Norfolk County,1258034.0896789087,2.71,3139.683333333333,NA,37676.2,0.25,33.4,2.99,1.95,Rent Favored,NA,NA,740754,2.35,9.81,4.09,3.95,31.48,2026-07-31,2026-07-31
Lake Purdy,AL,"Birmingham-Hoover, AL",Shelby County,506001.86048395885,2.43,1262.25,NA,15147,0.249,33.4,2.99,1.95,Rent Favored,NA,NA,235969,5.38,7.09,5.94,5.41,18.74,2026-07-31,2026-07-31
Sea Bright,NJ,"New York-Newark-Jersey City, NY-NJ-PA",Monmouth County,1114744.7879862934,5.26,2790.833333333333,NA,33490,0.25,33.3,3,1.95,Rent Favored,NA,NA,NA,NA,NA,NA,NA,NA,2026-07-31,2026-07-31
Edmonds,WA,"Seattle-Tacoma-Bellevue, WA",Snohomish County,922483.504991009,-1.2,2289.740909090909,4.08,27476.890909090907,0.248,33.6,2.98,1.94,Rent Favored,42871,0.08,864113,4.11,11.83,4.9,4.3,31.61,2026-07-31,2026-07-31
Shoreline,WA,"Seattle-Tacoma-Bellevue, WA",King County,803450.5750646411,-2.52,1995.6012429378532,2.36,23947.214915254237,0.248,33.6,2.98,1.94,Rent Favored,66251,12.63,2340211,2.9,15.35,6.12,5.05,43.91,2026-07-31,2026-07-31
Lake Oswego,OR,"Portland-Vancouver-Hillsboro, OR-WA",Clackamas County,889944.0480619315,0.66,2208.926212590299,0.3,26507.114551083592,0.248,33.6,2.98,1.94,Rent Favored,40029,-2.1,425857,0.79,3.92,5.7,4.07,28.66,2026-07-31,2026-07-31
La Crescenta-Montrose,CA,"Los Angeles-Long Beach-Anaheim, CA",Los Angeles County,1309314.8167873265,0.36,3253.611111111111,0.84,39043.33333333333,0.248,33.5,2.98,1.94,Rent Favored,NA,NA,9757179,-2.4,0.03,6.45,4.01,53.92,2026-07-31,2026-07-31
Rancho Santa Fe,CA,"San Diego-Chula Vista-Carlsbad, CA",San Diego County,4487521.026510607,5.71,11132.916666666666,NA,133595,0.248,33.6,2.98,1.94,Rent Favored,NA,NA,NA,NA,NA,NA,NA,NA,2026-07-31,2026-07-31
Pasadena,CA,"Los Angeles-Long Beach-Anaheim, CA",Los Angeles County,1206739.6540325792,0.07,2984.4383941222172,-0.3,35813.26072946661,0.247,33.7,2.97,1.93,Rent Favored,137195,-1.56,9757179,-2.4,0.03,6.45,4.01,53.92,2026-07-31,2026-07-31
Boulder,CO,"Boulder, CO",Boulder County,957376.8615883996,-0.08,2369.8398802680604,1.13,28438.078563216724,0.248,33.7,2.97,1.93,Rent Favored,106803,-1.49,330262,-0.21,4.58,5.31,3.67,37.54,2026-07-31,2026-07-31
Farmington,UT,"Ogden-Clearfield, UT",Davis County,694723.3554464142,3.63,1720.0151515151513,3.36,20640.181818181816,0.248,33.7,2.97,1.93,Rent Favored,26163,6.48,378470,4.04,4.18,3.29,3.85,22.6,2026-07-31,2026-07-31
Sandy Springs,GA,"Atlanta-Sandy Springs-Alpharetta, GA",Fulton County,699826.055771804,3.28,1726.8854514593645,1.22,20722.625417512376,0.247,33.8,2.96,1.92,Rent Favored,105505,-2.5,1090354,1.97,1.33,8.52,7.69,45.86,2026-07-31,2026-07-31
Westminster,CA,"Los Angeles-Long Beach-Anaheim, CA",Orange County,1103609.0890298982,4.1,2723.599128540305,2.28,32683.189542483662,0.247,33.8,2.96,1.92,Rent Favored,89537,-1.36,3170435,-0.5,2.33,5.61,4.39,43.55,2026-07-31,2026-07-31
Village of Palmetto Bay,FL,"Miami-Fort Lauderdale-Pompano Beach, FL",Miami-Dade County,1115783.688305597,1.87,2750.5,0.05,33006,0.247,33.8,2.96,1.92,Rent Favored,NA,NA,2838461,5.29,19.88,11.11,5.36,47.81,2026-07-31,2026-07-31
Brookhaven,GA,"Atlanta-Sandy Springs-Alpharetta, GA",Dekalb County,753511.6079275768,2.93,1849.1812576312575,0.91,22190.17509157509,0.245,34,2.94,1.91,Rent Favored,59370,4.57,NA,NA,NA,NA,NA,NA,2026-07-31,2026-07-31
Winchester,MA,"Boston-Cambridge-Newton, MA-NH",Middlesex County,1575648.2069025394,1.9,3856.7685185185182,0.18,46281.22222222222,0.245,34,2.94,1.91,Rent Favored,NA,NA,1668956,2.54,11.63,4.52,2.96,38.37,2026-07-31,2026-07-31
Bellevue,WI,"Green Bay, WI",Brown County,404828.4503385136,3.81,993.4444444444443,NA,11921.333333333332,0.245,34,2.94,1.91,Rent Favored,NA,NA,NA,NA,NA,NA,NA,NA,2026-07-31,2026-07-31
Haddonfield,NJ,"Philadelphia-Camden-Wilmington, PA-NJ-DE-MD",Camden County,866152.2908269189,7.77,2122.4861111111113,8,25469.833333333336,0.245,34,2.94,1.91,Rent Favored,12707,1.28,533988,2.07,5.74,5.92,4.3,34.97,2026-07-31,2026-07-31
Chatham,NY,"Hudson, NY",Columbia County,530938.3086229401,5.06,1300,NA,15600,0.245,34,2.94,1.91,Rent Favored,NA,NA,NA,NA,NA,NA,NA,NA,2026-07-31,2026-07-31
Daly City,CA,"San Francisco-Oakland-Berkeley, CA",San Mateo County,1137024.4367401851,2.41,2765.1979759645797,7.45,33182.375711574954,0.243,34.3,2.92,1.9,Rent Favored,101418,-3.36,742893,-2.6,8.67,7.4,7.73,40.91,2026-07-31,2026-07-31
Hawthorne,CA,"Los Angeles-Long Beach-Anaheim, CA",Los Angeles County,881878.1223911662,1.8,2145.38,1.27,25744.56,0.243,34.3,2.92,1.9,Rent Favored,83633,-4.74,9757179,-2.4,0.03,6.45,4.01,53.92,2026-07-31,2026-07-31
Rancho Palos Verdes,CA,"Los Angeles-Long Beach-Anaheim, CA",Los Angeles County,1827501.2936180069,0.98,4444.438383838384,7.57,53333.260606060605,0.243,34.3,2.92,1.9,Rent Favored,40064,-4.91,9757179,-2.4,0.03,6.45,4.01,53.92,2026-07-31,2026-07-31
Laguna Hills,CA,"Los Angeles-Long Beach-Anaheim, CA",Orange County,1236916.8834176874,2.17,3017.935515873016,2.51,36215.22619047619,0.244,34.2,2.93,1.9,Rent Favored,30378,-2.98,3170435,-0.5,2.33,5.61,4.39,43.55,2026-07-31,2026-07-31
Mill Valley,CA,"San Francisco-Oakland-Berkeley, CA",Marin County,2149666.9369616695,8.26,5230.321693121693,8.79,62763.86031746032,0.243,34.3,2.92,1.9,Rent Favored,13904,-2.11,256400,-1.89,2.96,7.74,3.07,36.12,2026-07-31,2026-07-31
Sebastopol,CA,"Santa Rosa-Petaluma, CA",Sonoma County,1103537.1088206903,0.47,2690.472222222222,5.22,32285.666666666664,0.244,34.2,2.93,1.9,Rent Favored,7388,-1.74,485375,-0.64,4.42,7.67,2.55,37.8,2026-07-31,2026-07-31
Maywood,CA,"Los Angeles-Long Beach-Anaheim, CA",Los Angeles County,654268.7291570284,2.03,1595,NA,19140,0.244,34.2,2.93,1.9,Rent Favored,NA,NA,NA,NA,NA,NA,NA,NA,2026-07-31,2026-07-31
Cohasset,MA,"Boston-Cambridge-Newton, MA-NH",Norfolk County,1481569.3731996098,6.41,3616.75,NA,43401,0.244,34.1,2.93,1.9,Rent Favored,NA,NA,NA,NA,NA,NA,NA,NA,2026-07-31,2026-07-31
La Canada Flintridge,CA,"Los Angeles-Long Beach-Anaheim, CA",Los Angeles County,2509075.2698757085,3.68,6076.964285714285,NA,72923.57142857142,0.242,34.4,2.91,1.89,Rent Favored,NA,NA,NA,NA,NA,NA,NA,NA,2026-07-31,2026-07-31
Union City,CA,"San Francisco-Oakland-Berkeley, CA",Alameda County,1223080.4794357,-4.09,2940.6617604617604,4.34,35287.941125541125,0.24,34.7,2.89,1.88,Rent Favored,66196,-5.34,1649060,-1.88,3.29,5.96,5.26,45.93,2026-07-31,2026-07-31
Shorewood,WI,"Milwaukee-Waukesha, WI",Milwaukee County,570314.6288958286,5.12,1373.5185185185185,2.9,16482.222222222223,0.241,34.6,2.89,1.88,Rent Favored,13521,-2.26,924740,-1.48,0.57,8.21,6.16,50.2,2026-07-31,2026-07-31
Moscow,ID,"Moscow, ID",Latah County,483401.5228042034,-0.23,1161.0879629629628,1.71,13933.055555555555,0.24,34.7,2.88,1.87,Rent Favored,26894,5.38,42180,6.41,7.87,7.87,1.74,39.36,2026-07-31,2026-07-31
Chatham,NJ,"New York-Newark-Jersey City, NY-NJ-PA",Morris County,1398512.3692323926,10.05,3361.5333333333333,2.91,40338.4,0.24,34.7,2.88,1.87,Rent Favored,10062,9.48,523053,2.87,8.07,3.41,3.25,26.1,2026-07-31,2026-07-31
Bellaire,TX,"Houston-The Woodlands-Sugar Land, TX",Harris County,1183035.149609266,3.38,2835.8333333333335,NA,34030,0.24,34.8,2.88,1.87,Rent Favored,17439,1.47,5009302,5.78,13.97,8.3,8.76,45.24,2026-07-31,2026-07-31
Manitou Springs,CO,"Colorado Springs, CO",Teller County,551401.9231271042,0.8,1325.2592592592594,1.37,15903.111111111113,0.24,34.7,2.88,1.87,Rent Favored,4607,-5.54,24862,0.47,6.6,16.74,2.58,17.79,2026-07-31,2026-07-31
Inlet Beach,FL,"Crestview-Fort Walton Beach-Destin, FL",Walton County,1416034.542776581,0.51,3398.3333333333335,10.47,40780,0.24,34.7,2.88,1.87,Rent Favored,NA,NA,89666,18.15,36.1,44.55,32.56,22.85,2026-07-31,2026-07-31
Sammamish,WA,"Seattle-Tacoma-Bellevue, WA",King County,1557389.7283201062,-5.55,3723.6681096681095,2.19,44684.017316017314,0.239,34.9,2.87,1.86,Rent Favored,66474,-1.45,2340211,2.9,15.35,6.12,5.05,43.91,2026-07-31,2026-07-31
Millcreek,UT,"Salt Lake City, UT",Salt Lake County,640335.1303831696,3.18,1525.8171296296296,0.5,18309.805555555555,0.238,35,2.86,1.86,Rent Favored,64217,0.85,1216274,2.46,7.39,5.36,5.82,33,2026-07-31,2026-07-31
Creve Coeur,MO,"St. Louis, MO-IL",Saint Louis County,627004.3234168201,4.16,1494.2546296296296,4.47,17931.055555555555,0.238,35,2.86,1.86,Rent Favored,18533,-1.5,NA,NA,NA,NA,NA,NA,2026-07-31,2026-07-31
Rolling Hills Estates,CA,"Los Angeles-Long Beach-Anaheim, CA",Los Angeles County,1891103.695447028,0.42,4500,NA,54000,0.238,35,2.86,1.86,Rent Favored,NA,NA,NA,NA,NA,NA,NA,NA,2026-07-31,2026-07-31
El Cerrito,CA,"San Francisco-Oakland-Berkeley, CA",Contra Costa County,1149856.2226357297,1.53,2730.229700854701,6.88,32762.756410256414,0.237,35.1,2.85,1.85,Rent Favored,26409,1.79,1172607,0.55,6.48,3.5,2.91,32.35,2026-07-31,2026-07-31
Mountain Brook,AL,"Birmingham-Hoover, AL",Jefferson County,1068731.4840764136,7.35,2539.9333333333334,NA,30479.2,0.238,35.1,2.85,1.85,Rent Favored,NA,NA,NA,NA,NA,NA,NA,NA,2026-07-31,2026-07-31
Alpine,CA,"San Diego-Chula Vista-Carlsbad, CA",San Diego County,966533.2748622692,1.74,2290.688888888889,2.68,27488.266666666666,0.237,35.2,2.84,1.85,Rent Favored,NA,NA,3298799,-0.07,0.09,6.51,4.02,45.49,2026-07-31,2026-07-31
Hebron,TX,"Dallas-Fort Worth-Arlington, TX",Denton County,658716.6834241139,-4.26,1564.3333333333333,NA,18772,0.237,35.1,2.85,1.85,Rent Favored,NA,NA,NA,NA,NA,NA,NA,NA,2026-07-31,2026-07-31
Burbank,CA,"Los Angeles-Long Beach-Anaheim, CA",Los Angeles County,1191809.5392198958,-0.5,2816.5700280112046,1.56,33798.84033613445,0.236,35.3,2.84,1.84,Rent Favored,103533,-3.25,9757179,-2.4,0.03,6.45,4.01,53.92,2026-07-31,2026-07-31
Leavenworth,WA,"Wenatchee, WA",Chelan County,675363.7443032727,-1.61,1590.9722222222224,0.31,19091.666666666668,0.236,35.4,2.83,1.84,Rent Favored,2908,23.38,81228,2.42,11.45,19.16,4.16,36.67,2026-07-31,2026-07-31
Hartland,WI,"Milwaukee-Waukesha, WI",Waukesha County,676744.9687788406,8.16,1600,NA,19200,0.236,35.2,2.84,1.84,Rent Favored,NA,NA,NA,NA,NA,NA,NA,NA,2026-07-31,2026-07-31
Santa Clara,CA,"San Jose-Sunnyvale-Santa Clara, CA",Santa Clara County,1680833.3021479603,-0.13,3934.6068733961088,7.34,47215.2824807533,0.234,35.6,2.81,1.83,Rent Favored,133132,3.52,1926325,0.08,11.74,5.72,5.29,44.7,2026-07-31,2026-07-31
Franklin Lakes,NJ,"New York-Newark-Jersey City, NY-NJ-PA",Bergen County,1656848.927111057,12.32,3895,NA,46740,0.235,35.4,2.82,1.83,Rent Favored,NA,NA,NA,NA,NA,NA,NA,NA,2026-07-31,2026-07-31
Berwyn,PA,"Philadelphia-Camden-Wilmington, PA-NJ-DE-MD",Chester County,994637.093772524,5.7,2334.3333333333335,NA,28012,0.235,35.5,2.82,1.83,Rent Favored,NA,NA,560745,4.84,7.29,3.95,3.98,25.05,2026-07-31,2026-07-31
Tonka Bay,MN,"Minneapolis-St. Paul-Bloomington, MN-WI",Hennepin County,1131360.9745908128,8.56,2659,NA,31908,0.235,35.5,2.82,1.83,Rent Favored,NA,NA,NA,NA,NA,NA,NA,NA,2026-07-31,2026-07-31
San Rafael,CA,"San Francisco-Oakland-Berkeley, CA",Marin County,1332023.3741460636,2.08,3099.9744152046783,4.37,37199.69298245614,0.233,35.8,2.79,1.82,Rent Favored,59961,-1.93,256400,-1.89,2.96,7.74,3.07,36.12,2026-07-31,2026-07-31
Redondo Beach,CA,"Los Angeles-Long Beach-Anaheim, CA",Los Angeles County,1497774.4703355683,2.9,3499.9231554160124,2.32,41999.07786499215,0.234,35.7,2.8,1.82,Rent Favored,68075,-4.6,9757179,-2.4,0.03,6.45,4.01,53.92,2026-07-31,2026-07-31
Monterey,CA,"Salinas, CA",Monterey County,1179065.4034802436,-0.55,2756.724528713087,2.71,33080.69434455704,0.234,35.6,2.81,1.82,Rent Favored,29015,-3.91,436251,-0.97,-4.66,8.72,2.33,47.72,2026-07-31,2026-07-31
Ramsey,NJ,"New York-Newark-Jersey City, NY-NJ-PA",Bergen County,898300.9900545456,9.07,2100,NA,25200,0.234,35.6,2.81,1.82,Rent Favored,NA,NA,NA,NA,NA,NA,NA,NA,2026-07-31,2026-07-31
West Slope,OR,"Portland-Vancouver-Hillsboro, OR-WA",Washington County,772289.251589147,-0.34,1801.4166666666667,2.65,21617,0.233,35.7,2.8,1.82,Rent Favored,NA,NA,611272,1.7,7.45,3.35,3.82,39.13,2026-07-31,2026-07-31
Glendale,CA,"Los Angeles-Long Beach-Anaheim, CA",Los Angeles County,1197708.2829505997,1.1,2779.4839958699017,-0.29,33353.80795043882,0.232,35.9,2.78,1.81,Rent Favored,187823,-4.15,9757179,-2.4,0.03,6.45,4.01,53.92,2026-07-31,2026-07-31
Newton,MA,"Boston-Cambridge-Newton, MA-NH",Middlesex County,1540226.233786565,2.15,3567.215452498602,3.97,42806.58542998323,0.232,36,2.78,1.81,Rent Favored,90700,2.08,1668956,2.54,11.63,4.52,2.96,38.37,2026-07-31,2026-07-31
Foster City,CA,"San Francisco-Oakland-Berkeley, CA",San Mateo County,1863228.08677907,0.49,4317.447777777778,9.08,51809.37333333334,0.232,36,2.78,1.81,Rent Favored,32657,-3.2,742893,-2.6,8.67,7.4,7.73,40.91,2026-07-31,2026-07-31
Takoma Park,MD,"Washington-Arlington-Alexandria, DC-VA-MD-WV",Montgomery County,689516.9066372302,-1.03,1596.579365079365,-3.85,19158.95238095238,0.232,36,2.78,1.81,Rent Favored,17856,1.38,1082273,2.02,7.76,4.26,3.68,34.66,2026-07-31,2026-07-31
Watchung,NJ,"New York-Newark-Jersey City, NY-NJ-PA",Somerset County,1096120.7685663346,4.26,2540,NA,30480,0.232,36,2.78,1.81,Rent Favored,NA,NA,NA,NA,NA,NA,NA,NA,2026-07-31,2026-07-31
Franklin,TN,"Nashville-Davidson--Murfreesboro--Franklin, TN",Williamson County,917022.6644788064,1.84,2121.5831528013505,1.61,25458.997833616206,0.231,36,2.78,1.8,Rent Favored,89142,5.93,269136,7.82,11.28,3.92,6.75,20.22,2026-07-31,2026-07-31
Leawood,KS,"Kansas City, MO-KS",Johnson County,801760.6464413278,7.31,1849.2236652236652,-1.93,22190.683982683982,0.231,36.1,2.77,1.8,Rent Favored,34013,0.39,632276,3.45,6.72,4.13,5,31.44,2026-07-31,2026-07-31
Moraga,CA,"San Francisco-Oakland-Berkeley, CA",Contra Costa County,1637188.3691155687,1.85,3786.6666666666665,NA,45440,0.231,36,2.78,1.8,Rent Favored,NA,NA,NA,NA,NA,NA,NA,NA,2026-07-31,2026-07-31
Solana Beach,CA,"San Diego-Chula Vista-Carlsbad, CA",San Diego County,2243543.467285462,7.06,5147.196428571428,7.32,61766.357142857145,0.229,36.3,2.75,1.79,Rent Favored,12868,-0.44,3298799,-0.07,0.09,6.51,4.02,45.49,2026-07-31,2026-07-31
Edwards,CO,"Edwards, CO",Eagle County,1724654.708617146,3.71,3950,NA,47400,0.229,36.4,2.75,1.79,Rent Favored,NA,NA,NA,NA,NA,NA,NA,NA,2026-07-31,2026-07-31
Irvine,CA,"Los Angeles-Long Beach-Anaheim, CA",Orange County,1517431.125322997,-1.94,3465.0345867475735,1.23,41580.41504097088,0.228,36.5,2.74,1.78,Rent Favored,318683,3.32,3170435,-0.5,2.33,5.61,4.39,43.55,2026-07-31,2026-07-31
Fremont,CA,"San Francisco-Oakland-Berkeley, CA",Alameda County,1471931.437527442,-2.88,3357.702178185554,4.96,40292.42613822665,0.228,36.5,2.74,1.78,Rent Favored,228192,-0.98,1649060,-1.88,3.29,5.96,5.26,45.93,2026-07-31,2026-07-31
Encinitas,CA,"San Diego-Chula Vista-Carlsbad, CA",San Diego County,1932178.2053558177,4.93,4397.850931677019,4.33,52774.21118012423,0.228,36.6,2.73,1.78,Rent Favored,61137,-1.39,3298799,-0.07,0.09,6.51,4.02,45.49,2026-07-31,2026-07-31
Danville,CA,"San Francisco-Oakland-Berkeley, CA",Contra Costa County,1862771.5584390217,-1.52,4256.254700854701,2.11,51075.05641025641,0.228,36.5,2.74,1.78,Rent Favored,43410,-0.35,1172607,0.55,6.48,3.5,2.91,32.35,2026-07-31,2026-07-31
Coral Gables,FL,"Miami-Fort Lauderdale-Pompano Beach, FL",Miami-Dade County,1566674.7320777243,4.9,3571.0289889388764,1.83,42852.347867266515,0.228,36.6,2.74,1.78,Rent Favored,50379,1.26,2838461,5.29,19.88,11.11,5.36,47.81,2026-07-31,2026-07-31
Concord,MA,"Boston-Cambridge-Newton, MA-NH",Middlesex County,1448364.502511828,0.29,3296.35,NA,39556.2,0.228,36.6,2.73,1.78,Rent Favored,NA,NA,1668956,2.54,11.63,4.52,2.96,38.37,2026-07-31,2026-07-31
West Athens,CA,"Los Angeles-Long Beach-Anaheim, CA",Los Angeles County,743872.8579142512,-0.07,1695,NA,20340,0.228,36.6,2.73,1.78,Rent Favored,NA,NA,NA,NA,NA,NA,NA,NA,2026-07-31,2026-07-31
Woodbury,NY,"New York-Newark-Jersey City, NY-NJ-PA",Nassau County,1535065.4951709006,6.95,3508.666666666667,NA,42104,0.229,36.5,2.74,1.78,Rent Favored,NA,NA,NA,NA,NA,NA,NA,NA,2026-07-31,2026-07-31
San Mateo,CA,"San Francisco-Oakland-Berkeley, CA",San Mateo County,1685161.8492884866,3.37,3821.003796209882,7.61,45852.04555451858,0.227,36.8,2.72,1.77,Rent Favored,103006,-2.51,742893,-2.6,8.67,7.4,7.73,40.91,2026-07-31,2026-07-31
Mountain View,CA,"San Jose-Sunnyvale-Santa Clara, CA",Santa Clara County,1962774.0326205,1.79,4416.482127213393,9.55,52997.78552656072,0.225,37,2.7,1.76,Rent Favored,87316,5.49,1926325,0.08,11.74,5.72,5.29,44.7,2026-07-31,2026-07-31
Laguna Niguel,CA,"Los Angeles-Long Beach-Anaheim, CA",Orange County,1494000.9921172603,4.43,3372.1500677506774,6.77,40465.80081300813,0.226,36.9,2.71,1.76,Rent Favored,64185,-0.55,3170435,-0.5,2.33,5.61,4.39,43.55,2026-07-31,2026-07-31
Calabasas,CA,"Los Angeles-Long Beach-Anaheim, CA",Los Angeles County,1720048.1454823131,0.87,3872.1809941520464,1.9,46466.17192982456,0.225,37,2.7,1.76,Rent Favored,22256,-4.25,9757179,-2.4,0.03,6.45,4.01,53.92,2026-07-31,2026-07-31
Lone Tree,CO,"Denver-Aurora-Lakewood, CO",Douglas County,882477.7597882164,-2.73,1988.209862414009,-1.13,23858.518348968108,0.225,37,2.7,1.76,Rent Favored,14061,-1.1,393995,9.34,17.82,3.14,4.54,22.23,2026-07-31,2026-07-31
Huntington Beach,CA,"Los Angeles-Long Beach-Anaheim, CA",Orange County,1367646.5277112618,4.85,3076.073269513991,3.08,36912.87923416789,0.225,37.1,2.7,1.75,Rent Favored,193151,-2.66,3170435,-0.5,2.33,5.61,4.39,43.55,2026-07-31,2026-07-31
San Ramon,CA,"San Francisco-Oakland-Berkeley, CA",Contra Costa County,1483516.3948599498,-4.54,3314.5207207207204,2.88,39774.248648648645,0.223,37.3,2.68,1.74,Rent Favored,85924,-0.53,1172607,0.55,6.48,3.5,2.91,32.35,2026-07-31,2026-07-31
Milton,GA,"Atlanta-Sandy Springs-Alpharetta, GA",Fulton County,956344.6315650378,2.65,2127.348888888889,1.69,25528.18666666667,0.222,37.5,2.67,1.74,Rent Favored,41490,0.22,1090354,1.97,1.33,8.52,7.69,45.86,2026-07-31,2026-07-31
Park City,UT,"Heber, UT",Summit County,1579133.8332716234,4,3527.8726851851848,9.19,42334.47222222222,0.223,37.3,2.68,1.74,Rent Favored,NA,NA,NA,NA,NA,NA,NA,NA,2026-07-31,2026-07-31
Darien,CT,"Bridgeport-Stamford-Norwalk, CT",Fairfield County,2470685.825861756,12.42,5499.988888888889,NA,65999.86666666667,0.223,37.4,2.67,1.74,Rent Favored,NA,NA,NA,NA,NA,NA,NA,NA,2026-07-31,2026-07-31
Carmel-by-the-Sea,CA,"Salinas, CA",Monterey County,2435331.7508200947,5.42,5442.857142857142,38.47,65314.28571428571,0.223,37.3,2.68,1.74,Rent Favored,3124,-2.68,436251,-0.97,-4.66,8.72,2.33,47.72,2026-07-31,2026-07-31
Tortolita,AZ,"Tucson, AZ",Pima County,622870.4305189297,1.05,1387,NA,16644,0.223,37.4,2.67,1.74,Rent Favored,NA,NA,1080149,3.34,11.47,9.34,5.65,35.19,2026-07-31,2026-07-31
San Anselmo,CA,"San Francisco-Oakland-Berkeley, CA",Marin County,1690581.228221408,5.31,3752.2666666666664,NA,45027.2,0.222,37.5,2.66,1.73,Rent Favored,12645,-1.33,256400,-1.89,2.96,7.74,3.07,36.12,2026-07-31,2026-07-31
Santa Rosa Beach,FL,"Crestview-Fort Walton Beach-Destin, FL",Walton County,864264.7514528893,-0.13,1913.995286195286,-0.75,22967.943434343433,0.221,37.6,2.66,1.73,Rent Favored,NA,NA,89666,18.15,36.1,44.55,32.56,22.85,2026-07-31,2026-07-31
Costa Mesa,CA,"Los Angeles-Long Beach-Anaheim, CA",Orange County,1424322.438722321,5.91,3136.0429962955964,3.12,37632.515955547155,0.22,37.8,2.64,1.72,Rent Favored,109131,-2.61,3170435,-0.5,2.33,5.61,4.39,43.55,2026-07-31,2026-07-31
Belmont,MA,"Boston-Cambridge-Newton, MA-NH",Middlesex County,1465323.8605770653,1.26,3223.033577533577,3.16,38676.402930402925,0.22,37.9,2.64,1.72,Rent Favored,NA,NA,1668956,2.54,11.63,4.52,2.96,38.37,2026-07-31,2026-07-31
Cottonwood Heights,UT,"Salt Lake City, UT",Salt Lake County,785257.6267496255,2.88,1720.9051956815115,0.58,20650.86234817814,0.219,38,2.63,1.71,Rent Favored,32437,-3.23,1216274,2.46,7.39,5.36,5.82,33,2026-07-31,2026-07-31
Wayne,PA,"Philadelphia-Camden-Wilmington, PA-NJ-DE-MD",Chester County,970668.66878794,8.08,2115.1666666666665,3.54,25382,0.218,38.2,2.61,1.7,Rent Favored,NA,NA,560745,4.84,7.29,3.95,3.98,25.05,2026-07-31,2026-07-31
Chevy Chase,MD,"Washington-Arlington-Alexandria, DC-VA-MD-WV",Montgomery County,1237590.6445530716,-0.41,2698.5218042493902,-2.96,32382.26165099268,0.218,38.2,2.62,1.7,Rent Favored,2927,1.11,1082273,2.02,7.76,4.26,3.68,34.66,2026-07-31,2026-07-31
Coronado,CA,"San Diego-Chula Vista-Carlsbad, CA",San Diego County,2550024.0266125314,6.08,5560.217823026646,6.41,66722.61387631975,0.218,38.2,2.62,1.7,Rent Favored,18031,-10.65,3298799,-0.07,0.09,6.51,4.02,45.49,2026-07-31,2026-07-31
Pacific Grove,CA,"Salinas, CA",Monterey County,1395343.1426539223,1.01,3038.097643097643,5.89,36457.17171717172,0.218,38.3,2.61,1.7,Rent Favored,14851,-1.58,436251,-0.97,-4.66,8.72,2.33,47.72,2026-07-31,2026-07-31
Kirkland,WA,"Seattle-Tacoma-Bellevue, WA",King County,1212741.0255375288,-5.16,2628.832651233292,2.4,31545.991814799505,0.217,38.4,2.6,1.69,Rent Favored,95499,2.97,2340211,2.9,15.35,6.12,5.05,43.91,2026-07-31,2026-07-31
Albany,CA,"San Francisco-Oakland-Berkeley, CA",Alameda County,1249885.2735196815,4.43,2715.0793650793653,6.87,32580.95238095238,0.217,38.4,2.61,1.69,Rent Favored,19439,-3.89,1649060,-1.88,3.29,5.96,5.26,45.93,2026-07-31,2026-07-31
Redwood City,CA,"San Francisco-Oakland-Berkeley, CA",San Mateo County,1893533.33740997,3.92,4076.629388422036,8.55,48919.55266106443,0.215,38.7,2.58,1.68,Rent Favored,82982,-1.06,742893,-2.6,8.67,7.4,7.73,40.91,2026-07-31,2026-07-31
Cherry Creek,CO,"Denver-Aurora-Lakewood, CO",Arapahoe County,869739.1738185157,-1.54,1867.931818181818,-4.37,22415.181818181816,0.215,38.8,2.58,1.68,Rent Favored,NA,NA,666918,1.77,3.13,4.55,5.64,34.88,2026-07-31,2026-07-31
Needham,MA,"Boston-Cambridge-Newton, MA-NH",Norfolk County,1573951.9601216265,5.77,3378.6296296296296,-0.11,40543.555555555555,0.215,38.8,2.58,1.67,Rent Favored,NA,NA,740754,2.35,9.81,4.09,3.95,31.48,2026-07-31,2026-07-31
Shelley,ID,"Blackfoot, ID",Bingham County,445409.9229074267,2.79,952.5,NA,11430,0.214,39,2.57,1.67,Rent Favored,NA,NA,NA,NA,NA,NA,NA,NA,2026-07-31,2026-07-31
Pleasanton,CA,"San Francisco-Oakland-Berkeley, CA",Alameda County,1530327.3763787225,-5.18,3264.031759432979,5.33,39168.38111319575,0.213,39.1,2.56,1.66,Rent Favored,75664,-5.03,1649060,-1.88,3.29,5.96,5.26,45.93,2026-07-31,2026-07-31
Draper,UT,"Salt Lake City, UT",Salt Lake County,818028.1441103319,2.58,1729.1341575091574,2.18,20749.60989010989,0.211,39.4,2.54,1.65,Rent Favored,50166,-1.68,1216274,2.46,7.39,5.36,5.82,33,2026-07-31,2026-07-31
Summit,NJ,"New York-Newark-Jersey City, NY-NJ-PA",Union County,1433871.5924008442,12.34,3025.4166666666665,2.86,36305,0.211,39.5,2.53,1.65,Rent Favored,23102,2.05,594160,3.57,15.84,4.55,3.18,42.39,2026-07-31,2026-07-31
Santa Barbara,CA,"Santa Maria-Santa Barbara, CA",Santa Barbara County,1848324.574982212,3.69,3848.889753739581,2.27,46186.677044874974,0.208,40,2.5,1.62,Rent Favored,87291,-1.66,444500,-0.8,-2.53,6.76,3.08,47.13,2026-07-31,2026-07-31
Santa Monica,CA,"Los Angeles-Long Beach-Anaheim, CA",Los Angeles County,1685560.352575716,1.45,3492.92469607687,1.89,41915.09635292244,0.207,40.2,2.49,1.62,Rent Favored,90729,-2.36,9757179,-2.4,0.03,6.45,4.01,53.92,2026-07-31,2026-07-31
Vail,CO,"Edwards, CO",Eagle County,1743884.09223938,4.51,3619.777777777778,NA,43437.333333333336,0.208,40.1,2.49,1.62,Rent Favored,4466,-7.38,54330,-2.39,-11.87,37.5,16.85,32.43,2026-07-31,2026-07-31
Los Altos Hills,CA,"San Jose-Sunnyvale-Santa Clara, CA",Santa Clara County,6044436.268697262,5.04,12575,NA,150900,0.208,40.1,2.5,1.62,Rent Favored,NA,NA,NA,NA,NA,NA,NA,NA,2026-07-31,2026-07-31
University Park,TX,"Dallas-Fort Worth-Arlington, TX",Dallas County,2498999.704095731,7.84,5161.269841269841,NA,61935.23809523809,0.207,40.3,2.48,1.61,Rent Favored,25268,0.11,2656028,1.73,0.15,7.76,8.95,49.22,2026-07-31,2026-07-31
Manhattan Beach,CA,"Los Angeles-Long Beach-Anaheim, CA",Los Angeles County,3321615.8070481564,9.58,6756.163570691434,5.02,81073.9628482972,0.203,41,2.44,1.59,Rent Favored,33453,-5.45,9757179,-2.4,0.03,6.45,4.01,53.92,2026-07-31,2026-07-31
Sierra Madre,CA,"Los Angeles-Long Beach-Anaheim, CA",Los Angeles County,1416058.13473011,-1.15,2889.8611111111113,3.25,34678.333333333336,0.204,40.8,2.45,1.59,Rent Favored,10775,-4.1,9757179,-2.4,0.03,6.45,4.01,53.92,2026-07-31,2026-07-31
Del Mar,CA,"San Diego-Chula Vista-Carlsbad, CA",San Diego County,3839220.966892932,9.2,7808.333333333333,27.65,93700,0.203,41,2.44,1.59,Rent Favored,3902,-1.09,3298799,-0.07,0.09,6.51,4.02,45.49,2026-07-31,2026-07-31
Clayton,MO,"St. Louis, MO-IL",Saint Louis County,896931.2560671801,7.25,1789.8857142857144,4.09,21478.628571428573,0.2,41.8,2.39,1.56,Rent Favored,17512,0.88,NA,NA,NA,NA,NA,NA,2026-07-31,2026-07-31
Ladera Heights,CA,"Los Angeles-Long Beach-Anaheim, CA",Los Angeles County,1726990.2201660238,4.2,3454.5,NA,41454,0.2,41.7,2.4,1.56,Rent Favored,NA,NA,NA,NA,NA,NA,NA,NA,2026-07-31,2026-07-31
Redmond,WA,"Seattle-Tacoma-Bellevue, WA",King County,1352192.1691765103,-4.05,2663.210412993912,2.32,31958.524955926943,0.197,42.3,2.36,1.54,Rent Favored,82195,12.02,2340211,2.9,15.35,6.12,5.05,43.91,2026-07-31,2026-07-31
Bradley Beach,NJ,"New York-Newark-Jersey City, NY-NJ-PA",Monmouth County,1139046.3239728508,6.45,2241.6666666666665,NA,26900,0.197,42.3,2.36,1.54,Rent Favored,NA,NA,NA,NA,NA,NA,NA,NA,2026-07-31,2026-07-31
Berkeley,CA,"San Francisco-Oakland-Berkeley, CA",Alameda County,1460436.6430211477,4.84,2860.949987141801,2.85,34331.39984570161,0.196,42.5,2.35,1.53,Rent Favored,121749,-1.99,1649060,-1.88,3.29,5.96,5.26,45.93,2026-07-31,2026-07-31
Fountain Valley,CA,"Los Angeles-Long Beach-Anaheim, CA",Orange County,1397459.9784157474,4.92,2738.182738095238,1.81,32858.19285714286,0.196,42.5,2.35,1.53,Rent Favored,56036,-1.64,3170435,-0.5,2.33,5.61,4.39,43.55,2026-07-31,2026-07-31
Calistoga,CA,"Napa, CA",Napa County,1075651.0758221296,-2.79,2116.666666666667,NA,25400.000000000004,0.197,42.3,2.36,1.53,Rent Favored,NA,NA,NA,NA,NA,NA,NA,NA,2026-07-31,2026-07-31
Bellevue,WA,"Seattle-Tacoma-Bellevue, WA",King County,1451886.6810706705,-3.85,2836.6873462585795,1.4,34040.248155102956,0.195,42.7,2.34,1.52,Rent Favored,154377,1.71,2340211,2.9,15.35,6.12,5.05,43.91,2026-07-31,2026-07-31
San Clemente,CA,"Los Angeles-Long Beach-Anaheim, CA",Orange County,1751799.4092566783,3.89,3420.2899190822045,4.38,41043.479028986454,0.195,42.7,2.34,1.52,Rent Favored,62627,-2.48,3170435,-0.5,2.33,5.61,4.39,43.55,2026-07-31,2026-07-31
Wellesley,MA,"Boston-Cambridge-Newton, MA-NH",Norfolk County,2054963.6826546504,4.55,4012.9166666666665,6.81,48155,0.195,42.7,2.34,1.52,Rent Favored,NA,NA,740754,2.35,9.81,4.09,3.95,31.48,2026-07-31,2026-07-31
Wayzata,MN,"Minneapolis-St. Paul-Bloomington, MN-WI",Hennepin County,940771.2795840552,5.51,1829.375,NA,21952.5,0.194,42.9,2.33,1.52,Rent Favored,4308,-2.53,1273334,-0.65,4.24,5.29,5.38,37.05,2026-07-31,2026-07-31
Los Alamitos,CA,"Los Angeles-Long Beach-Anaheim, CA",Orange County,1576282.0154012537,4.03,3025.522222222222,4.21,36306.26666666666,0.192,43.4,2.3,1.5,Rent Favored,11846,0.59,3170435,-0.5,2.33,5.61,4.39,43.55,2026-07-31,2026-07-31
Terrell Hills,TX,"San Antonio-New Braunfels, TX",Bexar County,916365.3851250644,3.39,1745,NA,20940,0.19,43.8,2.29,1.49,Rent Favored,NA,NA,NA,NA,NA,NA,NA,NA,2026-07-31,2026-07-31
Sunnyvale,CA,"San Jose-Sunnyvale-Santa Clara, CA",Santa Clara County,2050813.9788769144,0.94,3899.334759937033,7.66,46792.017119244396,0.19,43.8,2.28,1.48,Rent Favored,156792,0.99,1926325,0.08,11.74,5.72,5.29,44.7,2026-07-31,2026-07-31
Woodinville,WA,"Seattle-Tacoma-Bellevue, WA",King County,1351598.668986324,-3.54,2557.3266666666664,1.29,30687.92,0.189,44,2.27,1.48,Rent Favored,13942,3.47,2340211,2.9,15.35,6.12,5.05,43.91,2026-07-31,2026-07-31
Devon,PA,"Philadelphia-Camden-Wilmington, PA-NJ-DE-MD",Chester County,1028896.4440712384,7.68,1953.7962962962963,NA,23445.555555555555,0.19,43.9,2.28,1.48,Rent Favored,NA,NA,560745,4.84,7.29,3.95,3.98,25.05,2026-07-31,2026-07-31
McLean,VA,"Washington-Arlington-Alexandria, DC-VA-MD-WV",Fairfax County,1472788.1596177772,1.39,2772.265129636539,2.04,33267.18155563847,0.188,44.3,2.26,1.47,Rent Favored,NA,NA,1160925,1.07,6.94,3.66,4.16,31.65,2026-07-31,2026-07-31
Lafayette,CA,"San Francisco-Oakland-Berkeley, CA",Contra Costa County,1941109.2607944729,1.91,3667.625925925926,1.31,44011.51111111111,0.189,44.1,2.27,1.47,Rent Favored,25371,-0.06,1172607,0.55,6.48,3.5,2.91,32.35,2026-07-31,2026-07-31
Ladue,MO,"St. Louis, MO-IL",Saint Louis County,1383040.7146561423,8.31,2609.6666666666665,NA,31316,0.189,44.2,2.26,1.47,Rent Favored,NA,NA,NA,NA,NA,NA,NA,NA,2026-07-31,2026-07-31
Tiburon,CA,"San Francisco-Oakland-Berkeley, CA",Marin County,3097991.91240079,7.21,5799.433333333333,8.12,69593.2,0.187,44.5,2.25,1.46,Rent Favored,8933,-2.24,256400,-1.89,2.96,7.74,3.07,36.12,2026-07-31,2026-07-31
Atherton,CA,"San Francisco-Oakland-Berkeley, CA",San Mateo County,8557850.526559584,14.12,16000,NA,192000,0.187,44.6,2.24,1.46,Rent Favored,NA,NA,NA,NA,NA,NA,NA,NA,2026-07-31,2026-07-31
Larkspur,CA,"San Francisco-Oakland-Berkeley, CA",Marin County,2186143.55631599,7.78,4094.3888888888887,13,49132.666666666664,0.187,44.5,2.25,1.46,Rent Favored,12807,-1.75,256400,-1.89,2.96,7.74,3.07,36.12,2026-07-31,2026-07-31
San Carlos,CA,"San Francisco-Oakland-Berkeley, CA",San Mateo County,2457746.4453106965,6.1,4553.683982683982,7.11,54644.20779220779,0.185,45,2.22,1.45,Rent Favored,29403,-4.06,742893,-2.6,8.67,7.4,7.73,40.91,2026-07-31,2026-07-31
Haleiwa,HI,"Urban Honolulu, HI",Honolulu County,1723312.0054270087,2.98,3206.3888888888887,NA,38476.666666666664,0.186,44.8,2.23,1.45,Rent Favored,NA,NA,998747,-1.35,1.96,9.47,5.27,40.46,2026-07-31,2026-07-31
Niwot,CO,"Boulder, CO",Boulder County,1131778.933923803,2.74,2090.277777777778,NA,25083.333333333336,0.185,45.1,2.22,1.44,Rent Favored,NA,NA,NA,NA,NA,NA,NA,NA,2026-07-31,2026-07-31
Millbrae,CA,"San Francisco-Oakland-Berkeley, CA",San Mateo County,2055632.7610583624,6.47,3766.9592592592594,12.08,45203.51111111111,0.183,45.5,2.2,1.43,Rent Favored,23321,0.79,742893,-2.6,8.67,7.4,7.73,40.91,2026-07-31,2026-07-31
Hermosa Beach,CA,"Los Angeles-Long Beach-Anaheim, CA",Los Angeles County,2274412.9492683075,6.27,4174.5462962962965,5.48,50094.55555555556,0.184,45.4,2.2,1.43,Rent Favored,18687,-4.96,9757179,-2.4,0.03,6.45,4.01,53.92,2026-07-31,2026-07-31
Campbell,CA,"San Jose-Sunnyvale-Santa Clara, CA",Santa Clara County,1881250.043039494,2.71,3395.1253757736517,6.5,40741.50450928382,0.18,46.2,2.17,1.41,Rent Favored,42895,-2.04,1926325,0.08,11.74,5.72,5.29,44.7,2026-07-31,2026-07-31
Clyde Hill,WA,"Seattle-Tacoma-Bellevue, WA",King County,4083737.16284453,-2.23,7308.333333333333,NA,87700,0.179,46.6,2.15,1.4,Rent Favored,NA,NA,NA,NA,NA,NA,NA,NA,2026-07-31,2026-07-31
El Segundo,CA,"Los Angeles-Long Beach-Anaheim, CA",Los Angeles County,1752840.962550257,4.65,3122.8869047619046,2.99,37474.642857142855,0.178,46.8,2.14,1.39,Rent Favored,16544,-3.91,9757179,-2.4,0.03,6.45,4.01,53.92,2026-07-31,2026-07-31
Raleigh Hills,OR,"Portland-Vancouver-Hillsboro, OR-WA",Washington County,922220.1198454472,-0.61,1628.311111111111,NA,19539.73333333333,0.177,47.2,2.12,1.38,Rent Favored,NA,NA,611272,1.7,7.45,3.35,3.82,39.13,2026-07-31,2026-07-31
Purchase,NY,"New York-Newark-Jersey City, NY-NJ-PA",Westchester County,2313217.2591853295,6.92,4101.155555555556,2.87,49213.86666666667,0.177,47,2.13,1.38,Rent Favored,NA,NA,1006447,0.5,6.23,5.51,2.35,37.8,2026-07-31,2026-07-31
Los Altos,CA,"San Jose-Sunnyvale-Santa Clara, CA",Santa Clara County,4601729.075249239,7.01,7836.746031746032,18.19,94040.95238095238,0.17,48.9,2.04,1.33,Rent Favored,30864,-1.55,1926325,0.08,11.74,5.72,5.29,44.7,2026-07-31,2026-07-31
Newcastle,WA,"Seattle-Tacoma-Bellevue, WA",King County,1378115.4620547015,-1.89,2332.6236772486773,0.84,27991.484126984127,0.169,49.2,2.03,1.32,Rent Favored,13072,-0.56,2340211,2.9,15.35,6.12,5.05,43.91,2026-07-31,2026-07-31
Lake Hart,FL,"Orlando-Kissimmee-Sanford, FL",Orange County,1242883.052142686,0.71,2095.6952214452213,-0.9,25148.342657342655,0.169,49.4,2.02,1.32,Rent Favored,NA,NA,1533646,7.12,16.48,11.72,10.93,42.64,2026-07-31,2026-07-31
Pinecrest,FL,"Miami-Fort Lauderdale-Pompano Beach, FL",Miami-Dade County,2245702.1957616243,3.88,3742.063492063493,11.26,44904.761904761916,0.167,50,2,1.3,Rent Favored,18981,3.62,2838461,5.29,19.88,11.11,5.36,47.81,2026-07-31,2026-07-31
Ocean City,NJ,"Ocean City, NJ",Cape May County,1132711.6418457236,9.21,1890,NA,22680,0.167,49.9,2,1.3,Rent Favored,NA,NA,NA,NA,NA,NA,NA,NA,2026-07-31,2026-07-31
Laguna Beach,CA,"Los Angeles-Long Beach-Anaheim, CA",Orange County,3056375.9165086173,5.99,4980.2730158730155,1.23,59763.27619047619,0.163,51.1,1.96,1.27,Rent Favored,22564,-1.92,3170435,-0.5,2.33,5.61,4.39,43.55,2026-07-31,2026-07-31
Los Gatos,CA,"San Jose-Sunnyvale-Santa Clara, CA",Santa Clara County,2628348.829269568,4.13,4255.886243386244,6.47,51070.634920634926,0.162,51.5,1.94,1.26,Rent Favored,32952,-1.39,1926325,0.08,11.74,5.72,5.29,44.7,2026-07-31,2026-07-31
Lavallette,NJ,"New York-Newark-Jersey City, NY-NJ-PA",Ocean County,1242334.798909209,10.78,2000,NA,24000,0.161,51.8,1.93,1.26,Rent Favored,NA,NA,NA,NA,NA,NA,NA,NA,2026-07-31,2026-07-31
Greenwood Village,CO,"Denver-Aurora-Lakewood, CO",Arapahoe County,1407515.7050928038,1.23,2243.038453159041,1.41,26916.461437908496,0.159,52.3,1.91,1.24,Rent Favored,15288,-2.26,666918,1.77,3.13,4.55,5.64,34.88,2026-07-31,2026-07-31
Saratoga,CA,"San Jose-Sunnyvale-Santa Clara, CA",Santa Clara County,4038069.753983417,3.8,6244.166666666667,5.04,74930,0.155,53.9,1.86,1.21,Rent Favored,30486,-1.4,1926325,0.08,11.74,5.72,5.29,44.7,2026-07-31,2026-07-31
Belmont,CA,"San Francisco-Oakland-Berkeley, CA",San Mateo County,2284321.8553918283,4.2,3550.352425180599,10.28,42604.229102167184,0.155,53.6,1.87,1.21,Rent Favored,27132,-4.01,742893,-2.6,8.67,7.4,7.73,40.91,2026-07-31,2026-07-31
South Pasadena,CA,"Los Angeles-Long Beach-Anaheim, CA",Los Angeles County,1707700.8117588728,5.43,2587.651515151515,-0.05,31051.81818181818,0.152,55,1.82,1.18,Rent Favored,25656,-4.4,9757179,-2.4,0.03,6.45,4.01,53.92,2026-07-31,2026-07-31
Menlo Park,CA,"San Francisco-Oakland-Berkeley, CA",San Mateo County,2890071.4800243764,7.62,4349.0364014875895,8.37,52188.43681785108,0.15,55.4,1.81,1.17,Rent Favored,33040,-1.93,742893,-2.6,8.67,7.4,7.73,40.91,2026-07-31,2026-07-31
Cupertino,CA,"San Jose-Sunnyvale-Santa Clara, CA",Santa Clara County,3008438.0989268585,3.18,4359.085236939726,8.73,52309.02284327672,0.145,57.5,1.74,1.13,Rent Favored,58710,-2.11,1926325,0.08,11.74,5.72,5.29,44.7,2026-07-31,2026-07-31
Brentwood,TN,"Nashville-Davidson--Murfreesboro--Franklin, TN",Williamson County,1402028.944700849,1.82,1967.4102564102568,1.45,23608.92307692308,0.14,59.4,1.68,1.09,Rent Favored,45525,0.17,269136,7.82,11.28,3.92,6.75,20.22,2026-07-31,2026-07-31
Burlingame,CA,"San Francisco-Oakland-Berkeley, CA",San Mateo County,2817833.4024851774,9.24,3921.1242918426833,10.24,47053.4915021122,0.139,59.9,1.67,1.09,Rent Favored,30885,-1.26,742893,-2.6,8.67,7.4,7.73,40.91,2026-07-31,2026-07-31
Palo Alto,CA,"San Jose-Sunnyvale-Santa Clara, CA",Santa Clara County,3599323.7832705304,4.54,4500.581339712919,7.29,54006.97607655502,0.125,66.6,1.5,0.98,Rent Favored,67658,-1.02,1926325,0.08,11.74,5.72,5.29,44.7,2026-07-31,2026-07-31
Beverly Hills,CA,"Los Angeles-Long Beach-Anaheim, CA",Los Angeles County,3713863.968042142,7.73,4440.893581081081,9.69,53290.72297297297,0.12,69.7,1.43,0.93,Rent Favored,31027,-4.77,9757179,-2.4,0.03,6.45,4.01,53.92,2026-07-31,2026-07-31
Mercer Island,WA,"Seattle-Tacoma-Bellevue, WA",King County,2295406.185330892,-1.55,2745.625996810207,1.91,32947.511961722485,0.12,69.7,1.44,0.93,Rent Favored,25302,-1.74,2340211,2.9,15.35,6.12,5.05,43.91,2026-07-31,2026-07-31
Newport Beach,CA,"Los Angeles-Long Beach-Anaheim, CA",Orange County,3724083.468134248,10.8,4267.0090187590185,5.08,51204.108225108226,0.115,72.7,1.37,0.89,Rent Favored,82970,-2.58,3170435,-0.5,2.33,5.61,4.39,43.55,2026-07-31,2026-07-31
Paradise Valley,AZ,"Phoenix-Mesa-Chandler, AZ",Maricopa County,3542958.3472717977,11.29,1919.0222222222224,2.95,23028.26666666667,0.054,153.9,0.65,0.42,Rent Favored,12523,-1.28,4673096,5.12,9.38,8.29,5.4,34.99,2026-07-31,2026-07-31
