symbol,date,open,high,low,close,volume,adjusted
VOO,2010-09-09,102.5,102.5,101.13999938964844,101.31999969482422,26500,76.117401123046875
VOO,2010-09-10,101.68000030517578,101.86000061035156,101.30000305175781,101.77999877929688,8600,76.4629898071289
VOO,2010-09-13,102.95999908447266,103.13999938964844,102.5,103.05999755859375,33750,77.424591064453125
VOO,2010-09-14,102.83999633789062,103.4800033569336,102.37999725341797,103.04000091552734,59400,77.4095687866211
VOO,2010-09-15,102.62000274658203,103.37999725341797,102.4000015258789,103.30000305175781,9250,77.604888916015625
VOO,2010-09-16,103.0199966430664,103.31999969482422,102.69999694824219,103.26000213623047,59550,77.57484436035156
VOO,2010-09-17,103.87999725341797,103.87999725341797,103.0199966430664,103.36000061035156,49350,77.6500015258789
VOO,2010-09-20,103.73999786376953,105.04000091552734,103.45999908447266,105.04000091552734,19000,78.91210174560547
VOO,2010-09-21,105.0199966430664,105.44000244140625,104.27999877929688,104.72000122070312,19250,78.67168426513672
VOO,2010-09-22,104.55999755859375,105.04000091552734,103.95999908447266,104.16000366210938,18100,78.25099182128906
VOO,2010-09-23,103.31999969482422,104.33999633789062,103.12000274658203,103.30000305175781,33350,77.604888916015625
VOO,2010-09-24,103.94000244140625,104.9000015258789,103.86000061035156,104.83999633789062,24100,79.18958282470703
VOO,2010-09-27,104.9800033569336,104.9800033569336,104.33999633789062,104.33999633789062,15000,78.81194305419922
VOO,2010-09-28,104.31999969482422,105.0199966430664,103.41999816894531,105.0199966430664,49850,79.32555389404297
VOO,2010-09-29,104.58000183105469,104.91999816894531,104.22000122070312,104.5199966430664,15900,78.9478988647461
VOO,2010-09-30,105.19999694824219,105.68000030517578,103.95999908447266,104.36000061035156,44750,78.82704162597656
VOO,2010-10-01,105.08000183105469,105.16000366210938,104.16000366210938,104.72000122070312,17100,79.0989761352539
VOO,2010-10-04,105.26000213623047,105.26000213623047,103.5,103.83999633789062,88700,78.43426513671875
VOO,2010-10-05,105.0199966430664,106.19999694824219,104.81999969482422,106.12000274658203,19850,80.15643310546875
VOO,2010-10-06,106.12000274658203,106.27999877929688,105.62000274658203,105.94000244140625,276900,80.02046966552734
VOO,2010-10-07,106.5,106.5,105.31999969482422,105.87999725341797,49900,79.97514343261719
VOO,2010-10-08,106.0199966430664,106.73999786376953,105.66000366210938,106.68000030517578,61550,80.579437255859375
VOO,2010-10-11,106.72000122070312,106.83999633789062,106.27999877929688,106.5,14200,80.44342041015625
VOO,2010-10-12,106.37999725341797,107.23999786376953,105.73999786376953,107.12000274658203,42050,80.9117660522461
VOO,2010-10-13,107.58000183105469,108.27999877929688,107.23999786376953,107.76000213623047,74450,81.39519500732422
VOO,2010-10-14,107.69999694824219,107.81999969482422,106.80000305175781,107.36000061035156,19100,81.09303283691406
VOO,2010-10-15,108.04000091552734,108.08000183105469,106.72000122070312,107.55999755859375,54950,81.2441177368164
VOO,2010-10-18,107.62000274658203,108.44000244140625,107.44000244140625,108.33999633789062,22850,81.83326721191406
VOO,2010-10-19,107.13999938964844,107.68000030517578,106.0199966430664,106.62000274658203,38550,80.534088134765625
VOO,2010-10-20,106.94000244140625,108.16000366210938,106.94000244140625,107.76000213623047,22800,81.39519500732422
VOO,2010-10-21,108.26000213623047,108.76000213623047,107.30000305175781,107.91999816894531,29400,81.51602935791016
VOO,2010-10-22,108.16000366210938,108.19999694824219,107.94000244140625,108.18000030517578,24850,81.71240234375
VOO,2010-10-25,109.0199966430664,109.27999877929688,108.45999908447266,108.5,29600,81.95410919189453
VOO,2010-10-26,107.91999816894531,108.55999755859375,107.87999725341797,108.4800033569336,15000,81.93900299072266
VOO,2010-10-27,107.73999786376953,108.22000122070312,107.22000122070312,108.13999938964844,17150,81.68217468261719
VOO,2010-10-28,108.76000213623047,108.81999969482422,107.76000213623047,108.22000122070312,19250,81.742645263671875
VOO,2010-10-29,108.0999984741211,108.41999816894531,108,108.30000305175781,13400,81.80303192138672
VOO,2010-11-01,108.91999816894531,109.41999816894531,107.76000213623047,108.36000061035156,51550,81.84839630126953
VOO,2010-11-02,109.22000122070312,109.41999816894531,108.86000061035156,109.19999694824219,26100,82.48285675048828
VOO,2010-11-03,109.41999816894531,109.66000366210938,108.31999969482422,109.66000366210938,31850,82.8302993774414
VOO,2010-11-04,110.9000015258789,111.80000305175781,110.73999786376953,111.72000122070312,49000,84.38629913330078
VOO,2010-11-05,111.9000015258789,112.30000305175781,111.68000030517578,112.16000366210938,48300,84.71866607666016
VOO,2010-11-08,111.87999725341797,112.08000183105469,111.5,112.0199966430664,43400,84.612945556640625
VOO,2010-11-09,112.18000030517578,112.30000305175781,110.80000305175781,111.13999938964844,35700,83.94822692871094
VOO,2010-11-10,111.16000366210938,111.5999984741211,110.31999969482422,111.55999755859375,28200,84.26545715332031
VOO,2010-11-11,110.68000030517578,111.27999877929688,110.41999816894531,111.19999694824219,24000,83.9935531616211
VOO,2010-11-12,110.4000015258789,110.86000061035156,109.37999725341797,109.81999969482422,39450,82.95117950439453
VOO,2010-11-15,110.30000305175781,110.5199966430664,109.63999938964844,109.72000122070312,202750,82.87565612792969
VOO,2010-11-16,109.0199966430664,109.0199966430664,107.4800033569336,107.95999908447266,32850,81.54624938964844
VOO,2010-11-17,108.05999755859375,108.45999908447266,107.77999877929688,108.04000091552734,42450,81.60667419433594
VOO,2010-11-18,109.08000183105469,109.91999816894531,109.08000183105469,109.63999938964844,26100,82.815216064453125
VOO,2010-11-19,109.5,109.94000244140625,109.04000091552734,109.9000015258789,20250,83.0116195678711
VOO,2010-11-22,109.41999816894531,109.80000305175781,108.58000183105469,109.80000305175781,25350,82.93607330322266
VOO,2010-11-23,108.55999755859375,108.63999938964844,107.91999816894531,108.26000213623047,142400,81.77283477783203
VOO,2010-11-24,108.94000244140625,109.77999877929688,108.94000244140625,109.66000366210938,30100,82.8302993774414
VOO,2010-11-26,108.95999908447266,109.4000015258789,108.81999969482422,109.04000091552734,32650,82.36199951171875
VOO,2010-11-29,108.36000061035156,109.16000366210938,107.66000366210938,108.94000244140625,46000,82.28648376464844
VOO,2010-11-30,107.95999908447266,108.86000061035156,107.81999969482422,108.18000030517578,91950,81.71240234375
VOO,2010-12-01,109.91999816894531,110.73999786376953,109.87999725341797,110.62000274658203,33350,83.555450439453125
VOO,2010-12-02,110.73999786376953,112.0999984741211,110.73999786376953,112.05999755859375,60650,84.64312744140625
VOO,2010-12-03,111.66000366210938,112.45999908447266,111.63999938964844,112.33999633789062,184100,84.85459899902344
VOO,2010-12-06,112.16000366210938,112.41999816894531,112,112.19999694824219,64150,84.748870849609375
VOO,2010-12-07,113.33999633789062,113.37999725341797,112.19999694824219,112.23999786376953,109000,84.7790756225586
VOO,2010-12-08,112.4000015258789,112.73999786376953,111.95999908447266,112.69999694824219,69050,85.12652587890625
VOO,2010-12-09,113.33999633789062,113.33999633789062,112.66000366210938,113.12000274658203,54850,85.44380187988281
VOO,2010-12-10,113.4800033569336,113.87999725341797,113.22000122070312,113.80000305175781,73950,85.95741271972656
VOO,2010-12-13,114.31999969482422,114.44000244140625,113.81999969482422,113.86000061035156,77050,86.00273895263672
VOO,2010-12-14,114.12000274658203,114.36000061035156,113.66000366210938,113.91999816894531,59650,86.04808807373047
VOO,2010-12-15,113.73999786376953,114.19999694824219,113.23999786376953,113.41999816894531,43600,85.6703872680664
VOO,2010-12-16,113.55999755859375,114.16000366210938,113.12000274658203,114.08000183105469,60600,86.1689224243164
VOO,2010-12-17,114,114.33999633789062,113.81999969482422,114.23999786376953,59150,86.28974914550781
VOO,2010-12-20,114.58000183105469,114.73999786376953,113.95999908447266,114.4800033569336,72600,86.47106170654297
VOO,2010-12-21,114.86000061035156,115.30000305175781,114.77999877929688,115.18000030517578,76200,86.999786376953125
VOO,2010-12-22,115.33999633789062,115.5999984741211,115.23999786376953,115.5999984741211,108250,87.31702423095703
VOO,2010-12-23,115.44000244140625,115.5199966430664,115.16000366210938,115.41999816894531,57400,87.18104553222656
VOO,2010-12-27,114.45999908447266,115.0199966430664,114.4000015258789,114.9800033569336,71800,87.24635314941406
VOO,2010-12-28,115.22000122070312,115.22000122070312,114.80000305175781,115.0999984741211,56650,87.33734893798828
VOO,2010-12-29,115.31999969482422,115.44000244140625,115.19999694824219,115.19999694824219,53600,87.41325378417969
VOO,2010-12-30,115.12000274658203,115.26000213623047,114.87999725341797,115.0199966430664,78900,87.2766342163086
VOO,2010-12-31,114.86000061035156,115.13999938964844,114.68000030517578,115.13999938964844,145750,87.36769104003906
VOO,2011-01-03,115.94000244140625,116.66000366210938,115.9000015258789,116.22000122070312,119200,88.18720245361328
VOO,2011-01-04,116.55999755859375,116.55999755859375,115.5,116.12000274658203,108350,88.1113510131836
VOO,2011-01-05,115.86000061035156,116.80000305175781,115.72000122070312,116.73999786376953,717750,88.58179473876953
VOO,2011-01-06,116.83999633789062,116.91999816894531,116.22000122070312,116.54000091552734,72450,88.4300308227539
VOO,2011-01-07,116.69999694824219,116.86000061035156,115.4800033569336,116.30000305175781,82250,88.2479248046875
VOO,2011-01-10,115.87999725341797,116.27999877929688,115.4800033569336,116.19999694824219,124500,88.1720962524414
VOO,2011-01-11,116.66000366210938,116.83999633789062,116.12000274658203,116.58000183105469,131700,88.46036529541016
VOO,2011-01-12,117.31999969482422,117.72000122070312,117.0999984741211,117.62000274658203,107350,89.249542236328125
VOO,2011-01-13,117.68000030517578,117.73999786376953,117.16000366210938,117.45999908447266,96050,89.128143310546875
VOO,2011-01-14,117.30000305175781,118.33999633789062,117.26000213623047,118.30000305175781,193400,89.7655258178711
VOO,2011-01-18,118.26000213623047,118.58000183105469,118.04000091552734,118.5,194900,89.91725158691406
VOO,2011-01-19,118.44000244140625,118.5,117.0199966430664,117.31999969482422,111950,89.02188873291016
VOO,2011-01-20,117.08000183105469,117.37999725341797,116.31999969482422,117.18000030517578,103450,88.9156723022461
VOO,2011-01-21,117.9000015258789,118.13999938964844,117.31999969482422,117.44000244140625,117950,89.11295318603516
VOO,2011-01-24,117.4000015258789,118.19999694824219,117.37999725341797,118.16000366210938,455900,89.65930938720703
VOO,2011-01-25,117.80000305175781,118.19999694824219,117.19999694824219,118.12000274658203,226550,89.628936767578125
VOO,2011-01-26,118.44000244140625,118.94000244140625,118.23999786376953,118.73999786376953,109250,90.09938049316406
VOO,2011-01-27,118.68000030517578,119.0999984741211,118.4800033569336,118.9000015258789,297250,90.22077941894531
VOO,2011-01-28,119.08000183105469,119.22000122070312,116.68000030517578,116.80000305175781,891400,88.6273422241211
VOO,2011-01-31,117.22000122070312,117.80000305175781,116.94000244140625,117.69999694824219,140550,89.31022644042969
VOO,2011-02-01,118.4800033569336,119.77999877929688,118.37999725341797,119.54000091552734,147400,90.7064437866211
VOO,2011-02-02,119.23999786376953,119.66000366210938,119.23999786376953,119.33999633789062,91000,90.5546646118164
VOO,2011-02-03,119.19999694824219,119.80000305175781,118.5,119.63999938964844,72250,90.78234100341797
VOO,2011-02-04,119.69999694824219,120.0199966430664,119.13999938964844,119.95999908447266,97050,91.02513122558594
VOO,2011-02-07,120.30000305175781,121.12000274658203,120.26000213623047,120.72000122070312,118050,91.601806640625
VOO,2011-02-08,120.87999725341797,121.30000305175781,120.5999984741211,121.27999877929688,153500,92.02672576904297
VOO,2011-02-09,120.9800033569336,121.27999877929688,120.45999908447266,120.9800033569336,139650,91.79907989501953
VOO,2011-02-10,120.4000015258789,121.16000366210938,120.16000366210938,121.0199966430664,125200,91.82945251464844
VOO,2011-02-11,120.5999984741211,121.91999816894531,120.55999755859375,121.77999877929688,149200,92.4061279296875
VOO,2011-02-14,121.72000122070312,122.13999938964844,121.58000183105469,122.08000183105469,92200,92.63375091552734
VOO,2011-02-15,121.72000122070312,121.86000061035156,121.37999725341797,121.63999938964844,82150,92.2999038696289
VOO,2011-02-16,122.0999984741211,122.5999984741211,121.9800033569336,122.41999816894531,94300,92.89173126220703
VOO,2011-02-17,122.05999755859375,122.95999908447266,121.95999908447266,122.87999725341797,158250,93.24077606201172
VOO,2011-02-18,122.95999908447266,123.22000122070312,122.68000030517578,123.08000183105469,120800,93.3925552368164
VOO,2011-02-22,121.68000030517578,122.37999725341797,120.23999786376953,120.55999755859375,288400,91.48040771484375
VOO,2011-02-23,120.5,120.76000213623047,119.0999984741211,119.87999725341797,276000,90.96441650390625
VOO,2011-02-24,119.66000366210938,120.16000366210938,118.66000366210938,119.76000213623047,241300,90.87335968017578
VOO,2011-02-25,120.33999633789062,121.12000274658203,120.19999694824219,121.05999755859375,106350,91.85979461669922
VOO,2011-02-28,121.54000091552734,121.94000244140625,121.16000366210938,121.77999877929688,208350,92.4061279296875
VOO,2011-03-01,122.27999877929688,122.30000305175781,119.69999694824219,119.69999694824219,235350,90.82784271240234
VOO,2011-03-02,119.62000274658203,120.55999755859375,119.5,120.04000091552734,176350,91.08582305908203
VOO,2011-03-03,121.08000183105469,122.23999786376953,121.08000183105469,122.0999984741211,136450,92.64891052246094
VOO,2011-03-04,122.05999755859375,122.05999755859375,120.4000015258789,121.19999694824219,168250,91.96601867675781
VOO,2011-03-07,121.5999984741211,121.73999786376953,119.5999984741211,120.13999938964844,155200,91.16166687011719
VOO,2011-03-08,120.41999816894531,121.62000274658203,119.95999908447266,121.26000213623047,106350,92.01154327392578
VOO,2011-03-09,121.05999755859375,121.37999725341797,120.5,121.12000274658203,116450,91.90533447265625
VOO,2011-03-10,119.87999725341797,119.87999725341797,118.76000213623047,118.9000015258789,267850,90.22077941894531
VOO,2011-03-11,118.4000015258789,120.13999938964844,118.4000015258789,119.69999694824219,134350,90.82784271240234
VOO,2011-03-14,118.95999908447266,119.26000213623047,118.05999755859375,119,146100,90.29666900634766
VOO,2011-03-15,115.81999969482422,118.23999786376953,115.62000274658203,117.68000030517578,346800,89.29503631591797
VOO,2011-03-16,117.26000213623047,117.55999755859375,114.63999938964844,115.44000244140625,339900,87.59535217285156
VOO,2011-03-17,117.13999938964844,117.4000015258789,116.23999786376953,116.87999725341797,176200,88.68804168701172
VOO,2011-03-18,118.4000015258789,118.4000015258789,117.13999938964844,117.37999725341797,127700,89.06739044189453
VOO,2011-03-21,118.83999633789062,119.37999725341797,118.68000030517578,119.16000366210938,136100,90.41810607910156
VOO,2011-03-22,119.18000030517578,119.30000305175781,118.69999694824219,118.73999786376953,137800,90.09938049316406
VOO,2011-03-23,118.5199966430664,119.41999816894531,117.94000244140625,119.12000274658203,204150,90.387725830078125
VOO,2011-03-24,119.81999969482422,120.37999725341797,119.19999694824219,120.23999786376953,110800,91.23760223388672
VOO,2011-03-25,120.0199966430664,120.58000183105469,119.77999877929688,120.05999755859375,134300,91.5089340209961
VOO,2011-03-28,120.37999725341797,120.63999938964844,119.76000213623047,119.80000305175781,166150,91.31077575683594
VOO,2011-03-29,119.69999694824219,120.62000274658203,119.30000305175781,120.58000183105469,110950,91.90526580810547
VOO,2011-03-30,121.23999786376953,121.73999786376953,121.12000274658203,121.4000015258789,105550,92.53026580810547
VOO,2011-03-31,121.30000305175781,121.55999755859375,121.0999984741211,121.23999786376953,127500,92.4083023071289
VOO,2011-04-01,122.12000274658203,122.33999633789062,121.5,121.80000305175781,70400,92.835174560546875
VOO,2011-04-04,122.0999984741211,122.26000213623047,121.5199966430664,121.86000061035156,78800,92.88090515136719
VOO,2011-04-05,121.55999755859375,122.31999969482422,121.55999755859375,121.86000061035156,204950,92.88090515136719
VOO,2011-04-06,122.4800033569336,122.5,121.77999877929688,122.22000122070312,142900,93.15526580810547
VOO,2011-04-07,122.05999755859375,122.5,121.36000061035156,122,107150,92.98756408691406
VOO,2011-04-08,122.5,122.5199966430664,121.0199966430664,121.54000091552734,86850,92.63697814941406
VOO,2011-04-11,121.68000030517578,122.0199966430664,120.91999816894531,121.12000274658203,139650,92.31685638427734
VOO,2011-04-12,120.5,120.5999984741211,119.80000305175781,120.23999786376953,104800,91.64612579345703
VOO,2011-04-13,120.83999633789062,120.9000015258789,119.80000305175781,120.27999877929688,185100,91.67659759521484
VOO,2011-04-14,119.58000183105469,120.5,119.16000366210938,120.30000305175781,78450,91.691864013671875
VOO,2011-04-15,120.5,121.04000091552734,120.22000122070312,120.72000122070312,79700,92.01197052001953
VOO,2011-04-18,119.30000305175781,119.5999984741211,118.44000244140625,119.4000015258789,151650,91.00587463378906
VOO,2011-04-19,119.62000274658203,120.13999938964844,119.31999969482422,120.13999938964844,78900,91.56986999511719
VOO,2011-04-20,121.58000183105469,121.9800033569336,121.4800033569336,121.76000213623047,173250,92.80462646484375
VOO,2011-04-21,122.37999725341797,122.37999725341797,121.94000244140625,122.30000305175781,197850,93.2162094116211
VOO,2011-04-25,122.31999969482422,122.4000015258789,121.81999969482422,122.18000030517578,99000,93.12477111816406
VOO,2011-04-26,122.62000274658203,123.5,122.5199966430664,123.23999786376953,85050,93.9327163696289
VOO,2011-04-27,123.55999755859375,124.23999786376953,123,124.04000091552734,72850,94.54246520996094
VOO,2011-04-28,123.9000015258789,124.5999984741211,123.86000061035156,124.44000244140625,66050,94.847320556640625
VOO,2011-04-29,124.5,124.87999725341797,124.41999816894531,124.80000305175781,99000,95.12174224853516
VOO,2011-05-02,125.44000244140625,125.44000244140625,124.31999969482422,124.5199966430664,131000,94.9083023071289
VOO,2011-05-03,124.36000061035156,124.5199966430664,123.5,124.12000274658203,66500,94.60344696044922
VOO,2011-05-04,124.0999984741211,124.0999984741211,122.77999877929688,123.27999877929688,107000,93.96318817138672
VOO,2011-05-05,122.62000274658203,123.36000061035156,121.63999938964844,122.19999694824219,98950,93.13999938964844
VOO,2011-05-06,123.4800033569336,124,122.27999877929688,122.77999877929688,138550,93.58207702636719
VOO,2011-05-09,122.80000305175781,123.58000183105469,122.58000183105469,123.27999877929688,66000,93.96318817138672
VOO,2011-05-10,123.66000366210938,124.4800033569336,123.5199966430664,124.30000305175781,175550,94.74063873291016
VOO,2011-05-11,124.12000274658203,124.12000274658203,122.41999816894531,122.9800033569336,174400,93.7345199584961
VOO,2011-05-12,122.68000030517578,123.73999786376953,122.0199966430664,123.63999938964844,113500,94.23759460449219
VOO,2011-05-13,123.62000274658203,123.69999694824219,122.19999694824219,122.55999755859375,126400,93.41439056396484
VOO,2011-05-16,122.19999694824219,123.0199966430664,121.62000274658203,121.80000305175781,113500,92.835174560546875
VOO,2011-05-17,121.36000061035156,121.86000061035156,120.91999816894531,121.77999877929688,142400,92.81990051269531
VOO,2011-05-18,121.9000015258789,122.9800033569336,121.68000030517578,122.91999816894531,70550,93.688812255859375
VOO,2011-05-19,123.33999633789062,123.45999908447266,122.63999938964844,123.08000183105469,266650,93.81073760986328
VOO,2011-05-20,122.86000061035156,123,122,122.26000213623047,95450,93.18573760986328
VOO,2011-05-23,120.69999694824219,121.16000366210938,120.4000015258789,120.80000305175781,136200,92.07293701171875
VOO,2011-05-24,121.16000366210938,121.36000061035156,120.5199966430664,120.69999694824219,89650,91.99671936035156
VOO,2011-05-25,120.16000366210938,121.5,120.16000366210938,121.0999984741211,62300,92.30158233642578
VOO,2011-05-26,120.77999877929688,121.80000305175781,120.54000091552734,121.58000183105469,60450,92.6674575805664
VOO,2011-05-27,121.9800033569336,122.4000015258789,121.86000061035156,122.12000274658203,47600,93.07904815673828
VOO,2011-05-31,123.30000305175781,123.36000061035156,122.41999816894531,123.33999633789062,172500,94.00892639160156
VOO,2011-06-01,123.04000091552734,123.04000091552734,120.54000091552734,120.5999984741211,222000,91.92052459716797
VOO,2011-06-02,120.69999694824219,120.91999816894531,119.81999969482422,120.45999908447266,211800,91.81380462646484
VOO,2011-06-03,119,120.18000030517578,119,119.30000305175781,148450,90.929656982421875
VOO,2011-06-06,119.05999755859375,119.18000030517578,117.94000244140625,118.04000091552734,113250,89.96929168701172
VOO,2011-06-07,118.5199966430664,118.94000244140625,117.86000061035156,117.87999725341797,203700,89.84734344482422
VOO,2011-06-08,117.69999694824219,118.08000183105469,117.26000213623047,117.4000015258789,87600,89.48152160644531
VOO,2011-06-09,117.77999877929688,118.77999877929688,117.45999908447266,118.30000305175781,43350,90.16747283935547
VOO,2011-06-10,117.83999633789062,117.86000061035156,116.4000015258789,116.63999938964844,106750,88.90223693847656
VOO,2011-06-13,116.9000015258789,117.22000122070312,116.18000030517578,116.72000122070312,77900,88.96318054199219
VOO,2011-06-14,117.81999969482422,118.66000366210938,117.81999969482422,118.22000122070312,75400,90.10649871826172
VOO,2011-06-15,117.27999877929688,117.55999755859375,115.9000015258789,116.16000366210938,79700,88.53636169433594
VOO,2011-06-16,116.19999694824219,116.9000015258789,115.54000091552734,116.37999725341797,66050,88.70403289794922
VOO,2011-06-17,117.4800033569336,117.5,116.37999725341797,116.69999694824219,58800,88.94795227050781
VOO,2011-06-20,116.33999633789062,117.55999755859375,116.31999969482422,117.36000061035156,53700,89.451019287109375
VOO,2011-06-21,117.94000244140625,119.16000366210938,117.83999633789062,118.95999908447266,132450,90.67052459716797
VOO,2011-06-22,118.66000366210938,119.26000213623047,118.19999694824219,118.26000213623047,106050,90.1369857788086
VOO,2011-06-23,116.83999633789062,117.9000015258789,116,117.86000061035156,260750,89.832122802734375
VOO,2011-06-24,117.31999969482422,117.36000061035156,115.80000305175781,116,114500,88.8440933227539
VOO,2011-06-27,116.08000183105469,117.41999816894531,115.81999969482422,116.9800033569336,77850,89.59468078613281
VOO,2011-06-28,117.4800033569336,118.5199966430664,117.36000061035156,118.4800033569336,59500,90.74352264404297
VOO,2011-06-29,119.0999984741211,119.69999694824219,118.66000366210938,119.54000091552734,125350,91.55538177490234
VOO,2011-06-30,119.94000244140625,120.83999633789062,119.81999969482422,120.68000030517578,124850,92.42848205566406
VOO,2011-07-01,120.73999786376953,122.5999984741211,120.54000091552734,122.5,139550,93.822418212890625
VOO,2011-07-05,122.4000015258789,122.5999984741211,122,122.30000305175781,91850,93.66922760009766
VOO,2011-07-06,122.08000183105469,122.63999938964844,121.76000213623047,122.4800033569336,94850,93.80712890625
VOO,2011-07-07,123.58000183105469,124.0999984741211,123.37999725341797,123.81999969482422,195400,94.83341979980469
VOO,2011-07-08,122.4000015258789,122.9800033569336,122.0199966430664,122.9800033569336,105600,94.1900634765625
VOO,2011-07-11,121.44000244140625,121.83999633789062,120.44000244140625,120.69999694824219,92750,92.44380950927734
VOO,2011-07-12,120.45999908447266,121.41999816894531,120.16000366210938,120.16000366210938,132400,92.030242919921875
VOO,2011-07-13,120.81999969482422,121.81999969482422,120.31999969482422,120.58000183105469,129700,92.3519058227539
VOO,2011-07-14,120.91999816894531,121.37999725341797,119.5199966430664,119.80000305175781,55900,91.75450897216797
VOO,2011-07-15,120.45999908447266,120.58000183105469,119.63999938964844,120.45999908447266,40350,92.2599868774414
VOO,2011-07-18,119.94000244140625,120.0199966430664,118.55999755859375,119.44000244140625,94000,91.47880554199219
VOO,2011-07-19,120.13999938964844,121.4800033569336,120.08000183105469,121.37999725341797,233300,92.96460723876953
VOO,2011-07-20,121.76000213623047,121.77999877929688,121.16000366210938,121.37999725341797,90750,92.96460723876953
VOO,2011-07-21,122,123.23999786376953,121.77999877929688,123,234250,94.20537567138672
VOO,2011-07-22,123,123.19999694824219,122.4000015258789,123.0999984741211,90250,94.28196716308594
VOO,2011-07-25,121.87999725341797,123,121.80000305175781,122.4000015258789,183650,93.74585723876953
VOO,2011-07-26,122.31999969482422,122.5,121.68000030517578,121.87999725341797,138850,93.34757995605469
VOO,2011-07-27,121.19999694824219,121.23999786376953,119.30000305175781,119.45999908447266,470300,91.49410247802734
VOO,2011-07-28,119.41999816894531,120.4800033569336,118.95999908447266,119.12000274658203,169150,91.23369598388672
VOO,2011-07-29,117.95999908447266,119.36000061035156,117.44000244140625,118.19999694824219,194600,90.5290756225586
VOO,2011-08-01,119.77999877929688,119.81999969482422,116.68000030517578,117.77999877929688,435950,90.20741271972656
VOO,2011-08-02,116.95999908447266,117.5,114.77999877929688,114.83999633789062,258400,87.955657958984375
VOO,2011-08-03,114.95999908447266,115.54000091552734,112.9800033569336,115.41999816894531,380550,88.3998794555664
VOO,2011-08-04,113.87999725341797,113.95999908447266,109.83999633789062,110.0199966430664,504200,84.26403045654297
VOO,2011-08-05,111.37999725341797,111.66000366210938,106.94000244140625,109.77999877929688,538450,84.080230712890625
VOO,2011-08-08,106.0199966430664,108.23999786376953,102.54000091552734,102.73999786376953,790300,78.68828582763672
VOO,2011-08-09,104.4000015258789,107.4000015258789,100.91999816894531,107.33999633789062,579800,82.21142578125
VOO,2011-08-10,105.45999908447266,106.30000305175781,102.4800033569336,102.68000030517578,403100,78.642364501953125
VOO,2011-08-11,103.72000122070312,108.69999694824219,103.26000213623047,107.18000030517578,919300,82.08887481689453
VOO,2011-08-12,108.4800033569336,109,107.31999969482422,108.04000091552734,307200,82.74755096435547
VOO,2011-08-15,109.0999984741211,110.4000015258789,108.86000061035156,110.26000213623047,225950,84.44783782958984
VOO,2011-08-16,109.22000122070312,110.36000061035156,108.23999786376953,109.31999969482422,263800,83.72791290283203
VOO,2011-08-17,110,110.80000305175781,108.5999984741211,109.44000244140625,160550,83.81981658935547
VOO,2011-08-18,106.58000183105469,106.69999694824219,103.73999786376953,104.9000015258789,524000,80.34263610839844
VOO,2011-08-19,103.36000061035156,105.81999969482422,102.83999633789062,102.9000015258789,1438400,78.81082916259766
VOO,2011-08-22,105.31999969482422,105.37999725341797,102.77999877929688,102.9800033569336,246400,78.87211608886719
VOO,2011-08-23,103.5199966430664,106.58000183105469,103,106.54000091552734,301950,81.59869384765625
VOO,2011-08-24,106.31999969482422,108.08000183105469,106.05999755859375,108,151000,82.7168960571289
VOO,2011-08-25,108.72000122070312,109.18000030517578,105.62000274658203,106.37999725341797,294150,81.4761734008789
VOO,2011-08-26,105.66000366210938,108.27999877929688,104.0199966430664,107.77999877929688,197500,82.54841613769531
VOO,2011-08-29,109.33999633789062,110.95999908447266,109.23999786376953,110.91999816894531,159000,84.95333099365234
VOO,2011-08-30,110.5,111.91999816894531,109.66000366210938,111.12000274658203,129900,85.10652923583984
VOO,2011-08-31,111.9800033569336,112.9000015258789,110.91999816894531,111.68000030517578,214950,85.53541564941406
VOO,2011-09-01,111.73999786376953,112.80000305175781,110.54000091552734,110.5999984741211,274900,84.708251953125
VOO,2011-09-02,108.31999969482422,108.83999633789062,107.4000015258789,107.73999786376953,150350,82.51778411865234
VOO,2011-09-06,104.72000122070312,107.13999938964844,104.63999938964844,107,197950,81.95101165771484
VOO,2011-09-07,108.72000122070312,110.04000091552734,108.30000305175781,110.0199966430664,199700,84.26403045654297
VOO,2011-09-08,109.33999633789062,110.58000183105469,108.68000030517578,108.86000061035156,115650,83.37559509277344
VOO,2011-09-09,107.66000366210938,107.94000244140625,105.44000244140625,106,174200,81.18512725830078
VOO,2011-09-12,104.69999694824219,106.76000213623047,104.36000061035156,106.76000213623047,161350,81.7672119140625
VOO,2011-09-13,107.0999984741211,108.05999755859375,106.37999725341797,107.63999938964844,193500,82.4411849975586
VOO,2011-09-14,108.26000213623047,110.45999908447266,106.76000213623047,109.16000366210938,459000,83.6053695678711
VOO,2011-09-15,110.33999633789062,111.0999984741211,109.41999816894531,111.04000091552734,128700,85.04523468017578
VOO,2011-09-16,111.44000244140625,112.05999755859375,110.69999694824219,111.69999694824219,79000,85.55072784423828
VOO,2011-09-19,109.86000061035156,111.0999984741211,109.18000030517578,110.66000366210938,82150,84.75421142578125
VOO,2011-09-20,111.12000274658203,112.13999938964844,110.44000244140625,110.4800033569336,154550,84.6163330078125
VOO,2011-09-21,110.5999984741211,110.86000061035156,107.13999938964844,107.13999938964844,139000,82.05826568603516
VOO,2011-09-22,104.19999694824219,105,102.37999725341797,103.77999877929688,420500,79.48482513427734
VOO,2011-09-23,102.5999984741211,104.31999969482422,102.45999908447266,103.68000030517578,329200,79.85453033447266
VOO,2011-09-26,104.72000122070312,106.33999633789062,103.31999969482422,106.19999694824219,193850,81.7954330444336
VOO,2011-09-27,108.44000244140625,109.27999877929688,106.86000061035156,107.41999816894531,617550,82.73509216308594
VOO,2011-09-28,107.69999694824219,108.23999786376953,105.08000183105469,105.27999877929688,197300,81.08684539794922
VOO,2011-09-29,107.05999755859375,107.45999908447266,104.16000366210938,106.04000091552734,119300,81.67222595214844
VOO,2011-09-30,104.55999755859375,105.4800033569336,103.37999725341797,103.5199966430664,183300,79.73128509521484
VOO,2011-10-03,102.81999969482422,104.08000183105469,100.33999633789062,100.33999633789062,333100,77.28204345703125
VOO,2011-10-04,99.13999938964844,102.81999969482422,98.23999786376953,102.54000091552734,285650,78.97652435302734
VOO,2011-10-05,102.87999725341797,104.81999969482422,102,104.58000183105469,281000,80.547698974609375
VOO,2011-10-06,104.5199966430664,106.62000274658203,103.76000213623047,106.5999984741211,583800,82.1035385131836
VOO,2011-10-07,107.16000366210938,107.16000366210938,105.18000030517578,105.77999877929688,627150,81.471954345703125
VOO,2011-10-10,107.73999786376953,109.36000061035156,107.66000366210938,109.36000061035156,168200,84.229278564453125
VOO,2011-10-11,108.76000213623047,109.72000122070312,108.5999984741211,109.31999969482422,663200,84.1984634399414
VOO,2011-10-12,110.27999877929688,111.5999984741211,110,110.31999969482422,509150,84.968658447265625
VOO,2011-10-13,109.69999694824219,110.44000244140625,108.9000015258789,110.16000366210938,364000,84.84546661376953
VOO,2011-10-14,111.5,112.05999755859375,110.91999816894531,111.9800033569336,423450,86.24717712402344
VOO,2011-10-17,111.4800033569336,111.5999984741211,109.63999938964844,109.87999725341797,309650,84.6297836303711
VOO,2011-10-18,109.83999633789062,112.83999633789062,109,112.08000183105469,259100,86.32422637939453
VOO,2011-10-19,111.83999633789062,112.4800033569336,110.4000015258789,110.68000030517578,107900,85.24595642089844
VOO,2011-10-20,111,111.4800033569336,109.5999984741211,111.18000030517578,68200,85.63102722167969
VOO,2011-10-21,112.5,113.41999816894531,112.23999786376953,113.31999969482422,87200,87.27925109863281
VOO,2011-10-24,113.55999755859375,114.95999908447266,113.44000244140625,114.76000213623047,138550,88.38835906982422
VOO,2011-10-25,114.18000030517578,114.18000030517578,112.23999786376953,112.54000091552734,102400,86.67850494384766
VOO,2011-10-26,113.76000213623047,114.05999755859375,111.80000305175781,113.62000274658203,1922200,87.5103530883789
VOO,2011-10-27,116.77999877929688,118.30000305175781,115.80000305175781,117.54000091552734,309200,90.52953338623047
VOO,2011-10-28,117.04000091552734,117.77999877929688,116.87999725341797,117.66000366210938,693650,90.621978759765625
VOO,2011-10-31,116.26000213623047,116.33999633789062,114.63999938964844,114.63999938964844,153450,88.29595184326172
VOO,2011-11-01,111.54000091552734,112.9000015258789,111.16000366210938,111.5999984741211,307150,85.95453643798828
VOO,2011-11-02,113.26000213623047,113.76000213623047,112.31999969482422,113.36000061035156,122650,87.31007385253906
VOO,2011-11-03,114.63999938964844,115.68000030517578,113.04000091552734,115.45999908447266,173650,88.92748260498047
VOO,2011-11-04,114.45999908447266,114.9000015258789,113.41999816894531,114.80000305175781,147450,88.41918182373047
VOO,2011-11-07,114.63999938964844,115.5199966430664,113.63999938964844,115.45999908447266,79500,88.92748260498047
VOO,2011-11-08,116.0999984741211,117.0199966430664,115.0199966430664,116.83999633789062,135700,89.990386962890625
VOO,2011-11-09,114.23999786376953,114.72000122070312,112.4000015258789,112.62000274658203,246850,86.74015808105469
VOO,2011-11-10,114.0999984741211,114.19999694824219,112.62000274658203,113.63999938964844,121800,87.525726318359375
VOO,2011-11-11,115.04000091552734,116.0999984741211,115.0199966430664,115.86000061035156,132650,89.235595703125
VOO,2011-11-14,115.41999816894531,115.4800033569336,114.22000122070312,114.73999786376953,359550,88.372955322265625
VOO,2011-11-15,114.5199966430664,115.91999816894531,114.12000274658203,115.33999633789062,402200,88.83506774902344
VOO,2011-11-16,114.19999694824219,115.45999908447266,113.31999969482422,113.4800033569336,91900,87.402496337890625
VOO,2011-11-17,113.26000213623047,113.54000091552734,110.91999816894531,111.66000366210938,989950,86.000732421875
VOO,2011-11-18,112.0199966430664,112.18000030517578,111.0999984741211,111.5,188150,85.87752532958984
VOO,2011-11-21,109.9000015258789,110.05999755859375,108.4800033569336,109.5,236700,84.33708953857422
VOO,2011-11-22,109.19999694824219,109.80000305175781,108.37999725341797,108.91999816894531,263300,83.890380859375
VOO,2011-11-23,108,108.0199966430664,106.5999984741211,106.62000274658203,249100,82.11891174316406
VOO,2011-11-25,106.4000015258789,107.58000183105469,106.30000305175781,106.30000305175781,75650,81.87247467041016
VOO,2011-11-28,109.26000213623047,109.81999969482422,108.63999938964844,109.4800033569336,155550,84.32170867919922
VOO,2011-11-29,109.76000213623047,110.5,109.4000015258789,109.80000305175781,134950,84.56819152832031
VOO,2011-11-30,112.9000015258789,114.4800033569336,112.62000274658203,114.30000305175781,424450,88.03407287597656
VOO,2011-12-01,114.13999938964844,114.83999633789062,113.81999969482422,114.22000122070312,107350,87.97245788574219
VOO,2011-12-02,115.4000015258789,115.68000030517578,114.13999938964844,114.16000366210938,127300,87.926239013671875
VOO,2011-12-05,116,116.27999877929688,114.72000122070312,115.4000015258789,194500,88.88127136230469
VOO,2011-12-06,115.37999725341797,116.19999694824219,115.0199966430664,115.5,67600,88.95832824707031
VOO,2011-12-07,115.0999984741211,116.31999969482422,114.36000061035156,115.87999725341797,86600,89.25096893310547
VOO,2011-12-08,115.0199966430664,115.26000213623047,113.08000183105469,113.37999725341797,93450,87.32548522949219
VOO,2011-12-09,113.87999725341797,115.54000091552734,113.80000305175781,115.30000305175781,882200,88.80428314208984
VOO,2011-12-12,114.27999877929688,114.27999877929688,112.66000366210938,113.63999938964844,127200,87.525726318359375
VOO,2011-12-13,114.22000122070312,114.76000213623047,112,112.55999755859375,162800,86.69392395019531
VOO,2011-12-14,112.0999984741211,112.5,111.0999984741211,111.30000305175781,945150,85.72344207763672
VOO,2011-12-15,112.5199966430664,112.62000274658203,111.55999755859375,111.72000122070312,82550,86.04694366455078
VOO,2011-12-16,112.5199966430664,113.0999984741211,111.63999938964844,111.80000305175781,1480000,86.10853576660156
VOO,2011-12-19,112.27999877929688,112.5,110.44000244140625,110.66000366210938,454150,85.23055267333984
VOO,2011-12-20,112.33999633789062,114.16000366210938,112.33999633789062,113.95999908447266,143850,87.77220916748047
VOO,2011-12-21,113.9000015258789,114.37999725341797,113.0199966430664,114.30000305175781,182650,88.03407287597656
VOO,2011-12-22,114.69999694824219,115.37999725341797,114.5,115.37999725341797,1439800,88.86589050292969
VOO,2011-12-23,114.95999908447266,115.68000030517578,114.76000213623047,115.5999984741211,256450,89.56787109375
VOO,2011-12-27,115.37999725341797,118,115.36000061035156,115.72000122070312,388650,89.66085052490234
VOO,2011-12-28,115.72000122070312,115.72000122070312,114.0999984741211,114.30000305175781,180300,88.56062316894531
VOO,2011-12-29,114.62000274658203,118.16000366210938,114.5199966430664,115.33999633789062,259100,89.36639404296875
VOO,2011-12-30,115.31999969482422,115.55999755859375,114.9000015258789,114.9000015258789,254300,89.0254898071289
VOO,2012-01-03,116.9000015258789,117.45999908447266,116.5999984741211,116.5999984741211,163250,90.342681884765625
VOO,2012-01-04,116.44000244140625,116.91999816894531,115.95999908447266,116.80000305175781,448450,90.49764251708984
VOO,2012-01-05,116.27999877929688,117.30000305175781,115.68000030517578,117.18000030517578,253500,90.792083740234375
VOO,2012-01-06,117.30000305175781,117.30000305175781,116.4800033569336,116.94000244140625,166900,90.6061019897461
VOO,2012-01-09,117.13999938964844,117.23999786376953,116.54000091552734,117.12000274658203,177000,90.74555969238281
VOO,2012-01-10,118.36000061035156,118.54000091552734,117.9800033569336,118.12000274658203,261200,91.52039337158203
VOO,2012-01-11,117.77999877929688,118.33999633789062,117.55999755859375,118.23999786376953,203800,91.61334991455078
VOO,2012-01-12,118.5199966430664,118.63999938964844,117.58000183105469,118.5,202250,91.81480407714844
VOO,2012-01-13,117.69999694824219,118,116.81999969482422,118,147200,91.42741394042969
VOO,2012-01-17,118.9800033569336,119.18000030517578,118.05999755859375,118.31999969482422,324250,91.675323486328125
VOO,2012-01-18,118.31999969482422,119.63999938964844,118.0999984741211,119.63999938964844,172100,92.69808197021484
VOO,2012-01-19,120,120.33999633789062,119.72000122070312,120.27999877929688,224500,93.1939697265625
VOO,2012-01-20,120.08000183105469,120.33999633789062,119.77999877929688,120.27999877929688,345200,93.1939697265625
VOO,2012-01-23,120.27999877929688,120.9800033569336,119.86000061035156,120.4000015258789,130950,93.286956787109375
VOO,2012-01-24,119.68000030517578,120.30000305175781,119.4800033569336,120.22000122070312,203100,93.147491455078125
VOO,2012-01-25,120.08000183105469,121.54000091552734,119.63999938964844,121.27999877929688,254050,93.96875762939453
VOO,2012-01-26,121.86000061035156,122,120.16000366210938,120.66000366210938,137600,93.4884262084961
VOO,2012-01-27,120.04000091552734,120.77999877929688,120,120.5,104100,93.3644027709961
VOO,2012-01-30,119.4000015258789,120.19999694824219,118.9800033569336,120.0999984741211,329650,93.05449676513672
VOO,2012-01-31,120.80000305175781,120.91999816894531,119.5999984741211,120.04000091552734,157450,93.00801086425781
VOO,2012-02-01,121,121.73999786376953,120.86000061035156,121.18000030517578,99050,93.891326904296875
VOO,2012-02-02,121.44000244140625,121.66000366210938,120.95999908447266,121.41999816894531,143050,94.07726287841797
VOO,2012-02-03,122.5999984741211,123.13999938964844,122.37999725341797,123.13999938964844,223150,95.409942626953125
VOO,2012-02-06,122.58000183105469,123.0199966430664,122.4000015258789,122.95999908447266,150200,95.27045440673828
VOO,2012-02-07,122.76000213623047,123.5199966430664,122.27999877929688,123.33999633789062,164250,95.56488037109375
VOO,2012-02-08,123.4000015258789,123.69999694824219,122.87999725341797,123.5999984741211,259750,95.76634979248047
VOO,2012-02-09,123.9000015258789,124.0199966430664,123.13999938964844,123.73999786376953,259000,95.874786376953125
VOO,2012-02-10,122.68000030517578,123,122.44000244140625,122.9000015258789,123500,95.22395324707031
VOO,2012-02-13,123.77999877929688,123.9800033569336,123.30000305175781,123.83999633789062,230400,95.9522705078125
VOO,2012-02-14,123.5,123.72000122070312,122.86000061035156,123.66000366210938,203400,95.81282806396484
VOO,2012-02-15,124.0999984741211,124.23999786376953,122.87999725341797,123.12000274658203,188100,95.39440155029297
VOO,2012-02-16,123.12000274658203,124.54000091552734,122.91999816894531,124.45999908447266,438550,96.4326400756836
VOO,2012-02-17,124.9000015258789,124.91999816894531,124.31999969482422,124.76000213623047,604200,96.66510772705078
VOO,2012-02-21,125.0999984741211,125.36000061035156,124.45999908447266,124.83999633789062,758200,96.72708892822266
VOO,2012-02-22,124.5999984741211,124.87999725341797,124.23999786376953,124.41999816894531,190900,96.40166473388672
VOO,2012-02-23,124.37999725341797,125.08000183105469,123.95999908447266,125.0199966430664,328050,96.86656188964844
VOO,2012-02-24,125.27999877929688,125.5,125,125.19999694824219,162950,97.00599670410156
VOO,2012-02-27,124.44000244140625,125.80000305175781,124.22000122070312,125.41999816894531,267800,97.176483154296875
VOO,2012-02-28,125.54000091552734,125.9000015258789,125.27999877929688,125.86000061035156,141900,97.51739501953125
VOO,2012-02-29,126.04000091552734,126.4000015258789,125.12000274658203,125.18000030517578,229600,96.99051666259766
VOO,2012-03-01,125.63999938964844,126.22000122070312,125.19999694824219,126,193450,97.6258773803711
VOO,2012-03-02,125.95999908447266,126.05999755859375,125.36000061035156,125.66000366210938,142800,97.3624496459961
VOO,2012-03-05,125.41999816894531,125.4800033569336,124.66000366210938,125.12000274658203,667900,96.94402313232422
VOO,2012-03-06,123.80000305175781,123.86000061035156,122.9000015258789,123.16000366210938,411100,95.42543029785156
VOO,2012-03-07,123.58000183105469,124.31999969482422,123.45999908447266,124.13999938964844,170350,96.18474578857422
VOO,2012-03-08,124.91999816894531,125.5999984741211,124.63999938964844,125.33999633789062,253600,97.11450958251953
VOO,2012-03-09,125.62000274658203,126.13999938964844,125.4800033569336,125.81999969482422,152950,97.4864273071289
VOO,2012-03-12,125.86000061035156,126.0199966430664,125.41999816894531,125.87999725341797,174700,97.53289031982422
VOO,2012-03-13,126.58000183105469,128.17999267578125,126.36000061035156,128.13999938964844,192100,99.2839584350586
VOO,2012-03-14,128.1999969482422,128.4600067138672,127.63999938964844,128.0399932861328,709950,99.20648193359375
VOO,2012-03-15,128.22000122070312,128.8000030517578,127.87999725341797,128.6999969482422,501650,99.71784973144531
VOO,2012-03-16,129.02000427246094,129.10000610351562,128.6999969482422,128.8800048828125,272250,99.85731506347656
VOO,2012-03-19,128.8800048828125,129.83999633789062,128.75999450683594,129.4199981689453,143500,100.27571105957031
VOO,2012-03-20,128.72000122070312,129.1999969482422,128.36000061035156,129.05999755859375,1310800,99.9968032836914
VOO,2012-03-21,129.10000610351562,129.24000549316406,128.60000610351562,128.86000061035156,162100,99.841827392578125
VOO,2012-03-22,127.9000015258789,128.24000549316406,127.54000091552734,127.86000061035156,633200,99.06700134277344
VOO,2012-03-23,128.05999755859375,128.44000244140625,127.31999969482422,128.36000061035156,111950,99.45442199707031
VOO,2012-03-26,128.67999267578125,129.52000427246094,128.66000366210938,129.52000427246094,203000,100.80083465576172
VOO,2012-03-27,129.6999969482422,129.77999877929688,129.10000610351562,129.16000366210938,573550,100.52063751220703
VOO,2012-03-28,129.1199951171875,129.27999877929688,127.80000305175781,128.5399932861328,201350,100.03813171386719
VOO,2012-03-29,127.77999877929688,128.4600067138672,127.26000213623047,128.32000732421875,2612050,99.86689758300781
VOO,2012-03-30,128.9199981689453,129.0399932861328,128.24000549316406,128.74000549316406,270750,100.19380187988281
VOO,2012-04-02,128.74000549316406,130.1199951171875,128.47999572753906,129.77999877929688,374700,101.00315856933594
VOO,2012-04-03,129.5399932861328,129.82000732421875,128.5,129.27999877929688,333850,100.61402893066406
VOO,2012-04-04,128.25999450683594,128.3800048828125,127.54000091552734,127.91999816894531,383000,99.55560302734375
VOO,2012-04-05,127.5199966430664,128.27999877929688,127.4000015258789,127.87999725341797,722350,99.52446746826172
VOO,2012-04-09,126.30000305175781,126.9800033569336,126.13999938964844,126.45999908447266,474850,98.41934967041016
VOO,2012-04-10,126.22000122070312,126.55999755859375,124.22000122070312,124.26000213623047,392650,96.7071762084961
VOO,2012-04-11,125.66000366210938,125.81999969482422,125.13999938964844,125.27999877929688,172850,97.5009765625
VOO,2012-04-12,125.41999816894531,127.05999755859375,125.4000015258789,127,105550,98.839630126953125
VOO,2012-04-13,126.69999694824219,126.69999694824219,125.36000061035156,125.4800033569336,2416850,97.65663146972656
VOO,2012-04-16,126.16000366210938,126.30000305175781,124.94000244140625,125.33999633789062,826850,97.54768371582031
VOO,2012-04-17,126.16000366210938,127.5199966430664,126.08000183105469,127.26000213623047,497450,99.0419692993164
VOO,2012-04-18,126.72000122070312,127.23999786376953,126.5999984741211,126.81999969482422,420750,98.699493408203125
VOO,2012-04-19,126.86000061035156,127.30000305175781,125.44000244140625,126,831200,98.06133270263672
VOO,2012-04-20,126.58000183105469,126.9800033569336,126.16000366210938,126.19999694824219,112100,98.21698760986328
VOO,2012-04-23,124.94000244140625,125.26000213623047,124.4000015258789,125.12000274658203,324950,97.3764419555664
VOO,2012-04-24,125.23999786376953,125.91999816894531,125.19999694824219,125.58000183105469,469300,97.73445892333984
VOO,2012-04-25,126.83999633789062,127.37999725341797,126.76000213623047,127.33999633789062,171750,99.10419464111328
VOO,2012-04-26,127.12000274658203,128.3800048828125,127,128.22000122070312,157100,99.78907775878906
VOO,2012-04-27,128.66000366210938,128.82000732421875,127.94000244140625,128.47999572753906,185050,99.991424560546875
VOO,2012-04-30,128.22000122070312,128.25999450683594,127.63999938964844,127.91999816894531,247600,99.55560302734375
VOO,2012-05-01,127.95999908447266,129.60000610351562,127.80000305175781,128.75999450683594,527450,100.20934295654297
VOO,2012-05-02,128.05999755859375,128.52000427246094,127.62000274658203,128.36000061035156,154250,99.89803314208984
VOO,2012-05-03,128.4600067138672,128.5,127.19999694824219,127.41999816894531,177000,99.16644287109375
VOO,2012-05-04,126.76000213623047,126.83999633789062,125.30000305175781,125.33999633789062,365200,97.54768371582031
VOO,2012-05-07,124.9000015258789,125.86000061035156,124.86000061035156,125.44000244140625,990350,97.6255111694336
VOO,2012-05-08,124.69999694824219,125.12000274658203,123.4800033569336,124.9000015258789,403050,97.20526123046875
VOO,2012-05-09,123.5999984741211,124.9800033569336,123.04000091552734,124.19999694824219,373700,96.66046142578125
VOO,2012-05-10,125.13999938964844,125.18000030517578,124.23999786376953,124.41999816894531,130100,96.8316650390625
VOO,2012-05-11,123.69999694824219,125.19999694824219,123.63999938964844,124.0199966430664,365300,96.520355224609375
VOO,2012-05-14,122.86000061035156,123.54000091552734,122.54000091552734,122.69999694824219,953250,95.493072509765625
VOO,2012-05-15,122.58000183105469,123.31999969482422,121.81999969482422,122.0199966430664,1532500,94.9638442993164
VOO,2012-05-16,122.5199966430664,123.0199966430664,121.5,121.5,331350,94.55915069580078
VOO,2012-05-17,121.58000183105469,121.68000030517578,119.66000366210938,119.66000366210938,288750,93.12713623046875
VOO,2012-05-18,120.16000366210938,120.4000015258789,118.55999755859375,118.72000122070312,760350,92.39557647705078
VOO,2012-05-21,119.04000091552734,120.77999877929688,118.9000015258789,120.72000122070312,271550,93.95208740234375
VOO,2012-05-22,121.08000183105469,121.87999725341797,120.18000030517578,120.9800033569336,654450,94.15445709228516
VOO,2012-05-23,120.0999984741211,121.13999938964844,118.91999816894531,120.9800033569336,176000,94.15445709228516
VOO,2012-05-24,121.37999725341797,121.5,120.23999786376953,121.19999694824219,112050,94.32563781738281
VOO,2012-05-25,121.22000122070312,121.5,120.62000274658203,120.91999816894531,336400,94.10772705078125
VOO,2012-05-29,121.87999725341797,122.54000091552734,121.45999908447266,122.30000305175781,306600,95.18174743652344
VOO,2012-05-30,121.30000305175781,121.33999633789062,120.30000305175781,120.54000091552734,809500,93.81200408935547
VOO,2012-05-31,120.54000091552734,121.13999938964844,119.26000213623047,120.23999786376953,424150,93.5785140991211
VOO,2012-06-01,118.33999633789062,118.76000213623047,117.23999786376953,117.30000305175781,641850,91.29041290283203
VOO,2012-06-04,117.44000244140625,117.76000213623047,116.33999633789062,117.26000213623047,213600,91.259307861328125
VOO,2012-06-05,116.95999908447266,118.22000122070312,116.9000015258789,117.94000244140625,252350,91.78852844238281
VOO,2012-06-06,118.91999816894531,120.77999877929688,118.86000061035156,120.76000213623047,254650,93.98321533203125
VOO,2012-06-07,122.12000274658203,122.16000366210938,120.58000183105469,120.73999786376953,201000,93.96766662597656
VOO,2012-06-08,120.5999984741211,121.80000305175781,120.0999984741211,121.73999786376953,219550,94.745941162109375
VOO,2012-06-11,122.80000305175781,122.83999633789062,120.12000274658203,120.26000213623047,304600,93.59410858154297
VOO,2012-06-12,120.58000183105469,121.66000366210938,120,121.66000366210938,168300,94.68367767333984
VOO,2012-06-13,121.23999786376953,121.94000244140625,120.41999816894531,120.86000061035156,144900,94.06104278564453
VOO,2012-06-14,121.08000183105469,122.5999984741211,120.83999633789062,122.19999694824219,2181350,95.10391998291016
VOO,2012-06-15,122.62000274658203,123.44000244140625,122.41999816894531,123.27999877929688,229250,95.94444274902344
VOO,2012-06-18,122.87999725341797,123.9000015258789,122.58000183105469,123.54000091552734,482500,96.14681243896484
VOO,2012-06-19,124.19999694824219,125.30000305175781,124.13999938964844,124.80000305175781,175200,97.12744140625
VOO,2012-06-20,124.83999633789062,125.18000030517578,123.69999694824219,124.5999984741211,235700,96.97175598144531
VOO,2012-06-21,124.77999877929688,124.81999969482422,121.72000122070312,121.86000061035156,155400,94.83934020996094
VOO,2012-06-22,122.4800033569336,122.95999908447266,122,122.73999786376953,285800,95.524200439453125
VOO,2012-06-25,120.83999633789062,120.86000061035156,119.72000122070312,120.16000366210938,283200,94.00642395019531
VOO,2012-06-26,120.4800033569336,121.0999984741211,119.81999969482422,120.73999786376953,352750,94.4602279663086
VOO,2012-06-27,121.16000366210938,122.05999755859375,121.0999984741211,121.81999969482422,301100,95.30512237548828
VOO,2012-06-28,121.04000091552734,121.63999938964844,120.13999938964844,121.54000091552734,171750,95.08607482910156
VOO,2012-06-29,123.72000122070312,124.62000274658203,123.37999725341797,124.55999755859375,305000,97.44873046875
VOO,2012-07-02,124.9000015258789,125.0199966430664,124.04000091552734,124.9000015258789,258700,97.71475982666016
VOO,2012-07-03,124.9000015258789,125.80000305175781,124.76000213623047,125.72000122070312,161050,98.35627746582031
VOO,2012-07-05,125.33999633789062,125.69999694824219,124.72000122070312,125.18000030517578,308900,97.93377685546875
VOO,2012-07-06,123.9800033569336,124.19999694824219,123.36000061035156,124.0199966430664,478350,97.02629089355469
VOO,2012-07-09,123.94000244140625,124.0199966430664,123.26000213623047,123.86000061035156,177800,96.90110778808594
VOO,2012-07-10,124.45999908447266,124.5999984741211,122.31999969482422,122.72000122070312,322300,96.0092544555664
VOO,2012-07-11,122.77999877929688,123.0999984741211,122.05999755859375,122.73999786376953,199700,96.02489471435547
VOO,2012-07-12,122.04000091552734,122.68000030517578,121.31999969482422,122.0999984741211,432700,95.52417755126953
VOO,2012-07-13,122.4800033569336,124.30000305175781,122.4800033569336,124.18000030517578,480650,97.15148162841797
VOO,2012-07-16,123.9000015258789,124.26000213623047,123.45999908447266,123.9000015258789,164400,96.9323959350586
VOO,2012-07-17,124.4000015258789,125,123.12000274658203,124.77999877929688,293450,97.62085723876953
VOO,2012-07-18,124.4800033569336,125.91999816894531,124.4000015258789,125.68000030517578,242900,98.32498931884766
VOO,2012-07-19,125.9800033569336,126.4000015258789,125.55999755859375,126,516500,98.57533264160156
VOO,2012-07-20,125.30000305175781,125.4800033569336,124.73999786376953,124.83999633789062,606900,97.66780090332031
VOO,2012-07-23,123.0199966430664,123.94000244140625,122.4800033569336,123.5999984741211,451450,96.69770050048828
VOO,2012-07-24,123.69999694824219,123.69999694824219,121.72000122070312,122.62000274658203,533700,95.9310302734375
VOO,2012-07-25,122.81999969482422,123.0999984741211,121.91999816894531,122.54000091552734,509100,95.86840057373047
VOO,2012-07-26,124.37999725341797,124.81999969482422,123.76000213623047,124.54000091552734,412450,97.43310546875
VOO,2012-07-27,125.26000213623047,127.23999786376953,125.04000091552734,126.94000244140625,901950,99.31072235107422
VOO,2012-07-30,126.76000213623047,127.45999908447266,126.5,126.87999725341797,348300,99.26377868652344
VOO,2012-07-31,126.72000122070312,127.05999755859375,126.05999755859375,126.05999755859375,681600,98.62227630615234
VOO,2012-08-01,126.87999725341797,126.91999816894531,125.72000122070312,125.91999816894531,526450,98.51274108886719
VOO,2012-08-02,125,125.86000061035156,124.08000183105469,125.04000091552734,478100,97.82429504394531
VOO,2012-08-03,126.83999633789062,127.73999786376953,126.73999786376953,127.4800033569336,239850,99.73319244384766
VOO,2012-08-06,127.87999725341797,128.25999450683594,127.72000122070312,127.81999969482422,547200,99.99922180175781
VOO,2012-08-07,128.3000030517578,128.94000244140625,128.25999450683594,128.39999389648438,380200,100.45297241210938
VOO,2012-08-08,127.95999908447266,128.6999969482422,127.95999908447266,128.5399932861328,322000,100.56250762939453
VOO,2012-08-09,128.4199981689453,128.9199981689453,128.25999450683594,128.67999267578125,360650,100.6719970703125
VOO,2012-08-10,128.1999969482422,128.94000244140625,127.94000244140625,128.8800048828125,336450,100.82846069335938
VOO,2012-08-13,128.66000366210938,128.86000061035156,128.13999938964844,128.77999877929688,329900,100.75021362304688
VOO,2012-08-14,129.27999877929688,129.33999633789062,128.4600067138672,128.83999633789062,456950,100.79716491699219
VOO,2012-08-15,128.75999450683594,129.17999267578125,128.67999267578125,128.97999572753906,213000,100.9067153930664
VOO,2012-08-16,129.13999938964844,130.10000610351562,128.86000061035156,129.86000061035156,632400,101.5951919555664
VOO,2012-08-17,130.13999938964844,130.22000122070312,129.8000030517578,130.16000366210938,355350,101.82987213134766
VOO,2012-08-20,129.97999572753906,130.13999938964844,129.5800018310547,130.1199951171875,288100,101.79857635498047
VOO,2012-08-21,130.44000244140625,130.94000244140625,129.4600067138672,129.72000122070312,304100,101.48562622070312
VOO,2012-08-22,129.3800048828125,129.94000244140625,129.10000610351562,129.74000549316406,350050,101.50128173828125
VOO,2012-08-23,129.5,129.5,128.5,128.72000122070312,159950,100.70328521728516
VOO,2012-08-24,128.4600067138672,129.77999877929688,128.33999633789062,129.52000427246094,410950,101.32918548583984
VOO,2012-08-27,129.86000061035156,130,129.36000061035156,129.52000427246094,221650,101.32918548583984
VOO,2012-08-28,129.22000122070312,129.8000030517578,129,129.39999389648438,193400,101.23529052734375
VOO,2012-08-29,129.5,129.83999633789062,129.13999938964844,129.52000427246094,176900,101.32918548583984
VOO,2012-08-30,128.9199981689453,128.94000244140625,128.3000030517578,128.5399932861328,148950,100.56250762939453
VOO,2012-08-31,129.3000030517578,129.75999450683594,128.47999572753906,129.22000122070312,805400,101.09451293945312
VOO,2012-09-04,129.13999938964844,129.4199981689453,128.24000549316406,128.8800048828125,347800,100.82846069335938
VOO,2012-09-05,129.16000366210938,129.4600067138672,128.72000122070312,128.8800048828125,417050,100.82846069335938
VOO,2012-09-06,129.74000549316406,131.55999755859375,129.74000549316406,131.55999755859375,261200,102.9251480102539
VOO,2012-09-07,131.8000030517578,132.10000610351562,131.67999267578125,132.10000610351562,513200,103.34761810302734
VOO,2012-09-10,131.97999572753906,132.1999969482422,131.27999877929688,131.32000732421875,187450,102.7374267578125
VOO,2012-09-11,131.4600067138672,132.1199951171875,131.3800048828125,131.67999267578125,348400,103.01904296875
VOO,2012-09-12,132.1999969482422,132.27999877929688,131.74000549316406,132.10000610351562,290700,103.34761810302734
VOO,2012-09-13,132.16000366210938,134.5800018310547,131.9600067138672,134.1999969482422,335050,104.99054718017578
VOO,2012-09-14,134.44000244140625,135.5800018310547,134.36000061035156,134.75999450683594,855800,105.42867279052734
VOO,2012-09-17,134.5,134.6999969482422,133.97999572753906,134.36000061035156,338400,105.11571502685547
VOO,2012-09-18,134.13999938964844,134.36000061035156,133.8800048828125,134.22000122070312,216950,105.00619506835938
VOO,2012-09-19,134.3800048828125,134.6999969482422,134.0399932861328,134.32000732421875,397500,105.08440399169922
VOO,2012-09-20,133.67999267578125,134.36000061035156,133.3000030517578,134.3000030517578,448550,105.06876373291016
VOO,2012-09-21,134.9600067138672,134.9600067138672,134.1999969482422,134.22000122070312,1295000,105.00619506835938
VOO,2012-09-24,132.89999389648438,133.63999938964844,132.8000030517578,133.36000061035156,489850,104.86934661865234
VOO,2012-09-25,133.66000366210938,133.8800048828125,131.9199981689453,132,287900,103.7999267578125
VOO,2012-09-26,131.89999389648438,131.9199981689453,130.86000061035156,131.16000366210938,175550,103.13939666748047
VOO,2012-09-27,131.75999450683594,132.74000549316406,131.4199981689453,132.44000244140625,586850,104.14592742919922
VOO,2012-09-28,131.94000244140625,132.33999633789062,131.39999389648438,131.83999633789062,263900,103.67408752441406
VOO,2012-10-01,132.3000030517578,133.33999633789062,131.86000061035156,132.0800018310547,493550,103.86284637451172
VOO,2012-10-02,132.6999969482422,132.8800048828125,131.6999969482422,132.25999450683594,272950,104.00436401367188
VOO,2012-10-03,132.66000366210938,133.13999938964844,131.97999572753906,132.8000030517578,149150,104.42900085449219
VOO,2012-10-04,133.33999633789062,133.9199981689453,133.17999267578125,133.82000732421875,226600,105.23108673095703
VOO,2012-10-05,134.47999572753906,134.72000122070312,133.39999389648438,133.77999877929688,251250,105.19962310791016
VOO,2012-10-08,133.32000732421875,133.5399932861328,133.10000610351562,133.3800048828125,139750,104.88511657714844
VOO,2012-10-09,133.24000549316406,133.3000030517578,131.97999572753906,132.0800018310547,360050,103.86284637451172
VOO,2012-10-10,131.9600067138672,132.0800018310547,131.02000427246094,131.17999267578125,291950,103.15510559082031
VOO,2012-10-11,132.0800018310547,132.27999877929688,131.25999450683594,131.25999450683594,436200,103.218017578125
VOO,2012-10-12,131.3000030517578,131.75999450683594,130.5399932861328,130.8000030517578,503150,102.85628509521484
VOO,2012-10-15,131.1199951171875,132.02000427246094,130.72000122070312,131.89999389648438,361350,103.7212905883789
VOO,2012-10-16,132.5,133.33999633789062,132.4600067138672,133.24000549316406,839250,104.77500915527344
VOO,2012-10-17,133.33999633789062,133.9600067138672,133.1999969482422,133.86000061035156,163500,105.2625503540039
VOO,2012-10-18,133.5,134.13999938964844,133.05999755859375,133.52000427246094,211900,104.99519348144531
VOO,2012-10-19,133.24000549316406,133.24000549316406,130.97999572753906,131.24000549316406,353600,103.2022933959961
VOO,2012-10-22,131.0800018310547,131.5,130.25999450683594,131.32000732421875,503500,103.26522064208984
VOO,2012-10-23,129.9199981689453,130.0399932861328,128.9600067138672,129.39999389648438,519000,101.75536346435547
VOO,2012-10-24,129.89999389648438,130.10000610351562,128.9199981689453,129.1199951171875,365650,101.53521728515625
VOO,2012-10-25,130.0800018310547,130.24000549316406,128.72000122070312,129.47999572753906,485500,101.8182601928711
VOO,2012-10-26,129.33999633789062,129.83999633789062,128.5399932861328,129.3800048828125,307100,101.73965454101562
VOO,2012-10-31,129.94000244140625,130.02000427246094,128.8000030517578,129.25999450683594,586700,101.6452865600586
VOO,2012-11-01,129.72000122070312,130.89999389648438,129.6199951171875,130.77999877929688,317650,102.84054565429688
VOO,2012-11-02,131.5800018310547,131.5800018310547,129.5,129.60000610351562,902700,101.91264343261719
VOO,2012-11-05,129.39999389648438,130.13999938964844,129.05999755859375,129.89999389648438,371250,102.14854431152344
VOO,2012-11-06,130.24000549316406,131.36000061035156,130.13999938964844,130.86000061035156,275100,102.90348815917969
VOO,2012-11-07,129.72000122070312,129.72000122070312,127.31999969482422,128,1039850,100.65448760986328
VOO,2012-11-08,127.9000015258789,128.5399932861328,126.30000305175781,126.30000305175781,819250,99.317657470703125
VOO,2012-11-09,126,127.66000366210938,125.91999816894531,126.44000244140625,1032750,99.42774963378906
VOO,2012-11-12,126.87999725341797,127.05999755859375,126.33999633789062,126.62000274658203,179700,99.56929779052734
VOO,2012-11-13,125.91999816894531,127.45999908447266,125.76000213623047,126.16000366210938,438750,99.20756530761719
VOO,2012-11-14,126.55999755859375,126.69999694824219,124.16000366210938,124.62000274658203,340050,97.99658203125
VOO,2012-11-15,124.5,124.94000244140625,123.76000213623047,124.13999938964844,615400,97.61913299560547
VOO,2012-11-16,124.44000244140625,125.08000183105469,123.37999725341797,124.77999877929688,403450,98.12236785888672
VOO,2012-11-19,126.26000213623047,127.36000061035156,126.19999694824219,127.31999969482422,334250,100.11974334716797
VOO,2012-11-20,127.18000030517578,127.62000274658203,126.41999816894531,127.45999908447266,368750,100.22982025146484
VOO,2012-11-21,127.54000091552734,127.77999877929688,127.30000305175781,127.73999786376953,143850,100.45001983642578
VOO,2012-11-23,128.32000732421875,129.44000244140625,128.22000122070312,129.36000061035156,182700,101.72391510009766
VOO,2012-11-26,128.8000030517578,129.1999969482422,128.36000061035156,129.1999969482422,396800,101.5981216430664
VOO,2012-11-27,129.02000427246094,129.44000244140625,128.39999389648438,128.5800018310547,294950,101.11056518554688
VOO,2012-11-28,127.9800033569336,129.5800018310547,127.27999877929688,129.5399932861328,253350,101.86541748046875
VOO,2012-11-29,130.05999755859375,130.52000427246094,129.47999572753906,130.1199951171875,293200,102.32154846191406
VOO,2012-11-30,130.16000366210938,130.3800048828125,129.72000122070312,130,387400,102.22721862792969
VOO,2012-12-03,130.74000549316406,130.82000732421875,129.39999389648438,129.5399932861328,406950,101.86541748046875
VOO,2012-12-04,129.5399932861328,129.8800048828125,128.9600067138672,129.3000030517578,243700,101.6767349243164
VOO,2012-12-05,129.4600067138672,130.1199951171875,128.55999755859375,129.5800018310547,256950,101.89691162109375
VOO,2012-12-06,129.4600067138672,130.05999755859375,129.3000030517578,129.97999572753906,119900,102.21146392822266
VOO,2012-12-07,130.5399932861328,130.66000366210938,129.74000549316406,130.3800048828125,295350,102.52599334716797
VOO,2012-12-10,130.24000549316406,130.75999450683594,130.17999267578125,130.4600067138672,231750,102.58894348144531
VOO,2012-12-11,131.02000427246094,131.94000244140625,130.9600067138672,131.3000030517578,586950,103.24944305419922
VOO,2012-12-12,131.89999389648438,132.36000061035156,131.27999877929688,131.39999389648438,353600,103.32807922363281
VOO,2012-12-13,131.3800048828125,131.6999969482422,130.27999877929688,130.60000610351562,354800,102.69900512695312
VOO,2012-12-14,130.32000732421875,130.55999755859375,129.9199981689453,130.17999267578125,316050,102.3687515258789
VOO,2012-12-17,130.44000244140625,131.74000549316406,130.44000244140625,131.74000549316406,457200,103.59547424316406
VOO,2012-12-18,131.8800048828125,133.25999450683594,131.6999969482422,133.0800018310547,802550,104.64918518066406
VOO,2012-12-19,133.32000732421875,133.32000732421875,132.10000610351562,132.10000610351562,1522250,103.87855529785156
VOO,2012-12-20,132.22000122070312,132.94000244140625,131.8800048828125,132.9199981689453,1862200,104.52332305908203
VOO,2012-12-21,131.10000610351562,131.94000244140625,130.9600067138672,131.67999267578125,747750,103.54827117919922
VOO,2012-12-24,130.5399932861328,130.5399932861328,130.22000122070312,130.36000061035156,257950,103.24730682373047
VOO,2012-12-26,130.60000610351562,130.67999267578125,129.4600067138672,129.74000549316406,389650,102.75625610351562
VOO,2012-12-27,129.82000732421875,130.0800018310547,128.16000366210938,129.6199951171875,716400,102.66121673583984
VOO,2012-12-28,128.86000061035156,129.5,128.13999938964844,128.17999267578125,543150,101.52070617675781
VOO,2012-12-31,127.91999816894531,130.5399932861328,127.80000305175781,130.3800048828125,1265050,103.26315307617188
VOO,2013-01-02,132.94000244140625,133.6999969482422,132.55999755859375,133.60000610351562,2166600,105.81342315673828
VOO,2013-01-03,133.63999938964844,133.97999572753906,133.0399932861328,133.47999572753906,1146100,105.71841430664062
VOO,2013-01-04,133.6199951171875,134.22000122070312,133.36000061035156,134.0399932861328,574300,106.16192626953125
VOO,2013-01-07,133.5399932861328,133.77999877929688,133.13999938964844,133.67999267578125,598200,105.87681579589844
VOO,2013-01-08,133.44000244140625,133.60000610351562,132.75999450683594,133.27999877929688,476100,105.55998992919922
VOO,2013-01-09,133.5800018310547,133.97999572753906,133.4199981689453,133.67999267578125,1214600,105.87681579589844
VOO,2013-01-10,134.4199981689453,134.72000122070312,133.67999267578125,134.66000366210938,508050,106.6529769897461
VOO,2013-01-11,134.6999969482422,134.72000122070312,134.25999450683594,134.72000122070312,562500,106.70052337646484
VOO,2013-01-14,134.55999755859375,134.67999267578125,134.10000610351562,134.60000610351562,475600,106.60548400878906
VOO,2013-01-15,133.9600067138672,134.8000030517578,133.8800048828125,134.66000366210938,532350,106.6529769897461
VOO,2013-01-16,134.3800048828125,134.86000061035156,134.25999450683594,134.66000366210938,399400,106.6529769897461
VOO,2013-01-17,135.25999450683594,135.89999389648438,135,135.5,605700,107.31829071044922
VOO,2013-01-18,135.52000427246094,135.9600067138672,135.02000427246094,135.8800048828125,2081350,107.6192398071289
VOO,2013-01-22,135.86000061035156,136.5399932861328,135.52000427246094,136.5399932861328,1458050,108.1419677734375
VOO,2013-01-23,136.60000610351562,136.89999389648438,136.33999633789062,136.74000549316406,812900,108.30035400390625
VOO,2013-01-24,136.55999755859375,137.4600067138672,136.4600067138672,136.82000732421875,1635550,108.36373138427734
VOO,2013-01-25,137.3000030517578,137.5800018310547,136.89999389648438,137.5800018310547,613600,108.96565246582031
VOO,2013-01-28,137.63999938964844,137.63999938964844,136.9600067138672,137.4199981689453,1188650,108.83895111083984
VOO,2013-01-29,137.17999267578125,138.13999938964844,137.10000610351562,137.97999572753906,680750,109.28247833251953
VOO,2013-01-30,137.97999572753906,138.1999969482422,137.32000732421875,137.44000244140625,754750,108.85477447509766
VOO,2013-01-31,137.3000030517578,137.6999969482422,137,137.1199951171875,443950,108.60132598876953
VOO,2013-02-01,137.97999572753906,138.66000366210938,137.75999450683594,138.44000244140625,2253350,109.64682006835938
VOO,2013-02-04,137.67999267578125,137.8800048828125,136.86000061035156,136.9199981689453,541400,108.44291687011719
VOO,2013-02-05,137.72000122070312,138.72000122070312,137.63999938964844,138.32000732421875,416600,109.55179595947266
VOO,2013-02-06,137.86000061035156,138.52000427246094,137.77999877929688,138.44000244140625,415650,109.64682006835938
VOO,2013-02-07,138.47999572753906,138.55999755859375,137.25999450683594,138.25999450683594,480050,109.50425720214844
VOO,2013-02-08,138.52000427246094,139.0800018310547,138.52000427246094,139.02000427246094,441050,110.10614776611328
VOO,2013-02-11,139,139.10000610351562,138.67999267578125,138.9600067138672,288100,110.05867767333984
VOO,2013-02-12,139.02000427246094,139.47999572753906,138.86000061035156,139.17999267578125,409550,110.23291778564453
VOO,2013-02-13,139.52000427246094,139.74000549316406,138.9600067138672,139.3000030517578,1064700,110.32794952392578
VOO,2013-02-14,138.94000244140625,139.63999938964844,138.75999450683594,139.5,272850,110.48637390136719
VOO,2013-02-15,139.6199951171875,139.72000122070312,138.77999877929688,139.32000732421875,331350,110.34379577636719
VOO,2013-02-19,139.5399932861328,140.36000061035156,139.52000427246094,140.27999877929688,363800,111.10411834716797
VOO,2013-02-20,140.24000549316406,140.27999877929688,138.5399932861328,138.5399932861328,1033200,109.72602844238281
VOO,2013-02-21,138.1999969482422,138.22000122070312,137.32000732421875,137.8800048828125,1410350,109.20330810546875
VOO,2013-02-22,138.44000244140625,139.0800018310547,138.0800018310547,139.0800018310547,1352350,110.15367126464844
VOO,2013-02-25,139.82000732421875,139.97999572753906,136.4600067138672,136.4600067138672,1063400,108.07860565185547
VOO,2013-02-26,137.10000610351562,137.5399932861328,136.22000122070312,137.3800048828125,1571400,108.80728149414062
VOO,2013-02-27,137.25999450683594,139.5,137.16000366210938,139.10000610351562,783400,110.1695785522461
VOO,2013-02-28,139.10000610351562,139.97999572753906,138.6199951171875,138.94000244140625,2426700,110.0428237915039
VOO,2013-03-01,138.32000732421875,139.5,137.74000549316406,139.3000030517578,1540500,110.32794952392578
VOO,2013-03-04,139,140.0800018310547,138.77999877929688,140.0800018310547,536550,110.94570922851562
VOO,2013-03-05,140.75999450683594,141.67999267578125,140.74000549316406,141.27999877929688,532500,111.8961410522461
VOO,2013-03-06,141.83999633789062,141.86000061035156,141.22000122070312,141.5399932861328,1884400,112.10210418701172
VOO,2013-03-07,141.74000549316406,141.94000244140625,141.55999755859375,141.8000030517578,454300,112.30799102783203
VOO,2013-03-08,142.36000061035156,142.5399932861328,141.67999267578125,142.36000061035156,714350,112.75149536132812
VOO,2013-03-11,142.27999877929688,142.9199981689453,142.0800018310547,142.8800048828125,360050,113.1633529663086
VOO,2013-03-12,142.82000732421875,142.9600067138672,142.13999938964844,142.55999755859375,489850,112.90988159179688
VOO,2013-03-13,142.66000366210938,142.97999572753906,142.1999969482422,142.75999450683594,456800,113.06831359863281
VOO,2013-03-14,143.17999267578125,143.6199951171875,143.10000610351562,143.52000427246094,670500,113.67022705078125
VOO,2013-03-15,143.39999389648438,143.5800018310547,142.89999389648438,143.32000732421875,767850,113.51185607910156
VOO,2013-03-18,142,143.17999267578125,141.86000061035156,142.5399932861328,819550,112.89403533935547
VOO,2013-03-19,142.86000061035156,143.02000427246094,141.3000030517578,142.1999969482422,603900,112.62481689453125
VOO,2013-03-20,143.02000427246094,143.4199981689453,142.83999633789062,143.17999267578125,1279950,113.40093231201172
VOO,2013-03-21,142.32000732421875,142.83999633789062,141.75999450683594,142.02000427246094,312100,112.48225402832031
VOO,2013-03-22,141.77999877929688,142.39999389648438,141.67999267578125,142.3800048828125,437050,113.30186462402344
VOO,2013-03-25,142.86000061035156,143.10000610351562,141.32000732421875,141.97999572753906,615400,112.98353576660156
VOO,2013-03-26,142.52000427246094,143.05999755859375,142.33999633789062,143.0399932861328,1374550,113.82707214355469
VOO,2013-03-27,142.1999969482422,143.05999755859375,141.89999389648438,142.9600067138672,392950,113.7634048461914
VOO,2013-03-28,142.9600067138672,143.6199951171875,142.75999450683594,143.27999877929688,366400,114.0180435180664
VOO,2013-04-01,143.39999389648438,144.1999969482422,142.5399932861328,142.8800048828125,618150,113.69975280761719
VOO,2013-04-02,143.3800048828125,143.9199981689453,143.1999969482422,143.5800018310547,799350,114.2568588256836
VOO,2013-04-03,143.72000122070312,143.8000030517578,141.77999877929688,142.13999938964844,771900,113.11088562011719
VOO,2013-04-04,142.3000030517578,142.97999572753906,142.0399932861328,142.6999969482422,975050,113.5565185546875
VOO,2013-04-05,141,142.25999450683594,140.8000030517578,142.13999938964844,642150,113.11088562011719
VOO,2013-04-08,142.1999969482422,143.0399932861328,141.6999969482422,143.02000427246094,315950,113.81116485595703
VOO,2013-04-09,143.32000732421875,144.05999755859375,142.8800048828125,143.5399932861328,369050,114.22496032714844
VOO,2013-04-10,143.94000244140625,145.44000244140625,143.89999389648438,145.3000030517578,1110200,115.62548065185547
VOO,2013-04-11,145.32000732421875,146.22000122070312,145.17999267578125,145.77999877929688,450400,116.00750732421875
VOO,2013-04-12,145.32000732421875,145.63999938964844,144.6199951171875,145.4600067138672,1241200,115.7528305053711
VOO,2013-04-15,144.67999267578125,144.77999877929688,142.0399932861328,142.13999938964844,671850,113.11088562011719
VOO,2013-04-16,143.16000366210938,144.17999267578125,142.75999450683594,144.13999938964844,673400,114.7024154663086
VOO,2013-04-17,143.13999938964844,143.13999938964844,141.27999877929688,142.02000427246094,767850,113.01538848876953
VOO,2013-04-18,142.27999877929688,142.27999877929688,140.5800018310547,140.86000061035156,3966900,112.09232330322266
VOO,2013-04-19,141.4199981689453,142.4199981689453,141.1199951171875,142.36000061035156,731400,113.28594970703125
VOO,2013-04-22,142.63999938964844,143.3000030517578,141.6999969482422,143,527900,113.79523468017578
VOO,2013-04-23,143.6999969482422,144.60000610351562,143,144.52000427246094,875050,115.00482940673828
VOO,2013-04-24,144.52000427246094,144.9600067138672,144.25999450683594,144.55999755859375,1775750,115.03662872314453
VOO,2013-04-25,144.97999572753906,145.83999633789062,144.77999877929688,145.1999969482422,300450,115.54595947265625
VOO,2013-04-26,144.9600067138672,145.22000122070312,144.44000244140625,144.8800048828125,259750,115.29130554199219
VOO,2013-04-29,145.3000030517578,146.17999267578125,145.0800018310547,145.82000732421875,519050,116.0393295288086
VOO,2013-04-30,145.86000061035156,146.27999877929688,145.25999450683594,146.27999877929688,486350,116.40538787841797
VOO,2013-05-01,145.9199981689453,145.9600067138672,144.77999877929688,144.9600067138672,462400,115.35498809814453
VOO,2013-05-02,145.36000061035156,146.39999389648438,145.1999969482422,146.25999450683594,404700,116.38946533203125
VOO,2013-05-03,147.5800018310547,148.24000549316406,147.5,147.63999938964844,475850,117.48762512207031
VOO,2013-05-06,147.89999389648438,148.3800048828125,147.82000732421875,148.10000610351562,699750,117.85370635986328
VOO,2013-05-07,148.47999572753906,148.9600067138672,148.05999755859375,148.86000061035156,391950,118.45846557617188
VOO,2013-05-08,148.77999877929688,149.63999938964844,148.67999267578125,149.63999938964844,294900,119.07919311523438
VOO,2013-05-09,149.5399932861328,149.9199981689453,148.82000732421875,149.1999969482422,397550,118.72899627685547
VOO,2013-05-10,149.33999633789062,149.74000549316406,148.8800048828125,149.72000122070312,671150,119.14285278320312
VOO,2013-05-13,149.47999572753906,150,149.1199951171875,149.6999969482422,1208650,119.12694549560547
VOO,2013-05-14,149.94000244140625,151.4199981689453,149.89999389648438,151.27999877929688,363000,120.3842544555664
VOO,2013-05-15,151.10000610351562,152.44000244140625,151.0399932861328,152.13999938964844,707050,121.06859588623047
VOO,2013-05-16,151.86000061035156,152.33999633789062,151.22000122070312,151.44000244140625,676650,120.51152801513672
VOO,2013-05-17,152.02000427246094,152.97999572753906,151.82000732421875,152.8800048828125,660750,121.65747833251953
VOO,2013-05-20,152.75999450683594,153.5,152.6199951171875,152.8800048828125,665450,121.65747833251953
VOO,2013-05-21,153.05999755859375,153.67999267578125,152.52000427246094,153.0800018310547,481200,121.81661224365234
VOO,2013-05-22,153.32000732421875,154.86000061035156,151.3000030517578,152.05999755859375,978050,121.00494384765625
VOO,2013-05-23,150.33999633789062,151.9199981689453,150.13999938964844,151.52000427246094,1134700,120.57524871826172
VOO,2013-05-24,150.60000610351562,151.39999389648438,150.1999969482422,151.32000732421875,684800,120.41605377197266
VOO,2013-05-28,153.13999938964844,153.67999267578125,151.8800048828125,152.39999389648438,566800,121.2754898071289
VOO,2013-05-29,151.5,151.83999633789062,150.52000427246094,151.24000549316406,881200,120.3524169921875
VOO,2013-05-30,151.4199981689453,152.5800018310547,151.36000061035156,151.89999389648438,444800,120.87760162353516
VOO,2013-05-31,151.47999572753906,152.27999877929688,149.5,149.67999267578125,814800,119.11100006103516
VOO,2013-06-03,150.05999755859375,150.60000610351562,148.9600067138672,150.4600067138672,1002250,119.73177337646484
VOO,2013-06-04,150.5800018310547,151.22000122070312,149.0399932861328,150,1190650,119.36564636230469
VOO,2013-06-05,149.3800048828125,149.63999938964844,147.5800018310547,147.6999969482422,1122300,117.53535461425781
VOO,2013-06-06,147.66000366210938,148.97999572753906,146.75999450683594,148.86000061035156,1172500,118.45846557617188
VOO,2013-06-07,150.0800018310547,151.05999755859375,149.4199981689453,150.94000244140625,1464650,120.11368560791016
VOO,2013-06-10,151.4600067138672,151.4600067138672,150.5399932861328,150.8800048828125,1841250,120.0659408569336
VOO,2013-06-11,149.52000427246094,150.67999267578125,148.97999572753906,149.33999633789062,1502800,118.84041595458984
VOO,2013-06-12,150.4199981689453,150.52000427246094,148,148.17999267578125,1058300,117.91732788085938
VOO,2013-06-13,148.02000427246094,150.60000610351562,147.72000122070312,150.32000732421875,1280150,119.62031555175781
VOO,2013-06-14,150.17999267578125,150.77999877929688,149.16000366210938,149.39999389648438,1172650,118.88816833496094
VOO,2013-06-17,150.47999572753906,151.27999877929688,149.77999877929688,150.60000610351562,1048100,119.84308624267578
VOO,2013-06-18,150.6999969482422,152,150.6999969482422,151.75999450683594,1033300,120.7662124633789
VOO,2013-06-19,151.67999267578125,151.94000244140625,149.66000366210938,149.74000549316406,990950,119.1587905883789
VOO,2013-06-20,148.22000122070312,148.44000244140625,145.55999755859375,145.94000244140625,1686200,116.13481903076172
VOO,2013-06-21,146.9600067138672,147.10000610351562,144.97999572753906,146.39999389648438,1565400,116.50086975097656
VOO,2013-06-24,144.1999969482422,145.1199951171875,142.66000366210938,143.82000732421875,1863750,115.02765655517578
VOO,2013-06-25,145.17999267578125,145.75999450683594,144.22000122070312,145.25999450683594,1520750,116.17932891845703
VOO,2013-06-26,146.44000244140625,147,145.8800048828125,146.6199951171875,1710800,117.2670669555664
VOO,2013-06-27,147.5800018310547,148.24000549316406,147.4600067138672,147.60000610351562,756150,118.05091094970703
VOO,2013-06-28,147.16000366210938,147.86000061035156,146.4600067138672,146.67999267578125,1026450,117.31507873535156
VOO,2013-07-01,147.74000549316406,148.8000030517578,147.5399932861328,147.77999877929688,1394400,118.1948471069336
VOO,2013-07-02,147.55999755859375,148.66000366210938,147,147.55999755859375,1208750,118.01889038085938
VOO,2013-07-03,147.05999755859375,148.16000366210938,146.75999450683594,147.6999969482422,513250,118.13087463378906
VOO,2013-07-05,148.8800048828125,149.39999389648438,147.77999877929688,149.33999633789062,626450,119.44254302978516
VOO,2013-07-08,150.1199951171875,150.5800018310547,149.83999633789062,150.1199951171875,836550,120.06640625
VOO,2013-07-09,151.10000610351562,151.4600067138672,150.47999572753906,151.25999450683594,792000,120.97820281982422
VOO,2013-07-10,151.17999267578125,151.82000732421875,150.82000732421875,151.3000030517578,771550,121.01021575927734
VOO,2013-07-11,153.0800018310547,153.5399932861328,152.5800018310547,153.44000244140625,1298350,122.72174835205078
VOO,2013-07-12,153.39999389648438,153.77999877929688,153.1199951171875,153.47999572753906,971450,122.75372314453125
VOO,2013-07-15,153.83999633789062,154.22000122070312,153.6199951171875,154.0399932861328,643900,123.20162200927734
VOO,2013-07-16,154.1199951171875,154.1999969482422,153.0399932861328,153.4600067138672,698900,122.73773956298828
VOO,2013-07-17,154.0399932861328,154.27999877929688,153.66000366210938,153.83999633789062,702400,123.04164123535156
VOO,2013-07-18,154.17999267578125,155.05999755859375,154.13999938964844,154.72000122070312,432700,123.74549102783203
VOO,2013-07-19,154.39999389648438,155,154.17999267578125,155,367600,123.96939086914062
VOO,2013-07-22,155.1999969482422,155.5,154.83999633789062,155.27999877929688,420100,124.193359375
VOO,2013-07-23,155.5800018310547,155.6199951171875,154.86000061035156,154.9600067138672,1034850,123.93743133544922
VOO,2013-07-24,155.5800018310547,155.60000610351562,154.0800018310547,154.3800048828125,790000,123.47360229492188
VOO,2013-07-25,154.05999755859375,154.86000061035156,153.86000061035156,154.66000366210938,314200,123.6974868774414
VOO,2013-07-26,154.0800018310547,154.9600067138672,153.4600067138672,154.86000061035156,876850,123.85746765136719
VOO,2013-07-29,154.52000427246094,154.86000061035156,153.97999572753906,154.39999389648438,927100,123.48954772949219
VOO,2013-07-30,154.9600067138672,155.0800018310547,154.10000610351562,154.4199981689453,446950,123.50557708740234
VOO,2013-07-31,154.75999450683594,155.5800018310547,154.33999633789062,154.4600067138672,623550,123.53755187988281
VOO,2013-08-01,155.67999267578125,156.4600067138672,155.63999938964844,156.33999633789062,491850,125.0411605834961
VOO,2013-08-02,156.02000427246094,156.60000610351562,155.77999877929688,156.5800018310547,558650,125.23311614990234
VOO,2013-08-05,156.33999633789062,156.6199951171875,156.0800018310547,156.47999572753906,317900,125.15312957763672
VOO,2013-08-06,156.1199951171875,156.1999969482422,155.16000366210938,155.5399932861328,413650,124.4013671875
VOO,2013-08-07,155,155.1999969482422,154.44000244140625,155,431150,123.96939086914062
VOO,2013-08-08,155.72000122070312,155.86000061035156,154.72000122070312,155.5399932861328,499050,124.4013671875
VOO,2013-08-09,155.36000061035156,155.82000732421875,154.60000610351562,155.10000610351562,618400,124.04942321777344
VOO,2013-08-12,154.33999633789062,155.10000610351562,154.27999877929688,154.89999389648438,330550,123.8894271850586
VOO,2013-08-13,155.16000366210938,155.6199951171875,154.27999877929688,155.5,2052850,124.36933135986328
VOO,2013-08-14,155.32000732421875,155.5399932861328,154.5399932861328,154.6199951171875,496300,123.66549682617188
VOO,2013-08-15,153.32000732421875,153.32000732421875,152.16000366210938,152.36000061035156,750750,121.85794830322266
VOO,2013-08-16,152.1199951171875,152.6199951171875,151.5800018310547,151.9199981689453,615000,121.50606536865234
VOO,2013-08-19,151.6999969482422,152.22000122070312,150.94000244140625,150.9600067138672,825050,120.73821258544922
VOO,2013-08-20,151.1999969482422,152.22000122070312,151.02000427246094,151.55999755859375,933300,121.21810913085938
VOO,2013-08-21,151.25999450683594,152.05999755859375,150.39999389648438,150.77999877929688,498450,120.59426879882812
VOO,2013-08-22,151.0399932861328,152.32000732421875,151.0399932861328,152.10000610351562,635800,121.6500244140625
VOO,2013-08-23,152.5800018310547,152.8000030517578,151.86000061035156,152.60000610351562,424400,122.04988098144531
VOO,2013-08-26,152.8000030517578,153.25999450683594,151.9600067138672,152.1199951171875,704050,121.66595458984375
VOO,2013-08-27,150.5800018310547,151.1199951171875,149.5,149.6199951171875,803600,119.66649627685547
VOO,2013-08-28,149.5399932861328,150.63999938964844,149.33999633789062,150.1199951171875,665900,120.06640625
VOO,2013-08-29,149.77999877929688,151.13999938964844,149.6999969482422,150.36000061035156,923100,120.25836181640625
VOO,2013-08-30,150.63999938964844,150.63999938964844,149.4600067138672,149.6999969482422,870300,119.73048400878906
VOO,2013-09-03,151.32000732421875,151.63999938964844,149.94000244140625,150.5800018310547,1569400,120.43431091308594
VOO,2013-09-04,150.6199951171875,152.05999755859375,150.36000061035156,151.83999633789062,700250,121.44205474853516
VOO,2013-09-05,151.89999389648438,152.39999389648438,151.8000030517578,151.8000030517578,692800,121.41006469726562
VOO,2013-09-06,152.5399932861328,152.94000244140625,150.66000366210938,152.05999755859375,1109250,121.61800384521484
VOO,2013-09-09,152.5,153.6199951171875,152.5,153.55999755859375,1185400,122.81771087646484
VOO,2013-09-10,154.47999572753906,154.72000122070312,154.16000366210938,154.72000122070312,1038650,123.74549102783203
VOO,2013-09-11,154.5,155.1999969482422,154.22000122070312,155.1999969482422,807650,124.12936401367188
VOO,2013-09-12,155.16000366210938,155.33999633789062,154.55999755859375,154.82000732421875,855500,123.82545471191406
VOO,2013-09-13,154.9199981689453,155.25999450683594,154.60000610351562,155.13999938964844,540000,124.08136749267578
VOO,2013-09-16,156.82000732421875,156.8800048828125,155.77999877929688,156.0800018310547,693950,124.833251953125
VOO,2013-09-17,156.16000366210938,156.72000122070312,156.16000366210938,156.72000122070312,2351450,125.34512329101562
VOO,2013-09-18,156.67999267578125,158.9600067138672,156.27999877929688,158.60000610351562,990900,126.84869384765625
VOO,2013-09-19,158.9600067138672,159.0399932861328,158.1199951171875,158.33999633789062,2964000,126.64076232910156
VOO,2013-09-20,158.66000366210938,158.66000366210938,157.05999755859375,157.10000610351562,611450,125.64901733398438
VOO,2013-09-23,156.16000366210938,156.3000030517578,155.16000366210938,155.74000549316406,1400700,125.18766784667969
VOO,2013-09-24,155.63999938964844,156.22000122070312,155.02000427246094,155.39999389648438,1632400,124.9143295288086
VOO,2013-09-25,155.39999389648438,155.66000366210938,154.72000122070312,154.89999389648438,789000,124.51237487792969
VOO,2013-09-26,155.1199951171875,155.86000061035156,154.86000061035156,155.52000427246094,622250,125.01081085205078
VOO,2013-09-27,154.6999969482422,154.94000244140625,154.33999633789062,154.86000061035156,1405950,124.4802474975586
VOO,2013-09-30,153.39999389648438,154.3800048828125,153.10000610351562,154,1521800,123.78902435302734
VOO,2013-10-01,154.0399932861328,155.25999450683594,153.9199981689453,155.17999267578125,1110450,124.73744201660156
VOO,2013-10-02,154.17999267578125,155,153.74000549316406,154.97999572753906,1253600,124.57669830322266
VOO,2013-10-03,154.60000610351562,154.72000122070312,152.83999633789062,153.60000610351562,1447700,123.46745300292969
VOO,2013-10-04,153.67999267578125,154.86000061035156,153.47999572753906,154.72000122070312,538450,124.36772155761719
VOO,2013-10-07,153.36000061035156,154.3000030517578,153.22000122070312,153.39999389648438,690850,123.30670166015625
VOO,2013-10-08,153.33999633789062,153.52000427246094,151.47999572753906,151.6199951171875,2071600,121.87584686279297
VOO,2013-10-09,151.89999389648438,152.24000549316406,150.72000122070312,151.6199951171875,1340100,121.87584686279297
VOO,2013-10-10,153.1999969482422,155.0399932861328,153.1999969482422,155.0399932861328,1441200,124.62493133544922
VOO,2013-10-11,154.74000549316406,156.02000427246094,154.6199951171875,155.9600067138672,1235900,125.36442565917969
VOO,2013-10-14,155.02000427246094,156.6999969482422,154.8800048828125,156.63999938964844,1408450,125.9110336303711
VOO,2013-10-15,156.17999267578125,156.75999450683594,155.25999450683594,155.47999572753906,1655750,124.9786148071289
VOO,2013-10-16,156.36000061035156,157.6999969482422,156.3000030517578,157.60000610351562,3102850,126.68275451660156
VOO,2013-10-17,157,158.75999450683594,156.97999572753906,158.67999267578125,2548900,127.55084991455078
VOO,2013-10-18,159.24000549316406,159.86000061035156,158.9600067138672,159.74000549316406,1671950,128.40292358398438
VOO,2013-10-21,159.83999633789062,160.05999755859375,159.4199981689453,159.82000732421875,1009100,128.46722412109375
VOO,2013-10-22,160.25999450683594,161.13999938964844,160.02000427246094,160.67999267578125,1364950,129.15847778320312
VOO,2013-10-23,160.16000366210938,160.1999969482422,159.3800048828125,159.94000244140625,948250,128.56369018554688
VOO,2013-10-24,160.22000122070312,160.63999938964844,159.86000061035156,160.4600067138672,795600,128.98167419433594
VOO,2013-10-25,160.8000030517578,161.1999969482422,160.47999572753906,161.1999969482422,1019700,129.5764923095703
VOO,2013-10-28,161.14999389648438,161.6699981689453,160.9600067138672,161.39999389648438,1155000,129.73727416992188
VOO,2013-10-29,161.7899932861328,162.38999938964844,161.58999633789062,162.38999938964844,844500,130.53306579589844
VOO,2013-10-30,162.52999877929688,162.6199951171875,160.92999267578125,161.47999572753906,3362100,129.8015899658203
VOO,2013-10-31,161.39999389648438,162.0399932861328,160.8000030517578,160.8800048828125,1437500,129.31927490234375
VOO,2013-11-01,161.27999877929688,161.77999877929688,160.52999877929688,161.33999633789062,1341300,129.68907165527344
VOO,2013-11-04,161.91000366210938,162.07000732421875,161.3800048828125,162.07000732421875,2940900,130.27586364746094
VOO,2013-11-05,161.33999633789062,161.91000366210938,160.83999633789062,161.5800018310547,1147000,129.88194274902344
VOO,2013-11-06,162.2100067138672,162.58999633789062,161.72999572753906,162.3300018310547,1510400,130.48483276367188
VOO,2013-11-07,162.64999389648438,162.74000549316406,160.10000610351562,160.25,1242100,128.81288146972656
VOO,2013-11-08,160.22000122070312,162.4499969482422,160.17999267578125,162.4499969482422,1629500,130.58128356933594
VOO,2013-11-11,162.27999877929688,162.6199951171875,162.08999633789062,162.4199981689453,1109900,130.5571746826172
VOO,2013-11-12,162.08999633789062,162.47000122070312,161.5800018310547,162.1300048828125,929600,130.32408142089844
VOO,2013-11-13,161.3300018310547,163.44000244140625,161.3300018310547,163.3800048828125,1336300,131.32884216308594
VOO,2013-11-14,163.61000061035156,164.3800048828125,163.32000732421875,164.2899932861328,1720600,132.060302734375
VOO,2013-11-15,164.5,165,164.32000732421875,165,710300,132.6310272216797
VOO,2013-11-18,165.27999877929688,165.3699951171875,164.00999450683594,164.38999938964844,1319800,132.14073181152344
VOO,2013-11-19,164.27999877929688,164.77999877929688,163.74000549316406,164.07000732421875,1156500,131.88351440429688
VOO,2013-11-20,164.33999633789062,164.82000732421875,163.0800018310547,163.5500030517578,1468000,131.4654998779297
VOO,2013-11-21,164,164.9499969482422,163.8800048828125,164.8300018310547,2121600,132.49441528320312
VOO,2013-11-22,164.91000366210938,165.6699981689453,164.72000122070312,165.6699981689453,1405200,133.16958618164062
VOO,2013-11-25,165.92999267578125,165.97000122070312,165.25999450683594,165.57000732421875,810000,133.08926391601562
VOO,2013-11-26,165.58999633789062,166.00999450683594,165.2899932861328,165.49000549316406,773300,133.02490234375
VOO,2013-11-27,165.6999969482422,166.0399932861328,165.50999450683594,165.94000244140625,826300,133.38665771484375
VOO,2013-11-29,166.10000610351562,166.50999450683594,165.64999389648438,165.6999969482422,614400,133.19374084472656
VOO,2013-12-02,165.9499969482422,166.22000122070312,165.14999389648438,165.44000244140625,1409000,132.9846954345703
VOO,2013-12-03,164.88999938964844,165.25999450683594,164.16000366210938,164.8000030517578,1076900,132.47027587890625
VOO,2013-12-04,164.10000610351562,165.33999633789062,163.38999938964844,164.61000061035156,1374100,132.31752014160156
VOO,2013-12-05,164.39999389648438,164.64999389648438,163.8000030517578,163.97999572753906,1168500,131.8111114501953
VOO,2013-12-06,165.5500030517578,165.9199981689453,165.05999755859375,165.83999633789062,1208700,133.30624389648438
VOO,2013-12-09,166.25,166.42999267578125,165.99000549316406,166.22000122070312,1586300,133.61170959472656
VOO,2013-12-10,165.82000732421875,166.1699981689453,165.50999450683594,165.64999389648438,1747700,133.15353393554688
VOO,2013-12-11,165.6699981689453,165.6999969482422,163.5399932861328,163.77000427246094,1079100,131.64227294921875
VOO,2013-12-12,163.63999938964844,163.85000610351562,162.8699951171875,163.22999572753906,3453800,131.2082977294922
VOO,2013-12-13,163.52999877929688,163.67999267578125,162.8800048828125,163.17999267578125,2151000,131.16807556152344
VOO,2013-12-16,163.9600067138672,164.72000122070312,163.89999389648438,164.22000122070312,1838100,132.0040283203125
VOO,2013-12-17,164.3300018310547,164.36000061035156,163.30999755859375,163.63999938964844,1479800,131.53782653808594
VOO,2013-12-18,163.9199981689453,166.50999450683594,162.00999450683594,166.49000549316406,3112400,133.8286590576172
VOO,2013-12-19,166.02999877929688,166.47000122070312,165.57000732421875,166.33999633789062,1242900,133.70814514160156
VOO,2013-12-20,166.44000244140625,167.64999389648438,166.44000244140625,167.17999267578125,1303500,134.38331604003906
VOO,2013-12-23,168.07000732421875,168.9499969482422,167.75,168.9499969482422,1480200,135.80612182617188
VOO,2013-12-24,167.22999572753906,167.6699981689453,167.22000122070312,167.64999389648438,585700,135.4940948486328
VOO,2013-12-26,167.9499969482422,168.52999877929688,167.9499969482422,168.42999267578125,968100,136.12461853027344
VOO,2013-12-27,168.72000122070312,168.75999450683594,168.27000427246094,168.44000244140625,929700,136.1326446533203
VOO,2013-12-30,168.4600067138672,168.55999755859375,168.1999969482422,168.3699951171875,1112800,136.07608032226562
VOO,2013-12-31,168.66000366210938,169.22999572753906,168.52000427246094,169.14999389648438,774400,136.7064971923828
VOO,2014-01-02,168.52999877929688,168.61000061035156,167.1999969482422,167.6300048828125,1731300,135.4779815673828
VOO,2014-01-03,167.8800048828125,168.2100067138672,167.3300018310547,167.47999572753906,1710500,135.35678100585938
VOO,2014-01-06,168.11000061035156,168.16000366210938,166.82000732421875,167.05999755859375,1339000,135.01736450195312
VOO,2014-01-07,167.72999572753906,168.3699951171875,167.6300048828125,168.10000610351562,824700,135.85784912109375
VOO,2014-01-08,168.07000732421875,168.39999389648438,167.5500030517578,168.1699981689453,3147500,135.91444396972656
VOO,2014-01-09,168.6699981689453,168.67999267578125,167.49000549316406,168.27000427246094,1117200,135.99525451660156
VOO,2014-01-10,168.5500030517578,168.75,167.66000366210938,168.66000366210938,990200,136.3104705810547
VOO,2014-01-13,168.2899932861328,168.74000549316406,166.14999389648438,166.52000427246094,1338500,134.58091735839844
VOO,2014-01-14,167.02999877929688,168.36000061035156,166.7100067138672,168.25,866000,135.9790802001953
VOO,2014-01-15,168.6300048828125,169.42999267578125,168.58999633789062,169.1999969482422,943100,136.7468719482422
VOO,2014-01-16,168.82000732421875,169,168.4199981689453,168.94000244140625,778500,136.53671264648438
VOO,2014-01-17,168.6999969482422,168.99000549316406,167.97000122070312,168.2100067138672,904300,135.94683837890625
VOO,2014-01-21,169.22000122070312,169.27999877929688,167.7100067138672,168.74000549316406,1366400,136.37513732910156
VOO,2014-01-22,169.05999755859375,169.0800018310547,168.49000549316406,168.83999633789062,751200,136.45590209960938
VOO,2014-01-23,168.00999450683594,168.00999450683594,166.58999633789062,167.47999572753906,1294000,135.35678100585938
VOO,2014-01-24,166.3699951171875,166.4199981689453,163.8699951171875,163.8800048828125,1828900,132.44725036621094
VOO,2014-01-27,164.07000732421875,164.4499969482422,162.2899932861328,163.0800018310547,2882100,131.8007049560547
VOO,2014-01-28,163.24000549316406,164.25,163.17999267578125,164.08999633789062,1067400,132.61700439453125
VOO,2014-01-29,162.75,163.57000732421875,162.07000732421875,162.3800048828125,1346400,131.23495483398438
VOO,2014-01-30,163.88999938964844,164.72000122070312,163.3300018310547,164.1999969482422,2086700,132.7058868408203
VOO,2014-01-31,162.14999389648438,164.25,162.10000610351562,163.17999267578125,1322100,131.8814697265625
VOO,2014-02-03,163.02000427246094,163.41000366210938,159.25999450683594,159.61000061035156,2969400,128.99630737304688
VOO,2014-02-04,160.2899932861328,161.0800018310547,159.72999572753906,160.69000244140625,1116700,129.86915588378906
VOO,2014-02-05,160.10000610351562,160.82000732421875,159.17999267578125,160.4199981689453,1701400,129.65093994140625
VOO,2014-02-06,160.91000366210938,162.58999633789062,160.8800048828125,162.57000732421875,1109600,131.3885498046875
VOO,2014-02-07,163.3699951171875,164.77999877929688,162.85000610351562,164.6699981689453,1258200,133.0857391357422
VOO,2014-02-10,164.63999938964844,164.9600067138672,164.1999969482422,164.92999267578125,937400,133.29583740234375
VOO,2014-02-11,165.1199951171875,167.1300048828125,164.97000122070312,166.75,1497400,134.76681518554688
VOO,2014-02-12,166.99000549316406,167.5,166.47999572753906,166.89999389648438,1855000,134.8880157470703
VOO,2014-02-13,165.6999969482422,167.83999633789062,165.6999969482422,167.72000122070312,1336600,135.55072021484375
VOO,2014-02-14,167.55999755859375,168.91000366210938,167.3699951171875,168.61000061035156,917200,136.27003479003906
VOO,2014-02-18,168.74000549316406,169.0399932861328,168.27000427246094,168.86000061035156,1174300,136.47215270996094
VOO,2014-02-19,168.4199981689453,169.47999572753906,167.57000732421875,167.6999969482422,1928100,135.5346221923828
VOO,2014-02-20,167.92999267578125,169.07000732421875,167.3300018310547,168.64999389648438,1080000,136.30238342285156
VOO,2014-02-21,169.02000427246094,169.41000366210938,168.4199981689453,168.57000732421875,706200,136.2377471923828
VOO,2014-02-24,168.8699951171875,170.57000732421875,168.77999877929688,169.3699951171875,978600,136.88427734375
VOO,2014-02-25,169.5800018310547,170.02999877929688,168.83999633789062,169.30999755859375,1001000,136.83575439453125
VOO,2014-02-26,169.58999633789062,170.0399932861328,168.91000366210938,169.30999755859375,709000,136.83575439453125
VOO,2014-02-27,169.14999389648438,170.27000427246094,168.97000122070312,170.25,1034200,137.5955047607422
VOO,2014-02-28,170.22000122070312,171.47000122070312,169.57000732421875,170.6300048828125,853900,137.90257263183594
VOO,2014-03-03,169.19000244140625,169.88999938964844,168.3800048828125,169.4600067138672,2235900,136.95700073242188
VOO,2014-03-04,171.1699981689453,172.22999572753906,171.1300048828125,171.8800048828125,1281500,138.91285705566406
VOO,2014-03-05,172,172.30999755859375,171.7899932861328,171.91000366210938,983100,138.9370880126953
VOO,2014-03-06,172.5399932861328,172.83999633789062,172.19000244140625,172.4600067138672,1037000,139.38165283203125
VOO,2014-03-07,173.0800018310547,173.1300048828125,171.7899932861328,172.4199981689453,1205600,139.34927368164062
VOO,2014-03-10,172.24000549316406,172.47999572753906,171.47000122070312,172.4499969482422,885300,139.37350463867188
VOO,2014-03-11,172.72999572753906,172.9199981689453,171.1699981689453,171.5,945700,138.60577392578125
VOO,2014-03-12,170.75,171.64999389648438,170.36000061035156,171.6199951171875,1065000,138.7027130126953
VOO,2014-03-13,172.13999938964844,172.24000549316406,169.2100067138672,169.72000122070312,1659400,137.1671905517578
VOO,2014-03-14,169.35000610351562,170.22000122070312,169,169.22999572753906,1323500,136.77117919921875
VOO,2014-03-17,170.05999755859375,171.13999938964844,169.99000549316406,170.75,1695400,137.99952697753906
VOO,2014-03-18,171.07000732421875,172.17999267578125,170.92999267578125,171.9600067138672,779700,138.97752380371094
VOO,2014-03-19,172.02999877929688,172.22999572753906,169.99000549316406,171.02000427246094,1166300,138.21775817871094
VOO,2014-03-20,170.67999267578125,172.16000366210938,170.3699951171875,171.99000549316406,818200,139.00173950195312
VOO,2014-03-21,172.80999755859375,173.19000244140625,171.24000549316406,171.4199981689453,825200,138.5410919189453
VOO,2014-03-24,171.19000244140625,171.38999938964844,169.16000366210938,169.9199981689453,2004900,137.9556884765625
VOO,2014-03-25,170.77999877929688,171.25,169.77999877929688,170.75,1202100,138.6295928955078
VOO,2014-03-26,171.38999938964844,171.63999938964844,169.4499969482422,169.49000549316406,1155600,137.60659790039062
VOO,2014-03-27,169.32000732421875,169.77999877929688,168.47999572753906,169.14999389648438,980700,137.33056640625
VOO,2014-03-28,169.6300048828125,170.7899932861328,169.5,169.89999389648438,548900,137.9394989013672
VOO,2014-03-31,171.0399932861328,171.58999633789062,170.8699951171875,171.35000610351562,822000,139.11666870117188
VOO,2014-04-01,171.8699951171875,172.58999633789062,171.75999450683594,172.5,1247500,140.05038452148438
VOO,2014-04-02,172.72000122070312,173.2899932861328,172.39999389648438,173.08999633789062,1972800,140.5293426513672
VOO,2014-04-03,173.3300018310547,173.3699951171875,172.32000732421875,172.82000732421875,718300,140.31021118164062
VOO,2014-04-04,173.77000427246094,173.82000732421875,170.52999877929688,170.74000549316406,2270800,138.6214599609375
VOO,2014-04-07,170.36000061035156,170.64999389648438,168.57000732421875,168.89999389648438,1645000,137.12754821777344
VOO,2014-04-08,168.7899932861328,169.8800048828125,168.22000122070312,169.60000610351562,2064000,137.6958770751953
VOO,2014-04-09,170.0800018310547,171.4600067138672,169.61000061035156,171.42999267578125,768800,139.18165588378906
VOO,2014-04-10,171.4199981689453,171.49000549316406,167.6199951171875,167.77000427246094,1286900,136.2101287841797
VOO,2014-04-11,166.9199981689453,168.0500030517578,166.11000061035156,166.25999450683594,1762400,134.9842071533203
VOO,2014-04-14,167.5800018310547,168,166.25999450683594,167.60000610351562,1456600,136.07217407226562
VOO,2014-04-15,167.97999572753906,168.8699951171875,166.3300018310547,168.75999450683594,2160100,137.0139617919922
VOO,2014-04-16,169.9199981689453,170.5500030517578,169.19000244140625,170.5399932861328,2410000,138.4591064453125
VOO,2014-04-17,170.35000610351562,171.24000549316406,170.02999877929688,170.74000549316406,925500,138.6214599609375
VOO,2014-04-21,170.85000610351562,171.4199981689453,170.66000366210938,171.3699951171875,804400,139.1328887939453
VOO,2014-04-22,171.57000732421875,172.6199951171875,171.49000549316406,172.1199951171875,1053300,139.7418670654297
VOO,2014-04-23,172.08999633789062,172.16000366210938,171.64999389648438,171.7100067138672,724500,139.4090118408203
VOO,2014-04-24,172.6300048828125,172.6300048828125,171.3000030517578,172.08999633789062,543900,139.717529296875
VOO,2014-04-25,171.5500030517578,171.6300048828125,170.32000732421875,170.7100067138672,1357900,138.59715270996094
VOO,2014-04-28,171.38999938964844,171.9600067138672,169.49000549316406,171.22999572753906,647800,139.01927185058594
VOO,2014-04-29,171.7899932861328,172.2899932861328,171.42999267578125,172.0500030517578,1065900,139.68499755859375
VOO,2014-04-30,171.75,172.7100067138672,171.5,172.58999633789062,605300,140.12350463867188
VOO,2014-05-01,172.5,173.02999877929688,172.02999877929688,172.60000610351562,623900,140.13162231445312
VOO,2014-05-02,172.55999755859375,173.25999450683594,172.05999755859375,172.32000732421875,754800,139.90426635742188
VOO,2014-05-05,171.49000549316406,172.72000122070312,171.02000427246094,172.67999267578125,792600,140.1964874267578
VOO,2014-05-06,172.27000427246094,172.3800048828125,171.11000061035156,171.17999267578125,567700,138.97866821289062
VOO,2014-05-07,171.72999572753906,172.22000122070312,170.44000244140625,172.19000244140625,1160600,139.79867553710938
VOO,2014-05-08,171.9600067138672,173.1999969482422,171.42999267578125,171.97999572753906,1390700,139.62815856933594
VOO,2014-05-09,171.97999572753906,172.2899932861328,171.1999969482422,172.27999877929688,955400,139.8717803955078
VOO,2014-05-12,172.9600067138672,173.97999572753906,172.9600067138672,173.91000366210938,780100,141.19520568847656
VOO,2014-05-13,174.08999633789062,174.49000549316406,173.88999938964844,174.07000732421875,994800,141.32505798339844
VOO,2014-05-14,173.91000366210938,173.97000122070312,173,173.22999572753906,1335700,140.64308166503906
VOO,2014-05-15,172.89999389648438,172.92999267578125,170.8699951171875,171.6699981689453,3191100,139.37652587890625
VOO,2014-05-16,171.8000030517578,172.36000061035156,171.10000610351562,172.33999633789062,699600,139.92047119140625
VOO,2014-05-19,171.97999572753906,173.10000610351562,171.80999755859375,172.92999267578125,926900,140.39950561523438
VOO,2014-05-20,172.86000061035156,172.8800048828125,171.41000366210938,171.7899932861328,669400,139.47389221191406
VOO,2014-05-21,172.36000061035156,173.3699951171875,172.30999755859375,173.27999877929688,991300,140.68362426757812
VOO,2014-05-22,173.35000610351562,174.05999755859375,173.05999755859375,173.75,859000,141.06520080566406
VOO,2014-05-23,173.91000366210938,174.5399932861328,173.82000732421875,174.47000122070312,613900,141.64976501464844
VOO,2014-05-27,175.08999633789062,175.5500030517578,175,175.5,890000,142.48597717285156
VOO,2014-05-28,175.52000427246094,175.7899932861328,175.08999633789062,175.32000732421875,990900,142.3398895263672
VOO,2014-05-29,175.82000732421875,176.32000732421875,175.3699951171875,176.32000732421875,541000,143.1518096923828
VOO,2014-05-30,176.16000366210938,176.69000244140625,175.97999572753906,176.5500030517578,874700,143.3385772705078
VOO,2014-06-02,176.8300018310547,176.85000610351562,175.94000244140625,176.7899932861328,1620200,143.53334045410156
VOO,2014-06-03,176.35000610351562,176.7899932861328,176.22000122070312,176.67999267578125,1252900,143.44406127929688
VOO,2014-06-04,176.3699951171875,177.14999389648438,176.1999969482422,177,984900,143.70382690429688
VOO,2014-06-05,177.24000549316406,178.3800048828125,176.6300048828125,178.1999969482422,853600,144.67816162109375
VOO,2014-06-06,178.6199951171875,179.08999633789062,178.52000427246094,179.0500030517578,586800,145.3682098388672
VOO,2014-06-09,179.0399932861328,179.69000244140625,178.8699951171875,179.22999572753906,461800,145.51441955566406
VOO,2014-06-10,179.02999877929688,179.3000030517578,178.66000366210938,179.27000427246094,959900,145.546875
VOO,2014-06-11,178.63999938964844,178.82000732421875,178.25,178.69000244140625,558100,145.07598876953125
VOO,2014-06-12,178.4199981689453,178.52000427246094,176.97999572753906,177.36000061035156,891400,143.99615478515625
VOO,2014-06-13,177.72999572753906,178.07000732421875,177.1699981689453,177.9199981689453,731200,144.4508056640625
VOO,2014-06-16,177.69000244140625,178.41000366210938,177.5,178.07000732421875,756700,144.57254028320312
VOO,2014-06-17,177.8300018310547,178.67999267578125,177.6300048828125,178.5399932861328,2934400,144.95411682128906
VOO,2014-06-18,178.58999633789062,179.97000122070312,178.1699981689453,179.8699951171875,501900,146.03399658203125
VOO,2014-06-19,180.0399932861328,180.2100067138672,179.50999450683594,180.08999633789062,746900,146.2125701904297
VOO,2014-06-20,180.50999450683594,180.57000732421875,180.25,180.4499969482422,830300,146.5049285888672
VOO,2014-06-23,179.6999969482422,179.72999572753906,179.27000427246094,179.55999755859375,737700,146.4388427734375
VOO,2014-06-24,179.2899932861328,180.13999938964844,178.30999755859375,178.5,391700,145.57431030273438
VOO,2014-06-25,178.13999938964844,179.49000549316406,178.1300048828125,179.25999450683594,586000,146.19419860839844
VOO,2014-06-26,179.36000061035156,179.3800048828125,177.97999572753906,179.1699981689453,676800,146.12075805664062
VOO,2014-06-27,178.7899932861328,179.55999755859375,178.69000244140625,179.47999572753906,1032300,146.37355041503906
VOO,2014-06-30,179.42999267578125,179.82000732421875,179.27999877929688,179.42999267578125,1261200,146.3328094482422
VOO,2014-07-01,179.8800048828125,181.19000244140625,179.8300018310547,180.69000244140625,1199000,147.36036682128906
VOO,2014-07-02,180.6699981689453,181.02999877929688,180.57000732421875,180.82000732421875,511500,147.46636962890625
VOO,2014-07-03,181.30999755859375,181.77999877929688,181.1999969482422,181.72999572753906,327900,148.2085418701172
VOO,2014-07-07,181.3800048828125,181.5,180.83999633789062,181.13999938964844,1151800,147.72740173339844
VOO,2014-07-08,180.77000427246094,180.82000732421875,179.5,179.97000122070312,749400,146.773193359375
VOO,2014-07-09,180.36000061035156,180.8800048828125,180,180.72000122070312,930300,147.3848419189453
VOO,2014-07-10,179.00999450683594,180.47000122070312,178.83999633789062,180.02999877929688,614600,146.82217407226562
VOO,2014-07-11,179.94000244140625,180.36000061035156,179.50999450683594,180.27000427246094,520400,147.01785278320312
VOO,2014-07-14,181.1999969482422,181.41000366210938,181.02000427246094,181.16000366210938,493100,147.74371337890625
VOO,2014-07-15,181.25,181.6300048828125,180.05999755859375,180.85000610351562,1207000,147.4908447265625
VOO,2014-07-16,181.64999389648438,181.75999450683594,181.00999450683594,181.5399932861328,539400,148.0535430908203
VOO,2014-07-17,180.9600067138672,181.6199951171875,179.19000244140625,179.41000366210938,1103900,146.31646728515625
VOO,2014-07-18,180.02000427246094,181.44000244140625,179.94000244140625,181.3000030517578,571500,147.8578643798828
VOO,2014-07-21,180.7100067138672,181.0800018310547,180.1300048828125,180.91000366210938,866000,147.53973388671875
VOO,2014-07-22,181.5800018310547,182.0399932861328,181.4199981689453,181.72000122070312,1509500,148.20034790039062
VOO,2014-07-23,182,182.32000732421875,181.63999938964844,182.14999389648438,750900,148.55105590820312
VOO,2014-07-24,182.36000061035156,182.5,181.97000122070312,182.14999389648438,535800,148.55105590820312
VOO,2014-07-25,181.64999389648438,181.77000427246094,180.94000244140625,181.27999877929688,635700,147.84149169921875
VOO,2014-07-28,181.35000610351562,181.60000610351562,180.27999877929688,181.36000061035156,485700,147.90675354003906
VOO,2014-07-29,181.6999969482422,181.88999938964844,180.57000732421875,180.58999633789062,639000,147.27879333496094
VOO,2014-07-30,181.22000122070312,181.44000244140625,179.86000061035156,180.58999633789062,1128500,147.27879333496094
VOO,2014-07-31,179.35000610351562,179.5,176.9600067138672,176.9600067138672,2430500,144.31837463378906
VOO,2014-08-01,176.52000427246094,177.6199951171875,175.64999389648438,176.52999877929688,3398000,143.9677276611328
VOO,2014-08-04,176.80999755859375,178.11000061035156,176.07000732421875,177.77000427246094,2212000,144.97901916503906
VOO,2014-08-05,177.0399932861328,177.47999572753906,175.39999389648438,175.97000122070312,1251300,143.51107788085938
VOO,2014-08-06,175.1999969482422,176.82000732421875,175.17999267578125,176.0800018310547,1185800,143.60069274902344
VOO,2014-08-07,176.89999389648438,177.0399932861328,174.6999969482422,175.1300048828125,1527100,142.82591247558594
VOO,2014-08-08,175.49000549316406,177.27000427246094,175.10000610351562,177.16000366210938,1209900,144.48155212402344
VOO,2014-08-11,177.8699951171875,178.47000122070312,177.61000061035156,177.66000366210938,1191200,144.88929748535156
VOO,2014-08-12,177.47000122070312,177.99000549316406,176.89999389648438,177.4499969482422,513900,144.71800231933594
VOO,2014-08-13,178.14999389648438,178.8300018310547,177.8699951171875,178.6999969482422,781600,145.73748779296875
VOO,2014-08-14,178.9199981689453,179.47999572753906,178.77000427246094,179.47999572753906,842000,146.37355041503906
VOO,2014-08-15,180.14999389648438,180.3000030517578,178.17999267578125,179.42999267578125,1694300,146.3328094482422
VOO,2014-08-18,180.4600067138672,181.02999877929688,180.33999633789062,180.9199981689453,1039100,147.5479278564453
VOO,2014-08-19,181.39999389648438,182.02999877929688,181.22999572753906,181.8800048828125,583000,148.33090209960938
VOO,2014-08-20,181.66000366210938,182.61000061035156,181.64999389648438,182.3800048828125,1507800,148.73861694335938
VOO,2014-08-21,182.5800018310547,183.1699981689453,182.4199981689453,182.89999389648438,756600,149.1627655029297
VOO,2014-08-22,182.8000030517578,183.08999633789062,182.24000549316406,182.61000061035156,656500,148.92626953125
VOO,2014-08-25,183.5399932861328,183.86000061035156,183.27000427246094,183.55999755859375,1097200,149.700927734375
VOO,2014-08-26,183.72000122070312,184.1699981689453,183.64999389648438,183.7100067138672,749500,149.82334899902344
VOO,2014-08-27,183.80999755859375,183.89999389648438,183.33999633789062,183.67999267578125,602600,149.7988739013672
VOO,2014-08-28,183.02000427246094,183.6199951171875,182.85000610351562,183.5399932861328,447700,149.68466186523438
VOO,2014-08-29,183.8300018310547,184.05999755859375,183.22999572753906,183.99000549316406,617200,150.05166625976562
VOO,2014-09-02,184.3000030517578,184.3000030517578,183.27000427246094,183.94000244140625,553800,150.01092529296875
VOO,2014-09-03,184.64999389648438,184.67999267578125,183.58999633789062,183.86000061035156,627600,149.94557189941406
VOO,2014-09-04,184.1199951171875,184.82000732421875,183.10000610351562,183.55999755859375,536700,149.700927734375
VOO,2014-09-05,183.52999877929688,184.47000122070312,182.8800048828125,184.44000244140625,502300,150.41864013671875
VOO,2014-09-08,184.24000549316406,184.4600067138672,183.39999389648438,183.97000122070312,635900,150.035400390625
VOO,2014-09-09,183.7899932861328,183.8800048828125,182.41000366210938,182.77999877929688,515300,149.06483459472656
VOO,2014-09-10,182.88999938964844,183.5500030517578,182.27000427246094,183.5,849800,149.65206909179688
VOO,2014-09-11,182.75,183.6999969482422,182.61000061035156,183.6699981689453,525700,149.79071044921875
VOO,2014-09-12,183.49000549316406,183.50999450683594,182.0800018310547,182.5800018310547,724000,148.90174865722656
VOO,2014-09-15,182.63999938964844,182.74000549316406,181.88999938964844,182.4600067138672,1021700,148.8038787841797
VOO,2014-09-16,182.11000061035156,184.1199951171875,182,183.82000732421875,565100,149.9130401611328
VOO,2014-09-17,184.11000061035156,184.9199981689453,183.1999969482422,184.0800018310547,975000,150.12503051757812
VOO,2014-09-18,184.64999389648438,185.05999755859375,184.42999267578125,185.0399932861328,740000,150.90798950195312
VOO,2014-09-19,185.63999938964844,185.83999633789062,184.5800018310547,184.86000061035156,964000,150.76116943359375
VOO,2014-09-22,183.6999969482422,183.74000549316406,182.22999572753906,182.55999755859375,836700,149.59432983398438
VOO,2014-09-23,181.9499969482422,182.6999969482422,181.50999450683594,181.52999877929688,752200,148.7503204345703
VOO,2014-09-24,181.6199951171875,183.07000732421875,181.1199951171875,182.99000549316406,968500,149.94668579101562
VOO,2014-09-25,182.5,182.52000427246094,179.99000549316406,180.0500030517578,1603000,147.53759765625
VOO,2014-09-26,180.36000061035156,181.8800048828125,180.1300048828125,181.5,916900,148.72576904296875
VOO,2014-09-29,179.92999267578125,181.4499969482422,179.77000427246094,181.13999938964844,1482800,148.43072509765625
VOO,2014-09-30,181.3000030517578,181.80999755859375,180.2899932861328,180.58999633789062,767700,147.9800567626953
VOO,2014-10-01,180.33999633789062,180.4199981689453,177.80999755859375,178.22000122070312,2380200,146.03799438476562
VOO,2014-10-02,178.0500030517578,178.8300018310547,176.39999389648438,178.2100067138672,1263800,146.0298614501953
VOO,2014-10-03,179.47999572753906,180.5500030517578,178.8800048828125,180.1999969482422,1217400,147.6605224609375
VOO,2014-10-06,180.94000244140625,181.17999267578125,179.36000061035156,179.97999572753906,1307000,147.48019409179688
VOO,2014-10-07,179.0500030517578,179.4499969482422,177.1999969482422,177.22000122070312,930600,145.21856689453125
VOO,2014-10-08,177.3300018310547,180.5399932861328,176.3800048828125,180.32000732421875,1897500,147.7588653564453
VOO,2014-10-09,180,180.22000122070312,176.60000610351562,176.67999267578125,1428600,144.77610778808594
VOO,2014-10-10,176.64999389648438,177.5500030517578,174.66000366210938,174.6999969482422,2469900,143.1536102294922
VOO,2014-10-13,174.6300048828125,175.25,171.72999572753906,171.8300018310547,2109200,140.8018798828125
VOO,2014-10-14,172.72999572753906,174.02000427246094,171.5,172.11000061035156,2431300,141.0313720703125
VOO,2014-10-15,169.8000030517578,171.3000030517578,166.85000610351562,170.8300018310547,5460300,139.98251342773438
VOO,2014-10-16,167.82000732421875,171.9499969482422,167.67999267578125,170.72000122070312,4452600,139.89231872558594
VOO,2014-10-17,172.72999572753906,173.97999572753906,172.0399932861328,172.8300018310547,2259400,141.62136840820312
VOO,2014-10-20,172.52999877929688,174.60000610351562,172.4499969482422,174.52999877929688,1379400,143.01429748535156
VOO,2014-10-21,175.77999877929688,178.0399932861328,175.58999633789062,177.9199981689453,2884200,145.7921905517578
VOO,2014-10-22,178.2899932861328,178.72000122070312,176.61000061035156,176.7100067138672,2374200,144.8007049560547
VOO,2014-10-23,178.4499969482422,179.85000610351562,178.1699981689453,178.74000549316406,1812400,146.46408081054688
VOO,2014-10-24,179.02999877929688,180.1699981689453,178.36000061035156,180.0800018310547,1152600,147.5621795654297
VOO,2014-10-27,179.50999450683594,180.1300048828125,178.8699951171875,179.85000610351562,1476000,147.3736572265625
VOO,2014-10-28,180.49000549316406,181.94000244140625,180.39999389648438,181.9199981689453,1330000,149.0699005126953
VOO,2014-10-29,182.02999877929688,182.5800018310547,180.47000122070312,181.7100067138672,1600700,148.89779663085938
VOO,2014-10-30,181.1699981689453,183.3300018310547,181.0500030517578,182.86000061035156,1588900,149.84014892578125
VOO,2014-10-31,185.02000427246094,185.0500030517578,184.10000610351562,184.92999267578125,1946100,151.53628540039062
VOO,2014-11-03,185.1999969482422,185.6199951171875,184.60000610351562,185.0399932861328,2270000,151.62652587890625
VOO,2014-11-04,184.55999755859375,184.85000610351562,183.4499969482422,184.3800048828125,1639400,151.08572387695312
VOO,2014-11-05,185.74000549316406,185.77999877929688,184.74000549316406,185.58999633789062,1826500,152.07720947265625
VOO,2014-11-06,185.57000732421875,186.3800048828125,184.89999389648438,186.33999633789062,1758600,152.69175720214844
VOO,2014-11-07,186.33999633789062,186.67999267578125,185.8000030517578,186.5,1396400,152.82281494140625
VOO,2014-11-10,186.47999572753906,187.10000610351562,186.27000427246094,187.05999755859375,1876400,153.28170776367188
VOO,2014-11-11,187.13999938964844,187.33999633789062,186.77999877929688,187.24000549316406,1031600,153.42919921875
VOO,2014-11-12,186.49000549316406,187.27999877929688,186.4600067138672,187.08999633789062,2742900,153.30625915527344
VOO,2014-11-13,187.24000549316406,187.83999633789062,186.3800048828125,187.25999450683594,1163600,153.44558715820312
VOO,2014-11-14,187.19000244140625,187.52999877929688,186.85000610351562,187.3300018310547,1464500,153.50296020507812
VOO,2014-11-17,186.92999267578125,187.58999633789062,186.75999450683594,187.42999267578125,584600,153.58494567871094
VOO,2014-11-18,187.47999572753906,188.82000732421875,187.47999572753906,188.50999450683594,1252600,154.4699249267578
VOO,2014-11-19,188.25,188.47999572753906,187.3699951171875,188.1699981689453,1880800,154.19134521484375
VOO,2014-11-20,187.2899932861328,188.63999938964844,187.2899932861328,188.50999450683594,866800,154.4699249267578
VOO,2014-11-21,190.42999267578125,190.47999572753906,188.9499969482422,189.57000732421875,1586200,155.33853149414062
VOO,2014-11-24,190.02000427246094,190.2100067138672,189.77000427246094,190.05999755859375,1365900,155.74000549316406
VOO,2014-11-25,190.33999633789062,190.55999755859375,189.66000366210938,190,1736700,155.69085693359375
VOO,2014-11-26,190.10000610351562,190.52000427246094,189.8800048828125,190.44000244140625,824400,156.05145263671875
VOO,2014-11-28,190.3000030517578,190.6300048828125,189.75999450683594,190.02999877929688,430200,155.7154083251953
VOO,2014-12-01,189.2899932861328,189.38999938964844,188.36000061035156,188.72999572753906,2083600,154.65020751953125
VOO,2014-12-02,188.7100067138672,190.1300048828125,188.7100067138672,189.9199981689453,1446800,155.62530517578125
VOO,2014-12-03,190.10000610351562,190.8800048828125,189.97000122070312,190.64999389648438,2240100,156.2234649658203
VOO,2014-12-04,190.35000610351562,190.99000549316406,189.57000732421875,190.4600067138672,1573000,156.06785583496094
VOO,2014-12-05,190.64999389648438,191.19000244140625,190.35000610351562,190.8000030517578,2215900,156.34637451171875
VOO,2014-12-08,190.35000610351562,190.8300018310547,188.85000610351562,189.5,1527800,155.2811279296875
VOO,2014-12-09,187.42999267578125,189.47000122070312,186.97999572753906,189.35000610351562,1763100,155.15818786621094
VOO,2014-12-10,188.86000061035156,188.86000061035156,186.10000610351562,186.3800048828125,1749800,152.7245330810547
VOO,2014-12-11,186.97999572753906,189.07000732421875,186.80999755859375,187.25,1972600,153.43743896484375
VOO,2014-12-12,186,186.89999389648438,184.1699981689453,184.2100067138672,2614400,150.94642639160156
VOO,2014-12-15,185.25999450683594,185.72000122070312,182.27000427246094,182.92999267578125,2801400,149.89752197265625
VOO,2014-12-16,182.10000610351562,185.5399932861328,181.44000244140625,181.52000427246094,3837500,148.7420654296875
VOO,2014-12-17,181.97000122070312,185.5500030517578,181.83999633789062,185.17999267578125,5588600,151.74124145507812
VOO,2014-12-18,186.74000549316406,188.5800018310547,186,188.5500030517578,3820200,154.50271606445312
VOO,2014-12-19,189.2899932861328,190.1300048828125,188.58999633789062,189.4199981689453,1800800,155.21560668945312
VOO,2014-12-22,189.57000732421875,190.25999450683594,189.33999633789062,190.25999450683594,3005800,155.90391540527344
VOO,2014-12-23,190.94000244140625,190.97000122070312,190.3000030517578,190.5500030517578,1926800,156.14157104492188
VOO,2014-12-24,190.80999755859375,191.0500030517578,190.5,190.52999877929688,952700,156.12518310546875
VOO,2014-12-26,191.05999755859375,191.52000427246094,190.99000549316406,191.14999389648438,650300,156.6331787109375
VOO,2014-12-29,190.97000122070312,191.6300048828125,190.89999389648438,191.4199981689453,878600,156.8544464111328
VOO,2014-12-30,190.9499969482422,191.08999633789062,190.3000030517578,190.3800048828125,3224500,156.00221252441406
VOO,2014-12-31,190.75,190.91000366210938,188.3800048828125,188.39999389648438,1366000,154.37982177734375
VOO,2015-01-02,189.2899932861328,189.72000122070312,187.25999450683594,188.39999389648438,1865000,154.37982177734375
VOO,2015-01-05,187.25999450683594,187.41000366210938,184.66000366210938,185.08999633789062,2734700,151.66746520996094
VOO,2015-01-06,185.3699951171875,185.8800048828125,182.36000061035156,183.27000427246094,2245300,150.17613220214844
VOO,2015-01-07,184.72999572753906,185.91000366210938,184.22999572753906,185.55999755859375,2305600,152.05262756347656
VOO,2015-01-08,187.1300048828125,189.0500030517578,187.07000732421875,188.82000732421875,1740600,154.72393798828125
VOO,2015-01-09,189.3000030517578,189.33999633789062,186.64999389648438,187.22999572753906,2525200,153.42103576660156
VOO,2015-01-12,187.4600067138672,187.60000610351562,185.19000244140625,185.83999633789062,1847500,152.2820281982422
VOO,2015-01-13,187.22000122070312,188.41000366210938,183.89999389648438,185.35000610351562,2158500,151.88047790527344
VOO,2015-01-14,183.10000610351562,184.39999389648438,182.11000061035156,184.25999450683594,5216300,150.9873504638672
VOO,2015-01-15,184.8800048828125,185.25,182.39999389648438,182.5399932861328,1940700,149.57791137695312
VOO,2015-01-16,182.30999755859375,185.0800018310547,182.08999633789062,184.8000030517578,1472800,151.4298553466797
VOO,2015-01-20,185.6199951171875,185.89999389648438,183.5800018310547,185.25999450683594,1637600,151.80679321289062
VOO,2015-01-21,184.77000427246094,186.74000549316406,184.3000030517578,186.22999572753906,1586500,152.60162353515625
VOO,2015-01-22,187.08999633789062,189.14999389648438,185.60000610351562,189.0800018310547,6074900,154.93695068359375
VOO,2015-01-23,188.72000122070312,189.02000427246094,187.7899932861328,188.0399932861328,3109800,154.08482360839844
VOO,2015-01-26,187.7899932861328,188.50999450683594,186.92999267578125,188.41000366210938,2018000,154.38796997070312
VOO,2015-01-27,186.13999938964844,187.17999267578125,185.02000427246094,185.94000244140625,1979100,152.364013671875
VOO,2015-01-28,187.27000427246094,187.32000732421875,183.35000610351562,183.49000549316406,2530800,150.3563995361328
VOO,2015-01-29,183.74000549316406,185.52999877929688,182.2100067138672,185.27000427246094,4338200,151.8149871826172
VOO,2015-01-30,183.9600067138672,185.3800048828125,182.6300048828125,182.99000549316406,2302500,149.94668579101562
VOO,2015-02-02,183.5,185.25999450683594,181.47000122070312,185.08999633789062,3397800,151.66746520996094
VOO,2015-02-03,186.1300048828125,187.86000061035156,185.7899932861328,187.7899932861328,1435000,153.87991333007812
VOO,2015-02-04,187.02999877929688,188.35000610351562,186.64999389648438,187.14999389648438,1861200,153.35552978515625
VOO,2015-02-05,187.88999938964844,189.19000244140625,187.85000610351562,189.0500030517578,1033800,154.91241455078125
VOO,2015-02-06,189.49000549316406,190.0500030517578,187.94000244140625,188.52000427246094,1454700,154.47813415527344
VOO,2015-02-09,187.80999755859375,188.58999633789062,187.22000122070312,187.66000366210938,2289300,153.77337646484375
VOO,2015-02-10,188.82000732421875,189.92999267578125,187.85000610351562,189.66000366210938,1798000,155.41224670410156
VOO,2015-02-11,189.50999450683594,190.22999572753906,188.77999877929688,189.7899932861328,1744400,155.51870727539062
VOO,2015-02-12,190.6999969482422,191.64999389648438,190.47000122070312,191.5500030517578,2008500,156.96099853515625
VOO,2015-02-13,191.72000122070312,192.44000244140625,191.4600067138672,192.38999938964844,1073100,157.64930725097656
VOO,2015-02-17,192.07000732421875,192.8800048828125,191.7899932861328,192.6999969482422,1700400,157.90328979492188
VOO,2015-02-18,192.27999877929688,192.77999877929688,192,192.74000549316406,1863000,157.93609619140625
VOO,2015-02-19,192.08999633789062,192.97000122070312,191.88999938964844,192.61000061035156,1017600,157.8295135498047
VOO,2015-02-20,192.1300048828125,193.82000732421875,191.4499969482422,193.77999877929688,1374000,158.78823852539062
VOO,2015-02-23,193.49000549316406,193.72999572753906,193.02999877929688,193.72999572753906,1497700,158.74728393554688
VOO,2015-02-24,193.69000244140625,194.49000549316406,193.42999267578125,194.3000030517578,1244200,159.2144317626953
VOO,2015-02-25,194.13999938964844,194.64999389648438,193.7100067138672,194.08999633789062,1983600,159.0422821044922
VOO,2015-02-26,193.99000549316406,194.14999389648438,193.2100067138672,193.8699951171875,994200,158.862060546875
VOO,2015-02-27,193.77000427246094,194.0500030517578,193.19000244140625,193.1999969482422,966600,158.3130340576172
VOO,2015-03-02,193.30999755859375,194.47000122070312,193.3000030517578,194.47000122070312,1016600,159.3536834716797
VOO,2015-03-03,193.9600067138672,194.02000427246094,192.69000244140625,193.63999938964844,1388100,158.67361450195312
VOO,2015-03-04,193,193.0500030517578,191.72999572753906,192.8300018310547,1497500,158.0098419189453
VOO,2015-03-05,193.14999389648438,193.3300018310547,192.47999572753906,193.0399932861328,1135800,158.18190002441406
VOO,2015-03-06,192,192.5500030517578,189.94000244140625,190.30999755859375,1815600,155.9448699951172
VOO,2015-03-09,190.52000427246094,191.47000122070312,190.4199981689453,191.1199951171875,1132000,156.6085968017578
VOO,2015-03-10,189.57000732421875,189.6300048828125,187.97000122070312,187.97999572753906,2390500,154.03562927246094
VOO,2015-03-11,188.25999450683594,188.47000122070312,187.47000122070312,187.5399932861328,1857500,153.67506408691406
VOO,2015-03-12,188.2100067138672,190,188.1999969482422,189.9600067138672,2646900,155.65809631347656
VOO,2015-03-13,189.67999267578125,189.7899932861328,187.6199951171875,188.8000030517578,1792200,154.70753479003906
VOO,2015-03-16,189.58999633789062,191.3800048828125,189.5500030517578,191.3800048828125,1054700,156.82168579101562
VOO,2015-03-17,190.47999572753906,191.1300048828125,189.8300018310547,190.72999572753906,1460900,156.28903198242188
VOO,2015-03-18,190.1699981689453,193.75999450683594,189.49000549316406,193,2287400,158.14918518066406
VOO,2015-03-19,192.55999755859375,192.85000610351562,191.75,192.11000061035156,1372000,157.4198455810547
VOO,2015-03-20,193.19000244140625,194.38999938964844,193.1300048828125,193.85000610351562,1350100,158.8456268310547
VOO,2015-03-23,192.85000610351562,193.49000549316406,192.49000549316406,192.52000427246094,707100,158.56065368652344
VOO,2015-03-24,192.3800048828125,192.85000610351562,191.3300018310547,191.39999389648438,1587700,157.6382293701172
VOO,2015-03-25,191.63999938964844,191.8699951171875,188.57000732421875,188.61000061035156,1216700,155.34036254882812
VOO,2015-03-26,187.8800048828125,189.14999389648438,187.14999389648438,188.13999938964844,1906200,154.95330810546875
VOO,2015-03-27,188.0399932861328,188.77999877929688,187.8300018310547,188.52999877929688,1837000,155.2744903564453
VOO,2015-03-30,189.75,191.19000244140625,189.72000122070312,190.8800048828125,1414700,157.20989990234375
VOO,2015-03-31,189.97999572753906,191.77999877929688,189.1699981689453,189.1999969482422,2765200,155.82632446289062
VOO,2015-04-01,189.1699981689453,189.1699981689453,187.47000122070312,188.58999633789062,3379900,155.3238983154297
VOO,2015-04-02,188.47000122070312,189.69000244140625,188.27000427246094,189.14999389648438,1803500,155.78515625
VOO,2015-04-06,188.22999572753906,191.0399932861328,188.08999633789062,190.47999572753906,1242500,156.8804931640625
VOO,2015-04-07,190.47999572753906,191.3300018310547,189.97000122070312,189.97000122070312,1372300,156.4604949951172
VOO,2015-04-08,190.24000549316406,191.05999755859375,189.80999755859375,190.66000366210938,1412100,157.0287628173828
VOO,2015-04-09,190.4499969482422,191.7100067138672,189.9600067138672,191.49000549316406,794800,157.71238708496094
VOO,2015-04-10,191.74000549316406,192.57000732421875,191.5399932861328,192.5399932861328,1056900,158.57716369628906
VOO,2015-04-13,192.36000061035156,193.0399932861328,191.60000610351562,191.6699981689453,1227800,157.860595703125
VOO,2015-04-14,191.4199981689453,192.22000122070312,190.77000427246094,192.02000427246094,2647800,158.14891052246094
VOO,2015-04-15,192.5399932861328,193.4199981689453,192.4499969482422,192.89999389648438,934900,158.8736572265625
VOO,2015-04-16,192.5500030517578,193.3699951171875,192.3000030517578,192.8300018310547,823300,158.81600952148438
VOO,2015-04-17,191.52999877929688,191.77000427246094,189.75,190.58999633789062,2059300,156.9711151123047
VOO,2015-04-20,191.6699981689453,192.6999969482422,191.5500030517578,192.3300018310547,1430300,158.40420532226562
VOO,2015-04-21,193.11000061035156,193.25999450683594,191.8000030517578,192.13999938964844,1089500,158.24771118164062
VOO,2015-04-22,192.49000549316406,193.27999877929688,191.5,193.08999633789062,1125400,159.0301055908203
VOO,2015-04-23,192.64999389648438,194.25999450683594,192.5,193.58999633789062,956400,159.4419403076172
VOO,2015-04-24,194.02000427246094,194.2899932861328,193.52000427246094,193.97999572753906,978300,159.76316833496094
VOO,2015-04-27,194.6300048828125,194.74000549316406,193,193.2100067138672,898200,159.12896728515625
VOO,2015-04-28,193.1699981689453,193.85000610351562,191.94000244140625,193.80999755859375,1103800,159.6231231689453
VOO,2015-04-29,192.80999755859375,193.66000366210938,192.13999938964844,193.02000427246094,1408900,158.97251892089844
VOO,2015-04-30,192.39999389648438,192.8000030517578,190.32000732421875,191.10000610351562,2506100,157.39117431640625
VOO,2015-05-01,191.9600067138672,193.17999267578125,191.85000610351562,193.10000610351562,1921200,159.0383758544922
VOO,2015-05-04,193.63999938964844,194.30999755859375,193.5,193.6999969482422,1060000,159.53253173828125
VOO,2015-05-05,193.39999389648438,193.8000030517578,191.3300018310547,191.44000244140625,1138300,157.6711883544922
VOO,2015-05-06,192.08999633789062,192.38999938964844,189.52999877929688,190.6699981689453,1588100,157.03697204589844
VOO,2015-05-07,190.58999633789062,191.89999389648438,190.24000549316406,191.44000244140625,1320700,157.6711883544922
VOO,2015-05-08,193.3000030517578,194.17999267578125,193.22999572753906,193.9499969482422,1322900,159.7384033203125
VOO,2015-05-11,193.92999267578125,194.1999969482422,192.9600067138672,193.02000427246094,1090100,158.97251892089844
VOO,2015-05-12,192.14999389648438,193.07000732421875,191.22999572753906,192.4600067138672,1852700,158.51129150390625
VOO,2015-05-13,192.9600067138672,193.61000061035156,192.25999450683594,192.52000427246094,589000,158.56065368652344
VOO,2015-05-14,193.63999938964844,194.60000610351562,193.3300018310547,194.52999877929688,902300,160.21609497070312
VOO,2015-05-15,194.67999267578125,194.8800048828125,194.22000122070312,194.72999572753906,719000,160.38079833984375
VOO,2015-05-18,194.6300048828125,195.6199951171875,194.47999572753906,195.3300018310547,984500,160.87503051757812
VOO,2015-05-19,195.44000244140625,195.77000427246094,194.9600067138672,195.22999572753906,980400,160.7926483154297
VOO,2015-05-20,195.3699951171875,195.9499969482422,194.8000030517578,195.10000610351562,3401300,160.6855926513672
VOO,2015-05-21,195.0500030517578,195.92999267578125,194.8300018310547,195.69000244140625,756200,161.1715087890625
VOO,2015-05-22,195.30999755859375,195.75,195.19000244140625,195.25999450683594,831600,160.81732177734375
VOO,2015-05-26,194.72999572753906,194.77000427246094,192.6999969482422,193.16000366210938,1235300,159.0877685546875
VOO,2015-05-27,193.66000366210938,195.24000549316406,193.3000030517578,194.94000244140625,1420100,160.55380249023438
VOO,2015-05-28,194.66000366210938,194.8699951171875,194,194.75999450683594,1114500,160.40557861328125
VOO,2015-05-29,194.6699981689453,194.72000122070312,193.25,193.49000549316406,1530900,159.35955810546875
VOO,2015-06-01,194.22999572753906,194.63999938964844,193.08999633789062,193.94000244140625,1157400,159.73020935058594
VOO,2015-06-02,193.42999267578125,194.5,192.75,193.74000549316406,1094400,159.56552124023438
VOO,2015-06-03,194.30999755859375,194.92999267578125,193.74000549316406,194.27000427246094,1213800,160.0020294189453
VOO,2015-06-04,193.52000427246094,194.1300048828125,192.27999877929688,192.69000244140625,1383400,158.70069885253906
VOO,2015-06-05,192.47999572753906,193.02000427246094,191.5800018310547,192.3000030517578,1567800,158.37950134277344
VOO,2015-06-08,192.1699981689453,192.32000732421875,191.02000427246094,191.11000061035156,1130100,157.39939880371094
VOO,2015-06-09,191.10000610351562,191.64999389648438,190.3699951171875,191.05999755859375,1466100,157.35821533203125
VOO,2015-06-10,191.9600067138672,193.77999877929688,191.8800048828125,193.3300018310547,1247700,159.227783203125
VOO,2015-06-11,193.9499969482422,194.3699951171875,193.6300048828125,193.92999267578125,724700,159.72198486328125
VOO,2015-06-12,193.00999450683594,193.22000122070312,192.2100067138672,192.50999450683594,2147700,158.5524139404297
VOO,2015-06-15,191.22000122070312,191.97000122070312,190.47000122070312,191.6199951171875,1392600,157.8193817138672
VOO,2015-06-16,191.5,192.80999755859375,191.33999633789062,192.74000549316406,819800,158.74188232421875
VOO,2015-06-17,193.05999755859375,193.69000244140625,191.9499969482422,193.07000732421875,1170600,159.0136260986328
VOO,2015-06-18,193.61000061035156,195.52999877929688,193.60000610351562,194.97999572753906,1041600,160.58680725097656
VOO,2015-06-19,194.8000030517578,194.85000610351562,193.85000610351562,193.85000610351562,691400,159.65606689453125
VOO,2015-06-22,194.3699951171875,194.9199981689453,194.0500030517578,194.27000427246094,1027000,160.75001525878906
VOO,2015-06-23,194.47999572753906,194.75999450683594,194,194.41000366210938,1727200,160.8658447265625
VOO,2015-06-24,194.17999267578125,194.52000427246094,192.99000549316406,193.02000427246094,2160600,159.7156982421875
VOO,2015-06-25,193.50999450683594,193.69000244140625,192.36000061035156,192.4199981689453,2287600,159.21914672851562
VOO,2015-06-26,192.82000732421875,193.07000732421875,191.8000030517578,192.4199981689453,1631900,159.21914672851562
VOO,2015-06-29,190.77999877929688,191.42999267578125,188.25999450683594,188.35000610351562,2746800,155.8514404296875
VOO,2015-06-30,190.17999267578125,190.17999267578125,188.24000549316406,188.83999633789062,2679400,156.2568359375
VOO,2015-07-01,190.64999389648438,190.75,189.4499969482422,190.27000427246094,2782300,157.44015502929688
VOO,2015-07-02,190.85000610351562,191,189.67999267578125,190.1300048828125,3087100,157.3242645263672
VOO,2015-07-06,188.72000122070312,190.39999389648438,188.47999572753906,189.5800018310547,1741100,156.86917114257812
VOO,2015-07-07,189.86000061035156,190.89999389648438,187.19000244140625,190.75,3507500,157.83734130859375
VOO,2015-07-08,189.36000061035156,189.58999633789062,187.30999755859375,187.50999450683594,1874000,155.15638732910156
VOO,2015-07-09,189.89999389648438,190.1300048828125,187.8300018310547,187.85000610351562,2224900,155.43771362304688
VOO,2015-07-10,190.17999267578125,190.7100067138672,189.35000610351562,190.24000549316406,1648600,157.4153594970703
VOO,2015-07-13,191.58999633789062,192.47999572753906,191.5800018310547,192.3699951171875,1026100,159.1778106689453
VOO,2015-07-14,192.3699951171875,193.52999877929688,192.27000427246094,193.22000122070312,1128900,159.88116455078125
VOO,2015-07-15,193.2899932861328,193.72999572753906,192.6199951171875,193.13999938964844,1174800,159.81494140625
VOO,2015-07-16,194.30999755859375,194.6699981689453,194.0500030517578,194.6199951171875,949500,161.03953552246094
VOO,2015-07-17,194.67999267578125,194.9199981689453,194.24000549316406,194.85000610351562,872100,161.2299041748047
VOO,2015-07-20,195.08999633789062,195.4600067138672,194.60000610351562,194.94000244140625,1103500,161.30435180664062
VOO,2015-07-21,194.82000732421875,195.0500030517578,193.86000061035156,194.1699981689453,772400,160.66726684570312
VOO,2015-07-22,193.3800048828125,194.16000366210938,193.3800048828125,193.7899932861328,1193800,160.35279846191406
VOO,2015-07-23,194,194.02999877929688,192.33999633789062,192.67999267578125,899300,159.4342803955078
VOO,2015-07-24,192.86000061035156,192.88999938964844,190.36000061035156,190.6699981689453,1589100,157.77110290527344
VOO,2015-07-27,189.77999877929688,190.32000732421875,189.14999389648438,189.58999633789062,1745600,156.87750244140625
VOO,2015-07-28,190.58999633789062,192.10000610351562,189.6300048828125,191.88999938964844,931300,158.78065490722656
VOO,2015-07-29,192.07000732421875,193.5,191.91000366210938,193.25,2471200,159.9059600830078
VOO,2015-07-30,192.77000427246094,193.47999572753906,192.02000427246094,193.27999877929688,924400,159.9307861328125
VOO,2015-07-31,193.9199981689453,193.9199981689453,192.7100067138672,192.9499969482422,1437200,159.65774536132812
VOO,2015-08-03,193,193.00999450683594,191.3300018310547,192.35000610351562,3081700,159.1612548828125
VOO,2015-08-04,192.35000610351562,192.75999450683594,191.4600067138672,191.97000122070312,1601700,158.84678649902344
VOO,2015-08-05,193.0399932861328,193.75,192.30999755859375,192.63999938964844,1369900,159.40118408203125
VOO,2015-08-06,192.77000427246094,192.92999267578125,190.38999938964844,191.1699981689453,1321200,158.18487548828125
VOO,2015-08-07,190.8800048828125,190.99000549316406,189.69000244140625,190.6699981689453,1854100,157.77110290527344
VOO,2015-08-10,191.89999389648438,193.14999389648438,191.89999389648438,193.08999633789062,1346700,159.77354431152344
VOO,2015-08-11,191.63999938964844,192.0399932861328,190.5,191.32000732421875,4996300,158.3090057373047
VOO,2015-08-12,189.8800048828125,191.75999450683594,188.3000030517578,191.49000549316406,3758700,158.44967651367188
VOO,2015-08-13,191.4199981689453,192.1199951171875,190.77000427246094,191.27999877929688,1155900,158.27587890625
VOO,2015-08-14,191.1199951171875,192.0800018310547,190.97999572753906,192.02000427246094,742500,158.8882293701172
VOO,2015-08-17,191.4199981689453,193.08999633789062,190.86000061035156,193.08999633789062,1926300,159.77354431152344
VOO,2015-08-18,192.83999633789062,193.16000366210938,192.27999877929688,192.5,1023800,159.28541564941406
VOO,2015-08-19,191.77999877929688,192.5500030517578,190.1199951171875,190.97999572753906,1771900,158.0276336669922
VOO,2015-08-20,189.36000061035156,189.92999267578125,186.9499969482422,186.97000122070312,4195700,154.70957946777344
VOO,2015-08-21,185.0800018310547,186.02999877929688,181.0399932861328,181.0399932861328,6145900,149.80270385742188
VOO,2015-08-24,172,179.5399932861328,168.0800018310547,173.66000366210938,12325000,143.69606018066406
VOO,2015-08-25,179.16000366210938,179.8000030517578,171.3699951171875,171.5500030517578,8132200,141.95013427734375
VOO,2015-08-26,176.22999572753906,178.50999450683594,172.67999267578125,178.36000061035156,7086100,147.58514404296875
VOO,2015-08-27,180.8000030517578,182.8000030517578,178.94000244140625,182.72000122070312,7168800,151.1928253173828
VOO,2015-08-28,181.97000122070312,183.19000244140625,181.42999267578125,182.72000122070312,2945000,151.1928253173828
VOO,2015-08-31,181.67999267578125,182.5399932861328,180.60000610351562,181.11000061035156,1923000,149.86070251464844
VOO,2015-09-01,177.11000061035156,178.5,174.8300018310547,175.5800018310547,8531800,145.28485107421875
VOO,2015-09-02,178.47999572753906,179.1300048828125,176.39999389648438,179.1199951171875,2424000,148.21400451660156
VOO,2015-09-03,179.9600067138672,181.5399932861328,178.7100067138672,179.27000427246094,2420200,148.33815002441406
VOO,2015-09-04,176.8800048828125,177.69000244140625,175.63999938964844,176.49000549316406,2317700,146.03781127929688
VOO,2015-09-08,179.6699981689453,181.14999389648438,178.9199981689453,181.00999450683594,2248500,149.7778778076172
VOO,2015-09-09,182.8000030517578,182.85000610351562,178.1699981689453,178.57000732421875,2125500,147.75888061523438
VOO,2015-09-10,178.25,180.77999877929688,178.07000732421875,179.57000732421875,1774400,148.5863800048828
VOO,2015-09-11,179.08999633789062,180.4199981689453,178.3300018310547,180.32000732421875,2185000,149.20701599121094
VOO,2015-09-14,180.5800018310547,180.5800018310547,179.17999267578125,179.63999938964844,905300,148.6442413330078
VOO,2015-09-15,180.22000122070312,182.4199981689453,179.77000427246094,181.97999572753906,1641500,150.58053588867188
VOO,2015-09-16,182.33999633789062,183.72000122070312,181.91000366210938,183.57000732421875,2098900,151.89620971679688
VOO,2015-09-17,183.39999389648438,185.99000549316406,182.74000549316406,183.08999633789062,3106200,151.49900817871094
VOO,2015-09-18,180.41000366210938,182.0399932861328,179.69000244140625,180.1300048828125,3205200,149.04969787597656
VOO,2015-09-21,180.14999389648438,181.1999969482422,178.94000244140625,180.10000610351562,1467600,149.81753540039062
VOO,2015-09-22,177.8000030517578,178.25,176.5399932861328,177.75,2469500,147.86264038085938
VOO,2015-09-23,177.99000549316406,178.4499969482422,176.85000610351562,177.42999267578125,1670300,147.5965118408203
VOO,2015-09-24,176.0500030517578,177.30999755859375,174.69000244140625,176.8800048828125,2562400,147.1389923095703
VOO,2015-09-25,178.47999572753906,178.7100067138672,175.8300018310547,176.75999450683594,3436300,147.0391387939453
VOO,2015-09-28,175.86000061035156,175.8699951171875,172.02000427246094,172.30999755859375,3732900,143.3373565673828
VOO,2015-09-29,172.6699981689453,173.9199981689453,171.36000061035156,172.39999389648438,3219500,143.4122314453125
VOO,2015-09-30,174.55999755859375,175.83999633789062,173.6699981689453,175.7100067138672,4123600,146.16571044921875
VOO,2015-10-01,175.97000122070312,176.42999267578125,174,176.1999969482422,3948400,146.57334899902344
VOO,2015-10-02,174,178.75,173.35000610351562,178.75,2307200,148.6945343017578
VOO,2015-10-05,180.13999938964844,182.17999267578125,180,181.9600067138672,2049100,151.3647918701172
VOO,2015-10-06,181.8800048828125,182.41000366210938,180.58999633789062,181.35000610351562,1325400,150.85739135742188
VOO,2015-10-07,182.39999389648438,183.19000244140625,181.0500030517578,182.8699951171875,1693800,152.12179565429688
VOO,2015-10-08,182.44000244140625,184.77999877929688,182.0800018310547,184.47999572753906,3109600,153.46107482910156
VOO,2015-10-09,184.66000366210938,185.0800018310547,183.91000366210938,184.5800018310547,1651000,153.54428100585938
VOO,2015-10-12,184.67999267578125,184.92999267578125,184.17999267578125,184.8000030517578,885100,153.72727966308594
VOO,2015-10-13,183.97999572753906,185.30999755859375,183.38999938964844,183.57000732421875,1022300,152.70411682128906
VOO,2015-10-14,183.4499969482422,184.1300048828125,182.38999938964844,182.7100067138672,1184100,151.98866271972656
VOO,2015-10-15,183.39999389648438,185.49000549316406,183.02000427246094,185.4499969482422,2523100,154.26795959472656
VOO,2015-10-16,185.9199981689453,186.33999633789062,185.1199951171875,186.1999969482422,1241200,154.89190673828125
VOO,2015-10-19,185.66000366210938,186.42999267578125,185.30999755859375,186.4199981689453,768900,155.0749053955078
VOO,2015-10-20,186.02000427246094,186.8699951171875,185.6999969482422,186.17999267578125,1151200,154.875244140625
VOO,2015-10-21,186.7899932861328,186.80999755859375,184.86000061035156,184.97000122070312,1556900,153.86868286132812
VOO,2015-10-22,186.02000427246094,188.3800048828125,185.97000122070312,188.1699981689453,1498300,156.5306854248047
VOO,2015-10-23,190,190.6300048828125,189.13999938964844,190.22000122070312,1624300,158.23590087890625
VOO,2015-10-26,190.11000061035156,190.1199951171875,189.38999938964844,189.77000427246094,1150500,157.8616180419922
VOO,2015-10-27,189.0800018310547,189.75999450683594,188.64999389648438,189.39999389648438,1442400,157.5537872314453
VOO,2015-10-28,189.83999633789062,191.60000610351562,189.05999755859375,191.60000610351562,2251900,159.38389587402344
VOO,2015-10-29,191.0399932861328,191.85000610351562,190.88999938964844,191.52999877929688,1779000,159.32565307617188
VOO,2015-10-30,191.82000732421875,192,190.55999755859375,190.55999755859375,2011600,158.51878356933594
VOO,2015-11-02,190.97999572753906,193.08999633789062,190.85000610351562,192.82000732421875,2403500,160.3988037109375
VOO,2015-11-03,192.5399932861328,194.05999755859375,192.27999877929688,193.42999267578125,3920400,160.90618896484375
VOO,2015-11-04,193.77000427246094,193.89999389648438,192.27999877929688,192.8800048828125,1786700,160.44866943359375
VOO,2015-11-05,192.99000549316406,193.44000244140625,191.7100067138672,192.63999938964844,2185100,160.24900817871094
VOO,2015-11-06,192.25999450683594,192.8300018310547,191.1199951171875,192.55999755859375,2172600,160.18247985839844
VOO,2015-11-09,191.88999938964844,192.00999450683594,189.75,190.75999450683594,2127800,158.6851348876953
VOO,2015-11-10,190.25999450683594,191.25,189.91000366210938,191.1199951171875,1257500,158.984619140625
VOO,2015-11-11,191.47999572753906,191.5500030517578,190.38999938964844,190.38999938964844,1114700,158.37734985351562
VOO,2015-11-12,189.36000061035156,189.80999755859375,187.77999877929688,187.83999633789062,2454900,156.25608825683594
VOO,2015-11-13,187.35000610351562,187.6199951171875,185.5800018310547,185.6699981689453,3224000,154.4509735107422
VOO,2015-11-16,185.5,188.5500030517578,185.36000061035156,188.52000427246094,1687100,156.8218231201172
VOO,2015-11-17,188.86000061035156,189.7899932861328,187.8300018310547,188.2899932861328,1879900,156.6304473876953
VOO,2015-11-18,188.91000366210938,191.50999450683594,188.88999938964844,191.32000732421875,2858600,159.15101623535156
VOO,2015-11-19,191.3000030517578,191.67999267578125,190.89999389648438,191.22000122070312,2154800,159.0677490234375
VOO,2015-11-20,192.00999450683594,192.66000366210938,191.5,191.92999267578125,1317600,159.65843200683594
VOO,2015-11-23,191.88999938964844,192.5399932861328,191.1999969482422,191.7100067138672,1308100,159.47540283203125
VOO,2015-11-24,190.6300048828125,192.3800048828125,190.17999267578125,192.02000427246094,1572000,159.7333221435547
VOO,2015-11-25,192.14999389648438,192.30999755859375,191.6699981689453,191.9600067138672,758700,159.68336486816406
VOO,2015-11-27,192.0800018310547,192.3800048828125,191.5,192.14999389648438,894500,159.8413848876953
VOO,2015-11-30,192.4499969482422,192.47000122070312,191.24000549316406,191.3699951171875,1551000,159.19261169433594
VOO,2015-12-01,192.0500030517578,193.3000030517578,191.77999877929688,193.22000122070312,1812900,160.73153686523438
VOO,2015-12-02,193.17999267578125,193.4499969482422,190.9199981689453,191.17999267578125,1999600,159.0345001220703
VOO,2015-12-03,191.55999755859375,191.75,187.72999572753906,188.4600067138672,2724400,156.7718505859375
VOO,2015-12-04,188.99000549316406,192.52000427246094,188.83999633789062,192.16000366210938,2900700,159.8497314453125
VOO,2015-12-07,191.8800048828125,191.8800048828125,189.97999572753906,190.9499969482422,1752800,158.8432159423828
VOO,2015-12-08,189.25,190.72000122070312,188.6699981689453,189.72999572753906,1721700,157.8283233642578
VOO,2015-12-09,189.1199951171875,191.32000732421875,187.1999969482422,188.30999755859375,4500300,156.64710998535156
VOO,2015-12-10,188.5,190.17999267578125,188.10000610351562,188.74000549316406,4083800,157.00479125976562
VOO,2015-12-11,186.44000244140625,187.14999389648438,184.75,184.97999572753906,3084400,153.8769989013672
VOO,2015-12-14,185.32000732421875,186.08999633789062,183.30999755859375,186.08999633789062,2722600,154.8003387451172
VOO,2015-12-15,187.75,188.9600067138672,187.52999877929688,188.02999877929688,3799300,156.4141845703125
VOO,2015-12-16,189.27999877929688,191.0800018310547,187.6999969482422,190.6699981689453,6361700,158.61024475097656
VOO,2015-12-17,191.13999938964844,191.16000366210938,187.82000732421875,187.88999938964844,3096000,156.29771423339844
VOO,2015-12-18,186.9499969482422,187.0800018310547,184.39999389648438,184.39999389648438,4531400,153.39451599121094
VOO,2015-12-21,184.74000549316406,185.07000732421875,183.47000122070312,184.92999267578125,2168400,154.7518310546875
VOO,2015-12-22,185.85000610351562,186.88999938964844,184.8000030517578,186.60000610351562,2423300,156.14932250976562
VOO,2015-12-23,187.75,188.94000244140625,187.57000732421875,188.83999633789062,2275500,158.02374267578125
VOO,2015-12-24,188.69000244140625,189.1699981689453,188.33999633789062,188.50999450683594,1170800,157.7476043701172
VOO,2015-12-28,187.85000610351562,188.17999267578125,187,188.10000610351562,2668300,157.40447998046875
VOO,2015-12-29,189.42999267578125,190.50999450683594,189.33999633789062,190.1999969482422,1757100,159.16183471679688
VOO,2015-12-30,189.97000122070312,189.99000549316406,188.6699981689453,188.8000030517578,2535800,157.99032592773438
VOO,2015-12-31,188.1199951171875,188.75999450683594,186.92999267578125,186.92999267578125,2395200,156.42547607421875
VOO,2016-01-04,183.77000427246094,184.32000732421875,182.0800018310547,184.30999755859375,4193500,154.23300170898438
VOO,2016-01-05,184.57000732421875,185.1199951171875,183.42999267578125,184.63999938964844,2882500,154.5092010498047
VOO,2016-01-06,181.92999267578125,183.3800048828125,181.19000244140625,182.3000030517578,2755100,152.55099487304688
VOO,2016-01-07,179.14999389648438,181,177.5,177.86000061035156,4952500,148.83551025390625
VOO,2016-01-08,178.97000122070312,179.52999877929688,175.64999389648438,175.97000122070312,7357300,147.25399780273438
VOO,2016-01-11,177.0399932861328,177.32000732421875,174.05999755859375,175.99000549316406,4493300,147.27069091796875
VOO,2016-01-12,177.75,178.36000061035156,175.25999450683594,177.4499969482422,2998800,148.49246215820312
VOO,2016-01-13,178.42999267578125,178.63999938964844,172.72000122070312,173.11000061035156,4125700,144.86070251464844
VOO,2016-01-14,173.7899932861328,177.17999267578125,172.05999755859375,175.9199981689453,5081400,147.2121124267578
VOO,2016-01-15,171.1999969482422,173.05999755859375,170.10000610351562,172.14999389648438,8087300,144.05734252929688
VOO,2016-01-19,174.1999969482422,174.2899932861328,170.72000122070312,172.33999633789062,5863300,144.21640014648438
VOO,2016-01-20,169.58999633789062,171.8800048828125,165.9600067138672,170.32000732421875,8577600,142.52601623535156
VOO,2016-01-21,170.7899932861328,173.13999938964844,169.3300018310547,171.14999389648438,3004600,143.2205047607422
VOO,2016-01-22,174.02999877929688,174.86000061035156,173.17999267578125,174.66000366210938,2611700,146.1577911376953
VOO,2016-01-25,174.10000610351562,174.3300018310547,171.8300018310547,172.07000732421875,2756400,143.99044799804688
VOO,2016-01-26,172.85000610351562,174.66000366210938,172.38999938964844,174.39999389648438,2263700,145.94017028808594
VOO,2016-01-27,173.88999938964844,175.6199951171875,171.5,172.4199981689453,3543000,144.2833251953125
VOO,2016-01-28,174.1300048828125,174.35000610351562,171.64999389648438,173.36000061035156,2616400,145.06982421875
VOO,2016-01-29,174.33999633789062,177.75,174.0800018310547,177.75,4453100,148.7434844970703
VOO,2016-02-01,176.61000061035156,178.38999938964844,175.91000366210938,177.58999633789062,3923200,148.6096649169922
VOO,2016-02-02,175.86000061035156,176.08999633789062,173.8000030517578,174.3699951171875,5101200,145.91505432128906
VOO,2016-02-03,175.47000122070312,175.80999755859375,171.57000732421875,175.38999938964844,3871000,146.76864624023438
VOO,2016-02-04,174.9499969482422,176.6999969482422,174.22999572753906,175.61000061035156,3562200,146.95274353027344
VOO,2016-02-05,175.0399932861328,175.19000244140625,171.64999389648438,172.30999755859375,2371900,144.1912384033203
VOO,2016-02-08,170.2899932861328,170.6199951171875,167.6199951171875,169.94000244140625,3402000,142.20799255371094
VOO,2016-02-09,168.17999267578125,171.3699951171875,167.97000122070312,169.99000549316406,2360700,142.24981689453125
VOO,2016-02-10,170.92999267578125,172.64999389648438,169.72000122070312,169.8800048828125,1953600,142.1577911376953
VOO,2016-02-11,167.25999450683594,168.72000122070312,166.0500030517578,167.6999969482422,3439200,140.3335418701172
VOO,2016-02-12,169.5399932861328,171.13999938964844,168.6999969482422,171.13999938964844,1800300,143.21214294433594
VOO,2016-02-16,173.1999969482422,174.00999450683594,172.0500030517578,174.00999450683594,2361000,145.6138458251953
VOO,2016-02-17,175.32000732421875,177.25,175.1199951171875,176.86000061035156,2265400,147.998779296875
VOO,2016-02-18,177.1999969482422,177.22000122070312,175.8000030517578,176.11000061035156,1646000,147.3711395263672
VOO,2016-02-19,175.27999877929688,176.1999969482422,174.64999389648438,176.07000732421875,1136900,147.3376922607422
VOO,2016-02-22,177.77999877929688,178.75,177.7100067138672,178.58999633789062,2603100,149.44642639160156
VOO,2016-02-23,177.9199981689453,178.19000244140625,176.22000122070312,176.35000610351562,2076000,147.5719451904297
VOO,2016-02-24,174.7899932861328,177.4499969482422,173.60000610351562,177.17999267578125,2599800,148.26658630371094
VOO,2016-02-25,177.6999969482422,179.30999755859375,176.8300018310547,179.30999755859375,2546000,150.04893493652344
VOO,2016-02-26,180.1999969482422,180.36000061035156,178.74000549316406,178.97999572753906,2560800,149.77279663085938
VOO,2016-02-29,178.94000244140625,179.9499969482422,177.3800048828125,177.3800048828125,3128400,148.43394470214844
VOO,2016-03-01,178.83999633789062,181.75,178.3300018310547,181.75,3041400,152.0907440185547
VOO,2016-03-02,181.36000061035156,182.5399932861328,180.91000366210938,182.52000427246094,3839200,152.73509216308594
VOO,2016-03-03,182.27000427246094,183.22999572753906,181.6999969482422,183.19000244140625,3150400,153.29580688476562
VOO,2016-03-04,183.4499969482422,184.66000366210938,182.5500030517578,183.77999877929688,2821000,153.78952026367188
VOO,2016-03-07,182.85000610351562,184.38999938964844,182.75,183.97999572753906,3449900,153.9568634033203
VOO,2016-03-08,182.8300018310547,183.3300018310547,181.77999877929688,181.91000366210938,3385400,152.2246551513672
VOO,2016-03-09,182.85000610351562,183.22000122070312,182.00999450683594,182.91000366210938,1641600,153.06153869628906
VOO,2016-03-10,183.3800048828125,184.38999938964844,181.02999877929688,183.00999450683594,2090500,153.14515686035156
VOO,2016-03-11,184.57000732421875,186.00999450683594,184.4600067138672,185.97999572753906,2231000,155.6304931640625
VOO,2016-03-14,185.39999389648438,186.1999969482422,185.07000732421875,185.6999969482422,1412800,155.39622497558594
VOO,2016-03-15,184.6999969482422,185.4600067138672,184.4199981689453,185.4600067138672,1325300,155.19532775878906
VOO,2016-03-16,184.8800048828125,186.92999267578125,184.86000061035156,186.57000732421875,2700700,156.1242218017578
VOO,2016-03-17,186.4199981689453,188.24000549316406,186,187.75,1937300,157.11163330078125
VOO,2016-03-18,188.35000610351562,188.7899932861328,187.91000366210938,188.4499969482422,2623400,157.69740295410156
VOO,2016-03-21,187.17999267578125,187.94000244140625,186.91000366210938,187.72999572753906,1535400,157.9380340576172
VOO,2016-03-22,186.88999938964844,188.2100067138672,186.7100067138672,187.6300048828125,1521600,157.8538818359375
VOO,2016-03-23,187.17999267578125,187.36000061035156,186.17999267578125,186.42999267578125,1633300,156.8443603515625
VOO,2016-03-24,185.25,186.32000732421875,185.00999450683594,186.3000030517578,1874800,156.73495483398438
VOO,2016-03-28,186.75999450683594,186.94000244140625,185.9199981689453,186.42999267578125,1271200,156.8443603515625
VOO,2016-03-29,185.99000549316406,188.22000122070312,185.6300048828125,188.22000122070312,1604900,158.3502655029297
VOO,2016-03-30,189.1699981689453,189.72000122070312,188.5800018310547,189.00999450683594,1908400,159.01492309570312
VOO,2016-03-31,188.85000610351562,189.2899932861328,188.32000732421875,188.55999755859375,3007800,158.6363525390625
VOO,2016-04-01,187.39999389648438,189.9600067138672,187.10000610351562,189.77000427246094,2971800,159.65432739257812
VOO,2016-04-04,189.74000549316406,189.89999389648438,188.8300018310547,189.1699981689453,1259500,159.1494598388672
VOO,2016-04-05,187.74000549316406,188.2100067138672,187,187.25,1737500,157.5341796875
VOO,2016-04-06,187.38999938964844,189.3800048828125,187.08999633789062,189.2899932861328,1860800,159.2504425048828
VOO,2016-04-07,188.1699981689453,188.5,186.25999450683594,187.05999755859375,2635300,157.3743438720703
VOO,2016-04-08,188.30999755859375,188.77000427246094,186.99000549316406,187.57000732421875,2043800,157.80349731445312
VOO,2016-04-11,188.25999450683594,188.99000549316406,187.02999877929688,187.0800018310547,1355300,157.39117431640625
VOO,2016-04-12,187.2899932861328,189.17999267578125,186.8300018310547,188.89999389648438,1590700,158.9224090576172
VOO,2016-04-13,189.8800048828125,190.85000610351562,189.7100067138672,190.7899932861328,1972900,160.512451171875
VOO,2016-04-14,190.83999633789062,191.30999755859375,190.41000366210938,190.77000427246094,3214800,160.4956512451172
VOO,2016-04-15,190.8000030517578,190.85000610351562,190.22000122070312,190.55999755859375,2059700,160.31893920898438
VOO,2016-04-18,189.99000549316406,191.94000244140625,189.85000610351562,191.94000244140625,2345300,161.47996520996094
VOO,2016-04-19,192.36000061035156,192.77999877929688,191.63999938964844,192.52000427246094,1633300,161.96788024902344
VOO,2016-04-20,192.60000610351562,193.42999267578125,192.0500030517578,192.67999267578125,1636800,162.1024627685547
VOO,2016-04-21,192.6999969482422,192.82000732421875,191.3699951171875,191.61000061035156,1814700,161.20225524902344
VOO,2016-04-22,191.3000030517578,191.94000244140625,190.69000244140625,191.66000366210938,1863900,161.24436950683594
VOO,2016-04-25,191.07000732421875,191.36000061035156,190.35000610351562,191.35000610351562,2368000,160.98353576660156
VOO,2016-04-26,191.72000122070312,192.16000366210938,191.13999938964844,191.6300048828125,1715300,161.21910095214844
VOO,2016-04-27,191.2100067138672,192.44000244140625,190.8000030517578,192.02999877929688,1971700,161.55563354492188
VOO,2016-04-28,191.22000122070312,192.39999389648438,189.85000610351562,190.3000030517578,1578800,160.10018920898438
VOO,2016-04-29,189.6199951171875,189.97999572753906,188.0500030517578,189.22000122070312,2785500,159.19155883789062
VOO,2016-05-02,189.80999755859375,190.9499969482422,189.33999633789062,190.72999572753906,1638900,160.46197509765625
VOO,2016-05-03,189.44000244140625,189.66000366210938,188.27999877929688,189.10000610351562,2351900,159.0906219482422
VOO,2016-05-04,187.99000549316406,188.77999877929688,187.47000122070312,187.99000549316406,2079600,158.15675354003906
VOO,2016-05-05,188.57000732421875,188.89999389648438,187.57000732421875,187.97000122070312,1611600,158.13995361328125
VOO,2016-05-06,187.2100067138672,188.72000122070312,187,188.64999389648438,1551400,158.71202087402344
VOO,2016-05-09,188.5500030517578,189.27000427246094,188.36000061035156,188.85000610351562,1569000,158.8802947998047
VOO,2016-05-10,189.61000061035156,191.2100067138672,189.5399932861328,191.19000244140625,1021100,160.8489532470703
VOO,2016-05-11,190.7100067138672,191.07000732421875,189.38999938964844,189.39999389648438,2725500,159.343017578125
VOO,2016-05-12,190.13999938964844,190.2899932861328,188.36000061035156,189.50999450683594,1783200,159.435546875
VOO,2016-05-13,189.10000610351562,189.7100067138672,187.4600067138672,187.75999450683594,1658700,157.96327209472656
VOO,2016-05-16,187.97999572753906,190.16000366210938,187.92999267578125,189.6300048828125,1075000,159.53652954101562
VOO,2016-05-17,189.35000610351562,189.64999389648438,187.3300018310547,187.9600067138672,3327100,158.131591796875
VOO,2016-05-18,187.5,189.1999969482422,186.77999877929688,187.92999267578125,1942000,158.1063232421875
VOO,2016-05-19,187.14999389648438,187.58999633789062,185.97000122070312,187.32000732421875,1796000,157.59304809570312
VOO,2016-05-20,187.97000122070312,189.0500030517578,187.89999389648438,188.49000549316406,1588700,158.577392578125
VOO,2016-05-23,188.47999572753906,188.77999877929688,188.02000427246094,188.24000549316406,1415400,158.36712646484375
VOO,2016-05-24,189.1300048828125,191.00999450683594,189.0800018310547,190.6300048828125,1985400,160.37782287597656
VOO,2016-05-25,191.3800048828125,192.4199981689453,191.36000061035156,191.92999267578125,2006700,161.47152709960938
VOO,2016-05-26,192.13999938964844,192.36000061035156,191.67999267578125,192.02000427246094,1225300,161.54722595214844
VOO,2016-05-27,192.19000244140625,192.8300018310547,192.16000366210938,192.77000427246094,988600,162.17825317382812
VOO,2016-05-31,193.16000366210938,193.27000427246094,191.8800048828125,192.5399932861328,2821900,161.9847412109375
VOO,2016-06-01,191.8800048828125,193.05999755859375,191.6300048828125,192.89999389648438,2375500,162.28759765625
VOO,2016-06-02,192.4499969482422,193.47999572753906,191.9199981689453,193.47999572753906,1601700,162.7755126953125
VOO,2016-06-03,192.85000610351562,193.25999450683594,191.58999633789062,192.9199981689453,1897100,162.304443359375
VOO,2016-06-06,193.2899932861328,194.24000549316406,193.1199951171875,193.85000610351562,1177600,163.08682250976562
VOO,2016-06-07,194.0500030517578,194.77999877929688,194.02000427246094,194.1999969482422,1551200,163.3812255859375
VOO,2016-06-08,194.33999633789062,194.9499969482422,194.2100067138672,194.83999633789062,1041100,163.91964721679688
VOO,2016-06-09,194.02000427246094,194.69000244140625,193.75,194.5399932861328,1521600,163.66732788085938
VOO,2016-06-10,193.07000732421875,193.42999267578125,192.1199951171875,192.6699981689453,1932900,162.09405517578125
VOO,2016-06-13,192.02999877929688,192.97000122070312,191.1199951171875,191.22000122070312,2318200,160.8741912841797
VOO,2016-06-14,190.8300018310547,191.4499969482422,189.8000030517578,190.8000030517578,2051200,160.52085876464844
VOO,2016-06-15,191.25999450683594,191.9600067138672,190.36000061035156,190.52000427246094,1590700,160.2852783203125
VOO,2016-06-16,189.60000610351562,191.3300018310547,188.57000732421875,191.13999938964844,2744400,160.806884765625
VOO,2016-06-17,191.10000610351562,191.10000610351562,189.72999572753906,190.42999267578125,1701000,160.20957946777344
VOO,2016-06-20,192.55999755859375,193.25999450683594,191.55999755859375,191.64999389648438,1192800,161.23597717285156
VOO,2016-06-21,191.14999389648438,191.64999389648438,190.64999389648438,191.24000549316406,1826500,161.69505310058594
VOO,2016-06-22,191.4499969482422,192.2100067138672,190.77999877929688,190.9199981689453,2245900,161.4244842529297
VOO,2016-06-23,192.52000427246094,193.44000244140625,192,193.38999938964844,2582200,163.51290893554688
VOO,2016-06-24,187,189.82000732421875,186,186.33999633789062,10310500,157.55209350585938
VOO,2016-06-27,185.05999755859375,185.05999755859375,182.27000427246094,183.0500030517578,7717000,154.7703399658203
VOO,2016-06-28,184.8699951171875,186.44000244140625,184.52999877929688,186.42999267578125,4475900,157.628173828125
VOO,2016-06-29,187.9499969482422,189.86000061035156,187.86000061035156,189.63999938964844,4147800,160.34225463867188
VOO,2016-06-30,190.1300048828125,192.24000549316406,189.52999877929688,192.1999969482422,3822200,162.5067138671875
VOO,2016-07-01,192.08999633789062,193.1199951171875,192.07000732421875,192.60000610351562,2170900,162.84500122070312
VOO,2016-07-05,191.72999572753906,191.82000732421875,190.57000732421875,191.25,2233000,161.7035369873047
VOO,2016-07-06,190.7100067138672,192.49000549316406,189.97000122070312,192.3800048828125,2197800,162.6589813232422
VOO,2016-07-07,192.55999755859375,193.25999450683594,191.44000244140625,192.25,1704900,162.54901123046875
VOO,2016-07-08,193.6300048828125,195.36000061035156,193.41000366210938,195.1699981689453,2048200,165.01791381835938
VOO,2016-07-11,195.6199951171875,196.41000366210938,195.41000366210938,195.85000610351562,3590400,165.5928955078125
VOO,2016-07-12,196.83999633789062,197.5399932861328,196.58999633789062,197.22999572753906,2356700,166.7596435546875
VOO,2016-07-13,197.69000244140625,197.69000244140625,196.69000244140625,197.16000366210938,2767300,166.70046997070312
VOO,2016-07-14,198.5800018310547,198.8000030517578,197.88999938964844,198.30999755859375,3691100,167.6728057861328
VOO,2016-07-15,198.92999267578125,198.92999267578125,197.55999755859375,198.00999450683594,2346500,167.4191436767578
VOO,2016-07-18,198.14999389648438,198.74000549316406,197.89999389648438,198.5800018310547,1155700,167.9010772705078
VOO,2016-07-19,198.1300048828125,198.38999938964844,197.8800048828125,198.36000061035156,1003200,167.71507263183594
VOO,2016-07-20,198.9199981689453,199.44000244140625,198.41000366210938,199.16000366210938,1096900,168.39146423339844
VOO,2016-07-21,199.07000732421875,199.32000732421875,197.97000122070312,198.41000366210938,4509800,167.75735473632812
VOO,2016-07-22,198.6199951171875,199.3800048828125,198.3000030517578,199.3300018310547,1678900,168.53521728515625
VOO,2016-07-25,199.10000610351562,199.1699981689453,198.1699981689453,198.85000610351562,1172600,168.12937927246094
VOO,2016-07-26,198.6999969482422,199.25,197.97000122070312,198.83999633789062,1405300,168.1209259033203
VOO,2016-07-27,199.2899932861328,199.33999633789062,197.85000610351562,198.7100067138672,2120100,168.01104736328125
VOO,2016-07-28,198.49000549316406,199.2100067138672,197.97999572753906,198.92999267578125,937200,168.19705200195312
VOO,2016-07-29,198.6300048828125,199.60000610351562,198.32000732421875,199.27999877929688,1758600,168.4929656982422
VOO,2016-08-01,199.3300018310547,199.7100067138672,198.5800018310547,199.0500030517578,2111500,168.29844665527344
VOO,2016-08-02,198.7899932861328,198.94000244140625,196.8800048828125,197.80999755859375,4085800,167.25003051757812
VOO,2016-08-03,197.74000549316406,198.4199981689453,197.39999389648438,198.3800048828125,2057500,167.7319793701172
VOO,2016-08-04,198.5,198.89999389648438,198.0500030517578,198.57000732421875,1384700,167.8926544189453
VOO,2016-08-05,199.33999633789062,200.22000122070312,199.19000244140625,200.1699981689453,1818600,169.24546813964844
VOO,2016-08-08,200.41000366210938,200.50999450683594,199.7899932861328,200.07000732421875,1441900,169.160888671875
VOO,2016-08-09,200.19000244140625,200.72999572753906,199.86000061035156,200.1999969482422,1821100,169.2708282470703
VOO,2016-08-10,200.33999633789062,200.39999389648438,199.3300018310547,199.69000244140625,1222300,168.83958435058594
VOO,2016-08-11,200.30999755859375,200.88999938964844,200,200.6699981689453,1644700,169.668212890625
VOO,2016-08-12,200.32000732421875,200.6999969482422,200.0399932861328,200.47000122070312,1718400,169.49908447265625
VOO,2016-08-15,200.88999938964844,201.41000366210938,200.85000610351562,201.0500030517578,1051100,169.98953247070312
VOO,2016-08-16,200.61000061035156,200.66000366210938,200,200.00999450683594,1731200,169.11019897460938
VOO,2016-08-17,200.0500030517578,200.52999877929688,199.13999938964844,200.33999633789062,3157700,169.38917541503906
VOO,2016-08-18,200.3699951171875,200.86000061035156,200.25,200.82000732421875,5211200,169.7950439453125
VOO,2016-08-19,200.33999633789062,200.72000122070312,199.80999755859375,200.5399932861328,1190800,169.5583038330078
VOO,2016-08-22,200.3000030517578,200.75,199.8800048828125,200.52000427246094,880300,169.54141235351562
VOO,2016-08-23,201.17999267578125,201.50999450683594,200.86000061035156,200.88999938964844,1214400,169.854248046875
VOO,2016-08-24,200.77999877929688,200.8699951171875,199.4600067138672,199.9199981689453,1161300,169.0340576171875
VOO,2016-08-25,199.47999572753906,200.2100067138672,199.3300018310547,199.75999450683594,1262600,168.89874267578125
VOO,2016-08-26,199.9600067138672,201.0500030517578,198.44000244140625,199.3800048828125,2890600,168.5775146484375
VOO,2016-08-29,199.52999877929688,200.64999389648438,199.49000549316406,200.38999938964844,1140700,169.43145751953125
VOO,2016-08-30,200.27999877929688,200.57000732421875,199.4499969482422,200.00999450683594,1407400,169.11019897460938
VOO,2016-08-31,199.6999969482422,199.82000732421875,198.64999389648438,199.52000427246094,2343900,168.69586181640625
VOO,2016-09-01,199.5,199.7899932861328,198.24000549316406,199.47999572753906,2196100,168.6620330810547
VOO,2016-09-02,200.41000366210938,200.8300018310547,199.77999877929688,200.3699951171875,1555800,169.41453552246094
VOO,2016-09-06,200.69000244140625,201.0399932861328,199.9199981689453,201,1589600,169.9472198486328
VOO,2016-09-07,200.82000732421875,201.14999389648438,200.32000732421875,200.99000549316406,1455400,169.9387969970703
VOO,2016-09-08,200.6199951171875,200.9199981689453,200.19000244140625,200.52000427246094,2180400,169.54141235351562
VOO,2016-09-09,199.0800018310547,199.17999267578125,195.6699981689453,195.67999267578125,3435600,165.44912719726562
VOO,2016-09-12,194.8800048828125,198.9499969482422,194.8000030517578,198.47999572753906,2799900,167.8165283203125
VOO,2016-09-13,196.25,196.50999450683594,194.1199951171875,194.77999877929688,3365300,165.4241180419922
VOO,2016-09-14,194.8300018310547,196.1199951171875,194.1199951171875,194.66000366210938,2967100,165.3222198486328
VOO,2016-09-15,194.50999450683594,197.07000732421875,194.3699951171875,196.66000366210938,1874400,167.020751953125
VOO,2016-09-16,196.02000427246094,196.19000244140625,195.1699981689453,195.88999938964844,1774100,166.36685180664062
VOO,2016-09-19,196.6300048828125,197.27999877929688,195.63999938964844,195.9499969482422,2061400,166.4177703857422
VOO,2016-09-20,196.86000061035156,197.02999877929688,195.92999267578125,195.97000122070312,1294100,166.4347686767578
VOO,2016-09-21,196.69000244140625,198.33999633789062,195.97999572753906,198.1699981689453,2238800,168.3031768798828
VOO,2016-09-22,199.25999450683594,199.7100067138672,198.97999572753906,199.36000061035156,2215200,169.31387329101562
VOO,2016-09-23,198.97999572753906,199.11000061035156,198.22000122070312,198.2899932861328,1413400,168.4051055908203
VOO,2016-09-26,197.47000122070312,197.60000610351562,196.5,196.7100067138672,2451600,167.063232421875
VOO,2016-09-27,196.52999877929688,198.00999450683594,196.16000366210938,197.91000366210938,1468000,168.08241271972656
VOO,2016-09-28,198.17999267578125,199.07000732421875,197.1300048828125,198.97999572753906,1419900,168.9910888671875
VOO,2016-09-29,198.7100067138672,199.11000061035156,196.5399932861328,197.11000061035156,2074600,167.40292358398438
VOO,2016-09-30,198.00999450683594,199.33999633789062,197.75,198.69000244140625,3147400,168.7448272705078
VOO,2016-10-03,198.17999267578125,198.35000610351562,197.4499969482422,198.05999755859375,2136000,168.20973205566406
VOO,2016-10-04,198.25,198.47000122070312,196.47999572753906,197.13999938964844,2846600,167.42840576171875
VOO,2016-10-05,197.77000427246094,198.44000244140625,197.72000122070312,197.9600067138672,1126700,168.12484741210938
VOO,2016-10-06,197.74000549316406,198.33999633789062,197.16000366210938,198.19000244140625,1117400,168.32020568847656
VOO,2016-10-07,198.4199981689453,198.60000610351562,196.64999389648438,197.4600067138672,1795100,167.70018005371094
VOO,2016-10-10,197.4600067138672,198.9499969482422,197.4600067138672,198.3699951171875,1297400,168.47303771972656
VOO,2016-10-11,198,198.07000732421875,195.19000244140625,195.9600067138672,2643500,166.42625427246094
VOO,2016-10-12,196.1199951171875,196.74000549316406,195.58999633789062,196.2100067138672,1458700,166.6385955810547
VOO,2016-10-13,194.8300018310547,196.11000061035156,193.9199981689453,195.5800018310547,2407100,166.103515625
VOO,2016-10-14,196.64999389648438,197.1199951171875,195.61000061035156,195.6300048828125,1218800,166.14601135253906
VOO,2016-10-17,195.63999938964844,195.92999267578125,194.80999755859375,195.0500030517578,1323200,165.65335083007812
VOO,2016-10-18,196.6999969482422,196.75999450683594,195.82000732421875,196.1999969482422,1263300,166.6300506591797
VOO,2016-10-19,196.49000549316406,197.0800018310547,196.1300048828125,196.74000549316406,1041300,167.08877563476562
VOO,2016-10-20,196.3699951171875,196.97000122070312,195.6999969482422,196.4199981689453,1309600,166.81695556640625
VOO,2016-10-21,195.5399932861328,196.57000732421875,195.3800048828125,196.47000122070312,1376300,166.85934448242188
VOO,2016-10-24,197.3699951171875,197.64999389648438,196.9499969482422,197.27000427246094,817000,167.53884887695312
VOO,2016-10-25,197.1300048828125,197.38999938964844,196.47999572753906,196.7100067138672,1465300,167.063232421875
VOO,2016-10-26,195.75999450683594,196.86000061035156,195.52999877929688,196.27000427246094,1202300,166.68951416015625
VOO,2016-10-27,197.0399932861328,197.07000732421875,195.64999389648438,195.75,1635500,166.2479248046875
VOO,2016-10-28,195.7100067138672,196.39999389648438,194.39999389648438,195.1300048828125,2632000,165.72134399414062
VOO,2016-10-31,195.49000549316406,195.74000549316406,194.97999572753906,195.1300048828125,1816300,165.72134399414062
VOO,2016-11-01,195.52000427246094,195.5399932861328,192.4499969482422,193.77000427246094,2456600,164.56631469726562
VOO,2016-11-02,193.4199981689453,193.80999755859375,192.10000610351562,192.49000549316406,3395900,163.4792022705078
VOO,2016-11-03,192.7899932861328,193,191.38999938964844,191.74000549316406,1512200,162.84226989746094
VOO,2016-11-04,191.8000030517578,192.7100067138672,191.32000732421875,191.47999572753906,2221300,162.62144470214844
VOO,2016-11-07,194.1699981689453,195.74000549316406,194.00999450683594,195.67999267578125,2699100,166.18841552734375
VOO,2016-11-08,195.30999755859375,197.17999267578125,195.02000427246094,196.5800018310547,3055900,166.95278930664062
VOO,2016-11-09,194.94000244140625,199.33999633789062,194.9199981689453,198.67999267578125,6119100,168.73631286621094
VOO,2016-11-10,199.52999877929688,200.44000244140625,197.61000061035156,199.13999938964844,5126400,169.12701416015625
VOO,2016-11-11,198.4199981689453,198.9600067138672,197.6999969482422,198.77000427246094,1954200,168.81271362304688
VOO,2016-11-14,199.3000030517578,199.49000549316406,198.05999755859375,198.8000030517578,2651000,168.83822631835938
VOO,2016-11-15,199.2899932861328,200.4199981689453,199.07000732421875,200.41000366210938,2532400,170.20559692382812
VOO,2016-11-16,199.77999877929688,200.2899932861328,199.64999389648438,200.07000732421875,1195000,169.91683959960938
VOO,2016-11-17,200.2100067138672,201.1300048828125,200.1199951171875,201.02000427246094,1178200,170.72366333007812
VOO,2016-11-18,201.16000366210938,201.32000732421875,200.44000244140625,200.66000366210938,1668300,170.41786193847656
VOO,2016-11-21,201.25,202.17999267578125,201.11000061035156,202.13999938964844,2641300,171.6748809814453
VOO,2016-11-22,202.5800018310547,202.72999572753906,201.77000427246094,202.50999450683594,2773400,171.98912048339844
VOO,2016-11-23,202.13999938964844,202.7100067138672,201.77000427246094,202.69000244140625,1466300,172.1419677734375
VOO,2016-11-25,203.0800018310547,203.5,202.9600067138672,203.5,1843100,172.82986450195312
VOO,2016-11-28,203.07000732421875,203.3699951171875,202.35000610351562,202.5399932861328,2193000,172.01454162597656
VOO,2016-11-29,202.50999450683594,203.35000610351562,202.1699981689453,202.86000061035156,1689600,172.2863006591797
VOO,2016-11-30,203.52999877929688,203.69000244140625,202.30999755859375,202.39999389648438,2360100,171.89564514160156
VOO,2016-12-01,202.67999267578125,202.7100067138672,201.24000549316406,201.61000061035156,3284100,171.22474670410156
VOO,2016-12-02,201.6999969482422,202.22999572753906,201.35000610351562,201.75,2118900,171.3436737060547
VOO,2016-12-05,202.63999938964844,203.3000030517578,202.4199981689453,202.91000366210938,2070500,172.32884216308594
VOO,2016-12-06,203.1699981689453,203.6300048828125,202.63999938964844,203.6199951171875,2413300,172.93179321289062
VOO,2016-12-07,203.4499969482422,206.32000732421875,203.3000030517578,206.1999969482422,2253900,175.1229705810547
VOO,2016-12-08,206.25,207.27000427246094,205.9499969482422,206.74000549316406,2983000,175.58151245117188
VOO,2016-12-09,207.02000427246094,208.02999877929688,206.97999572753906,208,1972000,176.6516571044922
VOO,2016-12-12,207.9199981689453,208.4199981689453,207.33999633789062,207.77000427246094,2419600,176.45639038085938
VOO,2016-12-13,208.52999877929688,209.6999969482422,208.47000122070312,209.19000244140625,2670200,177.6623077392578
VOO,2016-12-14,208.83999633789062,209.58999633789062,206.97999572753906,207.4600067138672,4232900,176.19308471679688
VOO,2016-12-15,207.72000122070312,209.22999572753906,207.5800018310547,208.22999572753906,2812500,176.8470001220703
VOO,2016-12-16,208.82000732421875,208.83999633789062,207.5500030517578,207.8699951171875,3074000,176.541259765625
VOO,2016-12-19,208.10000610351562,208.8000030517578,207.92999267578125,208.33999633789062,2042000,176.9404296875
VOO,2016-12-20,208.9199981689453,209.30999755859375,208.67999267578125,209.13999938964844,3195300,177.61984252929688
VOO,2016-12-21,209.05999755859375,209.1999969482422,208.57000732421875,208.57000732421875,1546600,177.1357421875
VOO,2016-12-22,207.16000366210938,207.24000549316406,206.5,207.00999450683594,1863700,176.91017150878906
VOO,2016-12-23,206.97999572753906,207.22000122070312,206.77000427246094,207.19000244140625,1278900,177.06399536132812
VOO,2016-12-27,207.47999572753906,208.14999389648438,207.47999572753906,207.6999969482422,1818500,177.4998016357422
VOO,2016-12-28,208,208.07000732421875,205.91000366210938,206.05999755859375,2228000,176.0983123779297
VOO,2016-12-29,206.10000610351562,206.47000122070312,205.50999450683594,206.02000427246094,1772700,176.06410217285156
VOO,2016-12-30,206.3699951171875,206.42999267578125,204.50999450683594,205.30999755859375,4251000,175.45729064941406
VOO,2017-01-03,206.67999267578125,207.3300018310547,205.55999755859375,206.74000549316406,4750200,176.6793975830078
VOO,2017-01-04,207.1999969482422,208.17999267578125,207.1199951171875,207.9600067138672,4622400,177.72203063964844
VOO,2017-01-05,207.75,208.0399932861328,207.00999450683594,207.8000030517578,2772100,177.58531188964844
VOO,2017-01-06,207.99000549316406,209.08999633789062,207.39999389648438,208.61000061035156,2194600,178.2774658203125
VOO,2017-01-09,208.33999633789062,208.47999572753906,207.88999938964844,207.9499969482422,1705200,177.71347045898438
VOO,2017-01-10,207.89999389648438,208.82000732421875,207.50999450683594,207.9199981689453,2189400,177.68783569335938
VOO,2017-01-11,207.83999633789062,208.50999450683594,207.1199951171875,208.50999450683594,5677600,178.19204711914062
VOO,2017-01-12,207.97000122070312,208.19000244140625,206.5399932861328,208.0500030517578,3244600,177.7989044189453
VOO,2017-01-13,208.17999267578125,208.77999877929688,208.1300048828125,208.4600067138672,2822700,178.14932250976562
VOO,2017-01-17,207.7899932861328,208.2100067138672,207.3300018310547,207.72000122070312,1690000,177.5169219970703
VOO,2017-01-18,208.00999450683594,208.22000122070312,207.4199981689453,208.16000366210938,1980500,177.89297485351562
VOO,2017-01-19,208.27000427246094,208.42999267578125,206.97000122070312,207.4600067138672,1666900,177.2947540283203
VOO,2017-01-20,208.13999938964844,208.6999969482422,207.55999755859375,208.1300048828125,2082500,177.8673095703125
VOO,2017-01-23,207.83999633789062,208.2100067138672,206.8300018310547,207.64999389648438,4586600,177.45713806152344
VOO,2017-01-24,207.86000061035156,209.39999389648438,207.75,208.97000122070312,1940100,178.58518981933594
VOO,2017-01-25,209.97999572753906,210.77000427246094,209.7899932861328,210.7100067138672,2873000,180.0721435546875
VOO,2017-01-26,210.64999389648438,210.89999389648438,210.25,210.5500030517578,2485100,179.93544006347656
VOO,2017-01-27,210.64999389648438,210.75999450683594,210.02999877929688,210.25,1428200,179.6790771484375
VOO,2017-01-30,209.47999572753906,209.52000427246094,207.8800048828125,208.97999572753906,2782300,178.5936737060547
VOO,2017-01-31,208.33999633789062,208.97000122070312,207.7899932861328,208.97000122070312,3787100,178.58518981933594
VOO,2017-02-01,209.6199951171875,209.86000061035156,208.3699951171875,209,2698800,178.61077880859375
VOO,2017-02-02,208.58999633789062,209.39999389648438,208.22999572753906,209.08999633789062,1661300,178.6876678466797
VOO,2017-02-03,210.0800018310547,210.72999572753906,209.77000427246094,210.63999938964844,4264400,180.01239013671875
VOO,2017-02-06,210.1199951171875,210.5399932861328,209.83999633789062,210.1999969482422,1345500,179.63633728027344
VOO,2017-02-07,210.64999389648438,210.83999633789062,209.99000549316406,210.25,1194600,179.6790771484375
VOO,2017-02-08,210.25,210.61000061035156,209.6300048828125,210.52000427246094,1096100,179.90980529785156
VOO,2017-02-09,210.52000427246094,212.0399932861328,210.52000427246094,211.72000122070312,1237100,180.93528747558594
VOO,2017-02-10,212.1300048828125,212.8000030517578,212.00999450683594,212.57000732421875,1412400,181.66171264648438
VOO,2017-02-13,213.11000061035156,214,213.07000732421875,213.6999969482422,1756300,182.62733459472656
VOO,2017-02-14,213.5500030517578,214.58999633789062,213.16000366210938,214.58999633789062,2528100,183.38796997070312
VOO,2017-02-15,214.33999633789062,215.88999938964844,214.30999755859375,215.67999267578125,2050200,184.31951904296875
VOO,2017-02-16,215.74000549316406,215.89999389648438,214.72999572753906,215.50999450683594,1920100,184.1742401123047
VOO,2017-02-17,214.83999633789062,215.83999633789062,214.7899932861328,215.83999633789062,1452600,184.45623779296875
VOO,2017-02-21,216.32000732421875,217.32000732421875,216.25,217.11000061035156,1893000,185.54156494140625
VOO,2017-02-22,216.72000122070312,217.19000244140625,216.5500030517578,217.00999450683594,1471400,185.4561309814453
VOO,2017-02-23,217.5399932861328,217.5399932861328,216.3000030517578,217.1300048828125,1717200,185.5586700439453
VOO,2017-02-24,216.22000122070312,217.4199981689453,216.16000366210938,217.38999938964844,1637700,185.78086853027344
VOO,2017-02-27,217.32000732421875,217.89999389648438,217.02000427246094,217.7100067138672,1942200,186.0543670654297
VOO,2017-02-28,217.33999633789062,217.5800018310547,216.72000122070312,217.07000732421875,2181000,185.50741577148438
VOO,2017-03-01,218.89999389648438,220.66000366210938,218.8699951171875,220.14999389648438,3325500,188.13955688476562
VOO,2017-03-02,219.99000549316406,220.02000427246094,218.75,218.86000061035156,1657100,187.03712463378906
VOO,2017-03-03,218.6999969482422,219.08999633789062,218.30999755859375,218.97999572753906,1765900,187.13967895507812
VOO,2017-03-06,218.07000732421875,218.64999389648438,217.6300048828125,218.3000030517578,1530600,186.55853271484375
VOO,2017-03-07,217.97999572753906,218.3300018310547,217.4199981689453,217.63999938964844,1743200,185.99452209472656
VOO,2017-03-08,217.9499969482422,218.1999969482422,217.07000732421875,217.17999267578125,1784400,185.6013946533203
VOO,2017-03-09,217.3300018310547,217.83999633789062,216.4600067138672,217.41000366210938,1636200,185.7978973388672
VOO,2017-03-10,218.5500030517578,218.55999755859375,217.25999450683594,218.1699981689453,1819900,186.4474334716797
VOO,2017-03-13,218.17999267578125,218.41000366210938,217.86000061035156,218.3000030517578,1388100,186.55853271484375
VOO,2017-03-14,217.77000427246094,217.80999755859375,216.88999938964844,217.55999755859375,1428400,185.92616271972656
VOO,2017-03-15,218.1300048828125,219.85000610351562,217.8699951171875,219.3699951171875,3358800,187.47300720214844
VOO,2017-03-16,219.61000061035156,219.64999389648438,218.64999389648438,219,1710900,187.15679931640625
VOO,2017-03-17,219.3000030517578,219.44000244140625,218.55999755859375,218.55999755859375,1588500,186.78073120117188
VOO,2017-03-20,218.58999633789062,218.88999938964844,217.97999572753906,218.3699951171875,1035900,186.61837768554688
VOO,2017-03-21,219,219.1300048828125,215.41000366210938,215.5800018310547,3468700,184.2340545654297
VOO,2017-03-22,214.5800018310547,215.33999633789062,213.9499969482422,215.02000427246094,2600300,184.61001586914062
VOO,2017-03-23,214.8000030517578,216.02000427246094,214.44000244140625,214.8000030517578,2436700,184.42120361328125
VOO,2017-03-24,215.13999938964844,215.77000427246094,213.8800048828125,214.72999572753906,2647600,184.3611297607422
VOO,2017-03-27,212.8699951171875,214.72000122070312,212.6199951171875,214.3800048828125,2082900,184.0605926513672
VOO,2017-03-28,214.16000366210938,216.4600067138672,214.0500030517578,215.97000122070312,3057200,185.4257354736328
VOO,2017-03-29,215.72000122070312,216.47000122070312,215.47999572753906,216.2899932861328,1748500,185.7005157470703
VOO,2017-03-30,216.1699981689453,217.1300048828125,215.97999572753906,216.8699951171875,2494800,186.198486328125
VOO,2017-03-31,216.55999755859375,217.11000061035156,216.35000610351562,216.35000610351562,1331400,185.7520294189453
VOO,2017-04-03,216.50999450683594,216.69000244140625,214.74000549316406,216.0800018310547,2843700,185.5201873779297
VOO,2017-04-04,215.7100067138672,216.25,215.3300018310547,216.1999969482422,2481600,185.62319946289062
VOO,2017-04-05,216.88999938964844,217.92999267578125,215.33999633789062,215.5399932861328,2311800,185.0565185546875
VOO,2017-04-06,215.7100067138672,216.67999267578125,215.22000122070312,216.10000610351562,1635500,185.53738403320312
VOO,2017-04-07,215.86000061035156,216.63999938964844,215.39999389648438,215.91000366210938,1835900,185.3742218017578
VOO,2017-04-10,216.05999755859375,216.8800048828125,215.5,216.05999755859375,1311900,185.50299072265625
VOO,2017-04-11,215.6300048828125,215.8800048828125,214.25,215.7899932861328,1787300,185.271240234375
VOO,2017-04-12,215.49000549316406,215.69000244140625,214.6199951171875,214.89999389648438,2002700,184.5070343017578
VOO,2017-04-13,214.5,215.24000549316406,213.47000122070312,213.47000122070312,1806800,183.27932739257812
VOO,2017-04-17,214,215.35000610351562,213.8000030517578,215.33999633789062,1746900,184.8848419189453
VOO,2017-04-18,214.5500030517578,215.24000549316406,213.97999572753906,214.75,2695900,184.3782501220703
VOO,2017-04-19,215.30999755859375,215.6999969482422,214.05999755859375,214.27999877929688,2032400,183.9747772216797
VOO,2017-04-20,214.97999572753906,216.5,214.6199951171875,216.02999877929688,2734000,185.47731018066406
VOO,2017-04-21,215.97000122070312,216.02000427246094,214.92999267578125,215.39999389648438,2594400,184.9363250732422
VOO,2017-04-24,217.75,217.9499969482422,217.22999572753906,217.6999969482422,2366400,186.9110565185547
VOO,2017-04-25,218.41000366210938,219.36000061035156,218.2899932861328,219.00999450683594,1745100,188.0358428955078
VOO,2017-04-26,218.9600067138672,219.89999389648438,218.80999755859375,218.85000610351562,2824500,187.89845275878906
VOO,2017-04-27,219.1999969482422,219.36000061035156,218.47000122070312,219.02000427246094,1154200,188.04437255859375
VOO,2017-04-28,219.3300018310547,219.33999633789062,218.42999267578125,218.60000610351562,1257600,187.6837921142578
VOO,2017-05-01,219.16000366210938,219.57000732421875,218.64999389648438,219.1300048828125,1506700,188.13885498046875
VOO,2017-05-02,219.2899932861328,219.3800048828125,218.77000427246094,219.1999969482422,2573000,188.19891357421875
VOO,2017-05-03,218.77999877929688,219.1699981689453,218.24000549316406,218.97999572753906,1654600,188.01004028320312
VOO,2017-05-04,219.27000427246094,219.35000610351562,218.30999755859375,219.17999267578125,1439100,188.1817626953125
VOO,2017-05-05,219.55999755859375,220.05999755859375,219.1199951171875,220.05999755859375,1729700,188.93731689453125
VOO,2017-05-08,220.1300048828125,220.25,219.57000732421875,220.07000732421875,2225000,188.9458770751953
VOO,2017-05-09,220.2899932861328,220.49000549316406,219.44000244140625,219.7899932861328,1636900,188.7054901123047
VOO,2017-05-10,219.75999450683594,220.22000122070312,219.5500030517578,220.1999969482422,1066900,189.05751037597656
VOO,2017-05-11,219.74000549316406,219.92999267578125,218.6199951171875,219.75,1855700,188.6710968017578
VOO,2017-05-12,219.5,219.60000610351562,219.1199951171875,219.41000366210938,1056500,188.37921142578125
VOO,2017-05-15,219.8800048828125,220.72000122070312,219.8300018310547,220.52000427246094,1440600,189.33224487304688
VOO,2017-05-16,220.8800048828125,220.94000244140625,220,220.47999572753906,2452500,189.2978973388672
VOO,2017-05-17,218.61000061035156,219.07000732421875,216.4199981689453,216.57000732421875,3507700,185.94088745117188
VOO,2017-05-18,216.3300018310547,218.24000549316406,216.1300048828125,217.36000061035156,2894500,186.6192169189453
VOO,2017-05-19,217.8800048828125,219.47000122070312,217.8300018310547,218.7100067138672,2436500,187.77821350097656
VOO,2017-05-22,219.25999450683594,220.0500030517578,219.22999572753906,219.92999267578125,1865000,188.82565307617188
VOO,2017-05-23,220.30999755859375,220.5399932861328,219.89999389648438,220.36000061035156,1259000,189.19482421875
VOO,2017-05-24,220.63999938964844,221,220.27999877929688,220.88999938964844,1453900,189.6499481201172
VOO,2017-05-25,221.42999267578125,222.24000549316406,221.2100067138672,221.9199981689453,1564600,190.5342254638672
VOO,2017-05-26,221.75999450683594,222.07000732421875,221.6699981689453,221.92999267578125,1196000,190.54287719726562
VOO,2017-05-30,221.55999755859375,221.97000122070312,221.4199981689453,221.72000122070312,1511700,190.36251831054688
VOO,2017-05-31,222.0399932861328,222.0800018310547,220.9199981689453,221.6699981689453,2326200,190.31964111328125
VOO,2017-06-01,222.13999938964844,223.4499969482422,221.86000061035156,223.39999389648438,2112900,191.8050079345703
VOO,2017-06-02,223.47999572753906,224.32000732421875,223.1699981689453,224.10000610351562,1857600,192.40591430664062
VOO,2017-06-05,223.99000549316406,224.27999877929688,223.80999755859375,223.9499969482422,1831200,192.2771453857422
VOO,2017-06-06,223.3699951171875,223.9499969482422,223.1999969482422,223.30999755859375,1449400,191.72760009765625
VOO,2017-06-07,223.69000244140625,223.92999267578125,222.92999267578125,223.67999267578125,1328800,192.04531860351562
VOO,2017-06-08,223.82000732421875,224.30999755859375,223.24000549316406,223.75999450683594,1116100,192.11398315429688
VOO,2017-06-09,224.1199951171875,224.92999267578125,222.10000610351562,223.5,2117600,191.89083862304688
VOO,2017-06-12,223.2100067138672,223.47999572753906,222.50999450683594,223.41000366210938,1812100,191.81350708007812
VOO,2017-06-13,223.99000549316406,224.57000732421875,223.63999938964844,224.5,2170700,192.7493896484375
VOO,2017-06-14,224.82000732421875,224.83999633789062,223.3800048828125,224.25999450683594,1886000,192.54331970214844
VOO,2017-06-15,222.86000061035156,223.92999267578125,222.50999450683594,223.80999755859375,2170900,192.15696716308594
VOO,2017-06-16,224,224.05999755859375,222.94000244140625,223.8699951171875,1603600,192.20843505859375
VOO,2017-06-19,224.72999572753906,225.77000427246094,224.6199951171875,225.6999969482422,1433100,193.7796630859375
VOO,2017-06-20,225.36000061035156,225.36000061035156,224.17999267578125,224.22000122070312,1366000,192.5089569091797
VOO,2017-06-21,224.57000732421875,224.6999969482422,223.63999938964844,224.1300048828125,1422000,192.43173217773438
VOO,2017-06-22,224.1699981689453,224.66000366210938,223.8699951171875,224,1344400,192.32009887695312
VOO,2017-06-23,223.1199951171875,223.64999389648438,222.72000122070312,223.3699951171875,1257400,192.6477813720703
VOO,2017-06-26,224,224.4499969482422,223.24000549316406,223.44000244140625,1321700,192.70823669433594
VOO,2017-06-27,223.2100067138672,223.52000427246094,221.6300048828125,221.66000366210938,3476700,191.1730194091797
VOO,2017-06-28,222.72999572753906,223.83999633789062,222.5,223.6199951171875,2875800,192.8634796142578
VOO,2017-06-29,223.80999755859375,223.9199981689453,220.4199981689453,221.69000244140625,4613000,191.19886779785156
VOO,2017-06-30,222.57000732421875,222.91000366210938,221.86000061035156,222.05999755859375,2982300,191.5180206298828
VOO,2017-07-03,223.08999633789062,223.52999877929688,222.47000122070312,222.5500030517578,1762500,191.94058227539062
VOO,2017-07-05,222.83999633789062,223.1699981689453,222,222.94000244140625,2043800,192.2769317626953
VOO,2017-07-06,222.16000366210938,222.25,220.72000122070312,220.94000244140625,2540700,190.55201721191406
VOO,2017-07-07,221.52000427246094,222.52000427246094,221.3800048828125,222.33999633789062,2148000,191.7594757080078
VOO,2017-07-10,222.1999969482422,222.99000549316406,222.0399932861328,222.57000732421875,1800100,191.9578399658203
VOO,2017-07-11,222.4199981689453,222.75999450683594,221.22000122070312,222.39999389648438,1638700,191.8112335205078
VOO,2017-07-12,223.47000122070312,224.27999877929688,223.47000122070312,224.07000732421875,1492100,193.25152587890625
VOO,2017-07-13,224.16000366210938,224.61000061035156,223.88999938964844,224.4499969482422,1485500,193.5792694091797
VOO,2017-07-14,224.52000427246094,225.89999389648438,224.38999938964844,225.47000122070312,1642400,194.458984375
VOO,2017-07-17,225.4499969482422,225.86000061035156,225.33999633789062,225.5,1176200,194.4848175048828
VOO,2017-07-18,225.1300048828125,225.69000244140625,224.72999572753906,225.6699981689453,3146500,194.63150024414062
VOO,2017-07-19,225.97999572753906,226.86000061035156,225.9600067138672,226.86000061035156,1255300,195.65780639648438
VOO,2017-07-20,227.1300048828125,227.25,226.39999389648438,226.92999267578125,1698100,195.71817016601562
VOO,2017-07-21,226.36000061035156,226.77999877929688,226.11000061035156,226.77000427246094,2461700,195.58016967773438
VOO,2017-07-24,226.6699981689453,226.8300018310547,226.22000122070312,226.69000244140625,1278200,195.51112365722656
VOO,2017-07-25,227.50999450683594,227.58999633789062,227.02000427246094,227.22999572753906,1349500,195.97689819335938
VOO,2017-07-26,227.57000732421875,227.58999633789062,226.97999572753906,227.3000030517578,1574100,196.0372772216797
VOO,2017-07-27,227.75,227.77999877929688,225.64999389648438,227.02999877929688,1834500,195.8043975830078
VOO,2017-07-28,226.5399932861328,226.9199981689453,226.08999633789062,226.77000427246094,2364100,195.58016967773438
VOO,2017-07-31,227.22999572753906,227.3000030517578,226.44000244140625,226.63999938964844,3020000,195.4680633544922
VOO,2017-08-01,227.3000030517578,227.32000732421875,226.67999267578125,227.14999389648438,1674500,195.90786743164062
VOO,2017-08-02,227.30999755859375,227.4199981689453,226.2899932861328,227.27999877929688,1889300,196.01998901367188
VOO,2017-08-03,227.17999267578125,227.17999267578125,226.5500030517578,226.8800048828125,1266400,195.67506408691406
VOO,2017-08-04,227.36000061035156,227.58999633789062,226.83999633789062,227.25999450683594,1039800,196.0027618408203
VOO,2017-08-07,227.3300018310547,227.66000366210938,227.1999969482422,227.6300048828125,848500,196.32188415527344
VOO,2017-08-08,227.33999633789062,228.6199951171875,226.72999572753906,227.17999267578125,1064700,195.9337921142578
VOO,2017-08-09,226.35000610351562,227.14999389648438,226,227.0500030517578,1536600,195.8217010498047
VOO,2017-08-10,226.24000549316406,226.35000610351562,223.85000610351562,223.92999267578125,3043300,193.13075256347656
VOO,2017-08-11,224.1300048828125,224.82000732421875,223.8699951171875,224.22999572753906,1584300,193.38951110839844
VOO,2017-08-14,225.55999755859375,226.6699981689453,225.55999755859375,226.42999267578125,2201900,195.2869415283203
VOO,2017-08-15,226.83999633789062,226.8699951171875,226.10000610351562,226.4499969482422,1309700,195.30416870117188
VOO,2017-08-16,226.9499969482422,227.38999938964844,226.3699951171875,226.80999755859375,1531400,195.61468505859375
VOO,2017-08-17,226.19000244140625,226.5,223.27999877929688,223.27999877929688,3396200,192.5701446533203
VOO,2017-08-18,223.08999633789062,224.27000427246094,222.4499969482422,222.8699951171875,2691100,192.216552734375
VOO,2017-08-21,222.85000610351562,223.36000061035156,222.1199951171875,223.13999938964844,1281300,192.44943237304688
VOO,2017-08-22,223.72000122070312,225.60000610351562,223.69000244140625,225.39999389648438,1455700,194.39854431152344
VOO,2017-08-23,224.4600067138672,225.05999755859375,224.25999450683594,224.6300048828125,1462900,193.73446655273438
VOO,2017-08-24,225.0399932861328,225.1699981689453,223.8800048828125,224.11000061035156,1345100,193.28599548339844
VOO,2017-08-25,224.9499969482422,225.5800018310547,224.47000122070312,224.60000610351562,1220800,193.70863342285156
VOO,2017-08-28,225.16000366210938,225.2100067138672,224.19000244140625,224.67999267578125,801000,193.7776336669922
VOO,2017-08-29,223.25,225.16000366210938,223.14999389648438,224.85000610351562,1397400,193.9242401123047
VOO,2017-08-30,224.86000061035156,226.24000549316406,224.69000244140625,225.97000122070312,1377800,194.8901824951172
VOO,2017-08-31,226.6300048828125,227.5800018310547,226.5500030517578,227.3000030517578,2202700,196.0372772216797
VOO,2017-09-01,227.75999450683594,228.11000061035156,227.50999450683594,227.69000244140625,1393700,196.3736114501953
VOO,2017-09-05,227.10000610351562,227.35000610351562,224.97999572753906,226.00999450683594,2222300,194.9246826171875
VOO,2017-09-06,226.75999450683594,227.13999938964844,226.19000244140625,226.8000030517578,1523300,195.60610961914062
VOO,2017-09-07,227.1300048828125,227.1300048828125,226.33999633789062,226.75,1620300,195.5629425048828
VOO,2017-09-08,226.4499969482422,226.97999572753906,226.25,226.39999389648438,1896900,195.2610626220703
VOO,2017-09-11,227.85000610351562,229.00999450683594,227.83999633789062,228.8699951171875,2007200,197.39134216308594
VOO,2017-09-12,229.32000732421875,229.72000122070312,229.1300048828125,229.7100067138672,1535000,198.1157989501953
VOO,2017-09-13,229.3699951171875,229.85000610351562,229.27999877929688,229.85000610351562,1155800,198.23651123046875
VOO,2017-09-14,229.47000122070312,229.94000244140625,229.30999755859375,229.77000427246094,1857300,198.1675567626953
VOO,2017-09-15,229.6199951171875,230.1300048828125,229.49000549316406,230.08999633789062,1419700,198.44351196289062
VOO,2017-09-18,230.4600067138672,230.89999389648438,230.1199951171875,230.49000549316406,1325200,198.78854370117188
VOO,2017-09-19,230.7899932861328,230.85000610351562,230.44000244140625,230.77000427246094,1302400,199.02999877929688
VOO,2017-09-20,229.67999267578125,229.77999877929688,228.6300048828125,229.72000122070312,1850500,199.1392059326172
VOO,2017-09-21,229.5399932861328,229.5800018310547,228.8699951171875,229.07000732421875,1899900,198.57579040527344
VOO,2017-09-22,228.75,229.25999450683594,228.72000122070312,229.0399932861328,1599200,198.54977416992188
VOO,2017-09-25,228.82000732421875,229.1999969482422,227.86000061035156,228.6999969482422,1523300,198.25503540039062
VOO,2017-09-26,229.08999633789062,229.32000732421875,228.52999877929688,228.77999877929688,2335000,198.32437133789062
VOO,2017-09-27,229.52999877929688,230.05999755859375,228.60000610351562,229.6699981689453,2103600,199.0958709716797
VOO,2017-09-28,229.36000061035156,230.00999450683594,229.2899932861328,229.94000244140625,1084700,199.3299560546875
VOO,2017-09-29,229.91000366210938,230.8300018310547,229.74000549316406,230.75999450683594,1726200,200.0408172607422
VOO,2017-10-02,231,231.72999572753906,230.91000366210938,231.72999572753906,1960600,200.88169860839844
VOO,2017-10-03,231.89999389648438,232.25,231.6699981689453,232.1999969482422,1316400,201.2890625
VOO,2017-10-04,232.1199951171875,232.77999877929688,231.97999572753906,232.52000427246094,1006700,201.5664520263672
VOO,2017-10-05,232.86000061035156,233.92999267578125,232.75999450683594,233.89999389648438,1471800,202.7627410888672
VOO,2017-10-06,233.4600067138672,233.6999969482422,233.17999267578125,233.67999267578125,1101500,202.57208251953125
VOO,2017-10-09,233.9199981689453,233.92999267578125,232.97999572753906,233.27000427246094,768300,202.2166290283203
VOO,2017-10-10,233.83999633789062,234.25,233.2899932861328,233.86000061035156,1027600,202.72816467285156
VOO,2017-10-11,233.74000549316406,234.24000549316406,233.60000610351562,234.24000549316406,1036400,203.0575408935547
VOO,2017-10-12,233.8699951171875,234.27000427246094,233.63999938964844,233.8800048828125,1079400,202.74546813964844
VOO,2017-10-13,234.3699951171875,234.47000122070312,234.02000427246094,234.13999938964844,1067900,202.97085571289062
VOO,2017-10-16,234.41000366210938,234.69000244140625,234.0399932861328,234.50999450683594,1767300,203.2915496826172
VOO,2017-10-17,234.47000122070312,234.69000244140625,234.22000122070312,234.66000366210938,1332100,203.42164611816406
VOO,2017-10-18,235.05999755859375,235.08999633789062,234.67999267578125,234.8699951171875,1527800,203.6036834716797
VOO,2017-10-19,234.02999877929688,234.99000549316406,233.6199951171875,234.99000549316406,1653600,203.70765686035156
VOO,2017-10-20,235.8000030517578,236.19000244140625,235.52999877929688,236.16000366210938,1296300,204.721923828125
VOO,2017-10-23,236.49000549316406,236.49000549316406,235.14999389648438,235.3000030517578,1101000,203.97645568847656
VOO,2017-10-24,235.67999267578125,235.88999938964844,235.27000427246094,235.6300048828125,1818400,204.26248168945312
VOO,2017-10-25,235.3000030517578,235.41000366210938,233.2899932861328,234.5,1943400,203.2828826904297
VOO,2017-10-26,235.10000610351562,235.41000366210938,234.6699981689453,234.72000122070312,3298200,203.4736328125
VOO,2017-10-27,235.6300048828125,236.8800048828125,235.3000030517578,236.72000122070312,2825000,205.20741271972656
VOO,2017-10-30,235.6300048828125,236.6199951171875,235.52999877929688,235.86000061035156,1292500,204.4618682861328
VOO,2017-10-31,236.25999450683594,236.47000122070312,235.89999389648438,236.1300048828125,1357600,204.69590759277344
VOO,2017-11-01,237.02999877929688,237.38999938964844,236.1300048828125,236.5399932861328,2078300,205.0513153076172
VOO,2017-11-02,236.4499969482422,236.77000427246094,235.32000732421875,236.63999938964844,1908100,205.13800048828125
VOO,2017-11-03,236.8300018310547,237.44000244140625,236.33999633789062,237.42999267578125,1934200,205.82286071777344
VOO,2017-11-06,237.24000549316406,237.88999938964844,237.2100067138672,237.7899932861328,1688600,206.13497924804688
VOO,2017-11-07,237.88999938964844,238.22000122070312,237.11000061035156,237.69000244140625,1502700,206.04824829101562
VOO,2017-11-08,237.41000366210938,238.1199951171875,237.14999389648438,238.0399932861328,4711000,206.35169982910156
VOO,2017-11-09,236.72999572753906,237.33999633789062,235.47999572753906,237.17999267578125,1644100,205.60614013671875
VOO,2017-11-10,236.72000122070312,237.17999267578125,236.39999389648438,237.0399932861328,1019000,205.4847869873047
VOO,2017-11-13,236.3300018310547,237.52000427246094,236.30999755859375,237.32000732421875,900000,205.72752380371094
VOO,2017-11-14,236.44000244140625,236.85000610351562,235.63999938964844,236.74000549316406,2763300,205.22471618652344
VOO,2017-11-15,235.74000549316406,236.24000549316406,234.82000732421875,235.52999877929688,2436200,204.1758270263672
VOO,2017-11-16,236.52000427246094,237.92999267578125,236.5,237.5399932861328,1072300,205.91819763183594
VOO,2017-11-17,237.1699981689453,237.38999938964844,236.7899932861328,236.89999389648438,1370500,205.36343383789062
VOO,2017-11-20,237.1199951171875,237.47000122070312,236.86000061035156,237.2100067138672,1420400,205.63214111328125
VOO,2017-11-21,238.05999755859375,239,238,238.7899932861328,1151500,207.00180053710938
VOO,2017-11-22,238.86000061035156,238.9499969482422,238.44000244140625,238.6199951171875,2143500,206.8544158935547
VOO,2017-11-24,239.1199951171875,239.27999877929688,238.99000549316406,239.1199951171875,1219300,207.28787231445312
VOO,2017-11-27,239.19000244140625,239.52999877929688,238.8300018310547,239.0500030517578,2654000,207.22718811035156
VOO,2017-11-28,239.58999633789062,241.47999572753906,239.44000244140625,241.4199981689453,1800500,209.28172302246094
VOO,2017-11-29,241.60000610351562,242.17999267578125,240.83999633789062,241.3300018310547,2442100,209.20367431640625
VOO,2017-11-30,242.3000030517578,244.39999389648438,242.22999572753906,243.35000610351562,5451700,210.95480346679688
VOO,2017-12-01,243.25,243.7100067138672,239.52000427246094,242.89999389648438,3775600,210.5646514892578
VOO,2017-12-04,244.6999969482422,245.07000732421875,242.58999633789062,242.63999938964844,2162000,210.33929443359375
VOO,2017-12-05,242.91000366210938,243.5800018310547,241.6300048828125,241.77999877929688,1886300,209.59376525878906
VOO,2017-12-06,241.72999572753906,242.25999450683594,241.3300018310547,241.77000427246094,1204800,209.5851287841797
VOO,2017-12-07,241.69000244140625,242.91000366210938,241.5500030517578,242.57000732421875,2670000,210.27862548828125
VOO,2017-12-08,243.4499969482422,243.9199981689453,243.1999969482422,243.88999938964844,1685700,211.4229278564453
VOO,2017-12-11,244.02000427246094,244.7100067138672,243.89999389648438,244.67999267578125,2513300,212.10768127441406
VOO,2017-12-12,244.94000244140625,245.5800018310547,244.69000244140625,245.10000610351562,1855000,212.47178649902344
VOO,2017-12-13,245.36000061035156,245.8000030517578,244.97000122070312,245.0399932861328,1808300,212.41981506347656
VOO,2017-12-14,245.39999389648438,245.47999572753906,244,244.07000732421875,1932900,211.57894897460938
VOO,2017-12-15,245.14999389648438,246.5500030517578,245.07000732421875,246.1199951171875,3170800,213.35604858398438
VOO,2017-12-18,247.52000427246094,248.00999450683594,247.4499969482422,247.64999389648438,2089600,214.682373046875
VOO,2017-12-19,247.9199981689453,247.9499969482422,246.6300048828125,246.75,3170300,213.90216064453125
VOO,2017-12-20,247.72000122070312,247.77000427246094,246.27000427246094,246.55999755859375,2570000,213.7374725341797
VOO,2017-12-21,247.22000122070312,247.80999755859375,246.82000732421875,247.05999755859375,2262400,214.17091369628906
VOO,2017-12-22,247.08999633789062,247.1300048828125,246.44000244140625,247.00999450683594,1888500,214.1275634765625
VOO,2017-12-26,245.66000366210938,245.7100067138672,245.25999450683594,245.5399932861328,1492300,213.87840270996094
VOO,2017-12-27,245.7100067138672,246.02000427246094,245.3800048828125,245.67999267578125,1379100,214.00042724609375
VOO,2017-12-28,246.1300048828125,246.2100067138672,245.77000427246094,246.13999938964844,2346700,214.4010772705078
VOO,2017-12-29,246.75999450683594,246.77000427246094,245.02999877929688,245.2899932861328,2326700,213.6607208251953
VOO,2018-01-02,246.14999389648438,247.08999633789062,245.74000549316406,247.08999633789062,2784300,215.22857666015625
VOO,2018-01-03,247.24000549316406,248.6999969482422,247.17999267578125,248.55999755859375,2917700,216.50906372070312
VOO,2018-01-04,249.27000427246094,250.1199951171875,249.1699981689453,249.64999389648438,2918000,217.45843505859375
VOO,2018-01-05,250.4600067138672,251.39999389648438,249.9499969482422,251.25,2190200,218.8521728515625
VOO,2018-01-08,251.16000366210938,251.8800048828125,250.8699951171875,251.77000427246094,2476200,219.30511474609375
VOO,2018-01-09,252.17999267578125,252.94000244140625,251.91000366210938,252.3000030517578,2129800,219.76673889160156
VOO,2018-01-10,251.50999450683594,252.1699981689453,250.82000732421875,251.8699951171875,1953600,219.39219665527344
VOO,2018-01-11,252.47000122070312,253.72999572753906,252.3300018310547,253.72999572753906,2280300,221.01229858398438
VOO,2018-01-12,254.02999877929688,255.55999755859375,253.89999389648438,255.41000366210938,2054900,222.47573852539062
VOO,2018-01-16,256.7900085449219,257.3999938964844,253.8000030517578,254.47999572753906,3719600,221.66563415527344
VOO,2018-01-17,255.5,257.3500061035156,254.74000549316406,256.94000244140625,1867700,223.80850219726562
VOO,2018-01-18,256.8399963378906,257.2699890136719,256.0199890136719,256.5899963378906,3154200,223.50363159179688
VOO,2018-01-19,257.1499938964844,257.69000244140625,256.5299987792969,257.67999267578125,2541200,224.45303344726562
VOO,2018-01-22,257.45001220703125,259.7799987792969,257.45001220703125,259.75,1607800,226.25613403320312
VOO,2018-01-23,259.8399963378906,260.6300048828125,259.510009765625,260.3399963378906,2161100,226.77003479003906
VOO,2018-01-24,261.0299987792969,261.6300048828125,259.0199890136719,260.2099914550781,2935500,226.65682983398438
VOO,2018-01-25,261.1700134277344,261.2200012207031,259.5299987792969,260.3299865722656,3585600,226.76129150390625
VOO,2018-01-26,261.3299865722656,263.3699951171875,260.9700012207031,263.3599853515625,2857300,229.40060424804688
VOO,2018-01-29,262.8299865722656,263.25,261.4800109863281,261.5400085449219,5145000,227.8152618408203
VOO,2018-01-30,259.6700134277344,260.3500061035156,258.4599914550781,258.75,6678900,225.38510131835938
VOO,2018-01-31,259.8299865722656,260.3800048828125,257.95001220703125,258.989990234375,5585800,225.5940704345703
VOO,2018-02-01,258.2900085449219,260.1199951171875,257.95001220703125,258.7300109863281,3125700,225.36761474609375
VOO,2018-02-02,257.3699951171875,257.5,253.08999633789062,253.19000244140625,5532200,220.5419921875
VOO,2018-02-05,251.25999450683594,253.47000122070312,241.9199981689453,242.7899932861328,8559200,211.48306274414062
VOO,2018-02-06,238.8000030517578,247.80999755859375,237.6699981689453,247.27999877929688,11701700,215.39407348632812
VOO,2018-02-07,246.7100067138672,250.27999877929688,245.9199981689453,245.92999267578125,6240200,214.2181396484375
VOO,2018-02-08,246.25,246.42999267578125,236.6999969482422,236.7899932861328,6985700,206.25674438476562
VOO,2018-02-09,239.60000610351562,242.1999969482422,232.4199981689453,240.44000244140625,9713100,209.43606567382812
VOO,2018-02-12,242.5,245.32000732421875,240.66000366210938,243.74000549316406,4236200,212.31056213378906
VOO,2018-02-13,242.6300048828125,245,241.97000122070312,244.55999755859375,3077700,213.0248260498047
VOO,2018-02-14,243,248.1199951171875,242.83999633789062,247.75999450683594,3650800,215.81216430664062
VOO,2018-02-15,249.60000610351562,250.97000122070312,246.97999572753906,250.97000122070312,2923800,218.6083221435547
VOO,2018-02-16,250.27000427246094,253,250.1699981689453,250.94000244140625,3007500,218.5821533203125
VOO,2018-02-20,250,251.50999450683594,248.60000610351562,249.4199981689453,3454400,217.2581024169922
VOO,2018-02-21,249.86000061035156,252.44000244140625,248.11000061035156,248.11000061035156,2798000,216.11705017089844
VOO,2018-02-22,249.1699981689453,250.89999389648438,247.80999755859375,248.41000366210938,3177700,216.37838745117188
VOO,2018-02-23,249.82000732421875,252.49000549316406,249.3000030517578,252.49000549316406,2923100,219.93223571777344
VOO,2018-02-26,253.55999755859375,255.5,252.99000549316406,255.39999389648438,1892000,222.46702575683594
VOO,2018-02-27,255.6300048828125,256.3399963378906,252.13999938964844,252.13999938964844,2947100,219.62738037109375
VOO,2018-02-28,253.3699951171875,253.82000732421875,249.33999633789062,249.33999633789062,2716600,217.18841552734375
VOO,2018-03-01,249.52999877929688,251.02999877929688,244.4499969482422,246.0500030517578,5182300,214.32264709472656
VOO,2018-03-02,244.24000549316406,247.86000061035156,243.3300018310547,247.36000061035156,3276500,215.4637451171875
VOO,2018-03-05,246.02000427246094,250.7899932861328,245.9499969482422,250.1999969482422,3024600,217.9375457763672
VOO,2018-03-06,251.22000122070312,251.25,249.22999572753906,250.8300018310547,1932000,218.4862823486328
VOO,2018-03-07,248.5399932861328,251.07000732421875,248.36000061035156,250.72000122070312,2730200,218.39048767089844
VOO,2018-03-08,251.39999389648438,252.02000427246094,250.36000061035156,251.88999938964844,3021600,219.4096221923828
VOO,2018-03-09,253.39999389648438,256.260009765625,253.0500030517578,256.25,2450800,223.20736694335938
VOO,2018-03-12,256.6400146484375,257.25,255.5800018310547,256,2029200,222.98968505859375
VOO,2018-03-13,257.20001220703125,257.7099914550781,253.7100067138672,254.30999755859375,3080600,221.51754760742188
VOO,2018-03-14,255.3300018310547,255.50999450683594,252.4600067138672,252.97000122070312,2352700,220.35037231445312
VOO,2018-03-15,253.5500030517578,254.2100067138672,252.22000122070312,252.72999572753906,2161500,220.14129638671875
VOO,2018-03-16,253.22999572753906,254.0800018310547,252.97000122070312,252.99000549316406,1554600,220.3677978515625
VOO,2018-03-19,252.25,252.25999450683594,247.8699951171875,249.61000061035156,2715800,217.42364501953125
VOO,2018-03-20,249.99000549316406,250.66000366210938,249.3300018310547,250.0500030517578,1991400,217.80691528320312
VOO,2018-03-21,249.94000244140625,252.1199951171875,249.30999755859375,249.47000122070312,2777300,217.30166625976562
VOO,2018-03-22,247.11000061035156,248.0800018310547,243.02999877929688,243.27000427246094,3589400,211.9011688232422
VOO,2018-03-23,243.74000549316406,244.08999633789062,237.9199981689453,238.08999633789062,3815500,207.38909912109375
VOO,2018-03-26,240.82000732421875,243.80999755859375,238.32000732421875,243.52999877929688,5529000,213.0978546142578
VOO,2018-03-27,244.47000122070312,245.0399932861328,237.77000427246094,239.30999755859375,3363600,209.40518188476562
VOO,2018-03-28,239.4600067138672,241.22000122070312,237.52999877929688,238.63999938964844,4384100,208.81884765625
VOO,2018-03-29,239.85000610351562,243.61000061035156,239.0800018310547,242.0800018310547,2910800,211.82904052734375
VOO,2018-04-02,241.19000244140625,241.6999969482422,233.9199981689453,236.47999572753906,4696400,206.92884826660156
VOO,2018-04-03,237.80999755859375,240,235.92999267578125,239.47999572753906,3287900,209.5539093017578
VOO,2018-04-04,235.8699951171875,242.80999755859375,235.6999969482422,242.24000549316406,4598000,211.96905517578125
VOO,2018-04-05,243.89999389648438,244.88999938964844,242.8000030517578,243.99000549316406,3436600,213.50033569335938
VOO,2018-04-06,241.94000244140625,243.50999450683594,236.97999572753906,238.6199951171875,4931600,208.8013916015625
VOO,2018-04-09,240.14999389648438,243.25,239.32000732421875,239.58999633789062,2956000,209.65017700195312
VOO,2018-04-10,242.75,244.3800048828125,241.57000732421875,243.5399932861328,2903800,213.1065673828125
VOO,2018-04-11,242,243.99000549316406,241.9499969482422,242.25,2068300,211.9778289794922
VOO,2018-04-12,243.7100067138672,245.25,243.47000122070312,244.27999877929688,1723600,213.75408935546875
VOO,2018-04-13,245.83999633789062,245.83999633789062,242.5,243.60000610351562,2887700,213.15911865234375
VOO,2018-04-16,245.27000427246094,246.35000610351562,244.41000366210938,245.5800018310547,2149200,214.89170837402344
VOO,2018-04-17,247.4199981689453,248.80999755859375,246.8800048828125,248.22000122070312,2301800,217.20175170898438
VOO,2018-04-18,248.66000366210938,249.22000122070312,247.94000244140625,248.36000061035156,1365100,217.32427978515625
VOO,2018-04-19,247.6199951171875,247.88999938964844,245.9600067138672,247,1997100,216.1342315673828
VOO,2018-04-20,246.9499969482422,247.1300048828125,243.97000122070312,245,2103900,214.38409423828125
VOO,2018-04-23,245.5500030517578,246.0800018310547,243.75,244.88999938964844,1472600,214.2878875732422
VOO,2018-04-24,245.97000122070312,246.1199951171875,240.00999450683594,241.5500030517578,3653500,211.36529541015625
VOO,2018-04-25,241.50999450683594,242.6300048828125,239.60000610351562,242.1699981689453,2354800,211.9077911376953
VOO,2018-04-26,243.22000122070312,245.47000122070312,242.77000427246094,244.66000366210938,2106800,214.08665466308594
VOO,2018-04-27,245.22999572753906,245.57000732421875,243.88999938964844,244.9199981689453,2178600,214.31411743164062
VOO,2018-04-30,245.50999450683594,246.0500030517578,242.85000610351562,242.9199981689453,2146100,212.56405639648438
VOO,2018-05-01,242.4499969482422,243.52000427246094,240.75999450683594,243.44000244140625,2323100,213.01910400390625
VOO,2018-05-02,243.2100067138672,244.02000427246094,241.36000061035156,241.77999877929688,1636400,211.56651306152344
VOO,2018-05-03,240.8800048828125,241.89999389648438,237.9199981689453,241.2100067138672,2666500,211.0677490234375
VOO,2018-05-04,240.25,245.05999755859375,239.88999938964844,244.41000366210938,1785200,213.8678741455078
VOO,2018-05-07,245.19000244140625,246.19000244140625,244.4600067138672,245.1699981689453,3127200,214.53292846679688
VOO,2018-05-08,244.8300018310547,245.52999877929688,243.57000732421875,245.16000366210938,1924500,214.52415466308594
VOO,2018-05-09,245.86000061035156,247.89999389648438,245.36000061035156,247.5399932861328,1506200,216.60670471191406
VOO,2018-05-10,248.36000061035156,250.1999969482422,248.25,249.86000061035156,1537600,218.63682556152344
VOO,2018-05-11,250.0399932861328,250.9199981689453,249.47999572753906,250.47000122070312,1703500,219.17059326171875
VOO,2018-05-14,251.1199951171875,251.75999450683594,250.2100067138672,250.75,1478200,219.4156036376953
VOO,2018-05-15,249.5,249.52000427246094,248.05999755859375,249.02999877929688,2600600,217.91049194335938
VOO,2018-05-16,249.0800018310547,250.5399932861328,249.07000732421875,250.08999633789062,2588700,218.8380889892578
VOO,2018-05-17,249.7899932861328,250.99000549316406,249.0800018310547,249.8800048828125,1714200,218.654296875
VOO,2018-05-18,249.52999877929688,249.85000610351562,248.88999938964844,249.25999450683594,1702800,218.11180114746094
VOO,2018-05-21,250.77000427246094,251.67999267578125,250.42999267578125,251.08999633789062,1262900,219.71310424804688
VOO,2018-05-22,251.6699981689453,251.94000244140625,250.10000610351562,250.3699951171875,1055400,219.08306884765625
VOO,2018-05-23,249.1199951171875,251.14999389648438,248.9499969482422,251.14999389648438,1484100,219.765625
VOO,2018-05-24,250.74000549316406,251,248.75999450683594,250.6699981689453,2025300,219.34561157226562
VOO,2018-05-25,250.0399932861328,250.63999938964844,249.49000549316406,250.0399932861328,1654700,218.79434204101562
VOO,2018-05-29,248.27999877929688,249.0800018310547,245.97000122070312,247.14999389648438,4465800,216.26548767089844
VOO,2018-05-30,248.52999877929688,250.8800048828125,248.42999267578125,250.41000366210938,1359700,219.1181182861328
VOO,2018-05-31,249.99000549316406,250.3000030517578,248.27999877929688,248.7899932861328,2378800,217.70050048828125
VOO,2018-06-01,250.22999572753906,251.64999389648438,250.1699981689453,251.41000366210938,1953900,219.99314880371094
VOO,2018-06-04,252.1699981689453,252.8000030517578,251.9600067138672,252.52000427246094,2031500,220.96444702148438
VOO,2018-06-05,252.66000366210938,253.1300048828125,251.8699951171875,252.8699951171875,1491200,221.27066040039062
VOO,2018-06-06,253.3699951171875,254.9600067138672,252.72000122070312,254.88999938964844,2763200,223.0382537841797
VOO,2018-06-07,255.3699951171875,255.6999969482422,253.8800048828125,254.77000427246094,2615900,222.9332275390625
VOO,2018-06-08,254.36000061035156,255.6199951171875,254.19000244140625,255.57000732421875,1517500,223.63327026367188
VOO,2018-06-11,255.7899932861328,256.6700134277344,255.6999969482422,255.89999389648438,2648000,223.9220428466797
VOO,2018-06-12,256.3900146484375,256.6300048828125,255.60000610351562,256.3299865722656,1182200,224.29830932617188
VOO,2018-06-13,256.5299987792969,256.7699890136719,255.22999572753906,255.30999755859375,2507800,223.4058074951172
VOO,2018-06-14,256.30999755859375,256.6199951171875,255.4600067138672,256.04998779296875,1913800,224.05325317382812
VOO,2018-06-15,255.27000427246094,256.07000732421875,254.1300048828125,255.8300018310547,2000100,223.8607940673828
VOO,2018-06-18,254.17999267578125,255.36000061035156,253.7100067138672,255.22000122070312,2015800,223.32704162597656
VOO,2018-06-19,252.8300018310547,254.4600067138672,252.4199981689453,254.25,1863300,222.47824096679688
VOO,2018-06-20,254.97000122070312,255.3699951171875,254.32000732421875,254.7100067138672,1578200,222.88075256347656
VOO,2018-06-21,254.66000366210938,254.6699981689453,252.5800018310547,253.1199951171875,4037600,221.4894561767578
VOO,2018-06-22,254.39999389648438,254.52000427246094,253.32000732421875,253.57000732421875,3092000,221.88323974609375
VOO,2018-06-25,252.3699951171875,252.50999450683594,248.35000610351562,250.05999755859375,6690000,218.8118133544922
VOO,2018-06-26,250.66000366210938,251.52999877929688,249.91000366210938,250.61000061035156,2968600,219.29310607910156
VOO,2018-06-27,251.27000427246094,252.72999572753906,248.42999267578125,248.52999877929688,3433800,217.47299194335938
VOO,2018-06-28,247.3000030517578,249.60000610351562,246.6300048828125,248.8800048828125,2638400,218.79788208007812
VOO,2018-06-29,249.97999572753906,251.36000061035156,249.10000610351562,249.50999450683594,3711600,219.35171508789062
VOO,2018-07-02,247.55999755859375,249.88999938964844,247.32000732421875,249.8000030517578,1943100,219.60665893554688
VOO,2018-07-03,250.67999267578125,250.75999450683594,248.44000244140625,248.7899932861328,1157900,218.71871948242188
VOO,2018-07-05,250.07000732421875,250.94000244140625,248.91000366210938,250.9199981689453,1948100,220.59130859375
VOO,2018-07-06,250.91000366210938,253.38999938964844,250.52000427246094,253.00999450683594,2622200,222.4286651611328
VOO,2018-07-09,254.0500030517578,255.32000732421875,254.00999450683594,255.25,3979500,224.39794921875
VOO,2018-07-10,255.75,256.29998779296875,255.4499969482422,256.1400146484375,1314500,225.18035888671875
VOO,2018-07-11,254.60000610351562,255.41000366210938,254.02999877929688,254.38999938964844,2335100,223.641845703125
VOO,2018-07-12,255.66000366210938,256.6600036621094,255.00999450683594,256.57000732421875,2874000,225.55841064453125
VOO,2018-07-13,256.489990234375,257.1600036621094,255.99000549316406,256.7900085449219,1814500,225.75180053710938
VOO,2018-07-16,256.8900146484375,257.010009765625,256.1600036621094,256.6300048828125,993500,225.61119079589844
VOO,2018-07-17,255.85000610351562,258.05999755859375,255.8000030517578,257.7300109863281,1825900,226.57818603515625
VOO,2018-07-18,257.760009765625,258.32000732421875,257.2799987792969,258.20001220703125,2606800,226.99134826660156
VOO,2018-07-19,257.5,257.8999938964844,256.75,257.2200012207031,2050500,226.12982177734375
VOO,2018-07-20,257,257.6499938964844,256.7799987792969,256.9800109863281,2710700,225.91883850097656
VOO,2018-07-23,256.7300109863281,257.6099853515625,256.3999938964844,257.4700012207031,1447000,226.34962463378906
VOO,2018-07-24,258.8399963378906,259.57000732421875,257.82000732421875,258.67999267578125,2916000,227.413330078125
VOO,2018-07-25,258.5400085449219,261.25,258.42999267578125,261.04998779296875,2608700,229.49688720703125
VOO,2018-07-26,260.1400146484375,261.010009765625,260.1000061035156,260.2799987792969,2166500,228.81993103027344
VOO,2018-07-27,260.7300109863281,260.739990234375,257.5799865722656,258.5899963378906,2666200,227.33424377441406
VOO,2018-07-30,258.6000061035156,258.7799987792969,256.6400146484375,257.1000061035156,1601400,226.0243377685547
VOO,2018-07-31,258.0199890136719,259.0899963378906,257.6000061035156,258.3999938964844,1992500,227.16717529296875
VOO,2018-08-01,258.6400146484375,259.19000244140625,257.3500061035156,258.0799865722656,1651700,226.8859100341797
VOO,2018-08-02,256.7300109863281,259.6000061035156,256.4800109863281,259.3900146484375,1767300,228.03756713867188
VOO,2018-08-03,259.6000061035156,260.6600036621094,259.3900146484375,260.6600036621094,2017600,229.15402221679688
VOO,2018-08-06,260.55999755859375,261.8299865722656,260.20001220703125,261.6400146484375,1843000,230.015625
VOO,2018-08-07,262.20001220703125,262.7799987792969,262.0799865722656,262.3699951171875,2619200,230.6573028564453
VOO,2018-08-08,262.2300109863281,262.6700134277344,261.7900085449219,262.2300109863281,1560400,230.53431701660156
VOO,2018-08-09,262.3299865722656,262.739990234375,261.760009765625,261.8999938964844,1084400,230.24412536621094
VOO,2018-08-10,260.3599853515625,260.9599914550781,259.42999267578125,260.1199951171875,2395500,228.6792449951172
VOO,2018-08-13,260.4100036621094,261.07000732421875,258.8999938964844,259.1400146484375,3684700,227.81777954101562
VOO,2018-08-14,259.94000244140625,261.07000732421875,259.54998779296875,260.80999755859375,1531800,229.28590393066406
VOO,2018-08-15,259.42999267578125,259.54998779296875,257.3900146484375,258.8900146484375,2587800,227.59800720214844
VOO,2018-08-16,260.3599853515625,261.8900146484375,260.3500061035156,260.989990234375,1693100,229.444091796875
VOO,2018-08-17,260.7099914550781,262.3800048828125,260.3500061035156,261.8599853515625,2278800,230.20895385742188
VOO,2018-08-20,262.3999938964844,262.739990234375,261.8999938964844,262.44000244140625,1245500,230.71885681152344
VOO,2018-08-21,263.010009765625,263.9700012207031,262.8599853515625,263.010009765625,1937900,231.2200164794922
VOO,2018-08-22,262.6400146484375,263.45001220703125,262.3900146484375,262.92999267578125,1708100,231.149658203125
VOO,2018-08-23,262.67999267578125,263.6300048828125,262.2099914550781,262.54998779296875,2308100,230.81558227539062
VOO,2018-08-24,263.1600036621094,264.2900085449219,263.1099853515625,264.20001220703125,2328900,232.26614379882812
VOO,2018-08-27,265.3800048828125,266.3500061035156,265.260009765625,266.19000244140625,2371000,234.015625
VOO,2018-08-28,266.760009765625,266.8299865722656,265.8900146484375,266.3399963378906,3026900,234.14747619628906
VOO,2018-08-29,266.5899963378906,268.04998779296875,266.3399963378906,267.79998779296875,2116100,235.4309844970703
VOO,2018-08-30,267.30999755859375,267.7099914550781,266.1199951171875,266.7099914550781,2625500,234.4727020263672
VOO,2018-08-31,266.3299865722656,267.2200012207031,265.8299865722656,266.7200012207031,3172400,234.48153686523438
VOO,2018-09-04,266.3500061035156,266.6600036621094,265.260009765625,266.3500061035156,3623300,234.15626525878906
VOO,2018-09-05,265.9100036621094,266.1300048828125,264.5199890136719,265.6000061035156,4595500,233.4969482421875
VOO,2018-09-06,265.69000244140625,265.989990234375,263.70001220703125,264.82000732421875,1687900,232.8112030029297
VOO,2018-09-07,263.6300048828125,265.260009765625,263.45001220703125,264.17999267578125,2634100,232.2484893798828
VOO,2018-09-10,265.2799987792969,265.57000732421875,264.510009765625,264.67999267578125,2832700,232.6881561279297
VOO,2018-09-11,264.0299987792969,266.04998779296875,263.67999267578125,265.67999267578125,3420400,233.56724548339844
VOO,2018-09-12,265.6099853515625,266.260009765625,264.8299865722656,265.7099914550781,3019800,233.5936279296875
VOO,2018-09-13,266.7799987792969,267.4200134277344,266.4700012207031,267.2200012207031,2087500,234.92108154296875
VOO,2018-09-14,267.4700012207031,267.6199951171875,266.4700012207031,267.3599853515625,1861000,235.04421997070312
VOO,2018-09-17,267.2200012207031,267.260009765625,265.5899963378906,265.8500061035156,2515300,233.7167205810547
VOO,2018-09-18,266.1000061035156,267.9200134277344,266.0899963378906,267.29998779296875,1823600,234.99139404296875
VOO,2018-09-19,267.3500061035156,268.0299987792969,267.2300109863281,267.6000061035156,2077500,235.25521850585938
VOO,2018-09-20,268.8900146484375,270.1000061035156,268.7900085449219,269.75,3349700,237.14529418945312
VOO,2018-09-21,270.54998779296875,270.6700134277344,269.3699951171875,269.55999755859375,1352500,236.9782257080078
VOO,2018-09-24,268.92999267578125,269.07000732421875,268.0199890136719,268.6600036621094,2070900,236.18704223632812
VOO,2018-09-25,269.1000061035156,269.1700134277344,268.1499938964844,268.3299865722656,2360400,235.89688110351562
VOO,2018-09-26,267.32000732421875,268.5400085449219,265.95001220703125,266.3399963378906,2568400,235.20545959472656
VOO,2018-09-27,266.8800048828125,268.239990234375,266.6000061035156,267.0799865722656,3077500,235.8589630126953
VOO,2018-09-28,266.5,267.6499938964844,266.42999267578125,267.04998779296875,1774300,235.83241271972656
VOO,2018-10-01,268.4599914550781,269.17999267578125,267.3900146484375,268.0400085449219,1968800,236.70669555664062
VOO,2018-10-02,267.9700012207031,268.6700134277344,267.54998779296875,268.010009765625,3034100,236.6802520751953
VOO,2018-10-03,269.0199890136719,269.4700012207031,267.7200012207031,268.239990234375,2505800,236.8833770751953
VOO,2018-10-04,267.57000732421875,267.6600036621094,264.3699951171875,266.0400085449219,5004400,234.94056701660156
VOO,2018-10-05,266.19000244140625,266.7699890136719,263.0199890136719,264.5400085449219,2564700,233.61593627929688
VOO,2018-10-08,263.7699890136719,264.8500061035156,262.3800048828125,264.4700012207031,3219600,233.5540771484375
VOO,2018-10-09,264.1000061035156,265.45001220703125,263.54998779296875,264.1300048828125,2078000,233.25381469726562
VOO,2018-10-10,263.6199951171875,263.6199951171875,255.3699951171875,255.60000610351562,5803900,225.72096252441406
VOO,2018-10-11,254.80999755859375,256.2900085449219,248.4499969482422,250.22000122070312,9037000,220.96987915039062
VOO,2018-10-12,254.38999938964844,254.63999938964844,250.3000030517578,253.60000610351562,7116700,223.95477294921875
VOO,2018-10-15,253.19000244140625,254.55999755859375,252.0399932861328,252.2100067138672,3306200,222.72723388671875
VOO,2018-10-16,254.13999938964844,258.1000061035156,253.6999969482422,257.5799865722656,3308500,227.46949768066406
VOO,2018-10-17,257.75,258.3399963378906,255.07000732421875,257.6700134277344,2845800,227.5489959716797
VOO,2018-10-18,256.75,257.3500061035156,252.69000244140625,254.0500030517578,3046800,224.35215759277344
VOO,2018-10-19,254.6699981689453,256.6199951171875,253.14999389648438,253.85000610351562,2684200,224.175537109375
VOO,2018-10-22,254.5500030517578,254.86000061035156,252.1699981689453,252.8000030517578,2102000,223.24827575683594
VOO,2018-10-23,249,252.5800018310547,246.83999633789062,251.27999877929688,5206500,221.9059295654297
VOO,2018-10-24,251.19000244140625,251.5500030517578,243.25,243.77999877929688,4065700,215.2826690673828
VOO,2018-10-25,245.7100067138672,249.7899932861328,244.6699981689453,248.14999389648438,4443800,219.14183044433594
VOO,2018-10-26,244.33999633789062,246.97999572753906,241.0399932861328,243.75999450683594,5278700,215.26498413085938
VOO,2018-10-29,247.02999877929688,248.35000610351562,238.7899932861328,242.5,5126200,214.1522979736328
VOO,2018-10-30,242.30999755859375,246.3800048828125,241.8000030517578,246.2100067138672,3619100,217.4285888671875
VOO,2018-10-31,248.72000122070312,251.0800018310547,248.27000427246094,248.7899932861328,4073400,219.70697021484375
VOO,2018-11-01,249.6300048828125,251.5399932861328,248.4600067138672,251.3699951171875,2870700,221.98544311523438
VOO,2018-11-02,252.44000244140625,252.89999389648438,247.75,249.80999755859375,3184500,220.60777282714844
VOO,2018-11-05,250.32000732421875,251.7899932861328,249.38999938964844,251.22999572753906,1912100,221.86183166503906
VOO,2018-11-06,251.17999267578125,252.97999572753906,251.1199951171875,252.82000732421875,2255200,223.26596069335938
VOO,2018-11-07,255.07000732421875,258.32000732421875,254.64999389648438,258.1600036621094,3090800,227.9817352294922
VOO,2018-11-08,257.489990234375,258.44000244140625,256.6499938964844,257.7200012207031,2466900,227.59317016601562
VOO,2018-11-09,256.5,256.6400146484375,253.80999755859375,255.33999633789062,3078700,225.49136352539062
VOO,2018-11-12,254.69000244140625,254.9600067138672,249.9499969482422,250.41000366210938,2710200,221.1376953125
VOO,2018-11-13,250.9600067138672,253.00999450683594,249.27999877929688,249.99000549316406,3097000,220.7667694091797
VOO,2018-11-14,251.9600067138672,252.33999633789062,246.66000366210938,248.27999877929688,3619900,219.25668334960938
VOO,2018-11-15,247.02000427246094,251.38999938964844,245.42999267578125,250.85000610351562,3911900,221.52622985839844
VOO,2018-11-16,249.77000427246094,252.47000122070312,249.25999450683594,251.49000549316406,2342800,222.0913848876953
VOO,2018-11-19,250.94000244140625,251.2100067138672,246.35000610351562,247.32000732421875,2973700,218.40892028808594
VOO,2018-11-20,243.83999633789062,245.32000732421875,241.8300018310547,242.77000427246094,5000900,214.39077758789062
VOO,2018-11-21,244.24000549316406,245.44000244140625,243.52000427246094,243.5800018310547,2425500,215.1060791015625
VOO,2018-11-23,241.8000030517578,243.35000610351562,241.72999572753906,242.00999450683594,830900,213.71957397460938
VOO,2018-11-26,244.22999572753906,245.83999633789062,243.85000610351562,245.8000030517578,2498500,217.0665740966797
VOO,2018-11-27,244.72999572753906,246.60000610351562,244.1199951171875,246.57000732421875,2849700,217.74656677246094
VOO,2018-11-28,247.72000122070312,252.3300018310547,246.75,252.3300018310547,3723300,222.83322143554688
VOO,2018-11-29,251.5399932861328,253.25,250.36000061035156,251.80999755859375,3279400,222.37400817871094
VOO,2018-11-30,251.63999938964844,253.94000244140625,251.35000610351562,253.47999572753906,2992800,223.84873962402344
VOO,2018-12-03,257.6499938964844,257.739990234375,255.05999755859375,256.6099853515625,3943500,226.61288452148438
VOO,2018-12-04,255.85000610351562,256.2699890136719,248.05999755859375,248.64999389648438,3837400,219.58340454101562
VOO,2018-12-06,244.4199981689453,248.08999633789062,241.1300048828125,248.02000427246094,7712700,219.0270538330078
VOO,2018-12-07,247.6300048828125,249.24000549316406,241.3699951171875,242.25999450683594,3928400,213.94036865234375
VOO,2018-12-10,242,243.6199951171875,237.6199951171875,242.5500030517578,5983700,214.19647216796875
VOO,2018-12-11,245.9499969482422,246.1199951171875,241.19000244140625,242.6199951171875,4543200,214.25831604003906
VOO,2018-12-12,245.8000030517578,247.16000366210938,243.85000610351562,243.9600067138672,4117000,215.44163513183594
VOO,2018-12-13,244.86000061035156,245.75999450683594,242.6999969482422,243.8800048828125,2610800,215.3710174560547
VOO,2018-12-14,241.64999389648438,242.6300048828125,238.77000427246094,239.3800048828125,5088500,211.3970489501953
VOO,2018-12-17,237.05999755859375,238.22000122070312,231.67999267578125,233.22999572753906,6127200,207.08103942871094
VOO,2018-12-18,235,235.67999267578125,231.47999572753906,233.13999938964844,4691400,207.0011749267578
VOO,2018-12-19,233.2100067138672,237,227.77999877929688,229.4199981689453,8215600,203.6982421875
VOO,2018-12-20,228.35000610351562,229.89999389648438,223.5399932861328,225.64999389648438,12141900,200.35086059570312
VOO,2018-12-21,226.74000549316406,229.4600067138672,220.57000732421875,221.16000366210938,11811600,196.3642578125
VOO,2018-12-24,219.74000549316406,220.8000030517578,215.07000732421875,215.07000732421875,8493500,190.9570770263672
VOO,2018-12-26,216.8800048828125,226.10000610351562,214.8300018310547,225.9499969482422,11598000,200.61720275878906
VOO,2018-12-27,222.9600067138672,228.1199951171875,219.60000610351562,228.0500030517578,9578400,202.48182678222656
VOO,2018-12-28,229.32000732421875,231.07000732421875,226.52000427246094,227.75999450683594,7436100,202.22430419921875
VOO,2018-12-31,229.30999755859375,229.97000122070312,227.4499969482422,229.80999755859375,6683900,204.04444885253906
VOO,2019-01-02,226.17999267578125,230.85000610351562,226.02000427246094,229.99000549316406,4891300,204.20428466796875
VOO,2019-01-03,228.10000610351562,228.4199981689453,223.97000122070312,224.5,3329600,199.32984924316406
VOO,2019-01-04,227.5399932861328,232.6199951171875,227.14999389648438,231.91000366210938,5100100,205.9090118408203
VOO,2019-01-07,232.2899932861328,235.22999572753906,231.32000732421875,233.64999389648438,3706000,207.4539337158203
VOO,2019-01-08,236.0500030517578,236.4600067138672,233.42999267578125,235.9199981689453,3546600,209.46942138671875
VOO,2019-01-09,236.7100067138672,237.94000244140625,235.4600067138672,237.00999450683594,4565000,210.43724060058594
VOO,2019-01-10,235.64999389648438,238.1699981689453,234.85000610351562,238,2813500,211.3162078857422
VOO,2019-01-11,236.85000610351562,238,236.24000549316406,237.88999938964844,2551000,211.21861267089844
VOO,2019-01-14,236.10000610351562,237.38999938964844,235.69000244140625,236.5800018310547,2653400,210.05545043945312
VOO,2019-01-15,236.97000122070312,239.58999633789062,236.97000122070312,239.35000610351562,5103700,212.51486206054688
VOO,2019-01-16,239.72000122070312,240.77000427246094,239.52000427246094,239.8800048828125,4066700,212.98545837402344
VOO,2019-01-17,239,242.5500030517578,238.9499969482422,241.6699981689453,3059000,214.5747833251953
VOO,2019-01-18,243.55999755859375,245.3699951171875,242.75999450683594,244.9199981689453,4943300,217.4603729248047
VOO,2019-01-22,243.38999938964844,243.5800018310547,239.97000122070312,241.66000366210938,5786300,214.56591796875
VOO,2019-01-23,242.67999267578125,243.33999633789062,239.5800018310547,242.02000427246094,3076400,214.88551330566406
VOO,2019-01-24,241.89999389648438,242.82000732421875,240.91000366210938,242.25999450683594,2197100,215.09861755371094
VOO,2019-01-25,244.11000061035156,245.11000061035156,243.6699981689453,244.32000732421875,3677500,216.9276580810547
VOO,2019-01-28,242.08999633789062,242.49000549316406,240.6300048828125,242.42999267578125,2407800,215.2495574951172
VOO,2019-01-29,242.5500030517578,243.1199951171875,241.27000427246094,242.1300048828125,2436900,214.98316955566406
VOO,2019-01-30,243.66000366210938,246.77999877929688,242.8800048828125,245.9600067138672,6028400,218.38377380371094
VOO,2019-01-31,245.86000061035156,248.52999877929688,245.67999267578125,248.00999450683594,5308100,220.20394897460938
VOO,2019-02-01,248.30999755859375,249.2899932861328,247.4600067138672,248.22000122070312,3718500,220.39039611816406
VOO,2019-02-04,248.3000030517578,250.02000427246094,247.58999633789062,249.99000549316406,2541700,221.96197509765625
VOO,2019-02-05,250.44000244140625,251.3300018310547,249.9199981689453,251.10000610351562,3613300,222.94752502441406
VOO,2019-02-06,250.75,251.22000122070312,249.9499969482422,250.7899932861328,2052200,222.67222595214844
VOO,2019-02-07,249.0399932861328,249.5800018310547,246.6199951171875,248.3300018310547,3907800,220.4880828857422
VOO,2019-02-08,247.00999450683594,248.7100067138672,246.1999969482422,248.64999389648438,2512600,220.77220153808594
VOO,2019-02-11,249.27999877929688,249.50999450683594,248.22000122070312,248.77999877929688,2986600,220.88763427734375
VOO,2019-02-12,250.3800048828125,252.36000061035156,250.33999633789062,252,5980500,223.74655151367188
VOO,2019-02-13,252.82000732421875,253.66000366210938,252.38999938964844,252.75999450683594,3569100,224.42140197753906
VOO,2019-02-14,251.64999389648438,253.36000061035156,250.8300018310547,252.1999969482422,3247800,223.9241943359375
VOO,2019-02-15,254.02999877929688,255,253.80999755859375,254.97999572753906,2806600,226.39248657226562
VOO,2019-02-19,254.14999389648438,256.0899963378906,254.14999389648438,255.4199981689453,2509300,226.78317260742188
VOO,2019-02-20,255.41000366210938,256.3800048828125,254.88999938964844,256.010009765625,2156300,227.30702209472656
VOO,2019-02-21,255.3300018310547,255.63999938964844,254.0399932861328,255.0800018310547,2020000,226.4813232421875
VOO,2019-02-22,255.69000244140625,256.80999755859375,255.4499969482422,256.6099853515625,2119400,227.83975219726562
VOO,2019-02-25,258.0899963378906,258.6099853515625,256.8800048828125,256.989990234375,2941300,228.17715454101562
VOO,2019-02-26,256.54998779296875,257.6400146484375,256.4100036621094,256.79998779296875,4629600,228.00843811035156
VOO,2019-02-27,256.05999755859375,257.0199890136719,255.10000610351562,256.6700134277344,2136400,227.89305114746094
VOO,2019-02-28,256.4200134277344,256.8800048828125,255.85000610351562,256.07000732421875,2207000,227.36029052734375
VOO,2019-03-01,257.80999755859375,258.2099914550781,256.3299865722656,257.8299865722656,2867000,228.9229736328125
VOO,2019-03-04,258.8699951171875,259.1000061035156,254.49000549316406,256.8399963378906,3384200,228.0439453125
VOO,2019-03-05,256.989990234375,257.1700134277344,255.9600067138672,256.5400085449219,2475900,227.77757263183594
VOO,2019-03-06,256.6199951171875,256.6199951171875,254.60000610351562,254.89999389648438,2514900,226.32150268554688
VOO,2019-03-07,254.47999572753906,254.60000610351562,251.9499969482422,252.85000610351562,6441200,224.50131225585938
VOO,2019-03-08,250.8800048828125,252.4499969482422,250.33999633789062,252.33999633789062,4522300,224.04849243164062
VOO,2019-03-11,253.0399932861328,256.1199951171875,253.02000427246094,256.0199890136719,1884200,227.31588745117188
VOO,2019-03-12,256.5199890136719,257.4599914550781,256.3699951171875,256.92999267578125,2271900,228.1238555908203
VOO,2019-03-13,257.8399963378906,259.5899963378906,257.69000244140625,258.67999267578125,1974300,229.6776580810547
VOO,2019-03-14,258.67999267578125,259.1199951171875,258.0400085449219,258.5899963378906,1557500,229.5977783203125
VOO,2019-03-15,259.0199890136719,260.57000732421875,258.8699951171875,259.8500061035156,3151200,230.7165069580078
VOO,2019-03-18,260,260.989990234375,259.7699890136719,260.7799987792969,1830000,231.54222106933594
VOO,2019-03-19,261.80999755859375,262.5899963378906,259.8800048828125,260.8599853515625,4061800,231.61325073242188
VOO,2019-03-20,260.5400085449219,261.7699890136719,258.8399963378906,259.92999267578125,3415200,230.78753662109375
VOO,2019-03-21,257.67999267578125,261.8599853515625,257.67999267578125,261.42999267578125,2968300,233.42601013183594
VOO,2019-03-22,260.07000732421875,260.6099853515625,256.3699951171875,256.4599914550781,4317400,228.98837280273438
VOO,2019-03-25,256.0899963378906,257.2799987792969,254.9499969482422,256.2300109863281,2893600,228.78302001953125
VOO,2019-03-26,258.010009765625,259.1199951171875,256.7300109863281,258.0799865722656,3177600,230.43484497070312
VOO,2019-03-27,258.1499938964844,258.7300109863281,255.22999572753906,256.8800048828125,2714300,229.3633575439453
VOO,2019-03-28,257.45001220703125,258.2200012207031,256.2699890136719,257.8800048828125,1716700,230.25625610351562
VOO,2019-03-29,259.3399963378906,259.7200012207031,258.17999267578125,259.5400085449219,2831100,231.7384033203125
VOO,2019-04-01,261.4599914550781,262.7799987792969,261.19000244140625,262.5299987792969,3303900,234.40818786621094
VOO,2019-04-02,262.6700134277344,262.8500061035156,261.80999755859375,262.6199951171875,1512600,234.48854064941406
VOO,2019-04-03,263.8699951171875,264.25,262.3999938964844,263.1099853515625,1933900,234.92605590820312
VOO,2019-04-04,263.3699951171875,263.9599914550781,262.6700134277344,263.739990234375,1738500,235.488525390625
VOO,2019-04-05,264.4200134277344,265.05999755859375,264.1199951171875,265.010009765625,1505000,236.62249755859375
VOO,2019-04-08,264.57000732421875,265.30999755859375,263.9100036621094,265.239990234375,1720100,236.82785034179688
VOO,2019-04-09,264.2200012207031,264.5400085449219,263.2900085449219,263.8299865722656,2016900,235.56893920898438
VOO,2019-04-10,264.25,264.8399963378906,263.8500061035156,264.739990234375,2990600,236.38143920898438
VOO,2019-04-11,265.239990234375,265.239990234375,264.0899963378906,264.69000244140625,1567700,236.3367919921875
VOO,2019-04-12,266.3299865722656,266.7699890136719,265.6300048828125,266.4800109863281,1903400,237.9351043701172
VOO,2019-04-15,266.57000732421875,266.6400146484375,265.4700012207031,266.29998779296875,1584500,237.77423095703125
VOO,2019-04-16,267.20001220703125,267.239990234375,265.8599853515625,266.489990234375,2447700,237.94395446777344
VOO,2019-04-17,267.5899963378906,267.6099853515625,265.3999938964844,265.8399963378906,1872400,237.363525390625
VOO,2019-04-18,266.44000244140625,266.6000061035156,265.0799865722656,266.3399963378906,2788900,237.81002807617188
VOO,2019-04-22,265.55999755859375,266.7099914550781,265.4700012207031,266.6000061035156,1126500,238.0421905517578
VOO,2019-04-23,266.9599914550781,269.19000244140625,266.7099914550781,268.8999938964844,2618300,240.09580993652344
VOO,2019-04-24,268.8900146484375,269.2099914550781,268.2300109863281,268.3699951171875,1393400,239.6226043701172
VOO,2019-04-25,268.2799987792969,268.8800048828125,266.9800109863281,268.2699890136719,1237400,239.53329467773438
VOO,2019-04-26,268.2799987792969,269.5400085449219,267.4599914550781,269.5,2172600,240.63157653808594
VOO,2019-04-29,269.55999755859375,270.4100036621094,269.4599914550781,269.8399963378906,1892500,240.93515014648438
VOO,2019-04-30,269.55999755859375,270.30999755859375,268.1099853515625,270.010009765625,2024600,241.0869140625
VOO,2019-05-01,270.67999267578125,270.8699951171875,268,268.0400085449219,2669400,239.3279266357422
VOO,2019-05-02,267.8800048828125,268.79998779296875,265.92999267578125,267.510009765625,3009000,238.85472106933594
VOO,2019-05-03,268.9200134277344,270.32000732421875,268.70001220703125,270.04998779296875,1969000,241.12265014648438
VOO,2019-05-06,265.6499938964844,269.3599853515625,265.30999755859375,268.9800109863281,3966900,240.16726684570312
VOO,2019-05-07,266.4800109863281,267.0799865722656,262.4800109863281,264.6199951171875,4752500,236.27427673339844
VOO,2019-05-08,264.1400146484375,265.82000732421875,263.4700012207031,264.1000061035156,2662500,235.8099822998047
VOO,2019-05-09,261.94000244140625,263.8399963378906,260.20001220703125,263.2900085449219,3094800,235.0867462158203
VOO,2019-05-10,262.3699951171875,265.3800048828125,259.2699890136719,264.5199890136719,3131900,236.18496704101562
VOO,2019-05-13,259.3699951171875,260.3399963378906,257.07000732421875,258.0299987792969,5548200,230.3901824951172
VOO,2019-05-14,258.989990234375,261.82000732421875,258.8399963378906,260.2699890136719,4702600,232.39024353027344
VOO,2019-05-15,258.6300048828125,262.45001220703125,258.3999938964844,261.80999755859375,2444100,233.76536560058594
VOO,2019-05-16,262.4700012207031,265.6000061035156,262.45001220703125,264.2099914550781,3221500,235.90817260742188
VOO,2019-05-17,261.8900146484375,265.0199890136719,261.8599853515625,262.6099853515625,2719500,234.4796142578125
VOO,2019-05-20,260.8999938964844,262.1099853515625,260.0199890136719,260.82000732421875,2762600,232.88133239746094
VOO,2019-05-21,262.5,263.510009765625,262.25,263.0299987792969,2760500,234.85462951660156
VOO,2019-05-22,262.1199951171875,263.2900085449219,261.8699951171875,262.30999755859375,3421500,234.2117156982422
VOO,2019-05-23,260.0799865722656,260.1000061035156,257.67999267578125,259.239990234375,3813200,231.47055053710938
VOO,2019-05-24,260.6000061035156,260.989990234375,259.05999755859375,259.69000244140625,1833100,231.87234497070312
VOO,2019-05-28,259.9599914550781,260.9599914550781,257.2900085449219,257.3599853515625,2565900,229.7919464111328
VOO,2019-05-29,256.1300048828125,256.5199890136719,254.10000610351562,255.58999633789062,4593500,228.21153259277344
VOO,2019-05-30,256.2799987792969,257.17999267578125,255.13999938964844,256.29998779296875,2977200,228.8455047607422
VOO,2019-05-31,253.6300048828125,254.49000549316406,252.77000427246094,252.8699951171875,3698600,225.78292846679688
VOO,2019-06-03,252.8300018310547,253.9600067138672,250.77000427246094,252.1199951171875,3825600,225.11322021484375
VOO,2019-06-04,254.47999572753906,257.760009765625,254.02999877929688,257.6700134277344,3536300,230.06874084472656
VOO,2019-06-05,259.239990234375,259.8800048828125,257.4200134277344,259.8500061035156,2646500,232.01524353027344
VOO,2019-06-06,260.1700134277344,262.260009765625,259.510009765625,261.5400085449219,2277500,233.52420043945312
VOO,2019-06-07,262.6199951171875,265.2900085449219,262.45001220703125,264.1499938964844,1877400,235.85458374023438
VOO,2019-06-10,265.760009765625,267.1000061035156,265.29998779296875,265.3900146484375,2845900,236.96176147460938
VOO,2019-06-11,267.25,267.6499938964844,264.69000244140625,265.3399963378906,1894500,236.91712951660156
VOO,2019-06-12,265.1199951171875,265.70001220703125,264.3599853515625,264.8399963378906,1711900,236.47071838378906
VOO,2019-06-13,265.82000732421875,266.3599853515625,265.1099853515625,266.0199890136719,1813700,237.5242919921875
VOO,2019-06-14,265.7099914550781,266.2900085449219,264.9100036621094,265.6199951171875,1203300,237.1671600341797
VOO,2019-06-17,265.94000244140625,266.55999755859375,265.6199951171875,265.8599853515625,1782500,237.38140869140625
VOO,2019-06-18,267.6499938964844,269.6600036621094,267.29998779296875,268.510009765625,2340700,239.7476348876953
VOO,2019-06-19,268.739990234375,269.7200012207031,267.760009765625,269.2200012207031,1684500,240.38156127929688
VOO,2019-06-20,271.94000244140625,272.19000244140625,269.7300109863281,271.7300109863281,3288100,242.6227264404297
VOO,2019-06-21,271.5299987792969,272.7900085449219,271.1700134277344,271.4100036621094,2226000,242.33692932128906
VOO,2019-06-24,271.5899963378906,271.9200134277344,270.8999938964844,271.05999755859375,3518400,242.02442932128906
VOO,2019-06-25,271.1000061035156,271.1300048828125,268.2699890136719,268.3800048828125,2287100,239.6315460205078
VOO,2019-06-26,269.29998779296875,269.82000732421875,268.0199890136719,268.1199951171875,2988700,239.39935302734375
VOO,2019-06-27,267.489990234375,268.19000244140625,267.1700134277344,267.6700134277344,2054600,240.23947143554688
VOO,2019-06-28,268.70001220703125,269.54998779296875,268.17999267578125,269.1499938964844,2883300,241.56771850585938
VOO,2019-07-01,272.4599914550781,272.6499938964844,270.29998779296875,271.44000244140625,4497900,243.62313842773438
VOO,2019-07-02,271.4700012207031,272.25,270.6199951171875,272.2300109863281,3040700,244.33221435546875
VOO,2019-07-03,272.9100036621094,274.3699951171875,272.760009765625,274.32000732421875,2335800,246.20797729492188
VOO,2019-07-05,273.1400146484375,274.25,271.8599853515625,273.9700012207031,3362500,245.8938446044922
VOO,2019-07-08,272.7900085449219,273.05999755859375,272.0299987792969,272.6000061035156,3131800,244.6642608642578
VOO,2019-07-09,271.3999938964844,273.2200012207031,271.3399963378906,272.94000244140625,2532900,244.9694061279297
VOO,2019-07-10,274.0199890136719,275.19000244140625,273.4599914550781,274.2099914550781,2853200,246.1092071533203
VOO,2019-07-11,274.8699951171875,275.1099853515625,273.8500061035156,274.760009765625,2249400,246.6029510498047
VOO,2019-07-12,275.3900146484375,276.19000244140625,275.05999755859375,276.1099853515625,2932300,247.81442260742188
VOO,2019-07-15,276.5299987792969,276.54998779296875,275.7099914550781,276.17999267578125,1466200,247.87734985351562
VOO,2019-07-16,276.1199951171875,276.2699890136719,274.989990234375,275.2799987792969,1564000,247.06968688964844
VOO,2019-07-17,275.2799987792969,275.3999938964844,273.4200134277344,273.4200134277344,1758100,245.40017700195312
VOO,2019-07-18,272.9100036621094,274.7900085449219,272.4700012207031,274.4200134277344,3461100,246.29776000976562
VOO,2019-07-19,275.5199890136719,275.5400085449219,272.70001220703125,272.95001220703125,2319400,244.97837829589844
VOO,2019-07-22,273.32000732421875,274.1099853515625,272.7900085449219,273.6099853515625,1304100,245.57073974609375
VOO,2019-07-23,274.7099914550781,275.5,273.8900146484375,275.489990234375,1753000,247.2580108642578
VOO,2019-07-24,274.7799987792969,276.7900085449219,274.6700134277344,276.760009765625,1669900,248.3979034423828
VOO,2019-07-25,276.4100036621094,276.4100036621094,274.67999267578125,275.4100036621094,1874200,247.18629455566406
VOO,2019-07-26,276.20001220703125,277.54998779296875,276.1000061035156,277.3800048828125,1796900,248.95433044433594
VOO,2019-07-29,277.2300109863281,277.2699890136719,276.260009765625,276.8800048828125,2925900,248.5056610107422
VOO,2019-07-30,275.45001220703125,276.55999755859375,275.0400085449219,276.2099914550781,1751100,247.9043426513672
VOO,2019-07-31,276.3900146484375,276.6099853515625,271.07000732421875,273.0799865722656,4910000,245.09500122070312
VOO,2019-08-01,273.2799987792969,276.2799987792969,269.94000244140625,270.7900085449219,6921000,243.03965759277344
VOO,2019-08-02,269.8900146484375,270.0799865722656,267.1499938964844,268.80999755859375,5310400,241.26263427734375
VOO,2019-08-05,264.57000732421875,264.67999267578125,258.70001220703125,260.8800048828125,7354000,234.1453094482422
VOO,2019-08-06,262.5299987792969,264.4700012207031,261.05999755859375,264.239990234375,4366800,237.1609344482422
VOO,2019-08-07,261.1600036621094,265.2300109863281,258.989990234375,264.4200134277344,4261200,237.32249450683594
VOO,2019-08-08,266,269.5899963378906,265.3999938964844,269.5799865722656,3618800,241.95367431640625
VOO,2019-08-09,268.7200012207031,269.2900085449219,266,267.70001220703125,2616300,240.26641845703125
VOO,2019-08-12,266.239990234375,266.7900085449219,263.57000732421875,264.55999755859375,2104500,237.4481201171875
VOO,2019-08-13,264.2200012207031,270.1000061035156,263.9100036621094,268.6600036621094,3402300,241.12803649902344
VOO,2019-08-14,264.55999755859375,265.1499938964844,260.57000732421875,260.57000732421875,4354800,233.86703491210938
VOO,2019-08-15,261.6199951171875,262.2699890136719,259.3399963378906,261.3900146484375,2775200,234.60304260253906
VOO,2019-08-16,263.07000732421875,265.67999267578125,263.0199890136719,265.2200012207031,2432700,238.04051208496094
VOO,2019-08-19,268.3599853515625,269.1400146484375,267.6400146484375,268.4800109863281,1430800,240.96646118164062
VOO,2019-08-20,267.9800109863281,268.489990234375,266.2900085449219,266.3999938964844,1865000,239.0995635986328
VOO,2019-08-21,268.5799865722656,268.92999267578125,267.9200134277344,268.55999755859375,2007400,241.03819274902344
VOO,2019-08-22,269.2799987792969,269.9100036621094,266.70001220703125,268.4599914550781,1883700,240.94847106933594
VOO,2019-08-23,267.19000244140625,268.8399963378906,260.3299865722656,261.57000732421875,4184200,234.7646026611328
VOO,2019-08-26,263.80999755859375,264.4700012207031,262.2699890136719,264.4700012207031,2260000,237.36734008789062
VOO,2019-08-27,265.9200134277344,266.260009765625,262.7099914550781,263.42999267578125,2490400,236.43399047851562
VOO,2019-08-28,262.7300109863281,265.45001220703125,262,265.260009765625,3124000,238.076416015625
VOO,2019-08-29,267.9100036621094,269.2300109863281,266.8999938964844,268.7099914550781,3128700,241.17283630371094
VOO,2019-08-30,270.1499938964844,270.2099914550781,267.6600036621094,268.6000061035156,4209200,241.0741729736328
VOO,2019-09-03,266.8299865722656,267.79998779296875,265.67999267578125,267.1099853515625,3368500,239.7367706298828
VOO,2019-09-04,269.25,270.05999755859375,268.4800109863281,269.9700012207031,1486100,242.30369567871094
VOO,2019-09-05,272.57000732421875,274.44000244140625,272.4599914550781,273.5400085449219,1755800,245.5078887939453
VOO,2019-09-06,273.92999267578125,274.3900146484375,273.19000244140625,273.739990234375,1890800,245.6874237060547
VOO,2019-09-09,274.79998779296875,274.8299865722656,272.9599914550781,273.80999755859375,2158500,245.75022888183594
VOO,2019-09-10,273.1099853515625,273.8800048828125,271.8699951171875,273.8699951171875,1870400,245.8040313720703
VOO,2019-09-11,274.1499938964844,275.8399963378906,273.5,275.8399963378906,2080300,247.572265625
VOO,2019-09-12,276.7099914550781,277.79998779296875,275.94000244140625,276.6499938964844,2433700,248.29917907714844
VOO,2019-09-13,277.2099914550781,277.5400085449219,276.1499938964844,276.5799865722656,2292000,248.23638916015625
VOO,2019-09-16,275.3800048828125,276.1000061035156,275.0400085449219,275.6700134277344,1432400,247.41964721679688
VOO,2019-09-17,275.4599914550781,276.4800109863281,275.3399963378906,276.4200134277344,1789200,248.0928192138672
VOO,2019-09-18,276,276.67999267578125,273.95001220703125,276.5899963378906,2028700,248.24530029296875
VOO,2019-09-19,277,277.9800109863281,276.2300109863281,276.5299987792969,2267900,248.19154357910156
VOO,2019-09-20,277.17999267578125,277.4100036621094,274.5,275.04998779296875,2052700,246.8631591796875
VOO,2019-09-23,274.5899963378906,275.8999938964844,274.3299865722656,275.239990234375,1286400,247.0337371826172
VOO,2019-09-24,276.30999755859375,276.67999267578125,272.05999755859375,272.9599914550781,5124900,244.9873046875
VOO,2019-09-25,273.0799865722656,275.0799865722656,271.6000061035156,274.6300048828125,2649200,246.48619079589844
VOO,2019-09-26,273.3399963378906,273.54998779296875,271.3500061035156,272.7900085449219,2355000,246.00006103515625
VOO,2019-09-27,273.55999755859375,273.5899963378906,269.7200012207031,271.260009765625,2836500,244.62037658691406
VOO,2019-09-30,271.82000732421875,273.2699890136719,271.7900085449219,272.6000061035156,2735200,245.82879638671875
VOO,2019-10-01,273.44000244140625,274.0799865722656,269.0899963378906,269.32000732421875,3696000,242.8708953857422
VOO,2019-10-02,267.7300109863281,267.7300109863281,263.25,264.57000732421875,4463500,238.5873565673828
VOO,2019-10-03,264.3500061035156,266.7300109863281,261.5899963378906,266.6700134277344,2988800,240.4811553955078
VOO,2019-10-04,267.45001220703125,270.55999755859375,267.3599853515625,270.3699951171875,1907800,243.81776428222656
VOO,2019-10-07,269.55999755859375,271.1600036621094,268.8999938964844,269.2099914550781,1821900,242.771728515625
VOO,2019-10-08,267.2799987792969,268.0199890136719,264.9599914550781,265.0299987792969,2153100,239.00221252441406
VOO,2019-10-09,267.0400085449219,268.44000244140625,266.3900146484375,267.5,1921200,241.22964477539062
VOO,2019-10-10,267.4200134277344,270.20001220703125,267.25,269.32000732421875,1559300,242.8708953857422
VOO,2019-10-11,272.1000061035156,274.3500061035156,271.94000244140625,272.1300048828125,2806500,245.40493774414062
VOO,2019-10-14,271.7900085449219,272.45001220703125,271.4800109863281,271.8800048828125,1215500,245.17953491210938
VOO,2019-10-15,272.8699951171875,275.25,272.7699890136719,274.510009765625,1783800,247.55128479003906
VOO,2019-10-16,274.07000732421875,274.7300109863281,273.6199951171875,274.0799865722656,1150800,247.1634521484375
VOO,2019-10-17,275.239990234375,275.7200012207031,274.19000244140625,274.82000732421875,3100600,247.83084106445312
VOO,2019-10-18,274.3599853515625,274.9700012207031,272.80999755859375,273.69000244140625,1152200,246.81173706054688
VOO,2019-10-21,275.04998779296875,275.7200012207031,274.57000732421875,275.6000061035156,3017500,248.53419494628906
VOO,2019-10-22,276.0899963378906,276.3299865722656,274.5199890136719,274.6300048828125,1601500,247.659423828125
VOO,2019-10-23,274.4100036621094,275.4800109863281,274.17999267578125,275.44000244140625,1296500,248.38987731933594
VOO,2019-10-24,276.3800048828125,276.510009765625,275.04998779296875,275.8900146484375,2220600,248.79562377929688
VOO,2019-10-25,275.3299865722656,277.5400085449219,275.2799987792969,277.0400085449219,5500900,249.83274841308594
VOO,2019-10-28,278.2200012207031,279.07000732421875,278.2200012207031,278.6499938964844,1795900,251.2845916748047
VOO,2019-10-29,278.32000732421875,279.42999267578125,278.17999267578125,278.4700012207031,1599200,251.12232971191406
VOO,2019-10-30,278.69000244140625,279.69000244140625,277.3800048828125,279.45001220703125,1811300,252.00601196289062
VOO,2019-10-31,279.3500061035156,279.3500061035156,277.1499938964844,278.54998779296875,2312100,251.19444274902344
VOO,2019-11-01,280.04998779296875,281.2099914550781,279.9100036621094,281.20001220703125,2361900,253.58421325683594
VOO,2019-11-04,282.7900085449219,282.8999938964844,281.9599914550781,282.32000732421875,3797500,254.59422302246094
VOO,2019-11-05,282.5799865722656,282.82000732421875,281.7099914550781,281.9599914550781,2995600,254.26953125
VOO,2019-11-06,282.0400085449219,282.3399963378906,281.1199951171875,282.1099853515625,1457200,254.40475463867188
VOO,2019-11-07,283.4599914550781,284.2300109863281,282.5799865722656,283.1099853515625,2689600,255.3064727783203
VOO,2019-11-08,282.739990234375,283.79998779296875,282,283.79998779296875,2328700,255.9287872314453
VOO,2019-11-11,282.42999267578125,283.3699951171875,282.239990234375,283.25,1123700,255.4327850341797
VOO,2019-11-12,283.5799865722656,284.7200012207031,283.0299987792969,283.80999755859375,1737600,255.9378204345703
VOO,2019-11-13,282.8299865722656,284.32000732421875,282.5899963378906,283.92999267578125,1721400,256.04608154296875
VOO,2019-11-14,283.6400146484375,284.3999938964844,282.989990234375,284.30999755859375,2244000,256.3887023925781
VOO,2019-11-15,285.6400146484375,286.42999267578125,285,286.42999267578125,1892400,258.3005676269531
VOO,2019-11-18,286.17999267578125,286.8500061035156,285.7099914550781,286.6099853515625,2278500,258.4629211425781
VOO,2019-11-19,287.239990234375,287.239990234375,285.8800048828125,286.4700012207031,3212500,258.336669921875
VOO,2019-11-20,285.9100036621094,286.4200134277344,283.8900146484375,285.4599914550781,2816300,257.4257507324219
VOO,2019-11-21,285.5199890136719,285.6400146484375,284.1700134277344,285.0199890136719,2307200,257.02899169921875
VOO,2019-11-22,285.75,285.8599853515625,284.6000061035156,285.6499938964844,1266500,257.5971984863281
VOO,2019-11-25,286.6000061035156,287.8399963378906,286.57000732421875,287.82000732421875,2040300,259.5540466308594
VOO,2019-11-26,287.9100036621094,288.67999267578125,287.57000732421875,288.3999938964844,1795700,260.0771179199219
VOO,2019-11-27,289.05999755859375,289.7799987792969,288.760009765625,289.760009765625,1631500,261.3035888671875
VOO,2019-11-29,289.25,289.4800109863281,288.4800109863281,288.6499938964844,1988500,260.3025817871094
VOO,2019-12-02,289.0299987792969,289.0299987792969,285.8399963378906,286.29998779296875,4416100,258.18341064453125
VOO,2019-12-03,283.5199890136719,284.42999267578125,282.1000061035156,284.2900085449219,3236000,256.3707275390625
VOO,2019-12-04,285.4100036621094,286.70001220703125,285.07000732421875,286.1099853515625,3188800,258.011962890625
VOO,2019-12-05,286.8299865722656,286.8299865722656,285.2900085449219,286.6400146484375,1597200,258.48992919921875
VOO,2019-12-06,288.5799865722656,289.6499938964844,288.54998779296875,289.19000244140625,1609400,260.7895812988281
VOO,2019-12-09,288.8699951171875,289.5199890136719,288.2699890136719,288.30999755859375,1478900,259.99591064453125
VOO,2019-12-10,288.30999755859375,288.94000244140625,287.3500061035156,288.0400085449219,1822700,259.75244140625
VOO,2019-12-11,288.45001220703125,289.0799865722656,288.0799865722656,288.7900085449219,1835400,260.4288024902344
VOO,2019-12-12,288.8500061035156,292.1000061035156,288.6099853515625,291.3299865722656,3276600,262.7193603515625
VOO,2019-12-13,291.0899963378906,292.760009765625,290.29998779296875,291.44000244140625,3519600,262.8186340332031
VOO,2019-12-16,293.260009765625,294.1099853515625,293.2200012207031,293.5,3141900,264.67626953125
VOO,2019-12-17,293.989990234375,294.19000244140625,293.5,293.55999755859375,3658200,264.7303771972656
VOO,2019-12-18,294.0199890136719,294.2200012207031,293.57000732421875,293.5799865722656,3294400,264.7484436035156
VOO,2019-12-19,293.7799987792969,294.8800048828125,293.75,294.79998779296875,2331600,265.8485412597656
VOO,2019-12-20,295.8900146484375,296.760009765625,295.7799987792969,296.29998779296875,4985600,267.2012939453125
VOO,2019-12-23,295.489990234375,295.5299987792969,294.989990234375,295.1600036621094,2325200,267.4631652832031
VOO,2019-12-24,295.3599853515625,295.3999938964844,294.8500061035156,295.1600036621094,1305900,267.4631652832031
VOO,2019-12-26,295.55999755859375,296.69000244140625,295.5199890136719,296.6700134277344,2390300,268.83148193359375
VOO,2019-12-27,297.510009765625,297.510009765625,296.1499938964844,296.6700134277344,2225400,268.83148193359375
VOO,2019-12-30,296.75,296.8399963378906,294.510009765625,295.0400085449219,2345400,267.35443115234375
VOO,2019-12-31,294.5299987792969,295.989990234375,294.1700134277344,295.79998779296875,2512700,268.04315185546875
VOO,2020-01-02,297.2900085449219,298.45001220703125,296.3399963378906,298.4200134277344,3142400,270.417236328125
VOO,2020-01-03,295.2200012207031,297.3599853515625,295.0400085449219,296.239990234375,3247900,268.44183349609375
VOO,2020-01-06,294.4200134277344,297.4200134277344,294.3500061035156,297.3500061035156,2777100,269.44757080078125
VOO,2020-01-07,296.82000732421875,297.2699890136719,296.05999755859375,296.5299987792969,2251800,268.70458984375
VOO,2020-01-08,296.7099914550781,299.30999755859375,296.4700012207031,298.05999755859375,3719500,270.09100341796875
VOO,2020-01-09,299.7300109863281,300.19000244140625,299.0899963378906,300.1199951171875,2168500,271.957763671875
VOO,2020-01-10,300.739990234375,300.8599853515625,298.7900085449219,299.260009765625,3666800,271.1783752441406
VOO,2020-01-13,299.9100036621094,301.32000732421875,299.4800109863281,301.239990234375,2728000,272.9725646972656
VOO,2020-01-14,300.8900146484375,301.9100036621094,300.32000732421875,300.8399963378906,2620100,272.6102294921875
VOO,2020-01-15,300.80999755859375,302.29998779296875,300.69000244140625,301.510009765625,2822300,273.2172546386719
VOO,2020-01-16,302.94000244140625,304.0400085449219,302.7099914550781,304.0299987792969,2582600,275.5008239746094
VOO,2020-01-17,304.7699890136719,305.20001220703125,304.20001220703125,305.05999755859375,2218000,276.4342041015625
VOO,2020-01-21,304.0799865722656,305.2200012207031,304,304.42999267578125,2757900,275.8632507324219
VOO,2020-01-22,305.30999755859375,305.9200134277344,304.32000732421875,304.510009765625,2765300,275.9357604980469
VOO,2020-01-23,303.8399963378906,304.9700012207031,302.6600036621094,304.80999755859375,2673100,276.2076110839844
VOO,2020-01-24,305.4200134277344,305.5199890136719,300.80999755859375,302.0299987792969,3448200,273.6884765625
VOO,2020-01-27,296.8399963378906,298.7300109863281,296.45001220703125,297.2300109863281,4302000,269.3388977050781
VOO,2020-01-28,298.70001220703125,301.2200012207031,298.2200012207031,300.45001220703125,3562500,272.2567138671875
VOO,2020-01-29,301.7799987792969,301.94000244140625,299.9200134277344,300.1499938964844,2739400,271.98492431640625
VOO,2020-01-30,298.0400085449219,301.2900085449219,297.29998779296875,301.0899963378906,4432700,272.8367004394531
VOO,2020-01-31,300.44000244140625,300.6000061035156,294.7200012207031,295.69000244140625,6184700,267.9433288574219
VOO,2020-02-03,297.1199951171875,299.6700134277344,297.0299987792969,297.8399963378906,3205200,269.8917541503906
VOO,2020-02-04,301.5,303.2300109863281,301.1600036621094,302.42999267578125,2292800,274.0509948730469
VOO,2020-02-05,305.3999938964844,306.0799865722656,303.8699951171875,305.8500061035156,3049900,277.15008544921875
VOO,2020-02-06,306.79998779296875,307.0799865722656,305.80999755859375,306.8900146484375,1925500,278.0923767089844
VOO,2020-02-07,305.8299865722656,306.5899963378906,304.739990234375,305.3299865722656,2249000,276.6788024902344
VOO,2020-02-10,304.3900146484375,307.55999755859375,304.3500061035156,307.5199890136719,2246900,278.6632995605469
VOO,2020-02-11,308.92999267578125,309.69000244140625,307.6099853515625,308.0799865722656,2438800,279.1707458496094
VOO,2020-02-12,309.55999755859375,310.2699890136719,309.1700134277344,310.05999755859375,2115800,280.9649963378906
VOO,2020-02-13,308.6000061035156,310.7200012207031,308.3599853515625,309.760009765625,2043400,280.69305419921875
VOO,2020-02-14,310.1099853515625,310.3299865722656,309,310.2799987792969,1637000,281.1643371582031
VOO,2020-02-18,309.239990234375,309.82000732421875,308.0299987792969,309.42999267578125,3000300,280.3941345214844
VOO,2020-02-19,310.4200134277344,311.5899963378906,310.1199951171875,310.9200134277344,2257500,281.74432373046875
VOO,2020-02-20,310.3500061035156,311.19000244140625,306.6700134277344,309.70001220703125,4617300,280.6387939453125
VOO,2020-02-21,308.29998779296875,308.5799865722656,305.6199951171875,306.489990234375,2678000,277.7300109863281
VOO,2020-02-24,296.9599914550781,299.3800048828125,295.1700134277344,296.239990234375,7097000,268.44183349609375
VOO,2020-02-25,297.7300109863281,298.2300109863281,286.3599853515625,287.3399963378906,8465800,260.3769226074219
VOO,2020-02-26,288.6099853515625,292.2799987792969,285.4800109863281,286.07000732421875,10233700,259.2261962890625
VOO,2020-02-27,280.57000732421875,284.4800109863281,273.3599853515625,273.3900146484375,14897000,247.73599243164062
VOO,2020-02-28,265.32000732421875,272.9200134277344,262.25,271.739990234375,23179600,246.24081420898438
VOO,2020-03-02,274,284.0400085449219,270.489990234375,283.8699951171875,12428600,257.2325744628906
VOO,2020-03-03,284.3399963378906,288.32000732421875,273.3599853515625,276.0400085449219,9805900,250.13729858398438
VOO,2020-03-04,281.2300109863281,287.6499938964844,278.70001220703125,287.4800109863281,5253900,260.50384521484375
VOO,2020-03-05,280.29998779296875,283.4100036621094,275.6099853515625,277.8500061035156,6220000,251.7774658203125
VOO,2020-03-06,269.32000732421875,274.4599914550781,266.6000061035156,273.19000244140625,6669100,247.55471801757812
VOO,2020-03-09,253.88999938964844,260.989990234375,251.14999389648438,252.11000061035156,16425900,228.4528045654297
VOO,2020-03-10,260.4800109863281,263.80999755859375,250,263.80999755859375,10879100,240.17718505859375
VOO,2020-03-11,256.6600036621094,257.7200012207031,247.6199951171875,250.72999572753906,11480100,228.26893615722656
VOO,2020-03-12,234.94000244140625,243.67999267578125,225.80999755859375,226.47999572753906,24669300,206.19129943847656
VOO,2020-03-13,240.66000366210938,247.77999877929688,228.10000610351562,247.63999938964844,19533600,225.4557342529297
VOO,2020-03-16,222.85000610351562,234.77000427246094,218.13999938964844,218.57000732421875,17271500,198.9899139404297
VOO,2020-03-17,223.75,233.9499969482422,216.60000610351562,232.8800048828125,15115500,212.01800537109375
VOO,2020-03-18,216.0800018310547,224.74000549316406,208.30999755859375,220.14999389648438,20177500,200.42837524414062
VOO,2020-03-19,218.42999267578125,226,212.11000061035156,220.33999633789062,12441200,200.60133361816406
VOO,2020-03-20,222.8000030517578,224.55999755859375,210.0500030517578,210.74000549316406,11533200,191.86135864257812
VOO,2020-03-23,209.6300048828125,210.77999877929688,200.5500030517578,204.27000427246094,14128200,185.970947265625
VOO,2020-03-24,216.38999938964844,224.3000030517578,214.8300018310547,223.75,13160800,203.7058868408203
VOO,2020-03-25,225,235.50999450683594,220.32000732421875,226.6199951171875,11876400,206.31874084472656
VOO,2020-03-26,229.27000427246094,241.44000244140625,228.85000610351562,240.24000549316406,12411100,218.71864318847656
VOO,2020-03-27,232.6999969482422,239.63999938964844,230.66000366210938,232.86000061035156,11170600,211.999755859375
VOO,2020-03-30,234.9199981689453,241.10000610351562,232.97000122070312,240.38999938964844,8727800,218.85519409179688
VOO,2020-03-31,239.4499969482422,241.94000244140625,235.44000244140625,236.82000732421875,10386300,215.60499572753906
VOO,2020-04-01,227.9199981689453,231.0500030517578,224.1300048828125,226.14999389648438,13710100,205.890869140625
VOO,2020-04-02,225.3300018310547,232.17999267578125,224.72000122070312,231.44000244140625,6547000,210.7069854736328
VOO,2020-04-03,230.42999267578125,232.7100067138672,225.33999633789062,228.02000427246094,5490200,207.5933837890625
VOO,2020-04-06,236.9600067138672,245.3000030517578,235.92999267578125,243.52999877929688,7624000,221.7139434814453
VOO,2020-04-07,251.9199981689453,252.8000030517578,243.4600067138672,243.66000366210938,12936600,221.832275390625
VOO,2020-04-08,246.24000549316406,253.0500030517578,244.0500030517578,251.92999267578125,6958600,229.36143493652344
VOO,2020-04-09,255.1199951171875,258.3900146484375,253.13999938964844,255.6699981689453,8812600,232.7664031982422
VOO,2020-04-13,254.63999938964844,254.9499969482422,249.3800048828125,253.19000244140625,7666400,230.50852966308594
VOO,2020-04-14,258.239990234375,261.6300048828125,257.2099914550781,260.9200134277344,6631100,237.54608154296875
VOO,2020-04-15,255.0800018310547,256.8999938964844,253.11000061035156,255.24000549316406,4888900,232.37493896484375
VOO,2020-04-16,256.510009765625,257.29998779296875,253.39999389648438,256.5299987792969,6165700,233.54930114746094
VOO,2020-04-17,262.30999755859375,264,259.5,263.6099853515625,6738800,239.9950714111328
VOO,2020-04-20,259.6499938964844,263.1000061035156,258.5799865722656,258.8599853515625,6498700,235.67056274414062
VOO,2020-04-21,254.25,255.49000549316406,250,250.9499969482422,6526100,228.46922302246094
VOO,2020-04-22,255.8300018310547,258.2300109863281,254.47999572753906,256.4700012207031,5626800,233.49472045898438
VOO,2020-04-23,257.75,260.8999938964844,256.20001220703125,256.4200134277344,7665400,233.44924926757812
VOO,2020-04-24,258,260.70001220703125,255.94000244140625,260.1400146484375,4768200,236.8359832763672
VOO,2020-04-27,262.010009765625,264.9100036621094,261.57000732421875,263.8999938964844,3892200,240.25912475585938
VOO,2020-04-28,267.4800109863281,267.7900085449219,262.29998779296875,262.67999267578125,5849500,239.1484832763672
VOO,2020-04-29,267.9800109863281,271,266.9100036621094,269.45001220703125,6773100,245.31190490722656
VOO,2020-04-30,268.0799865722656,268.5799865722656,265.2300109863281,267.1000061035156,7386600,243.17242431640625
VOO,2020-05-01,262.1400146484375,262.8500061035156,258.739990234375,259.82000732421875,4790700,236.5446014404297
VOO,2020-05-04,257.9200134277344,260.8999938964844,256.5299987792969,260.6400146484375,4128900,237.2911376953125
VOO,2020-05-05,263.45001220703125,265.80999755859375,262.6000061035156,263.0400085449219,4437200,239.47618103027344
VOO,2020-05-06,264.7099914550781,265.1099853515625,261.1400146484375,261.2699890136719,3021400,237.86473083496094
VOO,2020-05-07,264.45001220703125,266.29998779296875,263.8999938964844,264.3599853515625,3410200,240.67787170410156
VOO,2020-05-08,267.5299987792969,269.1400146484375,266.3800048828125,268.7799987792969,3201100,244.70196533203125
VOO,2020-05-11,266.7799987792969,270.20001220703125,266.42999267578125,268.82000732421875,3469300,244.73838806152344
VOO,2020-05-12,269.9800109863281,270.3999938964844,263.3299865722656,263.4100036621094,5159900,239.8129425048828
VOO,2020-05-13,262.8699951171875,263.8999938964844,256.3599853515625,258.739990234375,5617500,235.56137084960938
VOO,2020-05-14,256.3299865722656,262,253.97000122070312,261.8599853515625,7737600,238.40185546875
VOO,2020-05-15,259.5400085449219,263.1099853515625,258.55999755859375,263.0400085449219,3385900,239.47618103027344
VOO,2020-05-18,269.32000732421875,272.70001220703125,269.05999755859375,271.0799865722656,6759200,246.79586791992188
VOO,2020-05-19,270.6099853515625,272.25,268.3399963378906,268.5199890136719,4921100,244.4652862548828
VOO,2020-05-20,271.9200134277344,273.7900085449219,271.69000244140625,272.8999938964844,4896200,248.45285034179688
VOO,2020-05-21,272.79998779296875,273.5899963378906,269.95001220703125,270.94000244140625,3581300,246.66845703125
VOO,2020-05-22,270.760009765625,271.7200012207031,269.5,271.54998779296875,2296400,247.22378540039062
VOO,2020-05-26,277.5299987792969,277.739990234375,274.54998779296875,275.0400085449219,4911800,250.4011688232422
VOO,2020-05-27,277.7799987792969,279.04998779296875,272.8599853515625,279.04998779296875,5152400,254.05189514160156
VOO,2020-05-28,280.0299987792969,282.0400085449219,277.80999755859375,278.5,4630600,253.55116271972656
VOO,2020-05-29,278.0299987792969,280.3500061035156,275.3599853515625,279.75,7049300,254.6892852783203
VOO,2020-06-01,279.07000732421875,281.489990234375,278.57000732421875,280.9700012207031,3888200,255.7999725341797
VOO,2020-06-02,281.7900085449219,283.2799987792969,280.4599914550781,283.2799987792969,4343900,257.9029541015625
VOO,2020-06-03,285.20001220703125,287.92999267578125,284.92999267578125,287.0199890136719,5568100,261.3079528808594
VOO,2020-06-04,286,287.75,284.20001220703125,286.2900085449219,3818600,260.6434020996094
VOO,2020-06-05,291.6300048828125,295.3800048828125,291.6099853515625,293.6099853515625,6015500,267.3076171875
VOO,2020-06-08,294.42999267578125,297.32000732421875,293.8800048828125,297.1700134277344,5559700,270.54864501953125
VOO,2020-06-09,294.489990234375,296.3900146484375,293.6300048828125,295.05999755859375,4686400,268.6277160644531
VOO,2020-06-10,295.5299987792969,296.3900146484375,292.5899963378906,293.2200012207031,5602600,266.9525146484375
VOO,2020-06-11,286.3599853515625,286.9200134277344,275.79998779296875,276.32000732421875,7748200,251.56646728515625
VOO,2020-06-12,283.3500061035156,284.1499938964844,274.5,279.6499938964844,6232200,254.59820556640625
VOO,2020-06-15,273.9100036621094,283.3500061035156,272.7699890136719,282.20001220703125,4431400,256.91973876953125
VOO,2020-06-16,290.04998779296875,290.20001220703125,282.8299865722656,287.7200012207031,5295000,261.9453125
VOO,2020-06-17,288.7300109863281,289.0199890136719,285.8800048828125,286.3999938964844,2662800,260.7434387207031
VOO,2020-06-18,284.9700012207031,287.1199951171875,284.54998779296875,286.6600036621094,2756300,260.980224609375
VOO,2020-06-19,290.0400085449219,290.2699890136719,283.6700134277344,284.9700012207031,3479500,259.4416198730469
VOO,2020-06-22,284.3500061035156,287.19000244140625,283.260009765625,286.8599853515625,2518000,261.1623229980469
VOO,2020-06-23,289.510009765625,290.42999267578125,287.760009765625,288.1600036621094,2503600,262.34588623046875
VOO,2020-06-24,286.0799865722656,286.70001220703125,278.9700012207031,280.7900085449219,4532300,255.63612365722656
VOO,2020-06-25,280.260009765625,284.1000061035156,278.2200012207031,283.760009765625,3897400,258.3399963378906
VOO,2020-06-26,282.7200012207031,282.9200134277344,276.5199890136719,277.1099853515625,4479000,252.2857666015625
VOO,2020-06-29,276.8900146484375,279.7200012207031,274.7200012207031,279.70001220703125,3464600,255.9673309326172
VOO,2020-06-30,279.2900085449219,284.95001220703125,279.1499938964844,283.42999267578125,5215700,259.3808898925781
VOO,2020-07-01,284.3699951171875,286.510009765625,283.95001220703125,285.3699951171875,3712600,261.15625
VOO,2020-07-02,288.760009765625,290.04998779296875,286.17999267578125,286.80999755859375,3661100,262.4740295410156
VOO,2020-07-06,290.6700134277344,291.5799865722656,289.8999938964844,291.260009765625,3573800,266.54644775390625
VOO,2020-07-07,289.6700134277344,291.67999267578125,287.8900146484375,288.239990234375,3420300,263.7826843261719
VOO,2020-07-08,289,290.54998779296875,287.2900085449219,290.3800048828125,2434200,265.7411804199219
VOO,2020-07-09,291.0199890136719,291.29998779296875,285.4100036621094,288.8999938964844,3164600,264.3867492675781
VOO,2020-07-10,288.7200012207031,292.010009765625,287.3399963378906,291.79998779296875,2712400,267.0406494140625
VOO,2020-07-13,294.1000061035156,296.45001220703125,288.6099853515625,289.1600036621094,3657900,264.6246032714844
VOO,2020-07-14,287.7900085449219,293.32000732421875,286.6300048828125,293.0299987792969,4053100,268.1662902832031
VOO,2020-07-15,296.19000244140625,296.75,293.3500061035156,295.6300048828125,6601400,270.545654296875
VOO,2020-07-16,293.79998779296875,295.1099853515625,293.1499938964844,294.7699890136719,3082900,269.7586669921875
VOO,2020-07-17,295.7200012207031,296.3500061035156,293.75,295.54998779296875,2246000,270.4725341796875
VOO,2020-07-20,295.3299865722656,298.67999267578125,294.6000061035156,298.010009765625,2539900,272.7237854003906
VOO,2020-07-21,299.8599853515625,300.3500061035156,297.6600036621094,298.6300048828125,3305500,273.2911071777344
VOO,2020-07-22,298.2200012207031,300.55999755859375,298.1099853515625,300.3299865722656,4121100,274.8468933105469
VOO,2020-07-23,299.92999267578125,300.6199951171875,295.3800048828125,296.739990234375,3487100,271.56146240234375
VOO,2020-07-24,294.8599853515625,295.80999755859375,293.29998779296875,294.82000732421875,2851000,269.804443359375
VOO,2020-07-27,295.4800109863281,297.1199951171875,294.739990234375,296.9700012207031,2253300,271.77203369140625
VOO,2020-07-28,296.17999267578125,297.3299865722656,294.7900085449219,295.1300048828125,3135600,270.088134765625
VOO,2020-07-29,296,299.260009765625,295.8999938964844,298.70001220703125,2370800,273.3551940917969
VOO,2020-07-30,295.739990234375,298.05999755859375,293.6700134277344,297.6099853515625,2951700,272.357666015625
VOO,2020-07-31,299.45001220703125,300.1000061035156,295.239990234375,300.1000061035156,4460300,274.6364440917969
VOO,2020-08-03,301.6499938964844,302.82000732421875,301.1300048828125,301.989990234375,3767700,276.36602783203125
VOO,2020-08-04,301.2200012207031,303.260009765625,301.2200012207031,303.260009765625,2129200,277.5282897949219
VOO,2020-08-05,304.6099853515625,305.3999938964844,304.30999755859375,305.1499938964844,2615100,279.2579345703125
VOO,2020-08-06,304.5799865722656,307.2900085449219,304.25,307.20001220703125,4088200,281.13409423828125
VOO,2020-08-07,306.2300109863281,307.6000061035156,305.32000732421875,307.3599853515625,3319600,281.28033447265625
VOO,2020-08-10,307.8800048828125,308.5,305.9200134277344,308.3399963378906,2118200,282.17730712890625
VOO,2020-08-11,309.5199890136719,310.1199951171875,305.07000732421875,305.8500061035156,3571200,279.8985900878906
VOO,2020-08-12,308.25,310.80999755859375,308.20001220703125,310.0400085449219,2947400,283.7330017089844
VOO,2020-08-13,309.29998779296875,310.7799987792969,308.55999755859375,309.510009765625,4074200,283.2479553222656
VOO,2020-08-14,309.1499938964844,310.0199890136719,308.3399963378906,309.510009765625,2097600,283.2479553222656
VOO,2020-08-17,310.44000244140625,310.8699951171875,310.0899963378906,310.510009765625,2183400,284.1631774902344
VOO,2020-08-18,310.92999267578125,311.54998779296875,309.2799987792969,311.1600036621094,2415800,284.7579650878906
VOO,2020-08-19,311.54998779296875,312.2799987792969,309.30999755859375,309.8399963378906,2498300,283.550048828125
VOO,2020-08-20,308.1099853515625,311.2699890136719,308.0199890136719,310.82000732421875,2409300,284.4469299316406
VOO,2020-08-21,310.4800109863281,312.1000061035156,310.1700134277344,311.92999267578125,2316200,285.4626159667969
VOO,2020-08-24,314.3599853515625,315.1700134277344,313.3699951171875,315.1000061035156,2349600,288.3636474609375
VOO,2020-08-25,315.69000244140625,316.260009765625,314.5,316.20001220703125,2890800,289.3703308105469
VOO,2020-08-26,316.75,319.6300048828125,316.25,319.42999267578125,2606000,292.32623291015625
VOO,2020-08-27,320.2200012207031,321.5,318.4700012207031,320.07000732421875,2295900,292.91192626953125
VOO,2020-08-28,321.1400146484375,322.2799987792969,319.95001220703125,322.1499938964844,3538700,294.81549072265625
VOO,2020-08-31,321.9800109863281,322.8299865722656,320.79998779296875,321.0199890136719,5068000,293.7813415527344
VOO,2020-09-01,321.80999755859375,324.1000061035156,320.94000244140625,324.0199890136719,3008000,296.5268249511719
VOO,2020-09-02,325.94000244140625,329.6700134277344,324.7799987792969,328.739990234375,5273100,300.84637451171875
VOO,2020-09-03,327.010009765625,327.510009765625,314.80999755859375,317.3599853515625,6892000,290.4318542480469
VOO,2020-09-04,317.7699890136719,319.6000061035156,306.8999938964844,314.82000732421875,5133900,288.1074523925781
VOO,2020-09-08,309.3500061035156,310.5899963378906,305.8500061035156,306.1700134277344,4278300,280.1914367675781
VOO,2020-09-09,310.1499938964844,314.6600036621094,309.2900085449219,312.2099914550781,3339800,285.7189025878906
VOO,2020-09-10,314.04998779296875,314.7099914550781,305.82000732421875,306.75,3589000,280.72216796875
VOO,2020-09-11,308.54998779296875,309.5899963378906,304.1700134277344,306.9800109863281,3690100,280.9326477050781
VOO,2020-09-14,310.0799865722656,312.75,309.6099853515625,310.9700012207031,3056100,284.5841369628906
VOO,2020-09-15,313.4700012207031,314.260009765625,311.5199890136719,312.57000732421875,2570900,286.0483703613281
VOO,2020-09-16,313.80999755859375,315.17999267578125,311.0400085449219,311.30999755859375,2313400,284.8952941894531
VOO,2020-09-17,306.4800109863281,310.2699890136719,305.9599914550781,308.5899963378906,2848300,282.4059753417969
VOO,2020-09-18,309.44000244140625,309.4800109863281,302.54998779296875,305,3420800,279.1207275390625
VOO,2020-09-21,300.4700012207031,301.75,296.8299865722656,301.69000244140625,4536800,276.0914611816406
VOO,2020-09-22,303.1099853515625,305.239990234375,300.6700134277344,304.739990234375,2741500,278.8826904296875
VOO,2020-09-23,305.2799987792969,305.54998779296875,297.1700134277344,297.67999267578125,2755800,272.4217529296875
VOO,2020-09-24,296.30999755859375,301.4599914550781,295.0400085449219,298.5,3130700,273.17218017578125
VOO,2020-09-25,297.5799865722656,304.0400085449219,296.7200012207031,303.2799987792969,2683800,277.5466003417969
VOO,2020-09-28,307.4200134277344,309.0199890136719,306.42999267578125,308.3599853515625,2437900,282.1955871582031
VOO,2020-09-29,306.8399963378906,307.510009765625,304.6499938964844,305.29998779296875,2303900,280.5863342285156
VOO,2020-09-30,306.0400085449219,310.75,305.8500061035156,307.6499938964844,4304500,282.74615478515625
VOO,2020-10-01,310.1600036621094,311.1099853515625,307.760009765625,309.6000061035156,3005700,284.5382385253906
VOO,2020-10-02,304.7200012207031,308.5799865722656,304.2099914550781,306.7200012207031,3125100,281.89141845703125
VOO,2020-10-05,308.69000244140625,312.2900085449219,308.69000244140625,312.0799865722656,2364500,286.81744384765625
VOO,2020-10-06,312.25,314.32000732421875,307.17999267578125,307.7200012207031,3389800,282.8104553222656
VOO,2020-10-07,310.6099853515625,313.80999755859375,310.6000061035156,313,1707800,287.6629333496094
VOO,2020-10-08,314.9599914550781,315.8500061035156,314.04998779296875,315.7699890136719,1731700,290.2087707519531
VOO,2020-10-09,317.4700012207031,319.1000061035156,316.8500061035156,318.5799865722656,2794100,292.7912292480469
VOO,2020-10-12,321.1400146484375,325.2200012207031,320.6600036621094,323.7200012207031,2194300,297.5151672363281
VOO,2020-10-13,323.6400146484375,323.7300109863281,320.7099914550781,321.6499938964844,2229700,295.6127624511719
VOO,2020-10-14,322.2200012207031,323.29998779296875,318.92999267578125,319.6400146484375,1902100,293.7655334472656
VOO,2020-10-15,315.7099914550781,319.70001220703125,315.2300109863281,319.260009765625,2481700,293.416259765625
VOO,2020-10-16,320.6499938964844,322.2099914550781,318.8999938964844,318.989990234375,1669600,293.1681213378906
VOO,2020-10-19,320.29998779296875,320.8900146484375,313.3299865722656,314.1700134277344,2229600,288.7383117675781
VOO,2020-10-20,315.4800109863281,318.6700134277344,314.7799987792969,315.4100036621094,3066600,289.87786865234375
VOO,2020-10-21,315.4100036621094,317.5199890136719,314.5899963378906,314.8399963378906,2607700,289.35406494140625
VOO,2020-10-22,315.05999755859375,317.1600036621094,312.989990234375,316.57000732421875,2362400,290.9439697265625
VOO,2020-10-23,317.8399963378906,317.8399963378906,315.239990234375,317.6499938964844,1429300,291.93658447265625
VOO,2020-10-26,314.30999755859375,315.0799865722656,308.3599853515625,311.79998779296875,3335800,286.5600891113281
VOO,2020-10-27,312.17999267578125,312.4700012207031,310.55999755859375,310.7699890136719,2196100,285.6134033203125
VOO,2020-10-28,305.1300048828125,305.739990234375,299.6199951171875,300.07000732421875,5650500,275.7796325683594
VOO,2020-10-29,300.32000732421875,306.25,298.69000244140625,303.2300109863281,5365200,278.68389892578125
VOO,2020-10-30,301.55999755859375,302.8599853515625,296.3699951171875,299.82000732421875,5892100,275.5499572753906
VOO,2020-11-02,303.3699951171875,305.30999755859375,300.6300048828125,303.30999755859375,4080400,278.7573547363281
VOO,2020-11-03,306.57000732421875,310.739990234375,306.0899963378906,308.6600036621094,3378300,283.67437744140625
VOO,2020-11-04,313.19000244140625,319.6499938964844,312,315.6099853515625,5750200,290.06170654296875
VOO,2020-11-05,320.94000244140625,323.54998779296875,320.5199890136719,321.7900085449219,3950300,295.7414855957031
VOO,2020-11-06,321.44000244140625,322.9200134277344,319.42999267578125,321.75,3640600,295.70477294921875
VOO,2020-11-09,334.3599853515625,335.20001220703125,325.2799987792969,325.760009765625,8097300,299.3901062011719
VOO,2020-11-10,324.7699890136719,326.29998779296875,322.05999755859375,325.3399963378906,4120800,299.004150390625
VOO,2020-11-11,327.4200134277344,328.5,326.1700134277344,327.6300048828125,2773500,301.1087341308594
VOO,2020-11-12,326.739990234375,327.44000244140625,322.7300109863281,324.6000061035156,2532700,298.323974609375
VOO,2020-11-13,326.45001220703125,329.7300109863281,325.8900146484375,329.010009765625,1996100,302.376953125
VOO,2020-11-16,331.6499938964844,333.1199951171875,330.4100036621094,333,3018800,306.04400634765625
VOO,2020-11-17,330.7300109863281,332.5,329.25,331.3399963378906,3052100,304.5184020996094
VOO,2020-11-18,331.6300048828125,332.1400146484375,327.2900085449219,327.32000732421875,2647800,300.8238220214844
VOO,2020-11-19,326.760009765625,329.0899963378906,325.4100036621094,328.69000244140625,2962200,302.0828857421875
VOO,2020-11-20,328.4100036621094,328.6600036621094,326.3999938964844,326.489990234375,3516800,300.0610046386719
VOO,2020-11-23,328.2799987792969,329.6000061035156,326.05999755859375,328.4200134277344,2222600,301.8348388671875
VOO,2020-11-24,331.0199890136719,334.25,330.1000061035156,333.739990234375,2659700,306.72406005859375
VOO,2020-11-25,333.6700134277344,333.6700134277344,332.1499938964844,333.19000244140625,2256900,306.2185974121094
VOO,2020-11-27,334.2900085449219,334.6099853515625,333.17999267578125,334.1400146484375,984700,307.09173583984375
VOO,2020-11-30,333.3999938964844,333.6300048828125,330.0400085449219,332.6400146484375,4175700,305.71319580078125
VOO,2020-12-01,335.9200134277344,337.79998779296875,335.32000732421875,336.29998779296875,3224200,309.0768737792969
VOO,2020-12-02,335.2200012207031,337.1099853515625,334.6499938964844,337.010009765625,2270300,309.7294006347656
VOO,2020-12-03,336.9100036621094,338.29998779296875,335.8800048828125,336.9100036621094,2851100,309.6374816894531
VOO,2020-12-04,337.5,339.8399963378906,337.45001220703125,339.80999755859375,2907000,312.30279541015625
VOO,2020-12-07,339.07000732421875,339.6300048828125,337.9100036621094,339.17999267578125,1943100,311.72381591796875
VOO,2020-12-08,337.8900146484375,340.70001220703125,337.8500061035156,340.1600036621094,1948200,312.6243896484375
VOO,2020-12-09,340.7900085449219,340.92999267578125,336.260009765625,337.1400146484375,2545800,309.848876953125
VOO,2020-12-10,335.739990234375,338,334.8399963378906,336.9800109863281,2738600,309.7018737792969
VOO,2020-12-11,335.30999755859375,336.79998779296875,333.7699890136719,336.54998779296875,2387900,309.3066101074219
VOO,2020-12-14,338.760009765625,339.7900085449219,334.8900146484375,335.010009765625,2654600,307.89141845703125
VOO,2020-12-15,337.6400146484375,339.6400146484375,336.239990234375,339.6400146484375,2757400,312.14654541015625
VOO,2020-12-16,339.8299865722656,341.0400085449219,338.9599914550781,340.1600036621094,2943200,312.6243896484375
VOO,2020-12-17,341.7699890136719,342.25,340.9599914550781,342.010009765625,2627000,314.32464599609375
VOO,2020-12-18,342.3900146484375,342.5,338.70001220703125,340.6400146484375,6025700,313.0655822753906
VOO,2020-12-21,336.8299865722656,340.3800048828125,334.1099853515625,339.5899963378906,3918100,312.1006164550781
VOO,2020-12-22,338.4700012207031,338.54998779296875,336.4700012207031,337.5400085449219,2371900,311.4850769042969
VOO,2020-12-23,338.5400085449219,339.75,337.69000244140625,337.80999755859375,3682200,311.7342529296875
VOO,2020-12-24,338.3699951171875,339.17999267578125,337.7699890136719,339.1600036621094,1447500,312.98004150390625
VOO,2020-12-28,341.739990234375,342.4599914550781,341.0899963378906,342.1099853515625,2798800,315.70233154296875
VOO,2020-12-29,343.6300048828125,343.7699890136719,340.8699951171875,341.3900146484375,2555500,315.037841796875
VOO,2020-12-30,342.2799987792969,342.9100036621094,341.57000732421875,341.8500061035156,2009100,315.46234130859375
VOO,2020-12-31,341.82000732421875,344.3699951171875,341.2300109863281,343.69000244140625,3507000,317.1603088378906
VOO,2021-01-04,345.0199890136719,345.0899963378906,335.3699951171875,339.0299987792969,5402600,312.8600769042969
VOO,2021-01-05,338.3999938964844,342.3900146484375,338.3900146484375,341.260009765625,3299700,314.9178771972656
VOO,2021-01-06,339.7900085449219,346.5,339.29998779296875,343.3299865722656,4805000,316.828125
VOO,2021-01-07,345.739990234375,349.20001220703125,345.5400085449219,348.4599914550781,3638900,321.56219482421875
VOO,2021-01-08,349.8800048828125,350.6199951171875,346.6400146484375,350.4200134277344,3758500,323.3708801269531
VOO,2021-01-11,347.3599853515625,349.82000732421875,347.20001220703125,348.1300048828125,2975000,321.2575988769531
VOO,2021-01-12,348.29998779296875,349.1499938964844,345.9700012207031,348.1600036621094,2298400,321.285400390625
VOO,2021-01-13,348.1099853515625,350.05999755859375,347.32000732421875,349.0299987792969,3039900,322.0880432128906
VOO,2021-01-14,349.8500061035156,350.32000732421875,347.54998779296875,347.8500061035156,3497400,320.99920654296875
VOO,2021-01-15,346.2699890136719,347.05999755859375,343.5299987792969,345.3699951171875,3622100,318.7106628417969
VOO,2021-01-19,347.79998779296875,348.5899963378906,346.3599853515625,348.1000061035156,3433800,321.2299499511719
VOO,2021-01-20,350.32000732421875,353.7099914550781,349.9700012207031,352.8299865722656,2920600,325.59478759765625
VOO,2021-01-21,353.4599914550781,353.8399963378906,352.29998779296875,353.1600036621094,2580800,325.8993225097656
VOO,2021-01-22,351.3800048828125,353.0400085449219,350.989990234375,351.8999938964844,1812200,324.73651123046875
VOO,2021-01-25,352.7099914550781,353.67999267578125,347.9700012207031,353.3299865722656,3549000,326.0561828613281
VOO,2021-01-26,354.2300109863281,354.6499938964844,352.6000061035156,352.79998779296875,2430200,325.5671691894531
VOO,2021-01-27,349.5400085449219,349.55999755859375,341.989990234375,344.239990234375,5010400,317.6678771972656
VOO,2021-01-28,345.9700012207031,351.07000732421875,345.5799865722656,347.1300048828125,3432200,320.3348388671875
VOO,2021-01-29,345.30999755859375,346.2200012207031,338.57000732421875,340.17999267578125,5803600,313.9211730957031
VOO,2021-02-01,343.6300048828125,346.8500061035156,341.3999938964844,345.7699890136719,3334000,319.0796813964844
VOO,2021-02-02,349.04998779296875,352.3399963378906,349,350.739990234375,2955200,323.66607666015625
VOO,2021-02-03,351.70001220703125,352.79998779296875,349.8800048828125,351.0899963378906,3392800,323.98907470703125
VOO,2021-02-04,352.1199951171875,355.0400085449219,351.9200134277344,355.0199890136719,1988300,327.6157531738281
VOO,2021-02-05,356.8999938964844,357.1300048828125,355.32000732421875,356.44000244140625,2091800,328.92608642578125
VOO,2021-02-08,357.9200134277344,359.07000732421875,357.05999755859375,359.07000732421875,3371100,331.3531188964844
VOO,2021-02-09,358.2200012207031,359.3299865722656,357.7699890136719,358.7799987792969,1891200,331.08551025390625
VOO,2021-02-10,360.5299987792969,360.6099853515625,356.29998779296875,358.6400146484375,2400000,330.956298828125
VOO,2021-02-11,359.7099914550781,360.1000061035156,356.8399963378906,359.2200012207031,2237200,331.49151611328125
VOO,2021-02-12,358.45001220703125,361.19000244140625,358.3599853515625,361.04998779296875,2144500,333.1802673339844
VOO,2021-02-16,362.1499938964844,362.3699951171875,359.9800109863281,360.7099914550781,4408500,332.866455078125
VOO,2021-02-17,359.0299987792969,360.9700012207031,357.9200134277344,360.7900085449219,3211800,332.9403381347656
VOO,2021-02-18,358.239990234375,359.92999267578125,356.489990234375,359.25,3010500,331.51922607421875
VOO,2021-02-19,360.4700012207031,360.7099914550781,358.1400146484375,358.5899963378906,2487100,330.91021728515625
VOO,2021-02-22,355.8399963378906,358.19000244140625,355.55999755859375,355.7699890136719,3291000,328.30792236328125
VOO,2021-02-23,353.69000244140625,357.55999755859375,349.5299987792969,356.2200012207031,5251100,328.72314453125
VOO,2021-02-24,355.1499938964844,360.5799865722656,354.20001220703125,360.1600036621094,3301200,332.3589782714844
VOO,2021-02-25,359.0299987792969,360.2699890136719,350.0799865722656,351.5199890136719,7049200,324.38592529296875
VOO,2021-02-26,353.4700012207031,354.4700012207031,347.7099914550781,349.5899963378906,7579500,322.60491943359375
VOO,2021-03-01,354.54998779296875,359.3900146484375,354.5,358.1199951171875,3721100,330.4764404296875
VOO,2021-03-02,358.3800048828125,358.6300048828125,355.1600036621094,355.3500061035156,5462600,327.92034912109375
VOO,2021-03-03,354.70001220703125,355.6400146484375,350.55999755859375,350.6600036621094,6317600,323.5923156738281
VOO,2021-03-04,350.489990234375,353.0199890136719,341.9200134277344,346.3399963378906,6604500,319.6058044433594
VOO,2021-03-05,349.7699890136719,353.7300109863281,342.5899963378906,352.69000244140625,8721300,325.4656982421875
VOO,2021-03-08,353.6300048828125,356.3999938964844,350.6600036621094,350.9599914550781,5663500,323.86920166015625
VOO,2021-03-09,354.75,358.4599914550781,354.2300109863281,355.8699951171875,6075100,328.4001770019531
VOO,2021-03-10,358.29998779296875,359.8399963378906,356.8800048828125,358.07000732421875,7231400,330.4303894042969
VOO,2021-03-11,360.6600036621094,363.760009765625,360.1600036621094,361.8500061035156,3340700,333.9185485839844
VOO,2021-03-12,360.5,362.45001220703125,359.6700134277344,362.3599853515625,4847300,334.38922119140625
VOO,2021-03-15,362.6700134277344,364.75,360.45001220703125,364.4599914550781,3154800,336.3271179199219
VOO,2021-03-16,365.1199951171875,365.7799987792969,363.25,364.04998779296875,3698400,335.9486999511719
VOO,2021-03-17,362.8299865722656,366.04998779296875,361.6199951171875,365.239990234375,5011600,337.046875
VOO,2021-03-18,362.7300109863281,364.760009765625,359.2799987792969,359.8699951171875,5067500,332.0914001464844
VOO,2021-03-19,359.6499938964844,361.1700134277344,357.1400146484375,359.2300109863281,5382800,331.50079345703125
VOO,2021-03-22,359.7900085449219,363.5,359.760009765625,362.07000732421875,3417600,334.12158203125
VOO,2021-03-23,361.5299987792969,362.94000244140625,358.510009765625,359.4100036621094,4954600,331.66693115234375
VOO,2021-03-24,360.7099914550781,362.2699890136719,357.4200134277344,357.4200134277344,4099000,329.8305358886719
VOO,2021-03-25,356.0799865722656,360.239990234375,354.1400146484375,359.42999267578125,5487300,331.68536376953125
VOO,2021-03-26,359.3699951171875,364.3699951171875,358.75,364.010009765625,3322600,337.0963134765625
VOO,2021-03-29,362.57000732421875,364.67999267578125,361.1099853515625,363.7900085449219,3143300,336.8925476074219
VOO,2021-03-30,362.55999755859375,363.4700012207031,361.2699890136719,362.8599853515625,3696200,336.0313415527344
VOO,2021-03-31,363.3900146484375,365.82000732421875,363.3900146484375,364.29998779296875,7470300,337.3648986816406
VOO,2021-04-01,366.20001220703125,368.2900085449219,366.0299987792969,368.1600036621094,5132000,340.93951416015625
VOO,2021-04-05,370.8900146484375,374.07000732421875,370.80999755859375,373.4700012207031,3764100,345.8569641113281
VOO,2021-04-06,373.0400085449219,374.3299865722656,372.6700134277344,373.260009765625,3583500,345.6624450683594
VOO,2021-04-07,373.1400146484375,374.0799865722656,372.7200012207031,373.7300109863281,2768900,346.09765625
VOO,2021-04-08,374.9700012207031,375.55999755859375,374.05999755859375,375.54998779296875,3949400,347.7830810546875
VOO,2021-04-09,375.4200134277344,378.3999938964844,375.3299865722656,378.25,2627500,350.2834777832031
VOO,2021-04-12,377.70001220703125,378.6499938964844,377.0799865722656,378.4200134277344,2747500,350.44085693359375
VOO,2021-04-13,378.3699951171875,380.1199951171875,377.9200134277344,379.45001220703125,2985500,351.394775390625
VOO,2021-04-14,379.4599914550781,380.510009765625,377.70001220703125,378.2300109863281,3691100,350.264892578125
VOO,2021-04-15,380.3299865722656,382.5400085449219,380.2799987792969,382.2900085449219,3573800,354.0247802734375
VOO,2021-04-16,383.55999755859375,384.1499938964844,382.19000244140625,383.6300048828125,3252500,355.2657775878906
VOO,2021-04-19,382.6199951171875,383.0899963378906,380.3699951171875,381.739990234375,3945700,353.5154724121094
VOO,2021-04-20,380.489990234375,381.1600036621094,377.4700012207031,378.94000244140625,4106700,350.9224853515625
VOO,2021-04-21,378.2799987792969,382.6700134277344,378.1400146484375,382.5,3640100,354.2192077636719
VOO,2021-04-22,382.32000732421875,383.1199951171875,377.9599914550781,378.989990234375,3965000,350.9687805175781
VOO,2021-04-23,379.57000732421875,384.4599914550781,379.4599914550781,383.0299987792969,3781100,354.7100524902344
VOO,2021-04-26,383.7300109863281,384.45001220703125,383.32000732421875,383.8599853515625,3125200,355.47869873046875
VOO,2021-04-27,384.20001220703125,384.3800048828125,382.7200012207031,383.739990234375,3370600,355.36749267578125
VOO,2021-04-28,384.1000061035156,385.1700134277344,383.239990234375,383.55999755859375,3960400,355.20086669921875
VOO,2021-04-29,386.3999938964844,386.739990234375,382.80999755859375,386.1199951171875,4209900,357.5716552734375
VOO,2021-04-30,383.9100036621094,384.760009765625,382.7300109863281,383.57000732421875,5219200,355.2101745605469
VOO,2021-05-03,385.55999755859375,385.94000244140625,383.9599914550781,384.44000244140625,4180800,356.0157470703125
VOO,2021-05-04,382.5199890136719,382.9599914550781,378.45001220703125,382.1000061035156,5485600,353.84881591796875
VOO,2021-05-05,383.7200012207031,383.9100036621094,381.44000244140625,382.1700134277344,4410700,353.9136047363281
VOO,2021-05-06,382.260009765625,385.3699951171875,380.2699890136719,385.2799987792969,4737300,356.793701171875
VOO,2021-05-07,386.0199890136719,388.67999267578125,385.3299865722656,388.0299987792969,3516600,359.3403625488281
VOO,2021-05-10,388.4100036621094,388.6600036621094,384.0899963378906,384.2300109863281,5942700,355.82135009765625
VOO,2021-05-11,379.75,381.739990234375,376.95001220703125,380.8599853515625,7081500,352.7005310058594
VOO,2021-05-12,378.0400085449219,379.2699890136719,372.1300048828125,372.7300109863281,7707400,345.171630859375
VOO,2021-05-13,374.2099914550781,379.04998779296875,374.1700134277344,377.1600036621094,7179100,349.27410888671875
VOO,2021-05-14,379.80999755859375,383.7900085449219,379.80999755859375,382.95001220703125,5167900,354.635986328125
VOO,2021-05-17,381.8999938964844,382.75,380,382.0299987792969,3781600,353.7839660644531
VOO,2021-05-18,382.25,382.4700012207031,378.5400085449219,378.7300109863281,3128300,350.72796630859375
VOO,2021-05-19,374.05999755859375,377.8399963378906,372.6199951171875,377.7300109863281,5086300,349.80194091796875
VOO,2021-05-20,378.57000732421875,382.989990234375,378.45001220703125,381.760009765625,4776700,353.53399658203125
VOO,2021-05-21,383.2300109863281,384.45001220703125,381.010009765625,381.4700012207031,3567500,353.2654113769531
VOO,2021-05-24,383.69000244140625,386.3999938964844,383.44000244140625,385.32000732421875,2962500,356.8307189941406
VOO,2021-05-25,386.3999938964844,386.760009765625,383.94000244140625,384.510009765625,4031800,356.0806579589844
VOO,2021-05-26,385.0899963378906,385.75,384.07000732421875,385.2099914550781,2642700,356.7289123535156
VOO,2021-05-27,386.2799987792969,386.7799987792969,385.32000732421875,385.3800048828125,3015900,356.8863525390625
VOO,2021-05-28,387.0299987792969,387.2699890136719,385.94000244140625,386.1300048828125,3370100,357.580810546875
VOO,2021-06-01,388.5,388.6199951171875,385.3800048828125,385.8299865722656,4389000,357.30303955078125
VOO,2021-06-02,386.45001220703125,387.239990234375,385.4700012207031,386.4800109863281,3209200,357.905029296875
VOO,2021-06-03,384.1700134277344,386.1099853515625,382.70001220703125,385.010009765625,3391000,356.543701171875
VOO,2021-06-04,386.80999755859375,388.79998779296875,386.760009765625,388.5,2628100,359.775634765625
VOO,2021-06-07,388.5199890136719,388.69000244140625,387.25,388.1700134277344,2500600,359.47003173828125
VOO,2021-06-08,389,389.0799865722656,386.44000244140625,388.2300109863281,2386600,359.5256652832031
VOO,2021-06-09,389.0799865722656,389.1300048828125,387.4100036621094,387.6199951171875,2968100,358.960693359375
VOO,2021-06-10,388.8599853515625,390.3599853515625,387.5799865722656,389.4100036621094,2611800,360.6183776855469
VOO,2021-06-11,390,390.20001220703125,388.7300109863281,390.0899963378906,2241500,361.248046875
VOO,2021-06-14,390.2099914550781,391.07000732421875,389,391.07000732421875,2252200,362.15557861328125
VOO,2021-06-15,391.1499938964844,391.20001220703125,389.4100036621094,390.25,2405000,361.3962097167969
VOO,2021-06-16,390.4200134277344,390.5799865722656,386.0199890136719,388.1099853515625,4194300,359.4144592285156
VOO,2021-06-17,387.6199951171875,388.9100036621094,385.5,387.9700012207031,4065300,359.28485107421875
VOO,2021-06-18,384.7900085449219,385.3800048828125,382.5199890136719,382.82000732421875,5211100,354.5155944824219
VOO,2021-06-21,384.5,388.3800048828125,383.6499938964844,388.17999267578125,4389800,359.4792785644531
VOO,2021-06-22,388.239990234375,391.0899963378906,387.4700012207031,390.239990234375,2705400,361.3869323730469
VOO,2021-06-23,390.3500061035156,391.1400146484375,389.70001220703125,389.82000732421875,2404200,360.9980773925781
VOO,2021-06-24,391.8900146484375,392.5199890136719,391.6700134277344,392.04998779296875,2987800,363.0631408691406
VOO,2021-06-25,392.8999938964844,393.9200134277344,392.5400085449219,393.5,2862800,364.4059143066406
VOO,2021-06-28,394.0299987792969,394.45001220703125,392.8299865722656,394.32000732421875,2418500,365.165283203125
VOO,2021-06-29,393.3500061035156,393.94000244140625,392.6600036621094,393.1600036621094,2927600,365.3260192871094
VOO,2021-06-30,392.7200012207031,394.1300048828125,392.7200012207031,393.5199890136719,3795900,365.6605224609375
VOO,2021-07-01,394.29998779296875,395.8500061035156,394.2099914550781,395.739990234375,3414500,367.72344970703125
VOO,2021-07-02,396.8500061035156,399.04998779296875,396.5299987792969,398.75,4363100,370.5202941894531
VOO,2021-07-06,398.7699890136719,398.989990234375,395.29998779296875,398,4331300,369.8234558105469
VOO,2021-07-07,398.6700134277344,399.6600036621094,396.67999267578125,399.3699951171875,4747800,371.0964050292969
VOO,2021-07-08,394.20001220703125,396.8800048828125,393.0199890136719,396.19000244140625,5817100,368.1415710449219
VOO,2021-07-09,397.6300048828125,400.6499938964844,397.4200134277344,400.3699951171875,3332200,372.0256042480469
VOO,2021-07-12,400.29998779296875,402.0299987792969,399.8699951171875,401.82000732421875,2929200,373.3729553222656
VOO,2021-07-13,401.0799865722656,402.5,400.17999267578125,400.4599914550781,4313100,372.1092529296875
VOO,2021-07-14,402.05999755859375,402.57000732421875,399.82000732421875,401.010009765625,3332200,372.6203308105469
VOO,2021-07-15,399.739990234375,400.3800048828125,397.80999755859375,399.7200012207031,4483900,371.4216613769531
VOO,2021-07-16,400.8399963378906,400.8800048828125,396.1400146484375,396.6099853515625,4516600,368.5318603515625
VOO,2021-07-19,391.7799987792969,392.260009765625,387.92999267578125,390.67999267578125,12336200,363.0215759277344
VOO,2021-07-20,391.3500061035156,397.5,390.010009765625,396.20001220703125,4043100,368.1509094238281
VOO,2021-07-21,397.4800109863281,399.6199951171875,397.2699890136719,399.5299987792969,2996600,371.2451477050781
VOO,2021-07-22,399.7099914550781,400.55999755859375,398.70001220703125,400.3800048828125,2575700,372.034912109375
VOO,2021-07-23,402.1700134277344,404.75,401.5799865722656,404.3800048828125,3151900,375.75177001953125
VOO,2021-07-26,403.9200134277344,405.4200134277344,403.82000732421875,405.4100036621094,2374300,376.7088317871094
VOO,2021-07-27,404.45001220703125,404.45001220703125,400.79998779296875,403.6099853515625,3626100,375.0362243652344
VOO,2021-07-28,404.1700134277344,404.760009765625,402.0400085449219,403.3900146484375,3763700,374.8318176269531
VOO,2021-07-29,404.3599853515625,406.1300048828125,404.3500061035156,405.1300048828125,2274200,376.44866943359375
VOO,2021-07-30,402.5899963378906,404.5299987792969,402.4700012207031,403.1499938964844,5204500,374.6088562011719
VOO,2021-08-02,404.7799987792969,405.3599853515625,401.94000244140625,402.3299865722656,5814700,373.84686279296875
VOO,2021-08-03,403.0799865722656,405.6600036621094,400.9200134277344,405.5799865722656,4129600,376.86676025390625
VOO,2021-08-04,404.30999755859375,404.8599853515625,403.3399963378906,403.6400146484375,3880200,375.06414794921875
VOO,2021-08-05,404.70001220703125,406.19000244140625,404.3800048828125,406.1600036621094,3052800,377.4057312011719
VOO,2021-08-06,406.44000244140625,407.17999267578125,406.1700134277344,406.8599853515625,2486900,378.05621337890625
VOO,2021-08-09,406.75,407.04998779296875,405.69000244140625,406.4700012207031,1984400,377.69378662109375
VOO,2021-08-10,406.9100036621094,407.6700134277344,406.2300109863281,406.9800109863281,2400700,378.1676330566406
VOO,2021-08-11,408,408.07000732421875,406.9100036621094,407.9599914550781,3554400,379.0782775878906
VOO,2021-08-12,407.82000732421875,409.3299865722656,406.9700012207031,409.1499938964844,2319300,380.1840515136719
VOO,2021-08-13,409.6400146484375,409.9599914550781,409.17999267578125,409.9599914550781,2253800,380.9366760253906
VOO,2021-08-16,408.7099914550781,411.010009765625,407.1499938964844,410.94000244140625,3379100,381.8473815917969
VOO,2021-08-17,408.4100036621094,409.04998779296875,405.30999755859375,408.2300109863281,5186300,379.32916259765625
VOO,2021-08-18,407.2200012207031,408.75,403.5400085449219,403.8399963378906,4878300,375.2499694824219
VOO,2021-08-19,401.0899963378906,405.54998779296875,400.92999267578125,404.4100036621094,5505700,375.77960205078125
VOO,2021-08-20,404.67999267578125,407.9200134277344,404.260009765625,407.6099853515625,3263600,378.7530212402344
VOO,2021-08-23,409.25,412.0799865722656,409.2300109863281,411.2200012207031,3259400,382.1074523925781
VOO,2021-08-24,411.8999938964844,412.3599853515625,411.3500061035156,411.8699951171875,3006500,382.7115478515625
VOO,2021-08-25,412.05999755859375,413.2099914550781,411.6700134277344,412.6300048828125,3261400,383.417724609375
VOO,2021-08-26,412.4100036621094,412.6600036621094,410.20001220703125,410.2200012207031,4707600,381.17822265625
VOO,2021-08-27,411.0899963378906,414.3299865722656,411.0199890136719,413.8599853515625,3882200,384.56060791015625
VOO,2021-08-30,414.6600036621094,416.55999755859375,414.3900146484375,415.760009765625,2811800,386.3260498046875
VOO,2021-08-31,415.6600036621094,416.0199890136719,414.5799865722656,415.04998779296875,6062900,385.66632080078125
VOO,2021-09-01,416.04998779296875,416.5899963378906,415.1600036621094,415.489990234375,3256400,386.0752258300781
VOO,2021-09-02,416.79998779296875,417.44000244140625,415.5,416.7300109863281,2835500,387.2274169921875
VOO,2021-09-03,415.5799865722656,417.05999755859375,415.1600036621094,416.57000732421875,3740000,387.0787658691406
VOO,2021-09-07,416.2699890136719,416.2900085449219,414.4200134277344,415.0299987792969,3542500,385.6477355957031
VOO,2021-09-08,414.5299987792969,415.260009765625,412.6700134277344,414.6300048828125,4012600,385.276123046875
VOO,2021-09-09,414.3399963378906,416.07000732421875,412.57000732421875,412.7699890136719,3887800,383.5477294921875
VOO,2021-09-10,414.69000244140625,415.1000061035156,409.4200134277344,409.5799865722656,4035500,380.58355712890625
VOO,2021-09-13,412.5199890136719,412.7099914550781,408.30999755859375,410.5400085449219,4738300,381.4756164550781
VOO,2021-09-14,412.0199890136719,412.17999267578125,407.489990234375,408.4100036621094,3657700,379.4963684082031
VOO,2021-09-15,408.7900085449219,412.260009765625,407.70001220703125,411.82000732421875,3891400,382.6650085449219
VOO,2021-09-16,411.2699890136719,412.19000244140625,408.2300109863281,411.1099853515625,3351500,382.00518798828125
VOO,2021-09-17,410.3500061035156,410.7799987792969,406.7699890136719,407.0799865722656,5396100,378.2606506347656
VOO,2021-09-20,401.1099853515625,402.6400146484375,395.57000732421875,400.42999267578125,10942700,372.081298828125
VOO,2021-09-21,402.6600036621094,403.8999938964844,399.44000244140625,400.0400085449219,6418100,371.71905517578125
VOO,2021-09-22,402.1700134277344,405.8500061035156,401.260009765625,403.8999938964844,6004800,375.3056945800781
VOO,2021-09-23,405.7099914550781,410.32000732421875,405.4700012207031,408.7799987792969,4098000,379.8402099609375
VOO,2021-09-24,407.1700134277344,410.1300048828125,406.95001220703125,409.4599914550781,3417700,380.47210693359375
VOO,2021-09-27,408.4200134277344,409.57000732421875,407.5899963378906,408.29998779296875,3546600,379.39422607421875
VOO,2021-09-28,405.54998779296875,405.8699951171875,399.3299865722656,400.1400146484375,8234300,371.8119812011719
VOO,2021-09-29,400.1000061035156,401.7900085449219,398.8599853515625,399.4599914550781,4724200,372.39739990234375
VOO,2021-09-30,400.8500061035156,401.5199890136719,394.3399963378906,394.3999938964844,9511200,367.6801452636719
VOO,2021-10-01,396.2300109863281,400.8500061035156,392.7699890136719,399.1199951171875,8482200,372.0804138183594
VOO,2021-10-04,398.1199951171875,398.94000244140625,391.9599914550781,394.2099914550781,8820400,367.5030822753906
VOO,2021-10-05,395.55999755859375,400.3500061035156,394.7900085449219,398.0400085449219,5523200,371.07354736328125
VOO,2021-10-06,394.6499938964844,400.0199890136719,393.05999755859375,399.80999755859375,6590000,372.72369384765625
VOO,2021-10-07,403.07000732421875,406.04998779296875,402.8500061035156,403.25,4409200,375.9306335449219
VOO,2021-10-08,404.0400085449219,404.3900146484375,401.94000244140625,402.489990234375,3960900,375.22210693359375
VOO,2021-10-11,401.9100036621094,404.739990234375,399.55999755859375,399.55999755859375,3695700,372.49053955078125
VOO,2021-10-12,400.54998779296875,400.9200134277344,397.8699951171875,398.760009765625,6201300,371.74468994140625
VOO,2021-10-13,399.6400146484375,400.8800048828125,396.75,400.0400085449219,6492400,372.93804931640625
VOO,2021-10-14,403.70001220703125,406.95001220703125,403.2200012207031,406.760009765625,3785200,379.20281982421875
VOO,2021-10-15,408.9200134277344,410.260009765625,408.2799987792969,409.92999267578125,3501600,382.1580505371094
VOO,2021-10-18,408.20001220703125,411.4599914550781,407.5299987792969,411.17999267578125,3402700,383.3233642578125
VOO,2021-10-19,412.739990234375,414.3800048828125,412.1400146484375,414.3800048828125,2838300,386.3065490722656
VOO,2021-10-20,414.739990234375,416.2200012207031,414.6499938964844,415.989990234375,3208200,387.8074645996094
VOO,2021-10-21,415.3800048828125,417.239990234375,414.94000244140625,417.010009765625,2579500,388.7583923339844
VOO,2021-10-22,416.5799865722656,418,414.70001220703125,416.5899963378906,3648900,388.3667907714844
VOO,2021-10-25,417.6400146484375,419.1400146484375,415.92999267578125,418.75,2511500,390.38043212890625
VOO,2021-10-26,420.2699890136719,421.5299987792969,418.8599853515625,419.1499938964844,3085300,390.7533874511719
VOO,2021-10-27,419.6600036621094,420.2900085449219,417.2799987792969,417.3299865722656,2873500,389.05670166015625
VOO,2021-10-28,418.7799987792969,421.44000244140625,418.75,421.4100036621094,3643600,392.86029052734375
VOO,2021-10-29,419.1499938964844,422.5199890136719,418.8699951171875,422.1600036621094,4637400,393.5595397949219
VOO,2021-11-01,423.19000244140625,423.57000732421875,421.2799987792969,423.04998779296875,3937300,394.3891296386719
VOO,2021-11-02,423.1499938964844,424.9599914550781,423.010009765625,424.69000244140625,2989200,395.9181213378906
VOO,2021-11-03,424.1400146484375,427.6600036621094,423.69000244140625,427.25,3562900,398.3046875
VOO,2021-11-04,427.8500061035156,429.3699951171875,427.5400085449219,429.25,4287300,400.1690979003906
VOO,2021-11-05,431.54998779296875,432.760009765625,429.29998779296875,430.7099914550781,4942900,401.5302734375
VOO,2021-11-08,431.8800048828125,432.3399963378906,430.5,431.2300109863281,3511600,402.01495361328125
VOO,2021-11-09,431.55999755859375,431.75,428.3399963378906,429.7200012207031,4696000,400.6072692871094
VOO,2021-11-10,428.0899963378906,429.7300109863281,424.80999755859375,426.260009765625,6350700,397.3816833496094
VOO,2021-11-11,427.70001220703125,427.82000732421875,426.3900146484375,426.3999938964844,3634600,397.51226806640625
VOO,2021-11-12,427.6600036621094,430.1700134277344,426.7300109863281,429.57000732421875,3655500,400.46746826171875
VOO,2021-11-15,430.95001220703125,431.010009765625,428.6499938964844,429.7699890136719,3122300,400.6539001464844
VOO,2021-11-16,429.5199890136719,432.5899963378906,429.4700012207031,431.4100036621094,3267000,402.1827697753906
VOO,2021-11-17,431.239990234375,431.3900146484375,429.8399963378906,430.3699951171875,3764900,401.2132263183594
VOO,2021-11-18,431.44000244140625,432.1700134277344,428.79998779296875,431.8599853515625,4732200,402.602294921875
VOO,2021-11-19,431.8699951171875,432.989990234375,430.3800048828125,431.04998779296875,4886200,401.84722900390625
VOO,2021-11-22,432.92999267578125,435.4100036621094,429.7200012207031,429.9100036621094,4868300,400.7843933105469
VOO,2021-11-23,429.57000732421875,431.2900085449219,427.0400085449219,430.4700012207031,6795200,401.3064270019531
VOO,2021-11-24,428.55999755859375,431.75,427.7099914550781,431.5299987792969,4569600,402.2946472167969
VOO,2021-11-26,425.19000244140625,426.5199890136719,420.8999938964844,422.1400146484375,7702500,393.5408630371094
VOO,2021-11-29,426.7099914550781,428.9800109863281,424.54998779296875,427.239990234375,6300800,398.29534912109375
VOO,2021-11-30,424.79998779296875,426.6300048828125,418.6300048828125,419.05999755859375,8657600,390.66943359375
VOO,2021-12-01,424.4700012207031,427.2200012207031,413.9700012207031,414.239990234375,8337000,386.176025390625
VOO,2021-12-02,414.4200134277344,422.05999755859375,414.0299987792969,420.55999755859375,10417700,392.06787109375
VOO,2021-12-03,422.1199951171875,423.19000244140625,412.7699890136719,416.8399963378906,10228900,388.59991455078125
VOO,2021-12-06,419.4100036621094,423.6600036621094,417,421.82000732421875,7289500,393.24249267578125
VOO,2021-12-07,426.9800109863281,431.1000061035156,426.94000244140625,430.489990234375,4731900,401.32513427734375
VOO,2021-12-08,430.95001220703125,432.1400146484375,429.239990234375,431.70001220703125,4476500,402.453125
VOO,2021-12-09,430.4599914550781,431.32000732421875,428.6099853515625,428.760009765625,5035400,399.71234130859375
VOO,2021-12-10,431.44000244140625,432.9599914550781,428.95001220703125,432.8500061035156,6238300,403.5252685546875
VOO,2021-12-13,432.3599853515625,432.6600036621094,428.75,429.010009765625,5923900,399.9454345703125
VOO,2021-12-14,425.79998779296875,428.239990234375,423.20001220703125,426.0899963378906,6522900,397.2231750488281
VOO,2021-12-15,426.1099853515625,432.9800109863281,423.6700134277344,432.75,6871300,403.4320068359375
VOO,2021-12-16,434.55999755859375,434.79998779296875,427.3500061035156,428.8399963378906,7159500,399.786865234375
VOO,2021-12-17,425.8500061035156,428.7900085449219,422.6700134277344,424.3900146484375,8882700,395.6383972167969
VOO,2021-12-20,419.3900146484375,420.2200012207031,416.29998779296875,419.79998779296875,9903400,391.359375
VOO,2021-12-21,421.6499938964844,425.8500061035156,419.5199890136719,425.69000244140625,6916700,398.3049011230469
VOO,2021-12-22,425.45001220703125,430.0899963378906,425.32000732421875,429.989990234375,4992200,402.3282165527344
VOO,2021-12-23,430.9100036621094,434.1000061035156,430.8699951171875,432.6400146484375,5032700,404.8077697753906
VOO,2021-12-27,433.9800109863281,438.82000732421875,433.95001220703125,438.80999755859375,4986300,410.5808410644531
VOO,2021-12-28,439.2799987792969,440.19000244140625,437.6600036621094,438.4800109863281,4865800,410.2720642089844
VOO,2021-12-29,438.5,439.95001220703125,437.5400085449219,439.010009765625,4596700,410.7679138183594
VOO,2021-12-30,439.3900146484375,440.3599853515625,437.32000732421875,437.7699890136719,3751800,409.607666015625
VOO,2021-12-31,437.2300109863281,438.3800048828125,436.3900146484375,436.57000732421875,5185600,408.4848937988281
VOO,2022-01-03,437.92999267578125,439.2699890136719,435.6400146484375,439.25,6017300,410.9925537109375
VOO,2022-01-04,440.5799865722656,441.260009765625,437.2200012207031,439.07000732421875,6262200,410.82403564453125
VOO,2022-01-05,438.7799987792969,439.4100036621094,430.5299987792969,430.6600036621094,7539600,402.955078125
VOO,2022-01-06,430.20001220703125,432.8299865722656,427.8999938964844,430.0799865722656,7971500,402.4123840332031
VOO,2022-01-07,430.2099914550781,431.3599853515625,427.20001220703125,428.5899963378906,6157500,401.0182800292969
VOO,2022-01-10,425.3800048828125,428.19000244140625,419.7699890136719,428.0299987792969,10481500,400.4942932128906
VOO,2022-01-11,427.67999267578125,431.95001220703125,424.7799987792969,431.7799987792969,7282400,404.00311279296875
VOO,2022-01-12,433.55999755859375,435.0400085449219,431.1400146484375,433.07000732421875,8270300,405.21014404296875
VOO,2022-01-13,434.0899963378906,434.7200012207031,426.0899963378906,427.1000061035156,7521300,399.6241149902344
VOO,2022-01-14,423.95001220703125,427.5799865722656,422.80999755859375,427.2300109863281,9960800,399.7457275390625
VOO,2022-01-18,422.6199951171875,424.9800109863281,417.3299865722656,419.739990234375,10681500,392.7375793457031
VOO,2022-01-19,421.1700134277344,422.5400085449219,415.07000732421875,415.3299865722656,8184100,388.61126708984375
VOO,2022-01-20,417.1700134277344,421.75,410.2900085449219,410.760009765625,8907600,384.3353271484375
VOO,2022-01-21,409.7099914550781,411.92999267578125,402.6600036621094,402.69000244140625,16225900,376.7844543457031
VOO,2022-01-24,397.260009765625,404.8800048828125,386.8399963378906,404.3699951171875,22970700,378.3564147949219
VOO,2022-01-25,398.1700134277344,404.260009765625,392.7300109863281,399.4599914550781,16836300,373.76226806640625
VOO,2022-01-26,405.6600036621094,408.20001220703125,394.3399963378906,398.55999755859375,14377300,372.9201965332031
VOO,2022-01-27,402.92999267578125,405.9700012207031,394.82000732421875,396.5400085449219,12455200,371.03009033203125
VOO,2022-01-28,397.82000732421875,406.3299865722656,393.29998779296875,406.260009765625,12096800,380.1247253417969
VOO,2022-01-31,405.6700134277344,413.9700012207031,404.3500061035156,413.69000244140625,9200400,387.0768127441406
VOO,2022-02-01,414.3399963378906,417.0400085449219,410.8999938964844,416.3900146484375,8154900,389.6031799316406
VOO,2022-02-02,418.9800109863281,421.17999267578125,416.5400085449219,420.3599853515625,6726500,393.3177490234375
VOO,2022-02-03,414.5899963378906,416.42999267578125,409.7900085449219,410.5899963378906,7658300,384.17620849609375
VOO,2022-02-04,410.3399963378906,416.239990234375,408.05999755859375,412.5199890136719,8210000,385.9820251464844
VOO,2022-02-07,413.2300109863281,414.6199951171875,409.8999938964844,411.1600036621094,5620900,384.7096252441406
VOO,2022-02-08,410.7200012207031,415.4599914550781,409.3500061035156,414.489990234375,5565700,387.8253173828125
VOO,2022-02-09,418.54998779296875,420.8699951171875,418.3500061035156,420.57000732421875,6284500,393.5142517089844
VOO,2022-02-10,414.92999267578125,420.79998779296875,411.1400146484375,413.17999267578125,9260500,386.599609375
VOO,2022-02-11,413.1499938964844,415.20001220703125,403.57000732421875,404.94000244140625,10458600,378.8896789550781
VOO,2022-02-14,404.42999267578125,405.989990234375,400.239990234375,403.6199951171875,10167600,377.6545715332031
VOO,2022-02-15,408.17999267578125,410.2900085449219,407.4599914550781,410.1000061035156,6815000,383.7178039550781
VOO,2022-02-16,408.20001220703125,411.8900146484375,406.32000732421875,410.5899963378906,7743800,384.17620849609375
VOO,2022-02-17,407.489990234375,407.9800109863281,401.2300109863281,401.8599853515625,7541000,376.00775146484375
VOO,2022-02-18,402.1499938964844,403.30999755859375,397,399.2900085449219,10570800,373.6031494140625
VOO,2022-02-22,397.04998779296875,400.3699951171875,391.510009765625,394.9200134277344,10414700,369.51434326171875
VOO,2022-02-23,397.739990234375,398.32000732421875,387.3800048828125,387.80999755859375,12154900,362.86163330078125
VOO,2022-02-24,377.760009765625,394.1700134277344,377.5,393.7699890136719,21277200,368.43829345703125
VOO,2022-02-25,394.95001220703125,402.5199890136719,393.3999938964844,402.3699951171875,11665200,376.48504638671875
VOO,2022-02-28,397.17999267578125,402.8500061035156,396,401.3599853515625,11855900,375.5399475097656
VOO,2022-03-01,400.010009765625,401.9200134277344,392.7900085449219,395.3399963378906,9124400,369.9072265625
VOO,2022-03-02,397.7200012207031,404.1000061035156,396.7799987792969,402.6000061035156,8185200,376.7001647949219
VOO,2022-03-03,405.0199890136719,405.5400085449219,398.8800048828125,400.5799865722656,8745300,374.8100891113281
VOO,2022-03-04,396.92999267578125,398.42999267578125,393.3699951171875,397.3399963378906,6317700,371.7785339355469
VOO,2022-03-07,396.7300109863281,397,385.55999755859375,385.6099853515625,8411500,360.8031921386719
VOO,2022-03-08,385.760009765625,392.739990234375,381.6400146484375,382.70001220703125,9356100,358.0804443359375
VOO,2022-03-09,390.8800048828125,394.8500061035156,388.7200012207031,392.8999938964844,5812600,367.6242370605469
VOO,2022-03-10,388.44000244140625,392.010009765625,386.5299987792969,391.1499938964844,6394800,365.98681640625
VOO,2022-03-11,393.6199951171875,394.19000244140625,385.67999267578125,386.1600036621094,5872800,361.3178405761719
VOO,2022-03-14,387.07000732421875,390.2699890136719,382.25,383.3399963378906,6455000,358.67919921875
VOO,2022-03-15,385.8599853515625,392.3699951171875,384.6300048828125,391.75,5739400,366.5481872558594
VOO,2022-03-16,395.5,400.54998779296875,390.54998779296875,400.510009765625,7407300,374.74468994140625
VOO,2022-03-17,398.6400146484375,405.55999755859375,398.29998779296875,405.4100036621094,5177500,379.3294372558594
VOO,2022-03-18,403.9800109863281,410.2799987792969,403.239990234375,409.8900146484375,5875000,383.5212097167969
VOO,2022-03-21,409.8399963378906,411.75,406.42999267578125,409.9100036621094,4159500,383.5399475097656
VOO,2022-03-22,411.20001220703125,415.5199890136719,411.20001220703125,414.6700134277344,4231700,387.9938049316406
VOO,2022-03-23,412.1600036621094,413.6199951171875,409.2900085449219,409.3299865722656,3742600,382.997314453125
VOO,2022-03-24,409.8900146484375,414.1000061035156,408.80999755859375,414.0199890136719,2977300,388.69024658203125
VOO,2022-03-25,414.7900085449219,416.3599853515625,412.2099914550781,416.1199951171875,3638000,390.6618347167969
VOO,2022-03-28,415.5,419.04998779296875,413.69000244140625,418.989990234375,3395300,393.3562927246094
VOO,2022-03-29,422.9599914550781,424.7200012207031,420.25,424.2900085449219,5510600,398.33197021484375
VOO,2022-03-30,423.260009765625,424.010009765625,419.5899963378906,421.6499938964844,4794300,395.85345458984375
VOO,2022-03-31,420.9700012207031,421.6700134277344,415.04998779296875,415.1700134277344,5876600,389.7699279785156
VOO,2022-04-01,416.67999267578125,416.82000732421875,412.8699951171875,416.32000732421875,4663100,390.849609375
VOO,2022-04-04,416.45001220703125,419.9599914550781,415.7200012207031,419.8500061035156,5117200,394.1636047363281
VOO,2022-04-05,418.55999755859375,420.82000732421875,413.5,414.6600036621094,4112000,389.2911682128906
VOO,2022-04-06,410.760009765625,412.6600036621094,407.6400146484375,410.4599914550781,5540700,385.3480529785156
VOO,2022-04-07,409.6000061035156,414.29998779296875,407.739990234375,412.5299987792969,4954100,387.2914123535156
VOO,2022-04-08,411.8500061035156,414.2200012207031,409.9800109863281,411.5299987792969,4752800,386.3526611328125
VOO,2022-04-11,408.5,409.05999755859375,403.92999267578125,404.3999938964844,3342800,379.65887451171875
VOO,2022-04-12,407.3299865722656,409.7099914550781,401.3699951171875,402.9200134277344,6615800,378.2694091796875
VOO,2022-04-13,402.57000732421875,408.20001220703125,402.4800109863281,407.4700012207031,4358700,382.541015625
VOO,2022-04-14,407.7200012207031,408.7799987792969,402.3399963378906,402.5199890136719,3735700,377.8938903808594
VOO,2022-04-18,401.54998779296875,404.2200012207031,400.44000244140625,402.5899963378906,4305900,377.9595031738281
VOO,2022-04-19,402.5799865722656,409.7699890136719,402.3599853515625,409.0199890136719,3841500,383.9962158203125
VOO,2022-04-20,410.82000732421875,411.3900146484375,407.6700134277344,408.7099914550781,5067100,383.7051696777344
VOO,2022-04-21,412.3800048828125,413.67999267578125,401.79998779296875,402.6499938964844,4670200,378.0158996582031
VOO,2022-04-22,401.6700134277344,401.8900146484375,391.1000061035156,391.6600036621094,6326400,367.69830322265625
VOO,2022-04-25,389.4200134277344,394.05999755859375,385,393.79998779296875,8141200,369.70733642578125
VOO,2022-04-26,391.3999938964844,391.5899963378906,382.44000244140625,382.5400085449219,8493000,359.1361999511719
VOO,2022-04-27,383.5,388.75,381.5,383.5299987792969,6415700,360.0656433105469
VOO,2022-04-28,388.2300109863281,394.8999938964844,383.8699951171875,393.1400146484375,7030200,369.08770751953125
VOO,2022-04-29,389.4200134277344,391.45001220703125,378,378.70001220703125,8221900,355.5311584472656
VOO,2022-05-02,378.7900085449219,382.2699890136719,372.3299865722656,381.0799865722656,10737000,357.7655334472656
VOO,2022-05-03,381.6199951171875,385.05999755859375,380,382.7300109863281,5607700,359.31463623046875
VOO,2022-05-04,383.3500061035156,394.92999267578125,380.2799987792969,394.3399963378906,7367500,370.2143249511719
VOO,2022-05-05,390.2200012207031,390.30999755859375,376.3500061035156,380.489990234375,10477300,357.2117004394531
VOO,2022-05-06,378.010009765625,381.2799987792969,372.95001220703125,378.1000061035156,7959600,354.9678039550781
VOO,2022-05-09,372.3599853515625,373.55999755859375,364.5,365.8999938964844,10793200,343.5143127441406
VOO,2022-05-10,371.8999938964844,373.2200012207031,362.9100036621094,366.8399963378906,7870800,344.39678955078125
VOO,2022-05-11,365.9700012207031,371.3599853515625,360.2699890136719,360.92999267578125,8026900,338.84832763671875
VOO,2022-05-12,357.8399963378906,363.75,354.0199890136719,360.6499938964844,7679200,338.5854187011719
VOO,2022-05-13,364.7300109863281,370.5799865722656,363.6400146484375,369.1600036621094,5377400,346.5748291015625
VOO,2022-05-16,367.7099914550781,371.3500061035156,365.45001220703125,367.8399963378906,4719800,345.3355712890625
VOO,2022-05-17,373.6600036621094,375.55999755859375,370.0799865722656,375.20001220703125,4513300,352.2452697753906
VOO,2022-05-18,370.9800109863281,371.1600036621094,359,360.3399963378906,6883600,338.2945251464844
VOO,2022-05-19,357.1700134277344,362.2300109863281,355.8500061035156,357.92999267578125,6359500,336.0318603515625
VOO,2022-05-20,361.4100036621094,361.95001220703125,349.760009765625,358.0199890136719,8755900,336.1163330078125
VOO,2022-05-23,361.0899963378906,365.57000732421875,358.8500061035156,364.80999755859375,5254900,342.490966796875
VOO,2022-05-24,360.8500061035156,363.2099914550781,355.70001220703125,362.17999267578125,5567300,340.0218811035156
VOO,2022-05-25,360.5400085449219,367.1600036621094,360.2699890136719,365.20001220703125,5704600,342.85711669921875
VOO,2022-05-26,366.45001220703125,374.1300048828125,366.2699890136719,372.4599914550781,4248300,349.6728515625
VOO,2022-05-27,374.94000244140625,381.8599853515625,374.79998779296875,381.79998779296875,3911800,358.44140625
VOO,2022-05-31,380.2300109863281,382.8500061035156,376.9200134277344,379.67999267578125,5016500,356.451171875
VOO,2022-06-01,381.6099853515625,382.6400146484375,374.1000061035156,376.5,4245800,353.4657287597656
VOO,2022-06-02,376.4100036621094,383.739990234375,374.20001220703125,383.6499938964844,3273700,360.1783447265625
VOO,2022-06-03,379.1099853515625,380.6000061035156,376.4800109863281,377.44000244140625,2749500,354.3482971191406
VOO,2022-06-06,381.3299865722656,382.9599914550781,377.4100036621094,378.4700012207031,2659500,355.3152770996094
VOO,2022-06-07,375.1600036621094,382.6099853515625,374.7099914550781,382.1700134277344,2649900,358.78887939453125
VOO,2022-06-08,380.5,382.2300109863281,377.260009765625,377.989990234375,3436400,354.8646240234375
VOO,2022-06-09,376.239990234375,378.44000244140625,369.0199890136719,369.1000061035156,3022000,346.5185241699219
VOO,2022-06-10,362.92999267578125,363.69000244140625,358.2300109863281,358.2699890136719,7629700,336.3511047363281
VOO,2022-06-13,349.1099853515625,350.8399963378906,343.05999755859375,344.4599914550781,10399700,323.3859558105469
VOO,2022-06-14,346.3699951171875,347.32000732421875,340.57000732421875,343.6000061035156,7584200,322.57855224609375
VOO,2022-06-15,346.82000732421875,352.8399963378906,341.9700012207031,348.5199890136719,7887600,327.1975402832031
VOO,2022-06-16,340.4800109863281,340.8399963378906,334.57000732421875,337.07000732421875,8821900,316.4480895996094
VOO,2022-06-17,337.30999755859375,340.8699951171875,334.239990234375,337.95001220703125,7084000,317.27423095703125
VOO,2022-06-21,343.19000244140625,347.5,343.1099853515625,346.2300109863281,5628300,325.0476989746094
VOO,2022-06-22,342.0799865722656,349.510009765625,341.6300048828125,345.5,4876100,324.3623352050781
VOO,2022-06-23,347.6300048828125,349.6099853515625,344.1400146484375,349.1300048828125,6708800,327.770263671875
VOO,2022-06-24,352.0299987792969,360.0199890136719,351.9700012207031,360,5458600,337.9751892089844
VOO,2022-06-27,361,361.1499938964844,357.57000732421875,358.6499938964844,4608600,336.7077941894531
VOO,2022-06-28,360.0799865722656,362.8399963378906,350.8999938964844,350.8999938964844,8797800,329.4320068359375
VOO,2022-06-29,350.42999267578125,351.3599853515625,347.80999755859375,349.6400146484375,3775900,329.5941467285156
VOO,2022-06-30,345.8800048828125,349.8399963378906,342.45001220703125,346.8800048828125,7159600,326.99237060546875
VOO,2022-07-01,346.1600036621094,350.8299865722656,343.5899963378906,350.44000244140625,7481500,330.3482360839844
VOO,2022-07-05,345.4800109863281,351.1000061035156,342.7799987792969,351.05999755859375,6180600,330.9327087402344
VOO,2022-07-06,351.2300109863281,354.67999267578125,348.92999267578125,352.3299865722656,5450900,332.12982177734375
VOO,2022-07-07,354.010009765625,358.29998779296875,354,357.5,3737500,337.00347900390625
VOO,2022-07-08,355.9100036621094,359.04998779296875,354.4700012207031,357.2900085449219,4791300,336.8055114746094
VOO,2022-07-11,354.8399963378906,355.57000732421875,352.510009765625,353.25,3491700,332.9970703125
VOO,2022-07-12,352.6000061035156,354.8999938964844,348.3800048828125,349.989990234375,4080300,329.924072265625
VOO,2022-07-13,344.739990234375,351,344.3699951171875,348.3599853515625,5603500,328.387451171875
VOO,2022-07-14,343.4100036621094,347.95001220703125,341.04998779296875,347.44000244140625,4624800,327.52020263671875
VOO,2022-07-15,351.7300109863281,354.1099853515625,349.79998779296875,354.010009765625,4520500,333.71356201171875
VOO,2022-07-18,356.9700012207031,357.6199951171875,349.9200134277344,351.0799865722656,3544900,330.9515075683594
VOO,2022-07-19,354.95001220703125,361.0899963378906,354.25,360.6099853515625,3620200,339.9351501464844
VOO,2022-07-20,360.70001220703125,364.239990234375,359.45001220703125,362.9200134277344,4270600,342.11273193359375
VOO,2022-07-21,362.3599853515625,366.6199951171875,360.010009765625,366.5899963378906,4604000,345.5722961425781
VOO,2022-07-22,366.69000244140625,367.8399963378906,361.010009765625,363.25,4533900,342.4238586425781
VOO,2022-07-25,363.8399963378906,364.44000244140625,361.45001220703125,363.6099853515625,3902200,342.7631530761719
VOO,2022-07-26,362.1199951171875,362.2099914550781,358.45001220703125,359.25,2987200,338.6531066894531
VOO,2022-07-27,362.489990234375,370.3299865722656,362.2200012207031,368.6600036621094,4500300,347.52362060546875
VOO,2022-07-28,369.4200134277344,373.9100036621094,365.9800109863281,373.32000732421875,4345300,351.91650390625
VOO,2022-07-29,374.7300109863281,379.6600036621094,373.92999267578125,378.7900085449219,5246400,357.0728759765625
VOO,2022-08-01,376.1199951171875,380.010009765625,375.44000244140625,377.6499938964844,4421400,355.9981994628906
VOO,2022-08-02,376.1099853515625,379.6300048828125,373.95001220703125,375.2099914550781,4132600,353.6980895996094
VOO,2022-08-03,377.19000244140625,382.1000061035156,376.9100036621094,381.07000732421875,3854800,359.2220764160156
VOO,2022-08-04,380.8800048828125,381.5299987792969,379.19000244140625,380.7699890136719,3410600,358.9393310546875
VOO,2022-08-05,376.6499938964844,380.70001220703125,376.5400085449219,379.9800109863281,2852100,358.19464111328125
VOO,2022-08-08,381.7799987792969,383.9100036621094,378.57000732421875,379.6400146484375,3450800,357.8741149902344
VOO,2022-08-09,379.0199890136719,379.4100036621094,377.1000061035156,378.1400146484375,2360500,356.46014404296875
VOO,2022-08-10,384.989990234375,386.2300109863281,383.1000061035156,386.05999755859375,3651000,363.926025390625
VOO,2022-08-11,388.8699951171875,390.6499938964844,385.3999938964844,386.05999755859375,3575400,363.926025390625
VOO,2022-08-12,387.95001220703125,392.7200012207031,387.0899963378906,392.6700134277344,3664400,370.15716552734375
VOO,2022-08-15,390.489990234375,394.760009765625,390.4599914550781,394.3500061035156,3203900,371.74078369140625
VOO,2022-08-16,393.239990234375,396.8900146484375,392.44000244140625,395.0400085449219,3864800,372.3912353515625
VOO,2022-08-17,391.55999755859375,394.8500061035156,390.2900085449219,392.3399963378906,3222300,369.84600830078125
VOO,2022-08-18,392.4200134277344,394.0199890136719,391.1700134277344,393.54998779296875,3258100,370.986572265625
VOO,2022-08-19,390.70001220703125,390.95001220703125,387.25,388.1199951171875,2899000,365.86798095703125
VOO,2022-08-22,383.42999267578125,383.5400085449219,379.0899963378906,379.94000244140625,4153700,358.1568908691406
VOO,2022-08-23,379.55999755859375,381.8699951171875,378.5199890136719,379.0400085449219,2869200,357.3085632324219
VOO,2022-08-24,378.8999938964844,381.5799865722656,378.17999267578125,380.19000244140625,2241200,358.392578125
VOO,2022-08-25,381.760009765625,385.7300109863281,380.70001220703125,385.7300109863281,2631300,363.6149597167969
VOO,2022-08-26,385.54998779296875,386.04998779296875,372.510009765625,372.510009765625,5153200,351.15283203125
VOO,2022-08-29,369.7699890136719,373.04998779296875,368.7799987792969,370.04998779296875,4953200,348.83392333984375
VOO,2022-08-30,371.29998779296875,371.45001220703125,364.0199890136719,366.0299987792969,5044500,345.0444030761719
VOO,2022-08-31,367.6099853515625,368.7900085449219,363.1099853515625,363.1499938964844,4062500,342.3295593261719
VOO,2022-09-01,361.1000061035156,364.70001220703125,358.510009765625,364.2699890136719,6126800,343.38531494140625
VOO,2022-09-02,367.95001220703125,369.1300048828125,358.7799987792969,360.45001220703125,4544200,339.7843322753906
VOO,2022-09-06,361.3599853515625,362.2799987792969,357,359.239990234375,5680300,338.6436767578125
VOO,2022-09-07,358.8599853515625,366.3800048828125,358.69000244140625,365.67999267578125,4137000,344.7144775390625
VOO,2022-09-08,363.3800048828125,368.4800109863281,362.2699890136719,368.07000732421875,3692000,346.9674987792969
VOO,2022-09-09,370.239990234375,374.6099853515625,369.9800109863281,373.75,2621600,352.3218078613281
VOO,2022-09-12,375.82000732421875,378.510009765625,375.510009765625,377.8599853515625,2961400,356.19622802734375
VOO,2022-09-13,369.3399963378906,370.5299987792969,360.2799987792969,361.3800048828125,5549200,340.6610412597656
VOO,2022-09-14,362.5799865722656,364.1700134277344,359.5299987792969,362.7300109863281,3555500,341.93365478515625
VOO,2022-09-15,361.1600036621094,363.9700012207031,357.3999938964844,358.67999267578125,3807500,338.1158142089844
VOO,2022-09-16,354.55999755859375,356.4800109863281,352.69000244140625,355.8599853515625,4452300,335.4574890136719
VOO,2022-09-19,352.79998779296875,358.5899963378906,352.75,358.5899963378906,3412600,338.031005859375
VOO,2022-09-20,355.3800048828125,356.3800048828125,351.8299865722656,354.54998779296875,3624000,334.2225646972656
VOO,2022-09-21,356.3800048828125,359.29998779296875,348.30999755859375,348.30999755859375,5102400,328.34033203125
VOO,2022-09-22,347.54998779296875,348.5400085449219,344.6700134277344,345.3699951171875,5555600,325.56890869140625
VOO,2022-09-23,342.0799865722656,342.0799865722656,335.30999755859375,339.6300048828125,10491500,320.1579895019531
VOO,2022-09-26,338.2300109863281,341.6600036621094,335.07000732421875,336.3399963378906,5405700,317.0566711425781
VOO,2022-09-27,339.7900085449219,341.8399963378906,333.0799865722656,335.3900146484375,5795700,316.1611328125
VOO,2022-09-28,334.79998779296875,342.1000061035156,333.17999267578125,340.4800109863281,8683900,322.3712463378906
VOO,2022-09-29,337.1499938964844,337.29998779296875,330.5299987792969,333.3800048828125,7230100,315.6488952636719
VOO,2022-09-30,332.57000732421875,336.19000244140625,328.1199951171875,328.29998779296875,7736600,310.8390197753906
VOO,2022-10-03,331.7900085449219,338.6600036621094,330.1000061035156,336.9800109863281,5739000,319.05743408203125
VOO,2022-10-04,342.1400146484375,347.3299865722656,342.1300048828125,347.2099914550781,5110000,328.7433166503906
VOO,2022-10-05,343.1199951171875,348.6400146484375,340.8599853515625,346.6099853515625,4755800,328.17523193359375
VOO,2022-10-06,345.17999267578125,347.9800109863281,342.489990234375,342.9599914550781,3879600,324.7193298339844
VOO,2022-10-07,339.0799865722656,339.3399963378906,331.6499938964844,333.3299865722656,5168100,315.6014709472656
VOO,2022-10-10,334.4700012207031,334.6700134277344,328.6600036621094,330.8399963378906,3933900,313.2439880371094
VOO,2022-10-11,329.20001220703125,333.55999755859375,326.8500061035156,328.6600036621094,4968100,311.1799011230469
VOO,2022-10-12,329.1499938964844,330.5799865722656,327.44000244140625,327.6400146484375,3235100,310.21417236328125
VOO,2022-10-13,320.8399963378906,337.67999267578125,319.8699951171875,336.2200012207031,6396900,318.3378601074219
VOO,2022-10-14,338.6199951171875,340.19000244140625,328.0299987792969,328.6499938964844,4879400,311.1704406738281
VOO,2022-10-17,334.57000732421875,338.1000061035156,334.4599914550781,337,3889500,319.07635498046875
VOO,2022-10-18,344.67999267578125,345,337.7699890136719,340.9700012207031,4903300,322.8352355957031
VOO,2022-10-19,339.0400085449219,341.6700134277344,335.8999938964844,338.6099853515625,4403200,320.6007385253906
VOO,2022-10-20,338.1700134277344,342.4200134277344,335.04998779296875,335.8299865722656,3459100,317.96856689453125
VOO,2022-10-21,335.5,344.3900146484375,334.1300048828125,343.8999938964844,4362400,325.609375
VOO,2022-10-24,345.45001220703125,349.2300109863281,342.8699951171875,348.0899963378906,5639400,329.57647705078125
VOO,2022-10-25,348.04998779296875,354.0299987792969,348.0299987792969,353.75,5203400,334.93548583984375
VOO,2022-10-26,350.70001220703125,356.1700134277344,350.44000244140625,351.1099853515625,4277700,332.4358215332031
VOO,2022-10-27,352.04998779296875,353.7900085449219,348.6000061035156,349.2300109863281,4145300,330.6558837890625
VOO,2022-10-28,349.0400085449219,357.9800109863281,348.95001220703125,357.3800048828125,4388100,338.3724365234375
VOO,2022-10-31,355.1600036621094,356.9200134277344,354.04998779296875,354.95001220703125,6431000,336.0716857910156
VOO,2022-11-01,358.5299987792969,358.7699890136719,352.2900085449219,353.5199890136719,8014300,334.7177429199219
VOO,2022-11-02,352.7799987792969,357.1300048828125,344.4100036621094,344.5,5022500,326.1773986816406
VOO,2022-11-03,341.3399963378906,343.80999755859375,338.8999938964844,340.8299865722656,4534800,322.70263671875
VOO,2022-11-04,346.4100036621094,348.0199890136719,340,345.82000732421875,3655400,327.42724609375
VOO,2022-11-07,347.05999755859375,349.7099914550781,345.1000061035156,349.1400146484375,3316600,330.57061767578125
VOO,2022-11-08,350.2099914550781,353.8699951171875,347.0799865722656,351.0400085449219,3237200,332.3695983886719
VOO,2022-11-09,349.0799865722656,350.2200012207031,343.3599853515625,343.8699951171875,3570800,325.58099365234375
VOO,2022-11-10,356.5199890136719,363.010009765625,354.4100036621094,362.69000244140625,4603600,343.3999938964844
VOO,2022-11-11,363.69000244140625,367.0199890136719,361.739990234375,366.1600036621094,4877400,346.6854553222656
VOO,2022-11-14,364.57000732421875,367.7900085449219,362.8900146484375,363.2200012207031,5274300,343.90185546875
VOO,2022-11-15,368.6499938964844,369.739990234375,362.5899963378906,366.2200012207031,4597800,346.7422790527344
VOO,2022-11-16,364.70001220703125,365.5199890136719,362.8500061035156,363.44000244140625,2755100,344.1101379394531
VOO,2022-11-17,358.79998779296875,362.989990234375,358.57000732421875,362.3900146484375,3278500,343.1159973144531
VOO,2022-11-18,365.4599914550781,365.5899963378906,361.2300109863281,363.989990234375,2574400,344.630859375
VOO,2022-11-21,362.7699890136719,363.739990234375,360.8699951171875,362.7099914550781,2397900,343.4189758300781
VOO,2022-11-22,364.510009765625,367.67999267578125,363.2099914550781,367.5400085449219,2316000,347.9920349121094
VOO,2022-11-23,367.2099914550781,370.3599853515625,367.0199890136719,369.8399963378906,2590900,350.16973876953125
VOO,2022-11-25,369.3900146484375,370.3399963378906,369.05999755859375,369.79998779296875,1423400,350.1318664550781
VOO,2022-11-28,366.8599853515625,368.3800048828125,363.1499938964844,363.95001220703125,3553600,344.5930480957031
VOO,2022-11-29,363.92999267578125,365.17999267578125,361.4800109863281,363.30999755859375,2507800,343.9870300292969
VOO,2022-11-30,363.45001220703125,374.5899963378906,361.6499938964844,374.489990234375,4748800,354.5723876953125
VOO,2022-12-01,375.8699951171875,377,372.04998779296875,374.5400085449219,4608600,354.6197509765625
VOO,2022-12-02,369.6600036621094,374.8800048828125,369.6600036621094,374,3596000,354.1084289550781
VOO,2022-12-05,371.2799987792969,372.19000244140625,365.989990234375,367.3399963378906,3707000,347.802734375
VOO,2022-12-06,367.0899963378906,367.6099853515625,359.92999267578125,362.0299987792969,3911000,342.7751159667969
VOO,2022-12-07,361.04998779296875,363.6099853515625,360.30999755859375,361.3299865722656,3338000,342.1123352050781
VOO,2022-12-08,363.1300048828125,365.1499938964844,361.6000061035156,364.17999267578125,3604500,344.8106994628906
VOO,2022-12-09,363,365.44000244140625,361.3399963378906,361.5199890136719,4271400,342.2922058105469
VOO,2022-12-12,362.2799987792969,366.67999267578125,361.5799865722656,366.67999267578125,2946200,347.1777648925781
VOO,2022-12-13,377.1099853515625,377.19000244140625,366.79998779296875,369.3900146484375,6161800,349.7437438964844
VOO,2022-12-14,369.1000061035156,372.79998779296875,364.25,367.1600036621094,4707100,347.6322021484375
VOO,2022-12-15,362.4700012207031,363.239990234375,356.4599914550781,358.1300048828125,5126800,339.0825500488281
VOO,2022-12-16,355.6499938964844,356.8299865722656,351.7900085449219,353.8599853515625,4533100,335.0397033691406
VOO,2022-12-19,354.1300048828125,354.3399963378906,349.25,350.80999755859375,5538500,332.1518859863281
VOO,2022-12-20,348.45001220703125,351.1700134277344,347.2099914550781,349.6700134277344,5068200,332.6579284667969
VOO,2022-12-21,352.20001220703125,355.95001220703125,351.70001220703125,354.8999938964844,3832400,337.633544921875
VOO,2022-12-22,351.9800109863281,352.25,344.3399963378906,349.9100036621094,6458200,332.8863220214844
VOO,2022-12-23,348.92999267578125,351.95001220703125,347.3500061035156,351.8699951171875,4572000,334.7509460449219
VOO,2022-12-27,351.760009765625,352.0400085449219,348.8500061035156,350.4700012207031,4303200,333.41900634765625
VOO,2022-12-28,350.4200134277344,352.20001220703125,345.8999938964844,346.1700134277344,4464600,329.3282470703125
VOO,2022-12-29,348.9100036621094,353.1300048828125,348.4700012207031,352.30999755859375,4086600,335.1694641113281
VOO,2022-12-30,349.7900085449219,351.489990234375,347.760009765625,351.3399963378906,5325400,334.2467041015625
VOO,2023-01-03,353.17999267578125,355.0400085449219,347.19000244140625,349.989990234375,4957300,332.96240234375
VOO,2023-01-04,352.1000061035156,354.55999755859375,349.20001220703125,352.510009765625,3119100,335.3598327636719
VOO,2023-01-05,350.7300109863281,350.79998779296875,348.05999755859375,348.6600036621094,3216500,331.69708251953125
VOO,2023-01-06,351.5899963378906,357.6700134277344,348.739990234375,356.5899963378906,3464800,339.2413024902344
VOO,2023-01-09,358.7300109863281,361.7300109863281,356.2200012207031,356.3299865722656,3775300,338.99395751953125
VOO,2023-01-10,355.8399963378906,358.95001220703125,354.9599914550781,358.8699951171875,3495700,341.4103698730469
VOO,2023-01-11,360.4100036621094,363.510009765625,359.6600036621094,363.45001220703125,5710500,345.7675476074219
VOO,2023-01-12,364.4800109863281,366.1499938964844,360.6000061035156,364.80999755859375,4743500,347.0614318847656
VOO,2023-01-13,361.67999267578125,366.7300109863281,361.4700012207031,366.2300109863281,3015200,348.4123229980469
VOO,2023-01-17,366.19000244140625,367.7200012207031,364.8699951171875,365.6700134277344,4942000,347.87957763671875
VOO,2023-01-18,366.6700134277344,367.6600036621094,359.5799865722656,359.7300109863281,3931800,342.22857666015625
VOO,2023-01-19,357.760009765625,359.3599853515625,355.8500061035156,357.1400146484375,3569900,339.7645568847656
VOO,2023-01-20,358.45001220703125,363.9100036621094,356.8800048828125,363.7099914550781,3265100,346.0148620605469
VOO,2023-01-23,364.510009765625,370,363.6499938964844,368.1400146484375,3243300,350.2293395996094
VOO,2023-01-24,366.57000732421875,368.6099853515625,365.4200134277344,367.75,2702400,349.8583679199219
VOO,2023-01-25,363.7799987792969,368.1600036621094,361.6600036621094,367.8800048828125,3061700,349.98199462890625
VOO,2023-01-26,370.4599914550781,372.05999755859375,367.6099853515625,371.80999755859375,3460900,353.7208251953125
VOO,2023-01-27,370.8900146484375,375.0799865722656,370.760009765625,372.8699951171875,5549500,354.7291564941406
VOO,2023-01-30,370.1499938964844,372.2900085449219,367.8599853515625,368.2099914550781,3280600,350.29595947265625
VOO,2023-01-31,368.6099853515625,373.5400085449219,368.3299865722656,373.44000244140625,4181700,355.27154541015625
VOO,2023-02-01,372.44000244140625,380.1600036621094,369.760009765625,377.5299987792969,4941700,359.1624755859375
VOO,2023-02-02,381.25,384.4100036621094,379.3999938964844,382.94000244140625,5207900,364.3094482421875
VOO,2023-02-03,378.2300109863281,383.20001220703125,377.7900085449219,378.8500061035156,6472500,360.4183044433594
VOO,2023-02-06,376.5799865722656,377.92999267578125,375.0199890136719,376.6600036621094,2880100,358.3348693847656
VOO,2023-02-07,375.7900085449219,382.75,374.6199951171875,381.5199890136719,4504600,362.95849609375
VOO,2023-02-08,379.69000244140625,380.92999267578125,376.7300109863281,377.3399963378906,2921500,358.9818115234375
VOO,2023-02-09,380.9700012207031,381,372.95001220703125,374.1099853515625,3327700,355.90887451171875
VOO,2023-02-10,373,375.3900146484375,372.20001220703125,375.0199890136719,3256700,356.774658203125
VOO,2023-02-13,375.6499938964844,379.44000244140625,375.20001220703125,379.3500061035156,2980600,360.8939514160156
VOO,2023-02-14,377.9599914550781,381.4200134277344,375.45001220703125,379.2099914550781,4718000,360.76080322265625
VOO,2023-02-15,377.1499938964844,380.5299987792969,376.3299865722656,380.4800109863281,2820200,361.968994140625
VOO,2023-02-16,375.6600036621094,379.42999267578125,375.0899963378906,375.19000244140625,3077500,356.9364013671875
VOO,2023-02-17,373.17999267578125,374.45001220703125,371.32000732421875,374.2200012207031,3285300,356.0135498046875
VOO,2023-02-21,370.3999938964844,371.3399963378906,366.4800109863281,366.7900085449219,3109200,348.94500732421875
VOO,2023-02-22,367.17999267578125,368.6000061035156,364.8399963378906,366.3299865722656,3872000,348.5074462890625
VOO,2023-02-23,369.07000732421875,369.57000732421875,364.1300048828125,368.1700134277344,2867200,350.2579040527344
VOO,2023-02-24,363.30999755859375,365.0299987792969,361.7300109863281,364.2300109863281,4055000,346.5096130371094
VOO,2023-02-27,367.489990234375,368.7699890136719,364.5899963378906,365.489990234375,3300100,347.708251953125
VOO,2023-02-28,365.010009765625,366.8599853515625,364.04998779296875,364.1099853515625,3022200,346.3953552246094
VOO,2023-03-01,363.3399963378906,364.510009765625,361.45001220703125,362.7799987792969,3764700,345.130126953125
VOO,2023-03-02,360.80999755859375,366.3599853515625,360.5299987792969,365.489990234375,2727200,347.708251953125
VOO,2023-03-03,367.2900085449219,371.6700134277344,366.70001220703125,371.2799987792969,4913600,353.21661376953125
VOO,2023-03-06,372.260009765625,374.44000244140625,371.29998779296875,371.7300109863281,2638300,353.6447448730469
VOO,2023-03-07,371.6300048828125,371.8900146484375,365.3900146484375,365.9800109863281,3546100,348.1744384765625
VOO,2023-03-08,366.1099853515625,367.29998779296875,364.44000244140625,366.54998779296875,2906300,348.716796875
VOO,2023-03-09,367.3500061035156,368.8800048828125,358.8500061035156,359.8399963378906,4409600,342.3330993652344
VOO,2023-03-10,359.3299865722656,361.239990234375,353.1400146484375,354.67999267578125,8360400,337.4241943359375
VOO,2023-03-13,350.760009765625,358.6700134277344,349.760009765625,354.0799865722656,6478700,336.8533935546875
VOO,2023-03-14,358.8800048828125,361.510009765625,355.6300048828125,359.9599914550781,4798800,342.4472961425781
VOO,2023-03-15,354.4599914550781,357.8800048828125,352.57000732421875,357.739990234375,6610400,340.3353576660156
VOO,2023-03-16,355.5400085449219,364.260009765625,354.989990234375,363.8599853515625,5016700,346.1576232910156
VOO,2023-03-17,362.760009765625,363.7900085449219,358.4200134277344,359.8800048828125,5189900,342.3712158203125
VOO,2023-03-20,360.4700012207031,363.5799865722656,359.82000732421875,363.1300048828125,3099800,345.463134765625
VOO,2023-03-21,366.4200134277344,368.4100036621094,364.8800048828125,367.8800048828125,4117600,349.98199462890625
VOO,2023-03-22,367.7799987792969,371.2200012207031,361.6600036621094,361.7799987792969,4094800,344.1788330078125
VOO,2023-03-23,364.4800109863281,368.2900085449219,360.1199951171875,362.6400146484375,4787200,344.9969787597656
VOO,2023-03-24,359.9800109863281,363.6300048828125,357.7200012207031,363.55999755859375,3740400,347.2962646484375
VOO,2023-03-27,365.7300109863281,366.42999267578125,363.3999938964844,364.1600036621094,4144800,347.8694152832031
VOO,2023-03-28,363.5400085449219,364.20001220703125,361.67999267578125,363.5199890136719,2413700,347.2580871582031
VOO,2023-03-29,367.3999938964844,368.94000244140625,366.2900085449219,368.69000244140625,3636100,352.1967468261719
VOO,2023-03-30,371.2300109863281,371.4800109863281,369.1000061035156,370.8900146484375,3316700,354.2983703613281
VOO,2023-03-31,371.7799987792969,376.3399963378906,371.6499938964844,376.07000732421875,4159800,359.2466125488281
VOO,2023-04-03,375.6000061035156,377.9100036621094,375.2200012207031,377.55999755859375,3525300,360.66998291015625
VOO,2023-04-04,378.19000244140625,378.3999938964844,374.1300048828125,375.42999267578125,2713300,358.6352844238281
VOO,2023-04-05,374.7099914550781,375.4200134277344,372.8900146484375,374.5199890136719,3227700,357.7659912109375
VOO,2023-04-06,373.6700134277344,376.19000244140625,372.7200012207031,375.95001220703125,3076200,359.132080078125
VOO,2023-04-10,373.54998779296875,376.3900146484375,372.9599914550781,376.3599853515625,2671100,359.5236511230469
VOO,2023-04-11,376.8999938964844,377.760009765625,375.69000244140625,376.4100036621094,3069000,359.5714416503906
VOO,2023-04-12,378.3999938964844,378.6199951171875,374.32000732421875,374.9100036621094,3624200,358.1385498046875
VOO,2023-04-13,375.9100036621094,380.1700134277344,375.44000244140625,379.7699890136719,2680900,362.7810974121094
VOO,2023-04-14,379.2699890136719,381.3299865722656,376.7200012207031,378.989990234375,2981700,362.0360107421875
VOO,2023-04-17,378.8399963378906,380.32000732421875,377.67999267578125,380.2799987792969,2721000,363.2683410644531
VOO,2023-04-18,381.8399963378906,381.9200134277344,379.239990234375,380.5400085449219,3019300,363.5167236328125
VOO,2023-04-19,378.7300109863281,381.3299865722656,378.6700134277344,380.5199890136719,2671300,363.49755859375
VOO,2023-04-20,377.7799987792969,380.07000732421875,376.94000244140625,378.3699951171875,2953200,361.44378662109375
VOO,2023-04-21,378.67999267578125,379.1000061035156,376.82000732421875,378.5899963378906,2762300,361.6538391113281
VOO,2023-04-24,378.4800109863281,379.4700012207031,377.2300109863281,379.0899963378906,2310400,362.1315612792969
VOO,2023-04-25,377.17999267578125,377.70001220703125,373.0199890136719,373.1000061035156,3795400,356.4095153808594
VOO,2023-04-26,373.6600036621094,374.67999267578125,370.9800109863281,371.44000244140625,3766900,354.8237609863281
VOO,2023-04-27,373.8900146484375,379.1300048828125,373.6700134277344,378.80999755859375,4302400,361.86407470703125
VOO,2023-04-28,378.0400085449219,382.1199951171875,378,382.04998779296875,3386900,364.9591369628906
VOO,2023-05-01,381.7300109863281,383.6400146484375,381.5199890136719,381.7900085449219,3069300,364.7107849121094
VOO,2023-05-02,381.05999755859375,381.1099853515625,374.6700134277344,377.510009765625,4311600,360.6222229003906
VOO,2023-05-03,377.9100036621094,380.20001220703125,374.6000061035156,374.8800048828125,5513000,358.1098937988281
VOO,2023-05-04,373.8399963378906,374.1099853515625,370.9200134277344,372.1400146484375,4421500,355.49249267578125
VOO,2023-05-05,375.739990234375,380.0899963378906,375.42999267578125,378.9700012207031,3139400,362.0168762207031
VOO,2023-05-08,379.4100036621094,379.6199951171875,377.8800048828125,379.17999267578125,2957600,362.217529296875
VOO,2023-05-09,377.7099914550781,378.5799865722656,377.3299865722656,377.5400085449219,2271000,360.6509094238281
VOO,2023-05-10,380.2799987792969,380.8299865722656,375.6400146484375,379.19000244140625,3512900,362.2270812988281
VOO,2023-05-11,378.4700012207031,378.8800048828125,376.6700134277344,378.6600036621094,2676600,361.7207946777344
VOO,2023-05-12,379.8500061035156,380.010009765625,375.8399963378906,378.1499938964844,2531000,361.2335510253906
VOO,2023-05-15,378.739990234375,379.8399963378906,376.9100036621094,379.4599914550781,3882600,362.485107421875
VOO,2023-05-16,378.3900146484375,379.2799987792969,376.9100036621094,376.95001220703125,2275300,360.0873107910156
VOO,2023-05-17,378.8500061035156,382.0899963378906,377.2799987792969,381.45001220703125,3222600,364.3859558105469
VOO,2023-05-18,381.260009765625,385.57000732421875,381,385.17999267578125,3340600,367.94915771484375
VOO,2023-05-19,386.0199890136719,386.5400085449219,383.44000244140625,384.57000732421875,3649000,367.36639404296875
VOO,2023-05-22,384.6600036621094,386.2300109863281,383.4700012207031,384.7799987792969,2784000,367.5669860839844
VOO,2023-05-23,383.19000244140625,384.1099853515625,380.0799865722656,380.4800109863281,2887300,363.4593505859375
VOO,2023-05-24,378.9100036621094,379.25,376.57000732421875,377.6300048828125,3611600,360.73687744140625
VOO,2023-05-25,380.989990234375,382.2799987792969,378.9200134277344,380.9200134277344,3315900,363.87969970703125
VOO,2023-05-26,381.6400146484375,386.57000732421875,381.5400085449219,385.8699951171875,3042800,368.6082458496094
VOO,2023-05-30,387.760009765625,388.260009765625,384.760009765625,385.989990234375,3968500,368.7228698730469
VOO,2023-05-31,384.30999755859375,385.1600036621094,382.4200134277344,383.8900146484375,4205300,366.716796875
VOO,2023-06-01,384.20001220703125,388.57000732421875,382.9700012207031,387.57000732421875,3563600,370.23223876953125
VOO,2023-06-02,390.0799865722656,393.9599914550781,389.5400085449219,393.260009765625,7368900,375.6676940917969
VOO,2023-06-05,393.5400085449219,394.7699890136719,391.7900085449219,392.5,3481200,374.9416198730469
VOO,2023-06-06,392.04998779296875,393.7900085449219,391.4100036621094,393.30999755859375,2894700,375.7154846191406
VOO,2023-06-07,393.6700134277344,394.760009765625,391.5400085449219,392.0199890136719,3942900,374.483154296875
VOO,2023-06-08,391.9599914550781,394.7300109863281,391.2900085449219,394.3699951171875,3455400,376.7279968261719
VOO,2023-06-09,395.04998779296875,396.92999267578125,394.0799865722656,395.0299987792969,3060100,377.3584899902344
VOO,2023-06-12,395.9800109863281,398.69000244140625,395.29998779296875,398.6600036621094,3792700,380.8260803222656
VOO,2023-06-13,400.0199890136719,401.8500061035156,399.3999938964844,401.2900085449219,3913100,383.3384094238281
VOO,2023-06-14,401.6099853515625,403.44000244140625,398.4599914550781,401.6000061035156,5161300,383.6346130371094
VOO,2023-06-15,401,407.92999267578125,400.8900146484375,406.75,5285000,388.5541687011719
VOO,2023-06-16,408.69000244140625,408.760009765625,404.8900146484375,405.25,5141900,387.121337890625
VOO,2023-06-20,403.489990234375,404.32000732421875,401.260009765625,403.3800048828125,4242900,385.3349914550781
VOO,2023-06-21,402.30999755859375,403.05999755859375,400.6700134277344,401.1700134277344,3423500,383.2237548828125
VOO,2023-06-22,400.2799987792969,402.7200012207031,399.95001220703125,402.6300048828125,3141000,384.6185607910156
VOO,2023-06-23,399.3299865722656,401.2799987792969,398.92999267578125,399.6099853515625,4215300,381.73358154296875
VOO,2023-06-26,399.0400085449219,400.8599853515625,397.7300109863281,397.9599914550781,3250700,380.15740966796875
VOO,2023-06-27,398.79998779296875,402.92999267578125,398.3900146484375,402.3699951171875,4302400,384.3700866699219
VOO,2023-06-28,401.3500061035156,403.489990234375,400.7099914550781,402.54998779296875,4320700,384.5420837402344
VOO,2023-06-29,400.6000061035156,402.6700134277344,400.19000244140625,402.510009765625,3914800,386.01519775390625
VOO,2023-06-30,405.3999938964844,408.2200012207031,405.2900085449219,407.2799987792969,5173700,390.5897216796875
VOO,2023-07-03,406.9200134277344,408.05999755859375,406.67999267578125,408.05999755859375,2372000,391.33770751953125
VOO,2023-07-05,406.010009765625,407.8399963378906,406.010009765625,407.1499938964844,4230100,390.4649353027344
VOO,2023-07-06,403.7799987792969,404.3500061035156,401.55999755859375,403.8299865722656,6040300,387.281005859375
VOO,2023-07-07,403.0299987792969,406.67999267578125,402.7099914550781,402.8900146484375,3673200,386.37957763671875
VOO,2023-07-10,402.6300048828125,404.1099853515625,402.05999755859375,403.9700012207031,3362300,387.4153137207031
VOO,2023-07-11,404.7699890136719,407,403.7699890136719,406.55999755859375,3177800,389.899169921875
VOO,2023-07-12,410.19000244140625,411.1300048828125,408.7900085449219,409.760009765625,4246400,392.96807861328125
VOO,2023-07-13,411.5400085449219,413.80999755859375,411.1300048828125,413.1000061035156,3273400,396.171142578125
VOO,2023-07-14,413.94000244140625,414.7099914550781,412.0799865722656,412.7699890136719,3680900,395.8546447753906
VOO,2023-07-17,412.6499938964844,415.25,412.6300048828125,414.2099914550781,2963700,397.23565673828125
VOO,2023-07-18,413.9100036621094,417.92999267578125,413.5400085449219,417.3500061035156,3594000,400.2470703125
VOO,2023-07-19,418.07000732421875,419.3699951171875,417.489990234375,418.25,3494900,401.1101379394531
VOO,2023-07-20,417.29998779296875,418.1600036621094,414.82000732421875,415.5199890136719,4085000,398.4920349121094
VOO,2023-07-21,417.1099853515625,417.29998779296875,415.4800109863281,415.57000732421875,3176700,398.5399475097656
VOO,2023-07-24,416.5799865722656,418.1000061035156,416.0199890136719,417.3299865722656,3471100,400.22784423828125
VOO,2023-07-25,417.0799865722656,419.6499938964844,417.07000732421875,418.55999755859375,3949300,401.4073791503906
VOO,2023-07-26,417.6199951171875,419.8900146484375,416.5799865722656,418.6600036621094,6138800,401.50335693359375
VOO,2023-07-27,421.7900085449219,422.1499938964844,414.9200134277344,415.82000732421875,4149400,398.7796936035156
VOO,2023-07-28,418.92999267578125,420.6199951171875,418.1600036621094,419.8699951171875,2701200,402.66375732421875
VOO,2023-07-31,420.32000732421875,420.9700012207031,419.04998779296875,420.67999267578125,3452100,403.4405517578125
VOO,2023-08-01,419.260009765625,420.0799865722656,418.54998779296875,419.3800048828125,3118000,402.19378662109375
VOO,2023-08-02,416.4599914550781,416.70001220703125,412.8800048828125,413.57000732421875,4973700,396.6219177246094
VOO,2023-08-03,411.67999267578125,414.19000244140625,411.0899963378906,412.3999938964844,3022300,395.4998779296875
VOO,2023-08-04,414.1499938964844,416.1300048828125,410.0299987792969,410.3800048828125,5717300,393.5626220703125
VOO,2023-08-07,412.2900085449219,414.239990234375,411.6400146484375,414.0799865722656,2598000,397.1109619140625
VOO,2023-08-08,411.760009765625,412.739990234375,409.1300048828125,412.2900085449219,3780100,395.39434814453125
VOO,2023-08-09,412.6600036621094,412.7300109863281,408.8500061035156,409.54998779296875,3145900,392.7666320800781
VOO,2023-08-10,411.79998779296875,415.04998779296875,408.6199951171875,409.7900085449219,4588300,392.996826171875
VOO,2023-08-11,407.95001220703125,410.4100036621094,407.3399963378906,409.4100036621094,2918900,392.6323547363281
VOO,2023-08-14,408.55999755859375,411.739990234375,408.30999755859375,411.7200012207031,2772900,394.8476867675781
VOO,2023-08-15,410.0899963378906,411.7099914550781,406.4100036621094,407,4686100,390.3211364746094
VOO,2023-08-16,406.5899963378906,408.1099853515625,403.8699951171875,403.989990234375,3353700,387.4345703125
VOO,2023-08-17,405.3299865722656,405.5799865722656,400.3699951171875,400.7200012207031,7102500,384.2984924316406
VOO,2023-08-18,398.1700134277344,402.0199890136719,397.8500061035156,401.0899963378906,4157700,384.6533508300781
VOO,2023-08-21,402.1400146484375,404.3900146484375,399.989990234375,403.739990234375,3292400,387.1947021484375
VOO,2023-08-22,405.3500061035156,405.3999938964844,402.05999755859375,402.6099853515625,2646100,386.1110534667969
VOO,2023-08-23,403.55999755859375,407.6700134277344,403.4700012207031,406.95001220703125,3250000,390.2732238769531
VOO,2023-08-24,408.6000061035156,409.0799865722656,401.3999938964844,401.5400085449219,3458800,385.0848693847656
VOO,2023-08-25,403.0799865722656,405.79998779296875,399.7099914550781,404.20001220703125,4417800,387.63592529296875
VOO,2023-08-28,406.3599853515625,407.44000244140625,405.1000061035156,406.8599853515625,3236700,390.1869201660156
VOO,2023-08-29,406.7799987792969,412.9800109863281,406.57000732421875,412.6400146484375,3482700,395.7300109863281
VOO,2023-08-30,413.0299987792969,415.0299987792969,412.3999938964844,414.3599853515625,3004500,397.3795166015625
VOO,2023-08-31,414.9800109863281,416.1199951171875,413.6600036621094,413.8299865722656,4751100,396.87127685546875
VOO,2023-09-01,416.4599914550781,416.8800048828125,413.2099914550781,414.7099914550781,3588000,397.7152099609375
VOO,2023-09-05,414.20001220703125,414.4700012207031,412.7699890136719,412.8999938964844,4426700,395.97943115234375
VOO,2023-09-06,412.1000061035156,412.1300048828125,407.8299865722656,410.04998779296875,3744100,393.2461853027344
VOO,2023-09-07,407.1700134277344,409.42999267578125,406.8599853515625,408.8299865722656,2245800,392.076171875
VOO,2023-09-08,408.82000732421875,410.8399963378906,408.489990234375,409.3900146484375,4124400,392.6132507324219
VOO,2023-09-11,411.8800048828125,412.3800048828125,410.2900085449219,412.0799865722656,3346600,395.1929626464844
VOO,2023-09-12,410.70001220703125,412.1499938964844,409.2900085449219,409.8699951171875,7595300,393.073486328125
VOO,2023-09-13,410.0299987792969,411.3999938964844,408.989990234375,410.3500061035156,2529700,393.53387451171875
VOO,2023-09-14,412.6700134277344,414.510009765625,411.4200134277344,413.8999938964844,3660900,396.93841552734375
VOO,2023-09-15,412.3399963378906,412.6700134277344,408.4800109863281,408.739990234375,4004000,391.9898681640625
VOO,2023-09-18,408.5799865722656,410.3399963378906,408.1600036621094,409.19000244140625,3014600,392.4213562011719
VOO,2023-09-19,408.2200012207031,408.80999755859375,405.7099914550781,408.3699951171875,3623300,391.635009765625
VOO,2023-09-20,409.4599914550781,409.8399963378906,404.3299865722656,404.54998779296875,4009400,387.97149658203125
VOO,2023-09-21,401.79998779296875,402.04998779296875,397.69000244140625,397.9200134277344,4633100,381.6132507324219
VOO,2023-09-22,398.79998779296875,400.3299865722656,396.55999755859375,396.9599914550781,7204200,380.6925964355469
VOO,2023-09-25,395.760009765625,398.6400146484375,395.3699951171875,398.6099853515625,3227900,382.27496337890625
VOO,2023-09-26,395.7200012207031,396.3599853515625,391.9599914550781,392.760009765625,5734700,376.66473388671875
VOO,2023-09-27,393.8399963378906,394.3900146484375,389.45001220703125,392.8500061035156,4837700,376.75103759765625
VOO,2023-09-28,390.8699951171875,395.2699890136719,390.3299865722656,393.6400146484375,4065800,378.9488220214844
VOO,2023-09-29,396.6199951171875,396.739990234375,391.29998779296875,392.70001220703125,5766600,378.0439147949219
VOO,2023-10-02,391.8999938964844,393.760009765625,389.9700012207031,392.6700134277344,5886200,378.0149841308594
VOO,2023-10-03,390.5799865722656,391.92999267578125,386.0299987792969,387.3900146484375,6886700,372.93206787109375
VOO,2023-10-04,387.7300109863281,390.8500061035156,386.3999938964844,390.239990234375,4333700,375.6756286621094
VOO,2023-10-05,389.8900146484375,390.7900085449219,386.95001220703125,389.9100036621094,3329100,375.3580017089844
VOO,2023-10-06,387.69000244140625,396.0899963378906,386.4100036621094,394.55999755859375,4897200,379.83447265625
VOO,2023-10-09,392.7699890136719,397.69000244140625,392.30999755859375,397.19000244140625,2959500,382.3663330078125
VOO,2023-10-10,397.7699890136719,401.67999267578125,397.3900146484375,399.239990234375,3289600,384.3398132324219
VOO,2023-10-11,400.2699890136719,401.0899963378906,397.989990234375,400.92999267578125,4181800,385.9667053222656
VOO,2023-10-12,401.4800109863281,401.79998779296875,396.20001220703125,398.5199890136719,3872900,383.64666748046875
VOO,2023-10-13,399.80999755859375,400.9599914550781,394.9599914550781,396.4200134277344,3769800,381.6250305175781
VOO,2023-10-16,398.57000732421875,401.6000061035156,398.3399963378906,400.57000732421875,5150900,385.6202087402344
VOO,2023-10-17,397.6300048828125,402.5,397.30999755859375,400.5799865722656,4214600,385.62982177734375
VOO,2023-10-18,398.8900146484375,399.80999755859375,394.2200012207031,395.2200012207031,7329300,380.46978759765625
VOO,2023-10-19,395.9700012207031,397.6000061035156,391.1400146484375,391.8699951171875,6708900,377.244873046875
VOO,2023-10-20,391.3800048828125,391.82000732421875,386.8399963378906,386.989990234375,7549600,372.54705810546875
VOO,2023-10-23,385.4800109863281,389.94000244140625,383.8500061035156,386.30999755859375,5537100,371.89239501953125
VOO,2023-10-24,388.2799987792969,390.260009765625,386.54998779296875,389.20001220703125,4451500,374.67449951171875
VOO,2023-10-25,387.6000061035156,387.67999267578125,383.1199951171875,383.7099914550781,5471200,369.389404296875
VOO,2023-10-26,382.6300048828125,383.3999938964844,378.1499938964844,379,6959400,364.85516357421875
VOO,2023-10-27,380.5299987792969,380.8900146484375,375.95001220703125,377.32000732421875,5638800,363.2379150390625
VOO,2023-10-30,379.9100036621094,382.79998779296875,378.7099914550781,381.8599853515625,5795800,367.60845947265625
VOO,2023-10-31,382.3500061035156,384.4800109863281,380.55999755859375,384.1700134277344,4523200,369.832275390625
VOO,2023-11-01,385.0899963378906,389.0799865722656,384.6199951171875,388.3999938964844,5549200,373.9043884277344
VOO,2023-11-02,391.92999267578125,395.9100036621094,391.9200134277344,395.7799987792969,4752200,381.0089416503906
VOO,2023-11-03,397.9200134277344,400.8500061035156,397.8399963378906,399.44000244140625,5981400,384.5323486328125
VOO,2023-11-06,400.1199951171875,400.7300109863281,398.4599914550781,400.2099914550781,4007100,385.2735595703125
VOO,2023-11-07,400.260009765625,402.0400085449219,399.2300109863281,401.3399963378906,3358600,386.3614196777344
VOO,2023-11-08,401.989990234375,402.5,399.55999755859375,401.6700134277344,3731900,386.67913818359375
VOO,2023-11-09,402.80999755859375,402.8800048828125,398.2099914550781,398.6400146484375,4145600,383.76220703125
VOO,2023-11-10,400.5899963378906,405.1099853515625,399.1400146484375,404.8599853515625,3992800,389.7500305175781
VOO,2023-11-13,403.5899963378906,405.489990234375,402.82000732421875,404.45001220703125,2872900,389.3554382324219
VOO,2023-11-14,410.0400085449219,413.510009765625,409.8900146484375,412.2200012207031,6973100,396.8354187011719
VOO,2023-11-15,413.5400085449219,414.7200012207031,412.3699951171875,413.1199951171875,4414800,397.7017822265625
VOO,2023-11-16,412.739990234375,413.95001220703125,411.75,413.70001220703125,3798900,398.2601318359375
VOO,2023-11-17,413.94000244140625,414.7900085449219,412.8699951171875,414.30999755859375,4696200,398.8473815917969
VOO,2023-11-20,413.989990234375,418.20001220703125,413.9800109863281,417.42999267578125,3517600,401.8509216308594
VOO,2023-11-21,416.3999938964844,416.8399963378906,415.29998779296875,416.3399963378906,5248200,400.8016052246094
VOO,2023-11-22,418.07000732421875,419.30999755859375,417.05999755859375,418.1400146484375,3692800,402.5343933105469
VOO,2023-11-24,418.19000244140625,418.489990234375,417.8399963378906,418.3699951171875,1351300,402.7558288574219
VOO,2023-11-27,417.7900085449219,418.5299987792969,417.2300109863281,417.6400146484375,3632600,402.0531005859375
VOO,2023-11-28,417.25,419.25,416.7099914550781,418.04998779296875,3382400,402.44781494140625
VOO,2023-11-29,420.05999755859375,421.1199951171875,417.3699951171875,417.7799987792969,4092600,402.1878662109375
VOO,2023-11-30,418.5400085449219,419.70001220703125,416.57000732421875,419.3999938964844,4405700,403.7474060058594
VOO,2023-12-01,418.8299865722656,422.3699951171875,418.25,421.8599853515625,4973600,406.1156005859375
VOO,2023-12-04,418.6499938964844,419.8699951171875,417.5,419.739990234375,5806100,404.07470703125
VOO,2023-12-05,418.3399963378906,420.4700012207031,418,419.6099853515625,3419300,403.9495849609375
VOO,2023-12-06,421.6099853515625,421.6700134277344,417.4599914550781,417.8599853515625,4201800,402.264892578125
VOO,2023-12-07,419.80999755859375,421.6700134277344,419.2799987792969,421.1300048828125,3248300,405.412841796875
VOO,2023-12-08,420.3699951171875,423.3699951171875,420.1499938964844,422.9200134277344,5125300,407.13604736328125
VOO,2023-12-11,422.4100036621094,424.7099914550781,422.2200012207031,424.55999755859375,5247100,408.7148132324219
VOO,2023-12-12,424.2200012207031,426.6700134277344,423.2699890136719,426.6700134277344,5982600,410.7461242675781
VOO,2023-12-13,426.8800048828125,432.6099853515625,426.510009765625,432.4800109863281,8659100,416.3392639160156
VOO,2023-12-14,434.2200012207031,435.3599853515625,431.239990234375,433.75,8349100,417.56182861328125
VOO,2023-12-15,433.19000244140625,434.25,432.239990234375,433.0899963378906,5326000,416.926513671875
VOO,2023-12-18,434.6400146484375,436.3999938964844,434.45001220703125,435.5400085449219,4280500,419.28509521484375
VOO,2023-12-19,436.0400085449219,438.2200012207031,435.95001220703125,438.19000244140625,4061500,421.83612060546875
VOO,2023-12-20,435.510009765625,437.30999755859375,429.8999938964844,430.0899963378906,5783200,415.7471618652344
VOO,2023-12-21,433.1300048828125,434.6400146484375,430.8599853515625,434.2799987792969,4621600,419.7975158691406
VOO,2023-12-22,435.4599914550781,436.8399963378906,433.4800109863281,435.2900085449219,4037800,420.7737731933594
VOO,2023-12-26,435.6700134277344,437.9200134277344,435.5799865722656,437.1000061035156,3835800,422.5234680175781
VOO,2023-12-27,436.8999938964844,438.0199890136719,436.4200134277344,437.8999938964844,4271000,423.2967529296875
VOO,2023-12-28,438.25,438.8399963378906,437.6600036621094,437.9700012207031,4703700,423.36444091796875
VOO,2023-12-29,437.8699951171875,438.3399963378906,434.94000244140625,436.79998779296875,4376900,422.2334289550781
VOO,2024-01-02,433.9100036621094,435.2699890136719,432.3599853515625,434.010009765625,9076000,419.5364685058594
VOO,2024-01-03,432.32000732421875,433,430.25,430.7900085449219,4805000,416.423828125
VOO,2024-01-04,430.3299865722656,432.7799987792969,429.2099914550781,429.42999267578125,3945300,415.1092224121094
VOO,2024-01-05,429.5899963378906,432.29998779296875,428.6400146484375,429.9800109863281,5724600,415.640869140625
VOO,2024-01-08,430.45001220703125,436.2699890136719,430.3699951171875,436.1300048828125,7222400,421.5857849121094
VOO,2024-01-09,433.6199951171875,436.42999267578125,433.1600036621094,435.07000732421875,7939600,420.5611267089844
VOO,2024-01-10,435.7699890136719,438.739990234375,435.4800109863281,437.94000244140625,4278800,423.33544921875
VOO,2024-01-11,438.94000244140625,439.3599853515625,434,437.7900085449219,4796600,423.1904602050781
VOO,2024-01-12,439.1099853515625,439.79998779296875,436.7300109863281,437.989990234375,5182700,423.3837890625
VOO,2024-01-16,436.7900085449219,437.9800109863281,434.739990234375,436.5,5730800,421.9434509277344
VOO,2024-01-17,433.6000061035156,434.4800109863281,431.80999755859375,434.07000732421875,6044600,419.594482421875
VOO,2024-01-18,435.5799865722656,438.3900146484375,434.1600036621094,437.92999267578125,4331300,423.3257751464844
VOO,2024-01-19,439,443.6099853515625,438.30999755859375,443.2900085449219,4836800,428.5070495605469
VOO,2024-01-22,444.7699890136719,445.9200134277344,443.67999267578125,444.29998779296875,5870400,429.4832458496094
VOO,2024-01-23,444.8299865722656,445.82000732421875,443.7799987792969,445.6199951171875,3251600,430.75933837890625
VOO,2024-01-24,448.32000732421875,449.19000244140625,445.75,445.989990234375,4568200,431.1169738769531
VOO,2024-01-25,448.1400146484375,448.760009765625,446.1099853515625,448.5,4167100,433.54327392578125
VOO,2024-01-26,448.1000061035156,449.510009765625,447.1600036621094,448.2300109863281,6404000,433.2822570800781
VOO,2024-01-29,448.2300109863281,451.6099853515625,447.7099914550781,451.489990234375,4543300,436.43353271484375
VOO,2024-01-30,450.8399963378906,451.80999755859375,450.44000244140625,451.1700134277344,3410000,436.1242370605469
VOO,2024-01-31,449.0400085449219,449.4700012207031,443.75,443.82000732421875,7108000,429.01934814453125
VOO,2024-02-01,445.3500061035156,449.6600036621094,444.6499938964844,449.6600036621094,6138400,434.66455078125
VOO,2024-02-02,450.010009765625,455.8800048828125,449.69000244140625,454.2799987792969,6253500,439.1304626464844
VOO,2024-02-05,453.7300109863281,454.1499938964844,450.5400085449219,452.6199951171875,7101900,437.52587890625
VOO,2024-02-06,453.5799865722656,454.2900085449219,452.2099914550781,454.0299987792969,4383600,438.8888854980469
VOO,2024-02-07,456.1499938964844,458.17999267578125,455.2699890136719,457.760009765625,6763400,442.4945068359375
VOO,2024-02-08,457.80999755859375,458.3299865722656,457.0299987792969,458.07000732421875,4184600,442.79412841796875
VOO,2024-02-09,458.5400085449219,461.0299987792969,458.1700134277344,460.6700134277344,4002600,445.3074035644531
VOO,2024-02-12,460.6099853515625,462.739990234375,459.75,460.4599914550781,4564200,445.1044616699219
VOO,2024-02-13,454.4800109863281,455.70001220703125,451,453.9700012207031,8152200,438.8308410644531
VOO,2024-02-14,456.5799865722656,458.6700134277344,454.3999938964844,458.2900085449219,5624000,443.0068054199219
VOO,2024-02-15,458.8999938964844,461.5400085449219,458.42999267578125,461.3900146484375,5695700,446.0034484863281
VOO,2024-02-16,461.0799865722656,462.1499938964844,458.3999938964844,459.0299987792969,5527900,443.7221374511719
VOO,2024-02-20,457.44000244140625,458.05999755859375,454.42999267578125,456.510009765625,5306800,441.28619384765625
VOO,2024-02-21,455.32000732421875,457.1199951171875,453.6000061035156,456.9700012207031,4208600,441.7308654785156
VOO,2024-02-22,463.2200012207031,467.3299865722656,462.32000732421875,466.57000732421875,4328500,451.01068115234375
VOO,2024-02-23,468.0899963378906,468.8699951171875,466.0899963378906,466.7799987792969,4050600,451.2136535644531
VOO,2024-02-26,467.19000244140625,467.5899963378906,464.94000244140625,465.07000732421875,3450800,449.5606689453125
VOO,2024-02-27,465.7099914550781,466.1199951171875,463.9100036621094,465.92999267578125,3586900,450.39202880859375
VOO,2024-02-28,464.489990234375,465.8299865722656,464.1099853515625,465.2099914550781,2800600,449.6960144042969
VOO,2024-02-29,466.9700012207031,468.489990234375,464.4700012207031,466.92999267578125,7332900,451.358642578125
VOO,2024-03-01,467.8299865722656,471.7699890136719,467.42999267578125,471.42999267578125,4839400,455.7085876464844
VOO,2024-03-04,470.6099853515625,472.6000061035156,470.6000061035156,470.8699951171875,3970200,455.1672668457031
VOO,2024-03-05,468.95001220703125,469.3800048828125,464.05999755859375,466.1499938964844,4616500,450.6046447753906
VOO,2024-03-06,469.25,470.6600036621094,467.32000732421875,468.6199951171875,5325100,452.99224853515625
VOO,2024-03-07,471.6300048828125,474.19000244140625,470.7799987792969,473.260009765625,7149800,457.47760009765625
VOO,2024-03-08,473.7699890136719,476.29998779296875,469.82000732421875,470.3900146484375,6285600,454.7032775878906
VOO,2024-03-11,469.20001220703125,470.4599914550781,467.3900146484375,470,5323900,454.3262939453125
VOO,2024-03-12,471.9200134277344,475.54998779296875,469.57000732421875,475.0299987792969,4811000,459.18853759765625
VOO,2024-03-13,475.30999755859375,475.4700012207031,472.8999938964844,474.30999755859375,3544500,458.4925537109375
VOO,2024-03-14,475.1600036621094,475.3299865722656,470.45001220703125,473.2699890136719,5153000,457.4871826171875
VOO,2024-03-15,470.4100036621094,471.7799987792969,468.7200012207031,470.010009765625,6807100,454.3359680175781
VOO,2024-03-18,473.95001220703125,475.2799987792969,472.5,472.95001220703125,3939100,457.1778869628906
VOO,2024-03-19,472.20001220703125,475.739990234375,471.2900085449219,475.6000061035156,4550200,459.7395324707031
VOO,2024-03-20,475.5400085449219,480.0199890136719,474.92999267578125,479.75,6179400,463.7511291503906
VOO,2024-03-21,482.6199951171875,483.239990234375,481.2099914550781,481.3500061035156,5044700,465.29779052734375
VOO,2024-03-22,479.8699951171875,480.32000732421875,478.82000732421875,479.17999267578125,5881500,464.68975830078125
VOO,2024-03-25,477.7300109863281,478.7900085449219,477.54998779296875,477.94000244140625,6081300,463.4872131347656
VOO,2024-03-26,479.05999755859375,479.3699951171875,476.42999267578125,476.6000061035156,8073500,462.1877746582031
VOO,2024-03-27,479.510009765625,480.8699951171875,477.45001220703125,480.760009765625,4951400,466.221923828125
VOO,2024-03-28,480.8699951171875,482.1600036621094,480.5,480.70001220703125,4065000,466.16375732421875
VOO,2024-04-01,481.44000244140625,481.9599914550781,478.8299865722656,480.07000732421875,5734000,465.5528259277344
VOO,2024-04-02,476.3299865722656,476.989990234375,474.7099914550781,476.92999267578125,4817800,462.5077819824219
VOO,2024-04-03,475.8399963378906,478.79998779296875,475.7900085449219,477.3599853515625,6224800,462.92474365234375
VOO,2024-04-04,481.20001220703125,481.4800109863281,471.2699890136719,471.4800109863281,6871200,457.2226257324219
VOO,2024-04-05,472.8500061035156,478.3299865722656,472.4200134277344,476.489990234375,5588200,462.0810546875
VOO,2024-04-08,477.1499938964844,478.07000732421875,475.9700012207031,476.67999267578125,4736800,462.2653503417969
VOO,2024-04-09,478.3800048828125,478.6000061035156,472.739990234375,477.2699890136719,5250400,462.83746337890625
VOO,2024-04-10,471.9100036621094,474.3900146484375,470.6700134277344,472.6499938964844,6933400,458.3571472167969
VOO,2024-04-11,473.9800109863281,477.42999267578125,470.6700134277344,476.05999755859375,5109900,461.6640625
VOO,2024-04-12,472.7699890136719,474.04998779296875,467.9100036621094,469.57000732421875,6959700,455.370361328125
VOO,2024-04-15,473.4700012207031,473.5899963378906,462.8500061035156,463.6099853515625,9530000,449.5905456542969
VOO,2024-04-16,464.04998779296875,465.510009765625,461.5899963378906,462.7799987792969,6761400,448.78564453125
VOO,2024-04-17,465.1099853515625,465.239990234375,458.7300109863281,459.989990234375,7156200,446.08001708984375
VOO,2024-04-18,461.3599853515625,463.29998779296875,458.2099914550781,458.94000244140625,5637300,445.0617370605469
VOO,2024-04-19,458.989990234375,459.94000244140625,453.8999938964844,455.1000061035156,9787500,441.337890625
VOO,2024-04-22,457.54998779296875,461.7300109863281,455.3500061035156,459.04998779296875,5818100,445.1684265136719
VOO,2024-04-23,461.17999267578125,465.1300048828125,460.6700134277344,464.8399963378906,4257400,450.78338623046875
VOO,2024-04-24,465.57000732421875,466.30999755859375,462.44000244140625,464.5,7687800,450.45367431640625
VOO,2024-04-25,458.7699890136719,463.4599914550781,457.260009765625,462.5799865722656,4876200,448.5916748046875
VOO,2024-04-26,465.3299865722656,468.6300048828125,464.80999755859375,467.2099914550781,4907100,453.0816955566406
VOO,2024-04-29,468.8399963378906,469.4200134277344,466.2099914550781,468.8399963378906,3253200,454.66241455078125
VOO,2024-04-30,467.4200134277344,468.3399963378906,461.3599853515625,461.42999267578125,4364800,447.4764709472656
VOO,2024-05-01,460.7699890136719,467.07000732421875,459.44000244140625,459.92999267578125,6115400,446.0218200683594
VOO,2024-05-02,463.3599853515625,464.95001220703125,459.1600036621094,464.2200012207031,3972400,450.1820983886719
VOO,2024-05-03,469.760009765625,471,467.44000244140625,469.9800109863281,4586900,455.7679443359375
VOO,2024-05-06,472.2200012207031,474.80999755859375,471.82000732421875,474.7200012207031,4782500,460.36456298828125
VOO,2024-05-07,475.70001220703125,476.6400146484375,474.7099914550781,475.3999938964844,3451300,461.02398681640625
VOO,2024-05-08,473.5899963378906,475.8599853515625,473.5,475.4200134277344,3214900,461.0434265136719
VOO,2024-05-09,475.5899963378906,478.1499938964844,474.94000244140625,478.1499938964844,3486000,463.69085693359375
VOO,2024-05-10,479.69000244140625,480.3900146484375,477.5899963378906,478.739990234375,3347200,464.2630615234375
VOO,2024-05-13,480.3500061035156,480.4200134277344,477.7300109863281,478.7699890136719,3108400,464.2921142578125
VOO,2024-05-14,478.9800109863281,481.4700012207031,478.4800109863281,481.0400085449219,3257700,466.4934997558594
VOO,2024-05-15,483.3399963378906,487.2300109863281,482.739990234375,486.8999938964844,4399500,472.17626953125
VOO,2024-05-16,487.04998779296875,488.57000732421875,485.8299865722656,485.9700012207031,3347400,471.27435302734375
VOO,2024-05-17,486.0899963378906,486.7300109863281,484.70001220703125,486.69000244140625,3274000,471.9725646972656
VOO,2024-05-20,486.7799987792969,488.6099853515625,486.45001220703125,487.1700134277344,2599600,472.4381103515625
VOO,2024-05-21,486.5299987792969,488.5799865722656,486.3500061035156,488.4800109863281,2453600,473.7085266113281
VOO,2024-05-22,487.7900085449219,488.42999267578125,484.94000244140625,487.05999755859375,3250600,472.3314208984375
VOO,2024-05-23,489.9100036621094,489.989990234375,482.2900085449219,483.44000244140625,3811300,468.8208923339844
VOO,2024-05-24,485.17999267578125,487.3999938964844,484.3299865722656,486.7300109863281,2555200,472.01141357421875
VOO,2024-05-28,487.3999938964844,487.6499938964844,484.5299987792969,487.1199951171875,4034700,472.3896484375
VOO,2024-05-29,483.19000244140625,484.67999267578125,482.9599914550781,483.69000244140625,5605000,469.0633850097656
VOO,2024-05-30,482.1199951171875,482.75,479.20001220703125,480.44000244140625,3386800,465.9115905761719
VOO,2024-05-31,481.239990234375,484.9100036621094,476.4800109863281,484.6199951171875,5334000,469.9652099609375
VOO,2024-06-03,486.29998779296875,486.4100036621094,480.3999938964844,485.1499938964844,4211300,470.4791259765625
VOO,2024-06-04,484,486.4100036621094,482.55999755859375,485.739990234375,2560300,471.0513610839844
VOO,2024-06-05,487.8699951171875,491.54998779296875,486.05999755859375,491.54998779296875,3026100,476.6856994628906
VOO,2024-06-06,491.8399963378906,492.17999267578125,489.6400146484375,491.44000244140625,21344000,476.5790100097656
VOO,2024-06-07,490.54998779296875,493.5299987792969,489.5400085449219,490.79998779296875,3063600,475.9583435058594
VOO,2024-06-10,490.1700134277344,492.69000244140625,489.55999755859375,492.4100036621094,3461900,477.5196533203125
VOO,2024-06-11,490.989990234375,493.6600036621094,489.1099853515625,493.5299987792969,4028400,478.6058044433594
VOO,2024-06-12,497.92999267578125,500.1499938964844,496.7099914550781,497.6400146484375,3698800,482.5915222167969
VOO,2024-06-13,499.29998779296875,499.45001220703125,496.05999755859375,498.5799865722656,8808900,483.5030517578125
VOO,2024-06-14,497.260009765625,499.0400085449219,496.2900085449219,498.9800109863281,5812000,483.8909912109375
VOO,2024-06-17,498.4800109863281,504.17999267578125,497.9100036621094,502.94000244140625,4609500,487.731201171875
VOO,2024-06-18,503.04998779296875,504.3599853515625,502.6300048828125,504.2799987792969,3431700,489.0307312011719
VOO,2024-06-20,505.1400146484375,505.739990234375,501.19000244140625,502.8800048828125,4810900,487.67303466796875
VOO,2024-06-21,502.1000061035156,503.2200012207031,500.8500061035156,501.7799987792969,4338100,486.6063537597656
VOO,2024-06-24,502.0299987792969,504.44000244140625,500.42999267578125,500.42999267578125,7022800,485.2971496582031
VOO,2024-06-25,501.7099914550781,502.8299865722656,500.32000732421875,502.510009765625,6325200,487.31427001953125
VOO,2024-06-26,501.4700012207031,503.7699890136719,500.8900146484375,503.07000732421875,3202700,487.8572998046875
VOO,2024-06-27,503,504.4800109863281,502.32000732421875,503.8500061035156,3619700,488.6137390136719
VOO,2024-06-28,502.9700012207031,505.7300109863281,499.010009765625,500.1300048828125,5598600,486.7296142578125
VOO,2024-07-01,501.489990234375,501.67999267578125,498.6000061035156,501.2799987792969,4368500,487.8487243652344
VOO,2024-07-02,499.69000244140625,504.6099853515625,499.6099853515625,504.5299987792969,4210100,491.0116882324219
VOO,2024-07-03,504.2200012207031,507.1400146484375,504.2200012207031,506.80999755859375,2131100,493.2306213378906
VOO,2024-07-05,507.1300048828125,510.1000061035156,506.489990234375,509.8399963378906,3156900,496.1794128417969
VOO,2024-07-08,510.5,511.2099914550781,509.32000732421875,510.3299865722656,3143400,496.6562805175781
VOO,2024-07-09,511.2099914550781,512.010009765625,510.5400085449219,510.8900146484375,3140600,497.2012939453125
VOO,2024-07-10,511.9800109863281,516.17999267578125,511.69000244140625,515.80999755859375,3446900,501.98944091796875
VOO,2024-07-11,516,516.78997802734375,510.8299865722656,511.3900146484375,5537800,497.6878967285156
VOO,2024-07-12,512.489990234375,518.030029296875,512.16998291015625,514.54998779296875,5238200,500.7632141113281
VOO,2024-07-15,516.58001708984375,519.1199951171875,514.34002685546875,516.1099853515625,7771500,502.2814025878906
VOO,2024-07-16,517.33001708984375,519.4000244140625,516.5999755859375,519.03997802734375,4164300,505.1329650878906
VOO,2024-07-17,513.55999755859375,515.1099853515625,511.55999755859375,511.7900085449219,4984300,498.0771484375
VOO,2024-07-18,513.25,514.19000244140625,505.8699951171875,507.94000244140625,5055900,494.3303527832031
VOO,2024-07-19,507.6400146484375,509.20001220703125,503.55999755859375,504.54998779296875,4039400,491.0311584472656
VOO,2024-07-22,508.2699890136719,510.32000732421875,506.44000244140625,509.7900085449219,4342900,496.1307373046875
VOO,2024-07-23,509.6600036621094,511.6499938964844,508.489990234375,508.94000244140625,3116000,495.30352783203125
VOO,2024-07-24,504.42999267578125,504.70001220703125,496.54998779296875,497.2900085449219,6157400,483.9656982421875
VOO,2024-07-25,497.54998779296875,503.1400146484375,493.9200134277344,494.7799987792969,5646600,481.5229187011719
VOO,2024-07-26,498.3599853515625,502.8900146484375,497.6700134277344,500.3299865722656,3636000,486.9241943359375
VOO,2024-07-29,501.82000732421875,502.7699890136719,498.7699890136719,500.70001220703125,3096200,487.2843322753906
VOO,2024-07-30,502.04998779296875,503.010009765625,494.9200134277344,498.0799865722656,3817800,484.7344665527344
VOO,2024-07-31,504.4800109863281,508.6499938964844,503.30999755859375,505.92999267578125,5367600,492.3741455078125
VOO,2024-08-01,507.8399963378906,509.8999938964844,495.75,499.0299987792969,6939200,485.6590881347656
VOO,2024-08-02,492.4100036621094,493.5199890136719,485.79998779296875,489.9100036621094,8561200,476.78338623046875
VOO,2024-08-05,470.1700134277344,481.17999267578125,468.8900146484375,475.20001220703125,15244300,462.4675598144531
VOO,2024-08-06,477.3900146484375,486.8599853515625,475.94000244140625,479.94000244140625,8255000,467.08056640625
VOO,2024-08-07,485.70001220703125,488.54998779296875,476.1099853515625,476.6099853515625,5976400,463.8397521972656
VOO,2024-08-08,481.489990234375,488.2699890136719,479.6400146484375,487.7300109863281,4177200,474.66180419921875
VOO,2024-08-09,486.92999267578125,491.2099914550781,485.82000732421875,489.82000732421875,7661300,476.6958923339844
VOO,2024-08-12,490.94000244140625,492.3500061035156,487.9800109863281,490.07000732421875,3578100,476.9391784667969
VOO,2024-08-13,493.1400146484375,498.3800048828125,492.9200134277344,498.2099914550781,3247900,484.86102294921875
VOO,2024-08-14,498.9200134277344,500.8500061035156,496.4800109863281,499.79998779296875,3700500,486.4084167480469
VOO,2024-08-15,505.0899963378906,508.5899963378906,504.489990234375,508.3800048828125,4279000,494.758544921875
VOO,2024-08-16,506.8399963378906,510.1099853515625,506.6499938964844,509.45001220703125,3449300,495.7998962402344
VOO,2024-08-19,509.8599853515625,514.3499755859375,509.05999755859375,514.3499755859375,3804300,500.568603515625
VOO,2024-08-20,513.91998291015625,515.47998046875,512.25,513.5,3156000,499.7413635253906
VOO,2024-08-21,514.469970703125,516.65997314453125,512.8499755859375,515.29998779296875,3344100,501.4931640625
VOO,2024-08-22,517.04998779296875,517.6300048828125,510.1000061035156,511.1300048828125,3677100,497.43487548828125
VOO,2024-08-23,514.33001708984375,517.54998779296875,512.25,516.65997314453125,5102800,502.816650390625
VOO,2024-08-26,517.6400146484375,518.28997802734375,513.8800048828125,515.3900146484375,3398600,501.5807189941406
VOO,2024-08-27,514.260009765625,516.59002685546875,513.15997314453125,516.08001708984375,3031800,502.2522277832031
VOO,2024-08-28,515.79998779296875,516.22998046875,510.1600036621094,513.1300048828125,3940400,499.3812561035156
VOO,2024-08-29,514.989990234375,518.09002685546875,512.1300048828125,513.21002197265625,3487100,499.4591064453125
VOO,2024-08-30,515.41998291015625,518.58001708984375,512.1199951171875,518.03997802734375,5637700,504.15960693359375
VOO,2024-09-03,515.1199951171875,515.42999267578125,505.1000061035156,507.55999755859375,5866400,493.96051025390625
VOO,2024-09-04,505.67999267578125,509.5299987792969,505.0199890136719,506.29998779296875,3601400,492.7342529296875
VOO,2024-09-05,506.3599853515625,508.94000244140625,502.8399963378906,505.04998779296875,3425600,491.51776123046875
VOO,2024-09-06,505.3399963378906,506.94000244140625,495.79998779296875,496.6400146484375,7411400,483.3331298828125
VOO,2024-09-09,500.6000061035156,503.3699951171875,498.75,502.2300109863281,3656800,488.7733459472656
VOO,2024-09-10,503.95001220703125,504.7099914550781,499.5,504.29998779296875,2975400,490.78790283203125
VOO,2024-09-11,504.30999755859375,510.44000244140625,496.25,509.4599914550781,5956900,495.8096008300781
VOO,2024-09-12,510.0899963378906,514.1400146484375,508.05999755859375,513.84002685546875,4092900,500.0722961425781
VOO,2024-09-13,514.42999267578125,517.530029296875,514.22998046875,516.57000732421875,4416600,502.72906494140625
VOO,2024-09-16,516.34002685546875,517.59002685546875,514.6500244140625,517.3499755859375,4256300,503.4881896972656
VOO,2024-09-17,519.44000244140625,520.739990234375,515.5,517.59002685546875,8150000,503.7218017578125
VOO,2024-09-18,518.17999267578125,522.72998046875,515.469970703125,515.90997314453125,6921300,502.08673095703125
VOO,2024-09-19,524.8800048828125,526.5999755859375,522.19000244140625,524.90997314453125,5558400,510.8456115722656
VOO,2024-09-20,523.510009765625,524.91998291015625,521.1199951171875,523.8800048828125,5612700,509.84320068359375
VOO,2024-09-23,525,525.83001708984375,523.83001708984375,525.16998291015625,29289200,511.09869384765625
VOO,2024-09-24,526.010009765625,526.84002685546875,523.3800048828125,526.67999267578125,4650600,512.56817626953125
VOO,2024-09-25,526.6099853515625,527.29998779296875,524.6500244140625,525.6099853515625,35418000,511.52691650390625
VOO,2024-09-26,529.66998291015625,529.91998291015625,525.489990234375,527.70001220703125,5273900,513.56097412109375
VOO,2024-09-27,527.09002685546875,527.77001953125,524.32000732421875,525.3800048828125,5598600,512.8961181640625
VOO,2024-09-30,524.32000732421875,527.96002197265625,522.19000244140625,527.66998291015625,8013000,515.131591796875
VOO,2024-10-01,527.03997802734375,527.0999755859375,520.22998046875,522.739990234375,9198700,510.31884765625
VOO,2024-10-02,521.8499755859375,523.8499755859375,519.58001708984375,522.83001708984375,3270600,510.4066162109375
VOO,2024-10-03,521.55999755859375,523.760009765625,519.82000732421875,521.84002685546875,4008000,509.440185546875
VOO,2024-10-04,526.15997314453125,527.02001953125,522.29998779296875,526.6500244140625,5354400,514.135986328125
VOO,2024-10-07,525.1400146484375,525.719970703125,520.80999755859375,521.90997314453125,3970500,509.5085144042969
VOO,2024-10-08,524.32000732421875,527.3800048828125,523.5,526.8499755859375,2626700,514.33111572265625
VOO,2024-10-09,526.8699951171875,531.030029296875,526.30999755859375,530.45001220703125,2941800,517.84564208984375
VOO,2024-10-10,529.27001953125,530.9000244140625,528.09002685546875,529.55999755859375,3637600,516.97662353515625
VOO,2024-10-11,529.5,533.42999267578125,529.3900146484375,532.71002197265625,5429200,520.05181884765625
VOO,2024-10-14,534.25,537.97998046875,533.969970703125,537.07000732421875,2638900,524.3082275390625
VOO,2024-10-15,537.3800048828125,537.6099853515625,531.82000732421875,532.97998046875,4811300,520.3154296875
VOO,2024-10-16,532.92999267578125,535.72998046875,532.219970703125,535.219970703125,3237200,522.502197265625
VOO,2024-10-17,538.6199951171875,538.760009765625,535.1500244140625,535.29998779296875,3225300,522.58026123046875
VOO,2024-10-18,536.9000244140625,538.0999755859375,535.55999755859375,537.3599853515625,5070400,524.5914306640625
VOO,2024-10-21,536.719970703125,537.6099853515625,533.71002197265625,536.530029296875,3671400,523.78125
VOO,2024-10-22,534.1099853515625,537.280029296875,533.469970703125,536.15997314453125,3366600,523.41986083984375
VOO,2024-10-23,534.280029296875,534.719970703125,528.02001953125,531.27001953125,5227800,518.6461181640625
VOO,2024-10-24,533.16998291015625,533.17999267578125,530.03997802734375,532.469970703125,4477800,519.81756591796875
VOO,2024-10-25,534.6500244140625,537.260009765625,531.40997314453125,532.260009765625,4327200,519.61260986328125
VOO,2024-10-28,535.530029296875,535.57000732421875,533.66998291015625,533.91998291015625,3408000,521.23321533203125
VOO,2024-10-29,533.1199951171875,535.82000732421875,531.75,534.77001953125,3027600,522.06298828125
VOO,2024-10-30,534.3499755859375,536.20001220703125,532.59002685546875,533.15997314453125,3067000,520.49127197265625
VOO,2024-10-31,529.09002685546875,529.22998046875,522.510009765625,522.66998291015625,7972800,510.25042724609375
VOO,2024-11-01,525.15997314453125,529.08001708984375,524.53997802734375,524.94000244140625,6106900,512.466552734375
VOO,2024-11-04,525.05999755859375,526.280029296875,522.030029296875,523.79998779296875,3681500,511.3536376953125
VOO,2024-11-05,524.719970703125,530.16998291015625,524.47998046875,530.0999755859375,3300300,517.50384521484375
VOO,2024-11-06,541.6500244140625,544.1400146484375,538.16998291015625,543.29998779296875,7483300,530.39031982421875
VOO,2024-11-07,545.219970703125,548.47998046875,545.1500244140625,547.530029296875,6051300,534.5196533203125
VOO,2024-11-08,548.07000732421875,551.239990234375,548.05999755859375,549.95001220703125,6798000,536.88226318359375
VOO,2024-11-11,551.42999267578125,551.72998046875,548.8499755859375,550.4000244140625,4893100,537.3216552734375
VOO,2024-11-12,550.3900146484375,550.94000244140625,546.42999267578125,548.75,4818600,535.7108154296875
VOO,2024-11-13,549.15997314453125,550.8800048828125,546.969970703125,549.030029296875,3701600,535.98419189453125
VOO,2024-11-14,549.0999755859375,549.57000732421875,544.8800048828125,545.53997802734375,3940300,532.5770263671875
VOO,2024-11-15,542.1300048828125,542.57000732421875,536.75,538.5,7360100,525.7042236328125
VOO,2024-11-18,538.91998291015625,541.92999267578125,538.1500244140625,540.72998046875,4494500,527.88140869140625
VOO,2024-11-19,537.5,543.3699951171875,536.9000244140625,542.70001220703125,6978400,529.8045654296875
VOO,2024-11-20,542.780029296875,543.07000732421875,537.44000244140625,542.9000244140625,3949100,529.99969482421875
VOO,2024-11-21,545.58001708984375,547.07000732421875,540.03997802734375,545.6400146484375,4530600,532.67462158203125
VOO,2024-11-22,545.82000732421875,548.04998779296875,545.3699951171875,547.469970703125,5574600,534.46112060546875
VOO,2024-11-25,551.20001220703125,552.3800048828125,547.20001220703125,549.22998046875,4305000,536.1793212890625
VOO,2024-11-26,550.5,552.82000732421875,549.8499755859375,552.30999755859375,4438600,539.18621826171875
VOO,2024-11-27,552.03997802734375,552.3800048828125,549.1099853515625,550.54998779296875,3312200,537.46795654296875
VOO,2024-11-29,551.28997802734375,554.70001220703125,551.07000732421875,553.45001220703125,3988700,540.29913330078125
VOO,2024-12-02,554.3599853515625,555.57000732421875,553.8900146484375,555.010009765625,5441000,541.822021484375
VOO,2024-12-03,554.79998779296875,555.42999267578125,553.78997802734375,555.1400146484375,4202900,541.9488525390625
VOO,2024-12-04,556.83001708984375,558.8800048828125,556.16998291015625,558.6400146484375,5490300,545.36578369140625
VOO,2024-12-05,558.6300048828125,559.40997314453125,557.46002197265625,557.71002197265625,3021600,544.4578857421875
VOO,2024-12-06,558.469970703125,559.96002197265625,558.08001708984375,558.82000732421875,5134900,545.54144287109375
VOO,2024-12-09,558.71002197265625,558.8699951171875,555.3800048828125,555.90997314453125,4412300,542.7005615234375
VOO,2024-12-10,556.58001708984375,556.8800048828125,553.57000732421875,554.33001708984375,4110100,541.158203125
VOO,2024-12-11,556.91998291015625,559.3900146484375,556.65997314453125,558.530029296875,3514400,545.25836181640625
VOO,2024-12-12,557.66998291015625,558.20001220703125,555.6199951171875,555.6500244140625,4048600,542.44683837890625
VOO,2024-12-13,557.510009765625,558.15997314453125,554.20001220703125,555.6099853515625,4666900,542.4078369140625
VOO,2024-12-16,557.1300048828125,558.79998779296875,556.41998291015625,557.78997802734375,22846800,544.5360107421875
VOO,2024-12-17,555.469970703125,556.3900146484375,554.28997802734375,555.45001220703125,6110900,542.25152587890625
VOO,2024-12-18,555.29998779296875,557.530029296875,538.530029296875,539.1400146484375,24584900,526.32916259765625
VOO,2024-12-19,543.69000244140625,545.0999755859375,538.6500244140625,538.94000244140625,16792100,526.13385009765625
VOO,2024-12-20,536.6099853515625,549.53997802734375,535.8499755859375,545.03997802734375,9389400,532.08892822265625
VOO,2024-12-23,543.30999755859375,547.3599853515625,540.32000732421875,547.19000244140625,7063400,535.897705078125
VOO,2024-12-24,548.05999755859375,552.9000244140625,547.53997802734375,552.82000732421875,3439300,541.4114990234375
VOO,2024-12-26,551.20001220703125,553.969970703125,549.91998291015625,552.80999755859375,4492000,541.40167236328125
VOO,2024-12-27,549.3699951171875,549.6199951171875,543.20001220703125,547.08001708984375,7077100,535.78997802734375
VOO,2024-12-30,540.55999755859375,544.09002685546875,537.4000244140625,540.989990234375,6505100,529.82550048828125
VOO,2024-12-31,542.45001220703125,543.07000732421875,537.4000244140625,538.80999755859375,6040800,527.6905517578125
VOO,2025-01-02,542.02001953125,543.53997802734375,533.78997802734375,537.46002197265625,7142700,526.368408203125
VOO,2025-01-03,540.19000244140625,544.8800048828125,539.20001220703125,544.4000244140625,6416300,533.16522216796875
VOO,2025-01-06,548.280029296875,551.42999267578125,545.82000732421875,547.57000732421875,5983400,536.26971435546875
VOO,2025-01-07,549.32000732421875,549.5999755859375,539.55999755859375,541.40997314453125,5383200,530.23687744140625
VOO,2025-01-08,541.32000732421875,543,538.08001708984375,542.1400146484375,4317000,530.95196533203125
VOO,2025-01-10,538.71002197265625,538.75,532,533.8900146484375,7935200,522.8720703125
VOO,2025-01-13,529.4000244140625,534.90997314453125,529.02001953125,534.58001708984375,5621000,523.5478515625
VOO,2025-01-14,537.32000732421875,537.90997314453125,531.80999755859375,535.260009765625,8820000,524.21380615234375
VOO,2025-01-15,542.84002685546875,546.1300048828125,541.760009765625,545.04998779296875,5307300,533.80181884765625
VOO,2025-01-16,546.3499755859375,546.510009765625,543.3900146484375,544.239990234375,3632800,533.00848388671875
VOO,2025-01-17,548.91998291015625,551.1199951171875,547.67999267578125,549.46002197265625,6558700,538.12078857421875
VOO,2025-01-21,552.32000732421875,554.46002197265625,550.5,554.46002197265625,5301700,543.0177001953125
VOO,2025-01-22,557.19000244140625,558.92999267578125,556.72998046875,557.6099853515625,4780000,546.1026611328125
VOO,2025-01-23,557.03997802734375,560.70001220703125,556.79998779296875,560.70001220703125,6217900,549.12890625
VOO,2025-01-24,560.760009765625,561.65997314453125,558.02001953125,559.010009765625,3612100,547.47369384765625
VOO,2025-01-27,546.92999267578125,551.3900146484375,546.83001708984375,551.22998046875,7617400,539.854248046875
VOO,2025-01-28,552.29998779296875,556.6500244140625,549.219970703125,555.8499755859375,4164700,544.37896728515625
VOO,2025-01-29,555.16998291015625,555.5,550.969970703125,553.40997314453125,4174500,541.98919677734375
VOO,2025-01-30,555.3699951171875,557.780029296875,552.3800048828125,556.29998779296875,4296500,544.819580078125
VOO,2025-01-31,558.6199951171875,560.8900146484375,552.71002197265625,553.33001708984375,6233900,541.91094970703125
VOO,2025-02-03,544.989990234375,551.96002197265625,542.97998046875,549.70001220703125,7824000,538.35589599609375
VOO,2025-02-04,549.70001220703125,553.83001708984375,549.22998046875,553.3499755859375,4181400,541.93048095703125
VOO,2025-02-05,552.34002685546875,555.72998046875,550.40997314453125,555.6199951171875,3424200,544.15362548828125
VOO,2025-02-06,557.28997802734375,557.6500244140625,554.19000244140625,557.6199951171875,3606300,546.11236572265625
VOO,2025-02-07,558.0999755859375,559.20001220703125,551.78997802734375,552.20001220703125,10161600,540.80426025390625
VOO,2025-02-10,555.44000244140625,556.780029296875,554.239990234375,556.1500244140625,3517600,544.67279052734375
VOO,2025-02-11,554.0999755859375,557.1199951171875,553.989990234375,556.6500244140625,2752900,545.16241455078125
VOO,2025-02-12,551,555.91998291015625,550.3900146484375,554.80999755859375,3579500,543.36041259765625
VOO,2025-02-13,555.8699951171875,560.8800048828125,554.70001220703125,560.66998291015625,3388500,549.09942626953125
VOO,2025-02-14,560.9000244140625,561.8599853515625,560.07000732421875,560.69000244140625,3380600,549.1190185546875
VOO,2025-02-18,561.79998779296875,562.30999755859375,559.489990234375,562.30999755859375,3844900,550.70556640625
VOO,2025-02-19,561.02001953125,563.91998291015625,560.530029296875,563.66998291015625,3857600,552.03753662109375
VOO,2025-02-20,562.3900146484375,562.47998046875,558.219970703125,561.29998779296875,4446800,549.71636962890625
VOO,2025-02-21,561.0999755859375,561.20001220703125,551.27001953125,551.75,6148700,540.363525390625
VOO,2025-02-24,553.6099853515625,554.510009765625,548.510009765625,549.1400146484375,4772300,537.807373046875
VOO,2025-02-25,549.17999267578125,549.77001953125,542.16998291015625,546.40997314453125,5491500,535.1337890625
VOO,2025-02-26,548.010009765625,551.3499755859375,544.25,546.75,4180800,535.4666748046875
VOO,2025-02-27,548.83001708984375,549.8800048828125,537.5999755859375,537.969970703125,5521400,526.867919921875
VOO,2025-02-28,538.41998291015625,546.8900146484375,535.58001708984375,546.33001708984375,7328100,535.05535888671875
VOO,2025-03-03,548.20001220703125,549.28997802734375,533.25,536.91998291015625,7290000,525.83966064453125
VOO,2025-03-04,533.05999755859375,538.280029296875,526.15997314453125,530.45001220703125,10477400,519.50311279296875
VOO,2025-03-05,530.25,537.78997802734375,526.92999267578125,536.4000244140625,6221700,525.330322265625
VOO,2025-03-06,529.19000244140625,533.42999267578125,524.219970703125,526.66998291015625,7228900,515.8011474609375
VOO,2025-03-07,524.9000244140625,530.8800048828125,520.1300048828125,529.510009765625,7308300,518.58245849609375
VOO,2025-03-10,521.9000244140625,523.70001220703125,510.8299865722656,515.510009765625,11176900,504.8714294433594
VOO,2025-03-11,514.33001708984375,517.530029296875,507.5299987792969,511.2799987792969,11208900,500.72869873046875
VOO,2025-03-12,516.8900146484375,517.739990234375,509.1000061035156,513.760009765625,8590600,503.15753173828125
VOO,2025-03-13,513.510009765625,514.05999755859375,505.4200134277344,507.04998779296875,21650000,496.58599853515625
VOO,2025-03-14,511.2799987792969,518.41998291015625,510.8399963378906,517.46002197265625,7412300,506.7812194824219
VOO,2025-03-17,517.45001220703125,523.84002685546875,517.08001708984375,521.40997314453125,6269800,510.64971923828125
VOO,2025-03-18,519.32000732421875,519.52001953125,514.07000732421875,515.90997314453125,6010600,505.2631530761719
VOO,2025-03-19,517.53997802734375,524.96002197265625,516.41998291015625,521.33001708984375,5373900,510.5713195800781
VOO,2025-03-20,517.96002197265625,524.6199951171875,517.32000732421875,520.1300048828125,6029700,509.3961181640625
VOO,2025-03-21,515.78997802734375,520.95001220703125,514.65997314453125,520.260009765625,5059000,509.5233459472656
VOO,2025-03-24,526.47998046875,530.3900146484375,525.8800048828125,529.3900146484375,22376300,518.46502685546875
VOO,2025-03-25,530.59002685546875,531.5999755859375,529.1099853515625,530.6500244140625,6260200,519.69903564453125
VOO,2025-03-26,530.55999755859375,531.40997314453125,523.0999755859375,524.46002197265625,4410200,513.63671875
VOO,2025-03-27,521.28997802734375,524.67999267578125,519.22998046875,521.21002197265625,5534900,512.2235107421875
VOO,2025-03-28,519.760009765625,520.46002197265625,510.1600036621094,510.79998779296875,5831800,501.9930114746094
VOO,2025-03-31,505.30999755859375,515.33001708984375,502.6400146484375,513.90997314453125,8196700,505.04937744140625
VOO,2025-04-01,512.3599853515625,517.3499755859375,508.8800048828125,515.79998779296875,7697000,506.9067687988281
VOO,2025-04-02,510.1400146484375,521.489990234375,509.92999267578125,518.90997314453125,6308600,509.9631042480469
VOO,2025-04-03,501,503.6600036621094,493.5,494.1600036621094,16226000,485.6398620605469
VOO,2025-04-04,481.2799987792969,483.29998779296875,464.239990234375,465.5199890136719,30966500,457.4936828613281
VOO,2025-04-07,449.5400085449219,480.760009765625,442.79998779296875,463.55999755859375,31285300,455.5674743652344
VOO,2025-04-08,479.67999267578125,482.489990234375,449.6000061035156,456.739990234375,19002700,448.8651123046875
VOO,2025-04-09,453.489990234375,502.05999755859375,453.1600036621094,499.1000061035156,29286600,490.4947204589844
VOO,2025-04-10,489.1499938964844,490.29998779296875,468.3299865722656,482.05999755859375,16651300,473.74853515625
VOO,2025-04-11,480.69000244140625,493,478,490.54998779296875,11541200,482.0921630859375
VOO,2025-04-14,500.04998779296875,500.260009765625,490.69000244140625,495.4800109863281,7701500,486.9371643066406
VOO,2025-04-15,496.0299987792969,499.2699890136719,493.4200134277344,494.0899963378906,8200600,485.57110595703125
VOO,2025-04-16,488.6499938964844,491.7699890136719,478.2300109863281,483.2300109863281,6374900,474.8983459472656
VOO,2025-04-17,484.7900085449219,488.1600036621094,481.5,483.8999938964844,5638900,475.5567932128906
VOO,2025-04-21,479.0199890136719,479.489990234375,467.3299865722656,472.3699951171875,7762500,464.2256164550781
VOO,2025-04-22,478.07000732421875,486.4800109863281,477.19000244140625,484.2900085449219,6236300,475.9400939941406
VOO,2025-04-23,496.69000244140625,501.17999267578125,490.70001220703125,492.07000732421875,8047600,483.5859375
VOO,2025-04-24,493.260009765625,503,492.2200012207031,502.4100036621094,6184300,493.74761962890625
VOO,2025-04-25,502.44000244140625,506.5199890136719,499.75,506.1099853515625,6933400,497.38385009765625
VOO,2025-04-28,506.80999755859375,508.739990234375,500.9599914550781,506.4200134277344,4210000,497.68853759765625
VOO,2025-04-29,504.5400085449219,510.54998779296875,504.260009765625,509.489990234375,6525500,500.7055969238281
VOO,2025-04-30,503.260009765625,511.5,497.760009765625,509.739990234375,7873700,500.9513244628906
VOO,2025-05-01,515.1300048828125,518.44000244140625,512.77001953125,513.3499755859375,5784500,504.4990234375
VOO,2025-05-02,519.1199951171875,522.40997314453125,516.8900146484375,520.71002197265625,6285400,511.732177734375
VOO,2025-05-05,517.08001708984375,520.8499755859375,516.27001953125,517.989990234375,4793500,509.05908203125
VOO,2025-05-06,512.8900146484375,517.83001708984375,511.94000244140625,513.58001708984375,4694300,504.72509765625
VOO,2025-05-07,514.91998291015625,518.17999267578125,511.1000061035156,515.9000244140625,5460000,507.0050964355469
VOO,2025-05-08,519.53997802734375,524.22998046875,516.3499755859375,519.34002685546875,5088200,510.3857727050781
VOO,2025-05-09,520.69000244140625,521.6300048828125,517.3599853515625,518.6500244140625,4739500,509.7076721191406
VOO,2025-05-12,534.5,535.91998291015625,530.3900146484375,535.91998291015625,7793600,526.679931640625
VOO,2025-05-13,536.33001708984375,541.47998046875,535.780029296875,539.44000244140625,7356800,530.13922119140625
VOO,2025-05-14,540.3699951171875,541.41998291015625,538.239990234375,540.1099853515625,5031300,530.797607421875
VOO,2025-05-15,538.260009765625,543.25,537.84002685546875,542.760009765625,7362200,533.40191650390625
VOO,2025-05-16,543.469970703125,546.469970703125,541.70001220703125,546.260009765625,7255300,536.84173583984375
VOO,2025-05-19,540.6300048828125,547.45001220703125,540.58001708984375,546.82000732421875,7766100,537.39202880859375
VOO,2025-05-20,545.219970703125,546.05999755859375,541.989990234375,544.8800048828125,7158200,535.4853515625
VOO,2025-05-21,540.90997314453125,544.69000244140625,534.82000732421875,535.77001953125,6339500,526.5325927734375
VOO,2025-05-22,535.5999755859375,539.22998046875,534.44000244140625,536.02001953125,5816600,526.7781982421875
VOO,2025-05-23,529.42999267578125,534.80999755859375,529.1099853515625,532.4000244140625,6455900,523.2205810546875
VOO,2025-05-27,538.719970703125,543.52001953125,537.17999267578125,543.34002685546875,6118100,533.9720458984375
VOO,2025-05-28,543.78997802734375,544.9000244140625,539.6099853515625,540.239990234375,4910500,530.9254150390625
VOO,2025-05-29,545.1500244140625,545.280029296875,538.739990234375,542.32000732421875,4659500,532.9696044921875
VOO,2025-05-30,541.3499755859375,543.3900146484375,536.15997314453125,541.760009765625,6171500,532.41925048828125
VOO,2025-06-02,540.25,544.90997314453125,537.79998779296875,544.90997314453125,5933500,535.51495361328125
VOO,2025-06-03,544.530029296875,548.8699951171875,544.09002685546875,548,4993600,538.5516357421875
VOO,2025-06-04,548.75,549.6500244140625,547.44000244140625,547.6500244140625,4543400,538.207763671875
VOO,2025-06-05,549.47998046875,550.6300048828125,543.34002685546875,545.09002685546875,6372100,535.69183349609375
VOO,2025-06-06,550.29998779296875,552.32000732421875,548.70001220703125,550.65997314453125,4736000,541.1656494140625
VOO,2025-06-09,551.29998779296875,552.70001220703125,550.20001220703125,551.25,4516400,541.74560546875
VOO,2025-06-10,551.780029296875,554.739990234375,550.739990234375,554.3900146484375,5984100,544.83148193359375
VOO,2025-06-11,555.40997314453125,556.22998046875,550.90997314453125,552.8599853515625,20800600,543.32781982421875
VOO,2025-06-12,551.5999755859375,555,551.1300048828125,554.95001220703125,8422900,545.38177490234375
VOO,2025-06-13,550.239990234375,553.25,547.40997314453125,548.77001953125,7100600,539.308349609375
VOO,2025-06-16,551.94000244140625,555.69000244140625,551.8699951171875,554.07000732421875,7421300,544.51702880859375
VOO,2025-06-17,551.78997802734375,553.15997314453125,548.6400146484375,549.3499755859375,4753300,539.87841796875
VOO,2025-06-18,550.15997314453125,552.71002197265625,548.3900146484375,549.239990234375,4602300,539.77020263671875
VOO,2025-06-20,551.719970703125,552.719970703125,546.6199951171875,547.719970703125,9978500,538.27630615234375
VOO,2025-06-23,548.65997314453125,553.70001220703125,545.75,553.3599853515625,9820200,543.8192138671875
VOO,2025-06-24,557.17999267578125,560.42999267578125,556.3699951171875,559.44000244140625,6770000,549.79443359375
VOO,2025-06-25,560.52001953125,561.02001953125,558.34002685546875,559.719970703125,16472300,550.06951904296875
VOO,2025-06-26,561.52001953125,564.54998779296875,560.96002197265625,564.1500244140625,6081400,554.4232177734375
VOO,2025-06-27,565.1099853515625,568.33001708984375,563.21002197265625,566.95001220703125,6056500,557.1749267578125
VOO,2025-06-30,567.5,569.1500244140625,565.3800048828125,568.030029296875,5750600,559.959716796875
VOO,2025-07-01,566.55999755859375,568.79998779296875,565.79998779296875,567.77001953125,7412700,559.70343017578125
VOO,2025-07-02,567.3699951171875,570.34002685546875,566.80999755859375,570.28997802734375,6164000,562.18756103515625
VOO,2025-07-03,572.17999267578125,575.66998291015625,572.1300048828125,575.219970703125,4837000,567.047607421875
VOO,2025-07-07,573,573.59002685546875,567.97998046875,570.6099853515625,6417800,562.5030517578125
VOO,2025-07-08,571.1500244140625,571.83001708984375,569.47998046875,570.22998046875,6944600,562.12847900390625
VOO,2025-07-09,572.46002197265625,574.260009765625,570.760009765625,573.6099853515625,7156500,565.4605712890625
VOO,2025-07-10,573.780029296875,576.260009765625,572.70001220703125,575.28997802734375,4961700,567.1165771484375
VOO,2025-07-11,572.45001220703125,574.3800048828125,571.3699951171875,573.219970703125,4428900,565.0760498046875
VOO,2025-07-14,572.8499755859375,574.67999267578125,571.58001708984375,574.3499755859375,4747000,566.18994140625
VOO,2025-07-15,576.8499755859375,577.15997314453125,571.8499755859375,571.8599853515625,5399000,563.7353515625
VOO,2025-07-16,573.4000244140625,574.260009765625,568.16998291015625,573.739990234375,6141200,565.588623046875
VOO,2025-07-17,574.02001953125,577.6500244140625,573.79998779296875,577.17999267578125,6495300,568.97979736328125
VOO,2025-07-18,578.469970703125,578.5,575.84002685546875,576.91998291015625,4262400,568.723388671875
VOO,2025-07-21,577.97998046875,580.530029296875,577.59002685546875,577.95001220703125,5913800,569.73876953125
VOO,2025-07-22,578.280029296875,578.84002685546875,575.6400146484375,577.95001220703125,4767700,569.73876953125
VOO,2025-07-23,580.57000732421875,582.96002197265625,578.8699951171875,582.8599853515625,4257300,574.57904052734375
VOO,2025-07-24,583.34002685546875,584.75,582.719970703125,583.260009765625,3840900,574.973388671875
VOO,2025-07-25,583.80999755859375,586.03997802734375,583.59002685546875,585.58001708984375,4210100,577.2603759765625
VOO,2025-07-28,586.03997802734375,586.5,584.239990234375,585.44000244140625,4193100,577.12237548828125
VOO,2025-07-29,586.82000732421875,587.08001708984375,583.1199951171875,583.91998291015625,5053400,575.62396240234375
VOO,2025-07-30,584.65997314453125,586.1500244140625,580.54998779296875,583.21002197265625,6974700,574.924072265625
VOO,2025-07-31,587.83001708984375,588.15997314453125,579.84002685546875,581.02001953125,7046800,572.76519775390625
VOO,2025-08-01,575.72998046875,575.739990234375,569.28997802734375,571.45001220703125,8781300,563.3311767578125
VOO,2025-08-04,575.16998291015625,580.21002197265625,575.08001708984375,580.1400146484375,6640100,571.89776611328125
VOO,2025-08-05,580.78997802734375,581.5,576.4000244140625,577.3499755859375,4647400,569.1473388671875
VOO,2025-08-06,578.25,582.27001953125,577.40997314453125,581.6400146484375,4545000,573.37640380859375
VOO,2025-08-07,584.8699951171875,585.52001953125,578.30999755859375,581.28997802734375,4594300,573.0313720703125
VOO,2025-08-08,582.92999267578125,586.16998291015625,582.5999755859375,585.739990234375,4342300,577.4180908203125
VOO,2025-08-11,586.030029296875,587.3599853515625,583.44000244140625,584.53997802734375,5373900,576.2352294921875
VOO,2025-08-12,586.75,590.96002197265625,585.42999267578125,590.780029296875,5851900,582.38665771484375
VOO,2025-08-13,592.8599853515625,594.030029296875,590.80999755859375,592.84002685546875,5393000,584.41729736328125
VOO,2025-08-14,590.91998291015625,593.510009765625,590.5,592.8499755859375,6236700,584.4271240234375
VOO,2025-08-15,593.8599853515625,593.95001220703125,590.65997314453125,591.57000732421875,7196300,583.165283203125
VOO,2025-08-18,590.97998046875,592.02001953125,590.3499755859375,591.3599853515625,5311700,582.95831298828125
VOO,2025-08-19,591.25,592.1199951171875,586.94000244140625,588.1300048828125,6739300,579.774169921875
VOO,2025-08-20,587.80999755859375,588,581.8499755859375,586.58001708984375,7113600,578.24627685546875
VOO,2025-08-21,584.92999267578125,586.46002197265625,582.6500244140625,584.27001953125,4807300,575.96905517578125
VOO,2025-08-22,586.27001953125,594.32000732421875,585.84002685546875,593.21002197265625,6389300,584.78204345703125
VOO,2025-08-25,592.04998779296875,593.22998046875,590.54998779296875,590.70001220703125,6483000,582.3076171875
VOO,2025-08-26,590.3800048828125,593.42999267578125,589.78997802734375,593.05999755859375,4776600,584.6341552734375
VOO,2025-08-27,592.52001953125,595.1400146484375,592.44000244140625,594.41998291015625,6171400,585.97479248046875
VOO,2025-08-28,595.07000732421875,597.07000732421875,593.27001953125,596.52001953125,5058700,588.0450439453125
VOO,2025-08-29,595.239990234375,595.54998779296875,591.25,593.08001708984375,7512000,584.65386962890625
VOO,2025-09-02,586.05999755859375,588.79998779296875,583.66998291015625,588.71002197265625,11116700,580.345947265625
VOO,2025-09-03,590.80999755859375,592.22998046875,588.780029296875,591.719970703125,8205900,583.31317138671875
VOO,2025-09-04,592.469970703125,596.77001953125,591.5999755859375,596.59002685546875,8045600,588.114013671875
VOO,2025-09-05,598.90997314453125,599.5999755859375,591.45001220703125,594.96002197265625,6641500,586.50714111328125
VOO,2025-09-08,596.30999755859375,597.40997314453125,595.030029296875,596.5,9472200,588.0252685546875
VOO,2025-09-09,596.6099853515625,598.3699951171875,595.010009765625,597.95001220703125,7844800,589.45465087890625
VOO,2025-09-10,600.91998291015625,601.75,598.15997314453125,599.67999267578125,21641100,591.1600341796875
VOO,2025-09-11,601.42999267578125,605.22998046875,600.8900146484375,604.57000732421875,9109700,595.98065185546875
VOO,2025-09-12,604.59002685546875,605.97998046875,603.95001220703125,604.44000244140625,8130500,595.8525390625
VOO,2025-09-15,606.469970703125,607.77001953125,606.20001220703125,607.59002685546875,7710700,598.957763671875
VOO,2025-09-16,608.15997314453125,608.41998291015625,606.05999755859375,606.78997802734375,6393200,598.1690673828125
VOO,2025-09-17,606.84002685546875,608.33001708984375,601.54998779296875,606.09002685546875,11613600,597.47900390625
VOO,2025-09-18,608.54998779296875,611.30999755859375,607.07000732421875,608.94000244140625,11057500,600.28851318359375
VOO,2025-09-19,610.6199951171875,612.66998291015625,608.8499755859375,611.780029296875,6065700,603.08819580078125
VOO,2025-09-22,610.52001953125,615.219970703125,610.510009765625,614.760009765625,11583800,606.02581787109375
VOO,2025-09-23,614.71002197265625,615.260009765625,610.34002685546875,611.53997802734375,10753000,602.8515625
VOO,2025-09-24,612.6300048828125,612.739990234375,608.19000244140625,609.5,23787300,600.840576171875
VOO,2025-09-25,606.6199951171875,607.92999267578125,603.3499755859375,606.59002685546875,6965700,597.971923828125
VOO,2025-09-26,608.030029296875,610.70001220703125,606.57000732421875,610.15997314453125,6438600,601.4912109375
VOO,2025-09-29,610.78997802734375,611.67999267578125,608.47998046875,610.1300048828125,5658800,603.18170166015625
VOO,2025-09-30,609.42999267578125,612.8599853515625,608.27001953125,612.3800048828125,6515700,605.4061279296875
VOO,2025-10-01,609.70001220703125,615.3900146484375,609.57000732421875,614.57000732421875,10020000,607.5711669921875
VOO,2025-10-02,616.40997314453125,616.47998046875,613.02001953125,615.25,7139500,608.24346923828125
VOO,2025-10-03,615.95001220703125,618.41998291015625,614.28997802734375,615.29998779296875,7210700,608.2928466796875
VOO,2025-10-06,617.46002197265625,618.280029296875,615.47998046875,617.4000244140625,6056400,610.36895751953125
VOO,2025-10-07,618.29998779296875,618.739990234375,613.82000732421875,615.20001220703125,7466300,608.19403076171875
VOO,2025-10-08,616.219970703125,618.9000244140625,615.46002197265625,618.77001953125,5035200,611.72332763671875
VOO,2025-10-09,619.22998046875,619.59002685546875,615.280029296875,617.0999755859375,5898500,610.0723876953125
VOO,2025-10-10,617.989990234375,619.5999755859375,600.22998046875,600.510009765625,13664200,593.6712646484375
VOO,2025-10-13,607.3699951171875,611.030029296875,606.58001708984375,609.6099853515625,6968400,602.6676025390625
VOO,2025-10-14,604.20001220703125,612.1400146484375,600.510009765625,608.75,7493500,601.81744384765625
VOO,2025-10-15,613.07000732421875,616.21002197265625,605.82000732421875,611.42999267578125,6504900,604.4669189453125
VOO,2025-10-16,613.1099853515625,614.79998779296875,604.1400146484375,607.3900146484375,7594800,600.472900390625
VOO,2025-10-17,606.34002685546875,612.02001953125,605.0999755859375,610.760009765625,6911000,603.8045654296875
VOO,2025-10-20,613.510009765625,618.010009765625,613.510009765625,617.16998291015625,4086200,610.14154052734375
VOO,2025-10-21,617.33001708984375,618.739990234375,615.97998046875,617.09002685546875,4216200,610.06243896484375
VOO,2025-10-22,617.83001708984375,617.83001708984375,609.83001708984375,613.969970703125,6961600,606.97796630859375
VOO,2025-10-23,614.25,618.469970703125,613.989990234375,617.44000244140625,5851800,610.408447265625
VOO,2025-10-24,621.91998291015625,623.78997802734375,621.21002197265625,622.54998779296875,5694900,615.46026611328125
VOO,2025-10-27,627.739990234375,630.28997802734375,627.15997314453125,630,7804300,622.825439453125
VOO,2025-10-28,631.71002197265625,633.3900146484375,629.6400146484375,631.69000244140625,5625600,624.49615478515625
VOO,2025-10-29,633.21002197265625,634.1300048828125,627.8699951171875,631.95001220703125,6104500,624.75323486328125
VOO,2025-10-30,628.80999755859375,630.6300048828125,625.0999755859375,625.239990234375,6243300,618.11968994140625
VOO,2025-10-31,629.84002685546875,629.94000244140625,624.5,627.03997802734375,7058600,619.899169921875
VOO,2025-11-03,630.41998291015625,630.53997802734375,625.15997314453125,628.27001953125,5568100,621.11517333984375
VOO,2025-11-04,621.6500244140625,625.16998291015625,620.20001220703125,620.989990234375,8390500,613.91802978515625
VOO,2025-11-05,620.59002685546875,626,619.83001708984375,622.8599853515625,10323100,615.76678466796875
VOO,2025-11-06,621.96002197265625,622.78997802734375,614.82000732421875,616.239990234375,7099400,609.2220458984375
VOO,2025-11-07,614.09002685546875,617.02001953125,607.91998291015625,616.8900146484375,7571300,609.86480712890625
VOO,2025-11-10,622.69000244140625,627.21002197265625,620.65997314453125,626.469970703125,8425000,619.3355712890625
VOO,2025-11-11,625.15997314453125,628.489990234375,624.07000732421875,627.90997314453125,5639200,620.7591552734375
VOO,2025-11-12,629.6500244140625,629.77001953125,626.0999755859375,628.219970703125,6090200,621.065673828125
VOO,2025-11-13,625.66998291015625,626.02001953125,616.510009765625,617.989990234375,13065800,610.9521484375
VOO,2025-11-14,611.75,621.219970703125,609.83001708984375,617.83001708984375,9681700,610.79400634765625
VOO,2025-11-17,615.739990234375,619.45001220703125,608.80999755859375,612.03997802734375,8902500,605.06988525390625
VOO,2025-11-18,608.719970703125,611.510009765625,603,607,8542600,600.08734130859375
VOO,2025-11-19,607.52001953125,613.57000732421875,605.66998291015625,609.20001220703125,7449400,602.2623291015625
VOO,2025-11-20,618.719970703125,621.1300048828125,599.3599853515625,599.96002197265625,13985000,593.1275634765625
VOO,2025-11-21,602.25,611.010009765625,598.3800048828125,605.92999267578125,9821400,599.029541015625
VOO,2025-11-24,609.280029296875,616.09002685546875,608.30999755859375,614.94000244140625,6242700,607.9368896484375
VOO,2025-11-25,614.780029296875,621.75,610.989990234375,620.65997314453125,7389500,613.59173583984375
VOO,2025-11-26,623.05999755859375,626.80999755859375,622.260009765625,624.95001220703125,5323200,617.83294677734375
VOO,2025-11-28,626.030029296875,628.6300048828125,625.71002197265625,628.40997314453125,2953200,621.2535400390625
VOO,2025-12-01,624.16998291015625,628.010009765625,624.0999755859375,625.52001953125,9191600,618.396484375
VOO,2025-12-02,627.010009765625,628.77001953125,624.6199951171875,626.58001708984375,5280600,619.4444580078125
VOO,2025-12-03,625.77001953125,629.780029296875,624.95001220703125,628.77001953125,6338400,621.60943603515625
VOO,2025-12-04,630.1300048828125,630.17999267578125,626.47998046875,629.29998779296875,5147700,622.13336181640625
VOO,2025-12-05,630.29998779296875,632.97998046875,629.47998046875,630.47998046875,5693100,623.2999267578125
VOO,2025-12-08,631.3599853515625,631.469970703125,626.70001220703125,628.6099853515625,6876700,621.45123291015625
VOO,2025-12-09,628.17999267578125,630.21002197265625,627.65997314453125,628.0999755859375,12849000,620.947021484375
VOO,2025-12-10,627.6300048828125,633.510009765625,626.469970703125,632.15997314453125,22457400,624.9608154296875
VOO,2025-12-11,630,633.8699951171875,627.27001953125,633.71002197265625,33921000,626.49322509765625
VOO,2025-12-12,632.79998779296875,633.42999267578125,624.47998046875,626.8699951171875,8534700,619.73114013671875
VOO,2025-12-15,630.55999755859375,630.55999755859375,624.57000732421875,625.96002197265625,11337200,618.83154296875
VOO,2025-12-16,624.54998779296875,626.219970703125,620.6500244140625,624.21002197265625,15819600,617.101318359375
VOO,2025-12-17,625.19000244140625,625.6400146484375,617.15997314453125,617.3499755859375,21356900,610.3194580078125
VOO,2025-12-18,623.04998779296875,625.94000244140625,620.57000732421875,622.010009765625,37062400,614.92645263671875
VOO,2025-12-19,623.97998046875,628.1300048828125,623.8599853515625,627.55999755859375,10487000,620.4132080078125
VOO,2025-12-22,628.969970703125,630.27001953125,627.79998779296875,629.72998046875,9850100,624.32037353515625
VOO,2025-12-23,628.94000244140625,632.8800048828125,628.91998291015625,632.66998291015625,13798500,627.235107421875
VOO,2025-12-24,632.66998291015625,635.32000732421875,632.53997802734375,634.780029296875,3275200,629.32696533203125
VOO,2025-12-26,635.1400146484375,636.08001708984375,633.8800048828125,634.84002685546875,3852100,629.38653564453125
VOO,2025-12-29,632.29998779296875,633.78997802734375,630.95001220703125,632.5999755859375,6579400,627.1656494140625
VOO,2025-12-30,632.20001220703125,633.21002197265625,631.40997314453125,631.719970703125,4180400,626.293212890625
VOO,2025-12-31,631.94000244140625,632.1400146484375,626.94000244140625,627.1300048828125,5556800,621.74267578125
VOO,2026-01-02,630.6400146484375,631.65997314453125,625.21002197265625,628.29998779296875,11337000,622.90264892578125
VOO,2026-01-05,631.3800048828125,634.03997802734375,631.22998046875,632.46002197265625,16175600,627.02691650390625
VOO,2026-01-06,632.6400146484375,636.67999267578125,632.530029296875,636.21002197265625,8672000,630.7447509765625
VOO,2026-01-07,636.58001708984375,638.219970703125,633.92999267578125,634.16998291015625,8820100,628.72216796875
VOO,2026-01-08,633.47998046875,635.0999755859375,632.239990234375,634.05999755859375,9017400,628.6131591796875
VOO,2026-01-09,635.1500244140625,639.44000244140625,633.79998779296875,638.30999755859375,7864100,632.82672119140625
VOO,2026-01-12,635.19000244140625,640.15997314453125,635.15997314453125,639.34002685546875,7929800,633.847900390625
VOO,2026-01-13,639.67999267578125,640.1500244140625,635.82000732421875,638.030029296875,8860000,632.54913330078125
VOO,2026-01-14,635.489990234375,636.1199951171875,631,634.94000244140625,8683400,629.48565673828125
VOO,2026-01-15,638.77001953125,639.58001708984375,635.70001220703125,636.6199951171875,6937000,631.1512451171875
VOO,2026-01-16,637.96002197265625,638.510009765625,634.67999267578125,636.09002685546875,6733700,630.62579345703125
VOO,2026-01-20,626.760009765625,629.760009765625,622.219970703125,623.1500244140625,14877600,617.79693603515625
VOO,2026-01-21,625.02001953125,633.4000244140625,623.6500244140625,630.28997802734375,10403800,624.87554931640625
VOO,2026-01-22,634.42999267578125,635.6199951171875,631.75,633.57000732421875,6085500,628.12738037109375
VOO,2026-01-23,632.8800048828125,635.469970703125,631.969970703125,633.83001708984375,5850400,628.38519287109375
VOO,2026-01-26,635.030029296875,638.3900146484375,634.52001953125,637.09002685546875,9007400,631.6171875
VOO,2026-01-27,638.41998291015625,640.5999755859375,637.8699951171875,639.70001220703125,4339600,634.2047119140625
VOO,2026-01-28,641.04998779296875,641.80999755859375,638.219970703125,639.5999755859375,5568700,634.10552978515625
VOO,2026-01-29,640.42999267578125,641.03997802734375,629.82000732421875,638.27001953125,8697200,632.78704833984375
VOO,2026-01-30,636.25,638.45001220703125,631.95001220703125,636.219970703125,6562300,630.75457763671875
VOO,2026-02-02,634.17999267578125,640.96002197265625,634.07000732421875,639.67999267578125,9490300,634.18487548828125
VOO,2026-02-03,640.33001708984375,641,629.1099853515625,634.1500244140625,9702800,628.70245361328125
VOO,2026-02-04,634.92999267578125,635.91998291015625,627,630.90997314453125,11322000,625.490234375
VOO,2026-02-05,626.239990234375,628.75,621.5,623.0999755859375,11714700,617.747314453125
VOO,2026-02-06,626.719970703125,636.719970703125,626.20001220703125,635.239990234375,12987900,629.78302001953125
VOO,2026-02-09,634.07000732421875,639.989990234375,633.1099853515625,638.22998046875,8908500,632.747314453125
VOO,2026-02-10,639.1400146484375,640.6199951171875,636.08001708984375,636.44000244140625,13645300,630.97271728515625
VOO,2026-02-11,640.489990234375,641.1500244140625,633.84002685546875,636.3499755859375,5345000,630.88348388671875
VOO,2026-02-12,638.510009765625,639.52001953125,625.760009765625,626.489990234375,8951100,621.10821533203125
VOO,2026-02-13,626.92999267578125,631.16998291015625,623.1199951171875,626.8900146484375,9312800,621.50482177734375
VOO,2026-02-17,625.53997802734375,629.92999267578125,621.510009765625,627.989990234375,8718600,622.59527587890625
VOO,2026-02-18,629.1099853515625,633.79998779296875,628,631.1500244140625,9509200,625.72821044921875
VOO,2026-02-19,628.95001220703125,631.08001708984375,626.80999755859375,629.530029296875,5212400,624.12213134765625
VOO,2026-02-20,627.47998046875,634.58001708984375,627.030029296875,634.02001953125,7482000,628.57354736328125
VOO,2026-02-23,632.6099853515625,634.6099853515625,625.75,627.6300048828125,10868700,622.23846435546875
VOO,2026-02-24,627.1500244140625,633.09002685546875,625.4000244140625,632.21002197265625,6930300,626.77911376953125
VOO,2026-02-25,634.77001953125,638,634.739990234375,637.530029296875,12135200,632.053466796875
VOO,2026-02-26,637.6500244140625,637.77001953125,629.42999267578125,633.95001220703125,9497700,628.504150390625
VOO,2026-02-27,628.239990234375,631.69000244140625,626.94000244140625,631.03997802734375,10471100,625.61907958984375
VOO,2026-03-02,624.19000244140625,633.34002685546875,623.5999755859375,631.280029296875,9211400,625.85711669921875
VOO,2026-03-03,620.80999755859375,627.78997802734375,615.8800048828125,625.719970703125,18493400,620.34478759765625
VOO,2026-03-04,626.91998291015625,631.96002197265625,625.07000732421875,630.17999267578125,13489800,624.7664794921875
VOO,2026-03-05,627.28997802734375,630.5,621.4000244140625,626.80999755859375,12198800,621.42547607421875
VOO,2026-03-06,619.34002685546875,621.82000732421875,616,618.42999267578125,9739200,613.117431640625
VOO,2026-03-09,612.8599853515625,625.32000732421875,609.20001220703125,623.79998779296875,13929200,618.44134521484375
VOO,2026-03-10,623.32000732421875,628.5,620.6300048828125,622.719970703125,15570400,617.37054443359375
VOO,2026-03-11,623.20001220703125,625.42999267578125,619.29998779296875,622.030029296875,6433300,616.68658447265625
VOO,2026-03-12,617.219970703125,617.71002197265625,612.41998291015625,612.5,15487600,607.23834228515625
VOO,2026-03-13,615.53997802734375,618.33001708984375,608.25,609.09002685546875,25527500,603.85772705078125
VOO,2026-03-16,614.719970703125,618.08001708984375,613.53997802734375,615.19000244140625,8303200,609.9052734375
VOO,2026-03-17,618.3699951171875,620.27001953125,616.27001953125,616.8900146484375,9941800,611.59075927734375
VOO,2026-03-18,614.69000244140625,615.8900146484375,608.1300048828125,608.3800048828125,14276900,603.15374755859375
VOO,2026-03-19,604.1400146484375,609.69000244140625,602.53997802734375,606.75,10271900,601.53778076171875
VOO,2026-03-20,605.42999267578125,605.5999755859375,594.57000732421875,597.94000244140625,17685700,592.803466796875
VOO,2026-03-23,606.8599853515625,611.030029296875,603.05999755859375,604.42999267578125,24014300,599.2376708984375
VOO,2026-03-24,600.6300048828125,605.90997314453125,599.32000732421875,602.3800048828125,18363300,597.20538330078125
VOO,2026-03-25,607.4000244140625,609.44000244140625,603.3599853515625,605.65997314453125,23288300,600.4571533203125
VOO,2026-03-26,601.29998779296875,603.90997314453125,594.67999267578125,594.91998291015625,7712600,589.80938720703125
VOO,2026-03-27,590.67999267578125,590.83001708984375,582.030029296875,582.96002197265625,11707700,579.77655029296875
VOO,2026-03-30,588.3900146484375,588.66998291015625,578.46002197265625,580.92999267578125,11839200,577.757568359375
VOO,2026-03-31,587.3499755859375,598.8499755859375,586.5,597.54998779296875,12447300,594.286865234375
VOO,2026-04-01,601.05999755859375,605.3499755859375,600.27001953125,602.29998779296875,11332500,599.01092529296875
VOO,2026-04-02,594.22998046875,604.78997802734375,593.030029296875,602.989990234375,12780100,599.6971435546875
VOO,2026-04-06,602.91998291015625,606.44000244140625,602.6099853515625,605.66998291015625,6316800,602.3624267578125
VOO,2026-04-07,603.58001708984375,606.30999755859375,598.5,606.03997802734375,6690000,602.73046875
VOO,2026-04-08,621.79998779296875,622.489990234375,617.29998779296875,621.34002685546875,9805100,617.94696044921875
VOO,2026-04-09,620.34002685546875,626.16998291015625,619.4000244140625,625.02001953125,5498300,621.60687255859375
VOO,2026-04-10,626.33001708984375,626.989990234375,623.719970703125,624.5999755859375,4609400,621.1890869140625
VOO,2026-04-13,622.75,630.9000244140625,621.97998046875,630.719970703125,5158400,627.27569580078125
VOO,2026-04-14,632.22998046875,638.52001953125,632.219970703125,638.3499755859375,5042900,634.864013671875
VOO,2026-04-15,639.19000244140625,643.78997802734375,638.22998046875,643.45001220703125,5165600,639.9361572265625
VOO,2026-04-16,644.510009765625,646.07000732421875,642.1500244140625,644.8599853515625,5882400,641.33843994140625
VOO,2026-04-17,649.17999267578125,654.8800048828125,648.8599853515625,652.780029296875,7815300,649.2152099609375
VOO,2026-04-20,651.6199951171875,652.5999755859375,649.16998291015625,651.53997802734375,6384100,647.98193359375
VOO,2026-04-21,652.94000244140625,653.8599853515625,645.94000244140625,647.25,8514900,643.71539306640625
VOO,2026-04-22,651.97998046875,654.19000244140625,651.09002685546875,653.9000244140625,4537200,650.32916259765625
VOO,2026-04-23,652.22998046875,654.9000244140625,645.65997314453125,651.260009765625,6519500,647.7034912109375
VOO,2026-04-24,653.4000244140625,656.82000732421875,651.82000732421875,656.41998291015625,4793800,652.8353271484375
VOO,2026-04-27,655.66998291015625,657.9000244140625,654.84002685546875,657.5,5319200,653.90948486328125
VOO,2026-04-28,654.40997314453125,655.3900146484375,652.010009765625,654.260009765625,5527100,650.6871337890625
VOO,2026-04-29,653.6199951171875,654.719970703125,651.260009765625,654.239990234375,6302000,650.667236328125
VOO,2026-04-30,657,661.77001953125,653.1500244140625,660.58001708984375,5948400,656.97265625
VOO,2026-05-01,663.09002685546875,666.41998291015625,662.3800048828125,662.52001953125,5426500,658.90203857421875
VOO,2026-05-04,661.989990234375,663.8499755859375,657.3900146484375,660.1199951171875,5962400,656.51513671875
VOO,2026-05-05,663.58001708984375,666.54998779296875,663.33001708984375,665.29998779296875,5052600,661.6668701171875
VOO,2026-05-06,669.45001220703125,675.34002685546875,669.1500244140625,674.65997314453125,6441500,670.9757080078125
VOO,2026-05-07,675.82000732421875,676.760009765625,670.91998291015625,672.53997802734375,6260300,668.8673095703125
VOO,2026-05-08,675.70001220703125,678.530029296875,675.3699951171875,678.03997802734375,4348100,674.33721923828125
VOO,2026-05-11,677.08001708984375,681.05999755859375,677.08001708984375,679.52001953125,5693400,675.8092041015625
VOO,2026-05-12,677.469970703125,679.260009765625,672.79998779296875,678.66998291015625,6073400,674.96380615234375
VOO,2026-05-13,678.9000244140625,683.90997314453125,676.20001220703125,682.40997314453125,4918000,678.68341064453125
VOO,2026-05-14,683.739990234375,689.0999755859375,683.65997314453125,687.72998046875,5370000,683.97430419921875
VOO,2026-05-15,682.03997802734375,683.52001953125,678.44000244140625,679.44000244140625,6448500,675.7296142578125
VOO,2026-05-18,680.17999267578125,681.6099853515625,674.25,678.90997314453125,7585400,675.2025146484375
VOO,2026-05-19,675.55999755859375,678.1500244140625,672.54998779296875,674.59002685546875,5664200,670.90618896484375
VOO,2026-05-20,676.32000732421875,682,674.739990234375,681.57000732421875,5506800,677.8480224609375
VOO,2026-05-21,679.08001708984375,684.83001708984375,677.6199951171875,682.84002685546875,7335400,679.111083984375
VOO,2026-05-22,686.0999755859375,688.58001708984375,684.47998046875,685.54998779296875,4319800,681.80621337890625
VOO,2026-05-26,689.6500244140625,691.510009765625,688.08001708984375,690.010009765625,6633800,686.241943359375
VOO,2026-05-27,690.3599853515625,690.780029296875,687.91998291015625,689.96002197265625,7386500,686.19219970703125
VOO,2026-05-28,689.760009765625,694.28997802734375,688.8499755859375,693.90997314453125,8477100,690.12054443359375
VOO,2026-05-29,695,697,693.8900146484375,695.489990234375,5080400,691.69195556640625
VOO,2026-06-01,694.53997802734375,699.05999755859375,693.94000244140625,697.29998779296875,10051200,693.4920654296875
VOO,2026-06-02,696.05999755859375,699.1500244140625,695.780029296875,698.260009765625,4750700,694.4468994140625
VOO,2026-06-03,697.08001708984375,697.6500244140625,692.8499755859375,693.3599853515625,5970400,689.5736083984375
VOO,2026-06-04,691.489990234375,697.20001220703125,690.9000244140625,696.05999755859375,6630000,692.25885009765625
VOO,2026-06-05,691.71002197265625,692.17999267578125,676.25,678,10846500,674.2974853515625
VOO,2026-06-08,683.469970703125,685.28997802734375,678.70001220703125,679.67999267578125,8867200,675.96826171875
VOO,2026-06-09,683.71002197265625,686.760009765625,664.32000732421875,677.70001220703125,16197200,673.9991455078125
VOO,2026-06-10,674.32000732421875,678.8800048828125,666.8800048828125,667.04998779296875,16472700,663.40728759765625
VOO,2026-06-11,670.0999755859375,680.3800048828125,666,678.22998046875,19974200,674.52618408203125
VOO,2026-06-12,681.08001708984375,684.44000244140625,675.80999755859375,681.95001220703125,6328000,678.22589111328125
VOO,2026-06-15,691.29998779296875,695.75,691.260009765625,693.83001708984375,14068900,690.04107666015625
VOO,2026-06-16,693.83001708984375,694.57000732421875,689.44000244140625,689.75,13324100,685.98333740234375
VOO,2026-06-17,690.760009765625,691.530029296875,679.6400146484375,681.40997314453125,15029600,677.6888427734375
VOO,2026-06-18,689.29998779296875,689.70001220703125,685.70001220703125,688.1099853515625,17747900,684.35223388671875
VOO,2026-06-22,689.16998291015625,691.5,685,686.0999755859375,13367200,682.35321044921875
VOO,2026-06-23,676.3599853515625,681.72998046875,675.02001953125,676.34002685546875,17581700,672.64654541015625
VOO,2026-06-24,677.67999267578125,682.07000732421875,673.67999267578125,675.69000244140625,9677000,672.0001220703125
VOO,2026-06-25,681.1400146484375,681.53997802734375,672.58001708984375,675.71002197265625,26266500,672.02001953125
VOO,2026-06-26,669.96002197265625,676.96002197265625,668.0999755859375,670.260009765625,6007600,668.54095458984375
VOO,2026-06-29,677.010009765625,681.57000732421875,672.92999267578125,681.010009765625,5703800,679.263427734375
VOO,2026-06-30,681.32000732421875,687.530029296875,680.989990234375,686.80999755859375,9892400,685.04852294921875
VOO,2026-07-01,684.72998046875,688.83001708984375,682.29998779296875,685.46002197265625,8659300,683.7020263671875
VOO,2026-07-02,686.97998046875,690.5,680.219970703125,684.84002685546875,6994700,683.0836181640625
VOO,2026-07-06,688.1099853515625,691.58001708984375,687,690.6199951171875,5610000,688.8487548828125
VOO,2026-07-07,689.58001708984375,690.239990234375,684.989990234375,687.08001708984375,4847400,685.31787109375
VOO,2026-07-08,683.0999755859375,685.84002685546875,679.72998046875,685.260009765625,4839800,683.50250244140625
VOO,2026-07-09,686.95001220703125,691.19000244140625,685.28997802734375,690.69000244140625,6423900,688.9185791015625
VOO,2026-07-10,691.25,694.33001708984375,687.6300048828125,693.8599853515625,5326400,692.0804443359375
VOO,2026-07-13,691.5999755859375,692.96002197265625,687.53997802734375,688.5,6637600,686.73419189453125
VOO,2026-07-14,690.21002197265625,692.4000244140625,688.20001220703125,691.0999755859375,4610200,689.3275146484375
VOO,2026-07-15,693.27001953125,694.5,689.58001708984375,693.79998779296875,4132800,692.02056884765625
VOO,2026-07-16,691.97998046875,693.54998779296875,687.42999267578125,690.1400146484375,4764000,688.3699951171875
VOO,2026-07-17,682.1199951171875,686.8699951171875,680.91998291015625,683.16998291015625,5679300,681.4178466796875
VOO,2026-07-20,686.66998291015625,688.20001220703125,681.57000732421875,682.21002197265625,5360300,680.4603271484375
VOO,2026-07-21,685.95001220703125,688.489990234375,684.030029296875,687.8699951171875,4075500,686.10577392578125
VOO,2026-07-22,686.28997802734375,689.4000244140625,686.02001953125,687.030029296875,3418300,685.26800537109375
VOO,2026-07-23,679.54998779296875,682.54998779296875,675.760009765625,678.6099853515625,4983100,676.8695068359375
VOO,2026-07-24,678.79998779296875,683.54998779296875,677.70001220703125,679.1400146484375,6311600,677.398193359375
VOO,2026-07-27,684.69000244140625,685.239990234375,676.4000244140625,679.30999755859375,5232200,677.5677490234375
VOO,2026-07-28,679.45001220703125,682.760009765625,676.47998046875,680.96002197265625,5090000,679.21356201171875
VOO,2026-07-29,680.1199951171875,682.6300048828125,670.15997314453125,670.6300048828125,7970700,668.9100341796875
VOO,2026-07-30,676.53997802734375,682.44000244140625,675.21002197265625,681.78997802734375,6094800,680.0413818359375
VOO,2026-07-31,684.5,688.3499755859375,678.05999755859375,686.6500244140625,7715400,684.88897705078125
VOO,2026-08-03,688.83001708984375,697.30999755859375,688.6099853515625,696.4000244140625,7283200,694.61395263671875
VOO,2026-08-04,699.15997314453125,710.90997314453125,699.07000732421875,708.97998046875,6566400,707.16162109375
VOO,2026-08-05,713.1400146484375,714.15997314453125,707.32000732421875,707.5999755859375,5225700,705.78515625
VOO,2026-08-06,707.92999267578125,709.46002197265625,705.42999267578125,706.4000244140625,4668700,704.58831787109375
VOO,2026-08-07,708.72998046875,711.3699951171875,707.44000244140625,710.71002197265625,4653100,708.88726806640625
VOO,2026-08-10,710.30999755859375,712.44000244140625,709.5,710.6500244140625,6689300,708.827392578125
VOO,2026-08-11,711.96002197265625,712,707,708.41998291015625,5169300,706.60308837890625
VOO,2026-08-12,712.1199951171875,712.260009765625,708.92999267578125,710.16998291015625,4919100,708.34857177734375
VOO,2026-08-13,712.29998779296875,716.3900146484375,711.6099853515625,714.95001220703125,4590000,713.1163330078125
VOO,2026-08-14,715.6300048828125,715.8900146484375,712.79998779296875,713.6099853515625,4236400,711.77978515625
VOO,2026-08-17,713.5,714.04998779296875,710.0999755859375,710.27001953125,5745000,708.4483642578125
VOO,2026-08-18,706.6099853515625,707.3499755859375,704.96002197265625,705.4000244140625,5278600,703.59088134765625
VOO,2026-08-19,708.19000244140625,710.0999755859375,706.0999755859375,706.90997314453125,7021800,705.096923828125
VOO,2026-08-20,704.04998779296875,706.08001708984375,700.469970703125,701.010009765625,8458600,699.21209716796875
VOO,2026-08-21,704.07000732421875,705.79998779296875,702.44000244140625,703.71002197265625,10712800,701.90521240234375
VOO,2026-08-24,702.969970703125,703.3900146484375,700.530029296875,701.83001708984375,7727600,700.030029296875
VOO,2026-08-25,704.28997802734375,704.84002685546875,701.45001220703125,704.02001953125,4315600,702.21441650390625
VOO,2026-08-26,702.9000244140625,705.32000732421875,702.22998046875,704.20001220703125,7157800,702.3939208984375
VOO,2026-08-27,706.3900146484375,709.96002197265625,705.21002197265625,708.75,6745700,706.9322509765625
VOO,2026-08-28,709.3900146484375,712.66998291015625,706.260009765625,707.239990234375,8084500,705.42608642578125
VOO,2026-08-31,705.3599853515625,705.94000244140625,702.96002197265625,704.8900146484375,5733400,703.0821533203125
VOO,2026-09-01,700.45001220703125,702.90997314453125,698.1400146484375,700.280029296875,6486900,698.4840087890625
VOO,2026-09-02,700.8499755859375,704.530029296875,700.17999267578125,703.40997314453125,7742300,701.60589599609375
VOO,2026-09-03,705.82000732421875,711.52001953125,705.510009765625,710.719970703125,8585400,708.89715576171875
VOO,2026-09-04,709.719970703125,710.45001220703125,706.9000244140625,708.010009765625,6806600,706.19415283203125
VOO,2026-09-08,706.97998046875,707.510009765625,703.3699951171875,704.07000732421875,7827600,702.2642822265625
VOO,2026-09-09,702.3499755859375,702.71002197265625,699.489990234375,700.8699951171875,4293300,699.07244873046875
VOO,2026-09-10,696.780029296875,698.6400146484375,695.53997802734375,696.6500244140625,18313400,694.86328125
VOO,2026-09-11,703,704.5,701.92999267578125,702.55999755859375,5792000,700.75811767578125
VOO,2026-09-14,697.780029296875,701.8499755859375,696.719970703125,699.29998779296875,6801300,697.5064697265625
VOO,2026-09-15,698.77001953125,698.94000244140625,695.09002685546875,696.20001220703125,9657900,694.4144287109375
VOO,2026-09-16,698.16998291015625,700.0999755859375,689.03997802734375,693.239990234375,14168400,691.4620361328125
VOO,2026-09-17,701.5999755859375,701.8800048828125,698.6099853515625,701.030029296875,9903400,699.2320556640625
VOO,2026-09-18,701.58001708984375,702.19000244140625,698.5,701.780029296875,9586400,699.98016357421875
VOO,2026-09-21,706.19000244140625,714.08001708984375,705.96002197265625,712.780029296875,8859800,710.95196533203125
VOO,2026-09-22,713.280029296875,714.29998779296875,711.97998046875,712.780029296875,20719800,710.95196533203125
VOO,2026-09-23,712.1400146484375,712.3800048828125,706.3599853515625,707.5999755859375,13808900,705.78515625
VOO,2026-09-24,704.07000732421875,708.59002685546875,703.3499755859375,706.989990234375,9419700,705.1767578125
VOO,2026-09-25,708.44000244140625,711.6500244140625,706.17999267578125,710.78997802734375,5462300,708.96697998046875
VOO,2026-09-28,706.28997802734375,707.33001708984375,701.969970703125,703.6099853515625,8539400,703.6099853515625
VOO,2026-09-29,704.82000732421875,705,700.739990234375,702.46002197265625,7643300,702.46002197265625
VOO,2026-09-30,704.58001708984375,707.20001220703125,700.55999755859375,700.8599853515625,9876100,700.8599853515625
VOO,2026-10-01,702.55999755859375,703.72998046875,697.469970703125,702.3499755859375,8433700,702.3499755859375
VOO,2026-10-02,708.30999755859375,710.20001220703125,705.1199951171875,707.53997802734375,6607300,707.53997802734375
VOO,2026-10-05,707.44000244140625,713.8599853515625,707.41998291015625,712.32000732421875,6163600,712.32000732421875
VOO,2026-10-06,715.21002197265625,718.469970703125,715.09002685546875,716.20001220703125,4568400,716.20001220703125
VOO,2026-10-07,713.05999755859375,715.05999755859375,711.05999755859375,714.34002685546875,4666900,714.34002685546875
VOO,2026-10-08,712.25,714.27001953125,708.15997314453125,711.280029296875,4763300,711.280029296875
VOO,2026-10-09,713.53997802734375,716.44000244140625,712.53997802734375,715.59002685546875,4341800,715.59002685546875
